Rel Start (s),Rel End (s),Interval Duration,Syncs,Acks,Data Packets,Missing Slots,Max Data Gap,Min Data Gap
0.0,40.900549,40.900549,1,3,62,0,1.318783,0.201023
44.015224,50.895275,6.880051,1,3,11,3,1.052199,0.232109
54.02059,112.964101,58.943511,1,3,90,1,1.325758,0.213593
116.051881,122.972767,6.920886,1,3,12,1,1.271773,0.231064
124.055245,138.980028,14.924783,1,1,22,1,1.099466,0.322948
140.062862,141.887705,1.824843,1,1,2,1,1.045268,1.045268
144.064497,146.927352,2.862855,1,3,6,6,1.449827,0.082911
150.068399,165.03557,14.967171,1,3,24,3,1.268584,0.143883
168.078057,168.857377,0.77932,1,3,2,2,0.463995,0.463995
172.078388,193.070568,20.99218,1,3,34,5,1.232407,0.08283
196.092345,198.943349,2.851004,1,3,6,8,1.472489,0.0707
200.09352,261.123545,61.030025,1,1,91,2,1.546943,0.210906
264.126187,265.948638,1.822451,1,3,2,1,1.043322,1.043322
266.127136,305.147157,39.020021,1,1,58,3,1.541783,0.230088
308.148211,310.927395,2.779184,1,3,6,3,1.473966,0.068141
314.15145,317.262494,3.111044,1,3,7,8,1.466812,0.054084
320.154395,323.279466,3.125071,1,3,7,8,1.484652,0.057365
326.157438,415.184053,89.026615,1,3,134,1,1.571973,0.231061
418.204527,421.051168,2.846641,1,3,6,8,1.471034,0.066002
424.207522,426.030455,1.822933,1,3,3,3,0.989829,0.054336
426.208073,485.124728,58.916655,1,1,88,2,2.003378,0.22682
488.240152,491.063499,2.823347,1,3,6,7,1.471157,0.04414
494.243018,497.082952,2.839934,1,3,6,6,1.46392,0.060685
500.247978,503.377876,3.129898,1,3,7,7,1.491112,0.049865
506.250301,551.234249,44.983948,1,3,69,1,1.267907,0.276017
554.27322,557.123691,2.850471,1,3,6,8,1.427863,0.069478
558.276086,561.134164,2.858078,1,2,6,6,1.461367,0.079076
564.281072,567.388959,3.107887,1,3,7,6,1.466925,0.051514
570.283108,573.115449,2.832341,1,3,6,8,1.492053,0.049052
576.285341,579.146049,2.860708,1,3,6,7,1.461993,0.080751
582.288933,584.113168,1.824235,1,3,5,5,0.687347,0.080417
586.290392,589.12175,2.831358,1,3,6,6,1.487929,0.052946
592.293633,594.114676,1.821043,1,3,4,4,0.958501,0.085044
596.295708,598.120624,1.824916,1,3,3,3,0.999674,0.046342
598.296569,607.214622,8.918053,1,1,15,1,1.315741,0.22587
610.304129,613.17243,2.868301,1,3,6,6,1.470794,0.071877
616.306813,620.130342,3.823529,1,3,8,6,1.462988,0.059415
622.308555,624.132238,1.823683,1,3,5,5,0.710006,0.057012
624.309712,660.449797,36.140085,1,1,55,1,1.285103,0.230635
664.330815,771.055507,106.724692,1,3,162,5,1.475557,0.066459
774.387447,777.226409,2.838962,1,3,6,6,1.50205,0.04001
780.390375,782.213174,1.822799,1,3,2,3,1.043861,1.043861
784.392915,817.120597,32.727682,1,3,52,2,1.369954,0.074725
820.411399,823.27585,2.864451,1,3,6,8,1.4596,0.081075
824.413811,826.237461,1.82365,1,1,2,1,1.044841,1.044841
828.415586,831.279877,2.864291,1,3,6,5,1.460167,0.081826
832.417462,849.137854,16.720392,1,1,26,1,1.281733,0.075579
852.428902,855.289443,2.860541,1,3,6,6,1.445964,0.080568
858.431399,860.253313,1.821914,1,3,4,6,0.961928,0.083065
862.433492,866.25823,3.824738,1,3,7,9,1.460625,0.080742
868.436633,887.36255,18.925917,1,3,29,3,1.275368,0.264651
890.447118,893.27726,2.830142,1,3,6,6,1.469872,0.05058
896.449921,899.311406,2.861485,1,3,6,6,1.49268,0.05016
902.454108,905.282323,2.828215,1,2,6,6,1.501915,0.041078
908.457045,911.297632,2.840587,1,3,6,8,1.486384,0.059958
914.460976,943.19574,28.734764,1,3,45,2,1.281965,0.082951
944.474577,946.296735,1.822158,1,1,2,1,1.044337,1.044337
948.478119,951.31548,2.837361,1,3,6,5,1.477797,0.057328
954.480108,956.305448,1.82534,1,3,3,3,0.990669,0.054765
956.48205,981.205126,24.723076,1,1,38,2,1.235347,0.07585
982.494754,984.320116,1.825362,1,1,2,1,1.045899,1.045899
986.497454,989.326945,2.829491,1,3,6,8,1.476761,0.050348
992.499087,995.355257,2.85617,1,3,6,6,1.484965,0.057181
998.503486,1001.632893,3.129407,1,3,7,5,1.469294,0.072282
1004.506333,1006.318885,1.812552,1,3,3,4,0.928718,0.082962
1008.507908,1085.38968,76.881772,1,3,116,1,1.538054,0.075789
1088.549345,1091.396702,2.847357,1,3,6,6,1.4732,0.067138
1094.554143,1097.415767,2.861624,1,3,6,5,1.460373,0.081629
1098.556018,1100.379967,1.823949,1,1,2,1,1.044888,1.044888
1100.556203,1103.457415,2.901212,1,1,6,6,1.427969,0.070585
1106.559829,1109.407882,2.848053,1,3,6,6,1.488952,0.054592
1112.562315,1115.450857,2.888542,1,3,7,2,1.217935,0.049089
1118.566224,1121.438188,2.871964,1,3,7,3,1.199201,0.056897
1124.569273,1161.378629,36.809356,1,3,55,6,1.935283,0.075995
1162.588238,1164.410847,1.822609,1,1,2,1,1.044396,1.044396
1166.589822,1169.430854,2.841032,1,3,6,6,1.485412,0.055111
1172.5935,1175.695065,3.101565,1,3,6,7,1.548035,0.043107
1178.596453,1179.448644,0.852191,1,3,3,3,0.498474,0.037178
1182.597596,1186.467692,3.870096,1,3,7,7,1.440356,0.057374
1186.601806,1190.44344,3.841634,1,1,8,6,1.42832,0.069497
1190.603412,1193.509584,2.906172,1,1,6,3,1.181839,0.078871
1196.605906,1200.524542,3.918636,1,3,8,6,1.487391,0.050495
1202.609572,1204.43159,1.822018,1,3,4,5,0.961272,0.083645
1206.611134,1207.390566,0.779432,1,3,2,1,0.463051,0.463051
1210.613285,1213.45825,2.844965,1,3,6,7,1.474136,0.065138
1216.61632,1219.737933,3.121613,1,3,7,8,1.492422,0.049358
1222.620183,1225.482028,2.861845,1,3,6,8,1.452113,0.080872
1228.62223,1247.596556,18.974326,1,3,31,6,1.269793,0.041799
1250.634904,1252.45742,1.822516,1,3,4,6,0.967822,0.076623
1254.635749,1257.493691,2.857942,1,3,6,6,1.493475,0.048775
1260.638724,1261.528769,0.890045,1,3,3,2,0.498098,0.074878
1264.64165,1268.466475,3.824825,1,3,8,8,1.477447,0.060936
1270.644592,1272.46667,1.822078,1,3,4,4,0.988158,0.055445
1274.646073,1276.470665,1.824592,1,3,4,3,0.985354,0.059714
1278.648542,1281.491934,2.843392,1,3,6,5,1.457753,0.062404
1284.651872,1287.521227,2.869355,1,3,6,6,1.457762,0.086213
1288.6531,1290.478332,1.825232,1,1,2,1,1.045951,1.045951
1290.654568,1293.54016,2.885592,1,1,6,6,1.44049,0.058319
1296.656432,1301.535529,4.879097,1,3,10,3,1.198692,0.059555
1302.661117,1313.548696,10.887579,1,1,17,1,1.281495,0.18462
1316.668983,1319.562819,2.893836,1,3,4,2,1.547884,0.076916
1322.670409,1324.493387,1.822978,1,3,4,6,0.963057,0.080434
1326.672675,1328.497832,1.825157,1,3,4,6,0.99301,0.05249
1330.676802,1339.515787,8.838985,1,3,16,4,1.190207,0.082928
1342.68095,1344.505038,1.824088,1,3,3,3,0.965506,0.080417
1346.683359,1348.507828,1.824469,1,3,2,2,1.045867,1.045867
1350.685297,1352.50829,1.822993,1,3,4,3,0.690227,0.076792
1352.685684,1354.554876,1.869192,1,1,3,2,1.044411,0.508986
1356.688421,1359.815373,3.126952,1,3,7,5,1.468747,0.069372
1362.692233,1363.583278,0.891045,1,3,3,1,0.499444,0.075996
1366.694281,1368.519294,1.825013,1,3,4,5,0.983955,0.061347
1370.696607,1373.534913,2.838306,1,3,6,6,1.496263,0.045618
1376.699103,1379.538152,2.839049,1,3,6,8,1.500701,0.04262
1382.702757,1385.55695,2.854193,1,3,6,8,1.460733,0.072994
1388.705399,1391.5779,2.872501,1,3,6,8,1.482174,0.060436
1394.708898,1396.532807,1.823909,1,3,3,3,1.001984,0.043891
1398.709845,1401.56381,2.853965,1,3,6,8,1.481042,0.062831
1404.713551,1406.536694,1.823143,1,3,5,3,0.703006,0.067668
1408.715651,1410.53775,1.822099,1,3,3,3,0.975036,0.068996
1412.717644,1416.543049,3.825405,1,3,7,7,1.503513,0.038065
1418.720872,1443.624161,24.903289,1,3,37,4,1.547036,0.075026
1446.736035,1449.584119,2.848084,1,3,6,8,1.459053,0.06899
1452.738027,1455.886105,3.148078,1,3,7,3,1.173088,0.046419
1458.740684,1461.574485,2.833801,1,3,6,8,1.491735,0.050591
1466.74558,1468.569821,1.824241,1,3,3,3,0.996933,0.049015
1470.74727,1471.643753,0.896483,1,3,3,3,0.497214,0.082221
1474.750855,1477.662813,2.911958,1,3,5,3,1.505178,0.096245
1480.752528,1482.576753,1.824225,1,3,4,3,0.972214,0.072986
1484.754523,1487.595088,2.840565,1,3,6,8,1.489336,0.060469
1490.757525,1495.658657,4.901132,1,3,10,3,1.230561,0.075863
1498.761031,1500.584067,1.823036,1,3,3,5,0.981473,0.064181
1502.764497,1505.606313,2.841816,1,3,6,8,1.485789,0.057124
1508.767813,1511.623777,2.855964,1,3,6,8,1.459374,0.07652
1514.769432,1523.665735,8.896303,1,3,14,1,1.275829,0.075555
1526.777056,1551.505866,24.72881,1,3,37,5,1.508002,0.076801
1554.791531,1557.883771,3.09224,1,3,7,7,1.487103,0.047823
1560.794458,1562.696099,1.901641,1,3,4,3,1.044941,0.04093
1564.794611,1565.645566,0.850955,1,3,3,1,0.500408,0.032895
1568.796966,1570.619544,1.822578,1,3,3,2,0.979689,0.065219
1572.800081,1576.625544,3.825463,1,3,7,7,1.448984,0.068086
1578.802851,1579.699482,0.896631,1,3,3,3,0.501552,0.080003
1582.803858,1585.629444,2.825586,1,3,6,3,1.501105,0.041213
1588.809359,1591.657926,2.848567,1,2,6,6,1.484805,0.057079
1594.81128,1596.63345,1.82217,1,3,4,6,0.961104,0.082072
1596.81215,1615.782806,18.970656,1,1,30,1,1.272547,0.271841
1618.824151,1643.803151,24.979,1,3,40,5,1.26591,0.092976
1646.837973,1647.737583,0.89961,1,2,3,1,0.4985,0.083553
1650.84146,1652.665534,1.824074,1,3,4,6,1.003058,0.041971
1654.843344,1659.746135,4.902791,1,3,9,1,1.230984,0.084747
1662.846423,1664.715376,1.868953,1,3,4,3,0.988576,0.057776
1666.848349,1667.629267,0.780918,1,3,2,2,0.46329,0.46329
1670.851299,1672.67441,1.823111,1,3,3,2,0.9794,0.066218
1674.852918,1677.995629,3.142711,1,3,7,5,1.180712,0.085761
1680.855182,1695.802731,14.947549,1,3,25,3,1.284037,0.077752
1696.86384,1698.685265,1.821425,1,1,2,1,1.043589,1.043589
1700.866352,1702.689895,1.823543,1,3,3,4,1.000197,0.045868
1704.867061,1717.810568,12.943507,1,3,21,3,1.277637,0.076948
1718.874973,1720.698237,1.823264,1,1,2,1,1.044901,1.044901
1722.876472,1725.699368,2.822896,1,3,6,5,1.501398,0.039362
1728.879614,1731.747517,2.867903,1,3,6,7,1.479194,0.06293
1734.884323,1737.66378,2.779457,1,3,6,5,1.480519,0.06307
1740.886126,1742.754614,1.868488,1,3,3,4,1.046215,0.506748
1744.887753,1747.66723,2.779477,1,3,5,5,1.493784,0.049098
1750.892039,1753.672531,2.780492,1,3,6,5,1.483927,0.044669
1754.892846,1756.760048,1.867202,1,1,4,4,0.978347,0.066318
1756.895146,1757.210904,0.315758,1,1,1,1,0.0,0.0
1760.895857,1767.991516,7.095659,1,3,12,9,1.725811,0.064038
1768.900757,1770.725273,1.824516,1,1,2,1,1.045467,1.045467
1772.90237,1775.753476,2.851106,1,3,6,8,1.493459,0.051331
1778.906464,1781.75548,2.849016,1,3,5,7,1.548344,0.047607
1784.908717,1786.731791,1.823074,1,3,5,5,0.716322,0.054663
1788.911734,1789.733602,0.821868,1,3,2,3,0.505424,0.505424
1790.911598,1792.736268,1.82467,1,1,2,1,1.0444,1.0444
1794.914755,1797.776158,2.861403,1,3,6,5,1.488277,0.053438
1800.917396,1807.865019,6.947623,1,3,13,3,1.286566,0.071341
1810.922358,1812.747172,1.824814,1,3,4,4,0.696741,0.074241
1814.924988,1817.77608,2.851092,1,3,6,5,1.498405,0.045084
1820.927109,1823.80311,2.876001,1,3,5,4,1.503667,0.059122
1824.928871,1826.751053,1.822182,1,1,2,1,1.044651,1.044651
1828.932183,1831.748412,2.816229,1,3,6,6,1.499287,0.037021
1834.934692,1836.757874,1.823182,1,3,4,5,0.964077,0.080824
1836.935722,1839.825291,2.889569,1,1,7,5,1.147975,0.063306
1842.939771,1843.717643,0.777872,1,3,2,3,0.462527,0.462527
1846.941919,1849.722567,2.780648,1,3,5,6,1.460197,0.081781
1850.942518,1859.825288,8.88277,1,1,14,1,1.278355,0.24096
1862.949074,1864.759756,1.810682,1,3,4,6,0.888692,0.102688
1866.951599,1868.776271,1.824672,1,3,4,4,0.731045,0.038618
1870.952202,1871.833124,0.880922,1,3,3,3,0.499281,0.063788
1874.955126,1878.780539,3.825413,1,3,7,9,1.479863,0.062057
1880.958142,1882.78388,1.825738,1,3,3,2,0.977165,0.06924
1884.960749,1886.783331,1.822582,1,3,4,5,0.973992,0.070353
1888.961913,1891.743871,2.781958,1,3,5,5,1.507292,0.065483
1894.966082,1896.78879,1.822708,1,3,2,1,1.044632,1.044632
1898.968076,1901.857171,2.889095,1,3,6,6,1.453509,0.088362
1904.969748,1907.835274,2.865526,1,3,6,7,1.459612,0.080707
1910.973771,1914.797703,3.823932,1,3,7,6,1.483654,0.058782
1916.975676,1918.799509,1.823833,1,3,4,4,0.682058,0.086336
1920.978859,1921.853908,0.875049,1,3,3,3,0.501261,0.058022
1924.981221,1926.80436,1.823139,1,3,3,2,0.986048,0.058898
1928.983023,1931.839297,2.856274,1,3,6,7,1.474296,0.068966
1934.985486,1936.810515,1.825029,1,3,4,3,0.988524,0.057741
1938.988417,1941.841251,2.852834,1,3,6,5,1.475887,0.065374
1944.99204,1949.892978,4.900938,1,3,10,2,1.188756,0.078036
1952.995843,1954.818398,1.822555,1,3,3,5,0.983961,0.061172
1956.998215,1958.821758,1.823543,1,2,5,3,0.71641,0.053242
1958.998654,1961.871233,2.872579,1,1,6,6,1.436636,0.050685
1965.002142,1967.83604,2.833898,1,3,6,8,1.467123,0.053897
1971.005092,1972.828522,1.82343,1,3,2,1,1.044664,1.044664
1979.008452,1981.925873,2.917421,1,3,7,3,1.271051,0.08249
1985.01217,1985.908547,0.896377,1,3,3,3,0.500321,0.07952
1989.014456,1991.853742,2.839286,1,3,6,6,1.483479,0.058328
1995.0176,1999.910436,4.892836,1,3,6,2,2.000927,0.074729
2003.021667,2003.909695,0.888028,1,3,3,1,0.499221,0.072399
2007.022813,2009.903076,2.880263,1,3,6,8,1.422584,0.055034
2013.026305,2019.86109,6.834785,1,3,13,4,1.233111,0.057136
2021.031328,2022.855067,1.823739,1,1,2,1,1.044273,1.044273
2025.032326,2027.880179,2.847853,1,3,6,7,1.490168,0.051417
2031.035287,2032.858632,1.823345,1,3,2,0,1.04467,1.04467
2035.039027,2037.892362,2.853335,1,3,6,5,1.465712,0.07349
2041.040873,2042.864483,1.82361,1,3,3,4,0.990484,0.054218
2045.042823,2047.868895,2.826072,1,3,7,3,1.184417,0.082277
2051.045729,2052.869813,1.824084,1,3,3,2,0.964464,0.079683
2055.048254,2057.910233,2.861979,1,3,6,6,1.459381,0.081753
2059.050554,2069.771469,10.720915,1,1,17,1,1.277885,0.082194
2073.05761,2075.893633,2.836023,1,3,6,6,1.465557,0.057018
2079.060265,2082.166242,3.105977,1,3,7,8,1.46617,0.075127
2085.064225,2086.887163,1.822938,1,3,3,3,0.975724,0.069696
2089.065228,2092.18278,3.117552,1,3,7,5,1.472228,0.060257
2095.068179,2098.183148,3.114969,1,3,7,6,1.477628,0.058308
2101.072187,2103.942648,2.870461,1,3,6,5,1.484554,0.058863
2107.07464,2108.899459,1.824819,1,3,4,6,0.96653,0.079453
2111.076787,2127.967846,16.891059,1,3,28,4,1.28018,0.061223
2131.088213,2132.90978,1.821567,1,3,3,5,0.981053,0.062996
2135.089677,2137.01354,1.923863,1,3,4,1,1.045958,0.062822
2137.091048,2139.962583,2.871535,1,1,6,6,1.420177,0.048154
2143.093499,2145.872247,2.778748,1,3,6,4,1.480985,0.061671
2149.095599,2150.920508,1.824909,1,2,4,4,0.997741,0.047183
2151.097452,2153.990323,2.892871,1,1,6,6,1.428426,0.067997
2157.100262,2159.95151,2.851248,1,2,6,5,1.461998,0.071955
2163.104306,2165.967385,2.863079,1,3,6,8,1.485415,0.056304
2169.106415,2171.972889,2.866474,1,3,6,6,1.459575,0.083253
2175.109211,2177.890506,2.781295,1,3,6,4,1.476858,0.064017
2179.112287,2180.935755,1.823468,1,1,2,1,1.04531,1.04531
2181.112938,2181.934961,0.822023,1,1,2,2,0.5058,0.5058
2183.114488,2183.931969,0.817481,1,1,1,1,0.0,0.0
2187.115578,2188.020993,0.905415,1,3,3,1,0.500028,0.08936
2191.117021,2193.97989,2.862869,1,3,6,5,1.460348,0.08142
2195.120815,2209.843348,14.722533,1,1,23,1,1.286823,0.076338
2213.129887,2215.991041,2.861154,1,3,6,8,1.453513,0.081519
2219.132508,2222.277831,3.145323,1,3,7,7,1.446646,0.084907
2225.134853,2226.028766,0.893913,1,3,3,2,0.49944,0.07748
2229.137631,2232.012882,2.875251,1,3,6,6,1.419799,0.089366
2235.141284,2236.037857,0.896573,1,3,3,2,0.499277,0.081293
2239.142263,2242.025316,2.883053,1,2,7,5,1.472749,0.061064
2245.146162,2263.851929,18.705767,1,3,30,5,1.240153,0.054743
2267.157018,2284.042868,16.88585,1,3,25,1,1.724428,0.241249
2287.167447,2298.012598,10.845151,1,3,19,3,1.230598,0.047099
2301.174149,2304.038372,2.864223,1,3,6,8,1.460225,0.081865
2307.178783,2308.087935,0.909152,1,3,3,3,0.50077,0.091766
2311.180356,2313.003436,1.82308,1,3,3,4,0.96727,0.077659
2315.182217,2315.960116,0.777899,1,3,1,3,0.0,0.0
2321.183546,2326.078055,4.894509,1,2,5,2,2.00204,0.075714
2329.189265,2347.117921,17.928656,1,3,28,3,1.275066,0.235998
2349.198997,2351.024734,1.825737,1,3,3,2,0.977947,0.068343
2353.201239,2356.037639,2.8364,1,3,6,5,1.478921,0.057768
2359.205272,2363.909596,4.704324,1,3,8,1,1.049884,0.068244
2367.208218,2369.030475,1.822257,1,3,4,3,0.980579,0.063866
2371.211515,2374.349412,3.137897,1,3,7,7,1.455266,0.081611
2377.214232,2379.038461,1.824229,1,3,3,3,0.99753,0.046921
2381.215222,2392.111617,10.896395,1,3,17,1,1.276208,0.076295
2393.222607,2395.046278,1.823671,1,1,2,1,1.045117,1.045117
2397.224377,2398.108358,0.883981,1,3,3,3,0.500078,0.068319
2401.22549,2403.049334,1.823844,1,3,3,4,0.983668,0.061686
2405.228808,2406.100468,0.87166,1,3,3,3,0.499701,0.055531
2409.231448,2413.055962,3.824514,1,3,7,7,1.488484,0.053893
2415.232844,2416.093935,0.861091,1,3,3,3,0.501279,0.043518
2419.236775,2422.098036,2.861261,1,3,6,8,1.461064,0.080464
2425.238699,2429.064199,3.8255,1,3,7,8,1.488471,0.052508
2431.242636,2434.080663,2.838027,1,3,6,8,1.491085,0.049942
2437.244782,2441.071298,3.826516,1,3,7,7,1.547667,0.061282
2443.246984,2444.104072,0.857088,1,3,3,1,0.498377,0.041936
2447.24864,2450.147018,2.898378,1,3,7,5,1.207585,0.057883
2453.253903,2456.0774,2.823497,1,3,6,8,1.473184,0.044825
2459.255718,2462.10893,2.853212,1,3,6,6,1.547338,0.072133
2463.258031,2464.079501,0.82147,1,1,2,2,0.504884,0.504884
2467.261233,2468.039261,0.778028,1,3,2,4,0.461319,0.461319
2469.262052,2471.08514,1.823088,1,1,2,1,1.045328,1.045328
2473.263564,2475.085619,1.822055,1,3,3,3,0.973675,0.069632
2477.265581,2478.14135,0.875769,1,3,3,3,0.49833,0.061569
2481.267124,2483.090466,1.823342,1,3,3,3,0.998477,0.046126
2485.27052,2488.050735,2.780215,1,3,6,4,1.498388,0.045202
2491.272969,2494.152573,2.879604,1,3,6,6,1.459659,0.053504
2499.277661,2502.139782,2.862121,1,3,6,7,1.453692,0.083244
2505.280605,2508.129814,2.849209,1,3,6,8,1.493535,0.049365
2511.283479,2513.105967,1.822488,1,3,3,5,0.968277,0.077018
2517.286671,2519.090289,1.803618,1,3,4,4,0.936834,0.101992
2521.288162,2523.112212,1.82405,1,3,3,5,0.983232,0.062773
2525.290581,2527.113545,1.822964,1,3,4,5,0.99961,0.045477
2529.29152,2530.177846,0.886326,1,3,3,3,0.49921,0.069978
2533.295102,2537.119442,3.82434,1,3,7,7,1.492405,0.049258
2537.296389,2541.166299,3.86991,1,1,7,7,1.417791,0.080282
2543.299091,2545.236327,1.937236,1,3,4,1,1.046215,0.075247
2547.302031,2549.126152,1.824121,1,3,3,4,1.044684,0.46409
2551.305013,2554.083019,2.778006,1,3,6,6,1.479037,0.06505
2557.307902,2561.172668,3.864766,1,3,4,2,2.002162,0.074891
2563.311059,2565.135586,1.824527,1,3,5,3,0.688686,0.07964
2567.312626,2570.169719,2.857093,1,3,5,6,1.544667,0.059158
2573.314525,2574.205901,0.891376,1,3,3,1,0.498106,0.075554
2577.317697,2578.140037,0.82234,1,3,2,4,0.506869,0.506869
2581.319881,2582.097961,0.77808,1,3,2,1,0.461794,0.461794
2585.32203,2586.227611,0.905581,1,3,3,3,0.500834,0.089552
2589.323439,2592.149469,2.82603,1,3,6,5,1.483604,0.053539
2595.326911,2599.151706,3.824795,1,3,7,9,1.468324,0.017527
2601.329868,2604.159935,2.830067,1,3,5,4,1.547134,0.05003
2607.332527,2608.110615,0.778088,1,3,1,3,0.0,0.0
2611.335366,2612.221676,0.88631,1,3,3,0,0.49779,0.071172
2615.337736,2617.160711,1.822975,1,3,4,5,0.983227,0.034591
2619.339662,2622.165162,2.8255,1,3,5,0,1.475987,0.074202
2625.34256,2627.165385,1.822825,1,3,3,5,0.989179,0.055638
2629.344224,2630.376959,1.032735,1,3,3,2,0.49973,0.216055
2633.347321,2633.504117,0.156796,1,1,1,1,0.0,0.0
2637.349323,2641.174375,3.825052,1,3,7,9,1.432594,0.07555
2641.350678,2644.21395,2.863272,1,1,6,6,1.388593,0.025598
2647.354242,2649.207446,1.853204,1,3,4,4,1.018222,0.05608
2651.356501,2654.198423,2.841922,1,3,6,8,1.422921,0.055051
2657.35927,2658.23431,0.87504,1,3,3,3,0.499431,0.05819
2661.361777,2664.204765,2.842988,1,3,6,6,1.546552,0.063107
2667.364135,2669.193225,1.82909,1,3,3,5,0.993818,0.056788
2671.366545,2674.227088,2.860543,1,3,6,5,1.461278,0.080201
2677.370555,2679.203347,1.832792,1,3,4,5,1.011222,0.036599
2681.373086,2683.195543,1.822457,1,3,3,2,0.961626,0.083202
2685.373529,2688.241689,2.86816,1,3,6,5,1.494389,0.050458
2691.377286,2694.301809,2.924523,1,3,7,8,1.469803,0.060639
2695.379979,2697.203668,1.823689,1,1,2,1,1.046038,1.046038
2697.380425,2698.280158,0.899733,1,1,2,1,0.083746,0.083746
2701.382713,2704.252712,2.869999,1,3,6,6,1.460225,0.081311
2707.386031,2710.230444,2.844413,1,3,6,6,1.495816,0.04606
2713.389123,2716.240061,2.850938,1,3,6,6,1.495842,0.047601
2719.391426,2722.328245,2.936819,1,3,7,7,1.452649,0.076663
2723.395287,2724.173049,0.777762,1,1,1,1,0.0,0.0
2725.395445,2726.217019,0.821574,1,1,2,2,0.505851,0.505851
2727.396181,2729.218276,1.822095,1,1,2,1,1.044791,1.044791
2731.397895,2735.222625,3.82473,1,3,8,7,1.492599,0.048596
2737.401094,2738.341486,0.940392,1,3,4,4,0.461503,0.075181
2741.403977,2745.227932,3.823955,1,3,8,6,1.472036,0.069704
2747.407022,2750.588503,3.181481,1,3,7,5,1.441528,0.055113
2753.409849,2754.303015,0.893166,1,3,3,0,0.50037,0.077598
2757.411722,2758.345809,0.934087,1,3,4,1,0.499835,0.049581
2761.414892,2764.268322,2.85343,1,3,6,8,1.497375,0.045133
2767.416067,2770.195135,2.779068,1,3,6,4,1.454421,0.041094
2773.420798,2776.255777,2.834979,1,3,6,6,1.485149,0.055158
2779.423046,2782.243086,2.82004,1,3,6,6,1.409674,0.040294
2785.426106,2788.274906,2.8488,1,3,6,6,1.484915,0.058494
2791.429014,2794.3107,2.881686,1,3,6,5,1.484784,0.058936
2797.432539,2799.255542,1.823003,1,3,4,6,0.974057,0.071596
2801.435378,2803.257826,1.822448,1,3,3,3,0.953869,0.090706
2805.437128,2809.263855,3.826727,1,3,7,6,1.480453,0.042596
2811.440048,2814.350823,2.910775,1,3,5,3,1.547286,0.078673
2817.442827,2818.335228,0.892401,1,3,3,3,0.499493,0.076743
2821.446238,2823.267009,1.820771,1,3,2,1,1.044576,1.044576
2827.448123,2829.270294,1.822171,1,3,3,4,0.992219,0.052616
2831.450434,2834.294336,2.843902,1,3,6,8,1.457989,0.064124
2837.454666,2839.278197,1.823531,1,3,4,5,0.969977,0.075726
2841.455228,2844.393304,2.938076,1,3,7,7,1.460212,0.07576
2847.458338,2850.310361,2.852023,1,3,6,8,1.496804,0.043587
2853.462261,2857.287698,3.825437,1,3,7,7,1.435602,0.057123
2861.466059,2863.29008,1.824021,1,3,4,6,0.963118,0.082243
2865.467405,2867.29108,1.823675,1,3,3,5,0.948532,0.096468
2869.469934,2872.294563,2.824629,1,3,6,6,1.42018,0.076301
2875.473172,2878.254908,2.781736,1,3,6,4,1.50031,0.040067
2881.476404,2884.336351,2.859947,1,3,6,5,1.466428,0.075665
2885.478756,2887.301499,1.822743,1,1,2,1,1.043986,1.043986
2887.479948,2888.302279,0.822331,1,1,2,2,0.507129,0.507129
2891.481657,2894.262532,2.780875,1,3,5,6,1.518572,0.054126
2895.48337,2897.306017,1.822647,1,1,2,1,1.04478,1.04478
2899.487359,2900.385365,0.898006,1,3,2,2,0.082674,0.082674
2901.48778,2904.476925,2.989145,1,1,5,4,1.547977,0.042596
2905.488178,2907.312367,1.824189,1,1,2,1,1.045406,1.045406
2909.491379,2912.34255,2.851171,1,3,6,6,1.466451,0.071168
2915.495475,2916.425614,0.930139,1,3,4,4,0.464031,0.075159
2919.496072,2922.358814,2.862742,1,3,6,7,1.460438,0.082677
2923.498424,2924.391003,0.892579,1,1,2,1,0.074657,0.074657
2925.499096,2926.403675,0.904579,1,1,2,1,0.088697,0.088697
2929.501208,2930.392397,0.891189,1,3,3,3,0.498355,0.074633
2933.504606,2934.40725,0.902644,1,3,3,2,0.499586,0.087648
2935.504987,2937.327955,1.822968,1,1,2,1,1.045821,1.045821
2937.505825,2938.440903,0.935078,1,1,3,1,0.544361,0.075154
2939.506183,2941.329161,1.822978,1,1,2,1,1.045654,1.045654
2941.50806,2944.486207,2.978147,1,1,7,6,1.431849,0.066649
2947.512239,2950.329645,2.817406,1,3,6,8,1.475948,0.037602
2953.513763,2955.337929,1.824166,1,3,2,0,1.046177,1.046177
2959.517036,2961.338833,1.821797,1,3,3,2,0.974546,0.068191
2963.520144,2966.396719,2.876575,1,3,6,5,1.472376,0.059859
2969.522446,2972.353644,2.831198,1,3,6,8,1.501899,0.041056
2975.525402,2977.350611,1.825209,1,3,3,5,0.982544,0.063617
2979.528085,2980.305448,0.777363,1,3,2,2,0.461511,0.461511
2983.529721,2986.393645,2.863924,1,3,5,6,1.547727,0.077169
2987.531226,2989.404397,1.873171,1,1,3,1,0.973939,0.082216
2991.533396,2994.359194,2.825798,1,3,6,5,1.482466,0.047151
2997.537245,3000.380425,2.84318,1,3,6,5,1.47802,0.063129
3003.540088,3004.444734,0.904646,1,3,4,2,0.501232,0.041584
3007.541809,3009.363689,1.82188,1,3,4,3,0.982901,0.061659
3011.545466,3014.406738,2.861272,1,3,6,5,1.459982,0.081689
3017.547691,3020.382768,2.835077,1,3,6,5,1.468328,0.053619
3023.550857,3026.405461,2.854604,1,3,6,8,1.482051,0.061141
3029.554161,3030.475865,0.921704,1,3,4,5,0.462608,0.067184
3033.556219,3035.378713,1.822494,1,3,3,2,0.982159,0.063141
3037.557523,3039.380604,1.823081,1,3,3,2,0.97226,0.072679
3041.559521,3042.477647,0.918126,1,3,4,1,0.499399,0.034061
3043.56175,3045.38658,1.82483,1,1,2,1,1.045113,1.045113
3045.562443,3048.449369,2.886926,1,1,6,6,1.42666,0.062471
3051.564927,3054.4155,2.850573,1,3,6,6,1.485182,0.05564
3057.568039,3060.41232,2.844281,1,3,6,6,1.483609,0.059642
3063.571055,3064.50688,0.935825,1,3,3,3,0.545386,0.07468
3067.573839,3070.401809,2.82797,1,3,6,8,1.487425,0.047625
3073.576081,3076.428838,2.852757,1,3,6,7,1.490792,0.049722
3079.579755,3081.403666,1.823911,1,3,3,5,0.982199,0.063232
3081.581041,3083.448347,1.867306,1,1,4,4,0.97229,0.073148
3085.582152,3086.362152,0.78,1,3,2,4,0.463728,0.463728
3089.584695,3092.416662,2.831967,1,3,5,5,1.548048,0.050573
3095.588778,3096.526143,0.937365,1,3,4,4,0.500191,0.054595
3099.589733,3102.444757,2.855024,1,3,6,8,1.458191,0.073667
3105.592704,3108.42424,2.831536,1,3,6,8,1.466141,0.051612
3111.596644,3112.483386,0.886742,1,3,3,1,0.500339,0.071669
3115.598308,3118.464488,2.86618,1,3,6,5,1.482485,0.058599
3121.601399,3122.558191,0.956792,1,3,4,5,0.506439,0.052175
3125.604355,3126.545843,0.941488,1,3,4,4,0.46173,0.07942
3129.60632,3131.430912,1.824592,1,3,4,5,0.985288,0.060914
3133.607063,3134.541709,0.934646,1,3,4,3,0.501364,0.054778
3137.609665,3139.432338,1.822673,1,3,3,4,0.963532,0.082403
3141.612618,3144.458906,2.846288,1,3,6,6,1.46407,0.066641
3147.615326,3148.493985,0.878659,1,3,3,3,0.499089,0.062919
3151.615843,3153.439347,1.823504,1,3,4,2,0.896946,0.045058
3153.617768,3154.557064,0.939296,1,1,3,1,0.543955,0.079176
3157.619999,3158.536316,0.916317,1,3,4,5,0.462769,0.059625
3161.621961,3164.544106,2.922145,1,3,7,5,1.480268,0.062613
3165.623696,3167.447196,1.8235,1,1,2,1,1.044456,1.044456
3169.625384,3172.508803,2.883419,1,3,6,8,1.473955,0.066145
3173.628918,3176.523784,2.894866,1,1,4,2,1.547785,0.07868
3179.631188,3182.476763,2.845575,1,3,6,6,1.469929,0.06656
3185.63374,3186.501123,0.867383,1,3,3,1,0.499618,0.050609
3189.636675,3190.526406,0.889731,1,3,3,1,0.498387,0.074137
3193.63927,3194.529919,0.890649,1,3,3,3,0.499397,0.075532
3195.639346,3197.461102,1.821756,1,1,2,1,1.043868,1.043868
3199.641598,3202.569087,2.927489,1,3,7,6,1.462566,0.068134
3205.645175,3206.540823,0.895648,1,3,3,1,0.499105,0.079611
3209.646356,3212.518369,2.872013,1,3,6,3,1.482216,0.055622
3215.649895,3218.505865,2.85597,1,3,6,6,1.480591,0.061116
3219.652612,3220.558715,0.906103,1,1,2,1,0.090678,0.090678
3227.655861,3229.480609,1.824748,1,3,4,4,0.96545,0.079906
3231.658393,3233.480965,1.822572,1,3,3,5,0.97246,0.072586
3235.661597,3238.495769,2.834172,1,3,6,8,1.484927,0.054114
3241.664663,3244.603626,2.938963,1,3,5,4,1.458696,0.075681
3247.666882,3248.563808,0.896926,1,3,2,1,0.08119,0.08119
3251.669797,3253.49233,1.822533,1,3,4,6,0.979856,0.06511
3255.67098,3258.508015,2.837035,1,2,6,6,1.48448,0.055597
3261.674395,3262.452398,0.778003,1,3,2,4,0.462368,0.462368
3265.675204,3266.555114,0.87991,1,3,3,0,0.500298,0.063722
3269.678579,3271.503522,1.824943,1,3,3,5,1.001296,0.044638
3273.680633,3275.504688,1.824055,1,3,3,4,0.996658,0.047634
3275.680932,3276.646153,0.965221,1,1,4,3,0.506107,0.06402
3279.683152,3282.462282,2.77913,1,3,4,2,1.510372,0.062103
3283.686173,3286.595834,2.909661,1,1,6,6,1.448856,0.050105
3289.689398,3290.569132,0.879734,1,3,3,1,0.500737,0.063122
3293.690171,3296.549132,2.858961,1,3,6,6,1.465797,0.077656
3299.694436,3300.60854,0.914104,1,3,4,2,0.463734,0.054586
3303.696877,3307.52209,3.825213,1,3,7,6,1.471099,0.064923
3307.697794,3309.566057,1.868263,1,1,5,3,0.911784,0.050605
3311.700152,3313.521672,1.82152,1,3,3,3,0.973864,0.068171
3315.702295,3318.562642,2.860347,1,3,6,6,1.460316,0.080172
3321.705233,3324.553493,2.84826,1,3,6,5,1.45319,0.068671
3327.707227,3330.561854,2.854627,1,3,6,8,1.477863,0.063625
3333.711497,3336.584261,2.872764,1,3,6,8,1.457419,0.085692
3337.713547,3338.604251,0.890704,1,1,2,1,0.075302,0.075302
3341.715998,3344.654954,2.938956,1,3,7,6,1.493144,0.049503
3347.719227,3349.543522,1.824295,1,3,5,2,0.855449,0.067145
3351.72086,3354.613804,2.892944,1,3,6,6,1.457921,0.07716
3357.723856,3360.565229,2.841373,1,3,6,7,1.477121,0.061108
3363.726907,3364.640483,0.913576,1,3,4,3,0.461465,0.054597
3367.729631,3370.580075,2.850444,1,2,6,6,1.48334,0.058585
3373.731689,3374.509789,0.7781,1,3,2,4,0.461121,0.461121
3377.734551,3380.572598,2.838047,1,3,6,8,1.494887,0.049016
3383.738017,3386.677767,2.93975,1,3,7,8,1.496964,0.044575
3387.739372,3389.562484,1.823112,1,1,2,1,1.045864,1.045864
3391.741093,3394.61962,2.878527,1,3,6,6,1.48501,0.057134
3395.744902,3398.635364,2.890462,1,1,6,6,1.438888,0.05911
3401.74719,3405.572462,3.825272,1,3,7,7,1.492964,0.049116
3407.749922,3410.600211,2.850289,1,3,6,8,1.471208,0.070988
3413.754173,3416.657427,2.903254,1,3,6,6,1.470531,0.072092
3419.756652,3422.599029,2.842377,1,3,6,6,1.482229,0.059952
3425.759011,3429.58487,3.825859,1,3,7,6,1.436531,0.056086
3431.761891,3434.593881,2.83199,1,3,6,8,1.500991,0.042085
3437.764818,3438.586822,0.822004,1,3,2,4,0.50635,0.50635
3441.767512,3445.692842,3.92533,1,3,7,4,1.472981,0.058102
3447.771052,3449.594774,1.823722,1,3,3,5,0.996254,0.049113
3449.771659,3452.656664,2.885005,1,1,6,6,1.429261,0.061171
3455.774276,3458.555217,2.780941,1,3,6,6,1.460375,0.055468
3461.777935,3462.659839,0.881904,1,3,3,1,0.498531,0.066631
3465.780155,3466.558256,0.778101,1,3,1,2,0.0,0.0
3467.781019,3471.736554,3.955535,1,1,7,4,1.416109,0.081685
3473.78349,3474.648199,0.864709,1,3,3,3,0.500171,0.047651
3477.786249,3478.701588,0.915339,1,3,4,3,0.462236,0.052106
3481.788231,3484.729906,2.941675,1,3,7,6,1.459861,0.07776
3487.790972,3488.683906,0.892934,1,3,3,0,0.500992,0.076104
3491.793949,3494.670012,2.876063,1,3,6,8,1.459577,0.049065
3495.795566,3497.664457,1.868891,1,1,4,4,0.985947,0.059602
3499.798003,3500.700154,0.902151,1,3,2,1,0.086691,0.086691
3503.799073,3506.635403,2.83633,1,3,6,8,1.498146,0.044577
3509.803145,3511.625678,1.822533,1,3,3,3,0.961186,0.084114
3513.804739,3516.644739,2.84,1,3,6,8,1.46542,0.058544
3519.807424,3521.62953,1.822106,1,3,4,4,0.973845,0.070027
3523.810082,3525.633385,1.823303,1,3,4,4,0.981924,0.063164
3527.812406,3530.650484,2.838078,1,3,6,8,1.477472,0.057122
3533.814973,3536.657194,2.842221,1,3,6,6,1.485409,0.058144
3539.818447,3542.762429,2.943982,1,3,7,5,1.495001,0.046615
3545.822323,3548.663187,2.840864,1,3,6,6,1.498635,0.042628
3551.825114,3554.687456,2.862342,1,3,6,5,1.475081,0.067947
3559.829091,3561.652287,1.823196,1,3,4,4,0.963435,0.080668
3563.831331,3564.724237,0.892906,1,3,3,3,0.498938,0.078134
3567.832806,3568.7397,0.906894,1,3,4,5,0.463036,0.050614
3569.834132,3571.658709,1.824577,1,1,2,1,1.045276,1.045276
3573.835842,3576.658186,2.822344,1,3,6,6,1.474753,0.04209
3579.838351,3580.631758,0.793407,1,3,1,2,0.0,0.0
3581.840435,3582.732555,0.89212,1,2,2,1,0.075681,0.075681
3585.841177,3588.712126,2.870949,1,3,6,5,1.458087,0.044098
3591.845528,3592.766509,0.920981,1,3,4,5,0.462162,0.054426
3593.842849,3595.665386,1.822537,1,1,2,1,1.045874,1.045874
3597.847989,3600.752821,2.904832,1,3,6,5,1.461228,0.077156
3603.851851,3605.676458,1.824607,1,3,4,4,0.913414,0.046589
3609.854634,3612.635771,2.781137,1,2,6,4,1.474031,0.067385
3615.858042,3618.703184,2.845142,1,3,6,8,1.46394,0.066346
3621.861484,3624.712736,2.851252,1,3,6,5,1.479714,0.061621
3627.863479,3630.809236,2.945757,1,3,7,6,1.503193,0.039062
3633.866118,3636.764951,2.898833,1,3,5,4,1.54712,0.081268
3639.871012,3642.740901,2.869889,1,3,6,6,1.460819,0.080656
3643.872748,3644.776392,0.903644,1,1,2,1,0.088232,0.088232
3647.874623,3648.748422,0.873799,1,3,3,3,0.498577,0.058136
3651.876984,3654.735249,2.858265,1,3,6,6,1.487565,0.054102
3657.878842,3660.714316,2.835474,1,3,6,7,1.472776,0.055614
3663.882308,3666.801706,2.919398,1,3,4,6,1.547351,0.050594
3669.886366,3672.726671,2.840305,1,3,6,7,1.479502,0.060637
3675.889236,3676.756463,0.867227,1,3,3,2,0.498711,0.052596
3679.891068,3680.807739,0.916671,1,3,4,2,0.461846,0.063618
3683.892971,3685.717967,1.824996,1,3,4,4,0.963887,0.081807
3687.894932,3688.672774,0.777842,1,3,2,4,0.459996,0.459996
3691.896912,3692.820019,0.923107,1,3,4,5,0.461696,0.069479
3693.898321,3699.816305,5.917984,1,1,6,3,2.000688,0.079706
3701.902477,3704.681723,2.779246,1,3,6,4,1.469869,0.072616
3707.90537,3710.763302,2.857932,1,3,6,7,1.465602,0.077134
3711.907559,3714.788754,2.881195,1,1,6,6,1.403832,0.056094
3717.910995,3720.834352,2.923357,1,3,7,6,1.482541,0.059108
3723.914406,3727.738575,3.824169,1,2,7,7,1.482507,0.05911
3727.915431,3728.739831,0.8244,1,1,2,2,0.506721,0.506721
3731.918256,3735.742777,3.824521,1,3,7,7,1.477341,0.060642
3737.921112,3740.777016,2.855904,1,3,6,6,1.469189,0.071613
3743.924164,3747.748896,3.824732,1,3,7,9,1.458031,0.073855
3749.928167,3753.733971,3.805804,1,2,7,7,1.472893,0.068993
3755.929682,3756.818113,0.888431,1,3,3,0,0.498613,0.072654
3759.932332,3761.756257,1.823925,1,2,3,3,0.978131,0.068048
3763.93447,3766.908752,2.974282,1,3,7,5,1.547881,0.057109
3769.937516,3771.762092,1.824576,1,3,3,3,0.996764,0.048082
3773.939808,3776.8008,2.860992,1,3,6,6,1.460962,0.081856
3779.943069,3781.766976,1.823907,1,3,4,4,0.991063,0.054117
3783.944505,3784.815306,0.870801,1,3,3,1,0.500014,0.054034
3787.946949,3789.769499,1.82255,1,3,5,3,0.911868,0.05112
3791.948726,3794.812813,2.864087,1,3,6,5,1.460133,0.082149
3797.952481,3799.777314,1.824833,1,3,4,4,0.977293,0.068143
3801.954691,3805.77936,3.824669,1,3,7,6,1.457002,0.083244
3809.958146,3812.799161,2.841015,1,2,6,6,1.457238,0.060581
3815.961332,3817.784854,1.823522,1,3,4,4,0.987641,0.056716
3819.963086,3821.787776,1.82469,1,3,4,4,0.973104,0.073143
3823.965298,3826.818645,2.853347,1,3,6,6,1.487317,0.053809
3829.968751,3831.791954,1.823203,1,3,3,5,0.995155,0.049985
3833.993478,3836.823044,2.829566,1,3,6,6,1.477639,0.043089
3839.972982,3840.854157,0.881175,1,3,3,3,0.500307,0.064664
3843.976731,3846.921752,2.945021,1,3,7,8,1.483436,0.059935
3849.97926,3851.804417,1.825157,1,3,3,2,0.975617,0.070148
3853.980794,3856.84158,2.860786,1,3,6,8,1.46105,0.079959
3859.984785,3860.763188,0.778403,1,3,2,1,0.461879,0.461879
3863.986473,3866.829127,2.842654,1,3,6,6,1.489425,0.054104
3869.989337,3870.768559,0.779222,1,3,2,4,0.462615,0.462615
3871.990759,3873.814275,1.823516,1,1,2,1,1.046251,1.046251
3875.993606,3877.815505,1.821899,1,3,3,4,0.984417,0.059452
3879.99435,3882.871579,2.877229,1,3,5,3,1.45999,0.049072
3885.997495,3888.889883,2.892388,1,3,6,6,1.489029,0.053599
3889.998607,3890.778625,0.780018,1,1,1,1,0.0,0.0
3892.001016,3893.868638,1.867622,1,2,3,2,1.04582,0.505628
3896.002806,3896.925581,0.922775,1,3,4,3,0.463435,0.062618
3900.005336,3902.85224,2.846904,1,3,6,8,1.475421,0.066637
3906.006355,3908.947588,2.941233,1,3,7,6,1.460826,0.075634
3912.010741,3912.905162,0.894421,1,3,3,3,0.500065,0.077621
3916.013367,3918.874303,2.860936,1,3,6,5,1.460987,0.081662
3922.016576,3923.839869,1.823293,1,2,5,3,0.885415,0.070148
3926.019097,3926.989716,0.970619,1,3,4,3,0.500043,0.072158
3930.020563,3930.898898,0.878335,1,3,3,1,0.499983,0.061631
3934.022697,3934.91343,0.890733,1,3,3,3,0.497338,0.075636
3938.024189,3940.876393,2.852204,1,3,6,6,1.489208,0.051105
3944.027487,3944.994833,0.967346,1,3,4,4,0.49984,0.071118
3948.030063,3950.862028,2.831965,1,3,6,5,1.499151,0.043111
3954.032918,3956.813043,2.780125,1,3,6,6,1.475083,0.060656
3958.034649,3959.858419,1.82377,1,1,2,1,1.045718,1.045718
3960.036923,3960.973949,0.937026,1,1,3,1,0.544713,0.077639
3962.037347,3962.81575,0.778403,1,1,1,1,0.0,0.0
3964.037942,3965.905359,1.867417,1,1,3,2,1.044886,0.505706
3966.039898,3968.945051,2.905153,1,1,6,6,1.421627,0.075174
3970.040512,3971.864959,1.824447,1,1,2,1,1.045963,1.045963
3974.043937,3975.865476,1.821539,1,3,3,5,1.003944,0.040075
3978.045735,3979.004832,0.959097,1,3,4,2,0.500785,0.068135
3982.048103,3984.902686,2.854583,1,3,6,7,1.477258,0.065654
3988.051586,3990.909061,2.857475,1,3,6,7,1.479426,0.063114
3994.053189,3996.887041,2.833852,1,3,6,6,1.492454,0.048103
4000.0564,4002.892196,2.835796,1,3,6,8,1.475147,0.055602
4006.06008,4006.960014,0.899934,1,3,3,2,0.49973,0.083628
4014.063299,4015.886578,1.823279,1,3,4,4,0.906377,0.057621
4018.066076,4020.932243,2.866167,1,3,6,5,1.484604,0.058696
4024.069884,4027.896355,3.826471,1,3,7,9,1.470114,0.071141
4028.071484,4028.893996,0.822512,1,1,2,2,0.507088,0.507088
4032.073911,4034.852678,2.778767,1,3,6,6,1.480324,0.057096
4038.076469,4039.901141,1.824672,1,3,4,3,1.001561,0.043576
4042.078643,4042.97098,0.892337,1,3,3,1,0.499483,0.075134
4046.080344,4048.94137,2.861026,1,3,6,6,1.460161,0.081595
4052.084305,4054.925304,2.840999,1,3,6,7,1.488392,0.054111
4058.087606,4061.076336,2.98873,1,3,6,4,1.50385,0.079694
4064.090477,4067.917241,3.826764,1,3,7,7,1.466313,0.064132
4070.094365,4072.968501,2.874136,1,3,6,8,1.459579,0.082418
4076.09592,4078.920547,2.824627,1,3,6,8,1.485543,0.045601
4080.098027,4080.993994,0.895967,1,1,2,1,0.081182,0.081182
4082.099555,4082.879056,0.779501,1,1,1,1,0.0,0.0
4084.100983,4086.991892,2.890909,1,1,6,6,1.444223,0.054618
4090.103134,4091.039048,0.935914,1,3,4,4,0.460844,0.075057
4094.105825,4095.928754,1.822929,1,3,4,6,0.983949,0.060479
4098.107894,4101.93228,3.824386,1,3,8,7,1.471934,0.070095
4104.111157,4105.935658,1.824501,1,3,4,3,0.968184,0.077635
4108.113872,4109.001786,0.887914,1,3,3,3,0.498601,0.073729
4112.114574,4114.978593,2.864019,1,3,6,6,1.471402,0.070638
4118.118729,4119.942653,1.823924,1,3,4,3,0.981054,0.063992
4120.119611,4123.015982,2.896371,1,1,6,6,1.445842,0.053188
4126.12192,4127.059198,0.937278,1,3,3,1,0.543966,0.076677
4130.124473,4131.946271,1.821798,1,3,3,5,0.994376,0.050597
4134.12664,4137.018254,2.891614,1,3,6,6,1.428085,0.066649
4140.129932,4143.054127,2.924195,1,3,7,5,1.466275,0.062119
4146.132962,4148.974048,2.841086,1,3,6,5,1.473751,0.062128
4152.13617,4154.986482,2.850312,1,3,6,5,1.488601,0.052093
4160.139401,4161.962043,1.822642,1,3,3,3,0.987848,0.056612
4164.141897,4165.041727,0.89983,1,3,4,5,0.462465,0.045081
4166.143787,4167.969001,1.825214,1,1,2,1,1.046224,1.046224
4170.14584,4172.989634,2.843794,1,3,6,5,1.464791,0.064634
4176.147673,4177.970967,1.823294,1,3,3,4,0.992545,0.052598
4182.151977,4183.073856,0.921879,1,3,4,4,0.461479,0.068133
4186.152951,4189.001277,2.848326,1,3,6,5,1.464894,0.068623
4192.156434,4195.051532,2.895098,1,3,5,2,1.545302,0.057144
4198.160325,4199.06035,0.900025,1,3,3,2,0.500171,0.083652
4200.160364,4201.983255,1.822891,1,1,2,1,1.045729,1.045729
4204.162183,4206.943303,2.78112,1,3,6,3,1.482156,0.059994
4208.164265,4209.987979,1.823714,1,1,2,1,1.044717,1.044717
4210.165333,4211.113588,0.948255,1,1,3,1,0.544103,0.087179
4214.168771,4215.081411,0.91264,1,3,3,2,0.498861,0.097194
4218.169965,4219.08896,0.918995,1,3,4,4,0.46205,0.066126
4222.172539,4225.013421,2.840882,1,3,6,7,1.472607,0.060129
4228.175168,4231.035755,2.860587,1,3,6,6,1.462486,0.080811
4234.179262,4237.038312,2.85905,1,3,6,6,1.501834,0.039572
4240.180535,4241.057843,0.877308,1,3,3,3,0.498517,0.062168
4244.184553,4246.009477,1.824924,1,3,2,3,1.046598,1.046598
4248.185811,4251.065879,2.880068,1,3,6,8,1.45886,0.039586
4254.189023,4255.076816,0.887793,1,3,3,1,0.498381,0.073152
4258.190844,4261.02814,2.837296,1,3,6,8,1.475754,0.057624
4264.194284,4265.118293,0.924009,1,3,4,5,0.464088,0.068639
4266.19489,4268.01973,1.82484,1,1,2,1,1.045266,1.045266
4270.196411,4271.088272,0.891861,1,3,3,0,0.500647,0.075112
4274.199094,4275.069153,0.870059,1,3,3,1,0.500163,0.053987
4278.201445,4281.105378,2.903933,1,3,6,8,1.547299,0.075147
4284.204705,4287.161709,2.957004,1,3,7,5,1.44768,0.048656
4290.207311,4291.101657,0.894346,1,3,3,1,0.498554,0.079202
4294.20946,4298.14311,3.93365,1,3,7,4,1.479734,0.061631
4300.213259,4301.157397,0.944138,1,3,4,4,0.461143,0.082183
4304.214255,4307.070805,2.85655,1,3,6,6,1.420397,0.075656
4310.218434,4312.999998,2.781564,1,3,6,3,1.483336,0.059605
4316.221418,4320.045676,3.824258,1,3,7,6,1.484684,0.057494
4322.223424,4325.081418,2.857994,1,3,5,5,1.546697,0.071569
4328.227541,4331.076762,2.849221,1,3,6,6,1.485084,0.059116
4334.229571,4336.05401,1.824439,1,3,4,4,0.894531,0.051421
4336.231309,4338.098485,1.867176,1,1,3,1,0.975421,0.07721
4340.234386,4343.060065,2.825679,1,3,6,8,1.470118,0.046108
4346.236353,4348.057776,1.821423,1,3,4,6,0.975924,0.067864
4350.238452,4351.197276,0.958824,1,3,3,1,0.548257,0.095238
4354.239798,4355.017053,0.777255,1,2,2,3,0.460893,0.460893
4358.242738,4361.105063,2.862325,1,3,6,8,1.47996,0.063512
4364.2457,4366.069828,1.824128,1,3,4,6,0.991922,0.053606
4368.247535,4370.070704,1.823169,1,3,3,4,0.969738,0.075157
4370.247972,4373.125381,2.877409,1,1,6,6,1.433463,0.053586
4376.252794,4379.10973,2.856936,1,3,6,5,1.484827,0.05761
4380.253749,4382.078334,1.824585,1,1,2,1,1.045856,1.045856
4386.256686,4387.142145,0.885459,1,3,3,1,0.499006,0.069163
4390.259231,4393.11471,2.855479,1,3,6,8,1.461841,0.075199
4396.261875,4398.085633,1.823758,1,3,4,4,0.959801,0.084414
4400.264513,4402.087807,1.823294,1,3,2,0,1.044542,1.044542
4404.266724,4405.207726,0.941002,1,3,4,4,0.462905,0.076211
4406.268294,4407.0477,0.779406,1,1,1,1,0.0,0.0
4408.268564,4411.093655,2.825091,1,1,6,4,1.457716,0.040093
4414.270858,4417.05094,2.780082,1,3,6,4,1.47585,0.067644
4420.275784,4424.101197,3.825413,1,3,8,7,1.495891,0.045595
4426.278421,4429.058071,2.77965,1,3,6,6,1.475457,0.064314
4432.280864,4434.104952,1.824088,1,3,3,5,0.98558,0.060631
4436.283513,4438.107108,1.823595,1,3,3,2,0.979006,0.065146
4440.285068,4442.108618,1.82355,1,3,3,4,0.975217,0.070129
4444.287241,4445.064709,0.777468,1,3,2,1,0.460818,0.460818
4446.288478,4448.111674,1.823196,1,1,2,1,1.045279,1.045279
4450.289374,4451.191165,0.901791,1,3,4,2,0.462877,0.044583
4454.292263,4455.187601,0.895338,1,3,3,1,0.500467,0.079144
4458.29418,4461.192312,2.898132,1,3,6,7,1.456719,0.070693
4464.297444,4465.183017,0.885573,1,3,3,1,0.500504,0.070163
4468.300452,4471.164458,2.864006,1,3,6,8,1.458819,0.083213
4474.303279,4476.125408,1.822129,1,3,3,5,0.978219,0.066109
4478.304166,4481.13367,2.829504,1,3,6,5,1.468307,0.048623
4484.308112,4487.134188,2.826076,1,3,6,5,1.496843,0.046116
4490.310991,4491.132645,0.821654,1,3,2,2,0.505523,0.505523
4492.312247,4494.136929,1.824682,1,1,2,1,1.045803,1.045803
4496.313249,4499.171374,2.858125,1,3,6,6,1.461131,0.081816
4502.317124,4505.153318,2.836194,1,3,6,8,1.47047,0.056629
4508.320296,4511.181424,2.861128,1,3,6,6,1.460445,0.08016
4514.323221,4517.149685,2.826464,1,3,6,6,1.483754,0.047615
4520.326365,4521.198363,0.871998,1,3,3,3,0.499438,0.056128
4524.328781,4526.150169,1.821388,1,3,4,1,0.916725,0.048098
4528.330193,4531.193903,2.86371,1,3,6,8,1.481741,0.060092
4534.334032,4535.250768,0.916736,1,3,4,3,0.462984,0.061092
4536.334798,4538.158397,1.823599,1,1,2,1,1.044404,1.044404
4542.337778,4544.160569,1.822791,1,3,4,3,0.987685,0.056608
4544.338942,4545.230151,0.891209,1,1,2,1,0.075652,0.075652
4546.339721,4548.16165,1.821929,1,1,2,1,1.044271,1.044271
4550.343033,4551.313913,0.97088,1,3,4,2,0.461891,0.080187
4554.344261,4556.166069,1.821808,1,3,4,6,0.960061,0.084199
4558.346334,4561.16824,2.821906,1,3,6,5,1.492897,0.042592
4564.350214,4567.227768,2.877554,1,3,6,6,1.470147,0.072146
4570.352178,4573.17968,2.827502,1,3,6,5,1.492618,0.047409
4576.355176,4579.220268,2.865092,1,3,6,6,1.461482,0.080188
4582.358821,4585.234703,2.875882,1,3,6,3,1.495481,0.047611
4588.362075,4591.196045,2.83397,1,3,6,8,1.465214,0.053598
4594.364657,4595.147555,0.782898,1,3,2,1,0.465656,0.465656
4596.36614,4599.19045,2.82431,1,2,6,5,1.422967,0.074153
4602.369052,4603.253469,0.884417,1,3,3,0,0.499927,0.067337
4606.371832,4609.221283,2.849451,1,2,6,6,1.474454,0.067139
4612.374922,4615.227535,2.852613,1,3,6,6,1.47699,0.065671
4618.378232,4621.158833,2.780601,1,3,6,6,1.483607,0.058101
4624.380343,4627.229716,2.849373,1,3,6,6,1.457889,0.069609
4630.38402,4633.164669,2.780649,1,3,6,6,1.469618,0.058094
4636.386851,4638.211446,1.824595,1,3,4,4,0.987493,0.058616
4640.388893,4641.239334,0.850441,1,3,3,0,0.501777,0.033051
4644.39121,4647.273893,2.882683,1,3,7,5,1.456142,0.082964
4650.394471,4653.265709,2.871238,1,3,6,7,1.471569,0.06915
4656.39694,4658.221346,1.824406,1,3,4,3,0.991504,0.054644
4660.399855,4664.223693,3.823838,1,3,7,7,1.490584,0.050618
4666.402295,4667.327643,0.925348,1,3,4,5,0.463023,0.062103
4670.404416,4671.351074,0.946658,1,3,4,5,0.462745,0.07564
4672.405065,4674.227974,1.822909,1,1,2,1,1.04467,1.04467
4676.408397,4679.272273,2.863876,1,3,6,6,1.466955,0.073628
4682.410864,4685.271463,2.860599,1,3,6,8,1.495284,0.048079
4688.413759,4691.349872,2.936113,1,3,7,8,1.459816,0.077169
4694.417209,4697.26963,2.852421,1,3,6,8,1.492799,0.050399
4700.419494,4703.272836,2.853342,1,3,6,7,1.475952,0.067211
4706.422554,4709.249952,2.827398,1,3,6,8,1.467986,0.046535
4712.425948,4715.25039,2.824442,1,3,6,6,1.417334,0.075033
4718.42919,4721.273679,2.844489,1,3,6,6,1.470231,0.06462
4724.432287,4727.323536,2.891249,1,3,5,4,1.504592,0.075658
4730.435686,4733.377528,2.941842,1,3,7,8,1.492981,0.050598
4736.438039,4738.262388,1.824349,1,3,3,5,0.967178,0.07913
4740.441077,4742.264287,1.82321,1,3,3,3,0.985826,0.058789
4744.443147,4746.266187,1.82304,1,3,4,6,0.985792,0.060139
4746.443517,4750.385648,3.942131,1,1,7,4,1.428459,0.068618
4752.445911,4755.29461,2.848699,1,3,5,5,1.547398,0.051609
4758.451042,4760.273354,1.822312,1,3,4,4,0.873915,0.078158
4762.452398,4765.29734,2.844942,1,3,6,5,1.47306,0.064138
4768.454612,4771.314217,2.859605,1,3,6,6,1.470244,0.073142
4774.458446,4777.307924,2.849478,1,3,6,8,1.498489,0.044274
4778.460369,4780.284611,1.824242,1,1,2,1,1.044775,1.044775
4782.461602,4785.364576,2.902974,1,3,6,6,1.432978,0.063639
4786.464689,4788.288557,1.823868,1,1,2,1,1.045907,1.045907
4788.465852,4790.333586,1.867734,1,1,4,4,1.001915,0.044058
4792.467953,4796.293565,3.825612,1,3,6,6,1.901504,0.064608
4798.470143,4800.292467,1.822324,1,2,3,3,0.973332,0.070636
4802.47219,4806.299181,3.826991,1,3,7,7,1.485846,0.055324
4808.476128,4810.29826,1.822132,1,3,3,3,0.985104,0.059115
4812.478195,4813.371055,0.89286,1,3,2,1,0.076164,0.076164
4816.480304,4818.302988,1.822684,1,3,3,1,1.044202,0.463381
4820.48302,4822.306078,1.823058,1,3,3,2,0.977907,0.066154
4824.484809,4826.308429,1.82362,1,3,2,3,1.046042,1.046042
4828.486464,4831.417717,2.931253,1,3,7,5,1.466538,0.071954
4832.487566,4833.266726,0.77916,1,1,1,1,0.0,0.0
4834.489317,4837.358349,2.869032,1,1,6,6,1.441697,0.046096
4840.492319,4843.343899,2.85158,1,3,6,8,1.479175,0.063603
4846.521704,4849.348005,2.826301,1,3,6,6,1.4714,0.070133
4852.499036,4855.356212,2.857176,1,3,6,6,1.474055,0.068614
4858.501293,4861.358179,2.856886,1,3,6,5,1.483383,0.061173
4864.504389,4865.398809,0.89442,1,3,2,2,0.077146,0.077146
4868.50764,4869.436117,0.928477,1,3,4,3,0.461768,0.059774
4872.509434,4873.445411,0.935977,1,3,4,2,0.461384,0.075185
4874.509466,4875.401182,0.891716,1,1,2,1,0.076143,0.076143
4878.511687,4881.418228,2.906541,1,3,6,5,1.548115,0.055438
4882.513885,4883.291012,0.777127,1,1,1,1,0.0,0.0
4884.515526,4887.405272,2.889746,1,2,6,6,1.459407,0.06313
4890.518784,4891.452424,0.93364,1,2,3,2,0.078645,0.075711
4894.519998,4896.34304,1.823042,1,3,4,1,0.908042,0.061132
4898.521916,4901.388234,2.866318,1,3,6,8,1.47862,0.063624
4904.524897,4907.468108,2.943211,1,3,7,8,1.457833,0.075984
4910.528846,4913.365348,2.836502,1,3,6,8,1.48472,0.057608
4916.532757,4919.445135,2.912378,1,3,7,5,1.483929,0.053134
4922.534558,4926.35946,3.824902,1,3,7,8,1.463432,0.068643
4928.537796,4929.41431,0.876514,1,3,3,1,0.499782,0.059628
4932.559589,4933.481709,0.92212,1,3,4,3,0.499893,0.066646
4936.542925,4939.483078,2.940153,1,3,7,6,1.459831,0.079881
4940.54458,4942.367944,1.823364,1,1,2,1,1.045194,1.045194
4942.545289,4945.453512,2.908223,1,1,5,4,1.459748,0.081385
4948.548526,4951.440586,2.89206,1,3,4,2,1.548112,0.075178
4954.551022,4956.374698,1.823676,1,3,4,2,0.898349,0.072159
4958.552698,4959.332451,0.779753,1,3,2,2,0.46192,0.46192
4962.555073,4963.51241,0.957337,1,3,4,2,0.500926,0.055132
4966.558412,4967.449111,0.890699,1,3,3,3,0.500421,0.074679
4970.559953,4973.399017,2.839064,1,3,6,8,1.504584,0.039062
4974.561068,4976.385873,1.824805,1,1,2,1,1.044925,1.044925
4978.563156,4981.399962,2.836806,1,3,6,8,1.469798,0.057615
4984.566916,4987.419934,2.853018,1,3,6,6,1.493541,0.048597
4990.569272,4992.393455,1.824183,1,2,3,4,0.981966,0.0631
4994.571194,4997.51055,2.939356,1,3,7,8,1.469767,0.071649
5000.575514,5002.400419,1.824905,1,3,2,0,1.046028,1.046028
5004.577888,5007.470389,2.892501,1,3,6,8,1.54762,0.068134
5010.580267,5013.434308,2.854041,1,3,6,8,1.464066,0.074647
5016.58335,5017.504977,0.921627,1,2,4,3,0.461964,0.056105
5020.586172,5021.363815,0.777643,1,3,2,4,0.461896,0.461896
5024.58774,5026.411325,1.823585,1,3,3,5,0.993993,0.0521
5028.59102,5029.505455,0.914435,1,3,3,1,0.498366,0.099668
5032.591778,5035.42996,2.838182,1,3,6,8,1.463171,0.057607
5038.595382,5039.51184,0.916458,1,3,4,3,0.461995,0.063157
5040.595972,5042.419908,1.823936,1,1,2,1,1.045827,1.045827
5044.598557,5045.498456,0.899899,1,3,2,3,0.083673,0.083673
5048.600577,5050.424637,1.82406,1,3,4,4,0.963735,0.081167
5052.60239,5053.494562,0.892172,1,3,3,1,0.500718,0.076169
5054.603036,5056.42573,1.822694,1,1,2,1,1.044012,1.044012
5058.604517,5061.429669,2.825152,1,3,5,5,1.548378,0.044898
5064.609409,5067.480583,2.871174,1,3,6,7,1.481413,0.061939
5070.611512,5071.499423,0.887911,1,3,3,1,0.501447,0.070644
5074.612599,5075.392212,0.779613,1,3,2,2,0.462778,0.462778
5078.616276,5080.547738,1.931462,1,3,4,3,1.045326,0.073083
5082.617685,5085.447855,2.83017,1,3,6,6,1.491616,0.050634
5088.621038,5090.446072,1.825034,1,3,3,3,0.982966,0.062218
5092.624143,5094.448235,1.824092,1,3,4,6,0.959584,0.08715
5096.624638,5099.556535,2.931897,1,3,7,6,1.4806,0.062118
5102.628131,5104.452694,1.824563,1,3,2,3,1.044931,1.044931
5106.630184,5108.453265,1.823081,1,3,3,4,0.966919,0.077673
5110.632845,5111.48384,0.850995,1,3,3,2,0.499252,0.03558
5114.634151,5116.457385,1.823234,1,3,4,3,0.90325,0.06512
5116.635737,5118.458877,1.82314,1,1,2,1,1.044503,1.044503
5120.636516,5120.714849,0.078333,1,1,1,0,0.0,0.0
5120.732387,5121.528424,0.796037,1,1,4,2,0.388373,0.075666
5122.63862,5124.461386,1.822766,1,1,2,1,1.044984,1.044984
5126.641178,5128.464403,1.823225,1,3,4,2,0.896548,0.073635
5132.643988,5135.473371,2.829383,1,3,6,8,1.475545,0.050111
5138.646749,5140.470604,1.823855,1,3,4,5,0.997751,0.048097
5142.649452,5145.601338,2.951886,1,3,7,7,1.459414,0.07916
5148.651272,5151.540728,2.889456,1,3,6,7,1.449276,0.048648
5154.654719,5156.477167,1.822448,1,3,4,6,0.982033,0.063143
5158.657724,5160.593117,1.935393,1,3,4,0,1.046248,0.073635
5162.659478,5165.439953,2.780475,1,3,6,4,1.483072,0.05913
5168.661993,5170.55381,1.891817,1,3,4,2,0.975209,0.061145
5172.664558,5175.556766,2.892208,1,3,6,8,1.408393,0.066676
5178.667773,5181.521564,2.853791,1,3,6,6,1.496296,0.046112
5184.670581,5186.492909,1.822328,1,3,4,4,1.0019,0.043077
5188.672843,5189.585289,0.912446,1,3,4,5,0.464026,0.044599
5192.675002,5193.595842,0.92084,1,3,4,2,0.461292,0.060607
5196.67678,5198.501405,1.824625,1,3,4,4,0.994348,0.051575
5200.679231,5203.534629,2.855398,1,3,6,7,1.488141,0.052589
5206.68245,5209.531655,2.849205,1,3,6,5,1.493204,0.048602
5212.684848,5213.591018,0.90617,1,3,3,0,0.499003,0.09068
5216.687667,5217.467063,0.779396,1,3,2,2,0.46379,0.46379
5218.687998,5220.512288,1.82429,1,1,2,1,1.045659,1.045659
5220.689463,5221.512035,0.822572,1,1,2,2,0.506022,0.506022
5224.691587,5227.520843,2.829256,1,3,6,8,1.48591,0.049575
5230.694298,5233.619155,2.924857,1,3,6,4,1.547011,0.047597
5234.696416,5236.519977,1.823561,1,1,2,1,1.044943,1.044943
5238.699536,5242.523679,3.824143,1,3,7,7,1.461195,0.079136
5244.700839,5247.563836,2.862997,1,3,6,5,1.450476,0.080643
5250.704053,5251.655821,0.951768,1,3,4,3,0.500143,0.05908
5254.707519,5257.487643,2.780124,1,3,5,5,1.460397,0.082154
5260.710494,5261.627003,0.916509,1,3,4,2,0.464034,0.061118
5262.710603,5264.533855,1.823252,1,1,2,1,1.044538,1.044538
5266.712627,5269.575606,2.862979,1,3,6,6,1.460722,0.082675
5272.716695,5275.571353,2.854658,1,3,6,6,1.496248,0.046592
5278.719555,5279.497994,0.778439,1,3,1,1,0.0,0.0
5284.723122,5301.646195,16.923073,1,3,27,2,1.288061,0.232435
5304.733791,5311.569754,6.835963,1,3,11,4,1.277478,0.24204
5314.737416,5323.634414,8.896998,1,3,15,1,1.314125,0.075696
5326.744366,5341.669208,14.924842,1,3,24,1,1.319829,0.222924
5344.753393,5353.673852,8.920459,1,3,13,1,1.089943,0.324506
5354.759025,5357.629473,2.870448,1,1,4,1,1.044578,0.277764
5360.762589,5367.683275,6.920686,1,3,11,1,1.544508,0.187863
5368.766406,5371.679739,2.913333,1,1,4,4,1.546984,0.056107
5374.76901,5375.707459,0.938449,1,3,3,0,0.544238,0.078629
5378.771573,5401.642087,22.870514,1,3,36,3,1.299997,0.230988
5404.784859,5405.652476,0.867617,1,3,3,2,0.500329,0.052097
5408.786955,5424.759129,15.972174,1,3,24,2,1.317545,0.228886
5424.81218,5433.692028,8.879848,1,1,12,2,1.543286,0.28311
5436.801955,5457.724992,20.923037,1,3,32,4,1.273061,0.252021
5460.814493,5464.729809,3.915316,1,3,5,1,1.045329,0.277886
5464.816509,5477.745228,12.928719,1,1,21,1,1.305144,0.232513
5480.824055,5487.765147,6.941092,1,3,12,0,1.273633,0.078176
5488.828195,5503.752352,14.924157,1,1,22,1,1.090558,0.324203
5506.836726,5541.778448,34.941722,1,3,53,2,1.088535,0.231472
5544.858099,5559.798103,14.940004,1,3,24,2,1.2861,0.231395
5562.866832,5601.832934,38.966102,1,3,60,3,1.364524,0.176308
5602.88643,5631.775762,28.889332,1,1,42,2,1.542707,0.275762
5634.903086,5667.870862,32.967776,1,3,51,1,1.284887,0.175483
5668.923102,5673.793573,4.870471,1,1,6,2,1.048264,0.276568
5676.925664,5747.951906,71.026242,1,3,108,0,1.285793,0.23252
5748.963766,5759.926495,10.962729,1,1,16,1,1.130678,0.36473
5762.970182,5777.89485,14.924668,1,3,24,2,1.326441,0.214946
5780.980392,5855.986294,75.005902,1,3,114,2,1.321827,0.218619
5859.019876,5968.022869,109.002993,1,3,162,2,1.988745,0.230544
5969.077692,5997.981859,28.904167,1,1,43,1,1.136718,0.292223
6001.093881,6018.019674,16.925793,1,2,26,2,1.542186,0.179357
6021.105641,6038.047008,16.941367,1,3,27,2,1.275059,0.231979
6041.115715,6052.041368,10.925653,1,3,18,1,1.278146,0.233085
6055.123164,6086.031573,30.908409,1,3,46,2,1.544235,0.227456
6089.139974,6091.984185,2.844211,1,3,6,8,1.478058,0.06502
6095.142254,6096.966715,1.824461,1,3,4,4,0.971248,0.074166
6101.147138,6118.12625,16.979112,1,3,28,3,1.230449,0.074953
6121.157042,6123.98877,2.831728,1,3,6,8,1.468546,0.050583
6127.159536,6228.148203,100.988667,1,3,153,1,1.28519,0.254423
6231.214159,6234.056844,2.842685,1,3,6,8,1.478355,0.063638
6237.216274,6240.354468,3.138194,1,3,7,6,1.477403,0.065085
6243.219381,6246.328358,3.108977,1,3,7,6,1.472869,0.053613
6249.222792,6253.166414,3.943622,1,3,7,6,1.472899,0.069125
6255.225314,6258.340926,3.115612,1,3,7,8,1.501076,0.041066
6261.229497,6272.147535,10.918038,1,3,18,3,1.234705,0.277106
6275.236363,6278.068464,2.832101,1,3,6,5,1.482763,0.051088
6281.239943,6284.101024,2.861081,1,3,6,6,1.459722,0.080125
6287.242338,6290.359274,3.116936,1,3,7,2,1.205342,0.061668
6293.245903,6358.221145,64.975242,1,3,99,3,1.320016,0.231514
6361.28191,6364.163658,2.881748,1,3,7,5,1.487983,0.053109
6367.283887,6370.420988,3.137101,1,3,7,8,1.459733,0.081196
6373.287781,6376.13157,2.843789,1,3,6,8,1.470918,0.064155
6379.290776,6382.140521,2.849745,1,3,6,5,1.479108,0.062156
6385.293787,6388.86548,3.571693,1,4,6,4,1.977845,0.040069
6391.29746,6432.299526,41.002066,1,3,62,1,1.546975,0.230795
6435.319374,6437.142489,1.823115,1,3,3,2,0.987457,0.056093
6439.322907,6442.465149,3.142242,1,2,7,6,1.481965,0.060341
6445.324805,6448.429528,3.104723,1,3,7,6,1.488061,0.048091
6451.327684,6453.151611,1.823927,1,3,5,3,0.695728,0.073141
6455.330612,6458.110557,2.779945,1,3,6,4,1.498787,0.043588
6461.333391,6463.158272,1.824881,1,3,3,3,0.993297,0.052125
6465.335652,6548.377222,83.04157,1,3,124,1,1.542069,0.240606
6551.379589,6552.157021,0.777432,1,3,2,1,0.4618,0.4618
6553.381733,6574.104371,20.722638,1,1,32,1,1.276311,0.075524
6577.392402,6580.232059,2.839657,1,3,6,7,1.548125,0.055533
6583.396841,6585.219389,1.822548,1,3,3,3,0.982872,0.061527
6587.398853,6589.221043,1.82219,1,3,3,4,0.997149,0.048043
6591.400268,6612.123197,20.722929,1,3,33,3,1.473898,0.067529
6615.413305,6617.237412,1.824107,1,3,3,4,0.968375,0.077931
6619.414912,6622.279172,2.86426,1,3,6,6,1.495824,0.046029
6623.416864,6625.241412,1.824548,1,1,2,1,1.046006,1.046006
6625.417989,6632.175848,6.757859,1,1,12,3,1.229865,0.067031
6635.423167,6646.288752,10.865585,1,3,19,4,1.269828,0.083544
6649.431836,6714.412721,64.980885,1,3,100,3,1.256992,0.070031
6717.465699,6720.246168,2.780469,1,3,6,3,1.501432,0.040029
6723.468948,6764.247052,40.778104,1,3,63,4,1.242443,0.043535
6765.491317,6767.314246,1.822929,1,1,2,1,1.044699,1.044699
6767.492363,6816.269429,48.777066,1,1,74,2,1.749237,0.074576
6817.517891,6838.500505,20.982614,1,1,30,2,2.000477,0.186596
6841.530303,6843.354276,1.823973,1,3,3,2,0.963218,0.083058
6845.532008,6858.449193,12.917185,1,3,20,0,1.275609,0.263178
6861.541272,6864.677729,3.136457,1,3,7,6,1.474066,0.066528
6867.542945,6888.238037,20.695092,1,3,33,3,1.257987,0.051531
6891.55659,6896.652567,5.095977,1,3,11,4,1.212958,0.053535
6899.560207,6908.288294,8.728087,1,3,15,3,1.273432,0.037509
6911.566843,6913.39004,1.823197,1,3,3,5,0.972152,0.073073
6915.567827,6933.547637,17.97981,1,3,28,1,1.235403,0.228721
6933.600654,6954.328209,20.727555,1,1,32,2,1.239168,0.075546
6957.590363,6960.430956,2.840593,1,3,6,7,1.489983,0.050545
6963.593445,6966.710228,3.116783,1,3,7,6,1.449943,0.061531
6969.597593,6973.4214,3.823807,1,3,8,6,1.547476,0.081525
6975.600353,6977.42315,1.822797,1,3,3,5,0.99408,0.050502
6979.601413,6982.421952,2.820539,1,3,6,8,1.473111,0.040781
6985.604689,6988.463589,2.8589,1,3,6,6,1.464367,0.078475
6991.607928,6994.447402,2.839474,1,2,6,6,1.454768,0.060568
6997.61198,7001.437178,3.825198,1,3,5,6,1.929154,0.068061
7003.614996,7006.39551,2.780514,1,3,6,3,1.464544,0.076948
7009.616899,7010.488517,0.871618,1,3,3,1,0.498789,0.057038
7011.617894,7012.394549,0.776655,1,1,1,1,0.0,0.0
7013.619385,7042.387037,28.767652,1,1,42,3,2.005807,0.062547
7043.634003,7062.459079,18.825076,1,1,29,3,1.066222,0.147866
7063.644859,7078.565409,14.92055,1,1,23,1,1.274085,0.27567
7083.654958,7086.513733,2.858775,1,3,6,8,1.481771,0.062618
7089.658296,7092.757127,3.098831,1,3,7,6,1.470076,0.041035
7095.662498,7096.558922,0.896424,1,3,3,2,0.500126,0.081557
7099.66405,7102.528815,2.864765,1,2,6,6,1.458761,0.082838
7105.666127,7124.448476,18.782349,1,3,30,5,1.272639,0.051042
7127.678288,7128.567853,0.889565,1,3,3,3,0.498759,0.075045
7131.680233,7135.612384,3.932151,1,3,8,3,1.209807,0.062094
7137.682248,7140.521329,2.839081,1,3,6,7,1.547217,0.059116
7143.686752,7146.547532,2.86078,1,3,6,6,1.460422,0.08005
7149.689347,7152.551948,2.862601,1,3,6,5,1.457747,0.083568
7155.692179,7158.554889,2.86271,1,3,5,4,1.915936,0.083112
7159.695345,7168.675584,8.980239,1,1,16,3,1.252586,0.056159
7171.700077,7174.561487,2.86141,1,3,6,7,1.491121,0.051113
7177.703809,7179.526828,1.823019,1,3,4,6,0.964273,0.081025
7181.705488,7192.550501,10.845013,1,3,18,1,1.238863,0.203118
7195.713889,7198.850764,3.136875,1,3,7,7,1.453437,0.080086
7201.715586,7203.537882,1.822296,1,3,3,4,0.976231,0.067531
7205.71866,7207.542031,1.823371,1,3,4,4,0.987731,0.057535
7209.720418,7213.545214,3.824796,1,3,7,8,1.487143,0.054525
7213.722162,7216.602224,2.880062,1,1,6,6,1.452303,0.044048
7219.725045,7234.443944,14.718899,1,3,24,2,1.240829,0.075626
7237.735285,7238.606806,0.871521,1,3,3,0,0.499088,0.056176
7241.736833,7248.837791,7.100958,1,3,14,3,1.210885,0.060517
7251.741526,7252.520339,0.778813,1,3,2,3,0.463583,0.463583
7253.742998,7256.653548,2.91055,1,1,5,1,1.269767,0.093545
7257.745581,7266.664024,8.918443,1,2,14,1,1.275996,0.189145
7269.751949,7272.612366,2.860417,1,3,5,3,1.465565,0.044519
7275.753933,7278.588614,2.834681,1,3,6,8,1.470587,0.054017
7281.757945,7284.618546,2.860601,1,3,6,6,1.460827,0.081085
7287.7612,7290.854618,3.093418,1,3,7,7,1.4877,0.052562
7293.763478,7295.707407,1.943929,1,3,4,1,1.04525,0.083059
7297.765215,7300.611433,2.846218,1,3,6,5,1.480972,0.061963
7303.769185,7307.596541,3.827356,1,3,8,5,1.497805,0.041539
7309.772009,7312.618791,2.846782,1,3,6,6,1.465846,0.068035
7315.774342,7319.598481,3.824139,1,3,7,4,1.478988,0.054016
7321.777549,7328.652802,6.875253,1,3,11,3,1.273263,0.236621
7331.783272,7333.605575,1.822303,1,3,4,6,0.962821,0.082231
7335.785214,7338.646109,2.860895,1,3,6,5,1.459332,0.080032
7341.787846,7343.613647,1.825801,1,3,4,4,0.983686,0.06155
7345.790335,7348.673465,2.88313,1,3,7,5,1.46473,0.06755
7351.793739,7370.738768,18.945029,1,3,31,2,1.269825,0.053545
7373.805153,7375.630199,1.825046,1,3,4,4,0.987846,0.059031
7377.807211,7380.903489,3.096278,1,3,7,5,1.485678,0.04004
7383.810195,7385.635808,1.825613,1,3,3,5,0.974398,0.07153
7387.812074,7390.689944,2.87787,1,3,6,7,1.458403,0.041021
7393.814932,7394.699462,0.88453,1,3,3,2,0.500992,0.068033
7397.817824,7401.642685,3.824861,1,3,7,9,1.456781,0.069082
7403.820985,7408.521864,4.700879,1,3,10,4,1.271424,0.064014
7411.823907,7417.700849,5.876942,1,3,11,8,1.187372,0.081019
7419.827861,7422.662575,2.834714,1,3,6,7,1.482388,0.054441
7425.831348,7428.97586,3.144512,1,3,7,8,1.472731,0.073544
7431.836052,7433.659961,1.823909,1,3,4,6,0.984111,0.062526
7433.83674,7435.702822,1.866082,1,1,4,4,1.002021,0.043017
7437.838226,7438.711424,0.873198,1,3,3,1,0.499428,0.055994
7441.839413,7445.664771,3.825358,1,3,6,5,1.543498,0.064102
7447.843811,7450.684437,2.840626,1,3,6,8,1.467631,0.060055
7453.846727,7458.665056,4.818329,1,3,8,5,1.048675,0.1716
7461.85115,7476.822055,14.970905,1,3,25,4,1.21668,0.088036
7479.860052,7482.703357,2.843305,1,3,6,6,1.484759,0.059087
7485.863016,7488.733731,2.870715,1,3,6,6,1.472572,0.070042
7491.865639,7495.011468,3.145829,1,3,7,5,1.493534,0.05054
7497.870101,7500.76778,2.897679,1,3,6,6,1.460753,0.072053
7503.872014,7504.758336,0.886322,1,3,3,2,0.501083,0.069037
7507.873767,7509.697063,1.823296,1,3,4,4,0.974895,0.069531
7511.877295,7513.70052,1.823225,1,3,4,4,0.697672,0.073096
7513.877118,7516.778976,2.901858,1,1,6,6,1.427548,0.070035
7519.88091,7522.742799,2.861889,1,3,6,7,1.459095,0.08262
7525.883922,7527.708356,1.824434,1,3,3,3,1.044568,0.46219
7529.886754,7536.752943,6.866189,1,3,13,2,1.179206,0.047538
7539.890345,7543.027635,3.13729,1,3,7,2,1.185337,0.06709
7545.893951,7547.716752,1.822801,1,2,4,3,0.722286,0.047276
7547.895501,7551.036331,3.14083,1,1,7,6,1.417999,0.041928
7553.898389,7557.003335,3.104946,1,3,7,3,1.217408,0.047861
7559.90218,7560.679636,0.777456,1,3,1,2,0.0,0.0
7561.902396,7565.725733,3.823337,1,2,7,7,1.460985,0.079596
7567.905224,7570.765748,2.860524,1,3,6,6,1.468754,0.072257
7573.908531,7575.731589,1.823058,1,3,3,3,0.959089,0.085365
7579.91235,7583.049061,3.136711,1,3,7,6,1.46085,0.080951
7585.914447,7587.739002,1.824555,1,3,3,5,0.976575,0.068537
7589.917166,7608.778769,18.861603,1,3,31,3,1.239281,0.047407
7611.929028,7612.808627,0.879599,1,3,3,0,0.500385,0.063435
7615.930048,7617.751896,1.821848,1,3,3,2,0.997639,0.046666
7619.931857,7622.778414,2.846557,1,3,6,8,1.481527,0.061325
7623.934689,7628.827879,4.89319,1,1,8,1,1.272056,0.07673
7629.937202,7631.762414,1.825212,1,1,2,1,1.046881,1.046881
7633.939795,7635.762417,1.822622,1,3,2,1,1.043721,1.043721
7637.941704,7641.040359,3.098655,1,3,7,8,1.447863,0.041118
7643.94562,7646.808568,2.862948,1,3,6,5,1.458808,0.082921
7649.948483,7652.812142,2.863659,1,3,6,8,1.493983,0.047244
7655.952061,7658.858017,2.905956,1,3,5,2,1.504173,0.08978
7661.954365,7664.778577,2.824212,1,3,6,6,1.456222,0.04175
7665.955079,7667.780862,1.825783,1,1,2,1,1.046705,1.046705
7669.959129,7676.836922,6.877793,1,3,11,1,1.276417,0.23997
7679.963188,7682.825592,2.862404,1,2,6,6,1.458558,0.081506
7685.966763,7689.089349,3.122586,1,3,7,8,1.491366,0.051237
7691.970408,7694.801692,2.831284,1,3,6,8,1.489847,0.052766
7697.972287,7700.813364,2.841077,1,3,6,6,1.470314,0.059797
7703.976454,7704.815465,0.839011,1,4,1,1,0.0,0.0
7707.978129,7709.802459,1.82433,1,3,4,3,0.984151,0.061617
7709.979148,7713.848736,3.869588,1,1,7,7,1.425631,0.058059
7715.981565,7718.819376,2.837811,1,3,6,8,1.453243,0.058507
7721.985208,7762.73866,40.753452,1,3,64,3,1.23466,0.044366
7766.008614,7768.851603,2.842989,1,3,6,5,1.471003,0.062142
7770.009673,7771.833394,1.823721,1,1,2,1,1.043904,1.043904
7774.011883,7776.86644,2.854557,1,3,5,7,1.547288,0.052576
7780.015486,7786.998982,6.983496,1,3,11,4,1.46293,0.068196
7790.020342,7793.17967,3.159328,1,3,5,6,2.005554,0.098954
7796.022494,7796.900806,0.878312,1,3,3,2,0.501533,0.060811
7800.026104,7801.84798,1.821876,1,3,3,3,0.968977,0.075892
7804.028148,7805.850894,1.822746,1,3,2,0,1.045469,1.045469
7808.029018,7809.853014,1.823996,1,3,2,3,1.045667,1.045667
7812.031339,7815.856409,3.82507,1,3,7,4,1.920203,0.080765
7816.033948,7819.177101,3.143153,1,1,7,6,1.438605,0.042078
7822.036392,7824.867781,2.831389,1,2,6,6,1.485338,0.050047
7828.038841,7828.930649,0.891808,1,3,3,3,0.501414,0.074025
7832.042808,7832.8216,0.778792,1,3,2,4,0.463014,0.463014
7834.044011,7835.866826,1.822815,1,1,2,1,1.045235,1.045235
7836.043826,7854.815716,18.77189,1,1,30,1,1.101255,0.080337
7858.055564,7860.878699,2.823135,1,3,6,6,1.492319,0.043839
7864.058703,7865.883855,1.825152,1,3,4,5,0.957944,0.087677
7866.059384,7867.927141,1.867757,1,1,5,3,0.711967,0.054474
7870.062086,7871.978517,1.916431,1,3,4,3,1.044282,0.055918
7874.06411,7876.892214,2.828104,1,3,6,8,1.489472,0.048662
7880.067463,7880.946827,0.879364,1,3,3,2,0.499063,0.063186
7884.069008,7886.888819,2.819811,1,3,6,6,1.49468,0.038582
7890.071896,7891.894221,1.822325,1,3,4,3,0.960126,0.08422
7892.072011,7892.951768,0.879757,1,2,3,1,0.500605,0.062693
7896.07597,7900.907673,4.831703,1,3,10,4,1.232059,0.052118
7904.078798,7906.972829,2.894031,1,3,4,2,1.546943,0.076109
7910.083619,7912.862706,2.779087,1,3,6,5,1.49341,0.048857
7916.085808,7917.908469,1.822661,1,3,4,4,0.962859,0.081905
7920.088035,7922.971401,2.883366,1,3,7,5,1.451943,0.065754
7926.092008,7926.96148,0.869472,1,3,3,1,0.500647,0.05318
7930.093255,7932.955731,2.862476,1,3,6,8,1.459523,0.0816
7936.095874,7937.919947,1.824073,1,3,3,5,0.980593,0.065103
7940.098641,7941.923123,1.824482,1,3,4,4,0.959718,0.085532
7944.100353,7945.924354,1.824001,1,3,4,4,0.980229,0.065868
7946.101926,7946.924568,0.822642,1,1,2,2,0.506755,0.506755
7948.102342,7960.811921,12.709579,1,1,20,1,1.059409,0.066755
7964.110687,7966.971885,2.861198,1,3,6,6,1.460118,0.081815
7970.113685,7970.987823,0.874138,1,3,3,0,0.498889,0.05867
7974.115751,7976.955703,2.839952,1,3,6,6,1.500605,0.040847
7980.119917,7983.021614,2.901697,1,3,6,8,1.546428,0.066376
7986.122485,7988.955309,2.832824,1,3,6,8,1.454562,0.052825
7992.12561,8002.062472,9.936862,1,3,17,5,1.208478,0.064215
8004.131282,8026.901368,22.770086,1,3,35,7,1.50556,0.071724
8030.145448,8035.043769,4.898321,1,3,9,4,1.273034,0.062823
8038.150927,8040.977877,2.82695,1,3,6,6,1.485425,0.055958
8044.152833,8045.975809,1.822976,1,3,4,4,0.699898,0.069251
8048.154368,8051.268237,3.113869,1,3,7,6,1.4845,0.056798
8052.155852,8053.980939,1.825087,1,1,2,1,1.04511,1.04511
8058.158878,8061.297158,3.13828,1,3,7,5,1.477588,0.063726
8064.162464,8067.988559,3.826095,1,3,8,6,1.457996,0.079799
8070.167588,8071.989769,1.822181,1,3,3,3,0.970051,0.075622
8074.167623,8077.991052,3.823429,1,3,7,8,1.492115,0.050746
8080.170797,8083.052621,2.881824,1,3,6,5,1.549458,0.053599
8086.174766,8098.947041,12.772275,1,3,22,2,1.189681,0.08169
8102.183024,8105.083592,2.900568,1,3,4,4,1.547618,0.083581
8106.184965,8108.00805,1.823085,1,1,2,1,1.044913,1.044913
8110.186166,8113.03564,2.849474,1,3,6,7,1.482397,0.058286
8114.188088,8116.009704,1.821616,1,1,2,1,1.043862,1.043862
8120.192806,8123.285163,3.092357,1,3,7,6,1.48663,0.036564
8126.195217,8129.332429,3.137212,1,3,7,8,1.471497,0.071585
8132.197478,8135.061528,2.86405,1,3,6,7,1.484959,0.05762
8138.201725,8141.026656,2.824931,1,2,6,6,1.470117,0.044285
8144.203468,8147.039708,2.83624,1,3,6,8,1.475589,0.056223
8150.208185,8152.033597,1.825412,1,3,2,0,1.046655,1.046655
8152.208089,8154.078483,1.870394,1,1,5,3,0.719195,0.051084
8158.211861,8167.110812,8.898951,1,3,16,4,1.23051,0.075738
8168.21739,8170.041428,1.824038,1,1,2,1,1.045393,1.045393
8172.219265,8174.04335,1.824085,1,3,3,5,1.00815,0.038121
8176.221011,8197.365757,21.144746,1,3,34,4,1.368884,0.074654
8200.233715,8203.40899,3.175275,1,3,7,6,1.459095,0.038044
8206.236625,8207.115703,0.879078,1,3,3,3,0.501395,0.06179
8210.237713,8213.07778,2.840067,1,3,5,6,1.547413,0.058178
8216.242505,8219.078737,2.836232,1,3,6,8,1.482539,0.056992
8222.244758,8225.131485,2.886727,1,3,6,4,1.4651,0.070401
8228.24856,8230.071488,1.822928,1,3,5,2,0.691931,0.111283
8230.2493,8233.138258,2.888958,1,1,6,6,1.434336,0.064072
8236.252865,8253.109977,16.857112,1,3,28,3,1.246398,0.070159
8256.262781,8273.120703,16.857922,1,3,28,5,1.1985,0.076083
8276.273323,8277.154002,0.880679,1,3,3,3,0.501595,0.064445
8280.275981,8284.102058,3.826077,1,3,7,6,1.465298,0.066909
8286.278554,8289.140114,2.86156,1,3,6,7,1.459833,0.081209
8290.279496,8295.181283,4.901787,1,1,7,2,1.551115,0.082645
8298.285312,8301.065506,2.780194,1,3,6,5,1.474951,0.043683
8304.288198,8306.110114,1.821916,1,3,2,2,1.043983,1.043983
8308.289385,8311.121034,2.831649,1,3,6,6,1.541287,0.050571
8314.293516,8325.210774,10.917258,1,3,19,5,1.20366,0.070919
8328.30043,8330.124235,1.823805,1,3,4,2,0.700408,0.069352
8332.301862,8335.427839,3.125977,1,3,7,5,1.477601,0.066145
8338.305081,8341.169298,2.864217,1,3,6,6,1.444153,0.083663
8342.308015,8345.200614,2.892599,1,1,4,2,1.548163,0.074644
8348.31083,8351.136669,2.825839,1,3,6,4,1.424597,0.071814
8354.313648,8355.205966,0.892318,1,3,3,3,0.499855,0.076369
8358.316663,8361.173894,2.857231,1,3,6,7,1.465322,0.077523
8364.31938,8368.263379,3.943999,1,3,7,4,1.480439,0.062067
8370.322733,8372.144653,1.82192,1,3,4,3,0.988974,0.055225
8374.324242,8376.146188,1.821946,1,3,3,5,0.981546,0.062188
8376.32637,8379.275261,2.948891,1,1,8,7,1.219846,0.033615
8382.328229,8385.178723,2.850494,1,3,6,6,1.485693,0.055222
8388.330409,8391.450515,3.120106,1,3,7,6,1.482004,0.058815
8394.335437,8397.476231,3.140794,1,3,7,8,1.460694,0.081504
8400.336978,8402.160143,1.823165,1,3,5,5,0.684801,0.083937
8404.340332,8407.184983,2.844651,1,3,5,7,1.545767,0.060522
8410.343673,8411.240794,0.897121,1,3,4,5,0.461247,0.041929
8414.344851,8415.24585,0.900999,1,3,2,0,0.086183,0.086183
8418.346304,8421.47876,3.132456,1,3,7,6,1.492997,0.051438
8424.350487,8436.238554,11.888067,1,2,20,6,1.219914,0.057747
8438.357373,8441.206425,2.849052,1,3,6,8,1.464597,0.069861
8444.360333,8447.198364,2.838031,1,3,6,6,1.484266,0.058267
8450.362768,8452.186209,1.823441,1,3,3,3,0.984953,0.058683
8456.367083,8459.211146,2.844063,1,3,6,6,1.482078,0.061781
8462.370047,8464.194458,1.824411,1,3,4,6,0.989468,0.055663
8466.371988,8468.195987,1.823999,1,3,3,2,0.981764,0.06213
8470.375276,8472.196637,1.821361,1,3,4,5,0.978571,0.064842
8474.376355,8483.301332,8.924977,1,3,16,3,1.27191,0.097547
8486.38303,8499.110053,12.727023,1,3,20,5,1.196976,0.078521
8500.389091,8502.211738,1.822647,1,1,2,1,1.044471,1.044471
8504.392016,8508.219153,3.827137,1,3,7,7,1.473058,0.054938
8510.394797,8513.254415,2.859618,1,2,6,6,1.46086,0.080452
8514.396247,8517.290289,2.894042,1,1,4,2,1.548922,0.076533
8520.401612,8522.225595,1.823983,1,3,4,4,0.959297,0.085702
8524.402564,8528.227147,3.824583,1,3,7,9,1.460035,0.068579
8530.404945,8533.260056,2.855111,1,3,6,6,1.460506,0.069444
8536.409169,8539.269049,2.85988,1,3,6,6,1.476366,0.064762
8542.41156,8543.188813,0.777253,1,3,1,1,0.0,0.0
8544.412085,8546.23667,1.824585,1,2,2,1,1.045644,1.045644
8546.414236,8549.306123,2.891887,1,1,4,2,1.546129,0.075917
8556.419282,8559.280093,2.860811,1,3,6,5,1.546312,0.081437
8562.421325,8565.305852,2.884527,1,3,7,4,1.488475,0.054089
8568.42503,8572.298345,3.873315,1,3,7,7,1.471167,0.060898
8574.42799,8575.364689,0.936699,1,3,3,0,0.544817,0.075501
8578.429302,8581.259123,2.829821,1,3,6,8,1.547308,0.040097
8584.433611,8587.277533,2.843922,1,3,6,5,1.496283,0.045133
8590.436833,8592.262363,1.82553,1,3,3,5,1.007862,0.039455
8594.437901,8597.216757,2.778856,1,3,6,4,1.474021,0.036833
8600.442156,8603.275192,2.833036,1,2,6,6,1.481293,0.053183
8606.44445,8608.385389,1.940939,1,3,5,2,0.99972,0.043422
8610.446125,8612.271168,1.825043,1,3,3,5,0.978784,0.06748
8614.450266,8616.27333,1.823064,1,3,4,6,1.004401,0.041594
8618.450248,8619.341305,0.891057,1,3,3,0,0.499574,0.074515
8622.452726,8626.278221,3.825495,1,3,8,8,1.459014,0.078269
8630.458112,8634.283987,3.825875,1,3,7,9,1.471649,0.069905
8636.460557,8637.350928,0.890371,1,3,2,1,0.074045,0.074045
8640.462531,8644.287409,3.824878,1,3,7,6,1.486571,0.053999
8646.466205,8648.290451,1.824246,1,3,4,6,1.006918,0.038499
8650.467767,8654.294388,3.826621,1,3,7,6,1.490393,0.05054
8656.470466,8659.387926,2.91746,1,3,7,6,1.462448,0.051956
8660.472564,8662.296632,1.824068,1,1,2,1,1.04568,1.04568
8664.475861,8667.25625,2.780389,1,3,6,6,1.466953,0.060017
8668.476347,8670.300166,1.823819,1,1,2,1,1.044981,1.044981
8672.47936,8674.302141,1.822781,1,3,4,3,0.978804,0.066982
8674.479122,8675.432094,0.952972,1,1,4,3,0.507704,0.053794
8678.482175,8680.306921,1.824746,1,3,3,3,0.964822,0.080997
8682.484459,8684.308146,1.823687,1,3,4,3,0.971089,0.074735
8686.48606,8688.309926,1.823866,1,3,4,2,0.903019,0.065963
8690.488682,8693.350234,2.861552,1,3,6,6,1.453676,0.082045
8696.491582,8698.314784,1.823202,1,3,3,5,0.977991,0.066995
8700.493488,8703.349135,2.855647,1,3,6,8,1.464023,0.076246
8706.496629,8708.319989,1.82336,1,3,4,3,0.980237,0.064461
8710.499077,8713.278077,2.779,1,3,6,5,1.467737,0.068158
8716.501728,8718.323688,1.82196,1,3,3,2,0.967199,0.076957
8720.503817,8723.369258,2.865441,1,3,6,5,1.461374,0.079996
8724.504808,8725.397687,0.892879,1,1,2,1,0.07534,0.07534
8726.506782,8728.330059,1.823277,1,1,2,1,1.045674,1.045674
8730.509133,8731.385701,0.876568,1,3,3,3,0.500645,0.060419
8734.511649,8735.423385,0.911736,1,3,4,3,0.464481,0.058274
8738.513291,8741.488127,2.974836,1,3,7,4,1.486357,0.055291
8742.515218,8744.337676,1.822458,1,1,2,1,1.044623,1.044623
8746.517495,8748.340129,1.822634,1,3,4,6,0.969829,0.074377
8748.518908,8751.406445,2.887537,1,1,6,6,1.42268,0.061723
8754.521762,8757.453867,2.932105,1,3,6,5,1.505244,0.055135
8760.525005,8763.305313,2.780308,1,3,6,6,1.483558,0.046024
8766.528058,8768.350181,1.822123,1,3,4,6,0.982996,0.061183
8770.528799,8774.352781,3.823982,1,3,7,6,1.500435,0.043111
8776.533496,8777.458244,0.924748,1,3,4,5,0.462436,0.067726
8780.534983,8783.474022,2.939039,1,3,7,6,1.460291,0.075619
8786.537762,8787.422705,0.884943,1,3,3,3,0.501165,0.067845
8790.540376,8793.458748,2.918372,1,3,7,8,1.490223,0.056408
8796.543693,8799.399449,2.855756,1,3,6,5,1.480597,0.062135
8802.545738,8803.478657,0.932919,1,3,4,3,0.462792,0.074835
8806.548687,8810.374547,3.82586,1,3,8,7,1.489464,0.050916
8812.551259,8813.488722,0.937463,1,3,3,1,0.543644,0.077723
8816.552538,8820.379363,3.826825,1,3,7,7,1.50324,0.037455
8820.555422,8823.380288,2.824866,1,1,6,4,1.435232,0.063186
8824.558523,8826.38025,1.821727,1,1,2,1,1.043447,1.043447
8826.559228,8829.451318,2.89209,1,1,4,4,2.004164,0.065268
8832.56173,8835.388187,2.826457,1,3,6,5,1.474094,0.044887
8838.565144,8839.443349,0.878205,1,3,3,3,0.502099,0.060317
8842.567162,8844.39014,1.822978,1,3,3,4,1.044599,0.461639
8846.568203,8847.438821,0.870618,1,3,3,2,0.498994,0.054946
8850.570613,8852.394979,1.824366,1,3,3,2,0.969679,0.075902
8854.574712,8857.423728,2.849016,1,3,6,8,1.484539,0.057373
8860.576578,8864.402152,3.825574,1,3,7,7,1.471707,0.068867
8864.578547,8865.537125,0.958578,1,1,4,3,0.506215,0.056771
8868.581157,8869.401526,0.820369,1,3,2,3,0.505642,0.505642
8872.582553,8874.404674,1.822121,1,3,3,5,0.975308,0.067591
8876.584723,8877.539628,0.954905,1,3,4,5,0.463586,0.087346
8880.58659,8883.528376,2.941786,1,3,7,6,1.459057,0.075057
8886.589996,8888.412921,1.822925,1,3,3,3,0.920348,0.12493
8890.592137,8893.4472,2.855063,1,3,6,6,1.493271,0.048703
8896.594903,8897.486893,0.89199,1,3,3,3,0.49819,0.076583
8900.596459,8903.459818,2.863359,1,3,6,7,1.458671,0.081956
8906.59978,8910.508463,3.908683,1,3,7,3,1.502555,0.039444
8910.60243,8912.468106,1.865676,1,1,4,4,0.989416,0.055624
8914.604769,8915.497114,0.892345,1,3,2,1,0.076015,0.076015
8918.606621,8921.469237,2.862616,1,3,6,6,1.547545,0.081176
8924.60995,8925.536044,0.926094,1,3,4,4,0.463538,0.067986
8928.611324,8931.439896,2.828572,1,3,5,7,1.54932,0.048227
8934.615596,8937.476667,2.861071,1,3,6,5,1.456737,0.079739
8940.618831,8942.447888,1.829057,1,3,3,3,0.984187,0.067028
8944.619406,8947.480331,2.860925,1,3,5,4,1.547324,0.052717
8948.621199,8950.444458,1.823259,1,1,2,1,1.044837,1.044837
8952.624264,8956.448349,3.824085,1,3,7,9,1.485786,0.056115
8956.626263,8958.494113,1.86785,1,1,3,2,1.045633,0.505111
8960.628161,8961.531163,0.903002,1,3,4,2,0.464167,0.048841
8964.630402,8967.408659,2.778257,1,3,6,6,1.470092,0.072224
8970.63358,8973.475771,2.842191,1,3,6,7,1.477669,0.062344
8976.636364,8978.462014,1.82565,1,3,4,6,0.974878,0.070844
8980.637744,8983.497883,2.860139,1,3,6,8,1.455055,0.080748
8986.642231,8989.421887,2.779656,1,3,6,6,1.469961,0.050627
8992.645148,8994.4677,1.822552,1,3,4,4,0.995004,0.050121
8996.647162,8998.469137,1.821975,1,3,5,3,0.900459,0.068787
9000.65001,9003.489592,2.839582,1,3,6,6,1.481757,0.058855
9006.65222,9009.529312,2.877092,1,3,6,6,1.495171,0.046764
9012.655249,9016.480136,3.824887,1,3,7,9,1.483264,0.059116
9018.658566,9021.504502,2.845936,1,3,6,8,1.486891,0.054077
9024.660928,9025.440114,0.779186,1,3,1,3,0.0,0.0
9026.662253,9029.554756,2.892503,1,1,6,6,1.444778,0.053194
9032.665808,9035.531112,2.865304,1,3,6,6,1.476381,0.06484
9038.668343,9041.610361,2.942018,1,3,7,8,1.45953,0.080251
9044.672305,9046.495447,1.823142,1,3,4,4,0.957515,0.087447
9048.675163,9051.582292,2.907129,1,3,6,5,1.458865,0.080221
9054.676311,9056.500441,1.82413,1,3,4,6,0.976456,0.068729
9058.678555,9060.502093,1.823538,1,3,4,6,0.975363,0.068739
9062.682257,9065.514725,2.832468,1,2,5,5,1.546886,0.052851
9068.684306,9070.507154,1.822848,1,3,3,3,0.972677,0.071221
9072.686076,9075.52304,2.836964,1,3,6,6,1.462588,0.055272
9078.690818,9082.630598,3.93978,1,3,7,4,1.467575,0.071244
9082.691477,9085.561071,2.869594,1,1,6,6,1.429085,0.04542
9088.694819,9090.518318,1.823499,1,3,2,1,1.044618,1.044618
9090.695185,9091.675896,0.980711,1,1,4,3,0.505521,0.079087
9094.698924,9096.52243,1.823506,1,3,3,2,0.985836,0.060115
9098.700019,9101.480458,2.780439,1,3,6,4,1.477673,0.047631
9104.70234,9105.623511,0.921171,1,3,4,3,0.463807,0.05723
9106.703831,9107.482245,0.778414,1,1,1,1,0.0,0.0
9112.707233,9115.540509,2.833276,1,3,6,6,1.487954,0.053052
9118.710189,9119.611158,0.900969,1,3,3,1,0.496539,0.086149
9122.713007,9123.624109,0.911102,1,3,4,3,0.462585,0.057393
9126.715012,9129.666961,2.951949,1,3,7,6,1.460114,0.081923
9132.717973,9135.610981,2.893008,1,3,4,2,1.546866,0.075863
9136.719134,9138.541609,1.822475,1,1,2,1,1.044578,1.044578
9140.721184,9143.586842,2.865658,1,3,6,6,1.460029,0.082661
9146.724859,9147.607691,0.882832,1,3,3,2,0.49962,0.066547
9150.726647,9152.549837,1.82319,1,3,3,3,1.003385,0.042267
9156.729856,9158.596857,1.867001,1,3,3,3,0.974932,0.076033
9160.732102,9161.61184,0.879738,1,3,3,1,0.499867,0.062697
9164.734486,9166.556495,1.822009,1,3,4,5,0.992071,0.052777
9168.736461,9171.573744,2.837283,1,3,6,8,1.46328,0.058279
9174.73946,9175.704898,0.965438,1,3,4,2,0.499998,0.070002
9178.742397,9179.655605,0.913208,1,3,4,3,0.4622,0.052157
9182.743417,9185.587153,2.843736,1,3,6,8,1.476248,0.063954
9188.746266,9191.629064,2.882798,1,3,7,7,1.494937,0.046322
9192.749449,9195.643275,2.893826,1,1,4,2,1.546619,0.077761
9198.751683,9199.687138,0.935455,1,3,4,2,0.462761,0.076165
9202.75301,9204.577586,1.824576,1,3,4,3,1.00581,0.038764
9206.756312,9207.663001,0.906689,1,3,4,3,0.461795,0.053162
9210.758232,9213.615914,2.857682,1,3,6,7,1.468463,0.073744
9216.761047,9219.62779,2.866743,1,3,6,7,1.457296,0.085443
9220.763418,9224.713688,3.95027,1,1,7,4,1.434389,0.063662
9224.765747,9225.544471,0.778724,1,1,1,1,0.0,0.0
9226.766684,9227.588567,0.821883,1,1,2,2,0.506498,0.506498
9228.76745,9230.634819,1.867369,1,2,3,2,0.975983,0.075527
9232.769764,9235.548773,2.779009,1,3,6,6,1.482848,0.059333
9236.771785,9237.593489,0.821704,1,1,2,2,0.504112,0.504112
9240.772842,9242.597768,1.824926,1,3,4,5,0.9871,0.058869
9246.776592,9249.60425,2.827658,1,3,6,5,1.548367,0.048599
9252.779196,9255.716971,2.937775,1,3,7,6,1.458991,0.075835
9258.782485,9261.648824,2.866339,1,3,6,6,1.459438,0.08285
9262.785865,9263.684948,0.899083,1,1,2,1,0.083766,0.083766
9264.78561,9268.654689,3.869079,1,1,7,7,1.431846,0.066026
9270.789541,9271.726782,0.937241,1,3,3,2,0.543932,0.0767
9274.791042,9276.614645,1.823603,1,3,2,1,1.044543,1.044543
9278.793025,9281.629774,2.836749,1,3,6,8,1.495314,0.046671
9284.796485,9286.620987,1.824502,1,3,3,2,0.986869,0.058077
9286.797963,9287.740575,0.942612,1,1,3,1,0.545403,0.080033
9288.799793,9290.623815,1.824022,1,1,2,1,1.046291,1.046291
9292.800912,9295.669725,2.868813,1,3,5,7,1.547695,0.048561
9298.802769,9301.641771,2.839002,1,3,6,8,1.465844,0.057932
9302.806726,9304.631511,1.824785,1,1,2,1,1.045603,1.045603
9306.808616,9308.632236,1.82362,1,3,2,1,1.04578,1.04578
9310.810576,9313.707811,2.897235,1,3,5,2,1.546976,0.081141
9316.813471,9319.735638,2.922167,1,3,7,8,1.440941,0.062421
9322.81692,9325.780466,2.963546,1,3,7,6,1.457208,0.081938
9328.819665,9329.750037,0.930372,1,3,4,3,0.461803,0.075543
9332.820592,9334.642396,1.821804,1,3,3,4,0.950206,0.093327
9336.823714,9339.668296,2.844582,1,3,6,8,1.479723,0.063248
9342.826425,9344.652903,1.826478,1,3,4,6,0.97717,0.069318
9346.828065,9350.653887,3.825822,1,3,7,6,1.441472,0.072187
9352.831707,9355.696982,2.865275,1,3,6,8,1.460309,0.082475
9358.834794,9361.726814,2.89202,1,3,6,6,1.47249,0.068274
9364.837276,9367.68839,2.851114,1,3,6,8,1.483352,0.05985
9370.841073,9371.807774,0.966701,1,3,4,1,0.499719,0.058991
9374.842683,9377.734938,2.892255,1,3,4,4,1.548039,0.075589
9380.845706,9381.740516,0.89481,1,3,3,3,0.500075,0.078942
9384.848468,9387.680424,2.831956,1,3,6,8,1.467381,0.051705
9390.851843,9392.676722,1.824879,1,3,4,4,0.977871,0.068163
9394.852915,9396.675687,1.822772,1,3,4,6,0.98096,0.063933
9398.856457,9399.754258,0.897801,1,3,3,1,0.50112,0.080857
9402.857912,9405.700527,2.842615,1,3,6,6,1.493405,0.047717
9408.861047,9411.753584,2.892537,1,3,4,1,1.54818,0.076117
9414.864086,9417.695513,2.831427,1,3,6,6,1.478145,0.050634
9420.867229,9423.729449,2.86222,1,3,6,8,1.457024,0.082953
9426.869805,9429.73097,2.861165,1,3,6,6,1.548361,0.079076
9432.873845,9436.697088,3.823243,1,3,7,7,1.489412,0.050411
9438.876407,9442.702564,3.826157,1,3,7,9,1.486631,0.056639
9442.878523,9443.700638,0.822115,1,1,2,2,0.50607,0.50607
9446.881928,9448.705052,1.823124,1,3,4,2,0.899818,0.056522
9450.883572,9451.661447,0.777875,1,3,1,3,0.0,0.0
9452.883535,9455.756727,2.873192,1,1,4,4,2.004188,0.046221
9458.886452,9460.710841,1.824389,1,3,4,5,0.960958,0.083352
9462.889389,9465.79363,2.904241,1,3,6,8,1.484225,0.060892
9468.892266,9471.67243,2.780164,1,3,6,4,1.490296,0.051378
9474.894244,9476.717627,1.823383,1,3,3,5,0.980362,0.064776
9478.897732,9479.833093,0.935361,1,3,4,2,0.462706,0.075924
9482.899118,9485.750378,2.85126,1,3,6,8,1.474258,0.069926
9488.902111,9490.726753,1.824642,1,3,2,3,1.046759,1.046759
9492.904724,9495.809741,2.905017,1,3,3,4,2.001463,0.08753
9498.908104,9500.731959,1.823855,1,3,4,3,0.969746,0.075176
9502.909506,9504.720825,1.811319,1,3,4,3,0.948731,0.077518
9508.913062,9510.736173,1.823111,1,3,4,3,1.00032,0.044601
9512.915075,9513.807384,0.892309,1,3,3,1,0.498525,0.075448
9516.917721,9518.740315,1.822594,1,3,3,3,0.977366,0.067853
9520.918685,9523.770545,2.85186,1,3,6,7,1.476911,0.066967
9526.923539,9529.740432,2.816893,1,3,6,8,1.47097,0.035713
9532.9257,9533.82034,0.89464,1,3,3,1,0.500439,0.078713
9536.927383,9539.763125,2.835742,1,3,6,8,1.48219,0.05675
9542.93159,9545.780582,2.848992,1,3,6,7,1.480785,0.059908
9548.934338,9552.85016,3.915822,1,3,7,5,1.494833,0.046563
9554.936531,9555.716431,0.7799,1,3,2,4,0.46317,0.46317
9558.95674,9560.755972,1.799232,1,3,2,0,1.04562,1.04562
9562.940243,9566.766097,3.825854,1,3,7,9,1.483668,0.05822
9568.944207,9570.76867,1.824463,1,3,3,3,1.009082,0.03554
9572.94548,9575.793443,2.847963,1,3,6,7,1.466657,0.066248
9578.949031,9579.769597,0.820566,1,3,2,2,0.504935,0.504935
9582.950362,9585.792218,2.841856,1,3,6,5,1.468167,0.060772
9588.955087,9589.870022,0.914935,1,3,4,2,0.462648,0.062241
9592.956784,9596.781599,3.824815,1,3,7,7,1.468649,0.052331
9598.959728,9599.873836,0.914108,1,3,4,4,0.463335,0.058856
9602.961351,9603.869448,0.908097,1,3,4,4,0.462791,0.043439
9606.964413,9608.788365,1.823952,1,3,3,2,0.985035,0.059626
9608.964748,9609.78779,0.823042,1,1,2,2,0.507064,0.507064
9612.967165,9615.807679,2.840514,1,3,6,7,1.476593,0.059704
9618.970176,9619.880527,0.910351,1,3,3,3,0.500003,0.094378
9620.970282,9622.793224,1.822942,1,1,2,1,1.044045,1.044045
9624.972712,9625.870343,0.897631,1,3,4,5,0.463485,0.038574
9628.975463,9629.753517,0.778054,1,3,2,3,0.461186,0.461186
9632.977324,9635.874303,2.896979,1,3,6,8,1.451772,0.046294
9638.980895,9640.804217,1.823322,1,2,3,4,0.961787,0.082834
9642.983211,9644.808026,1.824815,1,3,3,2,0.983361,0.062857
9646.985114,9649.846365,2.861251,1,3,6,8,1.548176,0.057623
9650.986202,9651.922197,0.935995,1,1,3,1,0.543504,0.076906
9654.98931,9657.854933,2.865623,1,3,6,8,1.449485,0.084767
9660.991897,9662.814565,1.822668,1,3,4,1,0.874567,0.08288
9664.993206,9665.941291,0.948085,1,3,4,3,0.463369,0.080844
9668.996494,9671.838676,2.842182,1,3,6,6,1.48378,0.057552
9674.99888,9676.822566,1.823686,1,3,5,3,0.821827,0.091635
9679.000993,9682.825602,3.824609,1,3,7,6,1.460849,0.08135
9683.002621,9683.944711,0.94209,1,1,3,1,0.543821,0.081614
9687.005622,9688.830186,1.824564,1,3,4,3,0.998438,0.04826
9691.007932,9693.894561,2.886629,1,3,6,6,1.454712,0.061235
9697.010899,9697.9104,0.899501,1,3,4,4,0.499601,0.033361
9701.012305,9703.848242,2.835937,1,3,6,8,1.46905,0.057007
9705.014452,9706.838446,1.823994,1,1,2,1,1.045901,1.045901
9709.016748,9709.795417,0.778669,1,3,2,1,0.461028,0.461028
9711.018102,9711.797553,0.779451,1,2,2,2,0.465813,0.465813
9713.017733,9713.796957,0.779224,1,1,1,1,0.0,0.0
9715.019576,9715.961967,0.942391,1,1,3,1,0.543986,0.08325
9719.023026,9721.855119,2.832093,1,3,6,6,1.468415,0.052327
9723.024222,9723.802667,0.778445,1,1,1,1,0.0,0.0
9725.025597,9725.978819,0.953222,1,1,4,3,0.507147,0.049824
9727.026363,9727.80402,0.777657,1,1,1,1,0.0,0.0
9729.025735,9729.918985,0.89325,1,2,2,2,0.07671,0.07671
9733.027936,9735.969811,2.941875,1,3,7,6,1.476264,0.066075
9741.033535,9743.895422,2.861887,1,3,6,6,1.48604,0.055075
9747.03629,9748.858676,1.822386,1,3,3,5,0.992056,0.051629
9751.038064,9752.8623,1.824236,1,3,4,4,0.973897,0.070894
9757.041372,9759.941492,2.90012,1,3,5,2,1.505699,0.083276
9763.044293,9764.868025,1.823732,1,3,2,0,1.045805,1.045805
9767.047285,9770.875151,3.827866,1,3,8,3,0.957826,0.075527
9773.050611,9775.829875,2.779264,1,3,6,4,1.489057,0.053682
9779.05213,9782.878339,3.826209,1,3,7,7,1.470825,0.071885
9785.056821,9787.928304,2.871483,1,3,6,6,1.462963,0.077984
9789.05814,9790.882078,1.823938,1,1,2,1,1.044895,1.044895
9793.060115,9794.015063,0.954948,1,3,4,2,0.499795,0.064646
9797.06179,9798.885806,1.824016,1,3,4,2,0.891005,0.075428
9801.064639,9802.888123,1.823484,1,3,2,3,1.045158,1.045158
9805.066618,9807.908818,2.8422,1,3,6,5,1.476431,0.0615
9811.069607,9812.892554,1.822947,1,3,4,4,0.950005,0.095422
9813.069638,9815.966504,2.896866,1,1,6,6,1.429359,0.068464
9817.072731,9818.895453,1.822722,1,1,2,1,1.04413,1.04413
9821.075046,9824.039389,2.964343,1,3,6,6,1.504545,0.062007
9827.077566,9830.00176,2.924194,1,3,7,8,1.497785,0.04373
9833.081658,9835.927639,2.845981,1,3,6,6,1.499782,0.043019
9839.083934,9841.910132,2.826198,1,3,6,5,1.483224,0.045962
9845.086775,9845.998418,0.911643,1,3,4,2,0.462404,0.057169
9849.089787,9849.982238,0.892451,1,3,3,3,0.500105,0.075962
9853.091907,9854.916358,1.824451,1,3,2,1,1.045253,1.045253
9857.093309,9858.915964,1.822655,1,2,4,4,0.961923,0.082331
9859.094115,9861.962754,2.868639,1,1,3,3,1.548009,0.505905
9865.09729,9866.039253,0.941963,1,3,4,4,0.460832,0.075862
9867.099941,9868.923204,1.823263,1,1,2,1,1.044461,1.044461
9871.101108,9872.923126,1.822018,1,3,3,4,0.976398,0.068661
9873.100748,9873.92324,0.822492,1,1,2,2,0.506178,0.506178
9875.102648,9876.925855,1.823207,1,1,2,1,1.044963,1.044963
9879.10571,9882.930744,3.825034,1,3,7,7,1.486784,0.055179
9885.107577,9888.004644,2.897067,1,3,6,8,1.44001,0.057694
9891.110821,9894.036945,2.926124,1,3,7,8,1.459342,0.070604
9897.114293,9898.936015,1.821722,1,3,3,5,0.985245,0.058363
9901.116186,9902.940102,1.823916,1,3,3,2,0.977337,0.069105
9905.11859,9906.941633,1.823043,1,3,5,3,0.886599,0.075913
9909.121186,9911.980936,2.85975,1,3,6,6,1.461785,0.079691
9913.123405,9914.017131,0.893726,1,1,2,1,0.077551,0.077551
9915.124039,9916.947723,1.823684,1,1,2,1,1.045659,1.045659
9917.12448,9917.989419,0.864939,1,2,3,2,0.500134,0.048182
9921.173577,9922.035243,0.861666,1,3,4,5,0.462341,0.041018
9925.12862,9928.953302,3.824682,1,3,7,4,1.495569,0.039541
9929.131569,9932.025798,2.894229,1,1,6,6,1.437446,0.061531
9935.133932,9936.036763,0.902831,1,3,3,3,0.498401,0.087517
9939.135164,9942.016038,2.880874,1,3,7,5,1.464695,0.066751
9945.138995,9946.029712,0.890717,1,3,3,1,0.498901,0.073732
9949.141861,9950.049576,0.907715,1,3,4,4,0.462131,0.054046
9953.14314,9956.007898,2.864758,1,3,6,8,1.456437,0.084095
9959.146202,9960.082873,0.936671,1,3,4,5,0.462161,0.073591
9963.148677,9964.971664,1.822987,1,3,4,6,0.985336,0.059711
9967.150723,9969.977688,2.826965,1,4,6,4,1.166101,0.079374
9971.152243,9972.975524,1.823281,1,1,2,1,1.045099,1.045099
9975.15497,9978.018346,2.863376,1,3,6,8,1.460845,0.08132
9981.158542,9982.039207,0.880665,1,3,3,2,0.499788,0.064802
9985.160079,9988.013172,2.853093,1,3,6,5,1.484822,0.058568
9991.16368,9994.106234,2.942554,1,3,7,8,1.476539,0.06633
9997.167113,9998.057789,0.890676,1,3,3,1,0.498741,0.075212
10001.168368,10002.01682,0.848452,1,3,3,1,0.500022,0.033576
10003.169355,10004.981658,1.812303,1,1,2,1,1.0051,1.0051
10007.171692,10010.034766,2.863074,1,3,6,8,1.459745,0.08216
10013.17501,10014.090809,0.915799,1,3,4,5,0.462349,0.051168
10015.175,10016.996313,1.821313,1,1,2,1,1.043172,1.043172
10019.177219,10021.001376,1.824157,1,3,3,3,0.969052,0.076265
10021.179015,10024.067594,2.888579,1,2,6,6,1.418631,0.064142
10027.18252,10030.005208,2.822688,1,3,6,8,1.496527,0.042626
10033.185547,10034.109895,0.924348,1,3,4,3,0.461697,0.070342
10035.185606,10037.008202,1.822596,1,1,2,1,1.044479,1.044479
10039.188241,10040.097318,0.909077,1,3,4,3,0.462935,0.055688
10043.18943,10045.013033,1.823603,1,3,4,3,0.896918,0.060158
10045.191614,10047.014317,1.822703,1,1,2,1,1.043968,1.043968
10049.192964,10051.017264,1.8243,1,3,3,3,0.976074,0.06944
10053.195379,10054.1315,0.936121,1,3,4,5,0.462783,0.075872
10057.197312,10060.143409,2.946097,1,3,7,7,1.475899,0.065888
10061.199389,10063.020492,1.821103,1,1,2,1,1.043991,1.043991
10065.201561,10066.107996,0.906435,1,3,3,3,0.499466,0.090983
10069.203336,10072.064399,2.861063,1,3,6,7,1.45943,0.079322
10075.206027,10077.030668,1.824641,1,3,4,1,0.930997,0.038221
10077.207343,10081.075995,3.868652,1,1,6,5,1.95238,0.050631
10085.21108,10086.080257,0.869177,1,3,3,3,0.499862,0.05336
10089.214212,10091.038287,1.824075,1,3,3,3,0.986156,0.059729
10093.215506,10094.113409,0.897903,1,3,3,2,0.499082,0.081365
10097.218243,10099.998818,2.780575,1,3,6,6,1.496148,0.044132
10103.221725,10104.070283,0.848558,1,3,3,2,0.497901,0.033284
10107.223362,10109.048189,1.824827,1,3,5,2,0.891489,0.077594
10111.225141,10114.079755,2.854614,1,3,6,7,1.473777,0.068639
10117.228493,10118.106364,0.877871,1,3,3,1,0.500458,0.061966
10121.230512,10124.076415,2.845903,1,3,6,6,1.477554,0.065151
10127.233741,10130.01423,2.780489,1,3,5,4,1.460789,0.082021
10131.235814,10132.126583,0.890769,1,1,2,1,0.074854,0.074854
10135.237229,10138.077078,2.839849,1,3,6,8,1.481275,0.057699
10141.240866,10143.063081,1.822215,1,3,3,3,0.981906,0.062176
10145.243165,10148.082275,2.83911,1,3,6,7,1.461506,0.059262
10149.2441,10150.146576,0.902476,1,1,2,1,0.085918,0.085918
10151.246036,10156.140813,4.894777,1,1,6,3,1.548091,0.075777
10157.249141,10159.074033,1.824892,1,1,2,1,1.045865,1.045865
10161.251077,10163.072049,1.820972,1,3,3,3,1.003127,0.040179
10165.252634,10166.153058,0.900424,1,3,4,4,0.499747,0.034189
10169.255618,10170.148201,0.892583,1,3,2,1,0.076998,0.076998
10173.258122,10175.080543,1.822421,1,3,4,4,0.956439,0.087183
10177.278667,10181.169654,3.890987,1,3,8,6,1.504652,0.036595
10183.262719,10185.086325,1.823606,1,3,4,4,0.989724,0.054403
10185.264509,10189.133967,3.869458,1,1,7,7,1.414316,0.062463
10191.267787,10193.088432,1.820645,1,3,4,3,0.908002,0.060029
10195.268402,10199.09523,3.826828,1,3,7,7,1.477261,0.065024
10201.271887,10204.122188,2.850301,1,3,6,8,1.473595,0.070518
10207.275096,10209.099801,1.824705,1,3,4,4,0.977189,0.068091
10211.276871,10216.170051,4.89318,1,3,8,6,1.5087,0.075582
10219.281855,10220.059876,0.778021,1,3,2,4,0.461811,0.461811
10221.281965,10223.156189,1.874224,1,1,3,1,0.976824,0.080249
10225.284349,10228.064782,2.780433,1,3,6,4,1.468615,0.072853
10231.289046,10232.185184,0.896138,1,3,3,3,0.499212,0.081161
10237.290416,10240.156882,2.866466,1,3,6,5,1.54741,0.081545
10243.293596,10245.116149,1.822553,1,3,4,4,0.962908,0.081965
10247.296907,10250.076545,2.779638,1,3,6,6,1.48257,0.059751
10253.298769,10256.153722,2.854953,1,3,6,8,1.461123,0.074083
10259.301654,10262.166675,2.865021,1,3,6,6,1.499152,0.045218
10263.304489,10264.211553,0.907064,1,1,2,1,0.091835,0.091835
10267.306696,10270.239794,2.933098,1,3,7,7,1.470282,0.071064
10273.30857,10275.133397,1.824827,1,3,3,2,0.961059,0.084641
10277.311339,10279.135077,1.823738,1,2,4,2,0.886301,0.075809
10279.313425,10282.189543,2.876118,1,1,6,6,1.418603,0.053008
10285.316164,10288.144572,2.828408,1,3,6,7,1.497392,0.044773
10291.31796,10294.174595,2.856635,1,3,6,6,1.506166,0.037206
10295.32129,10297.146946,1.825656,1,1,2,1,1.045835,1.045835
10299.32342,10301.145838,1.822418,1,3,3,5,0.999713,0.045035
10303.325937,10306.175885,2.849948,1,3,6,6,1.477544,0.06453
10309.327984,10311.152937,1.824953,1,3,2,3,1.046408,1.046408
10313.329962,10315.152123,1.822161,1,3,4,2,0.912149,0.056089
10317.33264,10319.155031,1.822391,1,3,3,2,0.983253,0.060855
10321.334779,10322.249541,0.914762,1,3,4,5,0.463418,0.058955
10325.335977,10326.113749,0.777772,1,3,2,4,0.46276,0.46276
10329.339538,10332.163754,2.824216,1,3,6,6,1.479225,0.0457
10335.341505,10336.275708,0.934203,1,3,4,4,0.464692,0.076255
10339.343813,10340.242261,0.898448,1,3,3,3,0.497739,0.083389
10343.346517,10345.170814,1.824297,1,3,4,6,0.983807,0.061604
10347.349289,10348.210579,0.86129,1,3,3,1,0.499685,0.045699
10351.349303,10352.23456,0.885257,1,3,3,1,0.499803,0.068014
10355.352025,10358.212622,2.860597,1,3,6,8,1.45595,0.081338
10361.355208,10362.256235,0.901027,1,3,4,3,0.461284,0.041459
10365.356874,10366.286374,0.9295,1,3,4,4,0.464138,0.074068
10369.359093,10372.224704,2.865611,1,3,6,8,1.456343,0.084746
10375.362006,10377.185959,1.823953,1,3,2,2,1.04485,1.04485
10379.365023,10381.18948,1.824457,1,3,4,3,0.974627,0.070556
10383.366513,10385.189482,1.822969,1,3,4,4,0.989579,0.05593
10387.368666,10388.259752,0.891086,1,3,2,1,0.075804,0.075804
10391.371586,10392.26823,0.896644,1,2,3,1,0.49999,0.081568
10395.373533,10397.195704,1.822171,1,3,2,3,1.044946,1.044946
10399.374653,10402.236027,2.861374,1,3,6,8,1.459732,0.081404
10405.377413,10408.289589,2.912176,1,3,7,8,1.484639,0.051091
10411.381311,10415.289816,3.908505,1,2,7,4,1.469883,0.040078
10417.385138,10418.316306,0.931168,1,3,4,5,0.462919,0.075718
10421.385598,10424.166159,2.780561,1,3,6,6,1.472719,0.069484
10425.389033,10427.211945,1.822912,1,1,2,1,1.043497,1.043497
10427.389534,10428.282315,0.892781,1,1,2,1,0.075285,0.075285
10429.39025,10431.213895,1.823645,1,1,2,1,1.044743,1.044743
10433.393456,10435.216574,1.823118,1,3,4,6,0.999494,0.046595
10437.393981,10440.232357,2.838376,1,3,6,8,1.423035,0.057769
10443.398227,10444.290565,0.892338,1,3,3,3,0.501193,0.07468
10447.400233,10450.239188,2.838955,1,3,6,6,1.472433,0.058051
10453.403358,10456.246309,2.842951,1,3,6,5,1.489304,0.051503
10457.406073,10459.227463,1.82139,1,1,2,1,1.044324,1.044324
10461.408003,10463.231283,1.82328,1,3,3,5,0.978174,0.066247
10463.408787,10466.348129,2.939342,1,1,5,2,1.461427,0.075768
10469.411745,10472.271589,2.859844,1,3,6,7,1.459667,0.080186
10475.414627,10478.279704,2.865077,1,3,6,7,1.4725,0.070908
10479.416959,10481.241681,1.824722,1,1,2,1,1.045245,1.045245
10481.418041,10484.284641,2.8666,1,1,6,6,1.44722,0.044016
10487.421626,10488.298181,0.876555,1,3,3,3,0.499131,0.060976
10491.422539,10494.282033,2.859494,1,3,6,6,1.456934,0.078976
10497.426383,10500.205565,2.779182,1,3,6,3,1.473492,0.062579
10503.43038,10507.255215,3.824835,1,3,8,8,1.467562,0.065797
10509.432369,10511.30362,1.871251,1,3,4,3,0.977125,0.076293
10513.433585,10514.318051,0.884466,1,3,3,3,0.49907,0.069013
10517.435504,10520.217096,2.781592,1,3,6,4,1.495809,0.046842
10521.438931,10523.262955,1.824024,1,1,2,1,1.044626,1.044626
10525.439647,10528.326859,2.887212,1,3,6,5,1.476435,0.072932
10531.442937,10532.337262,0.894325,1,3,2,3,0.078698,0.078698
10533.443796,10535.267872,1.824076,1,1,2,1,1.044559,1.044559
10537.447047,10539.271177,1.82413,1,3,4,6,0.976999,0.06733
10541.449029,10542.386809,0.93778,1,3,4,5,0.461187,0.076172
10545.450597,10548.30569,2.855093,1,3,6,8,1.486037,0.057651
10551.454687,10553.277693,1.823006,1,3,3,4,0.996324,0.047675
10555.457356,10557.279149,1.821793,1,3,2,0,1.044271,1.044271
10557.457627,10560.280824,2.823197,1,1,6,4,1.41823,0.076299
10563.46052,10565.28322,1.8227,1,3,3,4,0.988673,0.056145
10567.462398,10568.398204,0.935806,1,3,4,3,0.460149,0.074878
10571.465328,10573.288444,1.823116,1,3,3,2,0.971026,0.073431
10575.466255,10576.327177,0.860922,1,3,3,1,0.500575,0.044464
10579.469118,10582.349242,2.880124,1,3,6,5,1.439256,0.057162
10585.472189,10588.296846,2.824657,1,3,6,6,1.492364,0.045033
10591.474177,10595.300143,3.825966,1,3,7,7,1.460495,0.08065
10597.476983,10600.337889,2.860906,1,3,6,5,1.460668,0.081026
10601.480754,10604.384154,2.9034,1,1,4,2,1.546474,0.085617
10607.48268,10609.308083,1.825403,1,3,3,5,0.9733,0.072094
10609.484938,10612.376793,2.891855,1,1,6,6,1.436836,0.060505
10615.487583,10616.365934,0.878351,1,3,3,1,0.499417,0.062777
10619.48959,10621.315399,1.825809,1,3,3,3,0.977318,0.069392
10623.492082,10626.347742,2.85566,1,3,6,8,1.488721,0.055248
10629.494679,10631.362509,1.86783,1,3,4,3,0.972539,0.072931
10633.497624,10635.32059,1.822966,1,3,4,3,0.997795,0.046445
10635.498418,10638.377178,2.87876,1,1,6,6,1.440045,0.053149
10641.501443,10642.399845,0.898402,1,3,3,0,0.500767,0.081458
10645.501892,10648.285641,2.783749,1,3,6,5,1.475446,0.050938
10651.506122,10654.358133,2.852011,1,3,6,8,1.490234,0.050653
10657.509761,10659.333393,1.823632,1,3,2,3,1.0464,1.0464
10659.509997,10660.333953,0.823956,1,1,2,2,0.506875,0.506875
10661.511071,10664.402817,2.891746,1,1,4,2,1.54721,0.07598
10667.514471,10670.338269,2.823798,1,3,6,6,1.492968,0.043549
10673.517539,10676.377771,2.860232,1,3,6,6,1.461257,0.079089
10677.519278,10679.343693,1.824415,1,1,2,1,1.045539,1.045539
10681.522443,10684.341848,2.819405,1,3,6,8,1.491905,0.040025
10685.52409,10686.302452,0.778362,1,1,1,1,0.0,0.0
10687.524675,10691.351061,3.826386,1,2,8,6,1.459341,0.075699
10693.527464,10697.352478,3.825014,1,3,7,7,1.466134,0.058535
10699.531264,10702.311965,2.780701,1,3,6,3,1.484218,0.058548
10705.533943,10707.358718,1.824775,1,3,4,4,0.960314,0.085047
10709.53675,10712.370519,2.833769,1,3,6,5,1.464872,0.054553
10715.539578,10716.410237,0.870659,1,3,3,1,0.499156,0.055018
10719.542315,10721.367156,1.824841,1,3,4,4,0.963673,0.082148
10723.543907,10725.365605,1.821698,1,3,3,3,0.973238,0.070671
10727.546073,10728.407379,0.861306,1,2,3,1,0.499215,0.046526
10731.548104,10735.373307,3.825203,1,3,6,5,1.92219,0.080151
10737.55112,10738.414429,0.863309,1,3,3,1,0.500395,0.047559
10741.552607,10742.403381,0.850774,1,3,3,1,0.499878,0.034587
10745.55563,10748.404259,2.848629,1,3,6,8,1.478852,0.062334
10751.558503,10753.380895,1.822392,1,3,3,5,0.982832,0.062033
10755.560954,10759.386171,3.825217,1,3,7,7,1.482655,0.049032
10759.563182,10762.433232,2.87005,1,1,6,6,1.447815,0.044724
10765.566186,10767.389033,1.822847,1,3,3,4,1.000336,0.044507
10769.568029,10771.39037,1.822341,1,3,4,5,0.981794,0.062532
10773.569549,10774.440292,0.870743,1,3,3,0,0.500426,0.054987
10777.572101,10780.449067,2.876966,1,3,6,7,1.474297,0.067087
10783.575649,10785.40013,1.824481,1,3,3,5,0.99257,0.054038
10787.576387,10791.401026,3.824639,1,3,7,6,1.452371,0.061022
10793.58118,10796.409533,2.828353,1,3,6,6,1.464962,0.049021
10799.582995,10801.405299,1.822304,1,3,5,5,0.918808,0.050017
10803.585202,10806.432181,2.846979,1,3,6,5,1.479838,0.063028
10809.589733,10813.413558,3.823825,1,3,7,7,1.471314,0.072523
10815.591066,10816.535286,0.94422,1,3,3,4,0.090041,0.075537
10819.593721,10822.455415,2.861694,1,3,6,7,1.459315,0.081043
10825.597454,10826.45861,0.861156,1,3,3,1,0.49994,0.046032
10829.5986,10833.425834,3.827234,1,3,7,7,1.467825,0.050022
10833.601967,10836.497003,2.895036,1,1,6,6,1.425353,0.069031
10839.604425,10842.449005,2.84458,1,3,6,7,1.465763,0.065035
10845.607527,10847.432819,1.825292,1,2,3,3,0.983092,0.062523
10847.60861,10850.434548,2.825938,1,1,6,4,1.458819,0.038511
10853.611175,10856.481896,2.870721,1,3,6,6,1.488181,0.054608
10859.61484,10862.503919,2.889079,1,3,6,8,1.461204,0.061055
10865.618428,10867.441851,1.823423,1,3,4,3,0.96718,0.078525
10869.619623,10871.441745,1.822122,1,3,2,1,1.04463,1.04463
10873.623163,10876.403891,2.780728,1,3,6,6,1.471272,0.059535
10879.625357,10880.473471,0.848114,1,3,3,2,0.498799,0.032511
10883.627529,10884.40438,0.776851,1,3,1,0,0.0,0.0
10889.630241,10891.453435,1.823194,1,3,4,6,1.007221,0.036862
10891.6326,10892.616273,0.983673,1,1,4,3,0.506818,0.075542
10893.632467,10894.411024,0.778557,1,1,1,1,0.0,0.0
10895.633795,10897.501341,1.867546,1,1,4,4,0.958199,0.08755
10899.634147,10900.545233,0.911086,1,3,4,3,0.460807,0.056054
10903.638765,10906.475383,2.836618,1,3,6,6,1.492601,0.048554
10909.640273,10910.572275,0.932002,1,3,4,5,0.4608,0.075529
10913.643228,10916.485064,2.841836,1,2,6,6,1.481619,0.061523
10919.646559,10921.469491,1.822932,1,3,2,3,1.044619,1.044619
10923.648294,10925.473027,1.824733,1,3,4,6,0.964946,0.080553
10927.650398,10928.545022,0.894624,1,3,3,3,0.501156,0.078034
10931.65182,10934.499761,2.847941,1,3,6,6,1.491951,0.048556
10937.656383,10940.528867,2.872484,1,3,6,6,1.481586,0.057528
10943.658531,10945.481543,1.823012,1,3,3,3,0.992566,0.052187
10947.660219,10950.497235,2.837016,1,3,6,7,1.489516,0.052049
10953.664075,10956.545152,2.881077,1,3,7,7,1.472313,0.069779
10959.667092,10962.501958,2.834866,1,3,6,6,1.480988,0.054113
