Rel Start (s),Rel End (s),Interval Duration,Syncs,Acks,Data Packets,Missing Slots,Max Data Gap,Min Data Gap
0.0,4.946395,4.946395,1,3,6,4,2.001696,0.08049
8.003859,10.916708,2.912849,1,3,5,1,1.537157,0.080333
14.022511,18.104208,4.081697,1,3,6,1,1.264504,0.22472
22.02611,22.329622,0.303512,1,3,1,2,0.0,0.0
32.030493,38.914057,6.883564,1,3,6,3,2.016753,0.288022
44.037047,49.095427,5.05838,1,3,7,3,1.041214,0.463919
52.040579,57.099024,5.058445,1,3,6,2,1.536731,0.448066
64.046148,71.009727,6.963579,1,3,10,3,1.216489,0.272003
74.066875,77.973143,3.906268,1,3,5,3,1.536914,0.512382
80.06999,83.975805,3.905815,1,3,5,3,1.040856,0.239761
84.071576,87.017563,2.945987,1,2,5,2,1.824625,0.080113
88.074145,96.941973,8.867828,1,3,11,3,2.001043,0.22425
104.081916,110.180048,6.098132,1,3,6,5,2.00089,0.192338
114.086285,131.022283,16.935998,1,3,13,12,2.016817,0.27218
132.110146,135.056262,2.946116,1,2,5,3,1.537269,0.080402
136.11259,139.153905,3.041315,1,1,4,1,1.056214,0.447995
142.115916,142.43531,0.319394,1,3,1,3,0.0,0.0
148.118013,156.121723,8.00371,1,3,10,2,1.552319,0.223927
156.169865,156.490435,0.32057,1,1,1,1,0.0,0.0
160.123776,164.95815,4.834374,1,3,5,5,1.760639,0.240332
168.127409,172.049276,3.921867,1,3,6,1,1.039985,0.064629
174.14674,183.110239,8.963499,1,3,13,5,1.489512,0.271784
186.152732,195.148448,8.995716,1,3,13,2,1.136282,0.223948
198.158313,199.022393,0.86408,1,3,2,3,0.544108,0.544108
202.159497,209.251117,7.09162,1,3,11,2,1.264977,0.192026
212.164348,214.53358,2.369232,1,3,2,3,1.552682,1.552682
218.167116,236.464046,18.29693,1,3,23,7,2.00066,0.272102
240.194234,249.157633,8.963399,1,3,12,4,1.456755,0.271818
250.19875,255.064715,4.865965,1,1,5,3,1.53615,0.464748
256.200954,263.340232,7.139278,1,3,11,2,1.279905,0.048002
266.20651,275.042513,8.836003,1,3,9,6,2.001167,0.288017
278.227447,284.18276,5.955313,1,3,7,3,1.537011,0.288075
288.232573,291.14551,2.912937,1,3,6,1,1.263818,0.271488
292.234414,295.100097,2.865683,1,2,3,3,1.552488,0.272758
296.236433,303.151377,6.914944,1,1,8,3,1.552675,0.32032
308.241322,315.157362,6.91604,1,3,9,2,2.001163,0.320341
316.245172,320.887489,4.642317,1,2,5,4,2.00094,0.224416
324.249848,349.18931,24.939462,1,3,33,6,1.776397,0.225012
354.279879,360.87432,6.594441,1,3,5,3,2.00154,0.239488
364.284238,367.517801,3.233563,1,3,6,0,1.344341,0.192551
370.286798,373.600601,3.313803,1,5,4,6,2.001043,0.256062
374.288988,383.252901,8.963913,1,2,15,2,1.216572,0.239822
384.309118,400.588798,16.27968,1,2,19,7,1.553069,0.192246
404.319171,405.407222,1.088051,1,3,3,3,0.496538,0.271465
408.321203,427.290197,18.968994,1,3,26,4,2.001859,0.224365
430.330878,433.468729,3.137851,1,3,4,2,1.552708,0.496729
436.350038,441.264312,4.914274,1,3,8,3,1.217288,0.271611
444.353801,446.178267,1.824466,1,2,3,1,1.055789,0.464749
446.354714,448.179809,1.825095,1,2,2,2,1.056259,1.056259
448.355584,453.317714,4.96213,1,1,8,1,1.264121,0.239608
454.358728,457.032022,2.673294,1,2,4,2,1.040892,0.27174
460.361075,461.145577,0.784502,1,3,2,4,0.463957,0.463957
464.362869,466.187615,1.824746,1,3,2,3,1.040877,1.040877
466.363778,473.375408,7.01163,1,1,11,2,1.537412,0.271812
474.367945,474.688185,0.32024,1,3,1,1,0.0,0.0
478.369654,479.186028,0.816374,1,3,1,3,0.0,0.0
482.371777,482.692272,0.320495,1,3,1,3,0.0,0.0
486.373408,487.15755,0.784142,1,3,1,3,0.0,0.0
488.390359,490.695264,2.304905,1,1,2,2,2.000803,2.000803
494.39305,494.697143,0.304093,1,3,1,1,0.0,0.0
498.3955,501.308888,2.913388,1,3,5,3,1.04079,0.096579
502.397348,504.221616,1.824268,1,1,2,1,1.056055,1.056055
506.399125,507.215216,0.816091,1,2,2,1,0.751852,0.751852
510.400355,528.377016,17.976661,1,3,19,5,2.001611,0.224044
530.410025,531.227135,0.81711,1,3,1,0,0.0,0.0
540.415423,552.804869,12.389446,1,3,12,4,2.017404,0.271963
556.438949,557.302886,0.863937,1,3,3,3,0.480492,0.08002
560.440742,560.760317,0.319575,1,3,1,3,0.0,0.0
564.442005,565.227212,0.785207,1,3,1,3,0.0,0.0
566.443047,581.281852,14.838805,1,1,21,4,1.729066,0.271601
586.452263,587.23664,0.784377,1,2,1,1,0.0,0.0
592.455388,593.239778,0.78439,1,3,1,1,0.0,0.0
600.475593,602.284023,1.80843,1,3,2,1,1.040583,1.040583
602.476539,610.704485,8.227946,1,1,11,3,1.552875,0.287615
614.482157,625.222632,10.740475,1,3,12,6,2.000721,0.272074
628.488821,629.272789,0.783968,1,3,1,2,0.0,0.0
630.489501,631.27415,0.784649,1,3,2,4,0.465102,0.465102
632.489935,635.708044,3.218109,1,2,6,5,1.536841,0.064769
636.49215,637.277019,0.784869,1,1,1,1,0.0,0.0
638.493536,640.31791,1.824374,1,2,2,2,1.040772,1.040772
640.494054,643.679373,3.185319,1,2,4,2,1.552405,0.271667
646.513038,649.330229,2.817191,1,3,4,4,1.96866,0.079978
652.515454,656.469223,3.953769,1,3,6,4,1.53688,0.272638
656.517165,659.382922,2.865757,1,1,3,2,2.000979,0.544747
662.52074,667.434778,4.914038,1,3,8,4,1.680922,0.252594
668.523266,677.53523,9.011964,1,2,11,7,2.0013,0.095459
678.527219,679.312073,0.784854,1,1,1,1,0.0,0.0
684.530717,686.355494,1.824777,1,3,4,2,0.704052,0.063307
688.532512,690.356554,1.824042,1,3,4,5,0.960107,0.079246
690.533675,692.358067,1.824392,1,3,3,1,1.041219,0.463791
692.534242,699.417599,6.883357,1,2,11,4,1.456026,0.08022
702.554449,713.519658,10.965209,1,3,14,7,2.000571,0.064177
714.560431,715.328905,0.768474,1,1,1,1,0.0,0.0
720.562944,723.412736,2.849792,1,3,4,3,1.953685,0.048132
728.566992,731.207844,2.640852,1,3,4,2,1.232174,0.319823
734.569633,755.683644,21.114011,1,3,25,8,2.001014,0.224384
758.596812,768.553895,9.957083,1,3,12,6,2.001233,0.27299
768.601813,771.514953,2.91314,1,1,4,3,1.552964,0.271773
772.603446,780.991814,8.388368,1,2,9,4,2.001238,0.223825
784.608751,786.433869,1.825118,1,3,4,1,0.720513,0.048145
788.610889,791.716623,3.105734,1,3,6,4,1.473063,0.063806
794.613458,799.032269,4.418811,1,3,6,2,1.553436,0.272296
806.63487,813.550417,6.915547,1,3,9,4,1.552385,0.271959
814.63912,815.407464,0.768344,1,2,1,1,0.0,0.0
816.639877,817.456436,0.816559,1,2,1,1,0.0,0.0
824.64369,831.782982,7.139292,1,3,8,6,2.000191,0.225065
834.64822,834.96856,0.32034,1,3,1,3,0.0,0.0
838.650087,845.437584,6.787497,1,3,9,7,1.72889,0.09601
848.655307,853.361092,4.705785,1,3,8,3,1.216647,0.272416
858.676038,861.444992,2.768954,1,3,6,4,1.474099,0.063254
866.679327,868.503785,1.824458,1,3,3,3,1.040099,0.464232
870.681558,877.724185,7.042627,1,3,10,8,1.551991,0.064118
878.684937,880.50977,1.824833,1,1,2,1,1.040907,1.040907
882.686474,893.379792,10.693318,1,3,15,6,1.776146,0.08001
896.693947,901.799738,5.105791,1,3,8,6,1.489218,0.047877
904.713634,908.522777,3.809143,1,3,7,9,1.472748,0.048168
908.714841,909.483837,0.768996,1,2,2,2,0.464544,0.464544
912.71696,914.526041,1.809081,1,2,3,3,1.040118,0.46431
914.718304,917.359734,2.64143,1,2,5,3,1.040363,0.271494
918.719935,928.869005,10.14907,1,2,10,5,2.016301,0.417403
936.728662,937.512437,0.783775,1,3,1,1,0.0,0.0
942.731744,943.515393,0.783649,1,3,2,2,0.46399,0.46399
944.731869,951.56695,6.835081,1,3,12,1,1.217539,0.191513
952.735538,955.601468,2.86593,1,3,6,8,1.456197,0.080189
958.755144,959.571665,0.816521,1,3,2,2,0.512468,0.512468
962.757105,969.848262,7.091157,1,3,12,8,1.729192,0.0318
972.761624,973.530162,0.768538,1,3,1,2,0.0,0.0
974.762646,989.63355,14.870904,1,2,18,10,1.552132,0.079897
992.770292,993.634789,0.864497,1,3,3,3,0.496281,0.047219
996.772402,999.205831,2.433429,1,3,6,7,1.23307,0.047313
1000.774304,1001.60744,0.833136,1,2,2,2,0.512251,0.512251
1004.776974,1006.600937,1.823963,1,3,4,6,0.992322,0.047904
1008.778244,1013.741141,4.962897,1,3,6,5,1.536932,0.272788
1018.798684,1019.567188,0.768504,1,3,1,1,0.0,0.0
1024.802203,1027.666692,2.864489,1,3,6,6,1.457497,0.079911
1032.805743,1033.589664,0.783921,1,3,1,3,0.0,0.0
1034.806313,1037.703533,2.89722,1,2,5,5,1.456883,0.079078
1042.810787,1043.59451,0.783723,1,3,1,3,0.0,0.0
1044.811086,1045.691565,0.880479,1,2,3,1,0.496174,0.063937
1048.812956,1049.596956,0.784,1,3,1,3,0.0,0.0
1050.813889,1052.687478,1.873589,1,1,4,4,0.992603,0.048265
1052.81465,1054.640494,1.825844,1,1,2,1,1.040933,1.040933
1056.817058,1058.642228,1.82517,1,3,2,1,1.041215,1.041215
1060.834634,1063.604596,2.769962,1,3,4,2,1.504488,0.079948
1064.836519,1066.646036,1.809517,1,2,2,2,1.041077,1.041077
1072.841097,1073.609277,0.76818,1,3,1,1,0.0,0.0
1074.84118,1078.795708,3.954528,1,2,6,1,1.264131,0.271324
1082.845001,1084.670604,1.825603,1,3,2,1,1.04083,1.04083
1084.84661,1085.630405,0.783795,1,3,2,1,0.464006,0.464006
1088.848444,1089.729119,0.880675,1,3,3,3,0.496081,0.064673
1090.849166,1091.633241,0.784075,1,1,1,1,0.0,0.0
1092.849861,1095.715844,2.865983,1,3,3,2,1.552324,0.496642
1098.853147,1101.958524,3.105377,1,3,8,3,1.216566,0.047518
1104.855431,1111.275198,6.419767,1,3,9,4,1.552271,0.079717
1118.877884,1129.651872,10.773988,1,3,12,4,2.000977,0.272951
1132.884637,1134.709917,1.82528,1,3,2,0,1.040829,1.040829
1134.885638,1140.760245,5.874607,1,1,7,4,1.456432,0.49659
1140.888626,1141.977327,1.088701,1,1,2,1,0.272062,0.272062
1144.89043,1149.789144,4.898714,1,3,5,3,2.001263,0.064272
1150.893732,1161.794385,10.900653,1,1,18,3,1.18485,0.063675
1166.916962,1167.685133,0.768171,1,3,1,3,0.0,0.0
1168.917707,1177.562308,8.644601,1,2,12,2,1.536071,0.192342
1180.923381,1182.748918,1.825537,1,3,4,4,0.976802,0.079748
1182.924867,1183.244834,0.319967,1,2,1,1,0.0,0.0
1190.928738,1192.752932,1.824194,1,3,2,3,1.040568,1.040568
1192.928498,1195.298272,2.369774,1,1,2,2,1.55285,1.55285
1198.932341,1202.101794,3.169453,1,3,7,5,1.457128,0.06409
1202.933758,1204.758124,1.824366,1,1,2,1,1.039495,1.039495
1204.935078,1207.255977,2.320899,1,2,3,3,1.504539,0.496645
1210.938066,1211.770135,0.832069,1,3,2,4,0.512215,0.512215
1216.940519,1217.725294,0.784775,1,3,1,1,0.0,0.0
1218.957872,1221.727135,2.769263,1,3,5,5,1.504883,0.063931
1226.961381,1227.729385,0.768004,1,3,2,2,0.464152,0.464152
1228.962463,1229.778693,0.81623,1,2,1,1,0.0,0.0
1232.964475,1234.788359,1.823884,1,3,4,4,0.959873,0.09569
1238.966492,1239.751655,0.785163,1,3,2,1,0.46526,0.46526
1240.967849,1244.841537,3.873688,1,3,5,5,2.001058,0.063771
1248.971213,1250.795804,1.824591,1,3,4,5,0.959406,0.08086
1252.973,1255.294138,2.321138,1,3,3,1,1.455971,0.545006
1260.976749,1263.811,2.834251,1,3,5,2,1.264236,0.079654
1266.980411,1277.000812,10.020401,1,3,10,9,2.000451,0.080409
1277.033273,1278.889872,1.856599,1,2,5,3,0.705463,0.048664
1281.002625,1281.770842,0.768217,1,3,1,3,0.0,0.0
1283.003588,1287.901812,4.898224,1,3,6,5,1.537357,0.079724
1289.006717,1291.360069,2.353352,1,2,2,3,1.536894,1.536894
1295.008913,1301.38031,6.371397,1,3,6,3,1.553003,0.447825
1305.014284,1325.952023,20.937739,1,3,22,12,2.017232,0.271847
1329.040833,1335.684156,6.643323,1,3,8,2,2.000572,0.272011
1339.045559,1339.814101,0.768542,1,3,1,2,0.0,0.0
1341.046377,1342.872067,1.82569,1,2,2,1,1.056519,1.056519
1345.048501,1345.368839,0.320338,1,2,1,0,0.0,0.0
1349.050581,1350.875602,1.825021,1,3,2,2,1.040445,1.040445
1351.051676,1355.965528,4.913852,1,1,8,3,1.280919,0.048114
1357.054037,1357.86968,0.815643,1,2,1,1,0.0,0.0
1363.05686,1372.774043,9.717183,1,3,16,6,1.264039,0.080897
1373.062492,1379.897331,6.834839,1,1,5,4,2.000747,0.464394
1383.083038,1388.013537,4.930499,1,3,6,3,2.000673,0.064632
1391.086612,1398.001328,6.914716,1,3,8,4,1.728355,0.272139
1403.091981,1403.876117,0.784136,1,3,1,0,0.0,0.0
1405.092735,1405.909584,0.816849,1,3,2,1,0.496658,0.496658
1407.094529,1409.783392,2.688863,1,1,4,2,1.552805,0.271825
1413.096897,1413.929341,0.832444,1,3,2,1,0.51227,0.51227
1419.099694,1419.419868,0.320174,1,3,1,3,0.0,0.0
1423.101471,1423.917844,0.816373,1,3,1,1,0.0,0.0
1427.119989,1427.935937,0.815948,1,3,1,1,0.0,0.0
1431.121281,1449.145627,18.024346,1,3,19,12,2.001547,0.080784
1451.131167,1451.915476,0.784309,1,3,2,4,0.464257,0.464257
1455.132663,1458.062175,2.929512,1,3,5,4,1.536866,0.047647
1463.135824,1463.920224,0.7844,1,3,2,4,0.463754,0.463754
1465.137396,1475.92646,10.789064,1,1,14,6,2.016671,0.192881
1477.14315,1480.248221,3.105071,1,2,4,2,1.040584,0.28761
1483.161484,1486.075502,2.914018,1,3,4,4,1.553423,0.271815
1487.162941,1487.931775,0.768834,1,1,1,1,0.0,0.0
1493.166136,1494.991666,1.82553,1,3,2,3,1.040617,1.040617
1499.169211,1500.993959,1.824748,1,3,2,3,1.040412,1.040412
1505.172498,1506.996999,1.824501,1,3,2,1,1.040361,1.040361
1511.175046,1537.603563,26.428517,1,3,30,8,2.001022,0.271866
1541.205487,1545.063447,3.85796,1,2,4,4,1.999627,0.513486
1545.206742,1547.03226,1.825518,1,3,2,1,1.057202,1.057202
1549.208686,1550.10572,0.897034,1,3,3,1,0.495789,0.080434
1555.212048,1559.148871,3.936823,1,3,6,4,1.520822,0.063939
1559.213556,1561.646949,2.433393,1,1,4,4,1.536579,0.080018
1565.216316,1571.939836,6.72352,1,3,8,7,2.000681,0.064494
1575.220683,1577.045845,1.825162,1,3,4,4,0.976229,0.063784
1579.223177,1582.055951,2.832774,1,3,6,0,1.217103,0.191974
1583.240782,1584.00913,0.768348,1,1,1,1,0.0,0.0
1585.241924,1586.010212,0.768288,1,3,1,2,0.0,0.0
1591.244435,1592.01246,0.768025,1,3,2,4,0.463762,0.463762
1593.245736,1594.061774,0.816038,1,2,1,1,0.0,0.0
1597.247437,1604.066847,6.81941,1,3,13,4,1.232458,0.064108
1605.250788,1607.075795,1.825007,1,2,2,1,1.040881,1.040881
1615.256063,1616.040498,0.784435,1,3,2,4,0.464159,0.464159
1617.256381,1619.082099,1.825718,1,2,3,3,0.960699,0.080079
1619.258036,1620.138044,0.880008,1,1,3,3,0.51236,0.04763
1623.260044,1625.628924,2.36888,1,3,3,0,1.264357,0.28882
1633.264313,1636.097921,2.833608,1,3,3,5,2.00022,0.513164
1637.282776,1638.09826,0.815484,1,1,1,1,0.0,0.0
1641.283736,1644.10106,2.817324,1,3,4,2,1.488908,0.511457
1647.286672,1648.055327,0.768655,1,3,1,1,0.0,0.0
1649.287612,1652.153414,2.865802,1,2,3,2,2.000745,0.544439
1661.293587,1662.07827,0.784683,1,3,2,2,0.465204,0.465204
1667.296365,1669.66514,2.368775,1,3,3,4,1.552603,0.496233
1673.299777,1673.619025,0.319248,1,3,1,3,0.0,0.0
1677.301391,1678.085242,0.783851,1,3,1,1,0.0,0.0
1679.302086,1682.231835,2.929749,1,2,4,4,1.552135,0.048212
1685.320309,1690.251033,4.930724,1,3,8,5,1.552416,0.064014
1695.326007,1700.190893,4.864886,1,3,8,3,1.712414,0.222954
1703.329353,1704.145865,0.816512,1,3,1,0,0.0,0.0
1705.330792,1714.166894,8.836102,1,2,11,6,1.553268,0.048576
1717.335897,1718.216694,0.880797,1,3,3,3,0.496267,0.064676
1719.336979,1721.161656,1.824677,1,2,2,1,1.040074,1.040074
1721.337554,1726.236157,4.898603,1,2,6,2,1.985962,0.063998
1727.341156,1728.125106,0.78395,1,1,1,1,0.0,0.0
1729.341994,1733.983447,4.641453,1,3,6,5,1.504316,0.288546
1735.344531,1737.168747,1.824216,1,1,2,1,1.039844,1.039844
1739.346554,1740.178579,0.832025,1,3,2,4,0.512287,0.512287
1741.36351,1744.453246,3.089736,1,2,3,2,2.001311,0.272392
1747.366051,1760.14057,12.774519,1,3,14,8,2.000626,0.080434
1761.373379,1765.326585,3.953206,1,3,6,4,1.536496,0.096149
1765.375334,1768.560641,3.185307,1,2,5,4,2.001116,0.080113
1771.377676,1773.314529,1.936853,1,3,5,3,0.832144,0.079278
1775.379654,1780.277997,4.898343,1,3,6,7,2.000746,0.064553
1785.384017,1787.801459,2.417442,1,3,5,5,1.504501,0.063784
1791.387572,1792.172033,0.784461,1,3,1,3,0.0,0.0
1793.404019,1795.213361,1.809342,1,2,2,2,1.04086,1.04086
1795.405487,1795.70918,0.303693,1,1,1,1,0.0,0.0
1799.405893,1801.214938,1.809045,1,3,2,0,1.039552,1.039552
1805.410031,1808.25879,2.848759,1,2,6,2,1.504447,0.032068
1809.412021,1810.22845,0.816429,1,2,1,2,0.0,0.0
1813.413523,1824.186937,10.773414,1,3,11,5,2.000552,0.272952
1827.420039,1833.247254,5.827215,1,3,10,5,1.552981,0.031824
1837.425205,1838.25713,0.831925,1,3,2,4,0.512291,0.512291
1839.425759,1843.251785,3.826026,1,3,6,5,1.456508,0.079904
1843.443384,1844.212511,0.769127,1,2,2,2,0.464995,0.464995
1847.445444,1851.270947,3.825503,1,3,4,4,1.937781,0.06324
1853.448096,1855.257029,1.808933,1,3,4,6,0.960509,0.080176
1857.450465,1859.275517,1.825052,1,3,3,2,0.976452,0.08023
1861.452547,1862.268686,0.816139,1,3,2,1,0.496786,0.496786
1865.454214,1866.350696,0.896482,1,3,3,0,0.495398,0.080634
1869.456507,1873.393894,3.937387,1,3,7,7,1.472861,0.064211
1873.458162,1875.282237,1.824075,1,2,2,1,1.04012,1.04012
1875.458466,1876.355123,0.896657,1,2,2,2,0.079824,0.079824
1877.459959,1878.244002,0.784043,1,3,1,1,0.0,0.0
1883.462545,1886.424451,2.961906,1,3,6,5,1.552552,0.048197
1887.464396,1889.289071,1.824675,1,2,2,1,1.039962,1.039962
1891.466549,1896.380798,4.914249,1,3,6,5,2.000267,0.288726
1897.485492,1898.253845,0.768353,1,1,1,1,0.0,0.0
1899.486317,1901.790673,2.304356,1,1,2,2,2.000672,2.000672
1905.488889,1906.369577,0.880688,1,3,3,2,0.511414,0.064655
1907.489723,1908.386091,0.896368,1,1,2,1,0.080306,0.080306
1909.491116,1909.794813,0.303697,1,2,1,1,0.0,0.0
1913.492778,1914.276902,0.784124,1,3,1,1,0.0,0.0
1915.493613,1916.27762,0.784007,1,3,1,1,0.0,0.0
1917.494535,1921.320662,3.826127,1,3,5,6,1.951994,0.048194
1921.496606,1922.312614,0.816008,1,3,2,2,0.496339,0.496339
1925.498739,1926.394861,0.896122,1,3,3,3,0.495947,0.080644
1929.500179,1930.396864,0.896685,1,3,3,1,0.496159,0.080719
1933.501908,1934.286317,0.784409,1,3,2,3,0.46435,0.46435
1937.504277,1938.400674,0.896397,1,2,2,1,0.079916,0.079916
1939.504476,1942.337795,2.833319,1,1,3,3,2.000829,0.511918
1943.507059,1945.331172,1.824113,1,2,2,1,1.039724,1.039724
1945.507476,1945.828141,0.320665,1,1,1,1,0.0,0.0
1949.525045,1950.42226,0.897215,1,3,3,1,0.513036,0.080342
1953.527482,1955.336411,1.808929,1,3,3,4,1.040515,0.464224
1955.528388,1956.344679,0.816291,1,2,1,2,0.0,0.0
1961.531692,1962.428036,0.896344,1,3,3,2,0.511405,0.081415
1965.533145,1966.349216,0.816071,1,2,2,3,0.496147,0.496147
1967.533806,1971.440018,3.906212,1,1,5,5,1.535459,0.064231
1975.537295,1976.433669,0.896374,1,3,2,1,0.079261,0.079261
1979.539443,1982.437274,2.897831,1,3,3,2,2.001004,0.080014
1991.544852,1992.329401,0.784549,1,3,2,2,0.463926,0.463926
1993.545673,1995.371356,1.825683,1,1,2,1,1.041269,1.041269
1995.547369,1996.491602,0.944233,1,2,4,3,0.464624,0.079839
1997.54779,1998.332742,0.784952,1,3,2,2,0.464391,0.464391
2003.566925,2004.334187,0.767262,1,3,1,1,0.0,0.0
2007.569012,2009.393425,1.824413,1,3,4,4,0.912022,0.064118
2013.571883,2016.468466,2.896583,1,3,5,3,1.456907,0.079729
2019.573584,2020.358966,0.785382,1,3,2,3,0.464096,0.464096
2023.575899,2027.40236,3.826461,1,3,6,5,1.472128,0.063973
2031.579992,2033.405175,1.825183,1,3,4,3,0.896858,0.063808
2033.580752,2036.430585,2.849833,1,2,5,5,1.552601,0.064241
2039.584032,2044.418467,4.834435,1,3,5,6,2.001199,0.496125
2045.586175,2047.411244,1.825069,1,2,2,1,1.040596,1.040596
2055.606958,2062.474569,6.867611,1,3,6,5,2.001563,0.07993
2065.612607,2068.013544,2.400937,1,3,3,4,1.537095,0.559935
2073.616218,2077.441694,3.825476,1,3,6,7,1.45703,0.079478
2079.618991,2080.563651,0.94466,1,3,3,2,0.544744,0.080072
2081.619914,2083.444818,1.824904,1,1,2,1,1.040279,1.040279
2085.621412,2085.941377,0.319965,1,3,1,0,0.0,0.0
2093.625913,2095.450679,1.824766,1,3,2,3,1.041466,1.041466
2101.644747,2102.413446,0.768699,1,3,1,0,0.0,0.0
2103.646052,2104.462775,0.816723,1,1,2,2,0.512298,0.512298
2105.647427,2106.415218,0.767791,1,2,1,1,0.0,0.0
2107.647683,2108.496495,0.848812,1,2,3,1,0.513168,0.031583
2115.651712,2116.46849,0.816778,1,3,2,4,0.512825,0.512825
2117.653237,2118.549606,0.896369,1,2,2,2,0.079947,0.079947
2119.653744,2120.470736,0.816992,1,2,1,2,0.0,0.0
2123.655846,2125.480437,1.824591,1,3,3,2,0.99213,0.047704
2127.657458,2128.441992,0.784534,1,3,2,2,0.464034,0.464034
2133.6608,2135.48564,1.82484,1,3,4,6,0.977074,0.063782
2137.662846,2138.55863,0.895784,1,3,2,0,0.080247,0.080247
2141.664784,2142.448415,0.783631,1,3,1,2,0.0,0.0
2143.666039,2143.985652,0.319613,1,2,1,2,0.0,0.0
2147.666782,2150.500839,2.834057,1,3,5,4,1.472816,0.063243
2151.669625,2154.566737,2.897112,1,2,6,6,1.424605,0.06449
2157.687439,2159.496091,1.808652,1,3,3,3,0.975061,0.064435
2165.692166,2167.597212,1.905046,1,3,4,2,0.976661,0.08016
2169.693824,2170.462426,0.768602,1,3,1,1,0.0,0.0
2171.695042,2171.998885,0.303843,1,1,1,1,0.0,0.0
2175.697053,2178.593836,2.896783,1,3,5,3,1.553179,0.04859
2181.699307,2182.484415,0.785108,1,3,1,0,0.0,0.0
2183.70084,2184.51698,0.81614,1,3,2,2,0.496754,0.496754
2187.702854,2189.639815,1.936961,1,3,4,1,0.976556,0.096232
2189.703723,2190.599673,0.89595,1,2,2,1,0.07985,0.07985
2195.706726,2200.027978,4.321252,1,3,4,5,2.001311,0.543628
2203.709326,2208.128079,4.418753,1,3,5,5,1.969474,0.063916
2211.72959,2215.635455,3.905865,1,3,4,2,1.537037,0.512066
2219.734088,2224.632158,4.89807,1,3,6,2,2.001458,0.080102
2227.737548,2228.602321,0.864773,1,2,3,2,0.495661,0.048703
2229.738296,2230.634701,0.896405,1,1,2,1,0.080154,0.080154
2231.739868,2232.523476,0.783608,1,3,1,0,0.0,0.0
2233.740689,2234.636407,0.895718,1,3,2,2,0.079348,0.079348
2237.74216,2240.624093,2.881933,1,3,4,5,2.000896,0.064394
2243.74568,2244.560959,0.815279,1,3,2,3,0.495232,0.495232
2247.747033,2249.571555,1.824522,1,3,2,2,1.040228,1.040228
2249.748403,2250.068623,0.32022,1,1,1,1,0.0,0.0
2253.750393,2256.103619,2.353226,1,3,4,4,1.505401,0.063342
2257.751868,2258.536053,0.784185,1,3,1,1,0.0,0.0
2259.753002,2262.233914,2.480912,1,1,6,4,1.425375,0.063842
2263.770604,2264.539108,0.768504,1,2,2,2,0.464262,0.464262
2265.771621,2267.580567,1.808946,1,1,2,1,1.040912,1.040912
2269.773061,2271.582378,1.809317,1,3,2,2,1.040115,1.040115
2275.77619,2277.600833,1.824643,1,3,2,1,1.056108,1.056108
2277.777237,2280.097672,2.320435,1,2,3,2,1.455649,0.560303
2283.780479,2284.66033,0.879851,1,3,3,3,0.496397,0.063623
2287.78256,2290.728034,2.945474,1,3,5,2,1.536506,0.081036
2293.784806,2294.570026,0.78522,1,3,2,1,0.465017,0.465017
2295.7861,2296.730329,0.944229,1,2,3,2,0.079915,0.079631
2301.788602,2308.160086,6.371484,1,3,4,4,2.00086,1.553234
2311.793949,2314.722764,2.928815,1,3,5,6,1.553106,0.047785
2319.81391,2320.581608,0.767698,1,3,1,3,0.0,0.0
2325.816646,2331.834901,6.018255,1,3,8,5,2.000869,0.031918
2331.915085,2332.731843,0.816758,1,2,3,2,0.737268,0.07949
2341.823911,2344.722016,2.898105,1,3,5,1,1.55256,0.079903
2351.828591,2354.149915,2.321324,1,3,3,2,1.504042,0.496312
2357.831829,2360.248692,2.416863,1,3,3,1,1.552471,0.54457
2363.834496,2364.779621,0.945125,1,3,3,3,0.544097,0.080471
2365.836039,2366.620109,0.78407,1,1,1,1,0.0,0.0
2367.836838,2369.709915,1.873077,1,2,3,3,1.04111,0.511622
2369.853656,2370.750445,0.896789,1,2,2,1,0.080324,0.080324
2371.85437,2372.622748,0.768378,1,2,1,1,0.0,0.0
2373.855933,2374.735786,0.879853,1,2,3,1,0.51157,0.064161
2375.85653,2376.62522,0.76869,1,2,1,1,0.0,0.0
2377.857577,2380.627168,2.769591,1,3,4,6,1.552421,0.047599
2385.861014,2386.757611,0.896597,1,3,2,3,0.080128,0.080128
2395.86633,2397.690723,1.824393,1,3,2,3,1.039715,1.039715
2397.867033,2399.691937,1.824904,1,1,2,1,1.040051,1.040051
2399.8685,2403.806455,3.937955,1,1,5,5,1.5376,0.03239
2403.870426,2404.189835,0.319409,1,3,1,0,0.0,0.0
2407.871772,2408.192614,0.320842,1,3,1,0,0.0,0.0
2411.874292,2414.771293,2.897001,1,3,5,4,1.504646,0.079773
2419.877703,2420.773977,0.896274,1,3,3,0,0.512454,0.063581
2427.897654,2429.753696,1.856042,1,3,3,1,1.03979,0.511908
2429.898795,2431.755683,1.856888,1,1,3,2,1.040381,0.512488
2433.900101,2437.758185,3.858084,1,2,6,3,1.48902,0.080366
2439.903159,2441.75992,1.856761,1,3,3,1,0.960561,0.079736
2443.904969,2445.826409,1.92144,1,3,4,3,0.976244,0.080199
2449.907881,2452.725521,2.81764,1,3,3,4,2.000987,0.496243
2457.944207,2458.776285,0.832078,1,3,2,2,0.544345,0.544345
2461.913621,2462.698008,0.784387,1,3,2,2,0.463818,0.463818
2463.915161,2468.813105,4.897944,1,2,7,4,1.553051,0.06363
2469.917704,2470.702093,0.784389,1,2,1,1,0.0,0.0
2471.918581,2472.239183,0.320602,1,2,1,1,0.0,0.0
2475.920299,2478.834054,2.913755,1,1,5,2,1.537037,0.079825
2479.938596,2483.892496,3.9539,1,2,5,2,1.536472,0.080699
2485.941594,2490.31122,4.369626,1,3,4,5,2.001605,0.512263
2493.945334,2496.762693,2.817359,1,3,4,2,1.505607,0.495409
2497.947568,2498.763989,0.816421,1,2,2,2,0.497007,0.497007
2499.947868,2502.349544,2.401676,1,2,4,4,1.521262,0.047737
2503.950296,2504.734619,0.784323,1,2,2,2,0.464605,0.464605
2509.953404,2510.737269,0.783865,1,3,2,2,0.464363,0.464363
2515.955941,2517.828846,1.872905,1,3,3,1,0.976861,0.079444
2517.956486,2518.741384,0.784898,1,2,1,2,0.0,0.0
2523.960147,2524.840465,0.880318,1,3,3,2,0.495548,0.064711
2525.961224,2527.785446,1.824222,1,1,2,1,1.040392,1.040392
2527.961341,2530.859031,2.89769,1,3,6,8,1.47341,0.063754
2535.981497,2537.806646,1.825149,1,3,2,0,1.05637,1.05637
2537.981888,2542.977092,4.995204,1,2,6,4,1.536903,0.080878
2551.989127,2552.773673,0.784546,1,3,1,3,0.0,0.0
2553.990219,2554.885851,0.895632,1,3,2,2,0.078948,0.078948
2555.991097,2556.855362,0.864265,1,2,2,1,0.544798,0.544798
2559.99244,2562.921882,2.929442,1,3,5,6,1.552505,0.047805
2563.995058,2564.827485,0.832427,1,3,2,3,0.512119,0.512119
2565.995882,2568.316481,2.320599,1,1,2,2,2.000543,2.000543
2573.999765,2578.929318,4.929553,1,3,6,6,1.584319,0.047448
2582.019231,2582.91553,0.896299,1,3,2,1,0.080105,0.080105
2586.020759,2587.845979,1.82522,1,3,3,2,0.960094,0.095824
2590.022128,2591.847573,1.825445,1,3,3,2,1.055867,0.464696
2594.025563,2594.841295,0.815732,1,3,2,2,0.047727,0.047727
2598.02748,2599.852024,1.824544,1,3,2,3,1.056486,1.056486
2604.029772,2605.854823,1.825051,1,3,3,3,0.992061,0.063961
2610.032698,2612.946511,2.913813,1,3,4,3,1.536664,0.512893
2618.036292,2620.822021,2.785729,1,3,3,3,1.936936,0.064538
2622.038426,2622.983066,0.94464,1,3,3,3,0.544436,0.080195
2624.039749,2629.097818,5.058069,1,2,7,6,1.552533,0.048371
2632.043394,2632.828097,0.784703,1,3,1,1,0.0,0.0
2634.044331,2634.829045,0.784714,1,2,1,1,0.0,0.0
2636.045584,2636.830065,0.784481,1,3,2,4,0.46412,0.46412
2638.062038,2638.909765,0.847727,1,3,2,3,0.543533,0.543533
2642.063921,2643.873199,1.809278,1,3,5,5,0.88091,0.079436
2652.069431,2653.893539,1.824108,1,3,2,2,1.056262,1.056262
2662.07408,2664.922889,2.848809,1,3,6,4,1.487982,0.032037
2672.078816,2672.894939,0.816123,1,3,1,3,0.0,0.0
2676.08107,2677.025345,0.944275,1,3,3,3,0.543955,0.080309
2678.081434,2678.865573,0.784139,1,1,1,1,0.0,0.0
2680.082721,2680.978893,0.896172,1,3,2,1,0.079696,0.079696
2684.08481,2684.900578,0.815768,1,3,1,1,0.0,0.0
2688.086784,2689.030462,0.943678,1,3,3,2,0.54431,0.079248
2694.1049,2696.98632,2.88142,1,3,4,3,1.537631,0.064251
2700.107653,2701.036323,0.92867,1,3,3,3,0.080157,0.079846
2704.109691,2707.071385,2.961694,1,3,7,9,1.488738,0.080115
2708.111892,2708.8961,0.784208,1,2,1,2,0.0,0.0
2714.115101,2714.899334,0.784233,1,3,2,2,0.464768,0.464768
2720.11754,2721.942538,1.824998,1,3,2,1,1.040995,1.040995
2722.118805,2724.936326,2.817521,1,2,2,2,2.0013,2.0013
2728.121415,2731.066914,2.945499,1,3,4,3,2.001236,0.080885
2732.123092,2733.01991,0.896818,1,2,2,2,0.079981,0.079981
2736.125672,2737.950235,1.824563,1,3,2,2,1.040386,1.040386
2738.12637,2738.910418,0.784048,1,2,1,1,0.0,0.0
2740.127261,2740.447302,0.320041,1,3,1,1,0.0,0.0
2744.14529,2744.913787,0.768497,1,3,2,4,0.464592,0.464592
2746.146251,2750.00393,3.857679,1,2,5,4,1.45748,0.511839
2758.151416,2758.920325,0.768909,1,3,2,2,0.464629,0.464629
2760.153098,2763.034391,2.881293,1,2,4,4,2.000018,0.064811
2766.155127,2769.069079,2.913952,1,3,4,5,1.55282,0.048154
2772.158958,2775.103366,2.944408,1,3,4,6,1.552687,0.080039
2782.163162,2784.948277,2.785115,1,3,4,3,1.536215,0.048197
2786.165143,2787.989836,1.824693,1,2,2,1,1.040021,1.040021
2788.166073,2789.046939,0.880866,1,2,3,1,0.496889,0.064173
2796.169606,2798.043097,1.873491,1,3,4,3,0.993029,0.047539
2804.189841,2805.037828,0.847987,1,3,2,1,0.543635,0.543635
2808.191922,2809.088175,0.896253,1,3,2,3,0.079658,0.079658
2812.193231,2812.257707,0.064476,1,1,1,1,0.0,0.0
2816.195324,2819.093184,2.89786,1,3,3,4,2.001122,0.079989
2820.198152,2820.981807,0.783655,1,2,1,1,0.0,0.0
2826.200691,2829.066285,2.865594,1,3,3,2,1.552673,0.496687
2830.202619,2835.180292,4.977673,1,2,7,5,2.000486,0.064251
2842.20769,2842.992433,0.784743,1,3,1,1,0.0,0.0
2848.210654,2848.995077,0.784423,1,3,1,3,0.0,0.0
2850.212053,2850.996797,0.784744,1,3,1,2,0.0,0.0
2852.229133,2852.53277,0.303637,1,1,1,1,0.0,0.0
2858.232255,2859.176085,0.94383,1,2,3,2,0.112247,0.063879
2860.232782,2862.041756,1.808974,1,2,2,2,1.040217,1.040217
2864.235139,2865.003022,0.767883,1,3,1,3,0.0,0.0
2870.236722,2871.150338,0.913616,1,3,4,4,0.464707,0.048781
2874.239156,2876.06415,1.824994,1,3,5,4,0.895928,0.063976
2880.241961,2883.139785,2.897824,1,3,4,1,1.552625,0.079857
2886.245049,2887.157222,0.912173,1,3,4,3,0.496379,0.032008
2890.247005,2891.191266,0.944261,1,3,3,0,0.544604,0.079284
2896.250159,2897.03411,0.783951,1,3,2,2,0.464095,0.464095
2898.250957,2898.571248,0.320291,1,2,1,1,0.0,0.0
2902.252793,2902.572849,0.320056,1,3,1,0,0.0,0.0
2908.2721,2908.576341,0.304241,1,3,1,0,0.0,0.0
2918.276742,2919.124689,0.847947,1,3,3,2,0.496682,0.031542
2922.278788,2927.145034,4.866246,1,3,6,5,2.001109,0.047713
2930.282294,2931.067029,0.784735,1,3,2,4,0.46447,0.46447
2932.283765,2933.06782,0.784055,1,2,1,1,0.0,0.0
2934.283523,2937.101956,2.818433,1,3,3,5,1.985067,0.048159
2944.289097,2948.1143,3.825203,1,3,6,4,1.920785,0.064906
2948.291077,2949.074965,0.783888,1,1,1,1,0.0,0.0
2950.292081,2951.075928,0.783847,1,3,2,2,0.46406,0.46406
2952.292856,2954.117978,1.825122,1,3,3,5,0.99295,0.047557
2958.311307,2961.160696,2.849389,1,3,5,4,1.488898,0.032063
2966.315896,2968.139962,1.824066,1,3,2,3,1.055957,1.055957
2970.317025,2975.295754,4.978729,1,3,7,3,1.536177,0.07983
2976.32056,2977.217242,0.896682,1,1,2,1,0.080421,0.080421
2978.32118,2979.089309,0.768129,1,2,2,2,0.447969,0.447969
2980.322108,2985.188904,4.866796,1,3,7,5,1.521144,0.0795
2992.328414,2993.144514,0.8161,1,3,1,3,0.0,0.0
2996.329548,2998.202396,1.872848,1,3,3,2,1.039934,0.512104
2998.330058,3004.285933,5.955875,1,3,7,5,2.001027,0.064346
3010.336478,3011.168938,0.83246,1,3,2,4,0.512583,0.512583
3012.353587,3013.168892,0.815305,1,3,1,2,0.0,0.0
3016.355771,3017.172158,0.816387,1,3,2,2,0.512789,0.512789
3020.35709,3023.175142,2.818052,1,3,2,4,2.001533,2.001533
3030.36249,3031.257825,0.895335,1,3,2,2,0.079917,0.079917
3032.36331,3035.292242,2.928932,1,2,5,3,1.457325,0.064251
3036.364625,3040.73504,4.370415,1,1,3,3,2.017606,1.535975
3044.368605,3046.19392,1.825315,1,3,2,1,1.040739,1.040739
3050.372025,3052.1963,1.824275,1,3,2,0,1.040336,1.040336
3054.373507,3056.198557,1.82505,1,3,2,1,1.040254,1.040254
3058.375533,3062.329857,3.954324,1,3,7,6,1.520163,0.04826
3062.377712,3064.201904,1.824192,1,2,2,2,1.039623,1.039623
3064.393865,3065.32257,0.928705,1,2,3,1,0.543892,0.079763
3066.395502,3067.291294,0.895792,1,1,2,1,0.079817,0.079817
3076.400177,3076.70403,0.303853,1,3,1,2,0.0,0.0
3080.401778,3081.21862,0.816842,1,3,2,2,0.496061,0.496061
3090.407135,3091.22316,0.816025,1,3,1,1,0.0,0.0
3096.410186,3098.234686,1.8245,1,3,4,4,0.896636,0.047613
3098.411009,3099.194703,0.783694,1,1,1,1,0.0,0.0
3100.411289,3103.277538,2.866249,1,3,3,3,1.553056,0.496931
3104.413951,3107.246416,2.832465,1,3,4,5,1.456482,0.512421
3108.415756,3113.282048,4.866292,1,1,5,3,2.001451,0.543688
3116.419049,3117.363312,0.944263,1,3,3,1,0.544312,0.079968
3118.436054,3122.246052,3.809998,1,2,5,4,1.953104,0.047623
3122.43775,3124.359402,1.921652,1,1,5,3,0.976612,0.063731
3126.440136,3127.256396,0.81626,1,3,2,3,0.512023,0.512023
3128.441241,3129.209946,0.768705,1,1,1,1,0.0,0.0
3130.441762,3134.299861,3.858099,1,3,7,7,1.45745,0.06511
3138.445735,3139.261869,0.816134,1,3,1,2,0.0,0.0
3142.448104,3143.231623,0.783519,1,3,1,3,0.0,0.0
3144.448593,3147.234315,2.785722,1,3,5,6,1.505135,0.048144
3148.450779,3149.267239,0.81646,1,1,2,2,0.496097,0.496097
3150.452027,3152.275937,1.82391,1,2,2,1,1.040508,1.040508
3156.454502,3157.238912,0.78441,1,3,2,4,0.46451,0.46451
3158.455748,3160.280601,1.824853,1,2,2,1,1.040982,1.040982
3160.456086,3161.273035,0.816949,1,2,2,1,0.49696,0.49696
3164.457867,3165.242999,0.785132,1,3,2,2,0.46451,0.46451
3166.458875,3167.243266,0.784391,1,3,1,3,0.0,0.0
3176.479556,3181.394055,4.914499,1,3,5,4,2.000682,0.511815
3184.483909,3185.252373,0.768464,1,3,1,3,0.0,0.0
3186.484098,3187.253207,0.769109,1,2,1,2,0.0,0.0
3188.485287,3189.462098,0.976811,1,3,4,4,0.495767,0.079932
3190.486752,3192.311631,1.824879,1,1,2,1,1.040816,1.040816
3194.488912,3196.312978,1.824066,1,3,3,2,0.992292,0.048089
3198.490193,3201.355499,2.865306,1,3,6,5,1.488888,0.047371
3202.4921,3205.389897,2.897797,1,1,3,2,2.000993,0.080707
3208.495574,3210.319758,1.824184,1,3,2,1,1.039888,1.039888
3214.497961,3216.323229,1.825268,1,3,2,2,1.040436,1.040436
3218.500477,3220.325164,1.824687,1,3,3,3,0.992768,0.047888
3220.501113,3220.821382,0.320269,1,1,1,1,0.0,0.0
3224.518982,3226.919942,2.40096,1,3,4,4,1.553177,0.079766
3230.521563,3233.451395,2.929832,1,3,4,1,2.001745,0.064802
3236.524724,3237.309166,0.784442,1,3,1,3,0.0,0.0
3238.525238,3240.350006,1.824768,1,2,2,1,1.055905,1.055905
3244.527874,3245.344799,0.816925,1,3,1,1,0.0,0.0
3252.532359,3253.460206,0.927847,1,3,4,5,0.463355,0.03261
3260.535445,3262.360936,1.825491,1,3,4,5,0.96012,0.080789
3266.538661,3269.452216,2.913555,1,3,5,2,1.552976,0.080047
3272.541883,3273.326064,0.784181,1,3,1,2,0.0,0.0
3282.562596,3284.371528,1.808932,1,3,4,4,0.992631,0.048073
3286.56434,3287.476957,0.912617,1,3,3,1,0.079984,0.064236
3288.565359,3289.334126,0.768767,1,1,1,1,0.0,0.0
3294.568152,3296.393175,1.825023,1,3,3,5,0.960624,0.095301
3300.570908,3301.355939,0.785031,1,3,1,3,0.0,0.0
3302.572598,3306.398641,3.826043,1,3,6,7,1.472959,0.064077
3308.575466,3310.496058,1.920592,1,3,5,5,0.976279,0.079108
3312.577462,3316.45108,3.873618,1,3,7,8,1.456679,0.079886
3316.578827,3318.404289,1.825462,1,2,2,1,1.040668,1.040668
3320.580791,3321.445637,0.864846,1,3,3,0,0.496969,0.047803
3330.585915,3331.370035,0.78412,1,3,1,0,0.0,0.0
3336.604691,3337.532702,0.928011,1,3,4,4,0.4642,0.063697
3338.605833,3340.414955,1.809122,1,1,2,1,1.041171,1.041171
3340.606124,3342.431347,1.825223,1,1,2,1,1.056648,1.056648
3342.607915,3342.910866,0.302951,1,1,1,1,0.0,0.0
3346.609125,3347.426247,0.817122,1,3,1,2,0.0,0.0
3350.611209,3355.429506,4.818297,1,3,5,2,2.000339,0.465117
3358.615,3361.481279,2.866279,1,3,3,4,2.001355,0.544916
3364.618566,3371.548856,6.93029,1,3,6,4,2.017449,0.095258
3380.625891,3381.522278,0.896387,1,3,2,1,0.064253,0.064253
3382.626627,3389.509639,6.883012,1,1,5,5,2.017157,0.511514
3390.646698,3391.527309,0.880611,1,2,2,1,0.064427,0.064427
3392.647804,3394.456653,1.808849,1,1,2,1,1.041063,1.041063
3396.64954,3400.474466,3.824926,1,3,6,5,1.936684,0.048768
3404.65353,3405.421624,0.768094,1,3,1,2,0.0,0.0
3406.6544,3408.479071,1.824671,1,2,2,1,1.039968,1.039968
3412.65683,3416.531303,3.874473,1,3,4,3,2.000815,0.080207
3416.659702,3417.443824,0.784122,1,1,1,1,0.0,0.0
3418.660178,3419.476315,0.816137,1,3,2,1,0.496491,0.496491
3422.661794,3425.686449,3.024655,1,3,6,5,1.552034,0.078594
3426.663843,3427.448733,0.78489,1,1,1,1,0.0,0.0
3432.666614,3436.557074,3.89046,1,3,6,4,1.985008,0.063962
3436.669138,3440.542185,3.873047,1,1,4,3,2.001318,0.512109
3440.670485,3443.664072,2.993587,1,2,7,7,1.408795,0.079305
3450.691722,3451.587665,0.895943,1,3,3,1,0.513071,0.079408
3452.692277,3453.58829,0.896013,1,1,2,1,0.079092,0.079092
3456.694683,3458.519191,1.824508,1,3,3,4,1.056081,0.44889
3460.696121,3461.592342,0.896221,1,3,3,1,0.496197,0.08015
3462.697162,3464.521803,1.824641,1,1,2,1,1.039937,1.039937
3466.699487,3468.57214,1.872653,1,3,3,3,1.056428,0.496804
3468.700013,3471.597794,2.897781,1,1,4,2,1.552517,0.080355
3474.703234,3479.073303,4.370069,1,3,3,5,2.001085,1.552858
3482.70697,3483.042921,0.335951,1,3,1,1,0.0,0.0
3486.708636,3487.541289,0.832653,1,3,2,2,0.512156,0.512156
3492.727446,3493.543938,0.816492,1,3,1,1,0.0,0.0
3496.728953,3499.658649,2.929696,1,3,5,3,1.487816,0.079867
3500.731387,3502.556001,1.824614,1,1,2,1,1.056225,1.056225
3508.735258,3517.331398,8.59614,1,3,11,5,1.760551,0.224221
3520.740609,3525.606688,4.866079,1,3,6,4,1.504898,0.271233
3528.744438,3531.5623,2.817862,1,3,5,2,1.312848,0.239945
3534.7468,3539.069546,4.322746,1,3,5,4,1.456819,0.543827
3542.767484,3546.849164,4.08168,1,3,6,3,1.041224,0.223517
3550.771036,3552.660212,1.889176,1,3,3,1,0.977194,0.095479
3556.77412,3557.814452,1.040332,1,3,1,1,0.0,0.0
3560.775726,3561.816537,1.040811,1,3,2,4,0.720912,0.720912
3564.777375,3568.684005,3.90663,1,3,5,3,1.313525,0.223807
3574.782895,3580.705586,5.922691,1,3,10,2,1.313709,0.22372
3580.78552,3581.105725,0.320205,1,1,1,1,0.0,0.0
3584.786904,3588.708817,3.921913,1,3,4,3,1.536122,0.288685
3590.789658,3593.895507,3.105849,1,3,3,3,2.01696,0.27202
3596.792733,3601.899447,5.106714,1,3,8,4,1.760381,0.239823
3604.812872,3605.116518,0.303646,1,3,1,3,0.0,0.0
3608.814781,3609.854841,1.04006,1,3,1,3,0.0,0.0
3612.816634,3613.136054,0.31942,1,3,1,3,0.0,0.0
3616.818627,3627.73577,10.917143,1,3,10,8,2.000753,0.272834
3630.824927,3635.419291,4.594364,1,3,3,5,2.000894,1.536595
3640.830135,3647.936874,7.106739,1,3,10,5,1.26481,0.28751
3650.850258,3657.157288,6.30703,1,3,8,4,1.488724,0.23944
3662.856319,3675.549765,12.693446,1,3,19,3,1.313423,0.223409
3678.863811,3679.183864,0.320053,1,3,1,3,0.0,0.0
3682.865393,3691.782269,8.916876,1,3,13,5,1.536111,0.24031
3692.870183,3694.054895,1.184712,1,2,2,2,1.120627,1.120627
3696.871543,3705.804884,8.933341,1,3,13,4,1.552616,0.272183
3714.897058,3726.854928,11.95787,1,3,17,1,2.00148,0.223615
3726.902906,3729.54431,2.641404,1,1,3,1,1.040595,0.54403
3740.908963,3749.842043,8.93308,1,3,12,2,2.000684,0.096316
3750.914847,3753.795901,2.881054,1,2,4,1,1.040734,0.239991
3756.917323,3773.982032,17.064709,1,3,25,5,1.777084,0.223539
3776.942689,3779.80858,2.865891,1,3,4,3,1.056358,0.27273
3780.945083,3783.265712,2.320629,1,3,2,3,2.00115,2.00115
3786.947886,3788.003974,1.056088,1,3,1,0,0.0,0.0
3794.951748,3799.866417,4.914669,1,3,7,4,1.264705,0.287918
3804.957015,3809.567045,4.61003,1,3,3,2,2.017298,1.536702
3812.976704,3821.076548,8.099844,1,3,13,0,1.265008,0.224139
3824.982175,3829.800812,4.818637,1,3,6,3,1.536206,0.271639
3832.985375,3835.851347,2.865972,1,3,4,3,1.056275,0.27201
3836.987411,3838.044101,1.05669,1,2,1,1,0.0,0.0
3840.990161,3844.127668,3.137507,1,3,4,4,1.552922,0.224725
3846.99302,3853.684383,6.691363,1,3,9,5,1.777438,0.223567
3856.997322,3860.102649,3.105327,1,3,3,3,2.00048,0.784091
3867.018314,3868.059102,1.040788,1,3,1,3,0.0,0.0
3871.020131,3882.209824,11.189693,1,3,17,1,1.313561,0.224144
3885.02678,3891.942348,6.915568,1,3,9,4,1.232145,0.272327
3895.032166,3899.449858,4.417692,1,3,7,3,1.280582,0.271099
3907.037621,3914.145102,7.107481,1,3,11,1,1.265241,0.191693
3919.05868,3920.099132,1.040452,1,3,2,3,0.239134,0.239134
3923.061471,3927.655257,4.593786,1,3,5,3,2.000758,0.224493
3931.065282,3936.155189,5.089907,1,3,5,5,2.000261,0.272091
3941.069618,3958.085829,17.016211,1,3,19,7,2.01639,0.224496
3963.079703,3965.961466,2.881763,1,3,3,1,1.536289,0.288107
3967.082222,3970.139965,3.057743,1,2,4,3,1.264862,0.735858
3973.100602,3976.1908,3.090198,1,3,4,5,1.264414,0.736806
3979.103527,3980.672819,1.569292,1,4,4,4,0.52889,0.24041
3985.107183,3985.92315,0.815967,1,3,1,2,0.0,0.0
3991.109388,3998.040573,6.931185,1,3,10,5,1.553091,0.27183
3999.113543,4003.483013,4.36947,1,2,6,1,1.281368,0.271657
4007.116827,4014.224567,7.10774,1,3,11,3,1.232552,0.224522
4017.121691,4037.371339,20.249648,1,3,21,7,2.017598,0.2243
4041.150035,4053.475058,12.325023,1,3,14,7,2.001223,0.320165
4065.160464,4070.315599,5.155135,1,3,6,6,1.969719,0.064013
4077.182053,4080.096024,2.913971,1,3,6,0,1.264687,0.272385
4081.184852,4081.953391,0.768539,1,1,1,1,0.0,0.0
4085.186893,4091.589816,6.402923,1,3,8,3,2.000662,0.223631
4095.191252,4097.016065,1.824813,1,3,5,5,0.689127,0.064536
4103.194646,4105.019175,1.824529,1,3,4,4,0.975393,0.064065
4107.196792,4107.981515,0.784723,1,3,1,1,0.0,0.0
4113.199391,4115.025007,1.825616,1,3,2,1,1.040669,1.040669
4115.200287,4115.519971,0.319684,1,1,1,1,0.0,0.0
4123.20463,4123.525208,0.320578,1,3,1,3,0.0,0.0
4127.206944,4128.215184,1.00824,1,3,3,3,0.177273,0.046816
4129.207356,4140.316652,11.109296,1,1,15,4,1.216715,0.318937
4143.230403,4149.409026,6.178623,1,3,8,2,2.000713,0.271269
4153.330069,4153.603273,0.273204,1,2,1,2,0.0,0.0
4159.238145,4160.021663,0.783518,1,3,1,3,0.0,0.0
4161.238402,4162.023219,0.784817,1,3,1,3,0.0,0.0
4163.239443,4163.559609,0.320166,1,3,1,3,0.0,0.0
4167.241417,4168.026273,0.784856,1,3,2,1,0.464908,0.464908
4177.246626,4178.030572,0.783946,1,3,2,1,0.463754,0.463754
4181.264587,4182.03237,0.767783,1,3,2,2,0.463354,0.463354
4183.264842,4186.082847,2.818005,1,2,3,2,1.728512,0.272479
4189.268141,4190.085012,0.816871,1,3,1,2,0.0,0.0
4193.269931,4206.427977,13.158046,1,3,18,5,1.697094,0.271239
4209.278054,4212.063228,2.785174,1,3,5,7,1.489352,0.047653
4215.28048,4215.600504,0.320024,1,3,1,3,0.0,0.0
4219.282307,4221.107793,1.825486,1,3,3,2,0.976554,0.063908
4223.284892,4226.390411,3.105519,1,3,5,1,1.729685,0.27233
4229.287227,4234.202126,4.914899,1,3,4,3,2.017046,0.544402
4237.307585,4242.173751,4.866166,1,3,6,2,2.016588,0.240332
4245.310515,4246.127842,0.817327,1,3,1,1,0.0,0.0
4249.312553,4250.081107,0.768554,1,3,1,3,0.0,0.0
4251.313972,4252.129839,0.815867,1,2,1,1,0.0,0.0
4255.31606,4255.635498,0.319438,1,3,1,2,0.0,0.0
4259.317769,4260.134125,0.816356,1,3,1,1,0.0,0.0
4263.318945,4264.103813,0.784868,1,3,1,3,0.0,0.0
4265.320296,4273.339749,8.019453,1,3,12,3,1.264734,0.096074
4273.388475,4274.156499,0.768024,1,2,1,2,0.0,0.0
4277.32643,4281.96891,4.64248,1,3,5,3,1.537309,0.288879
4287.346812,4288.163635,0.816823,1,3,1,1,0.0,0.0
4295.350214,4297.175327,1.825113,1,3,4,3,0.976126,0.079985
4297.351978,4305.307598,7.95562,1,1,7,5,2.001161,0.271932
4305.355744,4310.029655,4.673911,1,2,7,5,1.536249,0.080711
4317.360714,4326.069672,8.708958,1,3,13,1,1.280632,0.064702
4329.367419,4329.687004,0.319585,1,3,1,1,0.0,0.0
4335.370033,4336.153937,0.783904,1,3,1,1,0.0,0.0
4337.370757,4345.390601,8.019844,1,3,9,5,2.001193,0.287715
4349.392268,4356.483593,7.091325,1,3,8,4,2.000891,0.320121
4359.396905,4361.221984,1.825079,1,3,3,3,1.008222,0.031888
4363.399522,4364.183442,0.78392,1,3,1,3,0.0,0.0
4365.400575,4368.265397,2.864822,1,3,6,8,1.457007,0.079801
4369.402287,4370.218136,0.815849,1,1,1,1,0.0,0.0
4373.404195,4380.318974,6.914779,1,3,7,6,2.001858,0.239603
4383.408768,4390.388181,6.979413,1,3,13,5,1.184837,0.080261
4393.414153,4398.168045,4.753892,1,3,6,6,1.551927,0.047771
4401.43352,4402.521589,1.088069,1,3,2,2,0.271242,0.271242
4405.435303,4420.161735,14.726432,1,3,18,9,1.552139,0.079444
4425.445035,4438.219471,12.774436,1,3,19,4,1.536966,0.191447
4441.452404,4448.159894,6.70749,1,3,8,4,2.001227,0.239364
4451.47324,4465.656491,14.183251,1,3,16,6,2.001643,0.271867
4469.481615,4470.266005,0.78439,1,3,1,0,0.0,0.0
4473.484327,4474.268313,0.783986,1,3,1,2,0.0,0.0
4477.48548,4479.310977,1.825497,1,3,4,6,0.976524,0.064227
4481.487957,4482.272527,0.78457,1,3,1,2,0.0,0.0
4483.488692,4485.313948,1.825256,1,3,3,3,0.977034,0.064202
4485.489984,4491.49281,6.002826,1,2,6,4,1.553168,0.272246
4493.493318,4496.342974,2.849656,1,3,6,6,1.472976,0.063709
4497.495329,4497.81546,0.320131,1,1,1,1,0.0,0.0
4501.512994,4503.32272,1.809726,1,3,3,5,0.96055,0.080372
4503.514331,4514.015114,10.500783,1,2,10,6,2.000907,0.144014
4517.521171,4520.306104,2.784933,1,3,6,5,1.472833,0.031556
4523.523741,4525.348588,1.824847,1,3,3,5,1.008116,0.032854
4525.525397,4528.342373,2.816976,1,2,5,5,1.536099,0.04793
4531.527436,4540.763781,9.236345,1,3,13,3,1.729437,0.1917
4551.537042,4561.285863,9.748821,1,3,14,7,1.53684,0.047672
4563.55946,4564.375554,0.816094,1,3,1,1,0.0,0.0
4567.561006,4572.555089,4.994083,1,3,6,2,1.537047,0.239234
4575.564687,4576.349237,0.78455,1,3,1,2,0.0,0.0
4577.565885,4582.464437,4.898552,1,2,9,6,1.456395,0.079837
4583.56833,4584.352761,0.784431,1,2,1,1,0.0,0.0
4591.572232,4592.404974,0.832742,1,3,2,3,0.512531,0.512531
4593.573851,4594.678399,1.104548,1,2,2,1,0.288208,0.288208
4599.576624,4607.324453,7.747829,1,3,11,5,1.28043,0.192447
4607.596431,4613.998856,6.402425,1,2,5,4,2.001301,0.543397
4617.601084,4630.743665,13.142581,1,3,15,10,2.000383,0.080168
4631.607913,4633.480075,1.872162,1,1,4,4,0.975974,0.080252
4635.609885,4638.443197,2.833312,1,3,4,5,1.937371,0.079783
4639.611259,4639.723256,0.111997,1,1,1,1,0.0,0.0
4643.613633,4646.559168,2.945535,1,3,5,6,1.552934,0.048046
4651.617339,4652.72184,1.104501,1,3,2,0,0.289109,0.289109
4655.619323,4656.435479,0.816156,1,3,1,3,0.0,0.0
4659.621175,4660.773551,1.152376,1,3,3,1,0.544634,0.287947
4663.638504,4663.94354,0.305036,1,3,1,3,0.0,0.0
4667.641174,4668.408321,0.767147,1,3,1,1,0.0,0.0
4675.64429,4678.429806,2.785516,1,3,5,5,1.457333,0.095166
4681.647399,4683.472162,1.824763,1,3,2,0,1.03983,1.03983
4685.649077,4686.466004,0.816927,1,3,3,5,0.46364,0.032296
4689.651853,4698.375281,8.723428,1,3,13,1,1.729522,0.079937
4703.657927,4707.4846,3.826673,1,3,4,2,1.936961,0.064063
4717.680403,4719.505936,1.825533,1,3,3,3,0.992937,0.063624
4719.681803,4722.562865,2.881062,1,1,6,6,1.537024,0.047521
4725.68525,4726.501133,0.815883,1,3,1,2,0.0,0.0
4729.686465,4731.511512,1.825047,1,3,2,0,1.056064,1.056064
4735.690023,4736.474241,0.784218,1,3,2,1,0.465049,0.465049
4741.692725,4742.476806,0.784081,1,3,2,4,0.464547,0.464547
4743.692959,4746.014824,2.321865,1,2,2,2,2.001227,2.001227
4749.696467,4758.676378,8.979911,1,3,11,5,1.729789,0.27181
4761.702688,4762.486145,0.783457,1,3,1,1,0.0,0.0
4763.703543,4766.872307,3.168764,1,1,7,6,1.408033,0.0481
4767.720447,4768.601382,0.880935,1,2,3,2,0.51194,0.064001
4769.721638,4774.636089,4.914451,1,2,6,6,1.537439,0.047693
4777.726129,4778.494064,0.767935,1,3,2,4,0.464037,0.464037
4787.730662,4790.515776,2.785114,1,3,5,7,1.519929,0.048797
4795.734437,4798.103631,2.369194,1,3,2,1,1.552307,1.552307
4801.737687,4802.601223,0.863536,1,3,3,3,0.495557,0.047859
4805.738945,4807.564255,1.82531,1,3,3,5,0.992067,0.049042
4807.740656,4808.524456,0.7838,1,1,1,1,0.0,0.0
4809.740584,4811.566196,1.825612,1,3,2,1,1.040403,1.040403
4813.742753,4814.527123,0.78437,1,3,2,2,0.464309,0.464309
4815.743918,4820.114045,4.370127,1,3,3,3,2.000697,1.552715
4829.767178,4834.633347,4.866169,1,3,4,5,2.017481,0.543776
4839.771467,4841.596583,1.825116,1,3,2,2,1.040299,1.040299
4841.772361,4844.46167,2.689309,1,1,5,3,1.008186,0.064128
4847.775495,4848.095661,0.320166,1,3,1,1,0.0,0.0
4851.777799,4854.59464,2.816841,1,3,7,4,1.200779,0.047884
4857.780488,4860.885805,3.105317,1,3,4,2,1.712666,0.287794
4865.784119,4868.617083,2.832964,1,3,5,6,1.503816,0.065025
4869.786353,4870.570597,0.784244,1,3,1,3,0.0,0.0
4871.787422,4878.782551,6.995129,1,2,13,4,1.152519,0.064626
4881.808199,4884.673263,2.865064,1,3,6,3,1.264519,0.224232
4889.811618,4894.709582,4.897964,1,3,5,4,2.000414,0.079759
4897.815354,4901.993866,4.178512,1,3,6,3,1.263921,0.272403
4909.821513,4912.142621,2.321108,1,3,4,3,1.457501,0.07973
4915.824188,4917.649283,1.825095,1,3,2,0,1.041054,1.041054
4917.825389,4918.610001,0.784612,1,2,1,2,0.0,0.0
4919.826316,4921.699036,1.87272,1,1,3,2,1.040458,0.511845
4921.827074,4927.750101,5.923027,1,2,8,5,2.001688,0.03208
4933.84859,4934.72953,0.88094,1,3,3,2,0.51196,0.064185
4937.85053,4948.816497,10.965967,1,3,18,3,1.169121,0.032576
4951.857607,4952.690222,0.832615,1,3,2,4,0.048846,0.048846
4955.859144,4957.684052,1.824908,1,3,3,2,1.040132,0.464698
4957.85997,4960.949906,3.089936,1,1,4,2,1.72839,0.2718
4963.86235,4967.7374,3.87505,1,3,7,4,1.936588,0.063828
4967.865436,4970.810597,2.945161,1,1,6,4,1.552736,0.047934
4971.866716,4972.651504,0.784788,1,2,1,1,0.0,0.0
4973.868293,4977.117914,3.249621,1,3,7,6,1.504483,0.063797
4977.870057,4979.694927,1.82487,1,1,2,1,1.04058,1.04058
4981.88798,4983.696605,1.808625,1,3,4,6,0.991991,0.048142
4987.891103,4989.699497,1.808394,1,3,4,4,0.960039,0.079888
4989.891476,4991.748249,1.856773,1,2,5,3,0.720322,0.047743
4995.894169,4996.710681,0.816512,1,3,2,3,0.511526,0.511526
4999.896647,5000.792831,0.896184,1,3,3,0,0.495997,0.080159
5001.897639,5004.731262,2.833623,1,2,5,5,1.552684,0.048122
5009.901238,5012.751161,2.849923,1,3,4,3,1.936881,0.064308
5013.903577,5014.719276,0.815699,1,1,2,2,0.495876,0.495876
5015.904833,5017.729185,1.824352,1,3,2,3,1.04064,1.04064
5017.904999,5018.225673,0.320674,1,1,1,1,0.0,0.0
5021.906972,5022.387362,0.48039,1,2,3,2,0.256143,0.12796
5023.908317,5025.733364,1.825047,1,2,2,1,1.04133,1.04133
5029.911352,5034.825127,4.913775,1,3,8,4,1.53821,0.062888
5035.914578,5036.698256,0.783678,1,1,1,1,0.0,0.0
5037.93058,5042.829581,4.899001,1,3,7,2,1.728851,0.080332
5043.933678,5044.702111,0.768433,1,1,1,1,0.0,0.0
5049.936427,5050.705639,0.769212,1,3,2,3,0.46424,0.46424
5055.939742,5057.764715,1.824973,1,3,3,5,0.945238,0.111057
5061.943012,5062.726535,0.783523,1,3,2,3,0.463706,0.463706
5065.944452,5066.761046,0.816594,1,3,2,2,0.496052,0.496052
5067.94529,5074.701152,6.755862,1,2,9,5,1.728418,0.06519
5077.95032,5078.734608,0.784288,1,3,2,2,0.464002,0.464002
5083.95303,5084.737161,0.784131,1,2,2,1,0.464141,0.464141
5087.955119,5088.740044,0.784925,1,3,1,3,0.0,0.0
5093.974548,5098.792256,4.817708,1,3,3,3,2.001194,2.000758
5101.977977,5103.835049,1.857072,1,3,4,5,0.976631,0.063712
5103.979032,5104.746947,0.767915,1,1,1,1,0.0,0.0
5113.984051,5114.768366,0.784315,1,3,1,3,0.0,0.0
5115.983622,5116.768465,0.784843,1,2,1,2,0.0,0.0
5117.98582,5119.858728,1.872908,1,2,4,4,0.992344,0.064301
5123.988867,5125.813869,1.825002,1,3,2,3,1.041098,1.041098
5125.989118,5128.887109,2.897991,1,1,4,2,1.553122,0.080586
5133.99361,5142.877337,8.883727,1,3,11,7,2.000324,0.064384
5146.014783,5146.830888,0.816105,1,3,2,3,0.511613,0.511613
5148.015576,5154.947051,6.931475,1,2,11,5,1.456497,0.048129
5156.020037,5158.725442,2.705405,1,2,4,2,1.552622,0.064751
5160.021815,5160.838071,0.816256,1,2,2,2,0.495865,0.495865
5164.023583,5164.839789,0.816206,1,3,1,0,0.0,0.0
5168.0257,5170.875116,2.849416,1,3,5,3,1.503964,0.031575
5176.029841,5176.381245,0.351404,1,3,1,3,0.0,0.0
5180.03175,5182.92876,2.89701,1,3,4,4,1.5526,0.080388
5186.034482,5189.13932,3.104838,1,3,5,4,1.729323,0.271522
5192.037366,5192.869416,0.83205,1,3,2,1,0.511868,0.511868
5196.038721,5202.761928,6.723207,1,3,10,2,1.553034,0.063321
5206.059162,5206.828524,0.769362,1,3,1,3,0.0,0.0
5208.060549,5208.364923,0.304374,1,2,1,2,0.0,0.0
5212.063204,5213.887412,1.824208,1,3,4,4,0.976324,0.079483
5214.063182,5214.832005,0.768823,1,2,1,1,0.0,0.0
5220.06665,5222.452028,2.385378,1,3,6,5,1.201054,0.04738
5224.068307,5225.893722,1.825415,1,2,2,1,1.040468,1.040468
5226.069624,5226.854251,0.784627,1,2,2,2,0.464766,0.464766
5234.072954,5235.897181,1.824227,1,3,4,6,0.975263,0.064097
5242.077671,5244.974273,2.896602,1,3,6,6,1.409033,0.06378
5246.206855,5247.760228,1.553373,1,1,3,3,0.848295,0.513613
5248.080623,5248.912977,0.832354,1,2,2,3,0.512917,0.512917
5252.08216,5252.866537,0.784377,1,3,2,3,0.46401,0.46401
5254.099068,5256.91592,2.816852,1,3,2,2,2.000418,2.000418
5260.102277,5262.519064,2.416787,1,3,5,3,1.232546,0.063764
5268.105911,5269.914677,1.808766,1,3,4,2,0.720837,0.080636
5276.10965,5276.893369,0.783719,1,3,2,3,0.463673,0.463673
5280.11141,5280.991616,0.880206,1,3,3,3,0.496867,0.063197
5282.112238,5282.897258,0.78502,1,2,1,2,0.0,0.0
5284.11362,5290.756748,6.643128,1,2,10,2,1.537077,0.271884
5294.118463,5299.032407,4.913944,1,3,5,5,2.016672,0.080155
5300.121245,5301.94623,1.824985,1,1,2,1,1.040913,1.040913
5310.142092,5311.263007,1.120915,1,3,3,3,0.272285,0.080248
5314.144451,5316.913198,2.768747,1,3,4,2,1.952955,0.048235
5318.14496,5321.315313,3.170353,1,3,6,5,1.456584,0.079849
5324.148441,5326.469867,2.321426,1,3,3,2,1.457667,0.543449
5330.151836,5333.04928,2.897444,1,3,5,2,1.280756,0.080723
5340.156108,5342.525798,2.36969,1,3,5,4,1.456448,0.048514
5344.158834,5347.02357,2.864736,1,2,6,0,1.216625,0.047732
5356.163983,5357.989224,1.825241,1,3,2,0,1.041225,1.041225
5358.181153,5359.990314,1.809161,1,1,2,1,1.04056,1.04056
5362.182728,5365.320737,3.138009,1,3,7,5,1.53754,0.095373
5372.187363,5374.013219,1.825856,1,3,2,1,1.057081,1.057081
5378.191012,5378.974989,0.783977,1,3,1,1,0.0,0.0
5384.193619,5386.018527,1.824908,1,3,3,2,0.992462,0.048589
5390.195999,5390.517025,0.321026,1,3,1,1,0.0,0.0
5394.198411,5404.154763,9.956352,1,3,11,9,1.999878,0.04819
5410.205836,5411.102545,0.896709,1,3,3,3,0.51177,0.064327
5414.223422,5414.992428,0.769006,1,3,1,1,0.0,0.0
5416.224785,5417.088718,0.863933,1,3,2,2,0.543581,0.543581
5422.227267,5424.084625,1.857358,1,3,3,2,0.976917,0.064082
5424.228429,5425.04543,0.817001,1,3,2,2,0.513043,0.513043
5426.22942,5430.551112,4.321692,1,2,4,3,2.000672,0.544047
5436.234652,5440.155874,3.921222,1,3,7,4,1.521263,0.031205
5444.238608,5448.064245,3.825637,1,3,7,7,1.456877,0.080444
5450.241213,5453.106918,2.865705,1,3,6,4,1.472962,0.048234
5454.24344,5456.067691,1.824251,1,1,2,1,1.040329,1.040329
5460.245153,5468.169496,7.924343,1,3,6,7,2.001034,0.511546
5468.264796,5469.130315,0.865519,1,3,3,1,0.512163,0.047791
5470.267119,5471.08356,0.816441,1,1,2,2,0.512224,0.512224
5472.268056,5475.085509,2.817453,1,1,2,2,2.001084,2.001084
5480.271685,5483.137192,2.865507,1,3,6,6,1.537,0.080239
5486.274114,5488.675153,2.401039,1,3,3,1,1.536243,0.543994
5492.277414,5495.174713,2.897299,1,3,6,5,1.552384,0.064104
5496.279571,5498.104696,1.825125,1,1,2,1,1.041235,1.041235
5498.279889,5501.449993,3.170104,1,1,7,3,1.056398,0.080639
5504.2828,5509.197993,4.915193,1,3,4,5,2.001043,0.544987
5512.28654,5514.656005,2.369465,1,3,3,4,1.552412,0.496161
5518.290083,5520.114295,1.824212,1,3,2,1,1.040398,1.040398
5520.306709,5521.123191,0.816482,1,1,2,2,0.511911,0.511911
5524.30836,5534.137563,9.829203,1,3,13,2,1.536617,0.080024
5540.316432,5544.190644,3.874212,1,2,7,5,1.456781,0.080082
5548.319839,5549.216594,0.896755,1,3,2,3,0.079946,0.079946
5554.322887,5555.203573,0.880686,1,3,3,0,0.496202,0.064019
5556.324188,5557.252844,0.928656,1,2,4,3,0.495289,0.048588
5560.32594,5563.207336,2.881396,1,3,3,5,1.553216,0.511913
5566.328459,5568.153888,1.825429,1,3,2,1,1.040789,1.040789
5568.329753,5570.202414,1.872661,1,1,3,1,0.976468,0.079564
5570.331037,5571.162855,0.831818,1,2,2,2,0.512208,0.512208
5572.347942,5575.165168,2.817226,1,2,3,3,2.000507,0.512426
5576.349327,5578.654693,2.305366,1,3,2,4,2.001077,2.001077
5582.352295,5585.122463,2.770168,1,3,5,6,1.473253,0.064773
5586.354047,5589.251606,2.897559,1,3,4,4,1.537079,0.079723
5592.357848,5593.141336,0.783488,1,3,1,3,0.0,0.0
5594.357786,5598.279917,3.922131,1,2,6,4,2.001623,0.047494
5602.362765,5604.187551,1.824786,1,3,2,3,1.040998,1.040998
5604.36297,5606.764269,2.401299,1,2,3,2,1.53665,0.544661
5610.365714,5612.239465,1.873751,1,3,3,0,0.977287,0.080034
5614.368117,5615.200688,0.832571,1,3,2,2,0.512481,0.512481
5618.370017,5619.266644,0.896627,1,3,3,1,0.496453,0.080422
5626.389276,5628.198747,1.809471,1,3,3,2,1.040556,0.464728
5634.393482,5637.210742,2.81726,1,3,3,4,2.000926,0.511915
5640.396488,5641.309099,0.912611,1,3,2,1,0.095643,0.095643
5644.398745,5645.18239,0.783645,1,3,2,4,0.464164,0.464164
5646.399488,5648.223735,1.824247,1,3,2,1,1.040065,1.040065
5648.40021,5649.329203,0.928993,1,2,3,1,0.544865,0.064228
5652.402191,5653.346916,0.944725,1,3,4,4,0.496228,0.031681
5654.403524,5655.18721,0.783686,1,1,1,1,0.0,0.0
5656.404314,5657.236619,0.832305,1,3,2,2,0.511959,0.511959
5658.404727,5658.725246,0.320519,1,1,1,1,0.0,0.0
5666.409083,5667.193395,0.784312,1,3,1,1,0.0,0.0
5668.410088,5669.193731,0.783643,1,3,2,2,0.463633,0.463633
5670.410871,5671.306924,0.896053,1,2,3,2,0.495571,0.079812
5674.412975,5675.196896,0.783921,1,3,2,4,0.464015,0.464015
5676.413654,5677.197663,0.784009,1,2,1,1,0.0,0.0
5682.432851,5686.258644,3.825793,1,3,5,3,1.937134,0.063907
5686.434463,5688.259193,1.82473,1,2,2,2,1.056505,1.056505
5692.437641,5693.31777,0.880129,1,3,2,3,0.064222,0.064222
5694.438773,5695.222298,0.783525,1,2,1,1,0.0,0.0
5696.454918,5697.320136,0.865218,1,3,3,2,0.496441,0.080043
5698.440565,5699.208702,0.768137,1,2,1,1,0.0,0.0
5700.440851,5703.339038,2.898187,1,2,3,2,1.536359,0.545
5708.4448,5710.26945,1.82465,1,3,3,3,1.040503,0.463374
5714.44771,5716.273246,1.825536,1,3,2,3,1.040767,1.040767
5716.448551,5719.330241,2.88169,1,2,6,7,1.424901,0.047683
5720.451178,5723.428265,2.977087,1,2,7,6,1.456689,0.0641
5724.452955,5726.277426,1.824471,1,1,2,1,1.040213,1.040213
5726.453563,5726.774159,0.320596,1,2,1,1,0.0,0.0
5730.455141,5733.319939,2.864798,1,3,4,2,1.936409,0.06453
5734.47317,5735.241567,0.768397,1,2,1,1,0.0,0.0
5736.474503,5739.29115,2.816647,1,2,2,2,2.000876,2.000876
5742.477204,5745.374874,2.89767,1,3,4,2,2.000372,0.08066
5746.47937,5748.303719,1.824349,1,1,2,1,1.056355,1.056355
5750.48062,5751.377718,0.897098,1,3,3,1,0.49632,0.080167
5754.482376,5756.307204,1.824828,1,3,3,2,1.040025,0.463932
5758.484474,5760.357487,1.873013,1,3,3,2,1.055984,0.496396
5760.48584,5763.303547,2.817707,1,3,5,3,1.505073,0.031661
5766.488823,5768.313723,1.8249,1,3,4,5,0.976918,0.064181
5770.490621,5770.810795,0.320174,1,3,1,3,0.0,0.0
5774.492444,5776.317238,1.824794,1,3,2,3,1.040578,1.040578
5780.495368,5781.40715,0.911782,1,3,2,2,0.095899,0.095899
5782.496295,5784.32058,1.824285,1,3,2,2,1.040545,1.040545
5784.51327,5785.32883,0.81556,1,1,1,1,0.0,0.0
5790.515412,5794.325456,3.810044,1,3,6,7,1.953002,0.04858
5794.518213,5796.327136,1.808923,1,2,3,2,1.041201,0.463418
5798.520089,5802.345748,3.825659,1,3,6,5,1.536857,0.096447
5806.523649,5813.423285,6.899636,1,3,6,8,2.001177,0.079872
5816.529012,5819.313898,2.784886,1,3,3,3,1.920642,0.080704
5820.530728,5821.346945,0.816217,1,2,2,2,0.496697,0.496697
5822.531061,5823.476178,0.945117,1,2,4,3,0.464399,0.079638
5824.532074,5826.356452,1.824378,1,2,4,4,0.959534,0.080328
5826.533521,5827.317221,0.7837,1,1,1,1,0.0,0.0
5828.533955,5830.855076,2.321121,1,3,2,4,2.000443,2.000443
5838.554876,5839.323641,0.768765,1,3,1,3,0.0,0.0
5840.555787,5841.436011,0.880224,1,2,2,1,0.063481,0.063481
5842.556515,5844.413838,1.857323,1,2,3,2,1.040835,0.511977
5844.557729,5846.478377,1.920648,1,2,5,3,0.97589,0.080056
5850.560173,5850.865266,0.305093,1,3,1,1,0.0,0.0
5854.562184,5856.387066,1.824882,1,3,2,3,1.056498,1.056498
5856.563103,5857.507844,0.944741,1,1,3,1,0.543945,0.080124
5860.564578,5861.349583,0.785005,1,3,1,1,0.0,0.0
5862.565434,5863.526566,0.961132,1,1,4,3,0.496494,0.063676
5866.56861,5867.464392,0.895782,1,3,2,3,0.079299,0.079299
5876.57274,5877.389928,0.817188,1,3,1,0,0.0,0.0
5884.577456,5887.361609,2.784153,1,3,5,5,1.472563,0.064136
5888.579329,5890.403225,1.823896,1,3,3,3,0.991601,0.048461
5890.596206,5892.90105,2.304844,1,1,2,2,2.001075,2.001075
5896.59847,5901.497186,4.898716,1,3,6,5,1.537233,0.079694
5904.602164,5905.499317,0.897153,1,3,2,0,0.080168,0.080168
5908.60443,5911.661805,3.057375,1,3,6,7,1.552575,0.064297
5912.60679,5915.519715,2.912925,1,3,5,5,1.968883,0.048746
5924.612019,5925.476837,0.864818,1,3,3,5,0.463872,0.080529
5928.613808,5931.463565,2.849757,1,3,6,5,1.456741,0.064592
5940.620124,5942.445019,1.824895,1,3,2,1,1.040914,1.040914
5946.638236,5949.456467,2.818231,1,3,6,7,1.472538,0.048629
5952.641786,5955.458576,2.81679,1,3,2,2,2.00055,2.00055
5958.644719,5960.469335,1.824616,1,3,2,3,1.056073,1.056073
5962.646206,5963.462992,0.816786,1,3,1,1,0.0,0.0
5970.64985,5971.594654,0.944804,1,3,4,5,0.46387,0.079988
5972.651377,5974.476283,1.824906,1,1,2,1,1.040479,1.040479
5976.652507,5977.469158,0.816651,1,3,1,2,0.0,0.0
5980.654833,5984.592805,3.937972,1,3,5,5,1.536818,0.033174
5988.658367,5991.0275,2.369133,1,3,2,4,1.552116,1.552116
5994.661195,5997.030242,2.369047,1,3,2,4,1.552971,1.552971
6002.680984,6006.634986,3.954002,1,3,6,4,1.552898,0.079943
6006.683772,6007.514841,0.831069,1,1,2,2,0.510869,0.510869
6008.68376,6013.614299,4.930539,1,2,5,5,2.000629,0.063732
6014.687267,6015.583605,0.896338,1,2,2,1,0.080292,0.080292
6016.688067,6017.504185,0.816118,1,3,1,1,0.0,0.0
6020.690012,6021.506854,0.816842,1,3,1,0,0.0,0.0
6024.692221,6025.508793,0.816572,1,3,2,3,0.464345,0.464345
6030.695197,6033.639957,2.94476,1,3,4,1,2.00078,0.079741
6036.697429,6037.481861,0.784432,1,3,2,3,0.46407,0.46407
6040.6998,6041.019532,0.319732,1,3,1,0,0.0,0.0
6044.701153,6045.534324,0.833171,1,3,1,2,0.0,0.0
6052.721515,6053.602262,0.880747,1,3,3,1,0.513045,0.064142
6054.722637,6056.595158,1.872521,1,3,4,4,0.976696,0.063087
6056.723101,6057.539834,0.816733,1,1,2,2,0.511687,0.511687
6058.724808,6061.621956,2.897148,1,2,4,3,1.536091,0.079886
6066.728623,6069.545825,2.817202,1,3,5,5,1.408484,0.096029
6072.731268,6073.627419,0.896151,1,3,2,0,0.079871,0.079871
6082.736478,6085.633696,2.897218,1,3,6,6,1.472656,0.064235
6086.737649,6088.562552,1.824903,1,3,2,1,1.040561,1.040561
6094.7416,6096.614372,1.872772,1,3,4,1,0.975943,0.0806
6096.742328,6097.574693,0.832365,1,1,2,2,0.512005,0.512005
6098.743832,6105.818851,7.075019,1,2,8,7,2.001412,0.079432
6106.762932,6107.579943,0.817011,1,1,1,1,0.0,0.0
6112.766574,6113.534796,0.768222,1,3,1,2,0.0,0.0
6118.769304,6119.665329,0.896025,1,3,2,2,0.079736,0.079736
6120.770242,6121.586457,0.816215,1,1,1,1,0.0,0.0
6124.771681,6127.557091,2.78541,1,3,3,1,1.936579,0.079778
6132.77611,6136.602016,3.825906,1,3,6,5,1.936022,0.048813
6138.779428,6141.612566,2.833138,1,3,5,7,1.537237,0.048071
6142.781038,6143.757715,0.976677,1,2,4,4,0.511696,0.064282
6146.782911,6151.712878,4.929967,1,3,6,7,1.55231,0.063341
6152.785849,6154.610301,1.824452,1,2,2,2,1.040153,1.040153
6160.805975,6163.766998,2.961023,1,3,5,6,2.000473,0.063186
6164.807042,6165.575734,0.768692,1,1,1,1,0.0,0.0
6166.808086,6169.705461,2.897375,1,2,3,2,2.001219,0.07942
6172.81168,6173.69165,0.87997,1,3,2,3,0.0634,0.0634
6174.812264,6175.788474,0.97621,1,2,4,3,0.496138,0.064567
6176.845546,6179.582317,2.736771,1,2,3,2,1.920747,0.080123
6180.815601,6181.135021,0.31942,1,2,1,2,0.0,0.0
6184.816952,6185.71417,0.897218,1,3,3,3,0.496363,0.08095
6186.818569,6187.602241,0.783672,1,1,1,1,0.0,0.0
6188.819671,6189.603838,0.784167,1,2,1,2,0.0,0.0
6190.819721,6191.716386,0.896665,1,3,2,3,0.079842,0.079842
6194.821807,6195.606361,0.784554,1,3,1,3,0.0,0.0
6200.824776,6203.290743,2.465967,1,3,5,5,1.521234,0.032565
6204.826745,6209.821662,4.994917,1,2,5,3,2.000657,0.080132
6216.848407,6219.153589,2.305182,1,3,3,3,1.488749,0.511587
6222.851583,6224.676721,1.825138,1,3,2,3,1.056522,1.056522
6224.853222,6227.670289,2.817067,1,1,4,3,1.471542,0.497204
6236.858864,6244.814592,7.955728,1,3,9,9,2.001941,0.064663
6244.862656,6245.790606,0.92795,1,2,4,3,0.463816,0.06346
6246.863681,6247.648256,0.784575,1,2,1,1,0.0,0.0
6250.86487,6254.739033,3.874163,1,3,7,9,1.409004,0.048186
6254.867198,6257.780828,2.91363,1,2,3,2,2.01677,0.080511
6258.869433,6259.653594,0.784161,1,1,1,1,0.0,0.0
6260.869953,6261.654262,0.784309,1,3,1,2,0.0,0.0
6262.87124,6263.799731,0.928491,1,3,3,4,0.079942,0.064696
6264.871586,6265.224198,0.352612,1,2,1,2,0.0,0.0
6268.890052,6269.706354,0.816302,1,3,1,0,0.0,0.0
6272.891863,6273.708333,0.81647,1,3,1,3,0.0,0.0
6280.895624,6281.215376,0.319752,1,3,1,3,0.0,0.0
6284.897331,6285.809756,0.912425,1,3,4,5,0.448769,0.063441
6288.899838,6289.79568,0.895842,1,3,3,3,0.496309,0.080043
6292.901382,6293.82924,0.927858,1,3,3,2,0.095685,0.048308
6294.9022,6295.686319,0.784119,1,1,1,1,0.0,0.0
6300.905472,6305.818871,4.913399,1,3,4,5,2.000674,0.543687
6308.908616,6310.733981,1.825365,1,3,2,3,1.040248,1.040248
6310.909802,6311.854323,0.944521,1,2,3,1,0.544227,0.079917
6312.910953,6316.800526,3.889573,1,3,4,2,2.016568,0.0803
6316.912441,6317.232797,0.320356,1,2,1,1,0.0,0.0
6320.930919,6322.739223,1.808304,1,3,2,1,1.039681,1.039681
6326.933334,6328.790905,1.857571,1,3,3,2,1.040549,0.512818
6328.934853,6329.238867,0.304014,1,2,1,1,0.0,0.0
6334.936978,6335.81726,0.880282,1,3,3,1,0.496274,0.063581
6338.939635,6341.756409,2.816774,1,3,3,1,2.000382,0.496861
6346.943548,6349.26482,2.321272,1,3,2,4,2.001704,2.001704
6352.945662,6353.73013,0.784468,1,3,1,1,0.0,0.0
6354.947319,6355.859624,0.912305,1,3,4,3,0.464037,0.048384
6358.949126,6361.814389,2.865263,1,3,3,3,1.552204,0.496665
6364.951618,6365.864032,0.912414,1,3,4,3,0.464542,0.031784
6368.95414,6370.778156,1.824016,1,3,3,2,0.992241,0.048202
6376.974,6377.789977,0.815977,1,3,2,1,0.51259,0.51259
6380.975856,6381.856358,0.880502,1,3,2,3,0.064651,0.064651
6384.977188,6385.745561,0.768373,1,2,2,3,0.4642,0.4642
6386.978158,6388.803563,1.825405,1,2,2,1,1.056434,1.056434
6392.981323,6394.806335,1.825012,1,3,2,0,1.056749,1.056749
6394.982765,6395.766667,0.783902,1,2,1,2,0.0,0.0
6400.984736,6401.881709,0.896973,1,3,2,2,0.079598,0.079598
6404.987483,6405.771776,0.784293,1,3,1,3,0.0,0.0
6408.989467,6410.813552,1.824085,1,3,2,1,1.040231,1.040231
6414.992136,6417.889207,2.897071,1,3,4,4,1.55241,0.080296
6420.994531,6421.778826,0.784295,1,3,2,2,0.464153,0.464153
6424.996773,6425.781371,0.784598,1,3,1,3,0.0,0.0
6426.997325,6428.870417,1.873092,1,3,3,4,1.040652,0.512069
6431.015771,6431.320007,0.304236,1,3,1,1,0.0,0.0
6435.016868,6436.826577,1.809709,1,3,2,3,1.04071,1.04071
6437.018221,6438.842656,1.824435,1,2,2,2,1.055652,1.055652
6441.020095,6442.877072,1.856977,1,3,4,5,0.976118,0.064602
6443.020919,6443.98137,0.960451,1,2,4,3,0.49619,0.064757
6447.023482,6449.808225,2.784743,1,3,4,5,1.53665,0.064186
6453.026312,6454.914664,1.888352,1,3,4,3,1.040607,0.032201
6457.028047,6470.634114,13.606067,1,3,20,4,1.5368,0.063695
6475.035952,6475.820645,0.784693,1,3,2,2,0.463898,0.463898
6479.037767,6481.871187,2.83342,1,3,3,3,2.000551,0.511856
6485.056333,6487.89008,2.833747,1,3,5,7,1.536953,0.048433
6489.058185,6489.955026,0.896841,1,2,3,1,0.511947,0.079998
6493.060962,6494.88553,1.824568,1,3,4,5,0.97684,0.079218
6495.061614,6495.830492,0.768878,1,2,1,2,0.0,0.0
6497.062581,6497.959304,0.896723,1,2,3,2,0.495708,0.080733
6499.063129,6499.831757,0.768628,1,2,1,1,0.0,0.0
6505.066098,6505.851071,0.784973,1,3,1,1,0.0,0.0
6509.068607,6510.940572,1.871965,1,3,3,3,1.055912,0.495789
6515.071504,6516.895851,1.824347,1,3,3,2,0.975823,0.06483
6517.072163,6517.392567,0.320404,1,1,1,1,0.0,0.0
6521.074072,6522.995289,1.921217,1,3,5,3,0.976443,0.079914
6523.07523,6528.021987,4.946757,1,3,5,6,2.001833,0.064337
6531.079357,6533.86458,2.785223,1,3,6,3,1.47267,0.064076
6537.098114,6537.977869,0.879755,1,3,2,3,0.063795,0.063795
6541.099559,6543.996734,2.897175,1,3,3,3,2.00091,0.080006
6547.102413,6554.962188,7.859775,1,3,8,7,2.016971,0.047171
6555.106596,6556.979535,1.872939,1,2,4,1,0.976235,0.080669
6557.106934,6558.980632,1.873698,1,1,4,4,0.992756,0.063988
6561.109512,6564.006532,2.89702,1,3,3,4,2.000572,0.080183
6565.111066,6566.055496,0.94443,1,2,3,1,0.544569,0.079727
6569.113699,6570.009563,0.895864,1,3,2,3,0.080314,0.080314
6571.114246,6572.010632,0.896386,1,3,2,0,0.079543,0.079543
6573.115238,6574.939904,1.824666,1,1,2,1,1.040313,1.040313
6577.117184,6577.901072,0.783888,1,3,1,1,0.0,0.0
6579.117962,6582.943173,3.825211,1,3,5,4,1.921308,0.063657
6587.137434,6587.906131,0.768697,1,3,2,3,0.463794,0.463794
6591.140181,6591.956306,0.816125,1,3,1,3,0.0,0.0
6595.141437,6596.021702,0.880265,1,3,3,0,0.511863,0.063636
6601.144556,6603.977487,2.832931,1,3,5,7,1.537569,0.047599
6607.147447,6607.931964,0.784517,1,3,1,3,0.0,0.0
6609.148009,6612.973838,3.825829,1,3,5,4,1.952379,0.047698
6615.150864,6620.145814,4.99495,1,3,5,2,2.001839,0.080552
6623.155081,6628.020798,4.865717,1,3,4,4,2.000583,0.495773
6629.158231,6630.983124,1.824893,1,2,3,3,0.960319,0.080656
6633.159582,6636.985622,3.82604,1,3,6,5,1.921705,0.080021
6637.162415,6637.946155,0.78374,1,1,1,1,0.0,0.0
6639.16334,6640.059315,0.895975,1,3,3,1,0.497071,0.079677
6649.183073,6649.999886,0.816813,1,3,2,0,0.511542,0.511542
6653.185334,6655.010553,1.825219,1,3,2,1,1.056001,1.056001
6657.187348,6657.491539,0.304191,1,3,1,3,0.0,0.0
6661.189204,6663.014238,1.825034,1,3,4,2,0.896775,0.079464
6669.192867,6673.514833,4.321966,1,3,3,3,2.001304,2.000637
6677.197319,6678.013292,0.815973,1,3,1,0,0.0,0.0
6681.199102,6684.14391,2.944808,1,3,5,4,1.968914,0.063913
6687.201731,6690.067273,2.865542,1,3,5,1,1.50545,0.032605
6691.203686,6692.036176,0.83249,1,3,1,2,0.0,0.0
6695.221081,6702.153129,6.932048,1,3,10,6,1.553404,0.064108
6705.226024,6707.579349,2.353325,1,3,3,5,1.504427,0.079769
6709.228738,6713.630092,4.401354,1,3,6,4,1.536605,0.096389
6717.231735,6718.224065,0.99233,1,3,4,3,0.496758,0.079639
6719.233101,6720.0171,0.783999,1,1,1,1,0.0,0.0
6725.235294,6728.05294,2.817646,1,3,2,4,2.000304,2.000304
6731.239268,6735.064234,3.824966,1,3,8,8,1.457078,0.063836
6735.240385,6737.610202,2.369817,1,3,2,3,1.552745,1.552745
6741.243795,6742.140163,0.896368,1,3,3,1,0.496006,0.080489
6743.244603,6744.140656,0.896053,1,2,2,1,0.063671,0.063671
6745.245666,6747.070731,1.825065,1,2,2,1,1.040872,1.040872
6753.265007,6755.073929,1.808922,1,3,2,3,1.04028,1.04028
6755.266123,6757.075746,1.809623,1,3,2,2,1.040579,1.040579
6757.266889,6758.083897,0.817008,1,2,2,2,0.512748,0.512748
6759.268006,6760.03692,0.768914,1,2,1,1,0.0,0.0
6761.269577,6762.165803,0.896226,1,3,4,5,0.464145,0.047638
6765.270638,6766.055479,0.784841,1,3,2,2,0.463931,0.463931
6767.27165,6771.145588,3.873938,1,1,8,6,1.456851,0.048388
6771.274049,6772.234285,0.960236,1,2,4,3,0.496042,0.063725
6775.275906,6777.101192,1.825286,1,3,2,3,1.040484,1.040484
6781.278716,6783.10374,1.825024,1,3,2,0,1.040148,1.040148
6783.280004,6784.064388,0.784384,1,2,2,2,0.464943,0.464943
6787.281883,6788.258714,0.976831,1,3,4,2,0.512424,0.063691
6789.282292,6791.107776,1.825484,1,1,2,1,1.041107,1.041107
6791.284186,6793.108904,1.824718,1,2,2,2,1.040821,1.040821
6795.285572,6795.66986,0.384288,1,4,1,1,0.0,0.0
6797.285929,6799.175444,1.889515,1,2,4,2,0.976906,0.047598
6805.28998,6807.115168,1.825188,1,3,3,2,1.040544,0.464604
6807.307225,6809.164344,1.857119,1,2,3,1,0.976276,0.06488
6811.308977,6811.613833,0.304856,1,3,1,3,0.0,0.0
6815.311545,6816.23919,0.927645,1,3,4,3,0.463955,0.079568
6819.312868,6820.081659,0.768791,1,3,1,2,0.0,0.0
6823.314939,6824.211225,0.896286,1,3,2,1,0.079884,0.079884
6825.316187,6827.636449,2.320262,1,2,2,2,2.000217,2.000217
6831.318767,6832.295142,0.976375,1,3,4,5,0.496163,0.079789
6839.322399,6842.204368,2.881969,1,3,6,6,1.409014,0.048293
6845.325301,6847.149949,1.824648,1,3,3,5,0.992713,0.047298
6849.326923,6850.111752,0.784829,1,3,1,0,0.0,0.0
6851.327759,6854.273833,2.946074,1,2,5,4,2.001073,0.079789
6857.346576,6860.164229,2.817653,1,3,3,5,1.984751,0.064279
6865.35115,6868.120812,2.769662,1,3,4,4,1.953112,0.048878
6869.35284,6872.298451,2.945611,1,2,6,4,1.408835,0.079839
6875.355795,6876.172528,0.816733,1,3,2,4,0.496824,0.496824
6877.356767,6878.141531,0.784764,1,2,2,2,0.464736,0.464736
6879.357274,6882.143061,2.785787,1,3,5,7,1.536743,0.032207
6883.360007,6884.255896,0.895889,1,2,2,1,0.080048,0.080048
6887.361051,6891.234768,3.873717,1,3,4,4,2.001267,0.079743
6895.365355,6896.262128,0.896773,1,3,3,3,0.496004,0.080322
6899.36702,6900.151866,0.784846,1,3,1,1,0.0,0.0
6905.370137,6907.194558,1.824421,1,3,3,3,0.975558,0.064427
6909.372499,6910.316711,0.944212,1,3,3,1,0.544366,0.080358
6913.389392,6915.247278,1.857886,1,3,5,3,0.912529,0.032295
6919.393057,6921.250198,1.857141,1,3,3,3,0.961069,0.079624
6923.394923,6927.332502,3.937579,1,3,8,6,1.456357,0.079292
6931.398524,6932.295375,0.896851,1,3,2,2,0.080162,0.080162
6935.400359,6937.289037,1.888678,1,3,4,1,1.039906,0.031912
6941.403259,6943.228374,1.825115,1,2,2,1,1.040909,1.040909
6945.405494,6947.80619,2.400696,1,3,4,4,1.535977,0.080265
6951.408254,6955.330397,3.922143,1,3,6,7,1.521143,0.047558
6957.411154,6958.195227,0.784073,1,3,2,1,0.464311,0.464311
6961.412705,6964.35879,2.946085,1,3,4,4,2.002271,0.080162
6969.432468,6976.332124,6.899656,1,3,5,3,2.016775,0.080279
6981.438863,6982.255507,0.816644,1,3,1,1,0.0,0.0
6985.44067,6987.265891,1.825221,1,3,4,4,0.960534,0.080928
6987.441342,6989.314627,1.873285,1,1,4,4,0.99232,0.064699
6995.445953,6996.22988,0.783927,1,3,2,4,0.464259,0.464259
6997.446619,6998.230364,0.783745,1,1,1,1,0.0,0.0
7003.449755,7006.283128,2.833373,1,3,4,5,1.504132,0.496515
7009.452349,7010.237067,0.784718,1,3,1,3,0.0,0.0
7011.452938,7015.327152,3.874214,1,2,4,2,2.016667,0.064484
7017.47187,7020.322096,2.850226,1,3,3,4,2.000976,0.54453
7023.475304,7025.284013,1.808709,1,3,2,1,1.040377,1.040377
7025.476209,7026.244278,0.768069,1,2,1,1,0.0,0.0
7033.479665,7034.296086,0.816421,1,3,2,4,0.511438,0.511438
7035.481126,7036.249631,0.768505,1,2,1,1,0.0,0.0
7037.481802,7040.299289,2.817487,1,2,3,3,2.001194,0.496373
7041.483524,7042.379383,0.895859,1,2,2,1,0.079019,0.079019
7045.48608,7047.310369,1.824289,1,3,3,4,0.992485,0.04772
7051.48871,7052.273017,0.784307,1,3,1,1,0.0,0.0
7053.490096,7054.2736,0.783504,1,3,1,1,0.0,0.0
7059.492318,7062.358011,2.865693,1,3,6,6,1.552774,0.080011
7065.495308,7070.377872,4.882564,1,3,7,3,1.552708,0.048086
7075.516589,7076.556244,1.039655,1,3,3,2,0.544017,0.191599
7079.517654,7085.873378,6.355724,1,3,7,4,1.537225,0.511551
7089.522743,7093.396682,3.873939,1,3,5,1,1.536728,0.079468
7097.52737,7098.34342,0.81605,1,3,1,3,0.0,0.0
7101.52911,7106.442963,4.913853,1,3,8,1,1.312921,0.223901
7109.532278,7110.349136,0.816858,1,3,2,2,0.496582,0.496582
7113.533889,7116.432099,2.89821,1,3,4,4,1.761605,0.079688
7123.539638,7126.420483,2.880845,1,3,6,0,1.312545,0.239879
7131.559645,7133.864054,2.304409,1,2,3,1,1.488761,0.511694
7137.562545,7142.60427,5.041725,1,3,3,2,2.001418,2.000413
7145.565792,7162.261697,16.695905,1,3,17,11,2.001996,0.224649
7165.575765,7166.392489,0.816724,1,3,1,3,0.0,0.0
7171.578361,7176.460257,4.881896,1,3,6,4,1.552586,0.448975
7183.600657,7184.416495,0.815838,1,3,1,3,0.0,0.0
7187.601995,7190.468045,2.86605,1,3,6,1,1.040242,0.224858
7191.604072,7194.469702,2.86563,1,2,4,1,1.040287,0.271818
7201.609363,7202.648874,1.039511,1,3,2,3,0.223285,0.223285
7207.611564,7216.528251,8.916687,1,3,13,1,1.088609,0.22465
7219.617483,7223.539161,3.921678,1,3,6,0,1.313495,0.22366
7229.62191,7238.602689,8.980779,1,3,13,2,1.729589,0.272115
7241.644676,7248.640039,6.995363,1,3,11,2,1.63274,0.287852
7251.648848,7258.788365,7.139517,1,3,10,4,1.312587,0.224075
7265.656147,7274.027805,8.371658,1,3,11,4,1.537159,0.239989
7277.661769,7278.478008,0.816239,1,3,1,3,0.0,0.0
7281.663131,7290.64371,8.980579,1,3,12,2,1.552971,0.288227
7299.688312,7302.55345,2.865138,1,3,5,3,1.041355,0.272576
7305.690975,7310.332793,4.641818,1,3,7,2,1.504204,0.271272
7313.694283,7316.560232,2.865949,1,3,4,0,1.05689,0.272525
7319.697298,7322.611071,2.913773,1,3,5,0,1.055887,0.095818
7325.700402,7342.444518,16.744116,1,3,19,8,2.015738,0.191348
7345.72673,7352.86575,7.13902,1,3,10,2,1.77651,0.224371
7355.731382,7358.644171,2.912789,1,3,4,1,1.040303,0.287056
7361.734074,7366.599935,4.865861,1,3,4,5,2.001287,0.27157
7367.737451,7370.602358,2.864907,1,2,6,1,1.05633,0.17614
7373.739709,7382.832766,9.093057,1,3,11,5,1.23261,0.320671
7385.745656,7389.891577,4.145921,1,3,3,3,1.55264,1.536401
7393.750142,7400.681294,6.931152,1,3,8,6,1.728995,0.272615
7403.770686,7406.171304,2.400618,1,3,4,2,1.360811,0.191241
7409.773211,7412.863226,3.090015,1,3,5,1,1.264811,0.224788
7415.776295,7418.689543,2.913248,1,3,6,1,1.040473,0.239989
7421.779446,7450.865536,29.08609,1,3,37,12,1.921005,0.032029
7457.812315,7462.67853,4.866215,1,3,5,5,2.001058,0.22353
7465.81656,7466.744891,0.928331,1,4,1,4,0.0,0.0
7467.817401,7468.857813,1.040412,1,3,1,1,0.0,0.0
7475.821546,7484.144962,8.323416,1,3,12,2,1.68144,0.27188
7487.826961,7488.883047,1.056086,1,3,1,1,0.0,0.0
7491.828874,7492.885601,1.056727,1,3,1,3,0.0,0.0
7495.8308,7502.441875,6.611075,1,3,8,5,1.552414,0.239061
7505.835509,7512.718301,6.882792,1,3,7,6,1.553099,0.448018
7513.854735,7520.498463,6.643728,1,3,8,3,1.553025,0.272828
7523.859855,7531.86368,8.003825,1,3,10,2,1.727895,0.272764
7533.864586,7538.235205,4.370619,1,3,5,2,1.761059,0.239998
7541.869164,7550.336712,8.467548,1,3,10,3,1.776639,0.223828
7553.874441,7555.6992,1.824759,1,3,2,3,1.040716,1.040716
7557.876199,7600.793043,42.916844,1,3,48,17,2.001583,0.240186
7605.915879,7616.849084,10.933205,1,3,13,6,2.000995,0.080541
7617.921476,7618.753967,0.832491,1,2,1,1,0.0,0.0
7621.938586,7625.028675,3.090089,1,3,5,2,1.21668,0.272392
7627.941815,7644.189877,16.248062,1,3,14,6,2.001697,0.27188
7647.952223,7649.776861,1.824638,1,3,3,2,0.96076,0.07989
7649.952234,7656.099665,6.147431,1,2,7,6,2.000838,0.079434
7659.957751,7676.941276,16.983525,1,3,23,5,1.552926,0.271731
7677.982591,7680.751267,2.768676,1,3,3,4,1.920512,0.080281
7681.984258,7685.121475,3.137217,1,2,5,2,1.776902,0.240432
7689.988317,7694.902363,4.914046,1,3,6,6,1.233649,0.767796
7695.990389,7696.310546,0.320157,1,1,1,1,0.0,0.0
7699.993118,7703.914274,3.921156,1,3,7,5,1.504786,0.063833
7703.995085,7704.314913,0.319828,1,1,1,1,0.0,0.0
7711.999043,7712.782665,0.783622,1,3,2,1,0.464047,0.464047
7716.000891,7716.7848,0.783909,1,3,2,4,0.463602,0.463602
7718.000661,7719.825993,1.825332,1,1,2,1,1.04052,1.04052
7720.002321,7727.110081,7.10776,1,1,8,4,2.00147,0.23993
7730.022725,7733.689387,3.666662,1,3,7,5,1.488929,0.079729
7740.028006,7752.77056,12.742554,1,3,18,6,1.552813,0.080377
7760.037581,7764.951619,4.914038,1,3,9,3,1.280782,0.271905
7774.04413,7774.861056,0.816926,1,3,2,1,0.495973,0.495973
7778.046025,7779.871274,1.825249,1,3,4,3,0.688143,0.064326
7780.047147,7780.831325,0.784178,1,1,1,1,0.0,0.0
7782.048661,7787.155044,5.106383,1,2,7,2,1.041053,0.271912
7790.068193,7798.200228,8.132035,1,3,11,3,1.680835,0.272557
7802.073806,7802.842467,0.768661,1,3,1,3,0.0,0.0
7808.076495,7809.902193,1.825698,1,3,4,1,0.721074,0.048133
7812.079368,7817.041256,4.961888,1,3,7,2,1.184726,0.272171
7824.08491,7827.910508,3.825598,1,3,4,4,1.953278,0.047983
7828.086177,7828.870719,0.784542,1,2,1,2,0.0,0.0
7832.08825,7836.778853,4.690603,1,3,7,6,2.000893,0.079604
7840.107982,7846.927533,6.819551,1,3,10,7,1.72824,0.176507
7848.11213,7848.880995,0.768865,1,2,1,2,0.0,0.0
7850.113114,7865.080678,14.967564,1,3,19,7,1.729197,0.271781
7872.123668,7873.947744,1.824076,1,3,2,1,1.040161,1.040161
7874.124372,7885.137871,11.013499,1,2,14,4,1.553322,0.304153
7888.131475,7891.2364,3.104925,1,2,5,3,1.216503,0.239569
7898.152646,7900.9699,2.817254,1,3,4,3,1.728834,0.272391
7904.155096,7906.988151,2.833055,1,3,5,4,1.968605,0.0477
7914.159729,7914.944322,0.784593,1,3,1,0,0.0,0.0
7916.159875,7921.107201,4.947326,1,3,7,4,1.040407,0.303917
7926.165706,7926.982415,0.816709,1,3,2,0,0.497158,0.497158
7930.167911,7930.952138,0.784227,1,3,1,1,0.0,0.0
7932.168789,7943.101786,10.932997,1,1,14,3,2.016656,0.240562
7946.191407,7946.959688,0.768281,1,3,1,3,0.0,0.0
7954.195429,7958.884942,4.689513,1,3,5,7,1.553341,0.511997
7962.19905,7974.893195,12.694145,1,3,14,7,2.000793,0.272512
7978.206639,7983.121104,4.914465,1,3,9,2,1.233127,0.271704
7994.214491,7996.038937,1.824446,1,3,4,2,0.704564,0.064094
7998.232457,8001.369729,3.137272,1,3,5,3,1.921447,0.079502
8004.234661,8010.990211,6.75555,1,3,11,5,1.312178,0.03174
8012.238465,8014.063698,1.825233,1,1,2,1,1.040507,1.040507
8014.239237,8018.913973,4.674736,1,1,7,3,1.456711,0.032175
8022.243317,8023.059599,0.816282,1,3,1,2,0.0,0.0
8028.246636,8033.113167,4.866531,1,3,7,6,2.001871,0.224089
8036.250242,8039.355707,3.105465,1,3,5,4,1.265005,0.287775
8042.252968,8043.037293,0.784325,1,2,1,2,0.0,0.0
8046.255425,8057.188502,10.933077,1,3,14,8,2.001307,0.095969
8060.27807,8075.997511,15.719441,1,3,16,10,2.001898,0.080604
8078.286801,8091.572761,13.28596,1,3,14,6,2.001782,0.224784
8094.294444,8097.159562,2.865118,1,3,4,4,1.969502,0.063089
8100.297619,8103.450727,3.153108,1,3,5,4,1.728958,0.271601
8106.315838,8108.124899,1.809061,1,2,2,1,1.040597,1.040597
8110.318129,8116.496958,6.178829,1,3,10,3,1.168698,0.079493
8120.322929,8139.980162,19.657233,1,3,23,10,2.001051,0.048154
8142.3332,8151.297148,8.963948,1,3,11,5,1.552857,0.271373
8152.338453,8154.210667,1.872214,1,2,3,2,1.055841,0.496378
8156.340088,8159.476909,3.136821,1,3,6,6,1.952437,0.047937
8162.358955,8163.127843,0.768888,1,3,1,3,0.0,0.0
8164.360298,8165.12862,0.768322,1,3,1,3,0.0,0.0
8166.360662,8180.544043,14.183381,1,2,19,3,2.000262,0.271888
8184.368986,8185.185044,0.816058,1,3,2,1,0.495719,0.495719
8186.370374,8188.195138,1.824764,1,2,2,1,1.040483,1.040483
8192.373137,8193.157308,0.784171,1,3,1,2,0.0,0.0
8196.375177,8199.272222,2.897045,1,3,4,2,1.552592,0.079876
8202.377862,8203.162111,0.784249,1,3,2,4,0.463411,0.463411
8204.379587,8207.276036,2.896449,1,1,5,4,1.457213,0.063386
8210.382209,8211.16625,0.784041,1,3,1,0,0.0,0.0
8212.382771,8216.320827,3.938056,1,3,7,4,1.488928,0.048229
8218.401711,8225.333155,6.931444,1,3,8,10,2.00122,0.047779
8226.40553,8228.726225,2.320695,1,1,3,2,1.456724,0.559977
8232.408825,8233.496772,1.087947,1,3,2,1,0.27254,0.27254
8240.412571,8242.588926,2.176355,1,3,4,1,1.040378,0.272378
8246.415198,8246.735537,0.320339,1,3,1,0,0.0,0.0
8252.418326,8253.281671,0.863345,1,3,3,0,0.496395,0.04754
8262.422926,8267.337463,4.914537,1,3,5,4,1.552667,0.544078
8270.442306,8272.300028,1.857722,1,3,4,5,0.992771,0.048324
8278.44671,8280.271372,1.824662,1,3,3,2,1.056935,0.464156
8284.449523,8285.217986,0.768463,1,3,1,3,0.0,0.0
8286.45029,8287.267026,0.816736,1,2,2,2,0.496822,0.496822
8288.450953,8290.275954,1.825001,1,2,3,3,0.991966,0.048543
8290.451793,8293.269571,2.817778,1,1,2,2,2.000637,2.000637
8296.454692,8299.320616,2.865924,1,3,3,5,1.552698,0.496261
8300.457353,8301.241649,0.784296,1,3,2,4,0.465081,0.465081
8304.458634,8308.941082,4.482448,1,3,5,5,1.552887,0.063887
8312.463016,8313.246626,0.78361,1,3,2,2,0.463454,0.463454
8316.464391,8317.248534,0.784143,1,3,2,3,0.464101,0.464101
8318.465545,8318.785381,0.319836,1,1,1,1,0.0,0.0
8322.482862,8324.292196,1.809334,1,3,2,3,1.039921,1.039921
8324.48455,8324.788881,0.304331,1,1,1,1,0.0,0.0
8328.48663,8330.31161,1.82498,1,3,2,1,1.056686,1.056686
8330.48742,8332.344547,1.857127,1,2,5,4,0.704505,0.063893
8334.489354,8335.305674,0.81632,1,3,2,2,0.496948,0.496948
8338.490446,8340.332298,1.841852,1,3,2,3,1.072945,1.072945
8340.492398,8341.308578,0.81618,1,2,1,1,0.0,0.0
8344.494272,8345.310263,0.815991,1,3,1,2,0.0,0.0
8348.495384,8350.320904,1.82552,1,3,2,2,1.041132,1.041132
8354.498311,8357.284108,2.785797,1,3,4,3,1.920734,0.080702
8358.500381,8363.191107,4.690726,1,3,6,2,1.53708,0.288023
8366.504744,8368.329707,1.824963,1,3,3,2,1.041248,0.463654
8368.505155,8370.826746,2.321591,1,1,4,1,1.184803,0.272049
8374.507386,8375.324632,0.817246,1,3,1,3,0.0,0.0
8378.526159,8381.295149,2.76899,1,3,5,5,1.552029,0.080148
8386.529961,8395.494119,8.964158,1,3,10,9,2.00153,0.080347
8398.535527,8400.408476,1.872949,1,3,3,2,1.056373,0.495837
8404.53795,8407.371548,2.833598,1,3,4,3,1.456586,0.511969
8408.540969,8409.324533,0.783564,1,2,2,2,0.463571,0.463571
8412.542599,8413.326432,0.783833,1,3,1,2,0.0,0.0
8418.545617,8419.329698,0.784081,1,3,2,1,0.46449,0.46449
8420.54629,8422.370999,1.824709,1,3,4,3,0.960177,0.080438
8428.566217,8429.334024,0.767807,1,3,2,1,0.463656,0.463656
8430.566772,8432.376102,1.80933,1,1,2,1,1.040589,1.040589
8434.568412,8435.384974,0.816562,1,3,2,2,0.511706,0.511706
8438.57087,8441.483818,2.912948,1,3,6,1,1.04112,0.031976
8442.572623,8443.340715,0.768092,1,1,1,1,0.0,0.0
8444.573918,8445.389969,0.816051,1,1,2,2,0.495995,0.495995
8446.574503,8457.508221,10.933718,1,3,15,4,2.001845,0.271697
8458.580499,8460.405157,1.824658,1,3,3,4,0.960447,0.080008
8462.582532,8463.366898,0.784366,1,3,1,1,0.0,0.0
8470.586175,8473.499045,2.91287,1,3,6,4,1.264033,0.079299
8474.587803,8477.420862,2.833059,1,2,2,3,2.016564,2.016564
8484.608804,8486.417612,1.808808,1,3,4,6,0.99217,0.048131
8486.610097,8493.253071,6.642974,1,2,11,4,1.552982,0.064521
8496.614926,8497.382581,0.767655,1,3,2,2,0.464016,0.464016
8500.61688,8501.432526,0.815646,1,3,2,3,0.496175,0.496175
8504.618031,8506.443115,1.825084,1,3,3,2,1.040805,0.464379
8514.623248,8518.496449,3.873201,1,2,4,4,2.000907,0.512468
8518.624783,8529.590217,10.965434,1,1,10,6,2.016616,0.543704
8532.631964,8535.41754,2.785576,1,3,5,4,1.5529,0.079452
8536.64905,8546.558419,9.909369,1,2,13,5,1.632882,0.272091
8546.654027,8548.975295,2.321268,1,1,2,2,2.017215,2.017215
8552.656677,8556.482663,3.825986,1,3,5,5,1.952415,0.047808
8556.658729,8557.475615,0.816886,1,2,1,1,0.0,0.0
8560.661277,8560.981531,0.320254,1,3,1,2,0.0,0.0
8564.663213,8565.478923,0.81571,1,3,1,3,0.0,0.0
8568.664058,8570.489823,1.825765,1,3,2,0,1.040919,1.040919
8572.666278,8579.50212,6.835842,1,3,10,4,1.968766,0.079595
8580.671051,8582.495745,1.824694,1,3,2,0,1.040767,1.040767
8582.671126,8585.504795,2.833669,1,2,4,3,1.472777,0.511858
8590.690981,8601.608086,10.917105,1,3,15,5,1.536647,0.271986
8602.697274,8604.52179,1.824516,1,1,2,1,1.056092,1.056092
8606.699172,8607.482875,0.783703,1,3,1,3,0.0,0.0
8608.700027,8613.646389,4.946362,1,2,7,4,2.001858,0.080257
8614.70243,8617.567997,2.865567,1,1,4,4,2.001592,0.048029
8620.70587,8622.530225,1.824355,1,3,2,3,1.040047,1.040047
8624.707897,8627.572772,2.864875,1,3,4,5,1.953459,0.047346
8632.711492,8633.544113,0.832621,1,3,2,4,0.512884,0.512884
8634.711913,8636.537498,1.825585,1,2,2,1,1.040507,1.040507
8638.713853,8642.619565,3.905712,1,3,7,4,1.248182,0.048219
8646.733419,8653.761134,7.027715,1,3,12,9,1.504172,0.064277
8654.737493,8655.50597,0.768477,1,1,1,1,0.0,0.0
8656.738246,8675.435858,18.697612,1,3,27,6,1.551964,0.079816
8676.74857,8677.532703,0.784133,1,2,3,3,0.544885,0.159952
8680.750706,8685.488676,4.73797,1,3,9,2,1.264553,0.096457
8688.754329,8691.907318,3.152989,1,3,7,8,1.537241,0.048399
8696.773546,8700.599509,3.825963,1,3,5,2,1.536024,0.048637
8700.776095,8707.675257,6.899162,1,2,8,4,1.728892,0.080198
8708.780018,8709.643948,0.86393,1,3,2,3,0.544756,0.544756
8712.781845,8713.565154,0.783309,1,3,1,1,0.0,0.0
8714.782772,8715.10273,0.319958,1,3,1,2,0.0,0.0
8718.784552,8719.568498,0.783946,1,3,1,1,0.0,0.0
8724.787049,8727.155746,2.368697,1,3,2,3,1.551595,1.551595
8730.790091,8731.574888,0.784797,1,3,1,3,0.0,0.0
8736.793428,8738.66624,1.872812,1,3,5,2,0.6888,0.065082
8738.793773,8741.627613,2.83384,1,1,4,3,1.456883,0.512122
8742.796032,8745.165112,2.36908,1,1,2,2,1.552608,1.552608
8750.815728,8759.492326,8.676598,1,3,13,2,1.488746,0.032547
8764.823012,8765.910519,1.087507,1,3,2,1,0.271403,0.271403
8768.824813,8770.648932,1.824119,1,3,3,3,1.008273,0.047687
8774.827066,8781.694851,6.867785,1,3,6,4,2.001235,0.544602
8784.832049,8787.665925,2.833876,1,3,5,5,1.456892,0.079926
8788.833958,8789.617952,0.783994,1,2,2,2,0.46373,0.46373
8790.834555,8791.619621,0.785066,1,1,1,1,0.0,0.0
8792.836333,8794.661075,1.824742,1,2,2,2,1.040736,1.040736
8796.837484,8798.663076,1.825592,1,3,3,5,0.976566,0.064537
8802.840853,8804.665265,1.824412,1,3,3,2,0.976028,0.064049
8808.859919,8814.046109,5.18619,1,3,6,5,2.001132,0.07978
8816.863124,8821.761734,4.89861,1,3,4,5,2.00122,0.544268
8824.867295,8826.691939,1.824644,1,3,3,4,1.039995,0.464372
8826.867945,8828.692927,1.824982,1,2,2,2,1.040142,1.040142
8828.869223,8833.687154,4.817931,1,3,9,3,1.233063,0.080377
8836.873307,8837.657251,0.783944,1,3,2,1,0.464208,0.464208
8842.875629,8849.839255,6.963626,1,3,10,2,1.808976,0.160265
8852.88051,8854.705174,1.824664,1,3,2,1,1.040439,1.040439
8854.881306,8855.201891,0.320585,1,1,1,1,0.0,0.0
8864.902632,8867.671451,2.768819,1,3,4,4,1.952744,0.04821
8872.906351,8885.648237,12.741886,1,3,11,8,2.016884,0.096471
8886.912728,8887.232381,0.319653,1,3,1,1,0.0,0.0
8890.91439,8896.645595,5.731205,1,3,9,1,1.50519,0.079686
8898.918908,8901.78361,2.864702,1,3,5,3,1.217189,0.287506
8906.922554,8909.291281,2.368727,1,3,3,1,1.264079,0.272371
8920.944595,8924.883115,3.93852,1,3,7,4,1.439942,0.049163
8926.947417,8933.815649,6.868232,1,3,9,3,1.457324,0.273065
8936.95224,8938.777423,1.825183,1,3,2,0,1.040331,1.040331
8940.954326,8941.274258,0.319932,1,3,1,1,0.0,0.0
8948.958901,8949.790901,0.832,1,3,2,4,0.512681,0.512681
8950.959243,8953.88876,2.929517,1,2,4,5,1.552653,0.064303
8954.961468,8955.745853,0.784385,1,1,1,1,0.0,0.0
8958.962951,8959.28334,0.320389,1,3,1,2,0.0,0.0
8962.965103,8963.749967,0.784864,1,3,1,1,0.0,0.0
8964.98179,8967.79998,2.81819,1,2,3,2,1.728901,0.272926
8972.985741,8973.289779,0.304038,1,3,1,1,0.0,0.0
8976.987599,8977.756619,0.76902,1,3,1,0,0.0,0.0
8978.989177,8979.901678,0.912501,1,2,3,2,0.496126,0.096402
8980.989881,8985.903876,4.913995,1,1,6,3,1.536735,0.096102
8986.992783,8987.776853,0.78407,1,1,1,1,0.0,0.0
8988.99356,8989.77847,0.78491,1,3,1,0,0.0,0.0
8990.994246,8992.819282,1.825036,1,3,2,3,1.040562,1.040562
8992.995674,8993.812491,0.816817,1,1,2,2,0.496404,0.496404
8996.997122,9000.823273,3.826151,1,3,7,5,1.905105,0.031385
9003.000747,9005.865618,2.864871,1,3,6,8,1.552615,0.064646
9011.004159,9011.884125,0.879966,1,3,3,2,0.495843,0.064218
9023.025951,9023.922675,0.896724,1,3,2,2,0.080742,0.080742
9027.027349,9029.845623,2.818274,1,3,6,4,1.409118,0.079084
9033.030574,9034.887496,1.856922,1,3,3,1,0.9604,0.079707
9035.03152,9041.850807,6.819287,1,1,8,5,1.456903,0.496081
9043.034983,9047.949305,4.914322,1,1,6,3,1.552725,0.095496
9049.038373,9049.854388,0.816015,1,2,2,3,0.496327,0.496327
9051.039469,9051.823294,0.783825,1,2,1,1,0.0,0.0
9055.04141,9057.938871,2.897461,1,3,3,2,2.000204,0.080697
9061.044254,9065.878498,4.834244,1,3,5,5,2.000869,0.512091
9067.047241,9068.871748,1.824507,1,1,2,1,1.040425,1.040425
9075.066534,9075.995247,0.928713,1,3,4,5,0.463912,0.07987
9077.067904,9077.836181,0.768277,1,2,1,2,0.0,0.0
9079.068631,9079.965065,0.896434,1,2,3,1,0.512574,0.079712
9085.071814,9086.896359,1.824545,1,3,2,1,1.056912,1.056912
9091.074133,9094.89983,3.825697,1,3,7,6,1.472679,0.079326
9103.080577,9103.976578,0.896001,1,3,2,3,0.080201,0.080201
9107.082052,9107.866481,0.784429,1,3,1,3,0.0,0.0
9113.084228,9114.909958,1.82573,1,3,2,1,1.040868,1.040868
9115.086496,9115.998908,0.912412,1,2,3,4,0.51246,0.080698
9119.087515,9119.872643,0.785128,1,3,1,0,0.0,0.0
9121.088604,9122.914269,1.825665,1,2,2,2,1.040691,1.040691
9123.090146,9128.084369,4.994223,1,1,5,3,2.001019,0.080687
9129.108885,9132.037642,2.928757,1,3,7,7,1.455922,0.079637
9133.110857,9133.878767,0.76791,1,2,1,1,0.0,0.0
9139.113172,9139.930065,0.816893,1,3,2,3,0.496669,0.496669
9143.115916,9144.940705,1.824789,1,3,4,4,0.961105,0.080124
9155.121476,9156.946463,1.824987,1,3,5,5,0.880457,0.07983
9159.123608,9159.443637,0.320029,1,3,1,2,0.0,0.0
9163.125372,9164.949655,1.824283,1,3,4,4,0.912532,0.031588
9169.128408,9172.073078,2.94467,1,3,5,3,1.985251,0.048039
9173.12965,9174.042421,0.912771,1,2,3,2,0.512617,0.079784
9177.131485,9177.915939,0.784454,1,2,1,0,0.0,0.0
9179.149212,9183.055047,3.905835,1,2,5,4,1.536349,0.511818
9185.15178,9185.455539,0.303759,1,3,1,3,0.0,0.0
9189.153807,9189.921669,0.767862,1,3,2,2,0.463506,0.463506
9191.15484,9192.050586,0.895746,1,2,3,2,0.511248,0.080049
9193.155905,9195.973143,2.817238,1,1,4,3,1.456807,0.496862
9197.157229,9198.982569,1.82534,1,3,3,3,0.976662,0.080437
9201.159675,9204.057207,2.897532,1,3,3,2,2.001038,0.079962
9205.160862,9205.945607,0.784745,1,1,1,1,0.0,0.0
9207.162637,9208.05837,0.895733,1,3,3,1,0.49613,0.07949
9213.165596,9221.537202,8.371606,1,3,5,6,2.001217,1.552653
9231.174019,9232.006256,0.832237,1,3,1,2,0.0,0.0
9239.194035,9240.090202,0.896167,1,3,4,5,0.464531,0.048183
9241.194872,9241.963353,0.768481,1,2,1,1,0.0,0.0
9243.195814,9245.020932,1.825118,1,2,2,1,1.05624,1.05624
9245.196688,9245.964829,0.768141,1,3,1,3,0.0,0.0
9247.197814,9247.965905,0.768091,1,2,1,2,0.0,0.0
9249.198872,9251.023518,1.824646,1,2,2,1,1.05659,1.05659
9253.200984,9256.066321,2.865337,1,3,4,4,2.001773,0.047982
9257.20204,9257.987035,0.784995,1,2,2,2,0.464433,0.464433
9259.203625,9262.116245,2.91262,1,2,3,2,2.001192,0.095141
9267.207587,9270.105307,2.89772,1,3,5,6,1.456528,0.06479
9271.209262,9271.529837,0.320575,1,2,1,1,0.0,0.0
9275.211278,9277.03517,1.823892,1,3,2,3,1.039101,1.039101
9281.2139,9282.06265,0.84875,1,3,2,2,0.064683,0.064683
9289.233948,9293.043714,3.809766,1,3,5,5,1.537167,0.079889
9295.237073,9299.094624,3.857551,1,3,8,6,1.537717,0.047066
9299.238765,9301.063343,1.824578,1,1,2,1,1.055727,1.055727
9305.241322,9306.138427,0.897105,1,3,3,3,0.496685,0.079825
9309.243571,9311.068243,1.824672,1,3,5,4,0.880548,0.064394
9313.24584,9317.119108,3.873268,1,3,5,2,2.000912,0.080011
9321.249408,9323.570674,2.321266,1,3,2,3,2.00118,2.00118
9327.252036,9328.100562,0.848526,1,3,3,2,0.496348,0.032144
9331.254545,9335.624847,4.370302,1,3,4,5,1.552989,0.448913
9339.257679,9340.090264,0.832585,1,3,1,3,0.0,0.0
9343.275581,9343.580376,0.304795,1,3,1,1,0.0,0.0
9347.277406,9348.110258,0.832852,1,3,2,1,0.064165,0.064165
9351.280035,9352.127823,0.847788,1,3,3,3,0.51258,0.031131
9363.285316,9365.158123,1.872807,1,3,3,0,0.975774,0.080338
9365.286064,9368.200002,2.913938,1,2,5,3,1.921137,0.048111
9371.289422,9373.114583,1.825161,1,3,3,3,1.040792,0.463837
9373.290831,9374.234905,0.944074,1,2,4,3,0.463963,0.064487
9375.291453,9376.075718,0.784265,1,1,1,1,0.0,0.0
9377.292741,9377.612463,0.319722,1,1,1,1,0.0,0.0
9381.294352,9384.112201,2.817849,1,3,2,4,2.001087,2.001087
9397.31768,9398.198273,0.880593,1,3,2,1,0.064715,0.064715
9401.32018,9404.233475,2.913295,1,3,4,4,1.53648,0.048026
9405.321543,9406.218028,0.896485,1,3,3,1,0.51222,0.079768
9407.322841,9410.14052,2.817679,1,1,3,2,1.537317,0.464549
9415.326624,9419.184827,3.858203,1,3,6,4,2.000895,0.064521
9423.330128,9424.115209,0.785081,1,3,1,2,0.0,0.0
9425.331026,9425.427524,0.096498,1,1,1,0,0.0,0.0
9427.33196,9430.213662,2.881702,1,2,5,4,1.937292,0.047624
9433.335267,9434.119282,0.784015,1,3,1,3,0.0,0.0
9439.338108,9440.122238,0.78413,1,3,1,0,0.0,0.0
9441.339115,9442.203006,0.863891,1,2,3,0,0.496612,0.047549
9443.339975,9444.236021,0.896046,1,2,2,1,0.079386,0.079386
9447.341486,9452.224633,4.883147,1,3,4,4,2.000722,0.51304
9453.360914,9454.241196,0.880282,1,2,2,2,0.063927,0.063927
9459.363082,9461.220089,1.857007,1,3,4,4,0.99172,0.048202
9463.365942,9466.215064,2.849122,1,3,4,4,1.96929,0.047578
9467.367072,9468.311818,0.944746,1,3,4,3,0.464319,0.06345
9471.369166,9472.266132,0.896966,1,3,2,3,0.081304,0.081304
9473.370283,9473.690422,0.320139,1,1,1,1,0.0,0.0
9477.37205,9478.252887,0.880837,1,3,3,3,0.496669,0.063811
9483.37552,9486.320679,2.945159,1,3,7,7,1.455789,0.079974
9489.378113,9490.194119,0.816006,1,3,2,2,0.495632,0.495632
9493.37982,9494.291971,0.912151,1,3,3,3,0.495948,0.095921
9497.382105,9501.752279,4.370174,1,3,3,3,2.001818,1.53704
9505.401193,9506.297613,0.89642,1,3,3,2,0.512719,0.079461
9513.404832,9516.30282,2.897988,1,3,4,4,1.536158,0.079875
9519.407695,9522.353892,2.946197,1,3,4,4,2.00057,0.080395
9523.410476,9526.338952,2.928476,1,3,4,6,1.537185,0.063203
9531.414115,9534.279272,2.865157,1,3,5,5,1.553097,0.047722
9535.416169,9540.330471,4.914302,1,2,5,3,1.553464,0.448791
9543.419183,9546.36502,2.945837,1,2,5,5,2.000945,0.079712
9551.423016,9552.255957,0.832941,1,3,2,4,0.512535,0.512535
9553.424085,9554.320844,0.896759,1,2,2,1,0.064335,0.064335
9559.442741,9561.25178,1.809039,1,3,2,2,1.040453,1.040453
9565.446015,9565.750011,0.303996,1,3,1,1,0.0,0.0
9569.447744,9570.216873,0.769129,1,2,1,0,0.0,0.0
9571.448746,9572.265086,0.81634,1,2,1,1,0.0,0.0
9575.450987,9576.218954,0.767967,1,3,1,2,0.0,0.0
9577.452386,9580.31717,2.864784,1,3,4,3,1.536615,0.496193
9581.454212,9584.367644,2.913432,1,2,6,7,1.42431,0.080341
9587.455982,9588.241411,0.785429,1,3,2,2,0.464994,0.464994
9589.457962,9591.282488,1.824526,1,2,2,1,1.040676,1.040676
9591.458167,9592.291461,0.833294,1,1,2,2,0.513139,0.513139
9593.459886,9595.332667,1.872781,1,2,3,3,1.040537,0.512499
9599.46285,9603.287768,3.824918,1,3,6,5,1.456981,0.080109
9607.466145,9612.428452,4.962307,1,3,6,7,2.001075,0.079762
9615.486077,9618.255401,2.769324,1,3,4,5,1.92104,0.080152
9619.48803,9622.416775,2.928745,1,3,5,5,1.552603,0.064148
9625.491109,9626.307065,0.815956,1,3,2,2,0.49602,0.49602
9627.491747,9630.357749,2.866002,1,2,4,2,1.457019,0.544374
9633.494492,9635.319669,1.825177,1,3,2,1,1.0404,1.0404
9635.495943,9638.441696,2.945753,1,2,5,4,1.520528,0.048174
9641.498479,9642.282964,0.784485,1,3,1,1,0.0,0.0
9643.50034,9646.397665,2.897325,1,2,4,2,1.552578,0.080835
9647.501785,9648.445762,0.943977,1,2,3,2,0.08052,0.078726
9649.502949,9651.327587,1.824638,1,2,3,3,0.976613,0.063415
9655.504767,9659.331963,3.827196,1,3,7,6,1.457083,0.079491
9659.507968,9661.444837,1.936869,1,2,4,2,1.0405,0.079876
9661.50875,9664.454189,2.945439,1,1,6,4,1.456551,0.048311
9667.527029,9668.472077,0.945048,1,3,4,2,0.512058,0.064045
9677.532399,9679.356807,1.824408,1,3,3,2,0.97622,0.08013
9681.533296,9684.431589,2.898293,1,3,7,7,1.504726,0.047787
9687.537086,9689.361415,1.824329,1,3,3,3,0.992132,0.063936
9691.539,9693.348204,1.809204,1,3,3,5,0.944942,0.096436
9695.541302,9696.356801,0.815499,1,3,2,2,0.495476,0.495476
9697.542244,9699.367055,1.824811,1,1,2,1,1.040686,1.040686
9703.544983,9704.440878,0.895895,1,3,2,0,0.079575,0.079575
9705.545579,9707.370388,1.824809,1,2,4,2,0.880662,0.063976
9707.546912,9709.371216,1.824304,1,1,2,1,1.040841,1.040841
9709.547431,9710.443412,0.895981,1,2,3,2,0.497205,0.079545
9711.548064,9712.332274,0.78421,1,1,1,1,0.0,0.0
9715.549829,9716.414768,0.864939,1,3,2,1,0.543849,0.543849
9721.569312,9722.337299,0.767987,1,3,1,3,0.0,0.0
9723.570062,9724.386243,0.816181,1,3,2,3,0.511682,0.511682
9727.571421,9728.388456,0.817035,1,3,1,3,0.0,0.0
9739.577246,9740.505671,0.928425,1,3,3,2,0.080145,0.063767
9741.578663,9744.39625,2.817587,1,3,3,4,2.001313,0.496028
9747.581293,9749.40658,1.825287,1,3,4,5,0.992548,0.048633
9753.583828,9754.496664,0.912836,1,3,4,3,0.464901,0.063798
9757.585872,9762.580428,4.994556,1,3,5,5,2.000711,0.080185
9763.588858,9764.421775,0.832917,1,3,2,1,0.512721,0.512721
9769.591812,9770.503937,0.912125,1,3,2,0,0.079294,0.079294
9773.60991,9775.914625,2.304715,1,3,2,1,2.000752,2.000752
9779.612747,9780.381161,0.768414,1,3,1,3,0.0,0.0
9781.613197,9784.527322,2.914125,1,2,4,3,1.552285,0.512965
9785.615757,9787.439839,1.824082,1,1,2,1,1.055979,1.055979
9789.617808,9791.506141,1.888333,1,3,4,4,0.976382,0.063282
9795.619802,9796.436789,0.816987,1,3,1,0,0.0,0.0
9799.622333,9800.406658,0.784325,1,3,2,1,0.464289,0.464289
9801.622941,9802.407348,0.784407,1,1,1,1,0.0,0.0
9803.624168,9810.619218,6.99505,1,2,8,4,1.553277,0.079602
9811.628264,9812.460298,0.832034,1,1,2,2,0.511799,0.511799
9819.632231,9821.520628,1.888397,1,3,4,4,0.928183,0.079816
9825.634387,9827.459851,1.825464,1,3,5,4,0.881119,0.079269
9827.651166,9834.583216,6.93205,1,2,9,5,1.456674,0.080355
9839.657413,9842.010585,2.353172,1,3,2,2,1.536925,1.536925
9845.659788,9846.444573,0.784785,1,3,1,1,0.0,0.0
9849.662602,9853.584236,3.921634,1,3,8,6,1.4888,0.04755
9853.663577,9854.448686,0.785109,1,2,1,1,0.0,0.0
9859.667222,9860.579141,0.911919,1,3,3,0,0.496509,0.095963
9861.668358,9864.581787,2.913429,1,1,4,2,1.5517,0.096646
9867.670812,9868.454806,0.783994,1,3,2,2,0.4634,0.4634
9869.671521,9870.488609,0.817088,1,1,1,1,0.0,0.0
9873.672889,9875.49827,1.825381,1,3,4,5,0.991697,0.048048
9875.674741,9876.507349,0.832608,1,1,2,2,0.512093,0.512093
9889.697267,9891.522105,1.824838,1,3,4,6,0.975935,0.080569
9895.700397,9896.46908,0.768683,1,3,1,3,0.0,0.0
9901.70274,9902.519136,0.816396,1,3,2,2,0.032237,0.032237
9913.708323,9919.711718,6.003395,1,3,6,5,1.55226,0.512604
9923.713826,9924.657812,0.943986,1,3,3,1,0.543674,0.080181
9927.715916,9929.540306,1.82439,1,3,4,4,0.992,0.048663
9933.734185,9934.502159,0.767974,1,3,2,3,0.464038,0.464038
9935.734918,9936.03937,0.304452,1,3,1,1,0.0,0.0
9939.737459,9942.602808,2.865349,1,3,4,4,1.537113,0.511866
9943.739189,9944.69965,0.960461,1,2,4,3,0.463967,0.080278
9945.740486,9946.556289,0.815803,1,2,1,1,0.0,0.0
9949.742165,9950.718798,0.976633,1,3,4,1,0.496271,0.048059
9953.743772,9957.409586,3.665814,1,3,6,5,1.520603,0.047716
9959.747099,9960.690985,0.943886,1,3,4,5,0.463887,0.079335
9963.74855,9964.692727,0.944177,1,3,4,3,0.46436,0.07982
9967.750611,9970.744034,2.993423,1,3,5,3,1.552797,0.048117
9971.75235,9973.577984,1.825634,1,1,2,1,1.040848,1.040848
9973.753771,9974.537546,0.783775,1,2,1,2,0.0,0.0
9975.754858,9978.6356,2.880742,1,2,4,4,1.552712,0.496386
9981.757605,9985.631114,3.873509,1,3,6,6,1.488935,0.07932
9989.776772,9992.659218,2.882446,1,3,5,2,1.488613,0.064427
9995.779859,10002.695178,6.915319,1,3,7,7,2.000948,0.048134
10003.783765,10004.552501,0.768736,1,2,1,1,0.0,0.0
10009.786777,10011.611887,1.82511,1,3,3,2,0.960949,0.079262
10013.789421,10017.71044,3.921019,1,3,6,5,1.537516,0.047622
10019.791668,10021.616368,1.8247,1,3,4,3,0.976697,0.063249
10025.794348,10026.690136,0.895788,1,3,2,0,0.078734,0.078734
10027.795739,10028.707762,0.912023,1,3,4,4,0.463455,0.048061
10029.796918,10031.620918,1.824,1,1,2,1,1.039725,1.039725
10031.797856,10033.622085,1.824229,1,2,3,3,0.960671,0.079369
10035.799523,10036.584079,0.784556,1,3,1,1,0.0,0.0
10037.799772,10038.584141,0.784369,1,3,1,0,0.0,0.0
10043.818645,10048.749791,4.931146,1,3,8,7,1.536373,0.063956
10049.822256,10050.638378,0.816122,1,2,2,2,0.51182,0.51182
10053.8234,10056.608934,2.785534,1,3,4,5,1.920222,0.095929
10061.827432,10062.612506,0.785074,1,3,2,4,0.464535,0.464535
10063.828929,10066.693968,2.865039,1,3,4,4,1.457198,0.543743
10069.831767,10070.728148,0.896381,1,3,3,1,0.496403,0.080291
10073.833368,10074.778374,0.945006,1,3,4,5,0.464847,0.079163
10077.83512,10078.619271,0.784151,1,3,2,2,0.463948,0.463948
10081.83756,10083.710647,1.873087,1,3,4,4,0.960562,0.080389
10083.838661,10084.158342,0.319681,1,1,1,1,0.0,0.0
10087.840558,10089.664576,1.824018,1,3,3,2,0.99223,0.047851
10093.859139,10094.723758,0.864619,1,3,3,1,0.512047,0.048542
10095.860101,10096.740649,0.880548,1,2,2,2,0.064743,0.064743
10101.862836,10102.679414,0.816578,1,3,3,5,0.463785,0.049002
10105.864697,10108.762247,2.89755,1,3,3,4,2.001533,0.08068
10113.868114,10114.81332,0.945206,1,3,3,1,0.544693,0.080413
10117.870055,10119.695686,1.825631,1,3,3,1,1.040721,0.46429
10119.871894,10120.687477,0.815583,1,1,2,2,0.496501,0.496501
10127.875373,10129.700355,1.824982,1,3,2,1,1.041569,1.041569
10131.877319,10133.701963,1.824644,1,3,2,3,1.040653,1.040653
10133.877998,10136.743967,2.865969,1,2,3,3,1.552599,0.496726
10139.88106,10140.665624,0.784564,1,3,2,4,0.464849,0.464849
10143.882663,10145.707431,1.824768,1,3,2,3,1.040011,1.040011
10145.884357,10148.205223,2.320866,1,1,3,2,1.456634,0.544195
10153.903767,10154.783973,0.880206,1,3,2,0,0.063729,0.063729
10155.904213,10156.672745,0.768532,1,1,1,1,0.0,0.0
10161.907412,10164.7404,2.832988,1,3,4,3,1.921742,0.063166
10165.909524,10166.805372,0.895848,1,1,2,1,0.079231,0.079231
10169.911077,10170.807723,0.896646,1,3,3,3,0.495905,0.080535
10171.912611,10172.728753,0.816142,1,2,1,1,0.0,0.0
10177.91543,10180.87627,2.96084,1,2,6,4,1.456475,0.04784
10183.91758,10187.840102,3.922522,1,3,5,2,2.001813,0.079357
10187.920331,10188.240155,0.319824,1,1,1,1,0.0,0.0
10193.92256,10195.747754,1.825194,1,3,4,4,0.961055,0.07994
10197.924655,10198.788571,0.863916,1,3,3,0,0.495997,0.047686
10201.942283,10204.248204,2.305921,1,3,4,6,1.456903,0.080072
10207.945054,10208.713753,0.768699,1,3,1,1,0.0,0.0
10213.948559,10216.717477,2.768918,1,3,5,7,1.536525,0.064412
10217.949887,10218.846401,0.896514,1,1,2,1,0.079891,0.079891
10219.951763,10220.271193,0.31943,1,2,1,2,0.0,0.0
10223.953561,10226.962892,3.009331,1,3,6,6,1.536223,0.063521
10229.955836,10230.740559,0.784723,1,3,1,1,0.0,0.0
10231.956709,10232.853761,0.897052,1,2,2,1,0.080165,0.080165
10233.957558,10234.74277,0.785212,1,2,1,1,0.0,0.0
10235.959599,10236.790895,0.831296,1,2,2,2,0.512187,0.512187
10237.960052,10239.785233,1.825181,1,1,2,1,1.041026,1.041026
10239.960575,10241.818251,1.857676,1,2,3,2,1.041276,0.495804
10241.961916,10242.282539,0.320623,1,3,1,0,0.0,0.0
10245.963717,10246.748125,0.784408,1,3,2,4,0.464121,0.464121
10247.964774,10248.284713,0.319939,1,3,1,2,0.0,0.0
10255.984389,10260.339124,4.354735,1,3,3,3,2.001591,1.552772
10263.988926,10264.756983,0.768057,1,3,1,3,0.0,0.0
10265.989796,10267.798245,1.808449,1,2,2,1,1.040185,1.040185
10269.990999,10271.84855,1.857551,1,3,3,2,1.040534,0.496423
10271.992348,10274.809758,2.81741,1,2,3,3,1.985231,0.047679
10277.995431,10278.923144,0.927713,1,3,3,1,0.079791,0.06358
10281.997236,10284.942585,2.945349,1,3,4,2,2.001217,0.079568
10290.001565,10290.784979,0.783414,1,3,1,2,0.0,0.0
10292.001496,10295.827798,3.826302,1,3,5,5,1.936583,0.064365
10298.00534,10298.90087,0.89553,1,3,3,1,0.496851,0.079056
10300.005812,10301.831011,1.825199,1,2,4,4,0.960989,0.079891
10302.007271,10303.831921,1.82465,1,1,2,1,1.040954,1.040954
10318.030794,10318.91097,0.880176,1,3,3,3,0.512104,0.063778
10320.031875,10320.848311,0.816436,1,2,1,1,0.0,0.0
10324.033777,10326.850239,2.816462,1,3,3,3,1.536793,0.464072
10330.036369,10333.910156,3.873787,1,3,5,5,1.968679,0.079691
10334.037972,10337.912145,3.874173,1,2,5,5,2.001358,0.064778
10342.042579,10342.858676,0.816097,1,3,2,4,0.496621,0.496621
10348.045328,10348.877414,0.832086,1,3,2,2,0.512504,0.512504
10350.046418,10352.943713,2.897295,1,2,5,4,1.936483,0.064308
10354.047874,10356.448831,2.400957,1,1,3,2,1.536048,0.54502
10360.050663,10360.963344,0.912681,1,3,3,4,0.079927,0.048635
10364.052246,10365.878167,1.825921,1,3,2,1,1.04155,1.04155
10368.070043,10368.375118,0.305075,1,3,1,3,0.0,0.0
10378.075623,10380.89245,2.816827,1,3,2,1,2.000374,2.000374
10384.078297,10385.903667,1.82537,1,3,4,3,0.96111,0.096129
10386.079183,10386.847987,0.768804,1,2,1,1,0.0,0.0
10390.081307,10390.865784,0.784477,1,3,1,1,0.0,0.0
10392.08198,10395.907709,3.825729,1,3,5,3,1.921575,0.064323
10396.084405,10396.900886,0.816481,1,3,2,4,0.496266,0.496266
10400.086511,10403.960377,3.873866,1,3,6,6,2.000784,0.047739
10412.092058,10413.916783,1.824725,1,3,4,4,0.960509,0.079461
10416.093079,10416.910063,0.816984,1,3,1,0,0.0,0.0
10420.096083,10424.466342,4.370259,1,3,3,3,2.001046,1.537012
10428.115254,10428.996286,0.881032,1,3,2,0,0.064523,0.064523
10430.117046,10431.941735,1.824689,1,2,2,2,1.056706,1.056706
10432.117563,10433.94224,1.824677,1,3,3,4,0.96041,0.095908
10436.119988,10437.015787,0.895799,1,3,3,1,0.496356,0.080014
10438.120169,10439.945535,1.825366,1,1,2,1,1.056143,1.056143
10444.123069,10444.908175,0.785106,1,3,1,1,0.0,0.0
10448.124877,10449.982568,1.857691,1,1,4,0,0.961142,0.080016
10452.126695,10456.000671,3.873976,1,3,6,4,1.969055,0.064303
10456.12857,10457.105672,0.977102,1,1,4,3,0.511734,0.064771
10458.130658,10459.955179,1.824521,1,2,2,1,1.041125,1.041125
10460.130671,10460.451108,0.320437,1,1,1,1,0.0,0.0
10464.132724,10465.061972,0.929248,1,3,3,2,0.080294,0.064163
10468.134967,10469.960104,1.825137,1,3,3,2,0.976676,0.063699
10470.136535,10470.951752,0.815217,1,1,1,1,0.0,0.0
10474.138136,10477.051338,2.913202,1,3,4,5,1.552768,0.495967
10480.157148,10480.925345,0.768197,1,3,1,1,0.0,0.0
10482.157642,10483.005936,0.848294,1,2,2,1,0.543853,0.543853
10486.159489,10486.927851,0.768362,1,3,2,3,0.464048,0.464048
10488.160415,10489.969658,1.809243,1,2,2,1,1.040673,1.040673
10490.161751,10493.0273,2.865549,1,2,4,4,1.536799,0.496831
10494.163768,10496.036043,1.872275,1,2,3,2,0.975642,0.080352
10498.165833,10500.022782,1.856949,1,3,3,4,1.040947,0.496625
10502.167461,10502.98394,0.816479,1,3,1,1,0.0,0.0
10506.16962,10507.994361,1.824741,1,3,2,1,1.040997,1.040997
10510.171554,10512.988465,2.816911,1,3,2,4,2.000547,2.000547
10518.175337,10520.000175,1.824838,1,3,2,0,1.041026,1.041026
10524.177735,10526.003018,1.825283,1,3,2,0,1.041036,1.041036
10526.178853,10527.122924,0.944071,1,2,3,1,0.544499,0.079419
10530.181034,10531.013396,0.832362,1,3,2,2,0.512306,0.512306
10532.181405,10532.965754,0.784349,1,2,1,2,0.0,0.0
10534.199012,10537.016029,2.817017,1,3,3,5,2.00086,0.512086
10538.200073,10546.172397,7.972324,1,1,7,4,2.001014,0.079878
10550.205743,10551.087235,0.881492,1,3,3,3,0.497609,0.063972
10554.208112,10554.992202,0.78409,1,3,1,3,0.0,0.0
10558.210303,10559.026761,0.816458,1,3,2,4,0.496936,0.496936
10564.21278,10567.078163,2.865383,1,3,5,6,1.536069,0.064142
10568.21477,10570.088077,1.873307,1,2,3,2,1.05619,0.496948
10570.215968,10573.160896,2.944928,1,2,4,3,2.000822,0.079288
10574.218237,10576.090742,1.872505,1,1,3,2,1.040584,0.512052
10578.219367,10586.591916,8.372549,1,3,7,7,2.001487,0.463237
10590.24104,10593.10711,2.86607,1,3,5,4,1.456481,0.04809
10594.243133,10595.188117,0.944984,1,2,3,1,0.543742,0.096505
10600.245979,10601.01469,0.768711,1,3,1,3,0.0,0.0
10602.247269,10605.064183,2.816914,1,2,2,2,2.000587,2.000587
10608.25029,10611.13084,2.88055,1,3,4,5,1.488403,0.096602
10612.251818,10613.035738,0.78392,1,2,1,1,0.0,0.0
10614.252257,10615.037424,0.785167,1,2,2,2,0.464921,0.464921
10618.254682,10620.079229,1.824547,1,3,2,0,1.040473,1.040473
10620.255117,10621.152135,0.897018,1,2,3,2,0.496693,0.079695
10622.256761,10624.081564,1.824803,1,1,2,1,1.041167,1.041167
10624.257263,10630.260663,6.0034,1,1,10,4,1.55278,0.032329
10632.260969,10635.142636,2.881667,1,3,4,4,2.001472,0.048214
10638.263792,10642.87414,4.610348,1,3,8,3,1.264753,0.192559
10646.284155,10647.324689,1.040534,1,3,1,3,0.0,0.0
10652.286682,10658.209464,5.922782,1,3,8,3,1.552583,0.224671
10658.289863,10659.106589,0.816726,1,1,1,1,0.0,0.0
10662.292126,10666.933904,4.641778,1,3,7,4,1.279362,0.224273
10670.295812,10672.200723,1.904911,1,3,4,2,1.041465,0.0476
10672.296418,10676.170229,3.873811,1,1,6,5,1.457224,0.079688
10680.300245,10681.116268,0.816023,1,3,2,4,0.48006,0.48006
10684.301957,10685.118117,0.81616,1,3,1,1,0.0,0.0
10688.30412,10690.913694,2.609574,1,3,3,2,1.552795,0.224083
10694.307049,10697.187816,2.880767,1,3,4,1,1.040527,0.271323
10700.326347,10703.14324,2.816893,1,3,5,4,1.264354,0.223929
10704.327099,10712.332306,8.005207,1,3,8,6,2.00048,0.224926
10722.336254,10723.392989,1.056735,1,3,1,3,0.0,0.0
10726.338719,10727.395357,1.056638,1,3,2,2,0.736193,0.736193
10730.339632,10736.487851,6.148219,1,3,9,3,1.263982,0.273388
10740.34561,10744.442899,4.097289,1,3,4,3,1.553105,0.447885
10748.36501,10755.280211,6.915201,1,3,10,5,1.489065,0.271743
10758.370418,10759.410751,1.040333,1,3,1,1,0.0,0.0
10762.371622,10765.461527,3.089905,1,3,4,3,1.505048,0.495389
10768.374325,10777.434715,9.06039,1,3,11,5,2.001434,0.272298
10780.380976,10780.701169,0.320193,1,3,1,3,0.0,0.0
10784.382413,10784.702685,0.320272,1,3,1,1,0.0,0.0
10788.384344,10793.298826,4.914482,1,3,8,3,1.552956,0.224668
10794.386864,10797.268273,2.881409,1,1,3,2,1.040323,0.783997
10800.390394,10803.271173,2.880779,1,3,5,4,1.553189,0.224342
10804.407699,10809.002172,4.594473,1,2,3,3,2.001124,1.552968
10812.411907,10815.324795,2.912888,1,3,4,2,1.55183,0.272227
10818.414315,10821.279605,2.86529,1,3,3,2,1.552914,0.271245
10824.417147,10829.060018,4.642871,1,3,6,5,1.553061,0.224125
10832.421751,10848.989095,16.567344,1,3,19,8,2.000131,0.24029
10852.43108,10873.385087,20.954007,1,3,24,7,2.001019,0.27178
10876.458576,10877.274501,0.815925,1,3,2,0,0.496665,0.496665
10880.460332,10885.359245,4.898913,1,3,7,2,2.001028,0.224603
10890.465271,10895.106656,4.641385,1,3,7,3,1.04139,0.238997
10898.468984,10905.351639,6.882655,1,3,8,1,2.001022,0.271669
10906.472883,10911.387477,4.914594,1,1,5,3,1.728213,0.287966
10918.494177,10919.310904,0.816727,1,3,1,3,0.0,0.0
10922.496963,10933.461451,10.964488,1,3,14,4,1.552856,0.22453
10934.502468,10938.648355,4.145887,1,1,4,2,1.553048,0.463547
10942.506009,10952.527414,10.021405,1,3,15,0,1.281515,0.223533
10952.559133,10955.665085,3.105952,1,1,5,2,1.217359,0.239572
10958.513798,10961.395024,2.881226,1,3,4,1,1.040968,0.28814
10962.515896,10966.613447,4.097551,1,1,4,2,1.487943,0.512495
10972.536759,10976.890798,4.354039,1,3,6,3,1.777215,0.223944
10980.540534,10988.496261,7.955727,1,3,11,3,1.552667,0.272126
10988.544149,10991.650289,3.10614,1,1,6,1,1.216253,0.239965
11008.554184,11011.467523,2.913339,1,3,6,1,1.312784,0.224192
11018.574792,11025.538102,6.96331,1,3,8,3,1.552919,0.223591
11028.579567,11035.494742,6.915175,1,3,9,3,2.000458,0.223726
11036.583713,11039.449309,2.865596,1,1,4,1,1.056165,0.272345
11042.586104,11049.45378,6.867676,1,3,9,2,1.537798,0.272754
11052.591012,11059.650338,7.059326,1,3,11,0,1.313221,0.14431
11062.596313,11069.559294,6.962981,1,3,11,2,1.552602,0.224736
11070.599634,11077.291193,6.691559,1,2,6,5,2.001007,0.224082
11080.621157,11087.263696,6.642539,1,3,9,5,1.728924,0.271629
11090.625005,11094.530989,3.905984,1,3,4,3,1.552415,0.271587
11096.628497,11105.592331,8.963834,1,3,11,6,1.553948,0.271699
11108.634279,11113.772508,5.138229,1,3,6,2,2.000859,0.288377
11116.63755,11125.650375,9.012825,1,3,11,6,1.553337,0.3047
11128.659705,11131.477284,2.817579,1,3,5,6,1.488855,0.047056
11134.662177,11140.617074,5.954897,1,3,7,3,1.312114,0.27156
11148.669124,11151.518676,2.849552,1,3,5,4,1.921214,0.064364
11158.673872,11167.494579,8.820707,1,3,11,2,1.551817,0.224964
11170.680003,11173.46536,2.785357,1,3,3,2,1.921228,0.080114
11178.699798,11181.0527,2.352902,1,3,2,4,1.536729,1.536729
11186.70278,11187.470928,0.768148,1,3,1,1,0.0,0.0
11188.704272,11193.666114,4.961842,1,2,7,4,1.537733,0.239885
11196.708141,11197.028491,0.32035,1,3,1,1,0.0,0.0
11200.710391,11209.658473,8.948082,1,3,13,2,1.777574,0.080348
11210.714899,11212.539727,1.824828,1,2,2,1,1.040478,1.040478
11212.715778,11220.911491,8.195713,1,1,7,4,2.001096,0.273011
11224.721105,11235.654109,10.933004,1,3,11,3,2.001311,0.272313
11238.743732,11245.146496,6.402764,1,3,7,7,2.000834,0.079988
11250.748971,11254.880134,4.131163,1,3,7,3,1.041189,0.271291
11258.753151,11261.426383,2.673232,1,3,4,4,1.040233,0.543771
11264.756699,11265.540159,0.78346,1,3,1,3,0.0,0.0
11266.756572,11279.691452,12.93488,1,3,16,6,2.000968,0.240062
11280.764295,11282.588385,1.82409,1,1,2,1,1.039908,1.039908
11282.765163,11286.590856,3.825693,1,3,7,7,1.488776,0.079781
11288.783631,11297.395618,8.611987,1,3,12,5,1.53684,0.255172
11300.789829,11303.702921,2.913092,1,3,5,4,1.553011,0.271853
11304.79168,11309.705772,4.914092,1,2,7,2,1.553386,0.271683
11312.795563,11313.57988,0.784317,1,3,2,2,0.46424,0.46424
11314.796344,11315.116249,0.319905,1,1,1,1,0.0,0.0
11318.798103,11322.464034,3.665931,1,3,5,5,1.505103,0.064095
11322.800188,11327.71385,4.913662,1,1,8,2,1.552889,0.224171
11328.802785,11329.587012,0.784227,1,1,1,1,0.0,0.0
11334.80609,11347.54788,12.74179,1,3,15,3,2.001927,0.240365
11350.828658,11354.655144,3.826486,1,3,5,3,1.920601,0.064331
11354.831157,11359.792876,4.961719,1,2,8,2,1.232872,0.31939
11362.83486,11363.619336,0.784476,1,3,2,3,0.464514,0.464514
11370.838509,11377.48183,6.643321,1,3,6,4,2.001235,0.27218
11380.843001,11381.163859,0.320858,1,3,1,1,0.0,0.0
11384.844451,11391.536226,6.691775,1,3,13,3,1.281031,0.031732
11394.865901,11397.763761,2.89786,1,3,3,4,1.53642,0.545241
11400.869038,11402.677502,1.808464,1,3,3,2,1.039955,0.464365
11404.870847,11429.810407,24.93956,1,3,31,7,2.001239,0.224031
11434.88485,11435.669679,0.784829,1,3,1,3,0.0,0.0
11436.886342,11441.736936,4.850594,1,2,6,4,1.729156,0.272587
11444.889535,11445.674275,0.78474,1,3,1,1,0.0,0.0
11446.906772,11453.630495,6.723723,1,3,11,3,1.248874,0.288085
11456.911892,11460.048872,3.13698,1,3,6,4,1.552807,0.063601
11460.913282,11462.738325,1.825043,1,1,2,1,1.056621,1.056621
11462.914911,11463.762836,0.847925,1,1,2,1,0.544421,0.544421
11466.915421,11469.269462,2.354041,1,3,4,2,1.2162,0.065025
11474.920521,11489.647704,14.727183,1,3,16,5,2.001094,0.064915
11494.929476,11501.621137,6.691661,1,3,7,6,2.001413,0.23999
11502.949141,11504.773339,1.824198,1,2,2,1,1.055469,1.055469
11504.950292,11507.591836,2.641544,1,1,4,3,1.040851,0.511938
11510.953595,11511.721754,0.768159,1,3,1,3,0.0,0.0
11512.954613,11513.770736,0.816123,1,2,1,1,0.0,0.0
11516.956586,11525.648313,8.691727,1,3,13,7,1.537455,0.079869
11528.96221,11529.825846,0.863636,1,3,2,3,0.544277,0.544277
11532.963681,11533.747652,0.783971,1,3,1,3,0.0,0.0
11538.966254,11541.319366,2.353112,1,3,3,3,1.504059,0.064265
11542.968184,11544.793686,1.825502,1,2,2,2,1.040681,1.040681
11550.988541,11560.208338,9.219797,1,3,12,3,1.552388,0.304062
11564.994839,11567.764695,2.769856,1,3,6,4,1.47335,0.032088
11570.997784,11573.831469,2.833685,1,3,6,6,1.489262,0.047394
11579.001834,11581.962798,2.960964,1,3,5,2,1.056,0.272021
11585.004129,11587.325988,2.321859,1,3,2,1,2.001746,2.001746
11591.006885,11593.792579,2.785694,1,3,6,6,1.488793,0.04759
11597.009811,11600.83603,3.826219,1,3,6,7,1.921326,0.064139
11601.011729,11603.700566,2.688837,1,1,5,2,1.041685,0.063181
11607.015305,11607.799297,0.783992,1,3,1,1,0.0,0.0
11609.031888,11609.800296,0.768408,1,2,2,2,0.464481,0.464481
11611.032921,11612.85807,1.825149,1,2,2,1,1.056353,1.056353
11613.034003,11613.801928,0.767925,1,2,1,2,0.0,0.0
11615.035214,11616.859155,1.823941,1,3,4,2,0.703749,0.079761
11619.036536,11621.82162,2.785084,1,3,5,7,1.552587,0.09617
11629.041459,11644.328595,15.287136,1,3,20,4,2.000225,0.143783
11647.049379,11652.220227,5.170848,1,3,6,3,2.000674,0.064233
11655.053505,11663.425387,8.371882,1,3,12,3,1.265231,0.271831
11671.077316,11674.759756,3.68244,1,3,7,6,1.040933,0.175708
11679.081207,11681.91441,2.833203,1,3,5,7,1.55309,0.032205
11687.085305,11688.941948,1.856643,1,3,3,4,1.040375,0.496762
11689.08661,11691.903288,2.816678,1,1,3,2,1.552851,0.448433
11697.089638,11697.906653,0.817015,1,3,1,2,0.0,0.0
11701.0917,11702.917133,1.825433,1,3,3,4,0.960922,0.079692
11705.093881,11705.974237,0.880356,1,3,3,2,0.512002,0.048283
11709.095975,11710.919985,1.82401,1,3,2,1,1.040174,1.040174
11713.113446,11714.922531,1.809085,1,3,2,0,1.041047,1.041047
11717.115486,11717.883287,0.767801,1,3,2,4,0.464033,0.464033
11719.116607,11724.974999,5.858392,1,2,6,4,2.000975,0.513062
11727.120379,11727.968236,0.847857,1,3,2,2,0.080177,0.080177
11733.122753,11733.891708,0.768955,1,3,1,0,0.0,0.0
11735.123539,11738.005136,2.881597,1,2,6,3,1.232494,0.063699
11743.12786,11746.952963,3.825103,1,3,8,7,1.457345,0.079854
11747.129339,11747.449978,0.320639,1,2,1,2,0.0,0.0
11751.1314,11759.503208,8.371808,1,3,9,6,2.016613,0.063919
11763.13737,11766.963537,3.826167,1,3,5,6,1.936676,0.064593
11767.155089,11769.972772,2.817683,1,2,3,3,2.000615,0.51243
11775.159058,11779.97721,4.818152,1,3,7,5,1.505186,0.063963
11785.163993,11786.988836,1.824843,1,3,4,3,0.960899,0.096436
11787.164663,11787.948515,0.783852,1,2,1,2,0.0,0.0
11793.167212,11800.05012,6.882908,1,3,10,2,1.728183,0.23942
11801.170732,11801.987355,0.816623,1,2,2,2,0.49559,0.49559
11803.172546,11811.832353,8.659807,1,2,13,1,1.088987,0.271559
11823.197766,11825.550808,2.353042,1,3,3,3,1.264226,0.272614
11829.200441,11830.017371,0.81693,1,3,1,3,0.0,0.0
11833.202365,11835.026998,1.824633,1,3,2,1,1.05634,1.05634
11839.204997,11841.894981,2.689984,1,3,6,5,1.041074,0.04824
11843.207423,11845.064301,1.856878,1,1,3,2,1.040564,0.496265
11849.210172,11851.082608,1.872436,1,3,4,3,0.992065,0.064167
11851.211042,11851.994959,0.783917,1,2,1,1,0.0,0.0
11857.213617,11859.038894,1.825277,1,3,2,3,1.040363,1.040363
11861.215715,11861.311904,0.096189,1,1,1,1,0.0,0.0
11861.327946,11862.576701,1.248755,1,1,1,1,0.0,0.0
11865.217256,11866.002394,0.785138,1,3,1,0,0.0,0.0
11867.218298,11870.100218,2.88192,1,3,4,5,1.536996,0.512144
11875.237828,11875.542541,0.304713,1,3,1,3,0.0,0.0
11879.239811,11880.008695,0.768884,1,2,1,0,0.0,0.0
11881.240823,11881.545574,0.304751,1,3,1,1,0.0,0.0
11885.243268,11887.067995,1.824727,1,3,2,1,1.056319,1.056319
11891.245731,11893.07075,1.825019,1,3,2,1,1.05601,1.05601
11893.246847,11895.567663,2.320816,1,2,2,3,2.000794,2.000794
11901.250917,11905.956626,4.705709,1,3,8,5,1.504527,0.031626
11913.256703,11917.082438,3.825735,1,3,7,7,1.456756,0.079696
11921.260606,11922.077084,0.816478,1,3,2,1,0.497185,0.497185
11925.261954,11926.094064,0.83211,1,3,1,3,0.0,0.0
11933.281762,11934.098567,0.816805,1,3,1,1,0.0,0.0
11937.283532,11939.108904,1.825372,1,3,4,4,0.736468,0.04754
11939.284692,11941.109297,1.824605,1,2,2,2,1.055854,1.055854
11941.286188,11942.102044,0.815856,1,2,2,2,0.511972,0.511972
11947.288951,11950.377938,3.088987,1,3,5,1,1.040482,0.272667
11963.296186,11964.080975,0.784789,1,3,1,1,0.0,0.0
11965.297305,11965.617794,0.320489,1,1,1,1,0.0,0.0
11973.301513,11980.296069,6.994556,1,3,8,6,1.728634,0.080128
11981.320483,11982.089672,0.769189,1,1,1,1,0.0,0.0
11983.321838,11990.301372,6.979534,1,3,8,2,2.001607,0.079727
11991.325874,11992.094293,0.768419,1,2,1,1,0.0,0.0
11993.326279,11999.233833,5.907554,1,2,7,3,1.713221,0.272032
12003.331737,12010.246393,6.914656,1,3,11,1,1.264523,0.27174
12011.335427,12014.20032,2.864893,1,2,3,2,2.000434,0.544151
12017.337922,12018.12286,0.784938,1,3,2,3,0.464825,0.464825
12019.33901,12020.235258,0.896248,1,2,3,1,0.496283,0.079247
12023.341535,12024.15729,0.815755,1,3,1,1,0.0,0.0
12027.343328,12030.176478,2.83315,1,3,6,3,1.440507,0.048045
12035.362904,12037.17144,1.808536,1,3,2,3,1.040564,1.040564
12041.365951,12042.181499,0.815548,1,3,1,3,0.0,0.0
12045.367952,12046.136391,0.768439,1,3,1,2,0.0,0.0
12047.368325,12052.28291,4.914585,1,3,6,5,2.000574,0.272034
12053.371207,12064.112165,10.740958,1,2,15,3,1.552314,0.095795
12065.37681,12066.161366,0.784556,1,1,1,1,0.0,0.0
12071.379603,12074.244779,2.865176,1,3,6,5,1.473082,0.064315
12077.38218,12080.34361,2.96143,1,3,5,4,1.552738,0.079927
12089.404149,12091.213063,1.808914,1,2,2,1,1.040265,1.040265
12093.406379,12096.175825,2.769446,1,3,5,7,1.44122,0.095817
12097.407535,12102.418525,5.01099,1,2,6,6,1.553168,0.063958
12105.412393,12105.73257,0.320177,1,3,1,3,0.0,0.0
12109.413906,12111.238517,1.824611,1,3,2,1,1.040063,1.040063
12111.415114,12113.23972,1.824606,1,1,2,1,1.040605,1.040605
12115.416584,12118.329783,2.913199,1,3,5,2,1.279808,0.271955
12119.418521,12128.159015,8.740494,1,2,8,4,2.001352,0.27187
12135.425955,12135.746416,0.320461,1,3,1,1,0.0,0.0
12139.428276,12141.797957,2.369681,1,3,2,1,1.537501,1.537501
12145.447308,12146.215942,0.768634,1,3,1,3,0.0,0.0
12147.448097,12149.257244,1.809147,1,3,3,5,0.960382,0.080183
12153.451292,12156.267869,2.816577,1,3,5,1,1.232174,0.272029
12157.453153,12158.221469,0.768316,1,3,2,1,0.448044,0.448044
12159.453552,12162.271139,2.817587,1,3,4,3,1.936517,0.064404
12169.458562,12178.375087,8.916525,1,3,12,3,2.000526,0.064204
12181.464144,12185.3702,3.906056,1,3,5,3,1.489264,0.07923
12185.466442,12194.462034,8.995592,1,1,9,7,2.001323,0.080024
12197.487979,12202.418209,4.93023,1,3,7,2,1.552829,0.064208
12205.492094,12208.276615,2.784521,1,3,4,3,1.919989,0.096449
12209.493763,12211.318472,1.824709,1,3,2,3,1.056202,1.056202
12213.494613,12217.401305,3.906692,1,3,7,6,1.536642,0.031573
12223.500669,12224.316651,0.815982,1,3,1,2,0.0,0.0
12229.503169,12231.376382,1.873213,1,3,4,4,0.976737,0.064526
12233.505021,12233.825619,0.320598,1,3,1,0,0.0,0.0
12237.507205,12244.166451,6.659246,1,3,7,6,1.552659,0.273021
12247.511983,12248.296485,0.784502,1,3,1,3,0.0,0.0
12249.51221,12249.832653,0.320443,1,2,1,1,0.0,0.0
12253.529759,12257.436471,3.906712,1,3,4,5,1.5372,0.511366
12257.532698,12260.397547,2.864849,1,1,5,1,1.264547,0.223654
12263.535629,12266.352474,2.816845,1,3,5,7,1.457176,0.096215
12267.537248,12268.450003,0.912755,1,3,1,1,0.0,0.0
12271.539353,12273.364199,1.824846,1,3,3,4,0.992884,0.047268
12275.540898,12291.468859,15.927961,1,3,16,7,2.001199,0.271812
12295.550994,12297.375908,1.824914,1,3,2,1,1.040861,1.040861
12299.568411,12302.657898,3.089487,1,3,3,2,2.000563,0.271985
12307.572335,12309.877366,2.305031,1,4,2,3,1.969259,1.969259
12313.574932,12315.399768,1.824836,1,3,2,1,1.05601,1.05601
12315.57578,12316.344399,0.768619,1,1,1,1,0.0,0.0
12317.576855,12318.345486,0.768631,1,2,1,2,0.0,0.0
12321.578953,12327.758019,6.179066,1,3,10,1,1.265348,0.271537
12331.583598,12332.400461,0.816863,1,3,2,4,0.496986,0.496986
12343.589446,12349.335889,5.746443,1,3,8,4,1.551851,0.063121
12349.591964,12350.376834,0.78487,1,1,1,1,0.0,0.0
12355.61071,12363.807167,8.196457,1,3,13,5,1.553407,0.03162
12367.617075,12368.433105,0.81603,1,3,1,2,0.0,0.0
12371.618185,12373.509822,1.891637,1,3,3,5,1.058655,0.064953
12377.621053,12378.51727,0.896217,1,3,3,1,0.497079,0.079385
12381.623019,12386.617027,4.994008,1,3,8,2,1.360637,0.064292
12387.625382,12389.450441,1.825059,1,1,2,1,1.039935,1.039935
12389.626827,12392.44472,2.817893,1,2,3,3,2.001707,0.496323
12393.628504,12395.453193,1.824689,1,2,2,1,1.040242,1.040242
12395.630136,12398.527469,2.897333,1,1,4,2,1.552606,0.080481
12401.6329,12403.457914,1.825014,1,3,5,2,0.688482,0.064354
12403.681073,12405.490655,1.809582,1,1,4,4,0.992469,0.048225
12407.650893,12410.468632,2.817739,1,3,6,6,1.472752,0.048313
12411.653662,12422.41095,10.757288,1,1,11,5,2.018036,0.064383
12425.65954,12428.589449,2.929909,1,3,4,4,1.537115,0.064045
12431.662558,12432.479483,0.816925,1,3,1,2,0.0,0.0
12435.6649,12436.449245,0.784345,1,3,1,1,0.0,0.0
12437.666193,12439.490894,1.824701,1,3,3,2,0.976851,0.064263
12443.668873,12445.493521,1.824648,1,3,2,2,1.040644,1.040644
12445.669331,12446.453398,0.784067,1,2,1,1,0.0,0.0
12447.670627,12450.584207,2.91358,1,2,6,6,1.552706,0.047568
12453.673298,12454.458133,0.784835,1,3,1,2,0.0,0.0
12459.691192,12460.556344,0.865152,1,3,3,1,0.511331,0.048258
12463.693631,12465.503374,1.809743,1,3,2,1,1.040996,1.040996
12467.695806,12470.401247,2.705441,1,3,5,0,1.040623,0.079729
12477.700677,12479.525787,1.82511,1,3,3,1,1.056403,0.449091
12481.703103,12490.027099,8.323996,1,3,8,6,2.001646,0.271942
12493.70935,12502.433297,8.723947,1,3,11,3,2.016,0.079951
12503.714284,12510.437191,6.722907,1,1,10,4,1.457351,0.064181
12513.718293,12516.616457,2.898164,1,3,4,5,1.999911,0.063989
12519.722585,12521.547213,1.824628,1,3,3,2,0.992037,0.048661
12523.739817,12525.565192,1.825375,1,2,5,2,0.704089,0.063272
12525.741367,12526.557922,0.816555,1,2,1,2,0.0,0.0
12531.744876,12532.51294,0.768064,1,3,1,1,0.0,0.0
12533.745707,12534.514527,0.76882,1,2,1,1,0.0,0.0
12535.746617,12536.065906,0.319289,1,2,1,2,0.0,0.0
12539.748261,12542.646009,2.897748,1,3,6,6,1.441022,0.079644
12545.751286,12547.57616,1.824874,1,3,3,5,0.97624,0.063448
12553.75591,12555.581014,1.825104,1,3,4,4,0.704574,0.06427
12555.756661,12556.541509,0.784848,1,2,2,2,0.464864,0.464864
12557.757474,12559.58282,1.825346,1,1,2,1,1.040945,1.040945
12563.760529,12571.507902,7.747373,1,3,12,2,1.633675,0.080129
12571.764652,12574.662285,2.897633,1,1,4,4,2.001449,0.063651
12577.768279,12578.632346,0.864067,1,3,3,2,0.464449,0.079677
12581.786099,12584.091009,2.30491,1,3,2,2,2.000774,2.000774
12589.789795,12593.664121,3.874326,1,3,4,2,2.000916,0.079965
12597.794289,12599.619335,1.825046,1,3,2,1,1.056105,1.056105
12601.796082,12604.166012,2.36993,1,3,4,5,1.553499,0.047272
