Rel Start (s),Rel End (s),Interval Duration,Syncs,Acks,Data Packets,Missing Slots,Max Data Gap,Min Data Gap
0.0,2.850038,2.850038,1,3,6,6,1.473546,0.079946
6.003519,8.85248,2.848961,1,3,6,8,1.489316,0.047576
10.00492,11.830272,1.825352,1,1,2,1,1.040139,1.040139
12.006314,13.878884,1.87257,1,1,4,4,0.97578,0.080787
16.007958,17.833462,1.825504,1,3,3,2,0.960972,0.080075
18.009743,20.922833,2.91309,1,1,6,6,1.424126,0.0645
24.012387,24.941184,0.928797,1,3,4,5,0.463763,0.064814
28.014754,30.895297,2.880543,1,3,6,8,1.472116,0.06458
34.017672,34.913891,0.896219,1,3,2,1,0.079935,0.079935
38.034963,39.844529,1.809566,1,3,4,6,0.960994,0.079503
42.037603,43.846223,1.80862,1,3,4,3,0.960322,0.080007
46.039046,47.863995,1.824949,1,3,4,4,0.992261,0.063889
50.040955,53.867426,3.826471,1,3,7,9,1.504412,0.048473
58.045715,58.989934,0.944219,1,3,4,3,0.447886,0.079689
62.047459,64.91271,2.865251,1,3,6,5,1.472666,0.064605
68.050879,70.979598,2.928719,1,3,7,8,1.505004,0.031846
74.052864,76.902333,2.849469,1,3,6,8,1.488591,0.047947
80.055991,81.881526,1.825535,1,3,4,5,0.961155,0.079356
82.057541,84.938368,2.880827,1,1,6,6,1.424819,0.047916
88.060649,91.886588,3.825939,1,3,7,9,1.473237,0.062932
96.07955,96.848187,0.768637,1,3,1,0,0.0,0.0
102.083298,102.962673,0.879375,1,3,3,0,0.512106,0.062948
106.085032,108.870242,2.78521,1,3,6,4,1.441343,0.064011
112.088202,113.912979,1.824777,1,3,5,3,0.912456,0.063923
116.090331,117.002913,0.912582,1,3,3,3,0.496222,0.096589
120.09181,122.989138,2.897328,1,3,6,6,1.440358,0.063999
126.095026,128.912106,2.81708,1,3,5,5,1.5529,0.032177
132.097882,134.963865,2.865983,1,3,6,8,1.471602,0.064182
138.100589,138.965564,0.864975,1,3,3,3,0.4956,0.04832
142.103184,143.928384,1.8252,1,3,5,5,0.864819,0.079927
146.120618,148.986765,2.866147,1,3,6,8,1.456089,0.080091
150.122549,151.003433,0.880884,1,1,2,1,0.06369,0.06369
152.123912,153.933271,1.809359,1,1,2,1,1.040805,1.040805
156.124983,159.055154,2.930171,1,3,7,8,1.473365,0.063353
160.128316,161.937394,1.809078,1,1,2,1,1.041059,1.041059
164.13045,166.979244,2.848794,1,3,6,5,1.488683,0.063553
170.133002,173.094287,2.961285,1,3,7,5,1.489095,0.048305
176.135604,177.961334,1.82573,1,3,4,4,0.960998,0.080263
180.138351,182.971799,2.833448,1,3,6,8,1.472667,0.04813
186.141091,187.966396,1.825305,1,3,2,2,1.040482,1.040482
190.143207,191.055462,0.912255,1,3,4,3,0.463707,0.047995
192.144988,193.969324,1.824336,1,1,2,1,1.041155,1.041155
196.146509,198.995763,2.849254,1,3,6,6,1.456375,0.063957
202.149085,203.974,1.824915,1,3,5,5,0.896676,0.064318
206.167083,207.095706,0.928623,1,3,4,5,0.464006,0.064181
210.168669,211.993758,1.825089,1,3,3,5,0.992035,0.064568
214.170567,215.115124,0.944557,1,3,4,4,0.512333,0.048035
218.172558,221.038816,2.866258,1,3,6,8,1.488666,0.064
224.176422,225.104282,0.92786,1,3,4,5,0.448566,0.079374
228.178504,232.004059,3.825555,1,3,7,9,1.472898,0.064123
234.181199,237.046119,2.86492,1,3,6,5,1.472494,0.064444
240.183457,241.128153,0.944696,1,3,4,5,0.464045,0.079787
244.185092,247.099859,2.914767,1,3,7,6,1.472462,0.048311
248.187677,250.01282,1.825143,1,1,2,1,1.040806,1.040806
252.189556,254.01509,1.825534,1,3,4,4,0.960901,0.080164
256.192242,260.018349,3.826107,1,3,5,3,1.920992,0.063844
260.209427,263.091835,2.882408,1,1,6,6,1.408764,0.064527
264.212036,265.028819,0.816783,1,1,2,2,0.512381,0.512381
268.214282,272.039786,3.825504,1,3,7,6,1.440579,0.095435
274.217052,277.066801,2.849749,1,3,6,6,1.488494,0.064519
280.219681,281.100659,0.880978,1,3,3,2,0.497048,0.064356
284.221443,286.046968,1.825525,1,3,4,6,0.976423,0.064699
288.224022,291.121071,2.897049,1,3,6,8,1.440772,0.06339
294.227029,297.092615,2.865586,1,3,6,8,1.48807,0.048339
300.229374,302.055122,1.825748,1,3,4,4,0.976717,0.0635
304.232292,308.185661,3.953369,1,3,8,6,1.488787,0.048301
310.234692,312.059562,1.82487,1,3,5,4,0.8957,0.064119
314.253096,317.134334,2.881238,1,3,6,6,1.441056,0.04803
320.256144,323.105521,2.849377,1,3,6,5,1.489063,0.047987
326.25903,327.187279,0.928249,1,3,4,2,0.5125,0.032041
330.261088,333.17423,2.913142,1,3,5,7,1.536139,0.096323
336.264008,338.088856,1.824848,1,3,3,3,0.992168,0.048684
340.265801,343.195597,2.929796,1,3,7,8,1.472769,0.063488
346.268985,348.093653,1.824668,1,1,4,3,0.975911,0.064743
350.271334,351.055648,0.784314,1,3,2,2,0.464707,0.464707
354.273352,356.097486,1.824134,1,3,5,5,0.880536,0.079675
358.274706,361.156396,2.88169,1,3,6,6,1.489386,0.047292
364.278359,366.103058,1.824699,1,3,4,6,0.977008,0.06456
366.279422,367.11094,0.831518,1,1,2,2,0.512224,0.512224
370.296871,373.130669,2.833798,1,3,6,8,1.488802,0.048498
376.300356,379.165841,2.865485,1,3,6,5,1.457404,0.079802
382.302763,385.168412,2.865649,1,3,6,8,1.504105,0.047887
386.304836,388.129894,1.825058,1,1,2,1,1.040667,1.040667
388.305785,389.250778,0.944993,1,1,4,3,0.496407,0.064219
392.308385,395.237607,2.929222,1,3,7,8,1.473354,0.047577
398.310888,399.207693,0.896805,1,3,2,0,0.079884,0.079884
400.312679,402.136732,1.824053,1,1,2,1,1.040646,1.040646
402.325231,405.306821,2.98159,1,1,7,6,1.42497,0.06421
408.315575,411.18141,2.865835,1,3,6,7,1.489251,0.032543
414.319023,417.264207,2.945184,1,3,7,6,1.488745,0.048103
420.321866,423.187693,2.865827,1,3,6,5,1.472673,0.064381
426.340382,427.253779,0.913397,1,3,4,5,0.464063,0.064071
430.343391,431.271682,0.928291,1,3,4,4,0.463923,0.079837
434.344808,438.235333,3.890525,1,3,6,4,1.505226,0.07998
440.348039,443.181314,2.833275,1,3,6,8,1.472953,0.047699
446.351476,447.199456,0.84798,1,3,3,3,0.495469,0.032369
450.35337,452.177429,1.824059,1,3,3,4,0.975668,0.064263
454.355355,457.220729,2.865374,1,3,6,7,1.551987,0.063905
460.358329,462.183291,1.824962,1,3,5,2,0.896241,0.064745
464.36022,467.209238,2.849018,1,3,6,6,1.471931,0.064124
470.362767,471.258676,0.895909,1,3,3,3,0.496405,0.079132
474.365105,477.15016,2.785055,1,3,6,8,1.489665,0.079017
478.367063,480.192438,1.825375,1,1,2,1,1.041226,1.041226
482.385326,485.218788,2.833462,1,3,6,8,1.473344,0.063136
488.388007,490.213476,1.825469,1,3,3,5,0.992725,0.064264
492.390536,494.295506,1.90497,1,3,4,2,0.976568,0.079945
496.392539,499.241479,2.84894,1,3,6,5,1.488714,0.048877
502.39513,506.221471,3.826341,1,3,7,9,1.456605,0.080056
508.398126,511.183583,2.785457,1,3,6,4,1.457219,0.048111
514.401311,517.347082,2.945771,1,3,7,6,1.456323,0.079922
518.403577,519.299592,0.896015,1,1,2,1,0.079594,0.079594
520.404703,522.22935,1.824647,1,1,2,1,1.0408,1.0408
524.406462,525.286965,0.880503,1,3,3,2,0.497078,0.064024
528.408136,531.273166,2.86503,1,3,6,5,1.472713,0.063676
534.427424,537.292301,2.864877,1,3,6,6,1.472776,0.063814
540.429816,543.327069,2.897253,1,3,7,8,1.47316,0.047406
544.43189,546.241005,1.809115,1,1,2,1,1.040837,1.040837
546.433406,547.393469,0.960063,1,1,4,3,0.496246,0.064024
548.433887,550.259024,1.825137,1,1,2,1,1.056772,1.056772
552.435646,553.364829,0.929183,1,3,4,3,0.446984,0.064578
556.437878,557.349993,0.912115,1,3,4,3,0.463733,0.048469
560.440224,563.321772,2.881548,1,3,6,8,1.488493,0.047623
566.442645,569.228661,2.786016,1,3,6,3,1.489302,0.048038
572.445794,575.407058,2.961264,1,3,7,6,1.456487,0.080026
578.448879,581.29836,2.849481,1,3,6,8,1.47275,0.063808
584.451486,585.316702,0.865216,1,3,3,2,0.512582,0.032
588.470244,589.350693,0.880449,1,3,3,0,0.512236,0.064023
592.472238,593.384819,0.912581,1,3,4,3,0.464297,0.064302
596.474323,599.41979,2.945467,1,3,7,8,1.440633,0.08025
602.476671,605.310339,2.833668,1,3,6,6,1.472873,0.047701
608.479158,609.360675,0.881517,1,3,3,1,0.496425,0.064014
612.482251,613.394656,0.912405,1,3,3,1,0.496533,0.096565
616.483262,620.310044,3.826782,1,3,7,6,1.456325,0.079509
622.486446,625.352534,2.866088,1,3,6,8,1.456503,0.080226
626.488621,627.385724,0.897103,1,1,2,1,0.080105,0.080105
630.490959,632.316037,1.825078,1,3,3,2,0.96048,0.07995
634.492818,636.317573,1.824755,1,3,3,3,0.976636,0.063702
638.495116,640.320055,1.824939,1,3,3,3,0.961206,0.079985
642.512375,645.28266,2.770285,1,3,6,4,1.473427,0.063358
648.516171,649.41273,0.896559,1,3,4,2,0.465054,0.06354
652.518253,654.342739,1.824486,1,3,2,1,1.056155,1.056155
656.519762,657.400566,0.880804,1,3,3,1,0.496746,0.063941
660.522086,663.387402,2.865316,1,3,6,8,1.536818,0.079784
666.524943,667.437221,0.912278,1,3,4,5,0.464948,0.047589
670.527021,673.42462,2.897599,1,3,6,8,1.42467,0.079995
676.530348,677.458813,0.928465,1,3,4,5,0.463933,0.064062
680.532226,682.357377,1.825151,1,3,2,2,1.041185,1.041185
682.533397,684.390271,1.856874,1,1,3,2,1.040572,0.496183
686.535129,689.448818,2.913689,1,3,7,6,1.488112,0.04766
692.538139,696.363751,3.825612,1,3,7,7,1.472775,0.064668
698.541108,699.437272,0.896164,1,3,3,0,0.512655,0.06359
702.559387,704.368258,1.808871,1,3,3,3,0.977183,0.063295
706.561148,707.521818,0.96067,1,3,4,1,0.512734,0.063988
708.561469,710.386892,1.825423,1,1,2,1,1.056616,1.056616
712.563118,713.540822,0.977704,1,3,4,5,0.511443,0.080313
716.566214,720.392186,3.825972,1,3,7,7,1.456676,0.080964
722.569279,723.513003,0.943724,1,3,4,4,0.463871,0.063813
726.571027,730.396381,3.825354,1,3,7,7,1.488421,0.048076
732.573971,734.398986,1.825015,1,3,2,1,1.040361,1.040361
736.575644,738.400721,1.825077,1,3,3,5,0.97612,0.064056
742.659581,744.404468,1.744887,1,1,2,1,1.041606,1.041606
746.581269,749.446164,2.864895,1,3,6,6,1.456453,0.079233
752.584408,755.369591,2.785183,1,3,6,4,1.456655,0.079314
758.603467,761.501074,2.897607,1,3,7,6,1.472587,0.0641
762.605509,764.430395,1.824886,1,1,2,1,1.05721,1.05721
766.606684,769.440253,2.833569,1,3,6,6,1.473044,0.064614
772.610163,774.435375,1.825212,1,3,4,4,0.977417,0.063086
776.612241,780.438194,3.825953,1,3,7,9,1.48954,0.04709
784.615778,787.481521,2.865743,1,3,6,8,1.440655,0.031559
790.61928,794.445183,3.825903,1,3,7,6,1.456825,0.048238
796.622266,799.4718,2.849534,1,3,6,8,1.47201,0.064245
802.62533,805.45803,2.8327,1,3,6,5,1.472615,0.047051
808.644538,810.45279,1.808252,1,3,2,0,1.040219,1.040219
812.645752,813.495136,0.849384,1,3,3,3,0.512185,0.032421
816.647816,818.457079,1.809263,1,3,4,5,0.97608,0.064134
820.65063,821.530568,0.879938,1,3,3,0,0.512619,0.063742
824.652528,827.485321,2.832793,1,3,6,8,1.488077,0.047962
830.655215,833.440943,2.785728,1,3,6,3,1.505291,0.031221
836.657751,837.523101,0.86535,1,3,3,2,0.496605,0.048232
840.659802,842.485511,1.825709,1,3,3,5,0.993139,0.048085
844.662523,847.511135,2.848612,1,3,6,5,1.472576,0.063725
850.664839,854.490679,3.82584,1,3,8,6,1.457788,0.047631
856.668521,859.533956,2.865435,1,3,6,7,1.473668,0.063228
862.671105,866.497647,3.826542,1,3,7,8,1.472126,0.063866
868.690147,871.459969,2.769822,1,3,6,3,1.47276,0.064
874.692793,875.653709,0.960916,1,3,4,5,0.512424,0.063872
878.695635,880.520547,1.824912,1,3,3,2,1.008542,0.048223
880.695862,883.673552,2.97769,1,1,7,6,1.456791,0.048564
884.698381,886.523078,1.824697,1,1,2,1,1.040251,1.040251
888.699587,891.645905,2.946318,1,3,5,2,1.536842,0.080497
892.702432,894.526677,1.824245,1,1,2,1,1.040206,1.040206
894.702802,897.60057,2.897768,1,1,6,6,1.440816,0.06358
900.705882,903.539222,2.83334,1,3,6,6,1.456695,0.048073
906.709088,907.49345,0.784362,1,3,2,2,0.464481,0.464481
908.710674,909.623045,0.912371,1,1,2,1,0.096071,0.096071
912.712769,913.592743,0.879974,1,3,3,2,0.496551,0.063888
916.729759,919.579579,2.84982,1,3,6,8,1.45701,0.080181
922.733138,924.557824,1.824686,1,3,3,4,0.99226,0.064086
924.734356,927.631921,2.897565,1,1,6,6,1.440515,0.047613
930.737295,934.563,3.825705,1,3,7,7,1.472159,0.064013
936.740215,937.700445,0.96023,1,3,4,3,0.447924,0.09568
938.741361,939.62203,0.880669,1,2,3,2,0.496179,0.064674
942.743782,944.567733,1.823951,1,3,3,5,1.008144,0.032548
946.745294,948.570429,1.825135,1,1,4,2,0.99276,0.048063
950.747152,952.572002,1.82485,1,3,4,6,0.960351,0.080185
952.747837,955.661267,2.91343,1,1,6,6,1.440962,0.048291
958.751485,960.575893,1.824408,1,3,5,3,0.896108,0.064374
962.753553,965.538808,2.785255,1,3,6,4,1.472463,0.064377
968.756271,971.621488,2.865217,1,3,6,6,1.473308,0.063776
974.774564,976.583592,1.809028,1,3,3,3,0.960388,0.07981
978.777022,979.690012,0.91299,1,3,4,5,0.46477,0.062988
982.779306,983.77101,0.991704,1,3,4,2,0.511416,0.080918
986.780903,987.709271,0.928368,1,3,4,5,0.463941,0.064933
990.782625,994.641211,3.858586,1,3,7,7,1.425018,0.079358
994.784643,995.601791,0.817148,1,1,2,2,0.497187,0.497187
998.786855,1000.61198,1.825125,1,3,4,6,0.960288,0.080521
1002.788861,1004.614301,1.82544,1,3,2,2,1.040856,1.040856
1008.792443,1011.721741,2.929298,1,3,7,8,1.457227,0.048
1014.794103,1018.620919,3.826816,1,3,7,7,1.487778,0.048198
1020.798364,1023.583529,2.785165,1,3,6,6,1.456896,0.079328
1026.816442,1027.729432,0.91299,1,3,4,5,0.465094,0.063402
1028.817437,1030.627176,1.809739,1,1,2,1,1.040445,1.040445
1030.819266,1032.643831,1.824565,1,1,2,1,1.055953,1.055953
1034.821333,1037.670328,2.848995,1,3,6,6,1.488417,0.080053
1040.82434,1043.657381,2.833041,1,3,6,6,1.472468,0.064087
1046.827178,1049.692879,2.865701,1,3,6,6,1.456352,0.079947
1052.830506,1055.678522,2.848016,1,3,6,5,1.472534,0.063166
1058.834178,1061.684087,2.849909,1,3,6,6,1.47244,0.063826
1064.836089,1066.661284,1.825195,1,3,4,6,0.960943,0.080204
1068.838076,1071.623063,2.784987,1,3,6,6,1.472582,0.046887
1074.840754,1077.722756,2.882002,1,3,6,5,1.473212,0.063621
1080.859917,1081.772262,0.912345,1,3,4,2,0.464951,0.064174
1082.861215,1084.669729,1.808514,1,1,2,1,1.03985,1.03985
1086.862706,1089.728269,2.865563,1,3,6,8,1.472383,0.064688
1092.866326,1093.76229,0.895964,1,3,3,3,0.51158,0.080181
1094.867078,1096.691601,1.824523,1,1,2,1,1.056105,1.056105
1098.869262,1099.733748,0.864486,1,3,3,1,0.496282,0.048209
1102.871228,1105.720182,2.848954,1,3,6,5,1.488373,0.048196
1108.874438,1109.802436,0.927998,1,3,4,3,0.464556,0.064025
1110.87523,1112.700321,1.825091,1,1,2,1,1.041075,1.041075
1112.875774,1113.82069,0.944916,1,1,3,1,0.543812,0.080355
1114.877415,1115.661196,0.783781,1,1,1,1,0.0,0.0
1116.877791,1117.822867,0.945076,1,1,3,1,0.543616,0.080862
1120.879912,1123.665718,2.785806,1,3,6,6,1.472342,0.048578
1126.883372,1129.748791,2.865419,1,3,6,8,1.45703,0.080172
1130.885142,1131.781964,0.896822,1,1,2,1,0.080959,0.080959
1134.88753,1137.7522,2.86467,1,3,6,6,1.456285,0.079401
1140.906062,1142.714986,1.808924,1,3,3,2,0.992176,0.048725
1142.907061,1143.834617,0.927556,1,1,3,1,0.54425,0.079256
1146.909439,1157.793962,10.884523,1,3,12,5,2.001475,0.288
1160.91629,1163.813688,2.897398,1,3,6,2,1.264114,0.079851
1166.919059,1181.85435,14.935291,1,3,24,1,1.264815,0.239759
1182.927081,1187.809599,4.882518,1,1,7,1,1.041133,0.240187
1190.946638,1195.813505,4.866867,1,3,7,3,1.041296,0.272801
1198.951054,1204.809731,5.858677,1,3,10,3,1.280641,0.223958
1206.95494,1221.858033,14.903093,1,3,23,2,1.313296,0.063512
1222.962541,1227.845247,4.882706,1,1,6,2,1.520172,0.287915
1228.965427,1235.848657,6.88323,1,1,9,2,1.537115,0.271987
1238.970714,1257.875416,18.904702,1,3,30,3,1.329209,0.047803
1260.997545,1273.899628,12.902083,1,3,21,2,1.281247,0.064077
1277.00554,1279.902937,2.897397,1,3,6,3,1.31265,0.080449
1283.007907,1287.938573,4.930666,1,3,8,1,1.264618,0.272267
1289.010966,1311.950742,22.939776,1,1,34,1,1.089832,0.305049
1313.0391,1321.907356,8.868256,1,1,13,1,1.056129,0.271732
1325.045141,1399.978469,74.933328,1,3,112,2,1.552457,0.223403
1403.099921,1454.148774,51.048853,1,3,78,3,1.280691,0.095275
1457.142705,1466.074952,8.932247,1,3,15,1,1.264124,0.224197
1467.164115,1473.070535,5.90642,1,1,7,2,1.552872,0.271388
1475.167753,1480.066258,4.898505,1,3,8,1,1.05646,0.08064
1483.171458,1520.166108,36.99465,1,3,57,1,1.281188,0.176021
1523.20723,1534.124282,10.917052,1,3,16,4,1.552995,0.224303
1537.213663,1550.18044,12.966777,1,3,21,3,1.280434,0.239335
1553.222363,1576.160568,22.938205,1,3,35,2,1.488778,0.240378
1579.250604,1604.191349,24.940745,1,3,38,0,1.313351,0.223433
1607.264787,1654.184869,46.920082,1,3,72,3,1.264539,0.192087
1657.306283,1726.236204,68.929921,1,3,104,4,1.536314,0.255378
1729.373134,1732.49526,3.122126,1,3,7,5,1.184211,0.06453
1735.376225,1737.20189,1.825665,1,3,2,1,1.056421,1.056421
1739.378438,1742.515789,3.137351,1,3,7,6,1.457223,0.080272
1745.38177,1749.207727,3.825957,1,3,7,8,1.504726,0.048365
1749.383613,1764.350736,14.967123,1,1,23,2,1.089249,0.304208
1767.392563,1826.333579,58.941016,1,3,90,0,1.312276,0.208618
1829.438962,1832.304751,2.865789,1,3,6,8,1.472063,0.064535
1835.457695,1838.579027,3.121332,1,3,8,4,1.18491,0.063351
1841.461694,1844.582642,3.120948,1,3,7,5,1.184154,0.064266
1847.464519,1851.289701,3.825182,1,3,6,6,1.536431,0.064141
1853.466886,1856.30116,2.834274,1,3,6,7,1.488936,0.04814
1859.470297,1861.294806,1.824509,1,3,3,3,0.975873,0.064897
1863.472068,1866.257288,2.78522,1,3,6,6,1.472085,0.063966
1869.475572,1871.299909,1.824337,1,3,3,2,0.960703,0.079338
1873.476935,1875.30211,1.825175,1,3,4,4,0.960742,0.079476
1877.479315,1898.465266,20.985951,1,3,34,3,1.233271,0.07976
1901.507076,1903.33102,1.823944,1,3,4,3,0.703604,0.063686
1905.508607,1908.342496,2.833889,1,3,6,6,1.488147,0.048496
1911.512254,1950.426937,38.914683,1,3,60,2,1.280838,0.271757
1953.548965,1957.374356,3.825391,1,3,6,7,1.93711,0.06315
1957.550989,2006.358995,48.808006,1,1,75,3,1.313336,0.032061
2009.592471,2022.351031,12.75856,1,3,21,2,1.119902,0.08026
2025.600427,2028.465827,2.8654,1,3,6,6,1.456721,0.079527
2031.603525,2033.427747,1.824222,1,3,5,3,0.703859,0.064175
2035.604832,2038.470669,2.865837,1,3,6,6,1.472738,0.063928
2041.608168,2043.43277,1.824602,1,3,4,6,0.992086,0.048167
2047.610543,2050.476218,2.865675,1,3,6,6,1.440625,0.080496
2053.630003,2056.399541,2.769538,1,3,6,4,1.472859,0.063072
2059.6332,2061.457565,1.824365,1,3,4,6,0.992247,0.063847
2061.633933,2076.568747,14.934814,1,1,23,2,1.457266,0.224141
2079.642832,2083.469213,3.826381,1,3,7,7,1.473428,0.048404
2085.645677,2120.446949,34.801272,1,3,55,5,1.216464,0.064406
2123.680386,2126.818221,3.137835,1,3,7,8,1.472631,0.063905
2129.683405,2132.853332,3.169927,1,3,8,6,1.472152,0.04832
2135.68651,2138.536378,2.849868,1,3,6,8,1.488173,0.04821
2141.689647,2145.515864,3.826217,1,3,7,6,1.488704,0.048125
2147.692991,2151.646713,3.953722,1,3,7,5,1.487905,0.048075
2153.695884,2156.801258,3.105374,1,3,7,8,1.456796,0.0483
2159.713978,2161.522916,1.808938,1,3,4,5,0.991973,0.047822
2163.71652,2166.646012,2.929492,1,3,6,6,1.551723,0.080344
2169.719151,2170.487747,0.768596,1,3,2,4,0.448751,0.448751
2173.721071,2176.538675,2.817604,1,3,6,8,1.504825,0.03207
2179.724537,2181.548807,1.82427,1,3,3,5,0.992146,0.048035
2183.72564,2186.591586,2.865946,1,3,6,6,1.473299,0.063769
2189.729718,2192.514442,2.784724,1,3,6,4,1.488762,0.048009
2195.731742,2198.581406,2.849664,1,3,6,8,1.473258,0.063099
2201.735333,2204.633069,2.897736,1,3,6,8,1.408798,0.0646
2207.754298,2210.875274,3.120976,1,3,7,7,1.45689,0.079594
2213.757263,2214.525466,0.768203,1,3,2,4,0.464314,0.464314
2215.758159,2217.582367,1.824208,1,1,2,1,1.056018,1.056018
2219.759813,2221.584783,1.82497,1,3,4,5,1.008337,0.047631
2223.762083,2226.898435,3.136352,1,3,7,7,1.457074,0.079706
2227.764102,2229.588304,1.824202,1,1,2,1,1.040018,1.040018
2229.76474,2240.729851,10.965111,1,1,17,2,1.456789,0.271208
2241.771117,2243.59582,1.824703,1,1,2,1,1.041055,1.041055
2245.773093,2248.637818,2.864725,1,3,6,8,1.488077,0.048189
2251.775796,2252.624458,0.848662,1,3,3,2,0.496732,0.032565
2255.777192,2257.60256,1.825368,1,3,4,4,0.992178,0.04889
2259.795685,2260.692045,0.89636,1,3,3,1,0.512212,0.079849
2263.797645,2266.647211,2.849566,1,3,6,8,1.47321,0.063672
2269.800679,2270.680566,0.879887,1,3,3,0,0.512077,0.063763
2273.802241,2276.907513,3.105272,1,3,7,8,1.472516,0.047905
2279.805334,2282.638688,2.833354,1,3,6,6,1.472092,0.047529
2285.808778,2287.633486,1.824708,1,3,4,4,0.992424,0.048478
2289.80942,2292.675538,2.866118,1,3,6,8,1.456756,0.079359
2295.813127,2296.693236,0.880109,1,3,3,1,0.496953,0.06293
2299.81483,2302.680936,2.866106,1,3,6,8,1.489204,0.047236
2305.817413,2309.644148,3.826735,1,3,6,5,1.921119,0.047436
2311.821157,2314.670869,2.849712,1,3,6,8,1.488029,0.04859
2317.839753,2320.673506,2.833753,1,3,6,8,1.47351,0.063283
2323.84314,2326.675464,2.832324,1,3,6,8,1.488015,0.062819
2329.845926,2332.630887,2.784961,1,3,6,4,1.471902,0.064714
2333.847817,2336.713532,2.865715,1,2,6,6,1.456872,0.080771
2339.851281,2341.675641,1.82436,1,3,4,4,0.992605,0.048479
2343.85299,2344.637056,0.784066,1,3,2,2,0.463584,0.463584
2347.854515,2350.720299,2.865784,1,3,6,6,1.472549,0.063626
2353.857519,2354.753946,0.896427,1,3,3,0,0.496075,0.079407
2357.86026,2360.757583,2.897323,1,3,6,8,1.408709,0.064005
2363.862521,2366.72849,2.865969,1,3,6,5,1.44055,0.080326
2369.865212,2372.746674,2.881462,1,3,6,8,1.457071,0.080143
2375.884217,2377.693701,1.809484,1,3,5,5,0.704754,0.063417
2377.88548,2381.071157,3.185677,1,1,7,3,1.120667,0.079985
2383.888959,2386.737923,2.848964,1,3,6,6,1.536586,0.064436
2389.891651,2392.996898,3.105247,1,3,7,6,1.488797,0.048287
2395.894862,2398.728164,2.833302,1,3,6,5,1.47292,0.047695
2401.897522,2406.731688,4.834166,1,3,10,4,1.20087,0.064605
2409.901498,2412.766783,2.865285,1,3,6,6,1.489169,0.04826
2415.904652,2418.769618,2.864966,1,3,6,7,1.536239,0.048106
2421.923222,2424.69354,2.770318,1,3,6,6,1.472367,0.063642
2427.926972,2429.736171,1.809199,1,3,4,3,0.960948,0.080527
2431.928299,2433.737393,1.809094,1,3,2,2,1.040174,1.040174
2433.930224,2436.795581,2.865357,1,1,6,6,1.408086,0.04797
2437.932143,2439.756144,1.824001,1,1,2,1,1.055545,1.055545
2441.933039,2450.834025,8.900986,1,3,16,5,1.15248,0.0793
2453.939946,2472.844772,18.904826,1,3,29,1,1.279474,0.239639
2475.951244,2478.800009,2.848765,1,3,6,5,1.488128,0.048755
2481.969478,2494.888091,12.918613,1,3,20,1,1.266045,0.270964
2497.977483,2500.843792,2.866309,1,3,6,5,1.456505,0.080049
2503.980541,2505.80559,1.825049,1,3,4,6,0.944273,0.095799
2507.982458,2512.881454,4.898996,1,3,6,3,1.552496,0.064405
2515.987373,2518.772585,2.785212,1,3,6,4,1.457184,0.064475
2521.990209,2523.814409,1.8242,1,3,4,6,0.960008,0.080147
2525.991856,2528.856969,2.865113,1,3,6,6,1.456748,0.079262
2532.01096,2535.147817,3.136857,1,3,7,5,1.457319,0.079421
2538.01355,2544.833207,6.819657,1,3,11,5,1.040838,0.175878
2548.018541,2550.867771,2.84923,1,3,6,8,1.47196,0.064014
2554.021618,2554.838723,0.817105,1,3,2,4,0.497247,0.497247
2558.023322,2560.889386,2.866064,1,3,6,5,1.456935,0.079539
2564.02729,2566.892043,2.864753,1,3,6,7,1.472055,0.064908
2570.029693,2577.185694,7.156001,1,3,11,6,1.504159,0.063543
2580.034441,2582.90036,2.865919,1,3,7,2,1.216525,0.032508
2586.052993,2589.864446,3.811453,1,3,7,7,1.537461,0.04751
2592.056882,2594.826405,2.769523,1,3,5,6,1.472625,0.064044
2598.059904,2600.925512,2.865608,1,3,6,8,1.456569,0.080546
2604.062791,2606.896143,2.833352,1,3,6,5,1.488545,0.047522
2610.065652,2618.981566,8.915914,1,3,16,2,1.280263,0.032076
2622.07144,2625.208789,3.137349,1,3,7,8,1.472153,0.06419
2628.074572,2629.899101,1.824529,1,3,3,5,0.960503,0.080077
2632.075411,2632.956637,0.881226,1,3,3,3,0.512078,0.048074
2636.082511,2639.215186,3.132675,1,3,7,8,1.457398,0.066979
2642.097167,2644.962234,2.865067,1,3,6,7,1.488625,0.048624
2648.099321,2649.924261,1.82494,1,3,3,2,0.976229,0.079672
2652.101602,2655.238967,3.137365,1,3,7,6,1.45704,0.080144
2658.106208,2661.01418,2.907972,1,3,4,2,1.520097,0.077122
2664.107178,2667.335324,3.228146,1,3,6,5,1.536995,0.048589
2670.112107,2673.231357,3.11925,1,3,7,6,1.47891,0.064722
2674.111962,2675.945169,1.833207,1,1,2,1,1.049455,1.049455
2678.113364,2680.979523,2.866159,1,3,6,5,1.463143,0.079183
2684.141246,2685.013728,0.872482,1,3,3,1,0.499894,0.060619
2688.144204,2690.957915,2.813711,1,3,6,8,1.459303,0.044082
2694.136957,2697.000475,2.863518,1,3,6,8,1.453164,0.080019
2700.137579,2702.986709,2.84913,1,3,6,6,1.507859,0.028634
2706.140354,2708.989809,2.849455,1,3,7,5,1.200319,0.032067
2712.143167,2714.991911,2.848744,1,3,5,5,1.546007,0.06316
2718.146137,2720.995719,2.849582,1,3,6,7,1.457042,0.064165
2724.149128,2727.014542,2.865414,1,3,6,6,1.44079,0.080142
2730.167837,2743.07028,12.902443,1,3,21,1,1.280616,0.064168
2744.174933,2745.999803,1.82487,1,1,2,1,1.056189,1.056189
2748.176819,2755.076211,6.899392,1,3,13,3,1.264696,0.048128
2756.179979,2758.005787,1.825808,1,1,2,1,1.040745,1.040745
2760.182449,2761.078518,0.896069,1,3,3,3,0.495825,0.080157
2764.18476,2766.008874,1.824114,1,3,4,5,0.99213,0.047837
2768.186211,2771.051686,2.865475,1,3,6,8,1.456785,0.080039
2774.189101,2776.014898,1.825797,1,3,4,3,0.977371,0.063933
2778.19163,2778.975372,0.783742,1,3,2,2,0.463814,0.463814
2780.208331,2782.016738,1.808407,1,1,2,1,1.040124,1.040124
2784.209887,2786.019134,1.809247,1,3,2,0,1.040907,1.040907
2788.211891,2791.061947,2.850056,1,3,6,6,1.472687,0.064174
2794.214396,2799.113407,4.899011,1,3,9,1,1.264632,0.080103
2802.218985,2805.068079,2.849094,1,3,6,8,1.48848,0.049099
2808.221593,2809.00596,0.784367,1,3,1,0,0.0,0.0
2810.222922,2812.047405,1.824483,1,2,5,3,0.687726,0.080218
2812.223752,2813.055627,0.831875,1,1,2,2,0.511784,0.511784
2814.22464,2816.049088,1.824448,1,1,2,1,1.040066,1.040066
2818.226243,2820.050802,1.824559,1,3,3,5,0.991691,0.048113
2822.228614,2823.092818,0.864204,1,3,3,1,0.495429,0.048434
2826.23058,2829.063849,2.833269,1,3,6,6,1.408243,0.079992
2832.249356,2834.057924,1.808568,1,3,3,3,0.976192,0.064146
2836.251476,2839.085132,2.833656,1,3,5,6,1.55192,0.064297
2842.254997,2844.078876,1.823879,1,3,3,5,0.976009,0.079862
2846.256125,2849.345813,3.089688,1,3,7,1,1.232455,0.032561
2852.260319,2855.093782,2.833463,1,3,6,8,1.472839,0.049121
2858.262243,2861.143571,2.881328,1,3,6,8,1.472913,0.06413
2864.265644,2867.050638,2.784994,1,3,5,5,1.536527,0.080617
2870.268259,2872.093003,1.824744,1,3,4,4,0.976462,0.064145
2874.270181,2877.119142,2.848961,1,3,6,7,1.4724,0.063633
2880.272691,2882.097882,1.825191,1,3,2,2,1.040008,1.040008
2882.273271,2884.147339,1.874068,1,1,4,4,0.961208,0.080003
2886.29173,2888.10089,1.80916,1,3,3,5,0.992785,0.048096
2890.293559,2893.127496,2.833937,1,3,6,8,1.440788,0.064162
2896.296614,2900.122654,3.82604,1,3,5,4,1.504813,0.080187
2902.299548,2905.16494,2.865392,1,3,6,8,1.456741,0.080159
2908.30269,2915.170287,6.867597,1,3,12,5,1.232409,0.032571
2918.30739,2920.132191,1.824801,1,3,4,6,0.960272,0.080188
2922.309252,2927.255698,4.946446,1,3,8,3,1.264759,0.079724
2930.313609,2932.138207,1.824598,1,3,3,2,0.976106,0.064633
2932.314118,2935.211934,2.897816,1,1,6,6,1.424271,0.064331
2938.333655,2939.198005,0.86435,1,3,3,2,0.512619,0.048114
2942.33488,2945.184238,2.849358,1,3,6,7,1.488505,0.048105
2948.338156,2951.171118,2.832962,1,3,6,6,1.4886,0.047769
2954.340802,2957.126228,2.785426,1,3,6,4,1.472105,0.048116
2960.34302,2963.209065,2.866045,1,3,6,8,1.472319,0.064038
2966.346673,2969.164392,2.817719,1,3,6,6,1.48864,0.032583
2972.349874,2973.133724,0.78385,1,3,2,2,0.464367,0.464367
2976.351818,2979.200791,2.848973,1,3,6,6,1.50487,0.032571
2982.354152,2985.219906,2.865754,1,3,6,6,1.457047,0.080173
2986.374138,2988.181134,1.806996,1,1,2,1,1.040038,1.040038
2990.373919,2992.183133,1.809214,1,3,4,3,0.960681,0.079708
2994.375774,2996.185153,1.809379,1,3,3,3,0.976318,0.064148
2998.377856,3001.227311,2.849455,1,3,6,6,1.504733,0.047698
3004.380927,3007.246298,2.865371,1,3,6,7,1.45732,0.079231
3010.383824,3011.280386,0.896562,1,3,3,3,0.496093,0.080178
3014.38597,3015.282416,0.896446,1,3,2,1,0.080058,0.080058
3018.387255,3019.284424,0.897169,1,3,3,1,0.496779,0.079661
3022.390211,3025.245566,2.855355,1,2,6,7,1.473061,0.063634
3028.394031,3032.21858,3.824549,1,3,7,9,1.472884,0.06368
3034.396065,3035.315986,0.919921,1,3,4,3,0.567444,0.000509
3036.404544,3038.229186,1.824642,1,1,2,1,1.040438,1.040438
3040.406687,3043.27173,2.865043,1,3,6,5,1.456486,0.080148
3046.409773,3049.306873,2.8971,1,3,6,2,1.184648,0.064138
3052.412226,3054.237162,1.824936,1,3,4,4,0.976635,0.064006
3060.416141,3063.26532,2.849179,1,3,6,6,1.457404,0.063647
3066.43473,3067.331276,0.896546,1,3,2,2,0.080123,0.080123
3070.437033,3074.246861,3.809828,1,3,7,7,1.488828,0.047608
3074.43854,3076.295991,1.857451,1,1,5,3,0.688658,0.079639
3078.440953,3079.369615,0.928662,1,3,4,2,0.448417,0.080192
3082.442584,3085.276565,2.833981,1,3,6,8,1.488205,0.048576
3088.445732,3091.295545,2.849813,1,3,6,8,1.488124,0.048107
3094.448842,3095.297424,0.848582,1,3,3,1,0.49668,0.032057
3096.449856,3097.234201,0.784345,1,1,1,1,0.0,0.0
3102.452945,3105.302382,2.849437,1,3,6,6,1.48874,0.048138
3108.455836,3111.241008,2.785172,1,3,6,6,1.4728,0.064116
3114.458656,3117.324086,2.86543,1,3,6,8,1.472746,0.063806
3118.460554,3119.373299,0.912745,1,1,2,1,0.095896,0.095896
3120.477592,3122.286808,1.809216,1,1,2,1,1.041237,1.041237
3124.47974,3125.407762,0.928022,1,3,4,2,0.464248,0.079872
3128.480905,3130.306332,1.825427,1,3,4,4,0.976448,0.080158
3132.483394,3133.379674,0.89628,1,3,3,1,0.512375,0.079717
3136.485653,3138.309626,1.823973,1,3,3,2,0.991572,0.064055
3140.487505,3142.312315,1.82481,1,3,3,2,0.976074,0.064454
3144.48965,3146.314261,1.824611,1,3,4,4,0.993043,0.047609
3148.491669,3151.421055,2.929386,1,3,7,6,1.424747,0.048051
3154.494392,3157.327475,2.833083,1,3,6,8,1.456755,0.046579
3160.497375,3162.32221,1.824835,1,3,4,6,0.992435,0.047892
3164.499278,3167.380874,2.881596,1,3,6,8,1.440802,0.048077
3170.502438,3174.328171,3.825733,1,3,8,6,1.472927,0.063792
3174.519827,3176.329011,1.809184,1,1,2,1,1.040369,1.040369
3178.521876,3182.347973,3.826097,1,3,7,7,1.473287,0.063151
3182.52398,3183.468826,0.944846,1,1,4,3,0.496733,0.048036
3186.526378,3187.454333,0.927955,1,3,4,5,0.448919,0.079137
3190.527836,3194.353971,3.826135,1,3,7,7,1.472899,0.047829
3196.530825,3197.443338,0.912513,1,3,4,5,0.464117,0.06413
3200.53299,3203.398483,2.865493,1,3,6,8,1.472213,0.06436
3206.535885,3209.400962,2.865077,1,3,6,6,1.472712,0.064081
3210.537873,3211.434093,0.89622,1,1,2,1,0.080077,0.080077
3214.53953,3217.325253,2.785723,1,3,6,6,1.456821,0.06414
3220.542697,3224.384704,3.842007,1,3,7,7,1.48844,0.048638
3226.561887,3229.427175,2.865288,1,3,6,8,1.456686,0.080144
3232.564582,3234.373823,1.809241,1,3,2,3,1.040552,1.040552
3236.566565,3239.351819,2.785254,1,3,6,4,1.472967,0.047578
3242.570081,3243.465854,0.895773,1,3,3,1,0.496234,0.079866
3246.571272,3249.468828,2.897556,1,3,5,3,1.552153,0.065138
3252.574478,3255.407957,2.833479,1,3,6,6,1.488734,0.048122
3258.577667,3259.361074,0.783407,1,3,2,2,0.463459,0.463459
3262.579221,3265.444716,2.865495,1,3,6,6,1.456371,0.080172
3268.582382,3269.366699,0.784317,1,3,2,4,0.464109,0.464109
3272.584152,3274.409226,1.825074,1,3,4,4,0.896449,0.063608
3276.601599,3278.410935,1.809336,1,3,3,2,0.960192,0.080192
3280.604045,3281.452597,0.848552,1,3,3,1,0.512229,0.032075
3284.605851,3287.375531,2.76968,1,3,6,4,1.45678,0.080003
3290.608706,3291.489543,0.880837,1,3,3,3,0.512063,0.064123
3294.610924,3297.396036,2.785112,1,3,6,6,1.472137,0.048077
3300.613482,3303.44716,2.833678,1,3,6,6,1.488599,0.048115
3306.616863,3307.561002,0.944139,1,3,4,5,0.464197,0.079658
3310.618466,3312.443672,1.825206,1,3,3,5,0.976643,0.064002
3314.620627,3317.485698,2.865071,1,3,6,8,1.456432,0.079789
3320.623656,3322.448377,1.824721,1,3,3,5,0.960287,0.080147
3328.627139,3331.476976,2.849837,1,3,6,5,1.472691,0.064119
3334.646035,3337.559358,2.913323,1,3,7,8,1.456043,0.046992
3340.649128,3342.473838,1.82471,1,3,4,6,0.976117,0.080238
3344.650998,3347.500409,2.849411,1,3,5,4,1.552443,0.064119
3350.654205,3351.438245,0.78404,1,3,2,2,0.463981,0.463981
3354.655594,3357.473803,2.818209,1,3,6,6,1.440977,0.063758
3360.658989,3361.555347,0.896358,1,3,2,1,0.080132,0.080132
3362.659855,3364.484658,1.824803,1,2,3,3,0.992168,0.0481
3366.661855,3368.486763,1.824908,1,3,4,6,0.977066,0.063623
3370.663749,3373.513342,2.849593,1,3,6,5,1.456603,0.064302
3376.666874,3379.596577,2.929703,1,3,7,6,1.472561,0.063952
3382.68548,3386.511314,3.825834,1,3,7,7,1.440357,0.063827
3388.688536,3390.497708,1.809172,1,3,4,6,0.960134,0.080167
3392.69071,3395.524456,2.833746,1,3,6,8,1.456973,0.06415
3398.694113,3401.543057,2.848944,1,3,6,6,1.456735,0.064124
3404.696766,3407.545912,2.849146,1,3,6,6,1.504418,0.032455
3410.6995,3411.644038,0.944538,1,3,4,5,0.464225,0.079608
3414.701747,3415.48586,0.784113,1,3,2,4,0.464162,0.464162
3418.703725,3421.649042,2.945317,1,3,7,6,1.456781,0.080127
3424.706681,3428.532724,3.826043,1,3,7,9,1.472876,0.063772
3430.709458,3431.669834,0.960376,1,3,4,3,0.496046,0.048612
3434.711742,3437.656948,2.945206,1,3,7,6,1.456276,0.079685
3438.72912,3440.538969,1.809849,1,1,2,1,1.040919,1.040919
3442.731465,3445.677111,2.945646,1,3,7,6,1.441524,0.080644
3448.734293,3450.558557,1.824264,1,3,4,3,0.960299,0.095323
3452.736193,3456.562443,3.82625,1,3,7,9,1.456094,0.048596
3458.739154,3459.62002,0.880866,1,3,3,3,0.496516,0.064095
3462.740994,3463.701851,0.960857,1,3,4,2,0.496026,0.064626
3466.743435,3469.592779,2.849344,1,3,6,7,1.473221,0.064104
3472.74632,3475.611386,2.865066,1,3,6,8,1.472532,0.064091
3478.749363,3479.629282,0.879919,1,3,3,3,0.495571,0.06431
3482.750883,3486.576812,3.825929,1,3,7,6,1.457094,0.064146
3488.753945,3490.578886,1.824941,1,3,4,2,0.896034,0.064653
3492.772153,3494.581444,1.809291,1,3,4,4,0.960993,0.079701
3494.772348,3497.65438,2.882032,1,1,6,6,1.425424,0.06313
3500.776033,3501.656492,0.880459,1,3,2,1,0.064631,0.064631
3504.777873,3505.626416,0.848543,1,1,4,2,0.496289,0.032058
3508.779795,3510.652822,1.873027,1,3,4,1,0.976687,0.080164
3512.781485,3515.630456,2.848971,1,3,6,6,1.472445,0.063471
3518.784583,3519.680944,0.896361,1,3,2,3,0.080055,0.080055
3522.786294,3525.635754,2.84946,1,3,6,8,1.409574,0.064166
3528.78932,3531.702981,2.913661,1,3,7,8,1.491208,0.048103
3534.792427,3538.618171,3.825744,1,3,8,6,1.457222,0.080146
3540.811184,3542.620325,1.809141,1,3,2,1,1.040858,1.040858
3544.813154,3545.741373,0.928219,1,3,4,4,0.511264,0.048623
3548.815077,3549.695482,0.880405,1,3,3,1,0.512199,0.063669
3552.817213,3554.641647,1.824434,1,3,4,6,0.992287,0.06413
3554.81815,3557.715008,2.896858,1,1,5,4,1.440821,0.080199
3560.820948,3563.670639,2.849691,1,3,6,8,1.472875,0.064128
3566.823872,3569.689371,2.865499,1,3,6,6,1.488891,0.048091
3572.827079,3574.651692,1.824613,1,3,4,6,0.944239,0.096037
3576.828854,3579.61454,2.785686,1,3,6,4,1.472997,0.064145
3580.830756,3582.65558,1.824824,1,1,2,1,1.040521,1.040521
3584.832766,3585.760504,0.927738,1,3,4,3,0.464049,0.064127
3586.833733,3588.658578,1.824845,1,1,2,1,1.040157,1.040157
3588.834977,3589.66725,0.832273,1,1,2,2,0.512009,0.512009
3592.852472,3593.717182,0.86471,1,3,3,1,0.512495,0.048083
3596.854328,3598.663348,1.80902,1,3,5,3,0.880092,0.080171
3600.856223,3602.665418,1.809195,1,3,4,4,0.992572,0.048102
3604.858359,3606.683213,1.824854,1,3,3,5,0.976131,0.080165
3608.860726,3609.708141,0.847415,1,3,3,3,0.512532,0.031103
3612.862201,3614.68725,1.825049,1,3,5,5,0.896325,0.079912
3616.864301,3619.794149,2.929848,1,3,7,8,1.488869,0.048012
3622.867324,3623.795524,0.9282,1,3,4,3,0.464062,0.064048
3626.869364,3629.766353,2.896989,1,3,6,4,1.472426,0.064136
3632.872073,3634.69696,1.824887,1,3,3,3,0.960426,0.08018
3636.873355,3638.698969,1.825614,1,3,4,6,0.976623,0.063765
3640.875991,3643.757149,2.881158,1,3,6,5,1.457039,0.079634
3646.894614,3649.744407,2.849793,1,3,6,8,1.45726,0.08001
3652.897617,3654.722468,1.824851,1,3,4,6,0.976496,0.079959
3656.899545,3657.780289,0.880744,1,3,3,3,0.512034,0.06461
3660.901019,3663.799028,2.898009,1,3,6,6,1.456946,0.080706
3666.904528,3669.754027,2.849499,1,3,6,8,1.472891,0.063689
3670.906511,3672.731277,1.824766,1,1,2,1,1.040497,1.040497
3672.907645,3675.741018,2.833373,1,1,6,4,1.44165,0.001001
3678.910315,3679.790819,0.880504,1,3,3,3,0.495042,0.064153
3682.912258,3685.745931,2.833673,1,3,6,8,1.456786,0.048124
3686.914296,3688.739298,1.825002,1,1,2,1,1.024362,1.024362
3690.916221,3693.749618,2.833397,1,3,6,8,1.440916,0.048591
3696.91945,3699.848854,2.929404,1,3,7,6,1.537144,0.064145
3702.938306,3705.771794,2.833488,1,3,6,8,1.489001,0.048085
3708.941694,3711.790366,2.848672,1,3,6,5,1.48871,0.063621
3714.94399,3717.809537,2.865547,1,3,6,8,1.504394,0.048078
3720.947104,3721.843236,0.896132,1,3,3,1,0.496381,0.079658
3724.949088,3725.845207,0.896119,1,3,3,3,0.496471,0.079694
3728.95063,3729.735262,0.784632,1,3,2,1,0.464438,0.464438
3732.952642,3735.881566,2.928924,1,3,7,8,1.472774,0.063118
3736.954571,3738.77951,1.824939,1,1,2,1,1.040403,1.040403
3738.955938,3742.909555,3.953617,1,1,7,4,1.425007,0.06414
3744.95855,3746.784033,1.825483,1,3,3,2,0.960866,0.080154
3748.96041,3749.857109,0.896699,1,3,3,3,0.512093,0.064042
3752.978415,3754.803456,1.825041,1,3,3,5,0.97643,0.080183
3756.980154,3759.749901,2.769747,1,3,6,4,1.441024,0.064084
3760.982469,3762.807126,1.824657,1,1,2,1,1.056495,1.056495
3764.984087,3767.897376,2.913289,1,3,6,4,1.552814,0.048614
3770.987046,3771.915554,0.928508,1,3,4,3,0.464563,0.0641
3774.989141,3775.837591,0.84845,1,3,3,0,0.496158,0.03206
3778.991129,3779.888053,0.896924,1,3,3,3,0.495292,0.08063
3780.992207,3782.816922,1.824715,1,1,2,1,1.040455,1.040455
3782.993267,3783.969624,0.976357,1,1,4,3,0.51238,0.063641
3784.993997,3785.778641,0.784644,1,1,1,1,0.0,0.0
3786.994942,3787.955892,0.96095,1,2,4,3,0.496459,0.032092
3790.99728,3791.861413,0.864133,1,3,3,3,0.496456,0.04775
3794.998912,3796.823186,1.824274,1,3,4,4,0.992099,0.04709
3799.000942,3802.826979,3.826037,1,3,7,7,1.48916,0.047605
3805.019824,3808.829933,3.810109,1,3,7,6,1.488656,0.080168
3811.022665,3813.856306,2.833641,1,3,6,7,1.456897,0.064244
3817.025799,3818.850634,1.824835,1,3,2,0,1.056588,1.056588
3821.027508,3824.853718,3.82621,1,3,7,9,1.472928,0.048124
3827.030756,3829.879253,2.848497,1,3,6,8,1.458835,0.063176
3833.033458,3835.81827,2.784812,1,3,6,6,1.472855,0.063642
3839.036381,3839.820765,0.784384,1,3,2,3,0.46448,0.46448
3841.036899,3841.933755,0.896856,1,1,2,1,0.080139,0.080139
3845.038978,3847.920446,2.881468,1,3,6,6,1.440628,0.095712
3851.042218,3853.90775,2.865532,1,3,6,8,1.457016,0.079706
3857.061268,3860.871345,3.810077,1,3,7,8,1.456761,0.079679
3863.063917,3865.961492,2.897575,1,3,6,8,1.424809,0.063662
3869.067214,3871.884464,2.81725,1,3,6,6,1.488608,0.032051
3875.069778,3877.935145,2.865367,1,3,6,7,1.536393,0.079723
3881.072337,3883.921725,2.849388,1,3,6,6,1.472674,0.063634
3887.076007,3888.900594,1.824587,1,3,5,5,0.88004,0.080151
3889.076835,3890.949473,1.872638,1,1,5,3,0.912308,0.064124
3893.079047,3895.928083,2.849036,1,3,6,8,1.488664,0.048105
3899.081549,3900.906528,1.824979,1,3,3,3,0.992273,0.048127
3903.083577,3905.949369,2.865792,1,3,6,8,1.456937,0.080165
3909.10241,3909.983061,0.880651,1,3,3,1,0.511822,0.064666
3913.104249,3915.954091,2.849842,1,3,6,8,1.552518,0.080162
3919.107063,3920.932024,1.824961,1,3,3,2,0.975943,0.080141
3923.109645,3926.054935,2.94529,1,3,7,8,1.552297,0.0486
3929.112344,3930.040847,0.928503,1,3,4,4,0.496106,0.048084
3933.11438,3933.99439,0.88001,1,3,3,3,0.496199,0.063651
3937.116165,3939.997754,2.881589,1,3,6,6,1.456804,0.064131
3943.119139,3945.96843,2.849291,1,3,6,8,1.48843,0.048923
3949.122093,3952.003718,2.881625,1,3,6,6,1.489048,0.047933
3955.125196,3956.053627,0.928431,1,3,4,5,0.464004,0.063885
3959.12735,3961.960322,2.832972,1,3,6,8,1.456926,0.047896
3963.144919,3964.025701,0.880782,1,1,2,1,0.064135,0.064135
3967.146762,3969.995965,2.849203,1,3,6,6,1.488663,0.048102
3971.14893,3971.917384,0.768454,1,1,1,1,0.0,0.0
3977.151681,3980.017209,2.865528,1,3,6,8,1.504633,0.047598
3983.155226,3984.099236,0.94401,1,3,4,4,0.496703,0.048065
3987.156589,3988.98179,1.825201,1,3,4,4,0.960613,0.080165
3991.158314,3994.088382,2.930068,1,3,7,5,1.488591,0.048107
3995.16064,3995.945351,0.784711,1,1,1,1,0.0,0.0
3997.161662,3999.034599,1.872937,1,1,4,4,0.992655,0.047965
4001.163791,4002.092346,0.928555,1,3,4,1,0.496896,0.048111
4005.165875,4006.990656,1.824781,1,3,5,3,0.880304,0.07996
4011.168875,4014.017895,2.84902,1,3,6,6,1.47264,0.063632
4017.187393,4018.116144,0.928751,1,3,4,4,0.464448,0.079611
4021.189489,4022.998695,1.809206,1,3,3,4,0.976743,0.063811
4025.19094,4028.16888,2.97794,1,3,7,6,1.489136,0.063088
4031.194591,4034.027453,2.832862,1,3,6,6,1.48885,0.0476
4037.197736,4040.062657,2.864921,1,3,6,6,1.456505,0.080149
4043.200381,4045.025541,1.82516,1,3,3,3,0.99266,0.048098
4047.202506,4049.027351,1.824845,1,3,2,3,1.041096,1.041096
4051.204482,4054.070096,2.865614,1,3,6,7,1.472826,0.064126
4057.207291,4058.167849,0.960558,1,3,3,5,0.096252,0.064158
4061.209295,4064.074545,2.86525,1,3,6,5,1.472764,0.064116
4067.212202,4069.037039,1.824837,1,3,3,3,0.976157,0.064131
4071.229966,4072.126694,0.896728,1,3,3,1,0.511974,0.080165
4075.232337,4078.097016,2.864679,1,3,6,7,1.472258,0.080111
4079.233998,4082.13174,2.897742,1,1,3,2,2.000952,0.080147
4085.236868,4088.102777,2.865909,1,3,6,5,1.472738,0.064117
4091.24022,4094.233907,2.993687,1,3,7,7,1.424272,0.064143
4097.242984,4100.092462,2.849478,1,3,6,8,1.488535,0.048594
4103.246098,4106.079395,2.833297,1,3,6,6,1.488839,0.047595
4109.248923,4112.130336,2.881413,1,3,3,4,1.552837,0.512206
4115.25159,4118.117555,2.865965,1,3,6,6,1.456755,0.080054
4121.271026,4122.215563,0.944537,1,3,4,2,0.463969,0.080232
4125.272652,4126.15329,0.880638,1,3,3,0,0.512359,0.063622
4129.274588,4131.131553,1.856965,1,3,4,4,0.976323,0.064034
4133.276675,4135.101562,1.824887,1,3,3,3,1.008055,0.032538
4137.278853,4141.104756,3.825903,1,3,6,7,1.489221,0.06394
4143.281732,4145.106533,1.824801,1,3,2,3,1.040596,1.040596
4147.283707,4150.133174,2.849467,1,3,6,8,1.473014,0.064106
4153.286601,4156.120078,2.833477,1,3,6,6,1.472981,0.047757
4159.289866,4160.185521,0.895655,1,3,3,0,0.495587,0.079514
4161.290992,4163.11553,1.824538,1,1,2,1,1.04063,1.04063
4165.292561,4165.436568,0.144007,1,1,1,1,0.0,0.0
4167.293869,4170.078662,2.784793,1,3,6,6,1.456804,0.064139
4173.312646,4176.242063,2.929417,1,3,7,8,1.472561,0.064137
4179.315497,4182.149091,2.833594,1,3,6,7,1.45671,0.064122
4185.318767,4186.23111,0.912343,1,3,4,5,0.448673,0.063622
4189.32036,4193.146374,3.826014,1,3,7,5,1.552986,0.06413
4195.323655,4197.148183,1.824528,1,3,5,5,0.911998,0.048088
4199.325385,4200.237936,0.912551,1,3,4,4,0.464381,0.063845
4203.327368,4205.152314,1.824946,1,3,3,5,0.960401,0.080197
4205.328132,4206.288662,0.96053,1,1,4,3,0.511947,0.048583
4209.330559,4212.1636,2.833041,1,3,6,7,1.456629,0.047967
4215.333757,4218.278809,2.945052,1,3,7,8,1.472994,0.06362
4221.336425,4224.185917,2.849492,1,3,6,6,1.457168,0.064125
4227.354869,4230.204019,2.84915,1,3,6,8,1.456495,0.079222
4233.35846,4236.175619,2.817159,1,3,6,6,1.456625,0.048105
4239.36101,4241.185527,1.824517,1,3,4,4,0.911657,0.064161
4243.363172,4247.188972,3.8258,1,3,7,7,1.455773,0.064625
4249.365992,4252.231262,2.86527,1,3,6,8,1.456709,0.080126
4255.369347,4258.234557,2.86521,1,3,6,8,1.456847,0.08014
4261.371769,4265.277616,3.905847,1,3,7,6,1.472065,0.064136
4267.37512,4270.208552,2.833432,1,3,6,6,1.456639,0.048618
4273.377931,4274.290084,0.912153,1,3,3,1,0.496554,0.09567
4277.395341,4280.293091,2.89775,1,3,7,5,1.473061,0.047603
4283.398675,4286.263987,2.865312,1,3,6,6,1.457017,0.079712
4289.401745,4291.226192,1.824447,1,3,4,3,0.991974,0.064092
4293.403615,4294.316224,0.912609,1,3,4,2,0.496396,0.03207
4297.405623,4298.333901,0.928278,1,3,4,3,0.464128,0.063617
4301.407594,4302.351581,0.943987,1,3,4,3,0.465049,0.079695
4305.409537,4308.274766,2.865229,1,3,6,8,1.456449,0.079894
4311.41287,4313.237525,1.824655,1,3,2,3,1.040694,1.040694
4315.414581,4318.247931,2.83335,1,3,6,6,1.488951,0.048083
4321.417204,4323.242306,1.825102,1,3,4,4,0.976466,0.064112
4325.419529,4328.268805,2.849276,1,3,6,5,1.536925,0.063944
4331.438031,4334.303581,2.86555,1,3,6,6,1.456606,0.079529
4337.441261,4340.354861,2.9136,1,3,7,6,1.472476,0.063821
4343.443455,4344.212871,0.769416,1,3,2,2,0.464409,0.464409
4347.446246,4349.270477,1.824231,1,3,4,1,0.89574,0.080121
4351.448167,4354.297666,2.849499,1,3,6,8,1.488824,0.047599
4357.450822,4359.275874,1.825052,1,3,3,4,0.992603,0.04812
4363.453748,4366.303306,2.849558,1,3,6,8,1.456612,0.064112
4369.457087,4372.386215,2.929128,1,3,7,6,1.473734,0.063652
4375.45943,4377.284445,1.825015,1,3,3,2,0.976092,0.063128
4379.461896,4381.286475,1.824579,1,3,3,2,0.976183,0.064127
4385.46485,4387.289507,1.824657,1,3,3,5,0.960576,0.079674
4387.481441,4388.40993,0.928489,1,1,3,1,0.544706,0.079647
4391.483481,4393.308575,1.825094,1,3,2,1,1.056378,1.056378
4393.484481,4394.30127,0.816789,1,1,2,2,0.51214,0.51214
4397.486407,4400.35238,2.865973,1,3,6,7,1.488649,0.06462
4403.489277,4406.274838,2.785561,1,3,6,6,1.472722,0.032059
4409.492,4412.438204,2.946204,1,3,7,8,1.456471,0.080126
4415.495339,4419.321336,3.825997,1,3,6,6,1.53662,0.063957
4421.498365,4424.412176,2.913811,1,3,7,5,1.457081,0.047589
4425.500271,4426.285262,0.784991,1,1,1,1,0.0,0.0
4427.501513,4429.374307,1.872794,1,1,3,2,1.04056,0.51233
4431.50332,4434.368864,2.865544,1,3,6,8,1.456714,0.080178
4437.521932,4438.418767,0.896835,1,3,3,1,0.512227,0.080174
4441.524328,4442.404575,0.880247,1,3,3,1,0.511999,0.06412
4445.526341,4446.406807,0.880466,1,3,2,3,0.06413,0.06413
4447.527304,4449.352079,1.824775,1,1,2,1,1.056164,1.056164
4451.529311,4453.354491,1.82518,1,3,2,0,1.056726,1.056726
4453.530332,4454.474733,0.944401,1,1,3,1,0.544549,0.080127
4457.532154,4458.460435,0.928281,1,3,4,5,0.448215,0.079682
4459.533042,4461.358028,1.824986,1,1,2,1,1.040437,1.040437
4465.535644,4468.401466,2.865822,1,3,6,6,1.456224,0.080069
4471.539271,4474.38846,2.849189,1,3,6,6,1.47274,0.06363
4477.541827,4480.391715,2.849888,1,3,6,6,1.472541,0.063998
4483.544838,4484.441394,0.896556,1,3,3,1,0.495872,0.080168
4487.547179,4488.443228,0.896049,1,3,2,0,0.063669,0.063669
4491.564607,4493.373736,1.809129,1,3,4,6,0.992288,0.048092
4497.567692,4500.480946,2.913254,1,3,7,6,1.456998,0.063625
4503.570669,4505.395608,1.824939,1,3,4,5,0.976532,0.079656
4507.572845,4508.485459,0.912614,1,3,4,2,0.448121,0.06415
4511.574692,4513.399036,1.824344,1,3,3,2,0.991677,0.048659
4515.575987,4519.402821,3.826834,1,3,7,7,1.488804,0.048086
4521.579448,4524.444661,2.865213,1,3,5,7,1.552743,0.032059
4527.582886,4528.479025,0.896139,1,3,3,2,0.495825,0.080688
4531.583818,4535.410134,3.826316,1,3,7,7,1.488851,0.047581
4535.586466,4538.451567,2.865101,1,1,6,6,1.44026,0.03203
4541.589248,4544.43897,2.849722,1,3,6,7,1.488676,0.048101
4547.608115,4550.425556,2.817441,1,3,5,6,1.536559,0.048114
4553.61093,4555.436003,1.825073,1,3,2,1,1.05648,1.05648
4557.612835,4558.461233,0.848398,1,3,3,3,0.496598,0.031567
4561.615715,4564.400705,2.78499,1,3,6,3,1.504922,0.032062
4565.617072,4566.401237,0.784165,1,1,1,1,0.0,0.0
4567.617938,4570.530947,2.913009,1,1,6,6,1.424671,0.080164
4573.620877,4576.486577,2.8657,1,3,6,6,1.457166,0.080009
4579.624108,4582.537154,2.913046,1,3,7,6,1.472937,0.048532
4585.627037,4586.523378,0.896341,1,3,3,0,0.496335,0.079976
4589.62897,4592.494086,2.865116,1,3,6,6,1.45718,0.079639
4595.631763,4598.545328,2.913565,1,3,7,6,1.472948,0.032069
4601.650355,4605.476384,3.826029,1,3,7,6,1.456529,0.080175
4607.65379,4609.478704,1.824914,1,3,3,4,1.008744,0.047596
4609.654584,4612.535965,2.881381,1,1,6,6,1.425107,0.063628
4615.657341,4618.443054,2.785713,1,3,5,5,1.473059,0.063635
4619.65983,4622.55712,2.89729,1,1,4,2,1.537188,0.079205
4625.66214,4640.501976,14.839836,1,3,24,3,1.265025,0.19212
4643.671212,4648.585776,4.914564,1,3,9,1,1.264369,0.080019
4651.691157,4664.609698,12.918541,1,3,21,0,1.265374,0.079676
4667.699016,4674.582323,6.883307,1,3,12,3,1.312678,0.22401
4677.704168,4682.602853,4.898685,1,3,8,2,1.312892,0.064685
4683.70694,4688.589539,4.882599,1,1,7,1,1.040484,0.287326
4691.711032,4692.55897,0.847938,1,3,3,1,0.496489,0.031534
4695.713178,4724.703182,28.990004,1,3,45,3,1.264841,0.191569
4727.744421,4734.819847,7.075426,1,3,12,3,1.440638,0.032059
4737.749642,4766.61144,28.861798,1,3,44,4,1.632463,0.192129
4769.781196,4780.698215,10.917019,1,3,18,3,1.280745,0.079658
4783.787938,4806.69481,22.906872,1,3,36,1,1.264704,0.240142
4809.816509,4832.739789,22.92328,1,3,36,1,1.264625,0.224001
4835.829329,4838.774924,2.945595,1,3,6,2,1.344856,0.080212
4841.832423,4856.495474,14.663051,1,3,23,1,1.311395,0.239791
4859.856729,4886.84632,26.989591,1,3,42,3,1.313077,0.080104
4889.871779,4920.830672,30.958893,1,3,48,3,1.265212,0.191907
4921.903215,4932.820946,10.917731,1,1,16,1,1.088887,0.320486
4935.9105,4950.877834,14.967334,1,3,23,0,1.328313,0.224136
4953.919319,4980.876279,26.95696,1,3,42,2,1.312713,0.223962
4983.950077,5028.867921,44.917844,1,3,67,3,1.776999,0.224457
5031.98963,5082.926632,50.937002,1,3,77,2,1.537163,0.127217
5086.032051,5147.069677,61.037626,1,3,93,0,1.312804,0.223779
5150.079316,5151.904231,1.824915,1,3,3,4,0.976504,0.064146
5152.080337,5217.056206,64.975869,1,1,97,3,1.696699,0.224099
5220.129317,5223.282925,3.153608,1,3,7,6,1.456613,0.080133
5224.146473,5235.11222,10.965747,1,1,17,1,1.264957,0.272066
5236.152958,5237.962209,1.809251,1,1,2,1,1.040686,1.040686
5240.155309,5261.092901,20.937592,1,3,33,4,1.457091,0.080154
5264.166564,5267.288012,3.121448,1,3,7,8,1.472754,0.064119
5270.16923,5291.107503,20.938273,1,3,33,1,1.360316,0.191866
5294.197601,5297.030687,2.833086,1,3,5,4,1.536433,0.048093
5300.200568,5303.049481,2.848913,1,3,6,6,1.472467,0.064157
5306.203336,5321.138458,14.935122,1,3,23,1,1.505028,0.22391
5324.212242,5327.077353,2.865111,1,3,6,6,1.456076,0.079976
5330.2149,5333.35263,3.13773,1,3,7,8,1.488418,0.047609
5336.233824,5338.058546,1.824722,1,3,5,5,0.687944,0.080156
5342.237049,5345.086429,2.84938,1,3,6,7,1.472412,0.06413
5348.239634,5390.996602,42.756968,1,3,66,3,1.328935,0.079681
5394.278114,5397.143538,2.865424,1,3,6,6,1.472833,0.079664
5400.281182,5458.965868,58.684686,1,3,90,3,1.264662,0.079649
5462.327735,5463.112162,0.784427,1,1,1,1,0.0,0.0
5464.328913,5471.03595,6.707037,1,1,12,1,1.232759,0.064124
5474.33351,5476.158666,1.825156,1,3,3,3,0.976597,0.064094
5478.3358,5482.161319,3.825519,1,3,7,7,1.456669,0.079666
5482.337672,5545.0885,62.750828,1,1,95,2,1.312682,0.080663
5548.401612,5551.266994,2.865382,1,3,6,8,1.473096,0.063619
5554.404732,5555.17259,0.767858,1,3,2,4,0.463653,0.463653
5556.405459,5558.230511,1.825052,1,1,2,1,1.040491,1.040491
5558.406442,5617.219708,58.813266,1,1,88,5,1.552034,0.064615
5618.45215,5620.276798,1.824648,1,1,2,1,1.040495,1.040495
5622.453655,5626.279944,3.826289,1,3,7,9,1.520575,0.04797
5628.457142,5630.281781,1.824639,1,3,3,4,0.976689,0.064064
5632.459209,5634.283911,1.824702,1,3,3,5,0.959912,0.08122
5636.461038,5640.286466,3.825428,1,3,7,9,1.471548,0.047098
5642.484756,5646.289595,3.804839,1,3,6,7,1.45676,0.080189
5648.482372,5649.36301,0.880638,1,3,3,3,0.512126,0.064238
5652.484721,5656.390812,3.906091,1,3,8,3,1.200503,0.06413
5656.487013,5658.343642,1.856629,1,1,4,4,0.992724,0.048089
5660.488578,5663.386071,2.897493,1,3,5,4,1.504503,0.080173
5666.491478,5669.340546,2.849068,1,3,6,5,1.472409,0.063574
5672.494574,5675.344043,2.849469,1,3,6,8,1.52034,0.047904
5678.497243,5681.635016,3.137773,1,3,7,8,1.488714,0.04808
5684.500343,5688.42234,3.921997,1,3,9,3,1.216196,0.048104
5690.503114,5693.368631,2.865517,1,3,5,2,1.504873,0.032587
5696.52223,5699.371309,2.849079,1,3,6,8,1.489256,0.047607
5702.525019,5705.646566,3.121547,1,3,7,5,1.473049,0.063766
5706.526867,5708.351804,1.824937,1,1,2,1,1.056165,1.056165
5710.529055,5713.378304,2.849249,1,3,6,8,1.537061,0.063952
5716.531396,5719.381381,2.849985,1,3,6,6,1.456764,0.064343
5722.535068,5724.359547,1.824479,1,3,3,5,0.960074,0.080182
5724.535981,5726.409166,1.873185,1,1,4,4,1.008953,0.047583
5728.537907,5730.362849,1.824942,1,3,4,6,0.976752,0.064175
5732.539228,5735.677562,3.138334,1,3,6,6,1.552766,0.079656
5738.542635,5739.423183,0.880548,1,3,3,2,0.495766,0.064147
5742.544919,5753.430202,10.885283,1,3,17,0,1.264876,0.224363
5756.567219,5759.464736,2.897517,1,3,8,5,1.200136,0.048122
5762.570349,5769.43788,6.867531,1,3,13,2,1.280268,0.031579
5772.575367,5781.507614,8.932247,1,3,15,6,1.728821,0.080189
5784.581314,5787.41475,2.833436,1,3,6,8,1.472668,0.048006
5790.584438,5792.409062,1.824624,1,3,4,4,0.704073,0.064134
5796.587336,5809.329256,12.74192,1,3,21,5,1.041341,0.06363
5812.611262,5816.46901,3.857748,1,3,7,6,1.424453,0.064146
5820.614678,5823.752453,3.137775,1,3,7,7,1.456862,0.080164
5826.6179,5829.466897,2.848997,1,3,6,3,1.47276,0.031565
5832.620821,5835.4859,2.865079,1,3,6,8,1.488953,0.047574
5838.623475,5841.473149,2.849674,1,3,6,6,1.472331,0.063631
5844.626498,5847.491878,2.86538,1,3,6,8,1.488703,0.048091
5850.629715,5852.453792,1.824077,1,3,4,5,0.960131,0.080181
5854.647351,5858.585514,3.938163,1,3,8,8,1.456527,0.080194
5860.650545,5863.419909,2.769364,1,3,6,4,1.456904,0.063646
5864.652243,5866.477374,1.825131,1,1,2,1,1.056258,1.056258
5866.653236,5867.50141,0.848174,1,1,2,1,0.544068,0.544068
5870.655161,5885.494525,14.839364,1,3,25,4,1.232625,0.06435
5886.663245,5889.560501,2.897256,1,1,4,2,1.553326,0.0802
5890.665287,5892.490127,1.82484,1,1,2,1,1.040467,1.040467
5892.666367,5894.49091,1.824543,1,2,2,1,1.040537,1.040537
5896.668168,5900.494109,3.825941,1,3,7,9,1.44137,0.063995
5902.671115,5905.536375,2.86526,1,3,6,5,1.488533,0.048378
5908.689564,5911.523098,2.833534,1,3,6,8,1.472002,0.063709
5914.692967,5918.518593,3.825626,1,3,8,5,1.456464,0.080146
5920.695514,5923.48095,2.785436,1,3,6,6,1.504673,0.047618
5926.698614,5929.54719,2.848576,1,3,6,8,1.472691,0.063655
5932.701374,5943.586854,10.88548,1,3,16,1,1.728473,0.223916
5946.70841,5949.493922,2.785512,1,3,6,6,1.473008,0.063658
5950.71018,5952.535329,1.825149,1,1,2,1,1.040226,1.040226
5956.713479,5957.497514,0.784035,1,3,1,1,0.0,0.0
5958.730037,5959.546967,0.81693,1,1,2,2,0.512604,0.512604
5962.732044,5966.557939,3.825895,1,3,7,9,1.47247,0.06411
5966.734156,5967.5507,0.816544,1,1,2,2,0.512054,0.512054
5970.735914,5973.521248,2.785334,1,3,6,6,1.47228,0.064166
5976.738944,5980.645125,3.906181,1,3,5,3,1.552533,0.07979
5982.741555,5984.566971,1.825416,1,3,3,2,1.040478,0.46467
5986.743935,5989.529464,2.785529,1,3,6,6,1.472278,0.03257
5992.747149,5993.643359,0.89621,1,3,3,3,0.496345,0.079982
5994.748075,5996.573014,1.824939,1,1,2,1,1.040703,1.040703
5998.749816,6001.614471,2.864655,1,3,6,5,1.45643,0.079786
6002.75184,6017.638826,14.886986,1,1,23,1,1.296694,0.191912
6020.776226,6023.56148,2.785254,1,3,6,4,1.488679,0.063627
6026.779238,6027.659619,0.880381,1,3,3,1,0.495998,0.064108
6030.781605,6033.614774,2.833169,1,3,6,8,1.472311,0.048117
6036.784304,6039.633805,2.849501,1,3,6,6,1.472573,0.064142
6042.78695,6044.612119,1.825169,1,3,3,2,0.976299,0.06464
6044.788215,6046.612801,1.824586,1,1,2,1,1.040337,1.040337
6046.789193,6049.702496,2.913303,1,1,6,6,1.424759,0.063639
6052.792065,6055.641248,2.849183,1,3,6,6,1.472849,0.064174
6058.795056,6061.628188,2.833132,1,3,6,8,1.456981,0.048088
6064.81389,6067.679019,2.865129,1,3,6,8,1.48872,0.048129
6070.816428,6073.601851,2.785423,1,3,5,4,1.473299,0.079654
6074.818502,6077.636148,2.817646,1,1,5,3,1.040389,0.176233
6080.821281,6083.686677,2.865396,1,3,6,7,1.480665,0.055632
6084.823248,6086.648453,1.825205,1,1,2,1,1.040241,1.040241
6088.825372,6101.567619,12.742247,1,3,22,2,1.216448,0.079884
6104.833074,6107.698558,2.865484,1,3,6,6,1.456915,0.080157
6110.835966,6112.660862,1.824896,1,3,3,3,0.976411,0.06416
6114.853827,6117.959188,3.105361,1,3,7,6,1.47266,0.063553
6118.855989,6120.664899,1.80891,1,1,2,1,1.040601,1.040601
6120.856258,6123.754255,2.897997,1,1,6,6,1.439942,0.064103
6126.859862,6130.71825,3.858388,1,3,7,6,1.185088,0.080151
6132.862909,6134.68793,1.825021,1,3,4,6,0.961069,0.080174
6136.864745,6137.745231,0.880486,1,3,3,1,0.49602,0.064126
6140.866956,6142.691697,1.824741,1,3,4,4,0.991918,0.048116
6142.868055,6169.632501,26.764446,1,1,42,1,1.184817,0.127749
6172.898606,6174.723543,1.824937,1,3,4,4,0.976868,0.079653
6176.90047,6180.726405,3.825935,1,3,7,6,1.488467,0.0481
6182.903354,6184.728606,1.825252,1,3,4,6,0.993045,0.048079
6186.905396,6189.690262,2.784866,1,3,6,4,1.472776,0.048106
6192.908552,6196.030072,3.12152,1,3,7,8,1.489161,0.048126
6196.910517,6198.735328,1.824811,1,1,2,1,1.040147,1.040147
6200.912422,6202.737401,1.824979,1,3,3,5,0.976895,0.063635
6202.913306,6217.704638,14.791332,1,1,24,1,1.184532,0.080169
6220.938232,6223.788183,2.849951,1,3,6,6,1.456484,0.03254
6226.941154,6229.711172,2.770018,1,3,6,8,1.520655,0.063689
6232.944058,6245.846225,12.902167,1,3,21,5,1.184534,0.07969
6248.951941,6251.8173,2.865359,1,3,6,8,1.472185,0.064601
6254.954891,6256.779865,1.824974,1,3,3,2,0.960512,0.080142
6258.956435,6261.822195,2.86576,1,3,6,6,1.456803,0.080159
6264.959647,6265.855958,0.896311,1,3,3,3,0.511898,0.064182
6268.961821,6284.089059,15.127238,1,3,26,7,1.264013,0.048604
6286.986411,6288.811227,1.824816,1,3,3,5,0.992159,0.064131
6290.988215,6293.837478,2.849263,1,3,6,8,1.472494,0.064145
6296.991125,6299.85648,2.865355,1,3,6,8,1.472932,0.064151
6302.994022,6304.818254,1.824232,1,3,4,4,0.959628,0.080217
6306.996027,6309.845393,2.849366,1,3,5,7,1.536877,0.063639
6312.999158,6314.823386,1.824228,1,3,5,3,0.687458,0.080208
6317.00097,6320.121987,3.121017,1,3,7,3,1.200651,0.064147
6323.019953,6326.141358,3.121405,1,3,7,8,1.488826,0.048106
6329.022668,6331.872064,2.849396,1,3,5,7,1.552629,0.064132
6335.025701,6337.794301,2.7686,1,3,6,4,1.472785,0.063617
6341.028495,6351.849981,10.821486,1,3,19,5,1.216869,0.063627
6355.035384,6357.820735,2.785351,1,3,5,7,1.456891,0.080686
6361.037843,6362.8632,1.825357,1,3,4,4,0.960368,0.080152
6365.040367,6366.865396,1.825029,1,3,4,2,0.672516,0.080223
6367.041311,6369.906349,2.865038,1,2,6,6,1.456431,0.080186
6373.044334,6390.172378,17.128044,1,3,28,7,1.728629,0.063626
6393.069908,6411.831092,18.761184,1,3,29,6,2.000959,0.048703
6415.096524,6417.946024,2.8495,1,3,6,5,1.456724,0.080175
6421.083554,6423.996753,2.913199,1,3,5,0,1.265141,0.079661
6427.102101,6429.935957,2.833856,1,3,6,7,1.472971,0.064107
6433.105361,6433.970101,0.86474,1,3,3,0,0.512,0.048223
6437.107039,6439.940498,2.833459,1,3,5,7,1.537124,0.048104
6443.110168,6446.936044,3.825876,1,3,7,9,1.488929,0.063634
6449.113063,6451.946381,2.833318,1,3,6,8,1.488681,0.047592
6455.115315,6457.99688,2.881565,1,3,7,7,1.168854,0.047606
6461.119106,6464.28819,3.169084,1,3,8,4,1.472739,0.064127
6465.121019,6466.945608,1.824589,1,1,2,1,1.039846,1.039846
6469.123078,6471.988348,2.86527,1,3,6,6,1.488537,0.04816
6475.141362,6476.950522,1.80916,1,3,3,5,0.960543,0.079641
6479.143562,6481.99294,2.849378,1,3,6,6,1.472726,0.064218
6485.146579,6486.025778,0.879199,1,3,3,1,0.51125,0.064019
6489.147825,6490.044744,0.896919,1,3,3,1,0.496839,0.080137
6493.149678,6510.086261,16.936583,1,3,28,7,1.264996,0.047687
6513.16036,6516.297488,3.137128,1,3,7,5,1.48944,0.048036
6517.161937,6518.987314,1.825377,1,1,2,1,1.041172,1.041172
6519.162455,6522.332224,3.169769,1,1,7,6,1.441016,0.047511
6525.166294,6532.097031,6.930737,1,3,13,2,1.264473,0.09554
6533.185754,6536.115026,2.929272,1,1,4,4,1.537237,0.064043
6539.189278,6542.069962,2.880684,1,3,7,5,1.504181,0.048099
6545.191338,6547.017143,1.825805,1,3,2,0,1.056737,1.056737
6547.19276,6547.961111,0.768351,1,1,1,1,0.0,0.0
6549.19356,6552.075176,2.881616,1,2,4,5,2.001556,0.063529
6555.196577,6557.021245,1.824668,1,3,3,4,0.975812,0.064554
6559.19905,6562.032394,2.833344,1,3,6,8,1.489007,0.048278
6565.201922,6568.06704,2.865118,1,3,6,5,1.457067,0.080094
6571.204447,6574.03801,2.833563,1,3,6,6,1.440178,0.048195
6577.207396,6577.991477,0.784081,1,3,2,2,0.463391,0.463391
6581.208713,6582.137767,0.929054,1,3,4,4,0.512296,0.047519
6585.22719,6588.076985,2.849795,1,3,6,8,1.4565,0.064554
6591.229862,6594.063444,2.833582,1,3,6,7,1.473076,0.063565
6597.233093,6598.129274,0.896181,1,3,4,5,0.448392,0.048533
6601.234977,6605.060721,3.825744,1,3,5,6,1.95345,0.048328
6607.2386,6608.118585,0.879985,1,3,3,1,0.495909,0.064022
6611.240193,6613.06472,1.824527,1,3,3,5,0.976557,0.063557
6613.241438,6614.185566,0.944128,1,1,3,1,0.544222,0.08045
6617.24319,6620.092088,2.848898,1,3,6,8,1.472529,0.063039
6623.245978,6626.095675,2.849697,1,3,6,8,1.473252,0.063563
6629.24959,6631.122516,1.872926,1,3,4,4,0.961325,0.080066
6633.267038,6636.116095,2.849057,1,3,6,8,1.45716,0.079549
6639.270316,6641.07952,1.809204,1,3,4,5,0.977087,0.064051
6643.272183,6645.09655,1.824367,1,3,4,4,0.991977,0.06405
6647.273803,6650.140035,2.866232,1,3,6,5,1.456625,0.080559
6653.277292,6654.157494,0.880202,1,3,3,2,0.495905,0.064026
6657.279381,6660.144432,2.865051,1,3,6,6,1.473183,0.064043
6663.282158,6664.258025,0.975867,1,3,4,2,0.495994,0.079083
6667.283744,6668.228908,0.945164,1,3,4,3,0.496624,0.064038
6671.285604,6674.071643,2.786039,1,3,6,3,1.504419,0.032537
6677.288646,6678.216998,0.928352,1,3,4,3,0.464325,0.063888
6681.291123,6683.115679,1.824556,1,3,3,2,0.976142,0.064543
6685.293247,6688.14247,2.849223,1,3,6,7,1.471837,0.064541
6691.311577,6694.240847,2.92927,1,3,7,8,1.440666,0.063601
6697.314426,6699.139976,1.82555,1,3,4,4,0.960981,0.096077
6701.316447,6701.380969,0.064522,1,1,1,1,0.0,0.0
6703.317752,6707.176108,3.858356,1,1,7,7,1.456464,0.048016
6709.321172,6710.217595,0.896423,1,3,3,3,0.496436,0.080121
6713.32198,6715.147603,1.825623,1,3,3,4,0.992433,0.048551
6717.325071,6719.149279,1.824208,1,3,3,4,0.991713,0.048026
6721.326776,6724.192092,2.865316,1,3,6,4,1.472621,0.048016
6727.329859,6729.155117,1.825258,1,3,2,3,1.040903,1.040903
6731.331693,6732.228477,0.896784,1,3,3,1,0.496234,0.080521
6735.333898,6739.159337,3.825439,1,3,7,9,1.488952,0.047555
6741.337241,6744.298144,2.960903,1,3,7,6,1.456445,0.079536
6747.355384,6749.180619,1.825235,1,3,4,4,0.912186,0.064553
6751.35796,6753.182117,1.824157,1,3,3,3,0.991547,0.064049
6755.360071,6756.128519,0.768448,1,3,1,2,0.0,0.0
6757.360757,6760.258093,2.897336,1,1,6,6,1.42439,0.080118
6763.363801,6764.24384,0.880039,1,3,3,3,0.496343,0.063524
6767.365849,6769.237968,1.872119,1,3,3,3,0.975573,0.080054
6769.366037,6770.310758,0.944721,1,1,3,1,0.544712,0.079554
6773.368914,6774.264603,0.895689,1,3,3,3,0.49535,0.080567
6777.370328,6779.195719,1.825391,1,3,3,5,0.977133,0.064085
6783.373198,6785.197896,1.824698,1,3,3,5,0.975646,0.064046
6785.374007,6786.526801,1.152794,1,3,3,4,0.720555,0.080037
6789.375912,6792.257213,2.881301,1,3,6,5,1.456312,0.079799
6795.395336,6798.308902,2.913566,1,3,7,6,1.489095,0.047535
6801.398569,6802.246627,0.848058,1,3,3,0,0.512331,0.031527
6805.399704,6807.225227,1.825523,1,3,2,3,1.056954,1.056954
6807.401383,6809.258035,1.856652,1,1,5,3,0.89622,0.048511
6811.403027,6812.3161,0.913073,1,3,3,1,0.080585,0.047536
6815.405209,6819.23062,3.825411,1,3,7,8,1.504413,0.064015
6821.408079,6824.257564,2.849485,1,3,6,8,1.48915,0.047526
6827.411276,6830.244543,2.833267,1,3,6,6,1.456481,0.048053
6833.4142,6836.327869,2.913669,1,3,4,1,1.552278,0.096031
6839.417207,6842.458101,3.040894,1,3,7,6,1.520595,0.048523
6845.436316,6846.380205,0.943889,1,3,4,5,0.464106,0.079167
6849.437751,6852.367933,2.930182,1,3,7,8,1.439911,0.063535
6855.440904,6856.336938,0.896034,1,3,2,3,0.079073,0.079073
6859.442479,6860.355503,0.913024,1,3,3,1,0.512472,0.096129
6863.444679,6866.374493,2.929814,1,3,7,7,1.472424,0.064017
6869.447591,6871.273101,1.82551,1,3,3,4,0.977232,0.064036
6873.450017,6874.361832,0.911815,1,3,4,5,0.463518,0.049053
6877.451529,6881.277278,3.825749,1,3,7,6,1.55352,0.047044
6883.455265,6886.384164,2.928899,1,3,7,8,1.441431,0.06409
6889.458099,6892.306758,2.848659,1,3,6,8,1.473821,0.063552
6895.461115,6897.285512,1.824397,1,3,3,5,0.992297,0.047664
6899.462914,6900.374814,0.9119,1,3,2,0,0.080055,0.080055
6903.480294,6904.377367,0.897073,1,3,3,1,0.512304,0.080555
6907.482225,6910.300187,2.817962,1,3,6,6,1.537209,0.048064
6913.48606,6914.430337,0.944277,1,3,4,4,0.512469,0.063514
6917.487717,6918.36822,0.880503,1,3,3,3,0.496626,0.064032
6921.489148,6924.339493,2.850345,1,3,6,6,1.48923,0.047545
6927.492528,6928.388533,0.896005,1,3,3,2,0.496722,0.079066
6931.494716,6934.360005,2.865289,1,3,6,5,1.456061,0.079959
6935.496546,6936.39316,0.896614,1,1,2,1,0.079756,0.079756
6939.498804,6942.331884,2.83308,1,3,6,7,1.473026,0.047541
6945.50131,6947.326549,1.825239,1,3,3,3,0.976563,0.064291
6947.502202,6950.464149,2.961947,1,1,7,6,1.440783,0.047514
6953.520824,6954.402018,0.881194,1,3,3,3,0.511873,0.064541
6957.523385,6959.332751,1.809366,1,3,2,1,1.041008,1.041008
6963.526686,6965.335713,1.809027,1,3,4,1,0.88093,0.079709
6967.528079,6968.4245,0.896421,1,3,3,2,0.496702,0.079529
6969.528808,6971.354392,1.825584,1,1,2,1,1.040896,1.040896
6973.531528,6977.405114,3.873586,1,3,7,7,1.440855,0.064022
6977.533395,6981.407287,3.873892,1,1,5,5,2.000698,0.048027
6983.536341,6984.416387,0.880046,1,3,3,3,0.496323,0.063539
6987.537855,6990.402931,2.865076,1,3,6,6,1.472547,0.047512
6993.541498,6996.455021,2.913523,1,3,7,8,1.472866,0.047675
7001.545227,7005.387287,3.84206,1,3,6,5,1.456501,0.079551
7007.563821,7009.372791,1.80897,1,3,4,4,0.960245,0.080093
7011.565733,7014.399094,2.833361,1,3,6,6,1.471897,0.064048
7017.568789,7018.465646,0.896857,1,3,2,3,0.080068,0.080068
7019.569908,7021.393957,1.824049,1,1,2,1,1.055283,1.055283
7021.570636,7024.50063,2.929994,1,1,6,6,1.455801,0.048024
7027.572947,7029.398818,1.825871,1,3,4,6,0.99277,0.04755
7031.575416,7032.519919,0.944503,1,3,3,4,0.080045,0.080034
7035.577629,7038.47501,2.897381,1,3,6,8,1.504364,0.031531
7041.580443,7045.406405,3.825962,1,3,7,7,1.488458,0.048201
7047.584292,7048.543801,0.959509,1,3,4,2,0.496153,0.063549
7051.586237,7054.370712,2.784475,1,3,6,6,1.456586,0.079669
7057.589218,7059.413139,1.823921,1,3,4,5,0.960148,0.080077
7061.606814,7062.486637,0.879823,1,3,3,1,0.512558,0.063031
7065.608351,7068.47415,2.865799,1,3,6,7,1.456733,0.079591
7071.61138,7075.437807,3.826427,1,3,5,6,1.936295,0.064557
7077.614143,7080.559803,2.94566,1,3,7,8,1.456622,0.07965
7083.61754,7087.555193,3.937653,1,3,7,5,1.456818,0.079078
7087.619237,7090.516922,2.897685,1,1,6,6,1.440257,0.064536
7093.622804,7096.471544,2.84874,1,3,6,6,1.472276,0.063537
7101.626693,7102.41088,0.784187,1,3,1,1,0.0,0.0
7107.629289,7108.57333,0.944041,1,3,4,4,0.464386,0.079298
7111.647552,7113.504063,1.856511,1,3,4,5,0.992451,0.047521
7115.649305,7117.458271,1.808966,1,3,2,1,1.040955,1.040955
7119.651338,7122.548046,2.896708,1,3,4,2,1.536046,0.079075
7125.654049,7128.535685,2.881636,1,3,4,4,2.001149,0.064016
7131.657102,7134.506624,2.849522,1,3,6,8,1.456628,0.064048
7137.660525,7140.5257,2.865175,1,3,6,7,1.472561,0.064041
7143.66302,7146.448528,2.785508,1,3,6,6,1.457577,0.063541
7149.66622,7153.492261,3.826041,1,3,7,9,1.456631,0.063553
7155.669057,7158.614395,2.945338,1,3,7,6,1.457396,0.08003
7161.671966,7164.537615,2.865649,1,3,6,6,1.456621,0.080044
7167.690802,7168.5714,0.880598,1,3,2,1,0.064527,0.064527
7171.693009,7174.558557,2.865548,1,3,6,6,1.472719,0.06313
7177.695995,7179.52099,1.824995,1,3,2,0,1.056563,1.056563
7181.697878,7182.657987,0.960109,1,3,4,2,0.496244,0.063552
7185.700369,7188.532802,2.832433,1,3,6,6,1.488748,0.047331
7191.703132,7195.5292,3.826068,1,3,7,6,1.472772,0.064076
7197.70553,7198.634357,0.928827,1,3,3,2,0.080037,0.06457
7201.70785,7204.637862,2.930012,1,3,7,8,1.456159,0.064035
7205.710145,7207.534848,1.824703,1,1,2,1,1.040404,1.040404
7209.712062,7213.537695,3.825633,1,3,7,7,1.472272,0.064052
7215.714846,7218.580074,2.865228,1,3,6,7,1.457369,0.079718
7221.733542,7223.542222,1.80868,1,3,3,5,0.991811,0.048053
7225.735301,7226.66436,0.929059,1,3,4,3,0.463972,0.079598
7229.737803,7231.562945,1.825142,1,3,4,3,1.008622,0.048065
7233.739521,7236.525353,2.785832,1,3,6,6,1.473261,0.064033
7239.7418,7242.608046,2.866246,1,3,6,6,1.472292,0.064566
7245.745409,7247.570813,1.825404,1,3,3,2,0.976316,0.064914
7249.747937,7252.644681,2.896744,1,3,6,6,1.457012,0.048536
7255.750413,7257.575182,1.824769,1,3,4,4,0.91166,0.047547
7261.754001,7262.666303,0.912302,1,3,4,4,0.463999,0.06354
7265.755847,7266.635691,0.879844,1,3,3,1,0.497012,0.063529
7269.757735,7271.582362,1.824627,1,3,3,5,0.960052,0.080061
7273.775376,7274.543549,0.768173,1,3,2,2,0.463399,0.463399
7277.777624,7279.601906,1.824282,1,3,4,4,0.912141,0.064529
7281.779045,7284.644684,2.865639,1,3,6,7,1.440821,0.096044
7287.78229,7288.711405,0.929115,1,3,4,3,0.449221,0.079106
7289.783388,7291.608815,1.825427,1,1,2,1,1.057192,1.057192
7297.787039,7299.612429,1.82539,1,3,4,6,0.992411,0.04853
7299.788684,7301.661073,1.872389,1,1,4,4,0.992085,0.06352
7303.790884,7305.615048,1.824164,1,3,3,2,0.959927,0.080539
7307.792021,7309.617317,1.825296,1,3,4,6,0.960174,0.080035
7309.793413,7312.690995,2.897582,1,1,6,6,1.43984,0.048521
7315.796024,7317.620977,1.824953,1,3,2,1,1.03973,1.03973
7319.798238,7322.647625,2.849387,1,3,6,8,1.456473,0.063526
7325.81692,7326.585825,0.768905,1,3,1,0,0.0,0.0
7327.817887,7328.747064,0.929177,1,1,3,1,0.543394,0.081063
7329.819169,7332.684597,2.865428,1,1,6,6,1.424121,0.04853
7335.822441,7338.752288,2.929847,1,3,7,8,1.472796,0.064074
7339.824913,7341.648944,1.824031,1,1,2,1,1.055726,1.055726
7343.8264,7345.651476,1.825076,1,3,4,6,1.008767,0.03153
7345.827632,7347.652552,1.82492,1,1,2,1,1.040652,1.040652
7351.830842,7353.655316,1.824474,1,3,3,5,0.976234,0.064541
7355.832222,7358.697899,2.865677,1,3,6,6,1.488111,0.048184
7361.835327,7364.620759,2.785432,1,3,6,4,1.472426,0.064035
7367.838426,7370.752196,2.91377,1,3,7,6,1.472922,0.048038
7371.840927,7372.624687,0.78376,1,1,1,1,0.0,0.0
7373.841848,7374.737788,0.89594,1,2,2,1,0.080019,0.080019
7377.844106,7380.724886,2.88078,1,3,6,5,1.457084,0.079542
7383.86191,7386.679786,2.817876,1,3,6,6,1.473428,0.048069
7387.864684,7389.689848,1.825164,1,1,2,1,1.056388,1.056388
7391.867005,7393.739038,1.872033,1,3,3,1,0.976232,0.080036
7395.868451,7396.748775,0.880324,1,3,3,3,0.496675,0.063528
7399.87029,7401.696174,1.825884,1,3,3,2,0.992787,0.048642
7403.872808,7405.697477,1.824669,1,3,4,4,0.992395,0.048023
7407.875129,7409.699822,1.824693,1,3,3,4,1.040989,0.464176
7411.876935,7414.726393,2.849458,1,3,6,8,1.505336,0.031509
7417.879624,7419.704824,1.8252,1,3,4,6,0.97688,0.064077
7421.881286,7423.706755,1.825469,1,3,3,5,0.960567,0.079554
7425.88355,7428.749371,2.865821,1,3,6,5,1.489289,0.047546
7431.902551,7432.847347,0.944796,1,3,4,4,0.511566,0.064017
7435.904652,7438.753643,2.848991,1,3,6,6,1.472772,0.063638
7443.908928,7446.742496,2.833568,1,3,6,8,1.472313,0.064583
7449.91158,7452.744837,2.833257,1,3,6,6,1.472366,0.04804
7453.91415,7455.738984,1.824834,1,1,2,1,1.056851,1.056851
7457.915265,7461.741246,3.825981,1,3,6,5,1.536396,0.064041
7463.918273,7466.864497,2.946224,1,3,7,6,1.489152,0.048052
7469.921291,7471.746577,1.825286,1,3,4,4,0.992142,0.048521
7473.924111,7476.78939,2.865279,1,3,6,8,1.472622,0.064062
7479.926294,7482.792187,2.865893,1,3,6,5,1.489521,0.047549
7485.945789,7488.795213,2.849424,1,3,6,5,1.45607,0.080111
7491.948898,7492.797388,0.84849,1,3,3,1,0.51229,0.032507
7495.95063,7497.775616,1.824986,1,3,3,3,0.992464,0.064186
7499.952773,7503.778356,3.825583,1,3,7,9,1.473057,0.047523
7505.956381,7508.8047,2.848319,1,3,6,8,1.488926,0.063047
7511.958696,7512.871637,0.912941,1,3,4,2,0.464111,0.047499
7515.960906,7518.826103,2.865197,1,3,6,8,1.456621,0.079588
7521.964192,7522.74866,0.784468,1,3,2,2,0.464554,0.464554
7525.965819,7526.878034,0.912215,1,3,3,0,0.495691,0.0961
7529.967465,7532.897106,2.929641,1,3,7,8,1.473523,0.063564
7533.970287,7535.794832,1.824545,1,1,2,1,1.040755,1.040755
7537.972107,7540.837494,2.865387,1,3,6,7,1.456367,0.080069
7543.99125,7546.952484,2.961234,1,3,7,6,1.456181,0.080242
7549.994347,7550.842017,0.84767,1,3,3,3,0.511879,0.031683
7555.997156,7557.821393,1.824237,1,3,3,5,0.960064,0.096111
7559.998604,7560.927123,0.928519,1,3,4,2,0.464567,0.063849
7564.000811,7565.826138,1.825327,1,3,4,4,0.976944,0.064343
7568.003205,7568.947614,0.944409,1,3,4,3,0.462839,0.079784
7570.003919,7571.828525,1.824606,1,1,2,1,1.040523,1.040523
7576.006997,7578.872812,2.865815,1,3,6,6,1.456329,0.048161
7582.009623,7584.93892,2.929297,1,3,7,8,1.489102,0.04729
7588.013442,7590.958846,2.945404,1,3,7,7,1.489004,0.047538
7594.032141,7597.857885,3.825744,1,3,7,7,1.455885,0.064603
7600.034625,7602.852543,2.817918,1,3,6,4,1.408838,0.079981
7604.037479,7605.846259,1.80878,1,1,2,1,1.041158,1.041158
7608.038683,7609.863449,1.824766,1,3,4,6,0.991898,0.064186
7612.040848,7614.826367,2.785519,1,3,6,6,1.473213,0.047994
7618.043545,7619.868581,1.825036,1,3,4,4,0.91217,0.047852
7622.04547,7622.942115,0.896645,1,3,3,3,0.496,0.079892
7626.047932,7628.897433,2.849501,1,3,6,8,1.488212,0.048754
7632.051133,7635.876361,3.825228,1,3,7,6,1.472933,0.064486
7636.052977,7636.88436,0.831383,1,1,2,2,0.511225,0.511225
7640.054688,7642.983888,2.9292,1,3,7,8,1.473284,0.047806
7646.057443,7648.923308,2.865865,1,3,6,8,1.473138,0.063958
7652.076323,7654.989758,2.913435,1,3,5,7,1.536338,0.064203
7658.079939,7658.92838,0.848441,1,3,3,1,0.512971,0.032063
7662.080874,7662.92977,0.848896,1,3,3,3,0.511466,0.032308
7666.083441,7667.90863,1.825189,1,3,4,2,0.91257,0.06435
7670.085692,7671.910195,1.824503,1,3,4,2,0.896456,0.064172
7672.086415,7673.959502,1.873087,1,1,4,4,0.993046,0.064067
7676.088487,7677.91356,1.825073,1,3,2,3,1.040484,1.040484
7678.089525,7680.97088,2.881355,1,1,6,6,1.441594,0.063611
7684.092779,7685.917431,1.824652,1,3,4,5,0.960049,0.080044
7688.094942,7688.878392,0.78345,1,3,2,3,0.463651,0.463651
7692.096363,7694.961526,2.865163,1,3,6,8,1.472764,0.063281
7698.099224,7699.924111,1.824887,1,3,3,4,0.991883,0.048077
7702.117471,7704.966193,2.848722,1,3,6,6,1.521679,0.079761
7708.119662,7711.032809,2.913147,1,3,7,8,1.456416,0.062629
7714.122989,7715.947954,1.824965,1,3,3,4,1.055971,0.464912
7718.125035,7718.97293,0.847895,1,3,3,3,0.496144,0.031526
7722.127146,7725.952629,3.825483,1,3,7,7,1.47242,0.064042
7728.129603,7730.995734,2.866131,1,3,6,5,1.472787,0.064166
7734.132855,7736.981758,2.848903,1,3,6,6,1.473082,0.063406
7740.13588,7740.983548,0.847668,1,3,3,1,0.49637,0.031571
7744.137261,7747.066826,2.929565,1,3,7,6,1.455635,0.06431
7750.14107,7751.965413,1.824343,1,3,4,4,0.912153,0.063857
7754.158337,7754.926681,0.768344,1,3,2,1,0.464356,0.464356
7758.160679,7759.969433,1.808754,1,3,4,4,0.960464,0.079826
7764.16381,7769.126204,4.962394,1,3,9,5,1.536572,0.048157
7772.16748,7772.952024,0.784544,1,3,2,1,0.464329,0.464329
7776.169154,7779.995285,3.826131,1,3,7,9,1.472511,0.064132
7780.171434,7783.037103,2.865669,1,1,5,4,1.456809,0.048084
7786.173978,7787.021916,0.847938,1,3,3,3,0.496186,0.031548
7790.1759,7792.000946,1.825046,1,3,2,3,1.040789,1.040789
7792.177696,7793.153915,0.976219,1,1,4,3,0.512931,0.06418
7796.178968,7799.028815,2.849847,1,3,6,8,1.488944,0.047353
7802.181544,7804.006819,1.825275,1,3,3,5,0.960184,0.08019
7804.182589,7805.159958,0.977369,1,1,4,3,0.512241,0.06496
7808.200744,7811.050567,2.849823,1,3,6,8,1.456886,0.079763
7814.204357,7816.973597,2.76924,1,3,6,6,1.456726,0.080384
7820.206747,7820.990784,0.784037,1,3,2,2,0.463917,0.463917
7822.207639,7824.032873,1.825234,1,1,2,1,1.056424,1.056424
7826.209787,7829.074942,2.865155,1,3,6,5,1.488363,0.063909
7830.211667,7831.108441,0.896774,1,1,2,1,0.080223,0.080223
7834.213559,7837.143545,2.929986,1,3,7,6,1.472841,0.063531
7840.217134,7844.02725,3.810116,1,3,7,8,1.552336,0.048095
7844.219233,7846.09135,1.872117,1,1,3,1,0.975807,0.07978
7848.22088,7851.086146,2.865266,1,3,6,4,1.456474,0.031488
7854.224054,7857.104984,2.88093,1,3,6,6,1.456588,0.080413
7858.241619,7860.05101,1.809391,1,1,2,1,1.040819,1.040819
7862.243701,7865.189347,2.945646,1,3,7,7,1.472288,0.031052
7870.247935,7873.033334,2.785399,1,3,6,4,1.440944,0.063817
7876.250611,7877.019556,0.768945,1,3,2,2,0.448436,0.448436
7880.252942,7882.077674,1.824732,1,3,3,4,0.976689,0.064006
7884.254951,7886.079231,1.82428,1,3,3,5,0.992258,0.047503
7888.256412,7891.089615,2.833203,1,3,6,8,1.472306,0.04777
7894.259597,7897.093035,2.833438,1,3,6,6,1.488615,0.048057
7900.262283,7904.088688,3.826405,1,3,7,7,1.45634,0.079872
7906.265419,7909.130952,2.865533,1,3,6,8,1.472509,0.064686
7912.28436,7916.190285,3.905925,1,3,7,6,1.440739,0.079942
7918.28693,7919.055237,0.768307,1,3,2,2,0.464027,0.464027
7922.289531,7925.139099,2.849568,1,3,6,6,1.472828,0.064038
7928.29242,7931.221863,2.929443,1,3,7,6,1.472255,0.063309
7934.29461,7935.239531,0.944921,1,3,4,5,0.463522,0.080156
7938.297608,7941.082076,2.784468,1,3,6,6,1.456833,0.063337
7944.299829,7947.133881,2.834052,1,3,5,5,1.440386,0.048105
7950.302208,7952.128383,1.826175,1,3,3,5,1.00866,0.031966
7954.305215,7958.131172,3.825957,1,3,7,9,1.456665,0.079196
7958.306958,7959.26774,0.960782,1,1,3,1,0.544576,0.096079
7962.309415,7965.174641,2.865226,1,3,6,6,1.488771,0.048119
7968.327588,7971.097751,2.770163,1,3,6,3,1.4728,0.063397
7974.330712,7977.212748,2.882036,1,3,4,2,1.936635,0.080461
7980.334188,7982.207256,1.873068,1,3,3,3,0.976348,0.080368
7984.335576,7987.184437,2.848861,1,3,6,8,1.473007,0.062836
7990.338636,7991.235734,0.897098,1,3,2,1,0.080724,0.080724
7994.341087,7995.268297,0.92721,1,3,4,5,0.463697,0.064512
7998.343357,7999.223736,0.880379,1,3,3,1,0.496017,0.064598
8002.344761,8005.209814,2.865053,1,3,6,5,1.456806,0.079742
8008.348156,8012.286119,3.937963,1,3,7,5,1.45741,0.079623
8014.350339,8015.247527,0.897188,1,3,3,0,0.511881,0.064287
8018.368359,8020.17753,1.809171,1,3,2,2,1.040788,1.040788
8022.371017,8023.266997,0.89598,1,3,3,3,0.511886,0.079714
8026.372174,8028.181824,1.80965,1,3,3,4,0.880818,0.1123
8030.374727,8031.143643,0.768916,1,3,2,4,0.448775,0.448775
8034.37675,8038.202605,3.825855,1,3,7,6,1.473219,0.049122
8038.378763,8041.196255,2.817492,1,1,6,4,1.457572,0.047666
8044.381712,8047.231427,2.849715,1,3,6,4,1.472343,0.03254
8050.384069,8053.168921,2.784852,1,3,6,3,1.472392,0.064009
8056.387352,8058.212086,1.824734,1,3,4,2,0.880458,0.079873
8058.388333,8059.332939,0.944606,1,1,3,1,0.545255,0.079912
8062.390182,8065.256168,2.865986,1,3,6,6,1.53755,0.063974
8068.393201,8072.219455,3.826254,1,3,8,5,1.472545,0.063601
8076.412765,8078.238403,1.825638,1,3,4,4,1.008779,0.048106
8080.415031,8084.240991,3.82596,1,3,7,7,1.488639,0.064127
8086.418259,8101.241886,14.823627,1,3,24,2,1.28075,0.2091
8104.42752,8107.29261,2.86509,1,3,6,1,1.264541,0.048004
8110.429972,8137.387153,26.957181,1,3,40,4,1.552771,0.240057
8140.460837,8143.326359,2.865522,1,3,5,4,1.279747,0.272183
8146.463605,8169.371022,22.907417,1,3,34,2,1.089129,0.288283
8170.475678,8189.36486,18.889182,1,1,25,3,2.000894,0.272598
8190.501265,8205.421165,14.9199,1,1,22,2,1.53675,0.079977
8208.510423,8221.396177,12.885754,1,3,21,1,1.264893,0.224106
8224.518382,8240.862551,16.344169,1,3,25,0,1.2655,0.223518
8244.543585,8261.464542,16.920957,1,3,27,2,1.280128,0.207753
8262.553208,8271.437775,8.884567,1,1,13,1,1.040724,0.27259
8274.55867,8295.513398,20.954728,1,3,33,0,1.264699,0.223646
8298.586015,8337.59802,39.012005,1,3,59,0,1.313344,0.22369
8340.623339,8367.612321,26.988982,1,3,41,2,1.312714,0.22402
8370.638599,8389.526567,18.887968,1,3,30,2,1.312287,0.223659
8390.663945,8413.602625,22.93868,1,1,34,1,1.08915,0.31996
8416.676503,8421.574643,4.89814,1,3,9,1,1.264291,0.03262
8424.680174,8447.61987,22.939696,1,3,35,4,1.503963,0.239988
8450.70887,8565.78941,115.08054,1,3,172,5,1.825185,0.191743
8566.797293,8568.622938,1.825645,1,1,2,1,1.040948,1.040948
8568.799333,8579.76398,10.964647,1,1,17,2,1.233098,0.319354
8582.805797,8585.687672,2.881875,1,3,6,7,1.505203,0.032252
8588.808738,8590.633644,1.824906,1,3,4,6,0.960455,0.079956
8592.810916,8605.74494,12.934024,1,3,21,1,1.217053,0.271599
8608.834034,8610.643197,1.809163,1,3,3,5,0.960726,0.07973
8612.836361,8615.686256,2.849895,1,3,6,6,1.488142,0.063882
8618.839571,8621.689217,2.849646,1,3,6,5,1.473017,0.064175
8624.842283,8625.626825,0.784542,1,3,2,2,0.464635,0.464635
8628.844475,8631.629856,2.785381,1,3,6,4,1.489016,0.048289
8634.84703,8637.712667,2.865637,1,3,6,8,1.441437,0.08003
8640.849648,8643.971614,3.121966,1,3,7,6,1.552809,0.064265
8646.852522,8649.734552,2.88203,1,3,6,6,1.489226,0.04792
8652.872002,8655.977498,3.105496,1,3,7,6,1.471782,0.063616
8658.87464,8660.683859,1.809219,1,3,3,3,0.960664,0.080372
8660.875941,8679.860845,18.984904,1,1,30,1,1.329409,0.095648
8684.888008,8688.01007,3.122062,1,3,7,6,1.504682,0.031908
8690.890474,8693.675612,2.785138,1,3,6,4,1.473057,0.06333
8696.893338,8700.831538,3.9382,1,3,9,6,1.216988,0.04827
8700.89511,8727.884147,26.989037,1,1,39,3,2.001285,0.223691
8730.926086,8733.871352,2.945266,1,3,6,4,1.039862,0.063729
8736.928324,8738.7539,1.825576,1,3,4,4,0.960942,0.079713
8740.930945,8744.756101,3.825156,1,3,7,8,1.488782,0.048456
8746.934012,8748.758474,1.824462,1,3,4,4,0.976617,0.064325
8750.935524,8753.785347,2.849823,1,3,6,8,1.505013,0.031714
8756.954041,8760.092026,3.137985,1,3,7,6,1.473434,0.063531
8762.957201,8764.78217,1.824969,1,3,3,3,0.976278,0.079887
8766.958926,8777.876082,10.917156,1,3,18,1,1.312935,0.223754
8780.966298,8827.981061,47.014763,1,3,70,3,1.66454,0.25625
8831.006663,8868.016313,37.00965,1,3,58,5,1.231853,0.064037
8871.041343,8873.827039,2.785696,1,3,5,4,1.45626,0.080464
8875.042551,8879.957598,4.915047,1,1,8,1,1.280171,0.27171
8881.046089,8882.871371,1.825282,1,1,2,1,1.040212,1.040212
8883.047583,8913.798,30.750417,1,1,48,1,1.232867,0.079943
8917.079786,8919.896955,2.817169,1,3,6,5,1.456289,0.04775
8923.082604,8924.907823,1.825219,1,3,2,3,1.056134,1.056134
8927.0851,8928.909241,1.824141,1,3,3,2,0.975968,0.079648
8931.086032,8933.90414,2.818108,1,3,6,7,1.47213,0.031935
8937.08955,8939.954568,2.865018,1,3,6,7,1.456781,0.079575
8941.091442,8947.927082,6.83564,1,1,11,3,1.056484,0.191889
8951.096496,8953.961409,2.864913,1,3,6,8,1.472916,0.064285
8957.099141,8959.965059,2.865918,1,3,6,8,1.473491,0.064216
8963.101627,8964.927159,1.825532,1,3,4,6,0.976311,0.064689
8965.119031,9038.001407,72.882376,1,1,107,6,1.985662,0.079188
9041.172068,9044.021371,2.849303,1,3,6,6,1.488869,0.047771
9047.174418,9050.312532,3.138114,1,3,7,6,1.456526,0.063735
9053.177478,9056.027369,2.849891,1,3,6,6,1.440346,0.064679
9059.180995,9062.02967,2.848675,1,3,6,5,1.441413,0.063925
9065.199667,9080.903538,15.703871,1,3,26,8,1.21623,0.032212
9083.208262,9086.089429,2.881167,1,3,6,5,1.457115,0.063868
9089.211685,9091.035985,1.8243,1,3,3,5,0.976811,0.079924
9091.212386,9093.084707,1.872321,1,1,4,4,0.991882,0.064645
9093.213407,9116.200538,22.987131,1,1,35,1,1.280504,0.272576
9119.241674,9121.050228,1.808554,1,3,4,4,0.943913,0.096607
9123.243824,9126.077307,2.833483,1,3,6,6,1.457225,0.064399
9129.24697,9132.096106,2.849136,1,3,6,6,1.473631,0.063851
9135.24957,9137.074712,1.825142,1,3,4,3,0.736071,0.06358
9137.25055,9158.07646,20.82591,1,1,34,3,1.152813,0.080204
9161.262136,9163.087255,1.825119,1,3,3,2,0.976996,0.063741
9165.263733,9166.048626,0.784893,1,3,1,3,0.0,0.0
9167.264241,9169.137337,1.873096,1,1,4,4,0.96021,0.080018
9171.267072,9172.051177,0.784105,1,3,2,3,0.463774,0.463774
9175.285102,9178.133456,2.848354,1,3,6,6,1.457116,0.079855
9181.288273,9184.153646,2.865373,1,3,6,6,1.473077,0.063961
9187.290294,9188.13939,0.849096,1,3,3,2,0.511683,0.032591
9191.293103,9200.160879,8.867776,1,3,14,3,1.281055,0.22377
9201.29746,9203.122253,1.824793,1,1,2,1,1.040566,1.040566
9205.299631,9207.124311,1.82468,1,3,2,0,1.040285,1.040285
9209.30174,9211.126479,1.824739,1,3,3,3,0.992529,0.04859
9213.303767,9216.424945,3.121178,1,3,7,8,1.456631,0.047773
9219.306707,9221.131069,1.824362,1,3,4,6,0.960643,0.079839
9223.30812,9225.133642,1.825522,1,3,3,2,0.960926,0.080078
9225.325249,9226.141689,0.81644,1,1,2,2,0.512065,0.512065
9227.326352,9230.206946,2.880594,1,1,6,6,1.441073,0.04736
9233.329129,9237.250466,3.921337,1,3,7,6,1.45647,0.064463
9239.332276,9240.100045,0.767769,1,3,1,3,0.0,0.0
9241.332554,9243.190105,1.857551,1,2,4,4,0.960785,0.08036
9243.333846,9264.112375,20.778529,1,1,32,3,1.089226,0.064065
9267.345982,9269.170929,1.824947,1,3,4,4,0.976943,0.064225
9271.34783,9288.283445,16.935615,1,3,27,3,1.280772,0.079957
9291.373593,9300.241519,8.867926,1,3,15,1,1.280315,0.175725
9303.379504,9305.203587,1.824083,1,3,3,5,0.977063,0.062969
9307.380389,9318.298328,10.917939,1,3,19,3,1.232621,0.079798
9321.387945,9322.28412,0.896175,1,3,3,3,0.511929,0.064048
9325.405002,9328.286952,2.88195,1,3,4,3,1.536736,0.064538
9329.407275,9331.200013,1.792738,1,1,2,1,1.040245,1.040245
9331.408002,9332.224777,0.816775,1,1,2,2,0.512597,0.512597
9333.409747,9335.218034,1.808287,1,1,2,1,1.039912,1.039912
9337.41098,9339.220627,1.809647,1,3,4,6,0.992838,0.048057
9339.412116,9343.269826,3.85771,1,1,7,7,1.441284,0.06346
9345.414818,9348.312594,2.897776,1,3,6,3,1.184061,0.079977
9351.418584,9353.242899,1.824315,1,3,4,6,0.944922,0.09518
9355.41996,9358.269778,2.849818,1,3,6,8,1.487488,0.048122
9361.423001,9364.256316,2.833315,1,3,6,6,1.488333,0.048139
9367.425987,9369.250761,1.824774,1,3,5,4,0.704871,0.064045
9371.428026,9380.31212,8.884094,1,3,16,5,1.217989,0.047682
9383.449745,9418.170636,34.720891,1,3,54,6,1.264693,0.048706
9419.467141,9421.291905,1.824764,1,1,2,1,1.041075,1.041075
9425.470142,9432.305442,6.8353,1,3,11,4,1.216635,0.176817
9435.490486,9438.339619,2.849133,1,3,6,7,1.456437,0.079198
9441.493676,9443.3182,1.824524,1,3,3,5,0.991792,0.064541
9445.495836,9508.261294,62.765458,1,3,95,3,1.280911,0.04705
9511.542424,9514.424463,2.882039,1,3,6,7,1.408707,0.047895
9517.546446,9530.512259,12.965813,1,3,20,1,1.280746,0.224658
9533.569491,9539.42946,5.859969,1,1,10,8,1.489074,0.031638
9541.5734,9543.398236,1.824836,1,3,4,6,0.960221,0.095728
9543.574151,9558.49412,14.919969,1,1,25,3,1.233107,0.064671
9561.582861,9562.400203,0.817342,1,3,2,2,0.496756,0.496756
9565.584871,9569.411671,3.8268,1,3,8,8,1.457169,0.079755
9571.58831,9573.412283,1.823973,1,3,4,4,0.703629,0.064796
9575.590596,9576.486364,0.895768,1,3,3,1,0.496325,0.079412
9579.591243,9582.457786,2.866543,1,3,6,8,1.440212,0.080684
9585.5949,9610.551178,24.956278,1,3,40,2,1.21713,0.079609
9611.623658,9612.407871,0.784213,1,1,1,1,0.0,0.0
9613.624198,9615.48114,1.856942,1,1,4,4,0.960182,0.079763
9615.625363,9617.530546,1.905183,1,1,4,4,1.008533,0.079684
9617.626365,9620.491351,2.864986,1,1,6,6,1.424169,0.032116
9623.629022,9626.494984,2.865962,1,3,6,6,1.472618,0.064229
9629.632029,9632.770112,3.138083,1,3,7,6,1.456708,0.079443
9635.63446,9637.459984,1.825524,1,3,5,4,0.673117,0.079951
9639.636736,9641.461804,1.825068,1,3,3,5,0.960974,0.079738
9643.654799,9646.424574,2.769775,1,3,6,6,1.472682,0.064024
9647.656815,9648.424789,0.767974,1,1,1,1,0.0,0.0
9649.658037,9654.540356,4.882319,1,1,7,4,2.00079,0.063993
9657.661393,9664.561484,6.900091,1,3,13,5,1.264872,0.064081
9667.666215,9670.49988,2.833665,1,3,6,8,1.473071,0.047978
9673.669727,9674.56602,0.896293,1,3,3,3,0.49601,0.080668
9677.671683,9680.53634,2.864657,1,3,6,8,1.471817,0.064203
9683.674279,9710.454371,26.780092,1,3,43,7,1.232175,0.062921
9713.704991,9717.530544,3.825553,1,3,7,9,1.456786,0.064102
9719.707198,9722.540464,2.833266,1,3,6,6,1.456551,0.048255
9725.710867,9728.543917,2.83305,1,3,6,6,1.472718,0.04839
9731.71372,9733.538724,1.825004,1,3,3,5,0.977845,0.062764
9735.715675,9738.581142,2.865467,1,3,6,7,1.457254,0.079285
9741.718509,9745.544423,3.825914,1,3,7,6,1.456521,0.080444
9747.737442,9750.570194,2.832752,1,3,6,6,1.441197,0.063979
9753.74039,9756.605305,2.864915,1,3,6,7,1.553564,0.064022
9759.743273,9784.442308,24.699035,1,3,38,0,1.280613,0.032014
9787.756469,9790.669427,2.912958,1,3,6,8,1.408396,0.079549
9793.774718,9796.624773,2.850055,1,3,6,8,1.456751,0.080134
9799.777973,9802.915621,3.137648,1,3,7,8,1.456219,0.079642
9805.780784,9808.630346,2.849562,1,3,6,6,1.488723,0.048299
9811.783566,9818.923359,7.139793,1,4,11,3,1.296708,0.271786
9819.787362,9821.612487,1.825125,1,1,2,1,1.040627,1.040627
9823.78942,9825.614939,1.825519,1,3,3,5,0.976706,0.06436
9827.791195,9830.64072,2.849525,1,3,6,8,1.456366,0.064281
9833.794111,9846.744286,12.950175,1,3,22,4,1.264177,0.047628
9849.818521,9851.627457,1.808936,1,3,4,6,0.960955,0.079347
9853.820009,9856.653044,2.833035,1,3,6,8,1.488213,0.048138
9859.822782,9862.672647,2.849865,1,3,6,7,1.473284,0.064785
9863.824059,9880.568181,16.744122,1,1,26,3,1.041424,0.095919
9883.834582,9908.614643,24.780061,1,3,40,2,1.201025,0.063752
9911.863439,9912.744607,0.881168,1,3,3,1,0.512498,0.064676
9915.86556,9919.691464,3.825904,1,3,7,9,1.456854,0.048205
9921.868994,9922.717018,0.848024,1,3,3,1,0.495884,0.032027
9923.869478,9925.694293,1.824815,1,1,2,1,1.040075,1.040075
9927.871346,9928.767715,0.896369,1,3,3,0,0.496591,0.079546
9931.873898,9932.785465,0.911567,1,3,2,2,0.095356,0.095356
9933.874945,9935.69963,1.824685,1,1,2,1,1.040848,1.040848
9937.876555,9939.701662,1.825107,1,3,3,3,0.977585,0.063122
9941.877982,9943.703055,1.825073,1,3,3,3,0.976117,0.06392
9945.880402,9948.713499,2.833097,1,3,6,6,1.489451,0.047583
9951.899091,9952.811374,0.912283,1,3,4,3,0.464302,0.063884
9955.90129,9956.669712,0.768422,1,3,2,4,0.464641,0.464641
9957.902154,9958.670452,0.768298,1,1,1,1,0.0,0.0
9959.903261,9962.784466,2.881205,1,1,6,6,1.424409,0.063875
9965.90631,9967.730288,1.823978,1,3,3,4,0.991953,0.064007
9969.907849,9970.723909,0.81606,1,3,2,4,0.495862,0.495862
9973.90956,9975.734702,1.825142,1,3,4,5,0.976338,0.064645
9977.911821,9980.744984,2.833163,1,3,6,6,1.472648,0.047994
9983.915082,9984.795043,0.879961,1,3,3,3,0.495961,0.064054
9987.916902,9989.740951,1.824049,1,3,3,5,0.992021,0.047867
9989.917099,9990.861013,0.943914,1,1,3,1,0.54473,0.078955
9993.918912,9995.744187,1.825275,1,3,2,3,1.040733,1.040733
9997.921891,9999.79407,1.872179,1,3,3,4,1.040778,0.511372
10001.939002,10002.81916,0.880158,1,3,2,1,0.063191,0.063191
10005.941271,10006.933777,0.992506,1,3,4,4,0.512416,0.080343
10009.943324,10012.776002,2.832678,1,3,6,7,1.504809,0.047681
10015.94559,10016.890227,0.944637,1,3,4,5,0.46365,0.080448
10019.948152,10021.772551,1.824399,1,3,2,2,1.056156,1.056156
10023.950116,10026.814725,2.864609,1,3,6,6,1.488739,0.048584
10029.952127,10030.736595,0.784468,1,3,1,0,0.0,0.0
10031.953203,10032.785701,0.832498,1,1,2,2,0.511934,0.511934
10033.953958,10035.779623,1.825665,1,2,3,3,0.977836,0.06288
10037.956078,10040.86949,2.913412,1,3,4,3,1.552467,0.096097
10043.95957,10047.801391,3.841821,1,3,8,8,1.472499,0.063574
10049.962465,10051.786825,1.82436,1,3,3,2,0.992257,0.047553
10053.980349,10056.845001,2.864652,1,3,6,8,1.472126,0.064101
10059.982298,10061.792094,1.809796,1,3,2,0,1.041199,1.041199
10063.98488,10066.834352,2.849472,1,3,6,8,1.472459,0.064579
10069.987136,10070.884137,0.897001,1,3,2,3,0.080331,0.080331
10071.988047,10072.93289,0.944843,1,1,3,1,0.544152,0.079956
10075.990814,10078.840296,2.849482,1,3,6,8,1.47291,0.063878
10081.993193,10083.817798,1.824605,1,3,3,3,0.976376,0.0633
10085.995024,10088.844867,2.849843,1,3,6,6,1.473464,0.063532
10091.998155,10094.863068,2.864913,1,3,6,8,1.456592,0.079516
10098.001412,10098.977637,0.976225,1,3,4,4,0.495992,0.064829
10102.002655,10104.884345,2.88169,1,3,6,8,1.48901,0.048219
10108.021393,10110.919132,2.897739,1,3,7,8,1.456598,0.047847
10114.024241,10114.905483,0.881242,1,3,3,1,0.512616,0.064489
10118.026704,10120.876225,2.849521,1,3,6,5,1.488087,0.048406
10124.029724,10125.853895,1.824171,1,3,4,4,0.975744,0.06408
10128.03129,10130.896276,2.864986,1,3,6,6,1.488776,0.047358
10134.034187,10136.930984,2.896797,1,3,6,6,1.440994,0.063358
10140.037503,10140.933495,0.895992,1,3,2,2,0.079688,0.079688
10144.038852,10145.864071,1.825219,1,3,3,5,0.977064,0.063771
10148.040515,10149.865452,1.824937,1,3,4,4,0.896206,0.064398
10152.043045,10153.867572,1.824527,1,3,2,1,1.039929,1.039929
10154.05904,10157.917689,3.858649,1,1,7,7,1.537465,0.063858
10162.063451,10164.880841,2.81739,1,3,6,6,1.409034,0.079404
10168.066974,10168.994573,0.927599,1,3,4,5,0.448451,0.063712
10172.068307,10173.893606,1.825299,1,3,4,4,0.960746,0.080217
10176.070508,10177.89553,1.825022,1,3,2,2,1.040857,1.040857
10180.072225,10183.898246,3.826021,1,3,7,9,1.457016,0.047334
10186.074954,10189.901398,3.826444,1,3,7,7,1.456548,0.080313
10190.07757,10190.397387,0.319817,1,1,1,1,0.0,0.0
10194.079502,10196.960744,2.881242,1,3,6,6,1.488504,0.04843
10200.082024,10202.979227,2.897203,1,3,7,7,1.472518,0.048101
10206.100892,10208.918734,2.817842,1,3,6,6,1.473165,0.047923
10212.104269,10213.91296,1.808691,1,3,4,6,0.976844,0.063593
10216.105548,10218.971086,2.865538,1,3,6,6,1.472739,0.064055
10222.108634,10224.942389,2.833755,1,3,6,6,1.504843,0.048124
10228.111323,10229.935998,1.824675,1,3,2,1,1.056224,1.056224
10232.113817,10233.04151,0.927693,1,3,4,5,0.464448,0.06369
10236.115755,10237.940015,1.82426,1,3,4,4,1.008126,0.032153
10238.116377,10238.932685,0.816308,1,1,2,2,0.495857,0.495857
10240.117711,10241.014136,0.896425,1,1,2,1,0.080479,0.080479
10244.119032,10246.984696,2.865664,1,3,6,8,1.456625,0.080166
10250.121971,10253.947551,3.82558,1,3,7,7,1.440109,0.064234
10256.1249,10257.950112,1.825212,1,3,4,2,0.880568,0.079921
10260.143241,10262.912192,2.768951,1,3,6,4,1.473362,0.06345
10266.14547,10267.970683,1.825213,1,3,2,3,1.056406,1.056406
10270.148142,10272.997521,2.849379,1,3,6,6,1.472655,0.064629
10276.151034,10277.095289,0.944255,1,3,4,4,0.465367,0.048106
10280.152291,10281.977892,1.825601,1,3,4,3,0.912709,0.063193
10284.154491,10287.019629,2.865138,1,3,6,5,1.472265,0.064404
10290.157692,10291.085875,0.928183,1,3,4,5,0.46438,0.063658
10294.159135,10295.056114,0.896979,1,3,2,3,0.080513,0.080513
10298.160961,10299.057747,0.896786,1,3,3,2,0.496532,0.080042
10302.162974,10303.988564,1.82559,1,3,4,6,0.976481,0.064685
10306.165438,10309.030454,2.865016,1,3,6,6,1.488846,0.047772
10312.184408,10315.993899,3.809491,1,3,5,5,1.921245,0.079701
10318.186658,10321.131929,2.945271,1,3,7,6,1.456835,0.079281
10324.190065,10325.118689,0.928624,1,3,4,2,0.464149,0.079997
10328.192055,10331.040648,2.848593,1,3,6,8,1.50403,0.032272
10334.19412,10338.02091,3.82679,1,3,7,7,1.472756,0.063565
10340.19749,10341.093428,0.895938,1,3,2,0,0.079205,0.079205
10344.199204,10347.03265,2.833446,1,3,6,7,1.488979,0.047663
10350.202249,10351.130589,0.92834,1,3,4,4,0.464215,0.06426
10354.204258,10355.100901,0.896643,1,3,3,1,0.496345,0.080054
10356.205065,10357.101057,0.895992,1,1,2,1,0.079632,0.079632
10358.205777,10358.990025,0.784248,1,1,1,1,0.0,0.0
10360.207132,10362.079455,1.872323,1,1,3,2,1.039744,0.512581
10364.224489,10366.03416,1.809671,1,3,4,4,0.976958,0.063872
10368.227015,10370.051641,1.824626,1,3,4,4,0.992071,0.063969
10370.227923,10373.092663,2.86474,1,1,6,6,1.441365,0.047501
10376.230514,10377.143669,0.913155,1,3,4,3,0.496001,0.048128
10380.232118,10383.01769,2.785572,1,3,6,6,1.472871,0.047765
10386.235288,10387.163948,0.92866,1,3,3,1,0.080371,0.064062
10390.237406,10393.166992,2.929586,1,3,7,8,1.456427,0.063936
10396.240333,10398.065282,1.824949,1,3,3,5,0.976867,0.063829
10400.242446,10401.154355,0.911909,1,3,4,5,0.464258,0.06366
10404.24445,10405.108768,0.864318,1,3,3,2,0.497248,0.047729
10408.246048,10411.175317,2.929269,1,3,7,5,1.488377,0.048679
10412.248335,10414.073294,1.824959,1,1,2,1,1.041057,1.041057
10416.266152,10418.075096,1.808944,1,3,4,4,0.880539,0.080092
10420.267637,10423.181683,2.914046,1,3,6,6,1.536179,0.064868
10426.270812,10428.09604,1.825228,1,3,4,4,0.976692,0.079935
10430.273005,10434.098979,3.825974,1,3,7,6,1.455937,0.080042
10434.274156,10435.170972,0.896816,1,2,2,1,0.080256,0.080256
10436.275959,10438.100909,1.82495,1,1,2,1,1.041757,1.041757
10440.27747,10441.189492,0.912022,1,3,3,0,0.497058,0.095224
10444.279651,10447.176594,2.896943,1,3,6,6,1.408701,0.064327
10450.282684,10453.131759,2.849075,1,3,6,6,1.45699,0.06461
10456.284749,10459.134777,2.850028,1,3,6,6,1.472279,0.064193
10462.288392,10465.121581,2.833189,1,3,6,3,1.440213,0.048189
10468.306841,10469.074778,0.767937,1,3,2,4,0.46366,0.46366
10472.30837,10475.190092,2.881722,1,3,7,5,1.296474,0.048445
10478.311326,10480.136475,1.825149,1,3,3,3,0.992102,0.064473
10480.312816,10481.257104,0.944288,1,1,3,1,0.544643,0.080084
10484.314865,10487.147716,2.832851,1,3,6,6,1.440565,0.047672
10490.317494,10493.183189,2.865695,1,3,6,8,1.456713,0.079901
10496.320073,10498.145149,1.825076,1,3,3,5,0.960187,0.079864
10500.322682,10501.266461,0.943779,1,3,4,5,0.464075,0.079428
10504.324535,10507.189914,2.865379,1,3,6,6,1.488269,0.048698
10508.326623,10509.222901,0.896278,1,1,2,1,0.080732,0.080732
10512.328066,10515.177046,2.84898,1,3,6,8,1.472672,0.064051
10518.347483,10522.156694,3.809211,1,3,7,7,1.488677,0.048129
10522.348797,10526.207384,3.858587,1,1,7,7,1.424304,0.064556
10528.351905,10531.20147,2.849565,1,3,6,8,1.488556,0.048288
10534.355351,10538.180502,3.825151,1,3,7,8,1.504763,0.047737
10540.357413,10543.191085,2.833672,1,3,6,6,1.455841,0.047664
10546.360519,10549.35465,2.994131,1,3,7,6,1.424814,0.079906
10552.363203,10554.1881,1.824897,1,3,3,5,0.959727,0.080167
10556.365728,10557.294329,0.928601,1,3,4,5,0.463793,0.064589
10560.367157,10562.192214,1.825057,1,3,3,3,0.976213,0.0641
10564.369676,10567.266588,2.896912,1,3,7,5,1.472282,0.063907
10570.388449,10571.301374,0.912925,1,3,4,3,0.432306,0.063299
10574.390497,10576.19895,1.808453,1,3,3,5,0.991981,0.048155
10578.392472,10581.257883,2.865411,1,3,6,8,1.45659,0.080106
10584.39495,10585.243519,0.848569,1,3,3,2,0.511571,0.032205
10588.397093,10591.246972,2.849879,1,3,6,5,1.456458,0.064949
10594.399682,10598.226121,3.826439,1,3,7,7,1.489368,0.04775
10600.402512,10601.283847,0.881335,1,3,3,1,0.496651,0.064256
10604.405249,10607.18983,2.784581,1,3,6,6,1.472748,0.063381
10610.407564,10613.337258,2.929694,1,3,7,7,1.409134,0.064129
10614.409741,10616.234532,1.824791,1,1,2,1,1.040618,1.040618
10618.412048,10621.340815,2.928767,1,3,7,7,1.488719,0.048902
10624.430723,10625.199392,0.768669,1,3,1,1,0.0,0.0
10626.431571,10629.313193,2.881622,1,1,6,6,1.425242,0.063539
10632.433564,10635.363916,2.930352,1,3,7,6,1.456591,0.079667
10636.436334,10638.261511,1.825177,1,1,2,1,1.056632,1.056632
10640.438073,10641.302984,0.864911,1,3,3,1,0.495893,0.048735
10644.440246,10646.264938,1.824692,1,3,4,4,0.976316,0.064495
10648.4414,10651.387216,2.945816,1,3,7,8,1.488507,0.047363
10654.44493,10656.27009,1.82516,1,3,3,4,0.976646,0.064646
10656.445947,10661.344108,4.898161,1,1,6,5,2.000957,0.063722
10664.44966,10666.274962,1.825302,1,3,4,4,0.993084,0.047526
10670.452353,10673.301898,2.849545,1,3,6,7,1.488554,0.048535
10676.471499,10679.320806,2.849307,1,3,5,5,1.552424,0.06337
10682.473404,10685.307299,2.833895,1,3,6,8,1.488615,0.04762
10688.477544,10690.302416,1.824872,1,3,3,2,1.00962,0.047535
10692.478994,10693.375376,0.896382,1,3,3,3,0.496286,0.079531
10696.480911,10698.305544,1.824633,1,3,3,5,0.991975,0.048315
10702.483796,10704.308612,1.824816,1,3,3,5,0.992301,0.048023
10706.485977,10708.311044,1.825067,1,3,4,4,0.976934,0.06402
10708.486616,10711.384501,2.897885,1,1,6,6,1.553191,0.031514
10712.488805,10713.385082,0.896277,1,1,2,1,0.079544,0.079544
10714.489529,10716.314285,1.824756,1,1,2,1,1.040165,1.040165
10718.490933,10719.387997,0.897064,1,3,3,0,0.496827,0.079388
10722.493298,10725.342888,2.84959,1,3,6,8,1.456717,0.063586
10728.51228,10729.409255,0.896975,1,3,3,3,0.512101,0.080043
10732.514283,10733.410586,0.896303,1,3,4,5,0.464496,0.047528
10734.515851,10736.340852,1.825001,1,1,2,1,1.057017,1.057017
10738.517568,10741.382773,2.865205,1,3,6,6,1.456623,0.080566
10744.520731,10745.432396,0.911665,1,3,4,3,0.464556,0.064592
10748.52263,10749.419181,0.896551,1,3,3,3,0.496315,0.08007
10752.523818,10753.45332,0.929502,1,3,4,5,0.46418,0.064068
10756.526645,10759.359184,2.832539,1,3,5,6,1.552736,0.047516
10762.529549,10763.457464,0.927915,1,3,4,3,0.464807,0.064251
10766.531289,10767.4597,0.928411,1,3,4,2,0.464047,0.064061
10770.533667,10773.430022,2.896355,1,3,4,1,1.553257,0.06402
10776.53621,10778.361336,1.825126,1,3,4,6,0.960995,0.079574
10780.553964,10781.322017,0.768053,1,3,2,4,0.463344,0.463344
10784.555468,10787.388992,2.833524,1,3,6,7,1.473351,0.064043
10790.558517,10792.368383,1.809866,1,3,3,3,0.993044,0.048141
10794.560645,10795.473791,0.913146,1,3,4,3,0.447887,0.048528
10796.561656,10798.387148,1.825492,1,1,2,1,1.056397,1.056397
10800.595763,10803.429724,2.833961,1,3,6,8,1.456481,0.064735
10806.567034,10807.495719,0.928685,1,3,4,4,0.46358,0.064046
10810.568675,10811.513526,0.944851,1,3,4,2,0.496885,0.04804
10814.570393,10816.395985,1.825592,1,3,3,3,0.976507,0.064561
10818.572648,10821.517821,2.945173,1,3,5,4,1.455922,0.079635
10822.574935,10823.35954,0.784605,1,1,1,1,0.0,0.0
10824.575858,10825.519957,0.944099,1,2,3,2,0.543543,0.080038
10826.576433,10828.401426,1.824993,1,1,2,1,1.040221,1.040221
10830.579195,10833.364323,2.785128,1,3,6,6,1.457133,0.04802
10836.597808,10840.423513,3.825705,1,3,8,6,1.456417,0.079543
10842.600569,10844.425371,1.824802,1,3,3,4,0.993371,0.06273
10846.602983,10849.46777,2.864787,1,3,6,8,1.487991,0.064033
10850.604067,10851.500614,0.896547,1,1,2,1,0.080115,0.080115
10854.606501,10857.471625,2.865124,1,3,6,6,1.489226,0.047842
10860.609464,10863.474331,2.864867,1,3,6,8,1.456745,0.080075
10866.612428,10869.478111,2.865683,1,3,6,8,1.456892,0.080122
10872.614943,10873.527469,0.912526,1,3,4,3,0.464268,0.04802
10876.61705,10877.545456,0.928406,1,3,4,3,0.46364,0.064054
10878.618587,10879.403048,0.784461,1,1,1,1,0.0,0.0
10884.621049,10887.486746,2.865697,1,3,6,6,1.457388,0.079545
10888.639007,10889.407345,0.768338,1,1,1,1,0.0,0.0
10890.640319,10892.496591,1.856272,1,1,4,4,0.960204,0.08004
10894.642411,10897.475313,2.832902,1,3,6,6,1.456714,0.064034
10900.645212,10903.478584,2.833372,1,3,6,6,1.504159,0.048517
10904.646494,10907.528366,2.881872,1,1,6,6,1.440791,0.063541
10910.649915,10913.483217,2.833302,1,3,5,5,1.553353,0.048047
10916.652434,10917.549612,0.897178,1,3,2,2,0.080032,0.080032
10920.654657,10924.480779,3.826122,1,3,7,7,1.488495,0.048046
10926.657769,10928.482615,1.824846,1,3,3,4,0.976362,0.064532
10930.659659,10934.485802,3.826143,1,3,7,7,1.472473,0.065038
10936.663053,10937.559326,0.896273,1,3,3,1,0.512936,0.064038
10940.680372,10941.528635,0.848263,1,3,3,2,0.512267,0.031536
10944.682764,10947.547672,2.864908,1,3,6,8,1.440806,0.095548
10950.68547,10953.518869,2.833399,1,3,6,6,1.489468,0.048016
10956.688778,10959.61771,2.928932,1,3,7,5,1.472636,0.063826
10962.691688,10963.587483,0.895795,1,3,3,2,0.49675,0.079621
10966.693518,10968.518496,1.824978,1,3,3,5,0.992388,0.04804
