Rel Start (s),Rel End (s),Interval Duration,Syncs,Acks,Data Packets,Missing Slots,Max Data Gap,Min Data Gap
32.221854,32.542419,0.320565,1,3,1,3,0.0,0.0
36.239116,38.240727,2.001611,1,3,2,1,1.056418,1.056418
42.241826,45.235211,2.993385,1,3,5,4,1.488512,0.175678
46.24376,50.790031,4.546271,1,2,8,1,1.329027,0.128062
56.248716,57.065252,0.816536,1,3,1,1,0.0,0.0
62.251058,63.211887,0.960829,1,3,1,2,0.0,0.0
68.254204,82.052565,13.798361,1,3,21,3,1.088409,0.143931
86.2775,87.238042,0.960542,1,3,1,2,0.0,0.0
90.280215,91.271833,0.991618,1,3,3,3,0.544479,0.143604
94.28162,98.283465,4.001845,1,3,6,3,1.264563,0.143331
100.284634,109.104259,8.819625,1,3,11,7,1.776198,0.176187
114.290915,115.250683,0.959768,1,3,2,4,0.640401,0.640401
116.291317,117.252497,0.96118,1,2,2,2,0.144979,0.144979
118.29283,122.294362,4.001532,1,2,5,1,1.040843,0.448369
124.295282,125.255223,0.959941,1,3,2,3,0.143334,0.143334
126.296178,132.31463,6.018452,1,2,7,2,1.489387,0.17589
134.315353,138.621474,4.306121,1,3,3,2,2.016666,2.001285
142.3192,143.279986,0.960786,1,3,1,1,0.0,0.0
144.320116,153.732317,9.412201,1,3,11,4,2.000737,0.144997
156.32518,156.390141,0.064961,1,1,1,1,0.0,0.0
156.437202,157.333783,0.896581,1,1,2,1,0.688215,0.688215
158.326522,159.28715,0.960628,1,1,1,1,0.0,0.0
168.330587,169.195605,0.865018,1,3,2,1,0.544554,0.544554
172.332673,173.293674,0.961001,1,3,3,3,0.54409,0.097009
176.334535,183.394132,7.059597,1,2,9,4,1.552604,0.175491
186.355419,189.348616,2.993197,1,3,5,2,1.456877,0.128661
190.357171,191.317541,0.96037,1,2,2,1,0.143868,0.143868
192.357486,195.175043,2.817557,1,3,2,2,2.00094,2.00094
198.360179,199.320873,0.960694,1,3,3,0,0.495989,0.14407
202.36181,207.100332,4.738522,1,2,6,2,1.504336,0.191949
210.366149,214.36823,4.002081,1,3,5,3,1.040887,0.416562
218.369395,219.32962,0.960225,1,3,3,2,0.543506,0.096147
222.371809,223.33145,0.959641,1,3,3,2,0.496655,0.143263
226.373491,240.76378,14.390289,1,3,13,9,2.00086,0.191932
244.397621,252.753113,8.355492,1,3,11,2,1.553025,0.127514
256.402165,257.362938,0.960773,1,3,1,1,0.0,0.0
258.402896,262.453248,4.050352,1,3,5,4,1.312925,0.687687
266.407201,275.467089,9.059888,1,3,9,5,2.001405,0.192012
278.428398,279.244718,0.81632,1,3,1,3,0.0,0.0
284.430616,285.390924,0.960308,1,3,1,3,0.0,0.0
286.432219,289.393496,2.961277,1,3,4,2,1.040615,0.415943
290.434203,291.393992,0.959789,1,2,2,2,0.656243,0.656243
292.434705,293.394989,0.960284,1,3,1,3,0.0,0.0
294.435828,296.756136,2.320308,1,3,2,4,2.000234,2.000234
300.437935,303.127472,2.689537,1,3,4,3,1.039803,0.192202
304.440076,305.400124,0.960048,1,3,2,4,0.640447,0.640447
306.440941,307.401318,0.960377,1,1,1,1,0.0,0.0
308.442206,308.761876,0.31967,1,3,1,3,0.0,0.0
312.44298,312.76356,0.32058,1,3,1,3,0.0,0.0
318.446935,328.322983,9.876048,1,3,11,5,1.855529,0.14406
328.450522,331.188317,2.737795,1,2,4,2,1.05639,0.176779
332.468493,333.429438,0.960945,1,3,2,0,0.144895,0.144895
334.469425,335.429608,0.960183,1,3,2,2,0.656011,0.656011
336.47059,337.430489,0.959899,1,2,1,1,0.0,0.0
338.471343,339.463876,0.992533,1,2,3,2,0.511591,0.176407
342.473663,343.449397,0.975734,1,4,3,2,0.543235,0.080348
348.475943,349.436892,0.960949,1,3,3,1,0.496368,0.144341
352.47688,356.479893,4.003013,1,3,4,2,1.31275,0.688843
356.512061,357.47218,0.960119,1,2,3,1,0.544611,0.096362
360.48138,381.002486,20.521106,1,3,22,10,2.001443,0.095345
382.506734,387.229892,4.723158,1,3,7,4,1.056758,0.176952
388.509754,395.072432,6.562678,1,1,9,5,1.61697,0.240135
398.514495,400.514506,2.000011,1,3,3,1,1.03978,0.143938
400.563082,401.539798,0.976716,1,2,2,2,0.656081,0.656081
402.515974,403.476941,0.960967,1,2,1,1,0.0,0.0
404.516774,413.52947,9.012696,1,1,12,4,1.536459,0.448154
416.522638,417.531294,1.008656,1,3,3,1,0.49556,0.192875
418.523368,419.483322,0.959954,1,1,1,1,0.0,0.0
420.524327,421.48498,0.960653,1,3,2,1,0.640429,0.640429
422.524872,423.485682,0.96081,1,1,1,1,0.0,0.0
424.525796,424.846466,0.32067,1,1,1,1,0.0,0.0
432.545797,433.538318,0.992521,1,3,2,2,0.689024,0.689024
436.547545,437.508107,0.960562,1,3,2,3,0.144403,0.144403
442.549733,453.562914,11.013181,1,3,15,5,1.776534,0.176046
456.556875,461.342678,4.785803,1,3,7,4,2.000995,0.191935
466.560626,471.427273,4.866647,1,3,7,2,1.729202,0.192482
474.564759,480.31132,5.746561,1,3,5,5,2.000767,0.687995
480.583509,480.903766,0.320257,1,1,1,1,0.0,0.0
484.585475,490.940144,6.354669,1,3,9,3,1.360839,0.176099
494.589814,498.591811,4.001997,1,3,7,2,1.040969,0.144086
498.623338,502.401133,3.777795,1,1,7,4,1.039968,0.128118
510.596532,513.653979,3.057447,1,3,3,4,1.552342,0.688305
516.599478,523.611134,7.011656,1,4,9,6,2.000806,0.14459
524.603169,525.563087,0.959918,1,1,1,1,0.0,0.0
526.619761,529.469651,2.84989,1,2,3,2,2.001058,0.544551
534.623841,551.622879,16.999038,1,4,20,7,2.001072,0.143215
552.631828,553.640327,1.008499,1,1,2,1,0.191972,0.191972
554.632541,555.449264,0.816723,1,2,1,2,0.0,0.0
562.636782,565.181816,2.545034,1,3,3,2,1.536876,0.192569
568.638797,571.600863,2.962066,1,3,4,4,1.05582,0.144628
576.658088,583.55723,6.899142,1,3,11,1,1.361037,0.176235
586.662473,593.210398,6.547925,1,3,11,1,1.328606,0.191812
596.668013,597.628284,0.960271,1,3,2,3,0.144024,0.144024
604.671356,608.67306,4.001704,1,3,7,3,1.040512,0.095956
608.721276,613.411238,4.689962,1,3,5,1,2.001228,0.176388
616.6763,617.68505,1.00875,1,3,3,3,0.544525,0.143615
620.678916,621.686757,1.007841,1,3,3,3,0.496824,0.191393
622.678992,623.639643,0.960651,1,2,2,1,0.144071,0.144071
624.680479,633.436725,8.756246,1,2,13,2,1.536916,0.176023
640.703782,641.663876,0.960094,1,3,1,0,0.0,0.0
650.708301,651.667988,0.959687,1,3,1,1,0.0,0.0
652.709102,667.547346,14.838244,1,2,20,5,2.000525,0.191223
668.716566,669.676469,0.959903,1,3,2,2,0.640315,0.640315
670.716974,671.677157,0.960183,1,2,2,2,0.128305,0.128305
672.718139,673.038038,0.319899,1,1,1,1,0.0,0.0
676.73568,680.737175,4.001495,1,3,6,2,1.312153,0.128261
684.73882,687.460268,2.721448,1,3,5,3,1.041352,0.143344
688.741281,692.742681,4.0014,1,3,5,4,1.504744,0.144032
692.790936,693.750941,0.960005,1,1,1,1,0.0,0.0
696.745026,697.705321,0.960295,1,3,2,2,0.144621,0.144621
704.747719,707.565202,2.817483,1,3,2,4,2.000985,2.000985
710.749949,711.710805,0.960856,1,3,1,1,0.0,0.0
712.752,715.76089,3.00889,1,2,4,3,1.456664,0.544284
718.75472,727.910719,9.155999,1,3,13,1,1.408436,0.09604
730.775299,731.735644,0.960345,1,3,1,1,0.0,0.0
732.776672,739.692022,6.91535,1,3,9,2,1.536239,0.175006
742.780894,743.741861,0.960967,1,3,2,1,0.641212,0.641212
744.782086,745.598702,0.816616,1,2,1,1,0.0,0.0
748.783865,749.74432,0.960455,1,3,3,3,0.543983,0.096336
752.785601,753.745514,0.959913,1,3,2,1,0.143784,0.143784
754.786567,760.885262,6.098695,1,2,8,2,2.000895,0.191706
764.790804,765.750919,0.960115,1,3,2,0,0.143796,0.143796
766.792174,771.209381,4.417207,1,2,6,2,1.552605,0.192666
774.811755,775.627292,0.815537,1,3,1,2,0.0,0.0
778.813169,779.773549,0.96038,1,3,2,0,0.143999,0.143999
780.81401,781.774943,0.960933,1,2,1,1,0.0,0.0
786.816994,797.381694,10.5647,1,3,14,3,1.904727,0.096244
800.823148,815.709369,14.886221,1,3,14,9,2.001283,0.128153
822.848587,823.809742,0.961155,1,3,3,1,0.513119,0.144058
826.851014,841.977777,15.126763,1,3,20,5,2.000857,0.079858
842.858438,844.859256,2.000818,1,2,2,1,1.040766,1.040766
846.859699,847.819663,0.959964,1,3,1,1,0.0,0.0
852.862928,855.184078,2.32115,1,3,3,4,1.458032,0.543091
858.86579,859.873865,1.008075,1,3,3,3,0.496346,0.191799
860.866096,864.868309,4.002213,1,3,6,4,1.312482,0.17625
864.931841,865.764402,0.832561,1,1,1,1,0.0,0.0
868.885392,875.928244,7.042852,1,3,9,5,1.53684,0.223861
878.889765,879.194589,0.304824,1,3,1,1,0.0,0.0
882.891543,885.709623,2.81808,1,3,2,4,2.001754,2.001754
888.895118,892.896358,4.00124,1,3,4,4,1.041017,0.959617
892.960098,899.363075,6.402977,1,2,10,1,1.360961,0.191747
904.902029,913.001262,8.099233,1,3,7,7,2.000637,0.464166
916.922837,921.46946,4.546623,1,3,6,3,1.825019,0.174911
926.927302,927.888639,0.961337,1,3,1,2,0.0,0.0
928.92815,929.232532,0.304382,1,3,1,1,0.0,0.0
936.932377,937.924555,0.992178,1,3,3,3,0.496372,0.175981
938.932786,945.720625,6.787839,1,1,6,5,2.017019,0.671932
946.937039,949.754077,2.817038,1,1,2,2,2.000908,2.000908
954.940365,955.900587,0.960222,1,3,2,3,0.144064,0.144064
960.942942,967.954049,7.011107,1,3,12,3,1.312855,0.143658
968.962265,969.907666,0.945401,1,2,3,1,0.544521,0.096355
972.964568,987.754852,14.790284,1,3,17,6,2.001073,0.128226
988.971943,989.788395,0.816452,1,2,1,1,0.0,0.0
992.973395,995.983373,3.009978,1,3,3,3,2.000835,0.689011
996.975454,1000.977001,4.001547,1,1,5,1,1.040602,0.416337
1002.97848,1004.979589,2.001109,1,3,3,1,1.040647,0.640965
1006.979817,1007.939968,0.960151,1,3,2,1,0.143277,0.143277
1008.981248,1009.941327,0.960079,1,2,1,1,0.0,0.0
1019.00095,1019.945851,0.944901,1,3,1,3,0.0,0.0
1021.002507,1033.919469,12.916962,1,3,17,5,2.000958,0.063755
1037.009471,1039.970695,2.961224,1,3,6,1,1.040495,0.143481
1041.010959,1043.700908,2.689949,1,2,5,2,1.040502,0.191921
1045.01344,1045.973722,0.960282,1,2,3,3,0.543649,0.352383
1049.014644,1049.975102,0.960458,1,3,3,0,0.495972,0.143837
1051.015467,1055.017841,4.002374,1,1,5,1,1.040261,0.416313
1055.066125,1057.850724,2.784599,1,1,5,2,1.536365,0.192134
1059.019667,1061.980631,2.960964,1,1,4,1,1.040697,0.447537
1063.02169,1067.039196,4.017506,1,1,7,2,1.056752,0.335966
1071.041363,1081.909792,10.868429,1,3,12,6,2.016545,0.17602
1085.047238,1091.834639,6.787401,1,3,12,1,1.34464,0.191933
1093.050041,1093.867751,0.81771,1,3,1,3,0.0,0.0
1099.053522,1100.014482,0.96096,1,3,2,0,0.144152,0.144152
1101.054699,1111.844037,10.789338,1,1,12,4,2.016184,0.144818
1117.062284,1118.022792,0.960508,1,3,2,2,0.128354,0.128354
1119.078743,1123.944782,4.866039,1,2,7,2,1.872375,0.12812
1129.084075,1130.044267,0.960192,1,3,1,0,0.0,0.0
1131.08434,1131.388777,0.304437,1,2,1,2,0.0,0.0
1135.085876,1136.078873,0.992997,1,3,3,1,0.543453,0.14475
1139.088036,1148.339969,9.251933,1,4,12,5,1.536876,0.192924
1149.092856,1151.141134,2.048278,1,2,4,2,1.04027,0.143736
1155.095452,1166.108127,11.012675,1,3,16,4,2.00073,0.144306
1169.118081,1170.062365,0.944284,1,3,1,3,0.0,0.0
1171.118669,1172.07889,0.960221,1,2,2,2,0.656171,0.656171
1173.119174,1174.080313,0.961139,1,2,2,2,0.144424,0.144424
1177.121592,1178.081557,0.959965,1,3,3,2,0.511645,0.144032
1181.122923,1182.083591,0.960668,1,2,2,1,0.143916,0.143916
1183.12384,1185.861829,2.737989,1,1,5,2,1.056349,0.192534
1187.126244,1191.880074,4.75383,1,2,7,5,2.001776,0.191529
1193.128677,1206.013951,12.885274,1,3,15,6,2.000907,0.144059
1209.135982,1210.096358,0.960376,1,3,2,3,0.14354,0.14354
1211.137006,1213.457823,2.320817,1,2,3,2,1.45633,0.544312
1217.140268,1218.100237,0.959969,1,3,3,3,0.512423,0.128151
1221.15731,1227.752466,6.595156,1,3,9,1,2.001855,0.175886
1231.16235,1233.483384,2.321034,1,3,3,4,1.504468,0.497131
1237.165164,1238.125466,0.960302,1,3,3,0,0.496057,0.144345
1243.16786,1243.487135,0.319275,1,3,1,0,0.0,0.0
1247.169496,1254.004216,6.83472,1,3,10,1,1.808642,0.191907
1257.174015,1258.182366,1.008351,1,3,3,0,0.544479,0.143547
1265.176898,1269.19583,4.018932,1,3,4,2,1.05678,0.944752
1269.243162,1273.965238,4.722076,1,2,5,2,2.016516,0.175256
1275.197944,1278.159722,2.961778,1,1,3,2,1.039811,0.96104
1279.199711,1280.159958,0.960247,1,2,2,2,0.63993,0.63993
1285.202496,1286.163605,0.961109,1,3,3,3,0.543986,0.096241
1289.204812,1290.165026,0.960214,1,3,3,3,0.544275,0.096043
1295.207918,1298.21676,3.008842,1,3,3,4,2.000906,0.192115
1303.210647,1304.027264,0.816617,1,3,1,3,0.0,0.0
1307.212819,1315.9693,8.756481,1,3,12,3,1.777027,0.191834
1317.232948,1318.177794,0.944846,1,2,3,1,0.543787,0.096322
1319.234245,1323.139865,3.90562,1,1,5,1,1.057007,0.367594
1327.237696,1328.230247,0.992551,1,3,2,2,0.68823,0.68823
1331.240273,1332.200346,0.960073,1,3,3,1,0.51208,0.144307
1333.240936,1334.20096,0.960024,1,3,3,1,0.496215,0.14363
1337.242929,1344.061175,6.818246,1,3,8,5,1.536684,0.447756
1345.245937,1349.295579,4.049642,1,3,7,1,1.04108,0.143825
1355.251068,1356.211802,0.960734,1,3,3,1,0.544377,0.096691
1357.251332,1359.620996,2.369664,1,2,2,3,1.553262,1.553262
1365.254876,1369.272976,4.0181,1,3,6,1,1.056431,0.127989
1371.27389,1384.111809,12.837919,1,3,13,6,2.01654,0.17654
1387.280312,1388.097648,0.817336,1,3,1,2,0.0,0.0
1391.282853,1392.243767,0.960914,1,3,3,3,0.496907,0.143967
1393.283806,1398.294349,5.010543,1,2,4,4,2.001094,0.192256
1401.287207,1402.247528,0.960321,1,3,2,2,0.144464,0.144464
1403.287977,1406.249573,2.961596,1,2,5,1,1.040674,0.144187
1409.290668,1417.438378,8.14771,1,3,7,5,2.017262,0.176651
1425.314221,1428.131984,2.817763,1,3,4,2,1.536881,0.464417
1431.316917,1432.133159,0.816242,1,3,2,1,0.496476,0.496476
1435.319164,1438.328268,3.009104,1,3,3,3,2.000831,0.688284
1451.326598,1452.286626,0.960028,1,3,2,3,0.63989,0.63989
1455.328087,1458.336968,3.008881,1,3,4,2,1.456963,0.544057
1461.331021,1466.245246,4.914225,1,3,8,4,1.216697,0.080269
1467.348486,1472.215398,4.866912,1,2,7,4,1.536988,0.143718
1473.352007,1474.312082,0.960075,1,2,2,2,0.143857,0.143857
1475.353092,1486.269496,10.916404,1,1,15,3,2.001349,0.128661
1487.358286,1487.454617,0.096331,1,1,1,1,0.0,0.0
1489.359329,1502.196616,12.837287,1,3,15,4,2.000696,0.17616
1507.367362,1510.232673,2.865311,1,3,4,4,1.456725,0.543758
1517.388079,1530.225369,12.83729,1,3,16,6,2.000023,0.129283
1531.394232,1537.348881,5.954649,1,1,6,4,2.000967,0.368107
1537.396548,1537.716461,0.319913,1,1,1,1,0.0,0.0
1541.398531,1542.359344,0.960813,1,3,3,0,0.495622,0.144776
1545.4004,1556.333861,10.933461,1,3,15,4,1.23292,0.096297
1561.407331,1562.368143,0.960812,1,3,3,0,0.496845,0.144153
1563.424182,1572.388828,8.964646,1,1,8,6,2.000637,0.191664
1573.429476,1578.343222,4.913746,1,1,6,3,2.000786,0.144223
1579.43215,1580.408321,0.976171,1,1,2,1,0.864124,0.864124
1585.434914,1596.447581,11.012667,1,3,14,5,2.001162,0.144428
1599.440312,1600.448643,1.008331,1,3,2,4,0.687464,0.687464
1601.441477,1602.402358,0.960881,1,1,1,1,0.0,0.0
1603.442153,1606.451766,3.009613,1,1,4,3,1.313269,0.687739
1609.445198,1612.4544,3.009202,1,3,4,1,1.824633,0.176295
1615.463612,1616.408379,0.944767,1,3,1,0,0.0,0.0
1617.464819,1618.457681,0.992862,1,3,3,3,0.512234,0.176225
1621.466297,1629.566601,8.100304,1,3,8,4,2.016968,0.176286
1633.47157,1636.017394,2.545824,1,3,5,2,1.04064,0.143943
1639.475203,1639.794348,0.319145,1,3,1,3,0.0,0.0
1647.478423,1648.438805,0.960382,1,3,3,1,0.496196,0.144117
1651.480359,1652.440527,0.960168,1,3,2,3,0.640633,0.640633
1657.482835,1669.600386,12.117551,1,2,11,6,2.001106,0.144802
1673.506148,1676.419069,2.912921,1,3,6,2,1.313014,0.175648
1679.508941,1684.519245,5.010304,1,3,5,4,2.001683,0.687916
1687.512354,1688.472278,0.959924,1,3,1,0,0.0,0.0
1689.512725,1693.563095,4.05037,1,2,6,1,1.040946,0.191548
1697.517133,1698.380908,0.863775,1,3,2,0,0.544166,0.544166
1701.518195,1702.478569,0.960374,1,3,3,3,0.544585,0.095418
1705.519843,1706.529116,1.009273,1,3,3,1,0.495607,0.192479
1709.522139,1710.482424,0.960285,1,3,1,3,0.0,0.0
1715.541078,1728.603046,13.061968,1,3,18,3,1.536725,0.223511
1737.550274,1741.552639,4.002365,1,3,6,1,1.13705,0.14402
1741.584409,1742.592499,1.00809,1,1,2,2,0.687695,0.687695
1745.554088,1749.476247,3.922159,1,3,5,4,1.056893,0.144937
1749.555957,1756.119481,6.563524,1,2,6,4,2.001184,0.176598
1759.560067,1760.521423,0.961356,1,3,3,3,0.544169,0.09671
1773.582852,1774.543769,0.960917,1,3,3,1,0.495799,0.144573
1777.584846,1788.182047,10.597201,1,3,9,5,2.000961,0.239988
1791.591377,1791.911286,0.319909,1,3,1,3,0.0,0.0
1797.594185,1798.554425,0.96024,1,3,2,2,0.143844,0.143844
1801.595246,1801.916265,0.321019,1,3,1,3,0.0,0.0
1805.59747,1808.431088,2.833618,1,3,2,4,2.017512,2.017512
1811.615943,1812.752577,1.136634,1,3,2,3,0.320072,0.320072
1821.62093,1823.974189,2.353259,1,3,2,4,1.53713,1.53713
1827.623039,1834.53858,6.915541,1,3,8,5,2.00139,0.367972
1835.627252,1836.587745,0.960493,1,1,4,2,0.544807,0.079725
1837.628365,1837.948689,0.320324,1,2,1,1,0.0,0.0
1841.62904,1842.638335,1.009295,1,3,3,1,0.543846,0.144082
1845.632115,1845.952175,0.32006,1,3,1,0,0.0,0.0
1849.633134,1850.642424,1.00929,1,3,2,3,0.688997,0.688997
1857.637,1860.405918,2.768918,1,4,2,2,1.55304,1.55304
1861.65488,1866.104851,4.449971,1,3,6,2,1.536019,0.144513
1869.657657,1880.623876,10.966219,1,3,15,2,1.136809,0.368185
1885.666089,1902.649217,16.983128,1,3,23,4,1.681468,0.319636
1909.691592,1910.829017,1.137425,1,3,2,0,0.32055,0.32055
1913.694626,1914.734904,1.040278,1,3,2,0,0.704905,0.704905
1915.6946,1920.881648,5.187048,1,2,8,2,1.168604,0.368045
1923.698387,1924.51516,0.816773,1,3,1,0,0.0,0.0
1927.700448,1931.926609,4.226161,1,3,7,3,1.136369,0.367489
1935.703837,1940.441644,4.737807,1,3,4,2,2.016055,0.54468
1943.707852,1944.844215,1.136363,1,3,1,0,0.0,0.0
1947.709762,1965.828887,18.119125,1,3,21,7,1.600705,0.321003
1969.735019,1972.45649,2.721471,1,3,4,2,1.040627,0.320665
1975.738185,1976.057954,0.319769,1,3,1,1,0.0,0.0
1979.740151,1990.016769,10.276618,1,3,15,4,1.184217,0.319891
1993.746199,1994.0663,0.320101,1,3,1,1,0.0,0.0
1997.747057,2004.582983,6.835926,1,3,7,4,2.000983,0.368216
2007.768058,2008.569072,0.801014,1,3,1,1,0.0,0.0
2011.770336,2028.737719,16.967383,1,3,20,5,2.00019,0.288087
2029.7785,2037.958481,8.179981,1,1,13,1,1.328806,0.224043
2041.783681,2044.937536,3.153855,1,3,3,3,1.536751,0.480697
2047.786752,2062.801248,15.014496,1,3,21,5,2.00078,0.319491
2067.811464,2075.04744,7.235976,1,3,11,4,1.632268,0.320186
2077.816156,2091.102202,13.286046,1,3,16,5,2.000879,0.320128
2093.823256,2097.00907,3.185814,1,3,5,1,1.18523,0.352546
2099.826294,2101.010553,1.184259,1,3,2,3,0.367604,0.367604
2103.828365,2128.9433,25.114935,1,3,29,8,2.000619,0.304662
2131.857056,2132.177069,0.320013,1,3,1,1,0.0,0.0
2139.860703,2140.820901,0.960198,1,3,1,2,0.0,0.0
2141.860715,2166.736021,24.875306,1,1,31,7,2.016814,0.224431
2169.890018,2176.613321,6.723303,1,3,5,5,2.000944,0.880431
2179.894756,2184.216758,4.322002,1,3,3,3,2.001719,2.000112
2187.898048,2198.350527,10.452479,1,3,14,5,1.537279,0.320072
2201.904036,2202.865384,0.961348,1,3,1,3,0.0,0.0
2203.905741,2204.866184,0.960443,1,3,3,0,0.513035,0.128155
2205.905576,2206.738259,0.832683,1,2,1,2,0.0,0.0
2209.924084,2217.015461,7.091377,1,3,10,3,1.632839,0.352544
2219.928327,2230.349223,10.420896,1,3,13,4,1.68111,0.319663
2233.935389,2234.895731,0.960342,1,3,3,3,0.543942,0.096351
2235.935319,2236.89613,0.960811,1,1,1,1,0.0,0.0
2237.936366,2238.752897,0.816531,1,2,1,1,0.0,0.0
2241.938157,2255.144656,13.206499,1,3,19,5,1.553226,0.368028
2257.961398,2258.90633,0.944932,1,3,3,3,0.512106,0.128724
2261.962501,2262.923827,0.961326,1,3,3,1,0.544629,0.111899
2265.964963,2267.966324,2.001361,1,3,3,1,1.040478,0.656129
2269.96657,2278.243049,8.276479,1,3,13,1,1.13761,0.368696
2281.972091,2290.344474,8.372383,1,3,9,5,2.001212,0.368069
2293.977774,2294.938241,0.960467,1,3,2,1,0.640029,0.640029
2295.97866,2310.272703,14.294043,1,1,14,5,2.016899,0.367622
2314.002624,2360.039774,46.03715,1,3,57,10,2.00072,0.223825
2360.055796,2361.015776,0.95998,1,2,2,2,0.640076,0.640076
2362.040686,2362.840692,0.800006,1,1,3,0,0.543704,0.144352
2368.043273,2369.003868,0.960595,1,3,2,1,0.144786,0.144786
2372.044556,2375.293915,3.249359,1,3,6,0,1.184497,0.35219
2378.047936,2382.785883,4.737947,1,3,6,6,1.537162,0.511645
2384.050555,2384.370272,0.319717,1,2,1,1,0.0,0.0
2388.052027,2390.933238,2.881211,1,3,4,1,1.040775,0.368372
2392.053805,2393.862782,1.808977,1,3,5,4,1.040894,0.144047
2394.054728,2398.42508,4.370352,1,2,3,3,2.016888,1.537441
2402.05865,2402.153973,0.095323,1,1,1,1,0.0,0.0
2402.186146,2406.076392,3.890246,1,1,3,2,2.001098,1.056073
2406.123993,2420.86702,14.743027,1,3,15,7,2.017389,0.14371
2426.084972,2426.9012,0.816228,1,3,1,3,0.0,0.0
2430.086563,2431.047081,0.960518,1,3,1,3,0.0,0.0
2432.087725,2433.048145,0.96042,1,3,3,3,0.544009,0.095919
2436.08939,2436.905441,0.816051,1,3,1,1,0.0,0.0
2442.092131,2443.052207,0.960076,1,3,1,1,0.0,0.0
2444.09248,2449.327687,5.235207,1,2,5,3,2.001719,0.368131
2452.112549,2453.073653,0.961104,1,3,2,1,0.144095,0.144095
2454.113605,2462.46919,8.355585,1,2,11,2,1.536439,0.3681
2466.1191,2472.842386,6.723286,1,3,10,1,1.552127,0.320236
2476.123868,2479.085475,2.961607,1,3,3,4,1.040753,0.96088
2480.125309,2482.494161,2.368852,1,2,2,2,1.552025,1.552025
2488.129067,2489.089432,0.960365,1,3,2,1,0.143692,0.143692
2490.12969,2491.089946,0.960256,1,1,1,1,0.0,0.0
2492.131366,2494.819983,2.688617,1,2,4,1,1.040024,0.143828
2500.134132,2504.3766,4.242468,1,3,7,3,1.056627,0.319725
2508.154555,2508.970713,0.816158,1,3,1,1,0.0,0.0
2512.155941,2512.460419,0.304478,1,3,1,1,0.0,0.0
2518.158533,2519.118443,0.95991,1,3,3,1,0.543748,0.095796
2520.158651,2549.100909,28.942258,1,2,31,13,2.00112,0.320049
2550.173289,2551.005856,0.832567,1,2,1,1,0.0,0.0
2558.193086,2564.499954,6.306868,1,3,7,5,1.552151,0.367998
2568.197248,2570.42265,2.225402,1,1,5,0,1.040546,0.208619
2578.202379,2581.019624,2.817245,1,3,2,4,2.001785,2.001785
2584.204488,2585.164767,0.960279,1,3,3,1,0.496156,0.144012
2588.206154,2588.526013,0.319859,1,3,1,0,0.0,0.0
2598.226962,2609.511959,11.284997,1,3,8,7,2.016579,0.367688
2612.233016,2613.193974,0.960958,1,3,1,0,0.0,0.0
2614.233825,2619.420689,5.186864,1,1,7,3,1.136061,0.320095
2622.237461,2625.19938,2.961919,1,3,5,2,1.040739,0.144046
2626.239366,2630.241864,4.002498,1,2,5,1,1.313091,0.143705
2630.305352,2635.219062,4.91371,1,1,7,3,1.040562,0.415618
2638.244525,2650.618842,12.374317,1,3,14,5,1.585227,0.320211
2654.268427,2655.084523,0.816096,1,3,2,1,0.511703,0.511703
2658.270086,2659.086315,0.816229,1,3,1,0,0.0,0.0
2666.273821,2667.234121,0.9603,1,3,2,2,0.640604,0.640604
2670.275877,2672.596677,2.3208,1,3,3,3,1.312705,0.687934
2678.279468,2687.387148,9.10768,1,3,10,3,2.001348,0.368475
2690.284544,2699.07219,8.787646,1,3,9,4,2.000885,0.368251
2702.305978,2705.027199,2.721221,1,3,5,2,1.039348,0.144565
2708.308783,2712.310657,4.001874,1,2,4,3,1.041432,0.960862
2714.31159,2716.312254,2.000664,1,3,2,1,1.04015,1.04015
2718.31329,2725.180554,6.867264,1,3,9,3,1.600944,0.367777
2728.316897,2734.689115,6.372218,1,3,5,3,2.001078,0.688943
2738.322832,2741.331765,3.008933,1,3,4,1,2.00034,0.143662
2744.324807,2748.695325,4.370518,1,3,3,5,2.016231,1.537345
2752.344657,2761.580891,9.236234,1,3,11,3,2.001267,0.367615
2764.350584,2769.216492,4.865908,1,3,6,2,1.552967,0.368233
2770.353163,2775.267262,4.914099,1,2,6,2,1.729172,0.287805
2778.356693,2779.316656,0.959963,1,3,2,0,0.143625,0.143625
2782.358843,2786.360261,4.001418,1,3,3,2,2.00056,1.041094
2788.36112,2789.321429,0.960309,1,3,3,2,0.544086,0.095949
2792.363137,2793.323456,0.960319,1,3,1,1,0.0,0.0
2798.36557,2799.325816,0.960246,1,3,2,0,0.127995,0.127995
2804.384379,2805.344463,0.960084,1,3,2,2,0.143605,0.143605
2810.386755,2814.708615,4.32186,1,3,6,3,1.50455,0.176029
2818.390554,2835.854834,17.46428,1,3,18,5,2.001111,0.240735
2838.3996,2873.376052,34.976452,1,3,40,10,2.001653,0.223767
2876.433413,2877.393302,0.959889,1,3,3,0,0.49663,0.143655
2880.435192,2881.443816,1.008624,1,3,3,1,0.543381,0.145104
2888.438954,2889.398717,0.959763,1,3,1,0,0.0,0.0
2890.439792,2892.760787,2.320995,1,1,2,2,2.001087,2.001087
2900.460206,2901.420112,0.959906,1,3,1,3,0.0,0.0
2902.460561,2905.006035,2.545474,1,2,4,2,1.056074,0.544736
2906.462194,2907.455075,0.992881,1,3,3,1,0.511737,0.176492
2916.467049,2917.42815,0.961101,1,3,1,3,0.0,0.0
2918.468195,2922.197755,3.72956,1,2,5,2,1.041243,0.191304
2926.471613,2931.209697,4.738084,1,3,7,5,1.312825,0.191367
2932.474375,2933.434478,0.960103,1,1,1,1,0.0,0.0
2934.475315,2937.389154,2.913839,1,3,5,1,1.039575,0.143979
2938.477282,2942.702882,4.2256,1,2,4,2,2.001159,0.368514
2948.497376,2953.412359,4.914983,1,3,8,4,1.136889,0.352072
2954.50007,2955.317173,0.817103,1,1,2,1,0.752283,0.752283
2958.50214,2962.856895,4.354755,1,3,4,2,1.536508,0.687889
2970.50809,2971.51618,1.00809,1,3,3,2,0.496516,0.19204
2972.508947,3006.780357,34.27141,1,1,45,5,2.00115,0.22399
3010.542052,3011.503092,0.96104,1,3,1,1,0.0,0.0
3018.545735,3019.50675,0.961015,1,3,2,1,0.145361,0.145361
3026.549812,3029.559257,3.009445,1,3,6,1,1.312336,0.192071
3030.550887,3031.510756,0.959869,1,1,1,1,0.0,0.0
3038.554613,3042.55683,4.002217,1,3,5,2,1.040428,0.448984
3042.588934,3043.549421,0.960487,1,1,1,1,0.0,0.0
3048.575619,3049.391862,0.816243,1,3,1,0,0.0,0.0
3052.577523,3058.579565,6.002042,1,3,4,2,2.001351,1.055767
3060.581337,3061.541583,0.960246,1,3,1,3,0.0,0.0
3062.582085,3072.63402,10.051935,1,1,13,3,2.000558,0.127835
3076.588109,3082.959425,6.371316,1,3,7,5,2.001438,0.1918
3086.592281,3087.409161,0.81688,1,3,1,1,0.0,0.0
3096.597559,3097.556752,0.959193,1,3,2,0,0.14334,0.14334
3100.61494,3101.606523,0.991583,1,3,1,3,0.0,0.0
3102.616125,3107.338241,4.722116,1,3,8,4,1.488411,0.144702
3108.618895,3108.682642,0.063747,1,1,1,0,0.0,0.0
3112.620597,3113.580819,0.960222,1,3,3,3,0.496033,0.144206
3118.623542,3118.943508,0.319966,1,3,1,1,0.0,0.0
3122.625021,3126.626588,4.001567,1,3,7,6,1.184653,0.128058
3126.674706,3133.71833,7.043624,1,1,6,5,2.000918,0.44807
3136.631467,3137.592111,0.960644,1,3,1,3,0.0,0.0
3142.634409,3149.420619,6.78621,1,3,8,6,1.552867,0.191979
3154.655427,3158.433085,3.777658,1,3,6,2,1.056124,0.143353
3162.659127,3166.61334,3.954213,1,3,7,3,1.040855,0.09585
3166.661109,3174.616668,7.955559,1,2,10,3,2.000868,0.143567
3178.666053,3179.627276,0.961223,1,3,2,3,0.145348,0.145348
3182.667759,3183.628977,0.961218,1,3,2,1,0.14445,0.14445
3184.668814,3189.583241,4.914427,1,2,5,2,2.000777,0.367991
3192.673007,3193.488606,0.815599,1,3,2,1,0.496212,0.496212
3198.691117,3199.507652,0.816535,1,3,1,2,0.0,0.0
3202.693561,3205.510874,2.817313,1,2,4,2,1.184236,0.352411
3208.695844,3229.6661,20.970256,1,3,29,7,1.552872,0.128314
3230.705819,3231.66623,0.960411,1,2,1,1,0.0,0.0
3232.707412,3236.708565,4.001153,1,3,5,3,1.04108,0.640123
3236.725195,3243.383609,6.658414,1,2,8,3,1.552452,0.352274
3246.713768,3249.546453,2.832685,1,3,3,2,1.648614,0.352434
3252.731471,3256.686219,3.954748,1,3,5,2,1.040793,0.367921
3256.73288,3261.552135,4.819255,1,1,8,2,1.408956,0.143299
3262.736177,3267.090428,4.354251,1,3,3,3,2.000472,1.536864
3274.741689,3279.06429,4.322601,1,3,6,2,1.456975,0.143314
3282.745523,3283.065533,0.32001,1,3,1,2,0.0,0.0
3286.747132,3287.755832,1.0087,1,3,3,1,0.497462,0.191734
3288.748077,3292.74965,4.001573,1,2,4,2,1.040886,0.961014
3292.798047,3293.742184,0.944137,1,2,1,2,0.0,0.0
3302.770942,3305.12336,2.352418,1,3,2,1,1.536432,1.536432
3308.772943,3311.094523,2.32158,1,3,2,2,2.001561,2.001561
3318.777591,3322.779713,4.002122,1,3,6,4,1.040907,0.464065
3324.780843,3325.741235,0.960392,1,3,1,1,0.0,0.0
3334.785415,3341.716034,6.930619,1,3,9,2,2.017201,0.191859
3344.789104,3345.797991,1.008887,1,3,3,3,0.511934,0.176209
3348.807676,3349.62374,0.816064,1,3,1,1,0.0,0.0
3352.809311,3353.7695,0.960189,1,3,2,0,0.143681,0.143681
3358.81178,3384.00724,25.19546,1,3,32,8,2.00051,0.144492
3386.824595,3388.825571,2.000976,1,3,4,1,1.041124,0.143108
3390.826243,3392.010577,1.184334,1,3,2,2,0.368419,0.368419
3400.846662,3413.219565,12.372903,1,3,11,7,2.000361,0.367505
3416.853545,3419.542657,2.689112,1,3,5,1,1.041062,0.144063
3420.855908,3421.864112,1.008204,1,1,2,2,0.688541,0.688541
3422.856621,3425.914028,3.057407,1,2,3,3,1.552648,0.688361
3434.861939,3435.822357,0.960418,1,3,2,2,0.64041,0.64041
3436.862646,3440.864845,4.002199,1,1,5,1,1.312232,0.176434
3440.92801,3444.930703,4.002693,1,1,4,2,1.53621,0.464188
3448.884325,3449.845086,0.960761,1,3,2,4,0.656055,0.656055
3450.885659,3451.845958,0.960299,1,2,1,1,0.0,0.0
3456.887486,3460.889475,4.001989,1,3,5,2,1.040753,0.144871
3460.922224,3461.242473,0.320249,1,2,1,1,0.0,0.0
3464.891923,3465.852336,0.960413,1,3,3,0,0.496813,0.14406
3468.89321,3469.901664,1.008454,1,3,2,2,0.688042,0.688042
3470.89452,3481.267546,10.373026,1,2,14,4,1.776811,0.223508
3484.901326,3493.689185,8.787859,1,3,15,1,1.361294,0.096369
3494.921223,3496.922453,2.00123,1,1,2,1,1.040525,1.040525
3500.924135,3501.88425,0.960115,1,3,1,1,0.0,0.0
3502.925189,3505.790646,2.865457,1,1,3,2,2.000854,0.560672
3508.927286,3511.920928,2.993642,1,3,4,5,1.328631,0.671872
3512.929932,3513.74564,0.815708,1,1,1,1,0.0,0.0
3516.931722,3517.891289,0.959567,1,3,2,0,0.143091,0.143091
3520.932761,3524.93516,4.002399,1,3,5,3,1.040993,0.448214
3524.967251,3533.531284,8.564033,1,1,13,2,1.456776,0.129155
3536.94063,3539.261425,2.320795,1,3,3,2,1.504718,0.495901
3542.958812,3548.961917,6.003105,1,3,5,3,2.000565,0.688047
3549.025715,3559.798385,10.77267,1,2,15,3,2.001536,0.175422
3560.966956,3563.320945,2.353989,1,1,2,2,1.537699,1.537699
3566.970024,3575.757607,8.787583,1,3,12,4,1.088583,0.23941
3578.975623,3579.935895,0.960272,1,3,1,1,0.0,0.0
3580.975832,3581.937049,0.961217,1,3,2,1,0.143939,0.143939
3582.977285,3583.937316,0.960031,1,2,2,2,0.639511,0.639511
3586.978946,3587.939451,0.960505,1,3,2,2,0.143895,0.143895
3590.980589,3591.941655,0.961066,1,3,1,3,0.0,0.0
3592.997892,3593.94274,0.944848,1,3,1,1,0.0,0.0
3598.999493,3599.960846,0.961353,1,3,2,1,0.143771,0.143771
3605.002932,3611.742307,6.739375,1,3,11,2,1.824565,0.175991
3613.006436,3618.113037,5.106601,1,2,10,2,1.40883,0.127667
3621.010368,3621.330708,0.32034,1,3,1,3,0.0,0.0
3625.012587,3631.799691,6.787104,1,3,11,4,1.360144,0.176197
3633.01619,3637.018068,4.001878,1,2,5,1,1.313186,0.175953
3641.01998,3641.339634,0.319654,1,3,1,1,0.0,0.0
3645.037071,3645.853638,0.816567,1,3,1,3,0.0,0.0
3649.038453,3651.392471,2.354018,1,1,3,2,1.537025,0.75226
3655.042086,3657.362879,2.320793,1,3,3,4,1.504772,0.512199
3661.04486,3669.415477,8.370617,1,3,5,7,2.001365,1.551704
3673.050228,3675.562861,2.512633,1,3,3,1,1.039989,0.512285
3681.053503,3684.062669,3.009166,1,3,4,4,2.000235,0.144204
3689.057149,3694.067966,5.010817,1,3,8,2,1.408219,0.143908
3697.076413,3698.02184,0.945427,1,3,1,3,0.0,0.0
3699.078,3700.070438,0.992438,1,2,2,2,0.688714,0.688714
3701.078712,3707.897826,6.819114,1,2,8,5,2.001159,0.176343
3713.08408,3719.45543,6.37135,1,3,7,3,2.001076,0.19242
3727.090221,3739.143287,12.053066,1,3,14,7,2.000577,0.14399
3743.113003,3744.05759,0.944587,1,3,1,1,0.0,0.0
3745.114114,3746.059269,0.945155,1,3,1,1,0.0,0.0
3747.115274,3751.117494,4.00222,1,3,5,2,1.056,0.640714
3753.117723,3754.077909,0.960186,1,3,3,3,0.544114,0.111436
3755.11947,3756.079219,0.959749,1,1,1,1,0.0,0.0
3761.121356,3780.2341,19.112744,1,3,25,5,2.000046,0.095641
3781.130899,3782.090964,0.960065,1,1,1,1,0.0,0.0
3783.131773,3789.678367,6.546594,1,2,9,3,1.551908,0.0965
3797.154228,3801.700043,4.545815,1,3,6,2,1.537074,0.176427
3807.158723,3812.20125,5.042527,1,3,6,2,2.001215,0.192352
3815.162087,3816.12252,0.960433,1,3,1,1,0.0,0.0
3817.163166,3818.123368,0.960202,1,2,1,1,0.0,0.0
3819.163778,3823.902015,4.738237,1,2,9,2,1.312936,0.143924
3829.168243,3830.12857,0.960327,1,3,2,3,0.143722,0.143722
3833.170277,3834.130981,0.960704,1,3,2,2,0.14497,0.14497
3837.172,3838.180206,1.008206,1,3,2,4,0.688111,0.688111
3839.173284,3840.036906,0.863622,1,3,2,1,0.543954,0.543954
3843.190694,3844.135498,0.944804,1,3,2,4,0.640497,0.640497
3851.194428,3851.498155,0.303727,1,3,1,3,0.0,0.0
3855.195991,3856.156843,0.960852,1,3,2,2,0.64094,0.64094
3859.197723,3863.19968,4.001957,1,3,6,3,1.312925,0.143789
3871.202884,3875.205077,4.002193,1,3,4,2,1.040305,0.960701
3875.253037,3882.04013,6.787093,1,1,11,1,1.360414,0.191606
3883.208586,3884.169097,0.960511,1,2,2,1,0.143652,0.143652
3889.227069,3889.531087,0.304018,1,3,1,1,0.0,0.0
3893.229379,3894.189948,0.960569,1,3,2,0,0.144706,0.144706
3897.230672,3899.231874,2.001202,1,3,2,1,1.040482,1.040482
3903.233331,3904.19441,0.961079,1,3,2,2,0.144053,0.144053
3905.234187,3909.828126,4.593939,1,2,7,2,1.536273,0.176849
3913.238155,3919.336464,6.098309,1,3,6,3,2.000005,0.224343
3923.241725,3924.251254,1.009529,1,3,3,3,0.496683,0.191735
3927.244957,3931.294094,4.049137,1,3,4,1,2.001028,0.192508
3935.247837,3938.11377,2.865933,1,3,6,3,1.040307,0.128125
3943.268227,3947.26938,4.001153,1,3,4,4,1.504507,0.496303
3949.270096,3950.230167,0.960071,1,3,3,3,0.560306,0.095541
3951.271673,3964.18961,12.917937,1,3,15,8,2.001196,0.080798
3967.278118,3968.239204,0.961086,1,3,3,3,0.496371,0.144145
3971.280703,3972.097207,0.816504,1,3,2,1,0.496353,0.496353
3975.281721,3979.284133,4.002412,1,3,6,3,1.040561,0.143648
3983.285478,3984.245828,0.96035,1,3,3,0,0.512004,0.127535
3985.286752,3986.247025,0.960273,1,3,2,1,0.143582,0.143582
3989.304547,3990.249449,0.944902,1,3,2,2,0.12884,0.12884
3993.305788,4004.09545,10.789662,1,3,17,4,1.809256,0.175975
4005.31128,4006.2719,0.96062,1,2,1,1,0.0,0.0
4009.313936,4010.273549,0.959613,1,3,3,3,0.543239,0.096403
4011.314801,4012.131064,0.816263,1,1,1,1,0.0,0.0
4019.317874,4020.278006,0.960132,1,3,2,2,0.143109,0.143109
4023.319628,4024.280795,0.961167,1,3,2,4,0.640428,0.640428
4027.32147,4027.641461,0.319991,1,3,1,3,0.0,0.0
4033.324367,4033.644825,0.320458,1,3,1,3,0.0,0.0
4037.342189,4038.302168,0.959979,1,3,2,4,0.655971,0.655971
4039.342755,4040.288001,0.945246,1,3,2,2,0.128722,0.128722
4041.343415,4044.065624,2.722209,1,2,4,3,1.552623,0.176968
4045.345608,4049.347151,4.001543,1,2,5,1,1.312386,0.143434
4049.379218,4050.33958,0.960362,1,3,3,0,0.496113,0.14333
4051.348631,4051.428834,0.080203,1,1,1,0,0.0,0.0
4055.3504,4056.310884,0.960484,1,3,1,3,0.0,0.0
4057.351804,4058.311442,0.959638,1,2,1,2,0.0,0.0
4063.354181,4064.31452,0.960339,1,3,3,0,0.496169,0.144678
4065.354073,4066.31559,0.961517,1,2,2,2,0.641067,0.641067
4069.356418,4074.190579,4.834161,1,3,9,2,1.40818,0.127834
4083.362921,4084.323204,0.960283,1,3,2,1,0.127737,0.127737
4087.380245,4092.151272,4.771027,1,3,7,2,1.088619,0.44866
4095.383967,4097.385768,2.001801,1,2,4,1,1.040681,0.144048
4099.386453,4100.378958,0.992505,1,3,2,1,0.176363,0.176363
4101.386676,4107.437842,6.051166,1,1,6,3,2.000691,0.192159
4117.39425,4119.394866,2.000616,1,3,2,1,1.040217,1.040217
4125.397826,4126.358852,0.961026,1,3,1,3,0.0,0.0
4127.398968,4128.359602,0.960634,1,2,2,2,0.640735,0.640735
4129.399329,4130.359711,0.960382,1,2,2,1,0.143765,0.143765
4131.400855,4136.13869,4.737835,1,2,6,3,2.001172,0.176577
4139.420226,4140.413034,0.992808,1,3,2,2,0.176285,0.176285
4143.421499,4146.415319,2.99382,1,3,4,4,1.440955,0.560787
4151.425878,4154.290994,2.865116,1,3,5,1,1.312107,0.192196
4157.428138,4159.429038,2.0009,1,3,2,3,1.040069,1.040069
4161.430274,4162.390178,0.959904,1,3,2,1,0.143619,0.143619
4163.431315,4163.750975,0.31966,1,2,1,2,0.0,0.0
4167.432644,4171.434565,4.001921,1,3,5,3,1.040641,0.448022
4173.436032,4189.330604,15.894572,1,3,19,7,1.984785,0.143731
4189.45898,4196.18219,6.72321,1,2,6,4,2.000498,0.496751
4197.462171,4198.215007,0.752836,1,2,3,2,0.544822,0.128229
4203.465607,4208.523718,5.058111,1,3,6,2,2.000826,0.19198
4211.468405,4214.478218,3.009813,1,3,5,2,1.504382,0.143709
4217.471366,4218.431906,0.96054,1,3,2,3,0.143754,0.143754
4219.472071,4233.366253,13.894182,1,3,18,4,1.552773,0.14387
4239.497102,4240.458149,0.961047,1,3,2,3,0.144846,0.144846
4241.49865,4242.458214,0.959564,1,2,2,2,0.655292,0.655292
4243.499231,4244.459845,0.960614,1,3,3,1,0.51254,0.144039
4253.503855,4254.464425,0.96057,1,3,3,3,0.544447,0.096624
4255.50385,4257.505265,2.001415,1,1,2,1,1.039826,1.039826
4259.506388,4260.466631,0.960243,1,3,2,1,0.14345,0.14345
4263.507858,4267.509661,4.001803,1,3,6,2,1.136379,0.095589
4269.510926,4270.487769,0.976843,1,3,3,3,0.543931,0.112273
4273.513089,4294.577906,21.064817,1,3,27,6,2.000477,0.143431
4295.538118,4300.30866,4.770542,1,3,6,3,1.537297,0.176065
4303.542566,4304.550607,1.008041,1,3,2,3,0.192143,0.192143
4305.575449,4306.536126,0.960677,1,1,2,2,0.688575,0.688575
4307.544373,4308.552433,1.00806,1,1,2,2,0.688315,0.688315
4311.546069,4316.284329,4.73826,1,3,5,4,2.001727,0.687721
4317.549027,4318.156818,0.607791,1,2,2,2,0.543888,0.543888
4325.552402,4332.194757,6.642355,1,3,7,5,1.552894,0.191949
4335.572344,4338.117705,2.545361,1,3,3,5,1.552671,0.688329
4341.575291,4346.345379,4.770088,1,3,7,4,1.537316,0.175854
4347.577618,4348.537947,0.960329,1,2,1,1,0.0,0.0
4357.582404,4358.543454,0.96105,1,3,1,3,0.0,0.0
4361.584345,4363.953082,2.368737,1,3,3,3,1.360756,0.191097
4367.587267,4368.547372,0.960105,1,3,2,2,0.144082,0.144082
4369.587495,4370.54877,0.961275,1,2,2,2,0.641399,0.641399
4371.589171,4372.548935,0.959764,1,1,1,1,0.0,0.0
4373.589819,4374.549883,0.960064,1,3,3,1,0.496461,0.14327
4379.592196,4382.569252,2.977056,1,3,4,0,1.057036,0.463394
4389.612977,4390.573071,0.960094,1,3,2,3,0.143472,0.143472
4393.6147,4396.608414,2.993714,1,3,3,3,2.016795,0.673022
4397.61645,4404.40364,6.78719,1,1,9,3,1.809002,0.191448
4405.619784,4409.621725,4.001941,1,3,5,3,1.040914,0.417125
4411.622842,4412.583786,0.960944,1,3,3,2,0.496652,0.144358
4413.623416,4424.316856,10.69344,1,1,11,5,2.000927,0.192199
4427.630284,4432.416442,4.786158,1,3,8,2,1.312552,0.143889
4435.649319,4438.610999,2.96168,1,3,6,1,1.056269,0.095708
4443.65287,4458.491999,14.839129,1,3,19,5,2.00112,0.143591
4463.662566,4464.622338,0.959772,1,3,2,2,0.639785,0.639785
4465.663455,4468.624577,2.961122,1,2,4,1,1.040906,0.416032
4471.66543,4481.766122,10.100692,1,3,12,4,2.001035,0.176618
4487.688554,4489.994563,2.306009,1,3,2,3,2.001035,2.001035
4493.6922,4494.684224,0.992024,1,3,2,1,0.671963,0.671963
4501.695744,4504.513231,2.817487,1,3,2,2,2.001571,2.001571
4507.698251,4510.659082,2.960831,1,3,5,1,1.040725,0.144008
4511.700009,4514.069253,2.369244,1,2,2,3,1.553119,1.553119
4517.703205,4520.712482,3.009277,1,3,4,3,1.313053,0.687958
4521.704202,4525.70692,4.002718,1,1,5,1,1.041249,0.417612
4529.708071,4534.541615,4.833544,1,3,8,3,1.360107,0.175987
4537.727577,4541.745467,4.01789,1,3,7,0,1.055996,0.111245
4545.731347,4554.743821,9.012474,1,3,11,4,2.000925,0.191405
4559.73747,4560.698398,0.960928,1,3,2,1,0.640047,0.640047
4561.739212,4564.284078,2.544866,1,3,3,2,1.537,0.191494
4567.741585,4582.532569,14.790984,1,3,18,6,2.000938,0.192032
4585.765346,4586.070034,0.304688,1,3,1,0,0.0,0.0
4589.766707,4590.759891,0.993184,1,3,3,3,0.496061,0.175943
4593.768818,4602.509126,8.740308,1,3,14,4,1.456552,0.128767
4603.77404,4604.734351,0.960311,1,2,2,2,0.640645,0.640645
4605.774239,4614.562513,8.788274,1,2,11,4,1.55297,0.224143
4619.78142,4620.741073,0.959653,1,3,2,1,0.143585,0.143585
4621.782334,4634.572075,12.789741,1,2,18,3,2.000778,0.143466
4637.805019,4641.806714,4.001695,1,3,5,0,1.312652,0.191711
4645.808555,4646.801726,0.993171,1,3,2,1,0.17626,0.17626
4649.810278,4654.933126,5.122848,1,4,9,3,1.392709,0.143728
4657.814293,4658.774618,0.960325,1,3,1,0,0.0,0.0
4659.815196,4660.77571,0.960514,1,2,2,2,0.640388,0.640388
4663.817441,4667.818521,4.00108,1,3,5,5,1.311829,0.640245
4669.819602,4670.780215,0.960613,1,3,2,2,0.143807,0.143807
4671.820483,4672.780787,0.960304,1,1,1,1,0.0,0.0
4679.839856,4683.617962,3.778106,1,3,6,4,1.056067,0.176185
4685.843225,4689.8927,4.049475,1,3,5,3,1.056645,0.688516
4693.846499,4694.806831,0.960332,1,3,2,2,0.143729,0.143729
4695.847355,4696.664141,0.816786,1,2,1,2,0.0,0.0
4703.850697,4704.811632,0.960935,1,3,3,0,0.545152,0.095667
4709.854263,4729.702653,19.84839,1,3,26,4,2.000373,0.191861
4729.879246,4733.640835,3.761589,1,1,6,2,1.312639,0.1758
4733.880549,4736.841742,2.961193,1,2,4,2,1.056353,0.41574
4737.882598,4740.844152,2.961554,1,1,4,1,1.040682,0.464566
4741.884816,4742.845183,0.960367,1,3,2,2,0.640909,0.640909
4743.88508,4744.845342,0.960262,1,3,1,1,0.0,0.0
4749.88804,4750.848319,0.960279,1,3,2,3,0.1436,0.1436
4751.888974,4752.897023,1.008049,1,2,3,2,0.543764,0.144132
4753.890022,4754.849695,0.959673,1,2,1,1,0.0,0.0
4759.892756,4762.901826,3.00907,1,3,5,4,1.361139,0.192046
4773.89874,4774.85977,0.96103,1,3,3,1,0.496847,0.14402
4775.899845,4778.732736,2.832891,1,2,2,2,1.98485,1.98485
4781.918262,4788.609362,6.6911,1,3,7,4,2.000762,0.128426
4789.921999,4794.852495,4.930496,1,1,6,4,1.55214,0.544703
4797.92575,4802.93615,5.0104,1,3,7,2,1.280342,0.176004
4803.928436,4804.040565,0.112129,1,3,1,3,0.0,0.0
4807.930538,4808.890358,0.95982,1,3,1,1,0.0,0.0
4809.931663,4810.891825,0.960162,1,2,1,1,0.0,0.0
4815.934426,4818.447485,2.513059,1,2,3,1,1.040596,0.512251
4819.936152,4820.896659,0.960507,1,1,3,2,0.560357,0.336738
4829.955913,4834.549904,4.593991,1,3,4,6,1.552054,0.688628
4837.960216,4846.747828,8.787612,1,3,13,2,1.776876,0.127804
4847.963962,4848.956884,0.992922,1,2,2,2,0.175895,0.175895
4849.964797,4852.334577,2.36978,1,2,2,2,1.552676,1.552676
4855.968415,4856.928374,0.959959,1,3,3,1,0.544332,0.096258
4859.970416,4860.930346,0.95993,1,3,1,2,0.0,0.0
4863.971973,4864.78859,0.816617,1,3,1,2,0.0,0.0
4867.973176,4868.933722,0.960546,1,3,1,0,0.0,0.0
4869.974918,4870.983093,1.008175,1,2,2,1,0.192541,0.192541
4873.976379,4874.937199,0.96082,1,3,1,2,0.0,0.0
4875.977157,4878.29854,2.321383,1,3,2,1,2.001035,2.001035
4885.998062,4886.301951,0.303889,1,3,1,3,0.0,0.0
4896.00206,4896.322334,0.320274,1,3,1,1,0.0,0.0
4900.004345,4900.820705,0.81636,1,3,2,1,0.496729,0.496729
4904.006004,4904.966584,0.96058,1,3,1,0,0.0,0.0
4908.007746,4908.328253,0.320507,1,3,1,0,0.0,0.0
4912.009774,4912.970245,0.960471,1,3,1,0,0.0,0.0
4914.01006,4914.971134,0.961074,1,3,1,0,0.0,0.0
4916.011138,4921.069757,5.058619,1,2,7,2,1.360099,0.176446
4924.014427,4924.974751,0.960324,1,3,3,1,0.512566,0.127512
4928.016663,4930.033883,2.01722,1,3,3,2,1.056767,0.640714
4932.034301,4933.041495,1.007194,1,3,2,2,0.703253,0.703253
4940.037738,4941.030714,0.992976,1,3,3,1,0.512105,0.176904
4946.040451,4947.032866,0.992415,1,3,3,3,0.496047,0.175633
4952.043147,4953.003348,0.960201,1,3,2,2,0.63969,0.63969
4960.046856,4961.006827,0.959971,1,3,1,1,0.0,0.0
4966.049252,4967.00972,0.960468,1,3,1,2,0.0,0.0
4968.050358,4972.612085,4.561727,1,2,5,3,1.552184,0.192201
4976.069624,4977.062853,0.993229,1,3,3,0,0.512639,0.176298
4980.071862,4981.01652,0.944658,1,3,2,2,0.640725,0.640725
4982.072865,4982.888625,0.81576,1,2,1,1,0.0,0.0
4986.073751,4987.035157,0.961406,1,3,3,1,0.512774,0.143974
4990.076158,4994.894733,4.818575,1,3,6,2,1.809641,0.191845
4998.07942,4998.896393,0.816973,1,3,1,2,0.0,0.0
5002.081185,5012.646036,10.564851,1,3,13,4,2.001604,0.096279
5016.087903,5017.048364,0.960461,1,3,3,1,0.496028,0.143869
5020.089446,5021.098542,1.009096,1,3,3,2,0.496257,0.191862
5024.091924,5028.92552,4.833596,1,3,6,2,1.536601,0.127286
5032.111242,5035.072465,2.961223,1,3,4,3,1.041413,0.463663
5036.113397,5044.98097,8.867573,1,1,11,5,1.824824,0.143974
5048.118315,5049.078387,0.960072,1,3,1,2,0.0,0.0
5050.118934,5065.053573,14.934639,1,2,15,7,2.00115,0.191328
5066.12608,5070.7208,4.59472,1,1,6,2,1.584866,0.192032
5074.130318,5075.090935,0.960617,1,3,1,2,0.0,0.0
5080.148837,5081.109057,0.96022,1,3,2,1,0.144375,0.144375
5086.151541,5096.156106,10.004565,1,3,15,3,1.553334,0.175664
5100.158046,5101.165839,1.007793,1,3,3,1,0.496545,0.191394
5102.159063,5102.478972,0.319909,1,1,1,1,0.0,0.0
5106.16094,5108.530077,2.369137,1,3,3,1,1.552814,0.49637
5112.16379,5114.98083,2.81704,1,3,2,4,2.000573,2.000573
5128.185992,5135.10205,6.916058,1,3,9,5,1.553091,0.176476
5146.194808,5147.15551,0.960702,1,3,2,4,0.640568,0.640568
5148.1955,5149.15611,0.96061,1,1,1,1,0.0,0.0
5150.196435,5151.173549,0.977114,1,3,2,1,0.160461,0.160461
5154.19812,5155.206968,1.008848,1,3,2,3,0.688091,0.688091
5156.198912,5175.136196,18.937284,1,1,27,4,1.872913,0.096227
5176.223636,5177.040868,0.817232,1,2,2,2,0.752766,0.752766
5180.225888,5181.170803,0.944915,1,3,3,2,0.543889,0.096109
5182.22747,5183.187251,0.959781,1,1,1,1,0.0,0.0
5184.22828,5189.09392,4.86564,1,1,4,3,2.016561,0.544721
5192.23216,5196.233809,4.001649,1,3,6,3,1.041193,0.143845
5198.234685,5199.194581,0.959896,1,3,3,1,0.543559,0.096242
5204.236397,5205.197538,0.961141,1,3,2,1,0.144297,0.144297
5210.239548,5214.20929,3.969742,1,3,6,3,1.312612,0.22456
5218.243497,5221.205178,2.961681,1,3,6,1,1.041234,0.09593
5222.26123,5224.262128,2.000898,1,2,3,2,1.056586,0.639893
5226.263367,5227.207479,0.944112,1,3,3,3,0.512957,0.127612
5232.266053,5236.811718,4.545665,1,3,5,4,2.000844,0.191632
5242.270356,5243.23098,0.960624,1,3,1,1,0.0,0.0
5246.27176,5247.233087,0.961327,1,3,3,2,0.544319,0.096424
5250.273942,5251.234855,0.960913,1,3,1,0,0.0,0.0
5252.275073,5253.235528,0.960455,1,2,3,1,0.544454,0.095808
5254.27635,5255.236188,0.959838,1,1,1,1,0.0,0.0
5260.278468,5264.200068,3.9216,1,3,5,3,1.056128,0.351787
5266.281028,5267.241814,0.960786,1,3,3,3,0.496823,0.14365
5278.30253,5279.26335,0.96082,1,3,2,3,0.144161,0.144161
5280.303813,5281.119345,0.815532,1,1,1,1,0.0,0.0
5284.305668,5287.170938,2.86527,1,3,4,1,1.041499,0.368187
5294.310379,5303.226091,8.915712,1,3,14,3,1.312256,0.224835
5304.314229,5305.274927,0.960698,1,2,2,3,0.864621,0.864621
5306.315329,5308.908545,2.593216,1,2,4,2,1.536785,0.191769
5312.318451,5315.279322,2.960871,1,3,4,3,1.040862,0.142142
5316.320244,5345.309038,28.988794,1,3,40,6,1.648799,0.143869
5346.350007,5347.309785,0.959778,1,1,1,1,0.0,0.0
5352.352297,5353.312343,0.960046,1,3,1,1,0.0,0.0
5354.352873,5355.313378,0.960505,1,2,1,1,0.0,0.0
5356.353837,5358.723236,2.369399,1,3,2,1,1.55216,1.55216
5362.356774,5363.493643,1.136869,1,3,1,2,0.0,0.0
5368.359385,5369.367751,1.008366,1,3,3,3,0.49588,0.191666
5370.360393,5371.513334,1.152941,1,2,1,1,0.0,0.0
5374.378429,5375.514741,1.136312,1,3,1,0,0.0,0.0
5378.380703,5381.293771,2.913068,1,3,5,4,1.040813,0.368091
5382.381753,5397.333068,14.951315,1,2,21,3,2.000774,0.336348
5404.392313,5419.502231,15.109918,1,3,20,3,2.000257,0.144159
5422.415662,5451.48491,29.069248,1,3,38,7,2.001243,0.288005
5454.430339,5473.463624,19.033285,1,3,26,2,2.00078,0.224843
5476.456417,5491.375419,14.919002,1,3,19,8,1.537073,0.320076
5492.463752,5493.28025,0.816498,1,2,1,2,0.0,0.0
5496.465218,5497.281562,0.816344,1,3,1,3,0.0,0.0
5500.467434,5500.787996,0.320562,1,3,1,1,0.0,0.0
5504.469131,5509.335465,4.866334,1,3,7,4,1.4569,0.271865
5516.475182,5517.290704,0.815522,1,3,1,2,0.0,0.0
5520.476907,5529.18389,8.706983,1,3,11,4,1.648135,0.367418
5532.498177,5544.518879,12.020702,1,3,14,6,2.001254,0.367927
5546.503868,5549.641608,3.13774,1,3,4,3,1.216424,0.320521
5552.507266,5554.828314,2.321048,1,3,3,3,1.185008,0.816143
5560.510024,5567.489933,6.979909,1,3,7,3,2.000684,0.367984
5568.51445,5583.256836,14.742386,1,2,14,7,2.016767,0.367729
5586.538744,5591.132422,4.593678,1,3,5,4,1.553159,0.367739
5596.542488,5624.763641,28.221153,1,3,30,9,2.001563,0.319616
5628.573775,5631.711029,3.137254,1,3,5,3,1.729119,0.272022
5634.575651,5637.249691,2.67404,1,3,2,4,1.537121,1.537121
5640.578645,5643.716695,3.13805,1,3,2,4,2.001241,2.001241
5646.581153,5655.273637,8.692484,1,3,9,7,2.000635,0.369001
5658.587253,5681.334131,22.746878,1,3,21,10,2.001893,0.336083
5684.615463,5685.575563,0.9601,1,3,2,1,0.144587,0.144587
5686.616432,5687.575408,0.958976,1,1,1,1,0.0,0.0
5698.621488,5711.618958,12.99747,1,3,18,6,1.552785,0.256983
5712.62777,5713.588556,0.960786,1,2,2,2,0.640889,0.640889
5716.629374,5717.445473,0.816099,1,3,1,3,0.0,0.0
5720.647277,5721.591472,0.944195,1,3,3,1,0.543964,0.09569
5722.647851,5724.872952,2.225101,1,2,4,1,1.055961,0.31969
5728.651495,5749.476444,20.824949,1,2,28,5,1.680165,0.319767
5752.661809,5759.03307,6.371261,1,3,6,6,2.016452,0.449162
5766.668443,5767.628369,0.959926,1,3,3,3,0.543858,0.096012
5768.668998,5779.777844,11.108846,1,1,14,5,1.552746,0.319845
5782.691755,5783.651649,0.959894,1,3,3,1,0.560228,0.096348
5784.692668,5787.557967,2.865299,1,2,5,1,1.103347,0.35236
5790.695386,5803.709218,13.013832,1,3,14,6,2.032729,0.368535
5804.70164,5805.453971,0.752331,1,1,3,3,0.416394,0.256101
5808.703313,5811.88829,3.184977,1,3,3,3,2.000502,0.864068
5814.706192,5817.938986,3.232794,1,3,6,1,1.184322,0.368155
5820.70795,5827.031606,6.323656,1,3,7,2,2.001945,0.335905
5830.729389,5831.689267,0.959878,1,3,1,1,0.0,0.0
5834.730775,5838.733044,4.002269,1,3,4,4,1.04114,0.960023
5840.733492,5844.735893,4.002401,1,3,4,2,1.041383,0.959967
5844.783357,5845.632338,0.848981,1,1,2,1,0.544871,0.544871
5848.737117,5849.553962,0.816845,1,3,1,1,0.0,0.0
5852.73877,5853.699431,0.960661,1,3,1,0,0.0,0.0
5854.739796,5855.060659,0.320863,1,2,1,1,0.0,0.0
5858.74146,5862.743957,4.002497,1,3,4,3,1.312698,0.68885
5864.745017,5865.704894,0.959877,1,3,1,0,0.0,0.0
5866.745917,5867.706029,0.960112,1,2,2,2,0.639869,0.639869
5868.746171,5869.563063,0.816892,1,2,2,2,0.497301,0.497301
5872.74867,5875.117525,2.368855,1,3,3,2,1.536795,0.512135
5878.767252,5879.583534,0.816282,1,3,2,3,0.512103,0.512103
5882.76833,5913.902357,31.134027,1,3,32,14,2.016902,0.304056
5916.784268,5919.024936,2.240668,1,3,4,3,1.056439,0.32022
5926.804807,5937.674143,10.869336,1,3,15,4,2.002036,0.351413
5940.811209,5944.812815,4.001606,1,3,5,1,1.040246,0.416964
5948.815145,5952.816565,4.00142,1,3,6,2,1.040923,0.144014
5954.81759,5955.778409,0.960819,1,3,2,3,0.144265,0.144265
5958.81907,5963.653642,4.834572,1,3,5,3,1.632637,0.368188
5966.822458,5967.783715,0.961257,1,3,3,3,0.49668,0.14422
5970.824872,5971.641388,0.816516,1,3,2,2,0.496945,0.496945
5974.842042,5975.818794,0.976752,1,3,2,2,0.672634,0.672634
5980.844846,5981.805843,0.960997,1,3,2,4,0.65687,0.65687
5986.847775,5987.807904,0.960129,1,3,1,3,0.0,0.0
5988.848729,5989.80929,0.960561,1,3,3,2,0.497277,0.143879
5994.851442,5998.852749,4.001307,1,3,3,4,2.000862,1.039871
5998.885262,6011.723357,12.838095,1,3,13,7,2.017469,0.36832
6014.860885,6016.044929,1.184044,1,3,2,2,0.368419,0.368419
6024.881077,6025.841536,0.960459,1,3,3,0,0.543663,0.112485
6026.881544,6034.885328,8.003784,1,2,9,3,1.456876,0.367492
6034.91794,6035.877684,0.959744,1,2,1,1,0.0,0.0
6036.886616,6037.846526,0.95991,1,3,3,0,0.495969,0.143842
6040.888541,6048.843518,7.954977,1,3,12,2,1.136675,0.32005
6052.893813,6080.057699,27.163886,1,3,32,12,2.001562,0.319454
6082.92323,6095.296523,12.373293,1,3,16,6,1.440721,0.320067
6098.930743,6111.223904,12.293161,1,3,19,1,1.184222,0.352089
6114.937523,6116.938477,2.000954,1,3,3,2,1.040605,0.14409
6118.939544,6119.9003,0.960756,1,3,2,2,0.128159,0.128159
6120.956382,6121.901235,0.944853,1,2,2,2,0.640615,0.640615
6122.957216,6126.959045,4.001829,1,1,5,1,1.312527,0.191934
6128.960339,6132.913478,3.953139,1,3,5,3,1.040974,0.367618
6134.962675,6135.779056,0.816381,1,3,1,1,0.0,0.0
6138.964833,6139.781037,0.816204,1,3,2,1,0.496844,0.496844
6142.966803,6146.968652,4.001849,1,3,4,2,1.31321,0.688286
6156.972204,6157.933209,0.961005,1,3,2,2,0.640891,0.640891
6158.973295,6167.265329,8.292034,1,2,12,2,1.552696,0.318728
6174.996221,6175.941312,0.945091,1,3,3,3,0.544275,0.096055
6178.99825,6185.913886,6.915636,1,3,10,2,1.408661,0.352254
6189.003444,6211.893455,22.890011,1,3,25,11,2.001027,0.35195
6215.015027,6219.944469,4.929442,1,3,8,2,1.312675,0.176407
6221.033143,6221.993686,0.960543,1,2,3,1,0.544788,0.111371
6223.034617,6225.707431,2.672814,1,3,4,0,1.056909,0.176025
6227.036415,6229.90149,2.865075,1,2,5,1,1.056982,0.368039
6235.03976,6241.266807,6.227047,1,3,8,1,1.040836,0.367848
6245.044494,6246.00523,0.960736,1,3,2,0,0.144675,0.144675
6251.047029,6253.736952,2.689923,1,3,4,1,1.039182,0.176977
6255.048587,6255.161143,0.112556,1,2,1,0,0.0,0.0
6263.052985,6267.982593,4.929608,1,3,7,3,1.552094,0.240683
6271.072161,6272.017169,0.945008,1,3,2,4,0.625033,0.625033
6273.073201,6283.990442,10.917241,1,1,13,4,1.600181,0.351992
6291.0813,6299.068965,7.987665,1,3,13,2,1.392605,0.14435
6299.132651,6301.438314,2.305663,1,2,2,2,2.000881,2.000881
6305.08723,6310.050156,4.962926,1,3,9,3,1.040869,0.175949
6313.091601,6314.051217,0.959616,1,3,3,3,0.496509,0.143526
6317.093647,6318.053787,0.96014,1,3,1,2,0.0,0.0
6319.093697,6320.054427,0.96073,1,3,1,0,0.0,0.0
6321.110419,6322.055137,0.944718,1,3,3,0,0.543657,0.096115
6325.112276,6342.080249,16.967973,1,3,16,10,2.017048,0.143389
6353.125765,6354.085768,0.960003,1,3,2,2,0.640094,0.640094
6359.12835,6360.088892,0.960542,1,3,3,2,0.496474,0.143848
6367.131691,6373.647216,6.515525,1,3,7,2,1.536718,0.464022
6377.1527,6381.154203,4.001503,1,3,7,5,1.040872,0.127832
6387.156915,6387.476649,0.319734,1,3,1,3,0.0,0.0
6391.158491,6393.159867,2.001376,1,3,3,1,1.040427,0.143894
6395.161037,6396.120807,0.95977,1,3,2,0,0.143693,0.143693
6397.161267,6397.481691,0.320424,1,2,1,1,0.0,0.0
6407.165673,6410.07939,2.913717,1,3,3,1,1.552283,0.544337
6413.16925,6414.129676,0.960426,1,3,3,3,0.496599,0.144022
6419.18774,6420.131959,0.944219,1,3,3,1,0.512129,0.096116
6429.191112,6433.881986,4.690874,1,3,6,2,1.455812,0.143836
6435.194667,6440.012992,4.818325,1,3,3,2,2.000914,2.000584
6443.198808,6450.065278,6.86647,1,3,7,3,2.001149,0.143913
6453.2028,6454.163445,0.960645,1,3,2,1,0.144212,0.144212
6459.205962,6460.165918,0.959956,1,3,3,0,0.496203,0.143547
6461.20596,6461.527135,0.321175,1,1,1,1,0.0,0.0
6465.208582,6465.528405,0.319823,1,3,1,3,0.0,0.0
6473.228379,6478.222415,4.994036,1,3,9,1,1.31287,0.143993
6479.230954,6480.191508,0.960554,1,2,2,1,0.143699,0.143699
6489.236078,6493.972969,4.736891,1,3,5,5,2.000876,0.368136
6497.239132,6509.068257,11.829125,1,3,14,6,2.000873,0.144199
6509.244824,6510.205642,0.960818,1,1,1,1,0.0,0.0
6515.247661,6516.208179,0.960518,1,3,1,0,0.0,0.0
6521.265908,6525.620928,4.35502,1,3,3,2,2.001342,1.537306
6529.269875,6530.230719,0.960844,1,3,2,4,0.656111,0.656111
6531.271435,6532.231721,0.960286,1,2,2,2,0.656535,0.656535
6535.272541,6541.22758,5.955039,1,3,7,3,1.536666,0.368325
6543.276608,6544.23713,0.960522,1,3,1,3,0.0,0.0
6545.276859,6550.28776,5.010901,1,2,9,1,1.313486,0.143086
6553.281392,6557.84285,4.561458,1,3,6,5,1.552144,0.464234
6561.284277,6566.02289,4.738613,1,3,9,1,1.040623,0.176419
6567.28689,6568.24723,0.96034,1,2,3,3,0.623412,0.223944
6573.30574,6574.25065,0.94491,1,3,2,2,0.63989,0.63989
6579.309055,6580.269349,0.960294,1,3,3,2,0.512604,0.143998
6581.309167,6582.270306,0.961139,1,2,3,1,0.543904,0.112353
6585.311535,6586.175481,0.863946,1,3,2,1,0.543533,0.543533
6589.31301,6590.306161,0.993151,1,3,3,1,0.544338,0.128249
6593.314878,6594.275512,0.960634,1,3,1,0,0.0,0.0
6601.318825,6603.639373,2.320548,1,3,2,4,2.00054,2.00054
6609.322596,6612.011816,2.68922,1,3,4,1,1.040668,0.143544
6613.324483,6614.284235,0.959752,1,2,1,2,0.0,0.0
6617.341895,6627.346301,10.004406,1,3,11,6,2.016863,0.351953
6631.34826,6632.308386,0.960126,1,3,1,1,0.0,0.0
6641.353045,6644.538387,3.185342,1,3,3,2,2.001722,0.367782
6647.355432,6650.044595,2.689163,1,3,4,1,1.039869,0.144822
6651.357416,6663.378442,12.021026,1,2,12,5,2.001453,0.368683
6667.365082,6670.566378,3.201296,1,3,6,0,1.136862,0.33614
6673.383856,6682.748147,9.364291,1,3,12,5,2.001439,0.272893
6693.392806,6705.413601,12.020795,1,3,13,5,2.000924,0.175884
6709.399945,6709.720167,0.320222,1,3,1,1,0.0,0.0
6713.401923,6720.140329,6.738406,1,3,10,3,1.552828,0.175674
6721.405661,6725.151068,3.745407,1,2,5,1,1.056586,0.191471
6729.425121,6730.38492,0.959799,1,3,2,1,0.143806,0.143806
6739.429856,6740.246337,0.816481,1,2,1,2,0.0,0.0
6743.431255,6753.932456,10.501201,1,3,13,6,1.536708,0.128752
6757.436793,6760.399255,2.962462,1,3,4,3,1.040971,0.640168
6761.439092,6767.218537,5.779445,1,1,6,4,2.000563,0.68875
6769.443046,6769.762905,0.319859,1,3,1,3,0.0,0.0
6775.461906,6776.278169,0.816263,1,3,1,1,0.0,0.0
6779.463205,6780.424586,0.961381,1,3,3,1,0.512169,0.144344
6783.465078,6784.474246,1.009168,1,3,2,1,0.688515,0.688515
6789.467796,6790.461015,0.993219,1,3,3,1,0.496424,0.176715
6795.470596,6800.20931,4.738714,1,3,8,1,1.311942,0.143534
6801.474055,6802.434724,0.960669,1,2,4,2,0.337017,0.255456
6805.475713,6810.38957,4.913857,1,3,7,1,1.184954,0.271724
6813.479344,6817.848756,4.369412,1,3,3,5,2.017533,1.536018
6823.499766,6824.46039,0.960624,1,3,3,3,0.512271,0.144467
6825.500512,6828.189367,2.688855,1,2,4,1,1.040324,0.191801
6829.502497,6829.82282,0.320323,1,2,2,2,0.224292,0.224292
6833.50429,6837.506282,4.001992,1,3,5,1,1.040975,0.463592
6845.508758,6846.469951,0.961193,1,3,2,2,0.143225,0.143225
6847.510589,6850.69655,3.185961,1,2,3,3,2.001229,0.368319
6853.513146,6864.71853,11.205384,1,3,11,7,2.01726,0.368221
6867.519368,6868.480158,0.96079,1,3,2,2,0.639915,0.639915
6869.520608,6870.480811,0.960203,1,2,1,1,0.0,0.0
6871.537317,6880.357906,8.820589,1,1,13,3,1.856796,0.127998
6885.543739,6886.504802,0.961063,1,3,3,2,0.495521,0.1449
6887.545186,6889.545501,2.000315,1,1,2,1,1.040343,1.040343
6893.547513,6896.236876,2.689363,1,3,4,0,1.040188,0.192008
6897.548778,6899.373912,1.825134,1,2,3,0,1.04016,0.688354
6899.549904,6900.510778,0.960874,1,3,1,2,0.0,0.0
6901.551507,6901.871388,0.319881,1,1,1,1,0.0,0.0
6907.553584,6909.555131,2.001547,1,3,2,3,1.040956,1.040956
6911.555513,6912.516006,0.960493,1,3,1,1,0.0,0.0
6913.556934,6914.517119,0.960185,1,3,3,3,0.496703,0.143695
6915.557799,6916.518308,0.960509,1,1,1,1,0.0,0.0
6917.558505,6918.390875,0.83237,1,3,1,1,0.0,0.0
6923.577037,6924.537375,0.960338,1,3,2,3,0.14414,0.14414
6925.578287,6926.537756,0.959469,1,3,3,1,0.559563,0.095936
6929.580255,6930.539956,0.959701,1,3,2,0,0.143518,0.143518
6931.580881,6932.541542,0.960661,1,1,2,2,0.640367,0.640367
6933.581251,6934.541482,0.960231,1,2,2,2,0.143612,0.143612
6935.582887,6942.498004,6.915117,1,1,8,3,1.552713,0.368399
6945.587112,6946.595249,1.008137,1,3,3,2,0.497093,0.191528
6949.588483,6950.54891,0.960427,1,3,2,1,0.143808,0.143808
6951.590166,6952.550022,0.959856,1,1,1,1,0.0,0.0
6953.590809,6958.328908,4.738099,1,3,8,1,1.809212,0.175926
6959.5934,6964.011177,4.417777,1,2,4,3,2.000825,0.543743
6967.59683,6967.693165,0.096335,1,1,1,0,0.0,0.0
6971.647018,6982.483618,10.8366,1,1,14,4,1.553076,0.144233
6985.620972,6996.762054,11.141082,1,3,16,4,1.536856,0.223678
6999.627338,7003.628903,4.001565,1,3,5,3,1.040894,0.415826
7005.630529,7009.951831,4.321302,1,3,6,4,1.312812,0.143315
7013.633506,7014.593567,0.960061,1,3,1,3,0.0,0.0
7017.65174,7026.567376,8.915636,1,3,11,3,2.001059,0.191314
7029.656573,7039.933694,10.277121,1,3,11,6,2.001175,0.367799
7043.662999,7044.622888,0.959889,1,3,2,4,0.639025,0.639025
7045.664625,7046.480174,0.815549,1,1,1,1,0.0,0.0
7049.666431,7053.668164,4.001733,1,3,5,2,1.040907,0.448593
7053.732272,7056.468739,2.736467,1,1,6,1,1.312262,0.144295
7059.670889,7067.46645,7.795561,1,3,12,1,1.760965,0.143934
7071.692235,7072.652816,0.960581,1,3,2,1,0.14481,0.14481
7075.693597,7088.435396,12.741799,1,3,17,6,1.505353,0.17546
7091.701284,7092.661287,0.960003,1,3,1,1,0.0,0.0
7097.704123,7098.519881,0.815758,1,3,2,0,0.495527,0.495527
7101.706223,7102.666513,0.96029,1,3,3,0,0.544642,0.096212
7103.706498,7104.667607,0.961109,1,3,2,4,0.64051,0.64051
7107.708387,7110.221543,2.513156,1,3,4,3,1.039748,0.51232
7111.710302,7114.543509,2.833207,1,2,5,5,1.536762,0.096048
7117.7132,7118.721732,1.008532,1,3,2,1,0.192235,0.192235
7119.729684,7120.690612,0.960928,1,2,4,2,0.49669,0.144356
7123.732012,7127.733219,4.001207,1,3,6,0,1.05575,0.127955
7127.765419,7134.312773,6.547354,1,2,8,4,1.776157,0.223996
7139.739406,7150.7037,10.964294,1,3,17,1,1.184489,0.127909
7153.745775,7154.562315,0.81654,1,3,1,2,0.0,0.0
7157.746862,7162.341515,4.594653,1,3,6,5,1.552901,0.224258
7165.751079,7166.71081,0.959731,1,3,1,1,0.0,0.0
7175.770995,7184.783458,9.012463,1,3,8,7,2.0009,0.17654
7191.778227,7202.647959,10.869732,1,3,15,4,1.537493,0.143527
7205.785011,7206.104676,0.319665,1,3,1,3,0.0,0.0
7213.789115,7214.797257,1.008142,1,3,3,3,0.496565,0.192164
7215.789645,7216.750173,0.960528,1,2,2,1,0.128743,0.128743
7217.8066,7218.750358,0.943758,1,2,1,1,0.0,0.0
7219.807395,7220.111309,0.303914,1,2,1,2,0.0,0.0
7225.809484,7231.908191,6.098707,1,3,9,4,1.872102,0.129049
7235.814651,7236.631298,0.816647,1,3,2,1,0.496692,0.496692
7243.818024,7246.555834,2.73781,1,3,5,1,1.04,0.19169
7247.819993,7248.780748,0.960755,1,1,3,2,0.544762,0.352287
7249.820175,7250.637396,0.817221,1,2,1,1,0.0,0.0
7253.822724,7254.831211,1.008487,1,3,2,4,0.688019,0.688019
7257.824258,7260.561522,2.737264,1,3,5,0,1.040283,0.143335
7261.826972,7266.611798,4.784826,1,1,6,3,1.584225,0.142785
7267.829116,7268.78972,0.960604,1,1,1,1,0.0,0.0
7269.845529,7278.618399,8.77287,1,3,13,4,1.552887,0.224078
7281.851175,7282.844221,0.993046,1,3,3,1,0.56045,0.128177
7283.852823,7284.812583,0.95976,1,2,1,2,0.0,0.0
7285.853706,7286.845568,0.991862,1,3,3,1,0.496118,0.17576
7289.85498,7294.865358,5.010378,1,3,6,4,2.001209,0.192505
7299.859655,7302.597536,2.737881,1,3,5,1,1.040807,0.144091
7303.861759,7305.862264,2.000505,1,1,2,1,1.039661,1.039661
7305.910416,7310.232602,4.322186,1,2,6,2,1.456312,0.095885
7313.865668,7314.874845,1.009177,1,2,2,2,0.192378,0.192378
7315.866862,7316.827057,0.960195,1,1,1,1,0.0,0.0
7317.868374,7318.187889,0.319515,1,2,1,1,0.0,0.0
7321.885479,7322.846071,0.960592,1,3,2,2,0.143919,0.143919
7323.886697,7324.703205,0.816508,1,3,1,1,0.0,0.0
7327.888731,7328.848397,0.959666,1,3,1,3,0.0,0.0
7333.891253,7336.628491,2.737238,1,3,5,2,1.537592,0.191741
7339.89431,7341.894936,2.000626,1,3,2,3,1.040441,1.040441
7343.895278,7344.903567,1.008289,1,3,2,2,0.191272,0.191272
7347.897117,7352.716086,4.818969,1,3,6,3,1.553057,0.176083
7353.947918,7356.909584,2.961666,1,3,4,3,1.472588,0.544211
7357.901687,7358.910587,1.0089,1,3,2,2,0.68787,0.68787
7365.905617,7366.86612,0.960503,1,3,2,2,0.640407,0.640407
7367.923001,7368.91514,0.992139,1,3,2,1,0.175852,0.175852
7369.923174,7371.764688,1.841514,1,1,4,1,1.040667,0.192021
7371.924791,7372.868749,0.943958,1,1,1,1,0.0,0.0
7373.925828,7378.792068,4.86624,1,2,6,2,2.001177,0.143811
7381.92953,7382.889523,0.959993,1,3,1,3,0.0,0.0
7383.930538,7396.767619,12.837081,1,2,17,4,2.000837,0.127951
7397.935905,7401.938843,4.002938,1,1,4,2,1.040764,0.961126
7401.970508,7403.971171,2.000663,1,2,2,1,1.05683,1.05683
7403.971171,7410.75799,6.786819,1,3,10,4,1.552715,0.143968
7413.943408,7414.904625,0.961217,1,3,1,0,0.0,0.0
7419.962156,7420.906697,0.944541,1,3,1,3,0.0,0.0
7425.96485,7426.781768,0.816918,1,3,1,2,0.0,0.0
7429.96702,7433.968679,4.001659,1,3,4,2,1.504276,0.496877
7435.969459,7448.999624,13.030165,1,3,19,4,1.776234,0.176145
7449.976281,7451.9766,2.000319,1,2,2,1,1.039843,1.039843
7453.977592,7460.348416,6.370824,1,3,10,2,1.360717,0.175682
7463.982467,7468.720535,4.738068,1,3,7,1,2.001073,0.144588
7470.001584,7470.305542,0.303958,1,2,1,1,0.0,0.0
7474.003095,7474.963771,0.960676,1,3,1,3,0.0,0.0
7480.005782,7484.007772,4.00199,1,3,5,3,1.040381,0.41626
7486.008504,7488.009857,2.001353,1,3,3,2,1.041091,0.639849
7490.010657,7490.330423,0.319766,1,3,1,3,0.0,0.0
7496.013037,7499.022268,3.009231,1,3,5,2,1.312712,0.143972
7506.017662,7507.025666,1.008004,1,3,2,3,0.688138,0.688138
7510.019618,7510.98015,0.960532,1,3,1,3,0.0,0.0
7516.022109,7520.93672,4.914611,1,3,6,4,1.856689,0.143945
7524.042246,7536.784224,12.741978,1,3,13,5,2.000971,0.176766
7538.048055,7538.144012,0.095957,1,1,1,0,0.0,0.0
7540.049655,7540.865879,0.816224,1,3,2,2,0.496703,0.496703
7544.051149,7545.011737,0.960588,1,3,2,2,0.641058,0.641058
7546.052032,7547.060601,1.008569,1,3,2,2,0.688151,0.688151
7550.053715,7568.942048,18.888333,1,3,24,6,2.001035,0.143168
7570.079044,7571.070994,0.99195,1,2,2,2,0.688385,0.688385
7574.081203,7575.040878,0.959675,1,3,3,3,0.511794,0.143989
7584.085178,7592.408683,8.323505,1,3,9,5,2.000943,0.144093
7596.090282,7596.410872,0.32059,1,3,1,1,0.0,0.0
7600.092583,7612.465783,12.3732,1,3,12,6,2.000954,0.192916
7616.099499,7619.109023,3.009524,1,3,5,4,1.311836,0.143919
7622.117845,7622.934151,0.816306,1,3,2,2,0.511308,0.511308
7628.120767,7636.892796,8.772029,1,3,14,3,1.360836,0.17569
7640.126763,7650.867585,10.740822,1,3,14,6,1.536988,0.191855
7654.133324,7655.093692,0.960368,1,3,1,0,0.0,0.0
7656.13335,7658.455086,2.321736,1,1,3,2,1.313375,0.687563
7662.136863,7666.506348,4.369485,1,3,4,3,1.536665,0.46408
7672.156852,7677.055327,4.898475,1,3,5,5,1.537013,0.543671
7680.160855,7680.976755,0.8159,1,3,1,3,0.0,0.0
7684.162124,7685.122987,0.960863,1,3,2,0,0.144348,0.144348
7690.165516,7690.229425,0.063909,1,1,1,0,0.0,0.0
7696.167985,7697.128038,0.960053,1,3,1,0,0.0,0.0
7702.17063,7704.859874,2.689244,1,3,3,2,1.040424,0.688215
7706.171901,7707.132595,0.960694,1,2,3,0,0.49639,0.143603
7710.174472,7721.010718,10.836246,1,3,16,4,1.536737,0.176256
7724.196442,7726.885334,2.688892,1,3,4,0,1.041254,0.144182
7728.198141,7730.519092,2.320951,1,2,2,2,2.000707,2.000707
7734.200828,7746.654603,12.453775,1,3,16,6,1.809219,0.191474
7750.207945,7751.168051,0.960106,1,3,2,2,0.143684,0.143684
7754.210162,7762.949432,8.73927,1,3,11,4,2.001127,0.144027
7766.231511,7767.191905,0.960394,1,3,3,1,0.51255,0.144472
7770.232957,7773.081515,2.848558,1,3,5,2,1.265476,0.191936
7776.235712,7777.051337,0.815625,1,3,1,1,0.0,0.0
7780.237806,7788.977645,8.739839,1,3,13,5,1.536963,0.17619
7792.243208,7792.562763,0.319555,1,3,1,1,0.0,0.0
7796.244721,7797.205041,0.96032,1,3,3,1,0.497012,0.143472
7798.246046,7802.247428,4.001382,1,1,4,2,1.488554,0.512
7806.24876,7807.257817,1.009057,1,3,3,1,0.495865,0.192687
7810.251191,7812.988467,2.737276,1,3,4,3,1.056108,0.176513
7816.269045,7817.26151,0.992465,1,3,2,4,0.687778,0.687778
7820.271632,7824.273598,4.001966,1,3,7,1,1.280414,0.144504
7828.275288,7831.236816,2.961528,1,3,5,1,1.040746,0.144268
7832.276865,7835.174627,2.897762,1,2,4,2,1.536999,0.495789
7838.279933,7848.732477,10.452544,1,3,15,3,1.82494,0.17618
7852.285468,7853.246455,0.960987,1,3,1,2,0.0,0.0
7854.286775,7862.658123,8.371348,1,3,10,3,1.824803,0.143894
7866.307981,7869.269623,2.961642,1,3,4,3,1.056163,0.416691
7870.309789,7871.270227,0.960438,1,2,1,1,0.0,0.0
7872.310342,7873.271265,0.960923,1,2,3,1,0.544034,0.096422
7874.311379,7875.272375,0.960996,1,1,1,1,0.0,0.0
7876.31296,7881.131314,4.818354,1,2,6,4,2.001068,0.080275
7882.3153,7882.426857,0.111557,1,2,1,2,0.0,0.0
7886.317325,7890.318647,4.001322,1,3,5,1,1.312186,0.176452
7896.321141,7897.281988,0.960847,1,3,3,1,0.496231,0.143574
7900.323889,7903.012587,2.688698,1,3,4,3,1.03985,0.176283
7904.325077,7905.286164,0.961087,1,2,2,2,0.640439,0.640439
7908.327092,7909.287452,0.96036,1,3,2,2,0.640832,0.640832
7910.327559,7911.288444,0.960885,1,1,1,1,0.0,0.0
7912.34459,7912.649428,0.304838,1,2,1,1,0.0,0.0
7916.346459,7920.347953,4.001494,1,3,5,3,1.503986,0.497281
7920.412435,7924.718684,4.306249,1,2,5,3,1.313152,0.687711
7928.352182,7929.168813,0.816631,1,3,2,3,0.497121,0.497121
7932.35303,7937.092459,4.739429,1,3,8,2,1.120355,0.191605
7938.356679,7944.727295,6.370616,1,1,8,2,1.552469,0.128562
7948.361528,7951.3703,3.008772,1,3,6,3,1.280237,0.143901
7954.36335,7957.38948,3.02613,1,3,8,6,1.552924,0.064016
7962.383546,7967.329444,4.945898,1,3,7,2,1.409294,0.14404
7974.38897,7975.348939,0.959969,1,3,2,1,0.143694,0.143694
7976.390112,7985.177802,8.78769,1,2,10,5,2.001246,0.128027
7986.394382,7987.355037,0.960655,1,1,1,1,0.0,0.0
7988.395124,7989.403457,1.008333,1,2,2,1,0.191361,0.191361
7992.397054,7993.357515,0.960461,1,3,2,3,0.640545,0.640545
7994.398223,7997.215742,2.817519,1,1,5,3,1.041348,0.080584
7998.398988,7999.199892,0.800904,1,3,3,2,0.52866,0.19167
8000.4007,8002.81761,2.41691,1,2,3,3,1.552096,0.545108
8006.403908,8007.36423,0.960322,1,3,2,3,0.144851,0.144851
8008.420202,8011.141162,2.72096,1,1,4,3,1.552692,0.175917
8012.421839,8015.383301,2.961462,1,2,3,2,1.056081,0.960431
8016.423582,8023.19533,6.771748,1,2,9,4,2.001523,0.128949
8024.42673,8043.156138,18.729408,1,2,21,8,2.000994,0.192568
8046.436702,8057.498491,11.061789,1,3,14,4,1.999917,0.193314
8060.459163,8084.42263,23.963467,1,3,29,8,2.015959,0.128153
8088.471955,8091.209771,2.737816,1,3,6,2,1.393101,0.144116
8098.477168,8098.797027,0.319859,1,3,1,1,0.0,0.0
8102.478616,8103.439328,0.960712,1,3,1,1,0.0,0.0
8112.49859,8113.443062,0.944472,1,3,3,3,0.511631,0.127823
8128.506781,8131.32322,2.816439,1,3,3,2,1.537665,0.463683
8134.509615,8135.469162,0.959547,1,3,1,0,0.0,0.0
8138.511252,8139.471641,0.960389,1,3,2,2,0.640947,0.640947
8142.51306,8145.250383,2.737323,1,3,6,2,1.040761,0.191952
8146.514202,8146.610828,0.096626,1,1,1,0,0.0,0.0
8150.516472,8155.254595,4.738123,1,3,5,3,2.000899,0.176265
8158.535564,8159.480975,0.945411,1,3,1,1,0.0,0.0
8164.538477,8165.483224,0.944747,1,3,2,4,0.640451,0.640451
8166.539487,8169.533366,2.993879,1,2,3,3,2.000672,0.688981
8170.541255,8171.501479,0.960224,1,3,1,0,0.0,0.0
8172.542525,8179.137971,6.595446,1,2,8,3,1.53678,0.192626
8182.547445,8186.549282,4.001837,1,3,5,1,1.041028,0.415682
8186.596968,8189.318217,2.721249,1,1,5,2,1.041043,0.175806
8190.550675,8198.378006,7.827331,1,2,9,4,2.001631,0.191573
8202.556594,8203.517149,0.960555,1,3,3,1,0.54409,0.096541
8204.557059,8208.575288,4.018229,1,1,4,2,1.329455,0.672378
8208.607059,8211.615835,3.008776,1,1,4,3,1.311921,0.688211
8214.57794,8215.537773,0.959833,1,3,2,1,0.143677,0.143677
8218.578962,8222.581402,4.00244,1,3,7,3,1.040468,0.128186
8224.582631,8225.542271,0.95964,1,3,2,2,0.64013,0.64013
8226.583574,8235.25937,8.675796,1,1,10,4,1.5527,0.192343
8238.588602,8239.597375,1.008773,1,3,3,2,0.544809,0.144027
8242.590054,8253.507589,10.917535,1,3,9,4,2.001437,0.192672
8256.596445,8259.286254,2.689809,1,3,4,3,1.055853,0.128931
8262.615473,8265.5768,2.961327,1,3,4,2,1.05655,0.128166
8266.61707,8276.445753,9.828683,1,1,12,5,1.552466,0.128594
8278.622391,8281.439442,2.817051,1,3,2,1,2.000882,2.000882
8284.624848,8285.585951,0.961103,1,3,3,2,0.496003,0.145117
8290.627745,8291.588548,0.960803,1,3,2,2,0.640551,0.640551
8294.629579,8295.589709,0.96013,1,3,2,1,0.640258,0.640258
8296.63032,8299.319483,2.689163,1,3,4,0,1.056817,0.176674
8300.632108,8303.657062,3.024954,1,2,6,2,1.936002,0.064889
8304.633874,8309.404509,4.770635,1,2,10,2,1.31234,0.192683
8312.653724,8313.613992,0.960268,1,3,3,0,0.512215,0.143441
8314.654802,8315.615228,0.960426,1,1,1,1,0.0,0.0
8322.658142,8322.97793,0.319788,1,3,1,3,0.0,0.0
8330.660917,8339.273411,8.612494,1,3,14,3,1.359926,0.176141
8342.667,8346.669611,4.002611,1,3,6,4,1.040924,0.448577
8346.700823,8357.537899,10.837076,1,1,13,5,2.000943,0.143336
8362.692193,8367.430606,4.738413,1,3,6,2,2.000124,0.176863
8372.696415,8373.656873,0.960458,1,3,1,1,0.0,0.0
8374.697891,8377.434509,2.736618,1,3,6,1,1.312717,0.144046
8384.702488,8395.570999,10.868511,1,3,17,2,1.504069,0.143723
8396.707094,8399.717174,3.01008,1,2,5,2,1.360593,0.192088
8402.726129,8403.719006,0.992877,1,3,3,2,0.544025,0.144264
8408.729278,8409.032777,0.303499,1,3,1,3,0.0,0.0
8412.73063,8413.546382,0.815752,1,3,1,1,0.0,0.0
8416.732868,8417.692937,0.960069,1,3,3,3,0.496995,0.143652
8418.733032,8423.503434,4.770402,1,1,7,2,1.536501,0.175882
8424.735639,8434.564687,9.829048,1,1,11,4,2.000754,0.144353
8438.743032,8446.569703,7.826671,1,3,13,4,1.34499,0.079661
8446.746245,8447.706351,0.960106,1,3,3,1,0.544767,0.095519
8450.747984,8451.708305,0.960321,1,3,3,0,0.544809,0.095577
8452.74899,8456.766706,4.017716,1,1,4,2,1.136229,0.864358
8462.769421,8462.849224,0.079803,1,1,1,0,0.0,0.0
8462.897494,8467.52338,4.625886,1,1,5,4,2.001136,0.175877
8470.773033,8479.78529,9.012257,1,3,13,3,1.537031,0.192237
8482.778068,8483.738394,0.960326,1,3,1,3,0.0,0.0
8484.779309,8485.099752,0.320443,1,3,1,1,0.0,0.0
8488.780904,8489.741506,0.960602,1,3,3,1,0.49638,0.143515
8490.78172,8491.742894,0.961174,1,1,1,1,0.0,0.0
8492.78255,8499.666285,6.883735,1,2,12,1,1.361124,0.176866
8500.786468,8501.747003,0.960535,1,1,1,1,0.0,0.0
8502.787011,8503.619781,0.83277,1,2,1,1,0.0,0.0
8506.805068,8507.621738,0.81667,1,3,1,3,0.0,0.0
8512.807669,8519.130493,6.322824,1,3,9,4,1.456512,0.127811
8522.811998,8523.773011,0.961013,1,3,2,3,0.143959,0.143959
8532.816567,8533.776954,0.960387,1,3,2,1,0.143665,0.143665
8538.819454,8545.734608,6.915154,1,3,11,1,1.505156,0.191457
8546.823437,8547.783947,0.96051,1,2,2,2,0.64129,0.64129
8548.824066,8549.784671,0.960605,1,2,1,1,0.0,0.0
8552.842265,8553.690527,0.848262,1,3,2,1,0.544263,0.544263
8556.844168,8561.614022,4.769854,1,3,9,3,1.313022,0.143563
8564.847325,8565.808363,0.961038,1,3,2,2,0.64042,0.64042
8568.849766,8575.219736,6.36997,1,3,5,5,2.00054,0.496205
8578.853573,8579.861942,1.008369,1,3,3,1,0.496502,0.191702
8582.855921,8583.175893,0.319972,1,3,1,2,0.0,0.0
8586.857212,8589.722417,2.865205,1,3,4,2,1.856974,0.143849
8592.860087,8593.820199,0.960112,1,3,2,1,0.144005,0.144005
8596.862258,8597.182226,0.319968,1,3,1,1,0.0,0.0
8600.880017,8610.884222,10.004205,1,3,14,5,1.537069,0.144425
8612.885106,8613.189229,0.304123,1,3,1,2,0.0,0.0
8616.886945,8617.847913,0.960968,1,3,3,3,0.544273,0.096749
8624.890735,8629.212183,4.321448,1,3,4,5,2.000884,0.496115
8632.89394,8633.854968,0.961028,1,2,1,1,0.0,0.0
8634.894253,8635.855834,0.961581,1,3,2,4,0.640292,0.640292
8636.896284,8642.946515,6.050231,1,2,6,4,2.001054,0.191658
8650.918053,8651.863107,0.945054,1,3,3,3,0.512944,0.128086
8654.919945,8668.878077,13.958132,1,3,15,9,2.015815,0.143379
8668.926407,8669.887004,0.960597,1,2,2,2,0.640132,0.640132
8672.927585,8684.901679,11.974094,1,3,18,2,1.409135,0.143611
8686.934083,8687.894079,0.959996,1,3,3,2,0.544499,0.094998
8690.935768,8694.953477,4.017709,1,3,5,0,1.055457,0.448317
8695.001139,8697.995293,2.994154,1,1,4,2,2.000782,0.144664
8702.957261,8705.871314,2.914053,1,3,5,3,1.056365,0.175425
8708.960528,8713.314673,4.354145,1,3,5,2,2.000882,0.176591
8718.965334,8722.967146,4.001812,1,3,7,1,1.04089,0.144389
8724.967254,8725.928377,0.961123,1,3,3,2,0.543794,0.09677
8730.970694,8734.972536,4.001842,1,3,6,1,1.040931,0.144486
8740.974428,8741.93564,0.961212,1,3,2,3,0.640285,0.640285
8744.992388,8748.994662,4.002274,1,3,5,3,1.0409,0.46377
8752.995747,8753.956527,0.96078,1,2,2,2,0.144267,0.144267
8758.999317,8767.995224,8.995907,1,3,9,4,1.985663,0.144646
8771.004808,8771.964802,0.959994,1,3,2,3,0.144488,0.144488
8775.006133,8784.049922,9.043789,1,3,12,3,1.904962,0.095917
8787.011865,8793.975384,6.963519,1,3,9,5,1.776303,0.223957
8797.031716,8797.97702,0.945304,1,3,1,0,0.0,0.0
8799.032823,8804.074953,5.04213,1,2,8,1,1.360188,0.17614
8807.037038,8815.007787,7.970749,1,3,7,5,2.000731,0.192047
8819.041831,8820.001996,0.960165,1,3,2,0,0.143364,0.143364
8823.044175,8823.860467,0.816292,1,3,1,0,0.0,0.0
8827.0454,8836.186021,9.140621,1,3,14,2,1.36023,0.176133
8839.051252,8840.011648,0.960396,1,3,3,1,0.543245,0.096745
8841.051615,8842.012652,0.961037,1,1,1,1,0.0,0.0
8843.052819,8843.373043,0.320224,1,1,1,1,0.0,0.0
8847.070941,8848.015508,0.944567,1,3,1,2,0.0,0.0
8849.071297,8860.292464,11.221167,1,2,12,5,2.001158,0.191583
8865.078374,8866.039675,0.961301,1,3,2,0,0.144112,0.144112
8875.083194,8884.191464,9.10827,1,3,9,5,2.001403,0.144054
8887.08864,8888.048982,0.960342,1,3,2,4,0.640332,0.640332
8889.089385,8893.97181,4.882425,1,1,6,2,1.504248,0.368144
8895.108282,8902.023279,6.914997,1,1,9,4,1.456465,0.303824
8905.113199,8907.113501,2.000302,1,3,2,3,1.039976,1.039976
8907.162129,8907.482147,0.320018,1,1,1,1,0.0,0.0
8911.115836,8911.435123,0.319287,1,2,1,0,0.0,0.0
8915.116961,8916.077191,0.96023,1,3,1,1,0.0,0.0
8919.118737,8919.935774,0.817037,1,3,1,3,0.0,0.0
8927.122948,8930.035846,2.912898,1,3,5,0,1.039806,0.080106
8931.124102,8932.116948,0.992846,1,1,2,1,0.86471,0.86471
8935.126568,8942.089616,6.963048,1,3,8,3,1.631952,0.33596
8943.145726,8946.283505,3.137779,1,2,4,3,1.169526,0.831984
8949.148714,8949.260713,0.111999,1,1,1,0,0.0,0.0
8949.292264,8952.285652,2.993388,1,1,3,1,1.536834,0.463511
8955.151547,8967.892948,12.741401,1,3,16,5,1.600674,0.320171
8971.158481,8980.122415,8.963934,1,3,13,3,1.809161,0.191316
8981.16298,8992.144294,10.981314,1,1,13,6,1.552535,0.36816
8993.184381,8994.321188,1.136807,1,1,1,1,0.0,0.0
8997.186346,8998.00302,0.816674,1,3,1,3,0.0,0.0
9001.188531,9001.492602,0.304071,1,3,1,1,0.0,0.0
9009.191285,9014.330139,5.138854,1,3,6,4,2.001108,0.27178
9017.19592,9027.840661,10.644741,1,3,11,6,2.001366,0.447811
9031.202037,9045.576443,14.374406,1,3,18,3,2.000829,0.144061
9049.225429,9051.531165,2.305736,1,3,2,4,2.001007,2.001007
9055.228241,9058.126388,2.898147,1,3,3,4,1.536381,0.544892
9061.230825,9088.027237,26.796412,1,3,38,4,2.00044,0.319996
9095.262143,9113.991061,18.728918,1,3,27,3,1.632651,0.3199
9119.273476,9170.336879,51.063403,1,3,70,10,1.552171,0.320815
9173.314598,9179.4613,6.146702,1,3,7,5,1.553064,0.320598
9183.318774,9195.468458,12.149684,1,3,17,1,1.552465,0.319367
9199.341461,9214.084333,14.742872,1,3,18,7,1.552976,0.31981
9217.35017,9222.407946,5.057776,1,3,7,2,1.552415,0.367802
9225.353801,9232.589448,7.235647,1,3,8,6,1.18484,0.368253
9235.358328,9246.643819,11.285491,1,5,12,8,2.016414,0.320191
9247.379446,9249.684465,2.305019,1,3,2,2,2.000778,2.000778
9255.383385,9256.343656,0.960271,1,3,2,4,0.640418,0.640418
9257.384172,9257.703887,0.319715,1,2,1,1,0.0,0.0
9261.38595,9263.70697,2.32102,1,3,4,1,1.136432,0.320595
9267.389234,9300.203434,32.8142,1,3,38,13,2.016761,0.351819
9303.421346,9312.641745,9.220399,1,3,12,2,2.001555,0.128956
9313.425581,9313.745325,0.319744,1,2,1,1,0.0,0.0
9317.427432,9319.748594,2.321162,1,3,3,1,1.50481,0.496312
9325.430719,9326.247239,0.81652,1,3,1,1,0.0,0.0
9329.432926,9332.618732,3.185806,1,3,3,2,2.017046,0.352737
9337.452603,9340.125708,2.673105,1,3,5,0,1.057122,0.128178
9341.454247,9342.39882,0.944573,1,1,2,1,0.832748,0.832748
9343.455251,9344.415318,0.960067,1,2,1,1,0.0,0.0
9345.455451,9364.649286,19.193835,1,1,19,8,2.016415,0.320114
9371.467791,9374.285341,2.81755,1,3,4,2,1.504264,0.496494
9377.470654,9378.431377,0.960723,1,3,2,1,0.144668,0.144668
9381.47307,9382.433573,0.960503,1,3,2,1,0.144132,0.144132
9385.490714,9400.456743,14.966029,1,3,17,7,2.016803,0.304596
9401.497491,9419.650132,18.152641,1,2,22,5,2.000586,0.367669
9423.507436,9424.468134,0.960698,1,3,2,3,0.144007,0.144007
9427.509567,9431.510764,4.001197,1,3,6,2,1.040597,0.143933
9431.575337,9432.535302,0.959965,1,2,1,1,0.0,0.0
9435.528409,9444.893195,9.364786,1,3,11,4,1.55235,0.320453
9449.535307,9449.840026,0.304719,1,3,1,3,0.0,0.0
9453.53718,9455.538459,2.001279,1,3,3,4,1.040906,0.640529
9457.539484,9463.910265,6.370781,1,3,5,4,2.001314,0.367853
9467.543764,9476.459943,8.916179,1,3,13,3,1.506113,0.352035
9479.548812,9500.726985,21.178173,1,3,23,8,2.017341,0.352043
9509.579188,9517.854169,8.274981,1,3,10,6,1.553275,0.367614
9521.584207,9552.445863,30.861656,1,3,37,11,2.016201,0.320185
9555.615519,9556.576476,0.960957,1,3,1,2,0.0,0.0
9559.617382,9560.577631,0.960249,1,3,1,1,0.0,0.0
9561.618415,9562.579132,0.960717,1,2,1,2,0.0,0.0
9563.619136,9567.989173,4.370037,1,3,3,5,2.000386,1.552727
9571.623315,9582.508358,10.885043,1,3,17,1,1.136103,0.14411
9585.644915,9586.461628,0.816713,1,3,1,1,0.0,0.0
9591.647979,9593.953575,2.305596,1,3,2,2,2.000901,2.000901
9597.651175,9598.611198,0.960023,1,3,1,0,0.0,0.0
9599.652201,9603.973762,4.321561,1,2,3,4,2.001975,1.999791
9607.65569,9611.657175,4.001485,1,3,4,1,1.040311,0.960898
9613.657476,9626.528307,12.870831,1,3,18,4,1.457223,0.367898
9629.665797,9632.867079,3.201282,1,1,5,1,1.648616,0.368287
9635.683948,9638.629359,2.945411,1,3,5,4,1.056494,0.399964
9643.687915,9644.647843,0.959928,1,3,2,4,0.655956,0.655956
9645.688869,9646.649046,0.960177,1,2,1,1,0.0,0.0
9653.691758,9654.652417,0.960659,1,3,3,2,0.496024,0.144053
9655.693208,9656.508414,0.815206,1,2,2,1,0.495455,0.495455
9659.695395,9670.531505,10.83611,1,3,15,4,1.632445,0.191974
9677.703278,9690.893288,13.19001,1,3,16,6,2.015801,0.352612
9693.726052,9696.415876,2.689824,1,3,6,1,1.040482,0.143767
9697.7284,9706.69236,8.96396,1,2,16,3,1.184104,0.143756
9709.733418,9742.404075,32.670657,1,3,35,11,2.001851,0.367501
9745.766095,9746.726732,0.960637,1,3,3,1,0.496806,0.144299
9749.768068,9753.993207,4.225139,1,3,7,3,1.216821,0.240075
9757.771687,9758.731961,0.960274,1,3,3,1,0.495642,0.144556
9759.771953,9761.773394,2.001441,1,1,2,1,1.040759,1.040759
9763.774475,9764.734438,0.959963,1,3,1,1,0.0,0.0
9765.775143,9770.609021,4.833878,1,3,8,2,1.184765,0.367867
9773.778557,9780.293401,6.514844,1,3,8,3,2.001073,0.09568
9783.799,9786.648556,2.849556,1,3,3,4,2.001196,0.544071
9789.801441,9797.197666,7.396225,1,3,9,3,1.537172,0.320255
9797.805198,9798.765548,0.96035,1,2,2,2,0.144141,0.144141
9799.806376,9804.768282,4.961906,1,3,8,0,1.168267,0.192093
9809.810602,9816.678004,6.867402,1,3,11,3,1.136201,0.22404
9817.814769,9818.631123,0.816354,1,1,1,1,0.0,0.0
9827.818701,9828.779537,0.960836,1,3,1,0,0.0,0.0
9829.819642,9830.140485,0.320843,1,2,1,1,0.0,0.0
9837.839295,9838.800162,0.960867,1,3,2,4,0.656553,0.656553
9839.840171,9841.8411,2.000929,1,3,3,4,1.041059,0.655466
9849.844898,9856.760189,6.915291,1,3,10,2,1.632913,0.08
9859.848862,9860.825937,0.977075,1,3,2,2,0.62411,0.62411
9861.850229,9866.220003,4.369774,1,3,4,3,2.000333,0.368037
9869.854105,9870.174784,0.320679,1,3,1,3,0.0,0.0
9873.856019,9900.523807,26.667788,1,3,28,10,2.001264,0.192032
9913.890326,9921.941711,8.051385,1,3,9,4,2.000926,0.368514
9927.89627,9928.85708,0.96081,1,3,1,1,0.0,0.0
9931.913744,9932.858933,0.945189,1,3,2,2,0.640321,0.640321
9939.918421,9940.878744,0.960323,1,3,3,1,0.51176,0.144278
9943.919685,9945.920296,2.000611,1,3,4,1,1.040606,0.143288
9947.921434,9950.658452,2.737018,1,3,5,1,1.039975,0.145317
9951.92269,9952.883971,0.961281,1,2,3,2,0.544277,0.240145
9955.924835,9960.326765,4.40193,1,3,5,2,1.536243,0.496668
9963.928528,9964.744895,0.816367,1,3,1,1,0.0,0.0
9967.930772,9968.891498,0.960726,1,3,2,3,0.14494,0.14494
9969.93135,9970.7475,0.81615,1,2,1,1,0.0,0.0
9973.932942,9980.304599,6.371657,1,3,5,4,2.001251,0.368302
9983.953565,9984.913675,0.96011,1,3,3,3,0.544245,0.111407
9991.957632,9992.261928,0.304296,1,3,1,0,0.0,0.0
9995.959422,10008.748999,12.789577,1,3,14,7,2.000803,0.144344
10011.966315,10012.926942,0.960627,1,3,3,2,0.495769,0.143984
10013.967152,10020.930312,6.96316,1,2,9,3,1.552553,0.143895
10023.972075,10026.933002,2.960927,1,3,6,0,1.057137,0.127769
10029.990704,10030.934967,0.944263,1,3,3,3,0.543841,0.096247
10033.992174,10036.809439,2.817265,1,3,3,2,1.64808,0.33635
10039.995635,10040.955824,0.960189,1,3,2,3,0.656806,0.656806
10041.996353,10057.155106,15.158753,1,3,19,5,1.728766,0.224561
10060.004645,10060.964968,0.960323,1,3,2,1,0.143981,0.143981
10064.00571,10068.327647,4.321937,1,3,6,3,1.584292,0.368099
10072.009638,10072.970516,0.960878,1,3,3,2,0.496208,0.144242
10076.011177,10089.025397,13.01422,1,3,14,5,2.001838,0.143933
10092.034288,10097.108959,5.074671,1,3,7,2,1.537266,0.207851
10100.03812,10102.90326,2.86514,1,3,3,2,2.000386,0.54412
10108.041617,10109.002915,0.961298,1,3,3,0,0.496948,0.144325
10114.044229,10114.860767,0.816538,1,3,1,1,0.0,0.0
10118.04655,10119.007373,0.960823,1,3,2,3,0.640998,0.640998
10124.048871,10125.009425,0.960554,1,3,1,3,0.0,0.0
10126.066335,10141.064944,14.998609,1,2,15,7,2.00112,0.368111
10144.074625,10145.066635,0.99201,1,3,2,4,0.672663,0.672663
10148.076244,10149.036669,0.960425,1,3,1,1,0.0,0.0
10154.079276,10156.080118,2.000842,1,3,2,2,1.040648,1.040648
10162.082365,10172.918751,10.836386,1,3,12,6,2.016167,0.224166
10174.088182,10183.019669,8.931487,1,1,11,4,2.001395,0.240447
10184.108649,10196.209393,12.100744,1,1,14,5,2.001515,0.399726
10204.117118,10204.934071,0.816953,1,3,1,3,0.0,0.0
10208.119029,10224.831135,16.712106,1,3,19,9,1.873141,0.143436
10228.14423,10233.18666,5.04243,1,3,5,6,2.001273,0.512353
10236.14687,10239.012861,2.865991,1,3,5,2,1.329047,0.127608
10242.150926,10255.132821,12.981895,1,3,16,6,1.777101,0.240001
10258.157361,10261.119308,2.961947,1,3,5,1,1.040903,0.143544
10262.159615,10264.912441,2.752826,1,2,6,6,1.537038,0.079799
10266.161908,10267.169594,1.007686,1,2,2,2,0.687546,0.687546
10270.162889,10271.123664,0.960775,1,3,1,3,0.0,0.0
10278.182247,10279.143634,0.961387,1,3,1,1,0.0,0.0
10280.183256,10281.144265,0.961009,1,2,2,2,0.655959,0.655959
10282.184445,10287.418638,5.234193,1,2,8,2,1.121076,0.35209
10294.190306,10295.150853,0.960547,1,3,2,3,0.145073,0.145073
10298.191784,10307.155999,8.964215,1,3,14,2,1.552834,0.143872
10308.196583,10309.156913,0.96033,1,2,1,1,0.0,0.0
10310.197612,10311.157318,0.959706,1,3,3,0,0.544873,0.095462
10312.19807,10313.158912,0.960842,1,1,1,1,0.0,0.0
10314.198371,10315.159105,0.960734,1,2,1,1,0.0,0.0
10316.200086,10318.888759,2.688673,1,2,4,1,1.041079,0.176472
10320.201701,10322.907251,2.70555,1,2,3,3,1.057084,0.688236
10324.203524,10328.221355,4.017831,1,2,4,2,1.456774,0.544159
10330.222567,10332.25474,2.032173,1,3,4,1,1.04051,0.175944
10336.22508,10339.041275,2.816195,1,3,4,2,1.504297,0.495512
10342.227811,10345.268659,3.040848,1,3,6,3,1.168644,0.223492
10348.230589,10359.114762,10.884173,1,3,15,5,1.632868,0.367663
10364.23726,10365.229613,0.992353,1,3,2,2,0.671627,0.671627
10366.238453,10367.070069,0.831616,1,2,3,2,0.544068,0.143487
10372.257527,10373.201196,0.943669,1,3,1,1,0.0,0.0
10374.258351,10375.074059,0.815708,1,3,1,1,0.0,0.0
10378.25936,10389.001189,10.741829,1,3,13,5,2.000456,0.144482
10392.265818,10395.002923,2.737105,1,2,5,3,1.040474,0.143135
10400.270302,10401.230306,0.960004,1,3,2,3,0.640008,0.640008
10402.270382,10405.23198,2.961598,1,1,4,1,1.040158,0.415619
10412.275712,10421.383771,9.108059,1,3,9,5,2.001031,0.464363
10424.296736,10425.241024,0.944288,1,3,3,3,0.544149,0.096286
10426.296815,10427.25801,0.961195,1,2,1,1,0.0,0.0
10432.300061,10433.260524,0.960463,1,3,2,3,0.144145,0.144145
10434.300797,10436.990456,2.689659,1,2,4,2,1.040472,0.143893
10438.302423,10439.119646,0.817223,1,2,1,1,0.0,0.0
10442.304315,10443.121413,0.817098,1,3,2,0,0.496781,0.496781
10448.307156,10452.308651,4.001495,1,3,6,1,1.040163,0.143813
10454.309636,10455.286701,0.977065,1,3,3,2,0.527748,0.128568
10456.311067,10463.146009,6.834942,1,2,9,4,1.552639,0.19201
10466.31569,10479.281353,12.965663,1,3,21,1,1.312831,0.079964
10482.339079,10483.298285,0.959206,1,3,3,0,0.496695,0.14324
10490.342027,10490.662444,0.320417,1,3,1,1,0.0,0.0
10494.344568,10500.347036,6.002468,1,3,10,4,1.21695,0.095653
10502.347435,10505.165017,2.817582,1,3,3,2,2.001278,0.496031
10510.351494,10510.671523,0.320029,1,3,1,2,0.0,0.0
10518.355048,10519.363093,1.008045,1,3,2,4,0.687575,0.687575
10520.37137,10523.06062,2.68925,1,1,4,1,1.057187,0.191465
10524.373864,10526.19881,1.824946,1,1,3,1,1.057194,0.68778
10530.376737,10562.582826,32.206089,1,3,33,12,2.01671,0.143912
10566.392549,10567.352655,0.960106,1,3,1,1,0.0,0.0
10568.409191,10569.353371,0.94418,1,3,3,1,0.512074,0.12797
10572.41108,10576.14106,3.72998,1,3,4,3,1.056212,0.688612
10576.413203,10576.717425,0.304222,1,2,1,1,0.0,0.0
10580.41473,10583.103449,2.688719,1,3,4,5,1.040026,0.656602
10584.416492,10585.376475,0.959983,1,2,1,1,0.0,0.0
10586.416731,10593.652054,7.235323,1,2,10,3,1.536827,0.144312
10596.421974,10597.38192,0.959946,1,3,3,2,0.495784,0.14417
10602.424681,10602.744554,0.319873,1,3,1,0,0.0,0.0
10610.428021,10611.244976,0.816955,1,3,1,3,0.0,0.0
10614.430101,10624.946331,10.51623,1,2,13,4,2.00016,0.368006
10628.452718,10632.453626,4.000908,1,3,5,1,1.041332,0.464152
10634.455404,10637.416715,2.961311,1,3,3,1,1.040358,0.96135
10638.456487,10655.296749,16.840262,1,3,27,3,1.391517,0.143968
10658.466326,10670.711477,12.245151,1,3,12,6,2.000661,0.224258
10674.488478,10675.449608,0.96113,1,3,1,0,0.0,0.0
10676.489453,10679.227197,2.737744,1,3,6,0,1.296982,0.191848
10684.49274,10688.49495,4.00221,1,3,4,1,1.040666,0.959602
10690.496667,10691.360475,0.863808,1,3,2,0,0.544117,0.544117
10694.49832,10719.341481,24.843161,1,3,33,6,1.552612,0.128262
10720.525684,10729.794447,9.268763,1,2,9,5,2.000996,0.176265
10734.532162,10745.544873,11.012711,1,3,13,5,2.000796,0.143909
10748.538066,10752.540381,4.002315,1,3,5,0,1.040892,0.416248
10756.542314,10757.501969,0.959655,1,3,3,2,0.496191,0.143818
10758.54282,10759.502929,0.960109,1,1,1,1,0.0,0.0
10760.542814,10767.282778,6.739964,1,3,8,4,1.55284,0.176126
10768.563556,10770.916876,2.35332,1,2,2,2,1.537584,1.537584
10774.565939,10791.357302,16.791363,1,3,21,7,2.001213,0.144124
10794.575051,10799.024974,4.449923,1,3,4,5,1.552791,0.544069
10802.578794,10803.538734,0.95994,1,3,1,1,0.0,0.0
10804.579821,10805.540248,0.960427,1,3,2,4,0.640973,0.640973
10814.600274,10815.54488,0.944606,1,3,3,1,0.544382,0.096104
10818.602194,10825.420729,6.818535,1,3,9,5,1.809579,0.177003
10832.608218,10833.568908,0.96069,1,3,2,3,0.144865,0.144865
10836.60966,10852.761395,16.151735,1,3,20,5,2.001135,0.192548
10860.636342,10861.597422,0.96108,1,3,2,1,0.144247,0.144247
10862.638046,10863.581994,0.943948,1,1,1,1,0.0,0.0
10864.638261,10871.377972,6.739711,1,3,10,3,1.53763,0.176644
10874.642562,10876.644306,2.001744,1,3,2,1,1.040974,1.040974
10882.646175,10885.608197,2.962022,1,3,4,1,1.040245,0.416285
10890.65038,10890.970252,0.319872,1,3,1,1,0.0,0.0
10894.651678,10895.612783,0.961105,1,3,3,3,0.495781,0.144465
10898.65412,10903.072079,4.417959,1,3,4,3,2.001488,0.544415
10906.658044,10913.444512,6.786468,1,3,10,2,1.552211,0.176459
10916.678362,10917.638562,0.9602,1,3,3,3,0.543709,0.112407
10918.678543,10923.496963,4.81842,1,2,6,4,2.000523,0.079349
10924.681391,10933.469256,8.787865,1,2,10,6,1.808475,0.192188
10934.6864,10939.472062,4.785662,1,2,6,3,1.552765,0.192112
10940.688625,10954.519318,13.830693,1,2,16,7,1.552174,0.191806
10958.696794,10965.53245,6.835656,1,3,8,2,2.00123,0.191866
10974.719976,10978.721705,4.001729,1,3,5,0,1.040189,0.416417
10982.723924,10995.561309,12.837385,1,3,18,3,1.536377,0.176237
10996.729947,10997.691013,0.961066,1,1,1,1,0.0,0.0
11000.732361,11001.691956,0.959595,1,3,1,3,0.0,0.0
11002.733098,11007.103385,4.370287,1,3,3,3,2.017045,1.536852
11010.752035,11011.569366,0.817331,1,3,1,1,0.0,0.0
11014.754165,11015.571154,0.816989,1,3,1,1,0.0,0.0
11018.75652,11019.748655,0.992135,1,3,3,1,0.5436,0.144331
11022.757998,11030.537869,7.779871,1,3,9,2,2.000711,0.192833
11030.762183,11040.637705,9.875522,1,2,14,3,1.53623,0.17625
11042.767716,11046.76924,4.001524,1,3,5,0,1.265143,0.191595
11046.832969,11048.834191,2.001222,1,2,4,1,1.056238,0.096408
11056.773994,11065.785805,9.011811,1,3,12,5,2.001549,0.143908
11072.796982,11073.757728,0.960746,1,3,3,2,0.496226,0.144142
11074.797484,11075.79056,0.993076,1,3,2,3,0.175768,0.175768
11076.798675,11077.758945,0.96027,1,2,1,1,0.0,0.0
11078.799954,11083.586229,4.786275,1,2,9,1,1.312257,0.191833
11084.802,11085.762964,0.960964,1,1,1,1,0.0,0.0
11094.807225,11095.815982,1.008757,1,3,2,2,0.192552,0.192552
11098.808682,11099.769422,0.96074,1,3,2,3,0.14384,0.14384
11100.809849,11101.770495,0.960646,1,1,1,1,0.0,0.0
11102.809804,11103.771418,0.961614,1,3,2,2,0.143875,0.143875
11106.812213,11107.820999,1.008786,1,3,2,2,0.688241,0.688241
11110.830557,11111.774655,0.944098,1,3,3,0,0.511935,0.127974
11114.831689,11115.79303,0.961341,1,3,1,3,0.0,0.0
11120.834287,11121.139371,0.305084,1,3,1,3,0.0,0.0
11124.836307,11131.847645,7.011338,1,3,8,4,2.000909,0.191846
11138.842388,11140.859907,2.017519,1,3,4,3,1.056161,0.096484
11142.845017,11143.805439,0.960422,1,3,1,0,0.0,0.0
11146.845838,11147.807186,0.961348,1,3,1,2,0.0,0.0
11150.8484,11151.808477,0.960077,1,3,1,1,0.0,0.0
11152.849403,11154.866141,2.016738,1,3,2,1,1.056368,1.056368
11156.866904,11161.221062,4.354158,1,3,4,5,2.001735,0.512389
11164.870783,11166.871417,2.000634,1,3,4,2,1.040243,0.144289
11170.873403,11171.19268,0.319277,1,3,1,1,0.0,0.0
11174.875262,11185.615253,10.739991,1,3,13,6,2.001337,0.176047
11194.884461,11195.844032,0.959571,1,3,3,2,0.495506,0.144045
11196.88432,11199.397837,2.513517,1,2,3,2,1.041177,0.511708
11202.887711,11203.848484,0.960773,1,3,1,1,0.0,0.0
11210.907277,11213.259799,2.352522,1,3,2,2,1.536831,1.536831
11216.909565,11219.871449,2.961884,1,3,4,2,1.040671,0.464518
11220.911203,11223.872473,2.96127,1,2,6,1,1.0403,0.144056
11226.914526,11227.874281,0.959755,1,3,1,1,0.0,0.0
11228.915186,11232.917018,4.001832,1,3,6,2,1.041079,0.447803
11234.917853,11236.918969,2.001116,1,3,2,3,1.041183,1.041183
11238.919764,11247.979536,9.059772,1,3,14,1,1.856644,0.143424
11250.925222,11255.75883,4.833608,1,3,3,3,2.016927,2.000688
11258.944233,11259.760612,0.816379,1,3,1,3,0.0,0.0
11262.946546,11271.862066,8.91552,1,3,9,5,2.016672,0.175702
11274.952303,11286.829405,11.877102,1,3,15,6,2.000777,0.143999
11286.957493,11290.959156,4.001663,1,2,7,3,1.040361,0.128807
11294.960474,11295.921571,0.961097,1,3,2,2,0.641119,0.641119
11302.964475,11306.981826,4.017351,1,3,5,0,1.328188,0.176506
11308.982921,11309.942951,0.96003,1,3,1,3,0.0,0.0
11310.983575,11315.113823,4.130248,1,3,7,0,1.120384,0.175724
11318.987536,11319.803458,0.815922,1,3,1,1,0.0,0.0
11322.98916,11333.953952,10.964792,1,3,12,5,2.000969,0.144124
11336.99535,11337.956127,0.960777,1,3,3,1,0.495795,0.144397
11340.996558,11341.974074,0.977516,1,3,1,2,0.0,0.0
11342.998837,11353.563221,10.564384,1,3,12,6,1.777307,0.191528
11357.020333,11364.80034,7.780007,1,3,10,3,2.000098,0.176448
11365.023826,11373.908353,8.884527,1,2,12,3,1.552803,0.176654
11377.029427,11377.989926,0.960499,1,3,2,4,0.639704,0.639704
11379.031008,11381.76767,2.736662,1,2,4,4,1.537093,0.19183
11383.031807,11389.035525,6.003718,1,2,5,3,2.000561,0.545135
11395.038504,11395.998096,0.959592,1,3,3,3,0.54367,0.096136
11401.040549,11402.001245,0.960696,1,3,2,1,0.128173,0.128173
11403.057643,11404.017947,0.960304,1,2,1,2,0.0,0.0
11405.058957,11413.798169,8.739212,1,3,13,4,2.001025,0.143992
11415.063096,11426.956431,11.893335,1,1,16,5,2.015972,0.191313
11429.069243,11431.582863,2.51362,1,3,4,0,1.040021,0.144103
11439.073668,11440.034532,0.960864,1,3,1,0,0.0,0.0
11441.074806,11442.035005,0.960199,1,3,3,1,0.496562,0.143631
11445.07648,11446.037513,0.961033,1,3,3,3,0.545021,0.096055
11449.079065,11450.039025,0.95996,1,2,2,1,0.143827,0.143827
11461.100212,11462.092631,0.992419,1,3,2,2,0.688946,0.688946
11467.102378,11469.792084,2.689706,1,3,3,4,1.040171,0.689082
11471.10466,11472.065244,0.960584,1,2,1,1,0.0,0.0
11473.10533,11474.113787,1.008457,1,2,3,2,0.54431,0.143977
11475.106096,11476.066185,0.960089,1,3,3,1,0.544545,0.095268
11477.106664,11478.067031,0.960367,1,1,1,1,0.0,0.0
11479.107998,11479.427708,0.31971,1,1,1,1,0.0,0.0
11485.111213,11488.168096,3.056883,1,3,4,3,1.360565,0.192245
11491.113774,11498.124612,7.010838,1,3,11,4,1.440704,0.111807
11501.134319,11503.855145,2.720826,1,3,4,1,1.056727,0.176163
11505.136028,11509.137905,4.001877,1,2,4,2,1.04139,0.959677
11509.168737,11514.163636,4.994899,1,1,6,3,2.001223,0.239892
11517.141381,11518.101343,0.959962,1,3,1,3,0.0,0.0
11527.146028,11528.15417,1.008142,1,3,2,2,0.688011,0.688011
11529.146987,11531.883602,2.736615,1,3,4,3,1.041421,0.192475
11535.148811,11536.109909,0.961098,1,3,3,3,0.496087,0.144424
11539.151199,11540.111015,0.959816,1,3,3,0,0.544095,0.095762
11543.153142,11547.842767,4.689625,1,3,7,3,1.504835,0.175575
11549.170962,11549.283049,0.112087,1,1,1,0,0.0,0.0
11555.173945,11558.167103,2.993158,1,3,6,2,1.360877,0.176436
11563.177898,11566.138644,2.960746,1,3,5,4,1.041026,0.464593
11571.181081,11572.141422,0.960341,1,3,2,1,0.144001,0.144001
11573.182309,11580.001821,6.819512,1,2,12,1,1.280227,0.176613
11583.186256,11584.147514,0.961258,1,3,3,0,0.496128,0.144692
11587.188692,11588.004647,0.815955,1,3,1,3,0.0,0.0
11597.20933,11598.217167,1.007837,1,3,3,3,0.512345,0.191718
11599.210286,11600.170076,0.95979,1,2,1,1,0.0,0.0
11607.213449,11611.215247,4.001798,1,3,6,1,1.040502,0.14371
11611.246877,11617.346112,6.099235,1,1,7,3,2.001081,0.175614
11621.219701,11622.179972,0.960271,1,3,2,2,0.143698,0.143698
11623.220922,11626.182264,2.961342,1,1,4,1,1.040464,0.464793
11627.222247,11628.183334,0.961087,1,2,3,0,0.529024,0.32002
11631.224163,11632.184955,0.960792,1,3,1,2,0.0,0.0
11633.225042,11634.234154,1.009112,1,2,2,3,0.689152,0.689152
11635.226152,11640.284682,5.05853,1,1,5,3,2.000838,0.191805
11643.230348,11647.247941,4.017593,1,3,5,3,1.184493,0.143931
11649.248923,11661.990376,12.741453,1,3,17,3,2.001444,0.143859
11665.256294,11669.257756,4.001462,1,3,5,1,1.040363,0.464221
11669.273482,11672.138949,2.865467,1,2,3,2,2.001357,0.544201
11675.260759,11676.220547,0.959788,1,3,2,3,0.143944,0.143944
11679.261803,11683.26416,4.002357,1,3,6,1,1.040633,0.14412
11683.2963,11684.256633,0.960333,1,2,2,2,0.640028,0.640028
11685.264755,11687.073226,1.808471,1,2,4,1,1.040978,0.159124
11687.266235,11688.225874,0.959639,1,2,1,1,0.0,0.0
11691.268117,11696.101573,4.833456,1,3,6,4,1.825014,0.128042
11701.28833,11705.018222,3.729892,1,3,4,2,1.041695,0.68726
11705.289412,11706.250036,0.960624,1,2,2,2,0.655423,0.655423
11711.292294,11712.252968,0.960674,1,3,3,0,0.496295,0.143865
11715.294567,11716.254893,0.960326,1,3,2,1,0.144349,0.144349
11717.295635,11718.288357,0.992722,1,2,3,1,0.544717,0.128023
11719.296101,11726.307995,7.011894,1,3,7,4,2.001128,0.191864
11729.300323,11730.261252,0.960929,1,3,1,0,0.0,0.0
11735.30375,11739.305485,4.001735,1,3,3,2,2.000613,1.041094
11743.307004,11750.142546,6.835542,1,3,7,4,2.001681,0.176243
11753.327477,11754.32058,0.993103,1,3,3,2,0.512439,0.176354
11755.328453,11755.632587,0.304134,1,1,1,1,0.0,0.0
11759.330169,11760.290879,0.96071,1,3,2,1,0.144498,0.144498
11763.332265,11765.333036,2.000771,1,3,4,3,1.040019,0.096156
11765.380796,11765.685295,0.304499,1,2,1,2,0.0,0.0
11769.334623,11770.295044,0.960421,1,3,3,1,0.496432,0.144036
11773.337004,11775.337973,2.000969,1,3,2,1,1.040673,1.040673
11775.385372,11781.708508,6.323136,1,1,6,4,2.000533,0.688167
11785.342195,11786.350792,1.008597,1,3,2,1,0.192503,0.192503
11787.343606,11788.303381,0.959775,1,1,1,1,0.0,0.0
11789.343568,11789.664497,0.320929,1,2,1,1,0.0,0.0
11793.345893,11797.36399,4.018097,1,3,7,1,1.056628,0.128228
11801.365753,11802.310092,0.944339,1,3,3,1,0.512355,0.128416
11803.366647,11806.231661,2.865014,1,2,5,1,1.329579,0.127331
11809.368811,11810.185552,0.816741,1,3,1,2,0.0,0.0
11813.371171,11819.1971,5.825929,1,2,9,3,1.552209,0.143817
11823.375124,11823.694831,0.319707,1,3,1,0,0.0,0.0
11827.377321,11828.337763,0.960442,1,3,2,4,0.640529,0.640529
11839.382659,11841.703628,2.320969,1,3,2,2,2.001202,2.001202
11849.402739,11853.40481,4.002071,1,3,6,2,1.280351,0.176216
11853.420915,11868.259474,14.838559,1,2,14,7,2.00093,0.191292
11869.411437,11874.149758,4.738321,1,1,6,3,1.456706,0.191864
11875.414806,11875.734985,0.320179,1,3,1,2,0.0,0.0
11879.416656,11887.516046,8.09939,1,3,9,4,1.552867,0.4639
11891.438025,11900.257864,8.819839,1,3,12,3,1.552683,0.175748
11903.443621,11904.259805,0.816184,1,3,2,3,0.51262,0.51262
11907.445134,11908.405101,0.959967,1,3,3,3,0.543587,0.096068
11911.446867,11912.407301,0.960434,1,3,1,1,0.0,0.0
11913.447601,11914.456478,1.008877,1,2,3,1,0.496288,0.192628
11915.448829,11916.4095,0.960671,1,1,1,1,0.0,0.0
11917.449328,11935.345421,17.896093,1,3,18,9,2.001511,0.175694
11939.459301,11945.478046,6.018745,1,3,9,7,1.18397,0.128451
11945.479082,11951.529601,6.050519,1,3,8,2,1.504612,0.1765
11955.48336,11956.443235,0.959875,1,2,1,1,0.0,0.0
11957.484178,11958.44406,0.959882,1,2,2,2,0.655758,0.655758
11961.48608,11962.446333,0.960253,1,3,2,1,0.144207,0.144207
11963.487083,11967.552549,4.065466,1,2,4,4,1.53651,0.688274
11973.491481,11974.451313,0.959832,1,3,1,0,0.0,0.0
11979.493625,11980.453959,0.960334,1,3,2,1,0.143809,0.143809
11987.497129,11991.547491,4.050362,1,2,6,1,1.312638,0.143303
11995.516739,11996.47717,0.960431,1,3,1,3,0.0,0.0
12001.519493,12010.307809,8.788316,1,3,14,4,1.553452,0.095079
12013.525088,12014.485098,0.96001,1,3,1,2,0.0,0.0
12019.527915,12021.528495,2.00058,1,3,4,3,1.040461,0.096223
12023.529614,12024.538635,1.009021,1,3,2,3,0.192023,0.192023
12025.530777,12029.532974,4.002197,1,1,4,2,1.041714,0.95983
12031.533551,12032.493798,0.960247,1,3,2,0,0.14346,0.14346
12039.537345,12040.497718,0.960373,1,3,1,2,0.0,0.0
12045.556102,12045.859335,0.303233,1,3,1,1,0.0,0.0
12051.558331,12056.105099,4.546768,1,3,6,4,1.537396,0.176458
12063.564096,12068.349859,4.785763,1,3,6,3,1.361268,0.191736
12071.568111,12072.528075,0.959964,1,3,2,4,0.639944,0.639944
12073.568969,12084.405636,10.836667,1,2,15,3,1.553222,0.175301
12085.574512,12086.534146,0.959634,1,1,1,1,0.0,0.0
12087.575402,12106.415352,18.83995,1,3,24,8,2.001252,0.144089
12113.603305,12114.563522,0.960217,1,3,1,2,0.0,0.0
12115.603791,12126.440484,10.836693,1,2,17,2,1.761107,0.144102
12127.608785,12130.52274,2.913955,1,2,5,2,1.040308,0.144586
12135.612665,12139.630035,4.01737,1,3,4,2,1.055621,0.961648
12139.678237,12142.415449,2.737212,1,2,6,1,1.040501,0.144657
12145.633526,12146.592718,0.959192,1,3,1,1,0.0,0.0
12147.633868,12148.594195,0.960327,1,2,2,2,0.656348,0.656348
12153.636365,12154.453368,0.817003,1,3,1,1,0.0,0.0
12157.638981,12158.599055,0.960074,1,3,2,1,0.144457,0.144457
12165.642071,12169.644007,4.001936,1,3,5,3,1.136704,0.368262
12175.647071,12176.655313,1.008242,1,3,2,3,0.688621,0.688621
12179.648416,12180.608844,0.960428,1,3,3,1,0.49553,0.144235
12185.651093,12185.970567,0.319474,1,3,1,1,0.0,0.0
12189.668832,12202.635399,12.966567,1,3,16,7,1.553226,0.176797
12205.676218,12208.029772,2.353554,1,3,2,4,1.536895,1.536895
12211.678835,12212.639277,0.960442,1,3,2,2,0.143522,0.143522
12213.680415,12214.640802,0.960387,1,3,2,0,0.144178,0.144178
12215.681072,12216.640769,0.959697,1,1,1,1,0.0,0.0
12217.68131,12226.741758,9.060448,1,2,13,2,1.360483,0.191618
12229.687037,12230.647704,0.960667,1,3,2,4,0.641087,0.641087
12235.690075,12242.668795,6.97872,1,3,9,3,1.537291,0.144096
12247.711309,12258.676296,10.964987,1,3,14,6,2.002384,0.175939
12263.718621,12276.652631,12.93401,1,3,14,7,2.016392,0.176489
12279.725769,12280.734768,1.008999,1,2,3,1,0.544537,0.144496
12283.72734,12288.289426,4.562086,1,3,5,3,1.552374,0.175907
12291.747548,12294.708998,2.96145,1,3,4,2,1.056291,0.41675
12297.749772,12300.759822,3.01005,1,3,5,3,1.312861,0.128474
12301.752336,12308.763249,7.010913,1,2,9,4,1.328904,0.223845
12311.75668,12315.7587,4.00202,1,3,6,3,1.040348,0.144214
12315.822327,12320.144659,4.322332,1,1,7,1,1.312915,0.144125
12323.761884,12327.684015,3.922131,1,3,4,2,1.040815,0.88034
12331.765551,12332.726118,0.960567,1,3,1,3,0.0,0.0
12333.766781,12353.744018,19.977237,1,2,28,5,1.552619,0.143814
12359.79432,12360.802132,1.007812,1,3,3,1,0.495414,0.191929
12363.795988,12364.756087,0.960099,1,3,1,3,0.0,0.0
12369.798868,12370.807227,1.008359,1,3,3,1,0.495925,0.19231
12371.799287,12377.802402,6.003115,1,2,4,3,2.00096,1.040736
12379.803731,12382.732095,2.928364,1,2,4,4,1.552062,0.367876
12385.805912,12386.766712,0.9608,1,3,3,2,0.51236,0.128469
12387.822795,12393.777966,5.955171,1,2,8,3,2.000772,0.176174
12399.828712,12404.918898,5.090186,1,3,6,6,1.536303,0.465449
12407.832029,12408.840677,1.008648,1,3,3,1,0.496956,0.192154
12409.832962,12410.792831,0.959869,1,2,3,0,0.528392,0.335717
12411.833199,12426.768636,14.935437,1,2,19,5,2.001801,0.367894
12427.840849,12432.851098,5.010249,1,1,7,3,1.761076,0.143888
12437.861322,12444.824676,6.963354,1,3,8,5,2.000395,0.143818
12445.865038,12446.681219,0.816181,1,1,1,1,0.0,0.0
12449.866024,12450.827676,0.961652,1,3,2,1,0.144388,0.144388
12453.868438,12456.862455,2.994017,1,3,3,3,2.000894,0.672529
12457.870203,12460.367666,2.497463,1,3,3,2,1.039621,0.49672
12465.873826,12472.469054,6.595228,1,3,8,5,1.552219,0.224328
12475.878912,12476.934388,1.055476,1,3,3,3,0.543988,0.19125
12479.880797,12484.810404,4.929607,1,3,8,4,1.489021,0.1438
12485.899179,12485.97944,0.080261,1,2,1,2,0.0,0.0
12487.899558,12494.942942,7.043384,1,3,10,3,1.68089,0.143666
12497.905007,12499.041172,1.136165,1,3,1,3,0.0,0.0
12501.906027,12506.916458,5.010431,1,3,9,2,1.185005,0.19208
12507.90939,12508.837305,0.927915,1,2,3,3,0.60776,0.256382
12511.910058,12526.893374,14.983316,1,3,17,7,2.001385,0.095574
12529.919466,12542.853565,12.934099,1,3,21,1,1.26508,0.19159
12543.941444,12554.586316,10.644872,1,1,13,2,2.000272,0.352092
12557.947765,12575.107331,17.159566,1,3,19,8,2.001327,0.143451
12575.956688,12581.142226,5.185538,1,3,8,4,1.552575,0.367621
12583.960091,12594.972564,11.012473,1,3,11,5,2.016301,0.368212
12601.983643,12614.181071,12.197428,1,3,13,7,2.000831,0.351986
12617.991256,12632.958373,14.967117,1,3,20,5,2.001203,0.176329
12636.01528,12640.321868,4.306588,1,3,3,3,2.032704,1.969653
12644.018633,12650.197509,6.178876,1,3,8,3,2.000845,0.272566
12654.024121,12654.840452,0.816331,1,3,1,3,0.0,0.0
12658.025274,12671.167637,13.142363,1,3,12,10,1.553286,0.368243
12674.032663,12681.092374,7.059711,1,3,8,4,1.041109,0.368447
12688.055311,12692.281182,4.225871,1,3,3,3,1.552936,1.536795
12696.058261,12702.285026,6.226765,1,3,7,4,1.632878,0.367846
12706.063591,12712.258431,6.19484,1,3,4,3,2.001403,1.504736
12716.068144,12738.861724,22.79358,1,3,32,5,1.632555,0.35208
12742.095471,12744.448971,2.3535,1,3,4,1,1.217024,0.320361
12748.098497,12749.234235,1.135738,1,3,1,3,0.0,0.0
12752.099738,12765.033511,12.933773,1,3,16,7,1.648173,0.287821
12768.107262,12776.7996,8.692338,1,3,10,6,2.001095,0.367618
12780.128491,12783.266321,3.13783,1,3,2,3,2.001346,2.001346
12786.131471,12788.437057,2.305586,1,3,4,2,1.169719,0.319621
12792.133991,12796.85577,4.721779,1,3,6,2,1.136803,0.400056
12800.13744,12813.263466,13.126026,1,3,12,7,2.000474,0.320313
12816.144895,12817.105269,0.960374,1,3,1,1,0.0,0.0
12820.146428,12821.106958,0.96053,1,3,2,3,0.639972,0.639972
12826.149344,12827.109861,0.960517,1,3,2,1,0.144145,0.144145
12834.168626,12837.034272,2.865646,1,3,4,4,1.455973,0.544275
12840.171608,12844.526109,4.354501,1,3,4,4,1.536817,0.464444
12848.175554,12849.36003,1.184476,1,3,3,1,0.544257,0.320159
12852.176897,12853.137686,0.960789,1,3,2,1,0.640138,0.640138
12856.178794,12857.139035,0.960241,1,1,3,1,0.639827,0.25583
12860.180648,12892.947646,32.766998,1,3,39,8,2.001737,0.272602
12896.212906,12932.341305,36.128399,1,3,40,13,2.001096,0.319909
12936.247068,12939.432236,3.185168,1,3,4,3,1.056326,0.864685
12942.24973,12955.120121,12.870391,1,3,13,6,2.016856,0.368089
12958.257663,12973.415795,15.158132,1,3,17,7,2.001295,0.319963
12976.26565,12979.146649,2.880999,1,3,4,1,1.056129,0.368124
12980.283465,12980.603499,0.320034,1,1,2,2,0.240154,0.240154
12984.284648,12985.24507,0.960422,1,3,3,0,0.543767,0.111911
12988.287146,12989.246524,0.959378,1,3,3,2,0.543787,0.111544
12992.288134,12994.609349,2.321215,1,3,2,4,2.016807,2.016807
12998.291453,13002.517518,4.226065,1,3,4,2,2.000891,0.863957
13006.295262,13007.255543,0.960281,1,3,2,2,0.640374,0.640374
13008.295597,13010.985181,2.689584,1,3,4,3,1.040432,0.176743
13016.299736,13017.115469,0.815733,1,3,2,0,0.495764,0.495764
13020.301484,13024.542723,4.241239,1,3,5,2,1.553187,0.352351
13028.304494,13029.265621,0.961127,1,3,1,1,0.0,0.0
13030.321408,13031.266548,0.94514,1,3,2,4,0.640717,0.640717
13034.323955,13041.510824,7.186869,1,3,9,3,2.000957,0.352364
13044.327962,13047.144775,2.816813,1,3,5,2,1.137119,0.367739
13056.333483,13057.294058,0.960575,1,3,1,3,0.0,0.0
13058.334735,13059.29487,0.960135,1,3,3,3,0.544723,0.096034
13060.335654,13073.316448,12.980794,1,3,17,5,2.000833,0.368004
13076.342391,13085.194075,8.851684,1,3,9,6,1.553043,0.320945
13088.363384,13089.324368,0.960984,1,3,3,3,0.512218,0.14382
13090.364726,13091.324632,0.959906,1,1,1,1,0.0,0.0
13096.36758,13099.056118,2.688538,1,3,3,4,1.040164,0.688212
13102.370617,13103.554713,1.184096,1,3,2,3,0.864121,0.864121
13106.371475,13107.332638,0.961163,1,3,1,2,0.0,0.0
13108.372468,13147.382285,39.009817,1,2,57,3,2.001415,0.319322
13150.407842,13152.120373,1.712531,1,5,3,6,0.895951,0.496814
13152.407755,13155.370195,2.96244,1,1,4,1,1.040048,0.416025
13156.410102,13160.812154,4.402052,1,1,5,3,1.537018,0.544814
13164.413651,13165.374469,0.960818,1,3,2,0,0.143983,0.143983
13168.415414,13169.376417,0.961003,1,3,2,1,0.144099,0.144099
13170.416264,13181.253523,10.837259,1,1,12,5,2.000675,0.367947
13184.438802,13187.399985,2.961183,1,3,4,3,1.040202,0.46399
13188.441134,13189.400903,0.959769,1,2,2,2,0.639815,0.639815
13190.441827,13191.257809,0.815982,1,2,1,1,0.0,0.0
13194.44375,13208.801904,14.358154,1,3,17,8,1.553344,0.367898
13212.451827,13213.411666,0.959839,1,3,2,3,0.143872,0.143872
13216.453472,13217.413551,0.960079,1,3,2,0,0.127813,0.127813
13218.454013,13239.695784,21.241771,1,1,25,8,2.000941,0.320702
13248.483789,13255.44673,6.962941,1,3,9,4,1.552731,0.224615
13258.488488,13265.692035,7.203547,1,3,7,3,2.016976,0.368199
13268.492554,13272.510544,4.01799,1,3,5,3,1.328167,0.144175
13272.526745,13273.487008,0.960263,1,1,1,1,0.0,0.0
13274.51115,13275.456517,0.945367,1,3,3,3,0.544299,0.368939
13280.51493,13281.330912,0.815982,1,3,1,1,0.0,0.0
13284.516117,13287.477638,2.961521,1,2,6,0,1.04054,0.144005
13290.518581,13291.335632,0.817051,1,3,1,0,0.0,0.0
13294.521205,13295.481222,0.960017,1,2,1,1,0.0,0.0
13296.521224,13300.251066,3.729842,1,3,6,1,1.040256,0.143952
13300.523151,13302.556723,2.033572,1,1,4,1,1.05703,0.127605
13302.588523,13302.908999,0.320476,1,3,1,1,0.0,0.0
13306.525968,13325.462653,18.936685,1,3,22,9,2.000892,0.144207
13328.551709,13329.368387,0.816678,1,3,2,2,0.512432,0.512432
13336.555624,13337.515776,0.960152,1,3,2,1,0.14387,0.14387
13342.558703,13352.563394,10.004691,1,3,11,3,2.000644,0.367782
13356.564966,13357.52518,0.960214,1,3,2,1,0.143843,0.143843
13360.566879,13364.936743,4.369864,1,3,5,1,1.552506,0.400583
13368.57015,13369.578358,1.008208,1,3,2,4,0.687955,0.687955
13372.586983,13373.5487,0.961717,1,3,1,1,0.0,0.0
13374.588889,13383.456655,8.867766,1,2,12,3,1.312599,0.144131
13386.59388,13387.554905,0.961025,1,3,2,2,0.656351,0.656351
13388.594874,13392.821166,4.226292,1,2,4,2,2.001351,0.368532
13396.598669,13399.288449,2.68978,1,3,5,2,1.041066,0.143182
13404.602124,13407.563607,2.961483,1,3,4,3,1.040476,0.448035
13408.603446,13431.029963,22.426517,1,2,22,9,2.000825,0.143918
13434.631948,13447.422091,12.790143,1,3,19,1,1.680852,0.192199
13450.639558,13452.960332,2.320774,1,3,4,1,1.136571,0.368134
13456.641163,13469.479372,12.838209,1,3,17,3,2.00039,0.223665
13472.665462,13474.666581,2.001119,1,3,3,1,1.041394,0.143734
13476.667244,13483.021949,6.354705,1,3,6,4,1.536521,0.544407
13486.671099,13487.631717,0.960618,1,3,1,1,0.0,0.0
13492.67433,13504.679793,12.005463,1,3,14,7,2.001307,0.144518
13506.680572,13511.002564,4.321992,1,3,6,4,1.505254,0.351733
13514.684253,13521.646956,6.962703,1,3,9,5,1.313048,0.223955
13522.704237,13525.520703,2.816466,1,2,3,3,1.631905,0.368746
13528.706252,13535.974432,7.26818,1,3,9,5,1.552308,0.273046
13538.710989,13539.671906,0.960917,1,3,1,2,0.0,0.0
13548.715969,13549.676379,0.96041,1,3,1,1,0.0,0.0
13550.716344,13552.717418,2.001074,1,2,3,2,1.040033,0.641001
13552.781261,13563.569859,10.788598,1,2,18,2,1.39311,0.143256
13566.723286,13567.684265,0.960979,1,3,3,0,0.511461,0.128754
13572.742192,13581.482603,8.740411,1,3,12,4,1.056834,0.143945
13584.748248,13585.70811,0.959862,1,3,2,4,0.640732,0.640732
13590.750977,13591.711003,0.960026,1,3,1,1,0.0,0.0
13596.753569,13597.073552,0.319983,1,3,1,1,0.0,0.0
13600.755459,13601.71592,0.960461,1,3,1,3,0.0,0.0
13602.756378,13610.728234,7.971856,1,2,10,4,2.001263,0.143981
13612.761486,13623.646403,10.884917,1,3,14,6,2.000891,0.144518
13626.784181,13627.777316,0.993135,1,3,3,1,0.544064,0.144952
13628.785183,13635.748916,6.963733,1,1,9,3,1.456776,0.2398
13638.790351,13643.704321,4.91397,1,3,5,5,2.000909,0.368657
13644.79343,13670.997894,26.204464,1,2,34,5,2.000952,0.143945
