Rel Start (s),Rel End (s),Interval Duration,Syncs,Acks,Data Packets,Missing Slots,Max Data Gap,Min Data Gap
0.0,1.763652,1.763652,1,3,2,1,1.045297,1.045297
4.000148,6.720478,2.72033,1,3,3,4,1.903904,0.098651
11.997279,13.762211,1.764932,1,3,2,2,1.046017,1.046017
15.996508,20.862833,4.866325,1,3,8,4,1.460328,0.096372
21.996048,22.714342,0.718294,1,2,1,1,0.0,0.0
29.993247,31.055873,1.062626,1,3,2,1,0.24566,0.24566
33.993865,38.752885,4.75902,1,3,6,5,1.50676,0.435004
41.990831,42.808519,0.817688,1,3,1,3,0.0,0.0
45.990258,46.708348,0.71809,1,3,2,4,0.402163,0.402163
47.989492,48.707975,0.718483,1,2,1,1,0.0,0.0
53.988151,54.705931,0.71778,1,3,1,3,0.0,0.0
55.987873,58.851813,2.86394,1,2,6,6,1.479858,0.079127
61.986229,64.349322,2.363093,1,3,2,2,1.545713,1.545713
67.986108,72.723074,4.736966,1,3,8,3,1.044775,0.086252
73.983632,74.702811,0.719179,1,1,1,1,0.0,0.0
75.983702,85.100146,9.116444,1,1,11,3,2.003786,0.245194
87.980999,91.138171,3.157172,1,3,7,8,1.527493,0.073314
93.979548,98.091956,4.112408,1,3,5,4,1.459334,0.247968
101.977448,106.301036,4.323588,1,3,5,6,2.003664,0.141985
109.975211,112.336979,2.361768,1,3,3,3,1.54589,0.097391
115.974574,118.838119,2.863545,1,3,6,8,1.478573,0.077956
121.973093,122.823196,0.850103,1,3,3,3,0.447007,0.088023
125.972491,129.167812,3.195321,1,3,6,3,1.545817,0.099979
131.971498,144.132018,12.16052,1,3,16,4,1.548152,0.244868
147.967606,153.822123,5.854517,1,3,6,6,2.002307,0.067765
153.966611,154.72779,0.761179,1,1,2,2,0.445623,0.445623
155.966231,156.683323,0.717092,1,2,1,2,0.0,0.0
157.965025,159.727959,1.762934,1,2,2,2,1.04402,1.04402
169.962348,182.715876,12.753528,1,3,18,5,1.597984,0.098983
183.960194,189.56149,5.601296,1,1,7,2,2.001568,0.075506
195.957866,197.720592,1.762726,1,3,3,3,0.945696,0.098388
197.955912,202.684564,4.728652,1,3,9,4,1.50288,0.073184
205.954651,208.771679,2.817028,1,3,6,6,1.502346,0.097362
215.952945,219.061598,3.108653,1,3,7,5,1.459028,0.096468
221.951444,224.271228,2.319784,1,3,3,3,1.457981,0.545956
227.950036,229.757322,1.807286,1,3,4,3,0.971048,0.073239
229.949409,230.850365,0.900956,1,1,2,1,0.08352,0.08352
231.949187,232.809018,0.859831,1,2,2,1,0.544062,0.544062
235.94875,237.753912,1.805162,1,3,4,4,0.946433,0.097955
241.947327,242.263057,0.31573,1,3,1,1,0.0,0.0
245.946238,246.261313,0.315075,1,3,1,2,0.0,0.0
249.945156,251.708859,1.763703,1,2,3,1,1.045245,0.404814
251.944683,252.87976,0.935077,1,2,3,1,0.543824,0.074861
253.944845,254.881803,0.936958,1,1,3,1,0.544581,0.076185
259.942651,260.760673,0.818022,1,3,2,3,0.098895,0.098895
263.941286,266.806076,2.86479,1,3,6,7,1.459445,0.141688
267.941806,269.704805,1.762999,1,3,2,0,1.045691,1.045691
273.939465,278.759928,4.820463,1,3,3,4,2.001759,2.001251
281.938154,283.755452,1.817298,1,2,3,1,0.909226,0.09166
285.937054,289.700337,3.763283,1,3,6,5,1.459917,0.14052
293.935794,294.653403,0.717609,1,3,1,3,0.0,0.0
301.933712,303.697213,1.763501,1,3,3,2,0.948757,0.096267
307.932618,310.752119,2.819501,1,3,4,3,2.001884,0.09878
313.930838,316.74943,2.818592,1,3,4,5,1.903857,0.09681
317.929522,319.73413,1.804608,1,1,4,4,0.945659,0.097706
319.929049,320.246945,0.317896,1,1,1,1,0.0,0.0
323.928703,324.819782,0.891079,1,3,2,2,0.075575,0.075575
327.927336,328.688612,0.761276,1,3,2,1,0.445562,0.445562
329.927617,330.245546,0.317929,1,2,1,2,0.0,0.0
333.926323,337.780345,3.854022,1,3,5,6,1.547979,0.076874
337.92624,339.678026,1.751786,1,3,3,3,0.909545,0.103258
343.924126,345.686739,1.762613,1,3,3,4,1.044296,0.402713
347.923228,349.732255,1.809027,1,3,3,0,0.915785,0.075775
353.923015,355.683265,1.76025,1,3,2,1,1.043094,1.043094
355.921983,357.685866,1.763883,1,2,4,2,0.873033,0.074507
357.921423,358.685352,0.763929,1,1,2,2,0.446259,0.446259
359.920965,362.784583,2.863618,1,1,4,4,2.002927,0.09823
363.920077,365.68347,1.763393,1,3,2,1,1.044942,1.044942
371.918151,372.810407,0.892256,1,3,3,3,0.098351,0.07577
373.917837,374.233634,0.315797,1,1,1,1,0.0,0.0
377.916771,378.633893,0.717122,1,3,1,0,0.0,0.0
383.914715,384.8658,0.951085,1,3,2,1,0.135167,0.135167
385.915701,388.234756,2.319055,1,3,4,4,1.460144,0.096448
391.914069,396.811053,4.896984,1,3,7,5,1.547842,0.076973
397.911513,398.846787,0.935274,1,2,4,3,0.44799,0.075559
401.911691,402.847293,0.935602,1,3,3,0,0.543508,0.076141
405.910591,409.674153,3.763562,1,3,4,1,1.901686,0.099635
411.908889,412.800511,0.891622,1,3,2,0,0.07477,0.07477
413.908312,418.818334,4.910022,1,3,6,5,1.545419,0.100012
429.904962,431.669009,1.764047,1,3,2,2,1.044939,1.044939
433.905324,434.622566,0.717242,1,3,1,3,0.0,0.0
439.903972,443.712526,3.808554,1,3,6,5,1.473103,0.08581
443.902921,444.664876,0.761955,1,2,2,2,0.446062,0.446062
445.901494,447.664738,1.763244,1,1,2,1,1.044551,1.044551
447.900589,448.84001,0.939421,1,2,4,3,0.44592,0.077945
451.901263,454.620857,2.719594,1,3,5,6,1.50263,0.098009
457.899665,458.618571,0.718906,1,3,1,1,0.0,0.0
459.898389,460.817234,0.918845,1,2,4,3,0.446171,0.076679
465.898237,466.616823,0.718586,1,3,1,3,0.0,0.0
467.8978,469.661663,1.763863,1,2,2,2,1.044796,1.044796
469.896743,472.715533,2.81879,1,1,2,2,2.001828,2.001828
475.895419,476.614502,0.719083,1,3,1,2,0.0,0.0
477.894237,478.790157,0.89592,1,3,2,3,0.079595,0.079595
479.894051,481.657042,1.762991,1,2,2,2,1.043891,1.043891
481.894048,484.788786,2.894738,1,1,3,2,2.00204,0.075472
487.892954,492.829717,4.936763,1,3,7,7,1.546759,0.08085
493.890568,494.707319,0.816751,1,2,1,2,0.0,0.0
497.891068,500.829332,2.938264,1,3,7,6,1.503985,0.075125
507.888038,511.694668,3.80663,1,3,8,8,1.481871,0.075839
511.886614,515.698555,3.811941,1,2,7,4,1.4606,0.082584
515.886382,516.203144,0.316762,1,1,1,1,0.0,0.0
519.884515,522.834751,2.950236,1,3,6,8,1.545978,0.141484
529.884313,532.651461,2.767148,1,3,4,5,1.502534,0.447264
535.88214,536.698301,0.816161,1,3,1,1,0.0,0.0
541.881377,543.645673,1.764296,1,3,2,1,1.045905,1.045905
543.879534,544.641705,0.762171,1,3,2,2,0.445897,0.445897
545.880615,546.597765,0.71715,1,2,1,2,0.0,0.0
553.878279,555.640298,1.762019,1,3,4,4,0.902253,0.141882
559.876205,560.778165,0.90196,1,3,2,1,0.086015,0.086015
561.877049,562.594684,0.717635,1,2,2,2,0.401738,0.401738
563.875727,565.639518,1.763791,1,2,2,1,1.044841,1.044841
569.875596,570.767547,0.891951,1,3,4,5,0.401506,0.075247
573.87422,575.636881,1.762661,1,2,4,2,0.869942,0.075367
575.873131,576.634999,0.761868,1,2,2,2,0.446322,0.446322
577.872834,578.591379,0.718545,1,2,1,1,0.0,0.0
579.872804,581.724187,1.851383,1,3,5,4,0.915397,0.07572
589.86903,590.588283,0.719253,1,2,2,3,0.402635,0.402635
593.870808,596.68851,2.817702,1,3,5,7,1.545768,0.09946
601.867781,604.677797,2.810016,1,3,5,4,1.527023,0.07409
607.866112,609.627627,1.761515,1,3,2,1,1.044283,1.044283
609.867059,610.757275,0.890216,1,1,2,1,0.0754,0.0754
611.866112,613.629281,1.763169,1,2,2,1,1.044549,1.044549
613.865939,614.584748,0.718809,1,2,1,1,0.0,0.0
615.864714,616.582994,0.71828,1,2,2,2,0.40165,0.40165
617.864741,618.759398,0.894657,1,2,2,1,0.078645,0.078645
623.86133,626.756783,2.895453,1,3,4,3,1.546864,0.075348
629.861553,633.669854,3.808301,1,3,7,7,1.460014,0.097286
639.859538,640.577076,0.717538,1,3,1,2,0.0,0.0
641.859108,643.621113,1.762005,1,2,2,2,1.04506,1.04506
647.857526,648.675079,0.817553,1,3,1,0,0.0,0.0
651.856884,654.219742,2.362858,1,3,2,4,1.546943,1.546943
657.85643,658.57438,0.71795,1,3,1,0,0.0,0.0
663.903951,664.573112,0.669161,1,3,2,4,0.372492,0.372492
667.853204,670.747767,2.894563,1,3,4,4,1.546531,0.076163
673.852696,676.571669,2.718973,1,3,4,4,1.907965,0.093443
677.851331,678.569494,0.718163,1,2,1,1,0.0,0.0
683.850076,685.611795,1.761719,1,2,2,1,1.04291,1.04291
693.847939,694.748231,0.900292,1,3,4,3,0.402405,0.083633
695.847587,696.566284,0.718697,1,1,1,1,0.0,0.0
697.846305,698.662011,0.815706,1,1,2,1,0.7476,0.7476
701.844396,704.664165,2.819769,1,3,2,4,2.003287,2.003287
707.84402,708.606953,0.762933,1,3,2,2,0.446389,0.446389
711.843809,714.738726,2.894917,1,3,3,4,2.002785,0.076119
715.842085,716.561035,0.71895,1,1,1,1,0.0,0.0
717.842578,718.561428,0.71885,1,3,1,1,0.0,0.0
723.841606,724.157899,0.316293,1,3,1,0,0.0,0.0
727.840057,729.645348,1.805291,1,3,4,5,0.968942,0.075257
731.838503,732.557523,0.71902,1,3,1,2,0.0,0.0
733.838679,735.602602,1.763923,1,3,5,2,0.872042,0.075161
737.838367,740.732051,2.893684,1,3,3,3,2.001638,0.075135
743.836816,746.688954,2.852138,1,3,5,4,1.546465,0.042254
749.834475,751.597131,1.762656,1,3,4,4,0.945426,0.100553
759.832924,760.551418,0.718494,1,3,1,1,0.0,0.0
763.8328,767.643369,3.810569,1,2,5,3,1.503212,0.446406
767.83159,770.668889,2.837299,1,3,6,8,1.474637,0.07363
771.830564,773.595738,1.765174,1,2,2,2,1.045864,1.045864
775.829747,779.586613,3.756866,1,3,5,4,1.90231,0.098197
783.827759,785.590163,1.762404,1,3,2,0,1.044687,1.044687
785.828426,786.545809,0.717383,1,3,2,4,0.402014,0.402014
789.826642,791.589076,1.762434,1,3,3,2,0.946496,0.098013
793.825458,794.719674,0.894216,1,3,3,1,0.50102,0.077484
799.823912,800.585778,0.761866,1,3,2,1,0.444599,0.444599
803.823148,809.713231,5.890083,1,3,7,5,2.001836,0.060861
811.821184,812.539965,0.718781,1,3,1,1,0.0,0.0
813.82104,814.538686,0.717646,1,2,1,1,0.0,0.0
821.819396,822.713881,0.894485,1,3,2,0,0.078384,0.078384
825.81899,828.637291,2.818301,1,3,5,6,1.503179,0.097736
831.816576,838.764072,6.947496,1,3,7,8,2.005306,0.074821
843.814287,845.578017,1.76373,1,3,4,4,0.904439,0.1411
849.813822,850.706942,0.89312,1,2,3,1,0.501261,0.075915
851.814122,853.578202,1.76408,1,1,2,1,1.045004,1.045004
855.812396,856.708336,0.89594,1,2,2,1,0.079369,0.079369
859.811461,861.57471,1.763249,1,3,3,3,0.947631,0.097939
865.810029,868.709452,2.899423,1,3,4,3,2.002052,0.081227
871.808884,873.663405,1.854521,1,3,5,3,0.916125,0.076308
875.808414,878.701517,2.893103,1,3,4,4,1.547038,0.076044
879.80737,880.796931,0.989561,1,3,3,3,0.543531,0.129213
881.807215,882.624535,0.81732,1,2,2,2,0.501685,0.501685
891.803854,895.566259,3.762405,1,3,4,4,1.902714,0.098954
895.802353,896.52163,0.719277,1,2,2,2,0.403242,0.403242
897.803345,902.711372,4.908027,1,1,4,3,2.001703,0.544583
905.800765,906.518035,0.71727,1,3,1,1,0.0,0.0
911.799362,912.69089,0.891528,1,3,3,3,0.498644,0.076476
913.799384,914.691758,0.892374,1,2,2,1,0.076295,0.076295
915.799868,917.563925,1.764057,1,2,2,2,1.045203,1.045203
917.798386,918.734394,0.936008,1,1,3,1,0.544496,0.075594
925.79688,926.514886,0.718006,1,3,1,1,0.0,0.0
927.795913,934.653163,6.85725,1,2,6,5,2.003444,0.446284
943.793248,944.6892,0.895952,1,3,3,3,0.498294,0.081211
945.792769,952.565311,6.772542,1,3,7,9,2.004345,0.079398
955.790206,958.699665,2.909459,1,3,6,8,1.528158,0.0753
959.789116,960.506967,0.717851,1,1,1,1,0.0,0.0
961.789653,964.608068,2.818415,1,3,4,3,1.903116,0.098235
965.788577,967.610226,1.821649,1,3,3,3,0.914009,0.091613
969.787055,970.54874,0.761685,1,3,2,3,0.445679,0.445679
971.788201,975.568308,3.780107,1,2,6,5,1.481325,0.075447
979.786003,982.678818,2.892815,1,3,3,4,2.001865,0.074137
985.783399,987.546345,1.762946,1,3,4,4,0.947623,0.097055
987.783041,988.642479,0.859438,1,2,3,4,0.444683,0.098315
991.782452,995.545055,3.762603,1,3,6,6,1.902312,0.098494
995.781758,996.098897,0.317139,1,3,1,2,0.0,0.0
1003.779215,1005.540568,1.761353,1,3,2,0,1.042924,1.042924
1007.778327,1009.543013,1.764686,1,3,2,3,1.04554,1.04554
1009.779838,1012.544683,2.764845,1,2,3,3,2.002554,0.445982
1017.776982,1018.669566,0.892584,1,3,4,3,0.4009,0.07603
1021.775539,1024.0945,2.318961,1,3,2,2,2.002949,2.002949
1027.774979,1028.709162,0.934183,1,3,3,3,0.543609,0.075817
1031.774137,1032.591003,0.816866,1,3,2,4,0.097238,0.097238
1035.772778,1040.541906,4.769128,1,2,4,5,2.002952,0.445998
1043.771032,1046.589154,2.818122,1,3,3,1,1.546937,0.455289
1049.770305,1050.487682,0.717377,1,3,1,1,0.0,0.0
1051.768833,1052.722335,0.953502,1,2,4,4,0.445571,0.094082
1055.767548,1056.708524,0.940976,1,3,3,0,0.543855,0.081045
1059.767426,1060.585192,0.817766,1,3,2,2,0.098562,0.098562
1063.766887,1065.529841,1.762954,1,3,4,4,0.947722,0.097115
1067.766413,1069.528236,1.761823,1,3,2,3,1.044198,1.044198
1073.765519,1074.081622,0.316103,1,3,1,0,0.0,0.0
1077.764221,1079.526206,1.761985,1,3,2,3,1.044988,1.044988
1079.764226,1080.482465,0.718239,1,2,2,2,0.402767,0.402767
1081.76304,1082.481638,0.718598,1,3,1,1,0.0,0.0
1083.762183,1086.701187,2.939004,1,2,5,2,1.459774,0.075643
1093.760818,1094.656617,0.895799,1,3,2,3,0.078638,0.078638
1097.759295,1099.521419,1.762124,1,3,4,6,0.947056,0.098103
1105.758732,1107.520877,1.762145,1,3,4,2,0.870208,0.075228
1107.757473,1108.705859,0.948386,1,1,3,1,0.544237,0.088184
1115.755323,1116.516231,0.760908,1,3,2,2,0.446134,0.446134
1121.754219,1122.071295,0.317076,1,3,1,0,0.0,0.0
1125.753711,1127.516574,1.762863,1,3,2,0,1.04537,1.04537
1127.752763,1128.470795,0.718032,1,1,1,1,0.0,0.0
1129.753435,1130.068491,0.315056,1,1,1,1,0.0,0.0
1135.750352,1136.643007,0.892655,1,3,2,1,0.075255,0.075255
1137.751846,1139.514915,1.763069,1,2,2,1,1.045302,1.045302
1139.750089,1140.469254,0.719165,1,2,1,2,0.0,0.0
1141.749822,1144.69139,2.941568,1,2,5,2,1.458895,0.079611
1147.748863,1149.510535,1.761672,1,3,3,5,0.944835,0.098968
1151.747943,1156.516917,4.768974,1,3,6,8,2.005644,0.141076
1157.746265,1162.735181,4.988916,1,2,6,5,2.002735,0.075572
1165.744614,1169.554074,3.80946,1,3,4,2,2.003379,0.446806
1169.74419,1171.506405,1.762215,1,3,3,4,0.945134,0.099882
1171.743325,1174.608892,2.865567,1,3,5,6,1.472458,0.085199
1177.742309,1178.633354,0.891045,1,3,2,2,0.075395,0.075395
1179.741253,1180.459762,0.718509,1,3,2,3,0.403105,0.403105
1183.739921,1186.558208,2.818287,1,3,2,1,2.001939,2.001939
1189.73938,1192.548998,2.809618,1,3,5,5,1.54587,0.09874
1193.737897,1195.546004,1.808107,1,1,3,1,0.914201,0.075841
1195.737319,1196.554721,0.817402,1,2,1,2,0.0,0.0
1199.736455,1200.118812,0.382357,1,4,1,1,0.0,0.0
1201.737503,1203.501147,1.763644,1,2,2,1,1.044741,1.044741
1203.736145,1204.053672,0.317527,1,1,1,1,0.0,0.0
1207.735227,1216.548597,8.81337,1,3,12,2,1.544845,0.244957
1217.733791,1218.549982,0.816191,1,1,1,1,0.0,0.0
1223.731104,1224.749973,1.018869,1,3,1,3,0.0,0.0
1227.73189,1233.547684,5.815794,1,3,7,4,1.462137,0.446201
1233.729782,1235.536324,1.806542,1,1,3,2,1.043834,0.446719
1235.729678,1239.584817,3.855139,1,2,4,2,1.543917,0.246023
1239.728604,1242.048726,2.320122,1,1,2,2,2.004581,2.004581
1245.727622,1248.567892,2.84027,1,3,6,5,1.303521,0.073705
1255.725327,1263.582268,7.856941,1,2,8,2,2.001705,0.246751
1263.723039,1266.042868,2.319829,1,1,3,2,1.257673,0.745615
1273.721051,1275.574905,1.853854,1,3,4,2,0.915609,0.076977
1277.720057,1278.036328,0.316271,1,3,1,1,0.0,0.0
1281.720087,1284.785815,3.065728,1,3,4,2,1.756691,0.2451
1287.717542,1294.284228,6.566686,1,3,11,3,1.390166,0.154958
1297.716263,1303.828988,6.112725,1,3,5,6,1.547069,0.456416
1307.713159,1316.61625,8.903091,1,3,12,3,1.800931,0.200818
1319.710879,1331.616199,11.90532,1,3,12,6,2.003947,0.245185
1335.707581,1342.564649,6.857068,1,3,8,7,1.257764,0.745408
1343.705023,1352.570566,8.865543,1,1,12,4,1.257128,0.251912
1353.703926,1356.682975,2.979049,1,1,4,2,1.546205,0.075537
1359.702025,1374.654108,14.952083,1,3,17,5,2.002444,0.202224
1377.699298,1384.514525,6.815227,1,3,8,4,2.002566,0.201692
1387.696582,1391.546581,3.849999,1,3,4,3,1.043827,0.746566
1391.695103,1394.760223,3.06512,1,2,5,2,1.544972,0.24715
1397.693629,1400.500572,2.806943,1,3,4,3,1.044131,0.24588
1403.692894,1407.891399,4.198505,1,3,7,1,1.388034,0.159541
1411.69171,1429.646023,17.954313,1,3,21,5,2.00334,0.201088
1433.686626,1438.249261,4.562635,1,3,4,2,2.00102,0.500399
1441.685256,1450.588967,8.903711,1,3,12,5,1.545159,0.200345
1453.681574,1463.652132,9.970558,1,2,13,3,1.547059,0.263251
1463.688692,1464.003999,0.315307,1,1,1,1,0.0,0.0
1467.677927,1476.536505,8.858578,1,3,11,4,1.716512,0.245075
1481.676224,1504.649384,22.97316,1,3,28,5,2.002561,0.201438
1505.670818,1506.487638,0.81682,1,1,1,1,0.0,0.0
1509.670645,1514.57038,4.899735,1,3,7,5,1.542628,0.24646
1517.667418,1522.232096,4.564678,1,3,7,1,1.047795,0.202081
1525.66696,1534.282361,8.615401,1,3,7,5,2.00299,0.203868
1537.663246,1542.476693,4.813447,1,3,7,2,2.002698,0.159316
1543.661804,1546.724936,3.063132,1,1,4,2,1.043953,0.246804
1549.660629,1554.560019,4.89939,1,3,7,3,1.589531,0.246124
1557.659921,1566.77397,9.114049,1,3,15,1,1.299667,0.244325
1569.656704,1578.269898,8.613194,1,3,7,4,2.002187,0.245804
1581.654069,1586.7187,5.064631,1,3,6,2,2.001,0.201932
1589.652277,1591.413939,1.761662,1,3,3,3,0.944638,0.099195
1593.652336,1593.968081,0.315745,1,2,1,1,0.0,0.0
1597.650706,1602.77711,5.126404,1,3,7,5,2.002038,0.157843
1605.649061,1616.645616,10.996555,1,3,17,3,1.389136,0.157437
1617.646745,1618.364623,0.717878,1,1,1,1,0.0,0.0
1619.64546,1627.976061,8.330601,1,3,6,5,2.005915,0.543477
1631.642831,1638.589857,6.947026,1,3,12,2,1.299545,0.244749
1639.6422,1640.358649,0.716449,1,2,1,1,0.0,0.0
1649.639818,1650.35679,0.716972,1,3,2,1,0.400137,0.400137
1651.639177,1662.541173,10.901996,1,3,17,7,1.547434,0.097681
1665.636212,1674.006312,8.3701,1,3,6,7,2.003692,0.097331
1681.632154,1684.697277,3.065123,1,3,5,3,1.903757,0.098132
1685.631766,1687.393867,1.762101,1,1,2,1,1.044698,1.044698
1691.629799,1692.348816,0.719017,1,3,1,3,0.0,0.0
1693.629123,1693.944616,0.315493,1,2,1,1,0.0,0.0
1697.629463,1704.529393,6.89993,1,3,11,3,1.301481,0.243796
1707.626493,1718.574141,10.947648,1,3,16,4,1.545515,0.244013
1721.623582,1722.340839,0.717257,1,3,1,3,0.0,0.0
1723.623022,1726.687619,3.064597,1,1,3,3,2.003066,0.745617
1729.622285,1740.571868,10.949583,1,3,11,4,2.002095,0.245917
1743.618687,1750.622282,7.003595,1,3,6,6,2.002627,0.544926
1751.617354,1752.33538,0.718026,1,2,1,1,0.0,0.0
1753.616188,1755.378505,1.762317,1,3,2,2,1.044123,1.044123
1759.614906,1763.380267,3.765361,1,3,6,5,1.903551,0.098116
1765.613671,1766.333717,0.720046,1,3,1,3,0.0,0.0
1767.613485,1768.675887,1.062402,1,2,2,2,0.74515,0.74515
1771.613252,1780.219812,8.60656,1,3,13,4,1.299606,0.245023
1781.609778,1796.818943,15.209165,1,2,17,8,2.002032,0.114634
1799.606549,1800.423565,0.817016,1,3,1,1,0.0,0.0
1803.60546,1804.324062,0.718602,1,3,2,2,0.402665,0.402665
1809.605105,1816.350394,6.745289,1,3,11,9,1.547129,0.097334
1819.601295,1821.363482,1.762187,1,3,5,3,0.654876,0.143042
1821.601535,1834.768994,13.167459,1,1,19,3,1.674818,0.20228
1835.59848,1840.009428,4.410948,1,2,7,1,1.300919,0.200408
1843.598073,1846.318027,2.719954,1,3,5,5,1.546682,0.143221
1847.59599,1852.499624,4.903634,1,2,7,2,1.293221,0.247051
1855.593754,1859.916167,4.322413,1,3,5,3,2.00296,0.245495
1863.592006,1870.242731,6.650725,1,3,10,5,1.545946,0.04988
1875.59029,1877.910014,2.319724,1,3,4,1,1.214685,0.245546
1881.588239,1882.352133,0.763894,1,3,2,3,0.446797,0.446797
1883.587153,1884.402876,0.815723,1,2,1,1,0.0,0.0
1887.587312,1888.306035,0.718723,1,3,1,3,0.0,0.0
1889.586812,1893.392748,3.805936,1,3,6,7,1.485652,0.072781
1899.585283,1900.302879,0.717596,1,3,1,0,0.0,0.0
1901.584241,1903.345465,1.761224,1,2,2,2,1.044479,1.044479
1907.583084,1910.647598,3.064514,1,3,7,5,1.502881,0.097805
1915.581207,1918.444123,2.862916,1,3,5,4,1.50455,0.098537
1919.579215,1928.236165,8.65695,1,1,7,5,2.001038,0.291085
1931.577136,1933.385451,1.808315,1,3,3,2,1.045749,0.446144
1933.577193,1945.574793,11.9976,1,1,17,2,2.004271,0.239875
1945.622553,1949.944515,4.321962,1,2,6,2,1.5038,0.247092
1959.57156,1960.290128,0.718568,1,3,2,2,0.402302,0.402302
1961.571772,1964.389748,2.817976,1,2,3,3,2.002274,0.096711
1967.569417,1968.386573,0.817156,1,3,1,3,0.0,0.0
1971.569743,1972.38593,0.816187,1,3,1,0,0.0,0.0
1977.568122,1981.423062,3.85494,1,3,5,7,1.545231,0.098039
1981.566636,1986.723749,5.157113,1,1,7,3,1.297608,0.250671
1989.565107,1992.37397,2.808863,1,3,3,3,1.546136,0.445838
1993.564736,2000.720443,7.155707,1,2,12,5,1.527142,0.073311
2003.562398,2006.379928,2.81753,1,2,6,5,1.044185,0.097422
2011.560249,2013.320343,1.760094,1,3,2,1,1.043579,1.043579
2013.559357,2018.627152,5.067795,1,2,8,4,1.29286,0.245511
2021.558885,2023.321854,1.762969,1,3,2,2,1.044421,1.044421
2025.557583,2028.420334,2.862751,1,3,6,8,1.458622,0.096948
2029.556022,2032.366218,2.810196,1,2,3,4,1.546841,0.446349
2035.556125,2036.372841,0.816716,1,3,1,2,0.0,0.0
2039.55439,2041.316873,1.762483,1,3,2,2,1.04335,1.04335
2041.553347,2050.435761,8.882414,1,1,10,6,2.001307,0.068836
2051.55173,2056.680121,5.128391,1,2,6,6,2.001474,0.07438
2057.550127,2058.267782,0.717655,1,2,1,1,0.0,0.0
2059.549826,2064.202044,4.652218,1,3,9,8,1.458744,0.096924
2067.548125,2072.613845,5.06572,1,3,8,3,1.544141,0.244833
2075.546074,2079.356278,3.810204,1,3,8,5,1.484106,0.073576
2079.544379,2082.409059,2.86468,1,2,6,7,1.481775,0.073295
2083.544384,2084.359771,0.815387,1,3,1,1,0.0,0.0
2087.544004,2088.360661,0.816657,1,3,2,2,0.097741,0.097741
2091.54263,2095.142585,3.599955,1,3,7,2,1.045645,0.09637
2097.542164,2102.354612,4.812448,1,3,4,6,2.003755,0.446462
2103.54031,2105.301084,1.760774,1,1,2,1,1.043603,1.043603
2109.538412,2112.257048,2.718636,1,3,5,6,1.502223,0.098641
2115.537407,2115.854298,0.316891,1,3,1,1,0.0,0.0
2121.536583,2128.39353,6.856947,1,3,9,4,1.546421,0.245767
2133.533735,2144.448357,10.914622,1,3,11,6,2.002074,0.245857
2147.530638,2155.944032,8.413394,1,3,9,6,2.002006,0.098566
2159.527036,2169.990712,10.463676,1,3,9,5,2.003307,0.246515
2175.523427,2180.617205,5.093778,1,3,8,5,1.758942,0.097754
2187.52163,2189.2858,1.76417,1,3,4,1,0.701434,0.098512
2193.52105,2194.337067,0.816017,1,3,1,2,0.0,0.0
2199.519739,2207.676443,8.156704,1,3,9,6,2.001711,0.244929
2211.516996,2213.279389,1.762393,1,3,2,0,1.044108,1.044108
2213.515909,2216.46618,2.950271,1,3,6,7,1.547096,0.096743
2217.515136,2225.373229,7.858093,1,2,11,4,2.001578,0.096933
2233.511754,2252.172696,18.660942,1,3,18,11,2.004388,0.245291
2255.50657,2257.248655,1.742085,1,3,4,3,0.837003,0.162784
2257.506466,2259.31269,1.806224,1,1,3,2,1.045093,0.446106
2263.505968,2267.269095,3.763127,1,3,5,4,1.54609,0.097795
2269.503676,2274.412298,4.908622,1,3,7,4,1.545355,0.097998
2277.502278,2283.659396,6.157118,1,3,7,2,2.00474,0.246139
2287.498672,2288.216507,0.717835,1,3,1,3,0.0,0.0
2289.499857,2292.609304,3.109447,1,2,6,5,1.46043,0.094916
2295.498579,2299.351334,3.852755,1,3,5,4,1.546096,0.068354
2299.496494,2300.259193,0.762699,1,1,2,2,0.445138,0.445138
2301.496388,2302.215009,0.718621,1,2,1,1,0.0,0.0
2303.495937,2305.258838,1.762901,1,3,3,3,1.043731,0.402564
2305.496285,2306.21479,0.718505,1,1,1,1,0.0,0.0
2311.495494,2313.301676,1.806182,1,3,4,4,0.971193,0.073822
2315.493282,2318.300812,2.80753,1,3,4,6,1.545361,0.097321
2319.49313,2320.255494,0.762364,1,1,2,2,0.446596,0.446596
2321.492425,2326.647751,5.155326,1,3,7,5,2.001374,0.098033
2329.490031,2332.210806,2.720775,1,3,5,5,1.54657,0.096344
2337.489645,2337.805218,0.315573,1,3,1,3,0.0,0.0
2341.489075,2344.35093,2.861855,1,3,4,2,1.754975,0.247189
2347.486441,2350.206665,2.720224,1,3,5,5,1.504444,0.097898
2355.485322,2358.177827,2.692505,1,3,5,3,1.301793,0.087096
2361.483659,2364.246504,2.762845,1,3,5,7,1.459472,0.098296
2369.481842,2370.200355,0.718513,1,3,1,2,0.0,0.0
2371.481203,2374.369873,2.88867,1,3,4,5,1.546456,0.079824
2375.480933,2378.247418,2.766485,1,2,4,4,1.502822,0.446705
2379.479775,2381.241483,1.761708,1,2,2,1,1.04357,1.04357
2381.478817,2381.795401,0.316584,1,1,1,1,0.0,0.0
2387.478388,2391.587321,4.108933,1,3,5,2,1.044004,0.246998
2395.475842,2398.627838,3.151996,1,3,7,7,1.547836,0.09803
2399.475532,2401.238361,1.762829,1,2,2,1,1.044529,1.044529
2401.474953,2402.193613,0.71866,1,1,1,1,0.0,0.0
2403.474433,2404.19339,0.718957,1,3,2,2,0.402971,0.402971
2405.474511,2406.192265,0.717754,1,3,1,0,0.0,0.0
2407.473225,2408.189605,0.71638,1,3,1,1,0.0,0.0
2413.471922,2414.190238,0.718316,1,3,1,3,0.0,0.0
2419.471621,2421.277405,1.805784,1,3,3,1,1.044955,0.445012
2421.469972,2432.63761,11.167638,1,1,13,7,2.003967,0.09672
2435.46785,2443.116384,7.648534,1,3,9,6,1.545561,0.246921
2445.464657,2447.228897,1.76424,1,3,4,3,0.872394,0.075234
2449.464954,2453.828722,4.363768,1,3,6,5,1.546646,0.097219
2457.46267,2462.327874,4.865204,1,3,8,3,1.503256,0.096697
2465.461244,2465.746529,0.285285,1,2,1,0,0.0,0.0
2467.461421,2468.177985,0.716564,1,3,1,1,0.0,0.0
2469.460374,2474.327686,4.867312,1,2,5,6,2.003424,0.096979
2475.457558,2476.176525,0.718967,1,3,2,3,0.402209,0.402209
2477.458148,2479.219563,1.761415,1,3,2,2,1.043381,1.043381
2487.45649,2489.261831,1.805341,1,3,4,4,0.958103,0.084893
2489.455529,2491.261687,1.806158,1,2,4,4,0.971012,0.072722
2497.45423,2499.268375,1.814145,1,3,3,2,0.91492,0.081933
2503.453237,2505.214952,1.761715,1,3,3,3,0.944951,0.099821
2505.451946,2507.258567,1.806621,1,1,3,2,1.043509,0.446974
2507.450993,2508.21384,0.762847,1,1,2,2,0.446825,0.446825
2509.450766,2510.185655,0.734889,1,1,1,1,0.0,0.0
2513.450485,2515.25435,1.803865,1,3,4,3,0.969877,0.072751
2515.450416,2515.766145,0.315729,1,1,1,1,0.0,0.0
2519.448929,2521.768978,2.320049,1,1,5,3,1.457915,0.099526
2525.44692,2526.209169,0.762249,1,3,2,2,0.445781,0.445781
2529.446759,2531.255206,1.808447,1,3,3,3,1.044638,0.447703
2531.446332,2537.303696,5.857364,1,2,6,6,2.004007,0.097324
2539.44496,2541.207023,1.762063,1,3,2,0,1.045093,1.045093
2543.442807,2547.297797,3.85499,1,3,8,8,1.547016,0.098344
2547.443276,2548.379382,0.936106,1,1,3,1,0.544506,0.074799
2551.442324,2552.25824,0.815916,1,3,1,3,0.0,0.0
2555.440607,2556.345146,0.904539,1,3,3,1,0.49884,0.087304
2559.439272,2562.301851,2.862579,1,3,6,6,1.546642,0.141831
2565.438765,2566.275561,0.836796,1,3,3,3,0.445911,0.074294
2569.438475,2570.15685,0.718375,1,3,1,3,0.0,0.0
2577.435985,2582.256138,4.820153,1,3,4,4,2.001945,0.500879
2585.434532,2592.346606,6.912074,1,3,5,4,2.003655,0.544127
2595.433357,2596.151081,0.717724,1,3,2,3,0.402262,0.402262
2599.43184,2601.223818,1.791978,1,3,2,3,1.074585,1.074585
2601.431692,2602.193653,0.761961,1,2,2,3,0.445096,0.445096
2603.429708,2605.194475,1.764767,1,2,2,1,1.045498,1.045498
2607.429156,2609.192317,1.763161,1,3,3,4,0.947534,0.096294
2609.428769,2612.295249,2.86648,1,3,6,8,1.460389,0.098848
2615.427811,2616.147437,0.719626,1,3,1,3,0.0,0.0
2621.426107,2625.792584,4.366477,1,3,4,3,2.003449,0.501914
2629.423992,2631.188237,1.764245,1,3,2,2,1.044788,1.044788
2633.424357,2635.185686,1.761329,1,2,2,1,1.043362,1.043362
2639.422074,2641.784536,2.362462,1,3,2,2,1.545888,1.545888
2649.420013,2650.18221,0.762197,1,3,2,1,0.445843,0.445843
2653.418725,2654.314941,0.896216,1,3,2,3,0.078035,0.078035
2655.419272,2656.319835,0.900563,1,1,2,1,0.083092,0.083092
2657.41894,2660.226554,2.807614,1,1,3,3,1.546689,0.445343
2661.418335,2662.137047,0.718712,1,1,1,1,0.0,0.0
2667.415926,2668.133863,0.717937,1,3,2,4,0.40313,0.40313
2671.414932,2672.13164,0.716708,1,3,1,1,0.0,0.0
2673.415941,2674.30782,0.891879,1,2,3,1,0.499704,0.076417
2679.413292,2681.177398,1.764106,1,3,4,4,0.903886,0.141621
2685.411815,2686.130829,0.719014,1,3,1,3,0.0,0.0
2691.41093,2691.726485,0.315555,1,3,1,0,0.0,0.0
2695.410183,2697.173044,1.762861,1,3,3,4,0.9465,0.097985
2697.409818,2700.304189,2.894371,1,1,3,2,2.002304,0.075723
2705.4087,2706.224839,0.816139,1,3,1,3,0.0,0.0
2709.407044,2712.344261,2.937217,1,3,7,6,1.54595,0.075627
2713.406805,2715.169469,1.762664,1,2,2,1,1.044282,1.044282
2715.405178,2715.721373,0.316195,1,2,1,1,0.0,0.0
2719.405024,2721.212255,1.807231,1,3,3,3,1.045934,0.445438
2721.404045,2722.167389,0.763344,1,1,2,2,0.445139,0.445139
2725.403999,2729.167558,3.763559,1,3,4,4,1.895154,0.104133
2735.400566,2739.766218,4.365652,1,3,3,3,2.002052,1.546592
2743.429378,2746.201569,2.772191,1,3,3,3,1.547065,0.446529
2747.398399,2749.161323,1.762924,1,1,2,1,1.044917,1.044917
2757.396946,2761.25396,3.857014,1,3,5,6,1.546628,0.044609
2767.393716,2768.111614,0.717898,1,3,1,2,0.0,0.0
2769.394507,2770.157326,0.762819,1,2,2,2,0.447381,0.447381
2771.394167,2772.112294,0.718127,1,2,1,2,0.0,0.0
2777.392516,2779.200948,1.808432,1,3,5,5,0.914846,0.07629
2779.390872,2782.330837,2.939965,1,1,4,2,2.004065,0.076041
2783.390761,2785.754253,2.363492,1,2,2,2,1.546574,1.546574
2789.38971,2790.309229,0.919519,1,3,4,4,0.444976,0.074217
2795.388349,2797.197909,1.80956,1,3,3,1,0.917118,0.076049
2797.387195,2798.106632,0.719437,1,2,2,2,0.402931,0.402931
2799.387138,2802.145591,2.758453,1,3,3,3,2.003277,0.439777
2805.386093,2807.200364,1.814271,1,3,4,2,0.915141,0.082907
2807.386198,2809.149944,1.763746,1,1,2,1,1.044721,1.044721
2809.385342,2812.249183,2.863841,1,2,6,6,1.459344,0.098055
2815.383931,2817.147132,1.763201,1,3,2,3,1.04625,1.04625
2819.383107,2822.323705,2.940598,1,3,6,4,1.502462,0.075688
2827.3809,2828.317908,0.937008,1,3,4,4,0.400951,0.076655
2829.380973,2830.272874,0.891901,1,2,2,1,0.075745,0.075745
2833.380921,2839.243697,5.862776,1,3,7,2,2.001592,0.083865
2839.378435,2840.322929,0.944494,1,2,3,1,0.543125,0.084518
2843.377294,2846.197154,2.81986,1,3,5,5,1.9019,0.099824
2847.376401,2852.271642,4.895241,1,2,6,4,2.002524,0.075742
2853.375425,2854.093221,0.717796,1,1,1,1,0.0,0.0
2855.374643,2857.138362,1.763719,1,3,3,5,0.94676,0.098116
2859.373783,2861.137235,1.763452,1,3,2,3,1.044451,1.044451
2865.373845,2868.235194,2.861349,1,3,6,8,1.459159,0.09545
2869.371691,2870.09084,0.719149,1,1,1,1,0.0,0.0
2873.370954,2878.183821,4.812867,1,3,5,4,2.003726,0.44654
2879.368614,2880.261098,0.892484,1,2,2,1,0.075829,0.075829
2883.369428,2885.132781,1.763353,1,3,2,0,1.044407,1.044407
2885.369267,2888.309725,2.940458,1,1,4,2,2.002974,0.076684
2889.366715,2890.084453,0.717738,1,2,1,1,0.0,0.0
2891.367344,2892.182861,0.815517,1,2,1,1,0.0,0.0
2895.365265,2897.174224,1.808959,1,3,4,3,0.946621,0.097534
2897.366929,2899.130282,1.763353,1,2,3,2,1.045216,0.402926
2899.365052,2904.306998,4.941946,1,2,6,3,2.00351,0.075169
2905.363537,2906.081768,0.718231,1,1,1,1,0.0,0.0
2911.362191,2912.177944,0.815753,1,3,1,2,0.0,0.0
2917.362458,2917.677499,0.315041,1,3,1,2,0.0,0.0
2921.360455,2924.310301,2.949846,1,3,5,3,1.546295,0.098046
2927.358524,2928.076499,0.717975,1,3,1,3,0.0,0.0
2929.358973,2930.251694,0.892721,1,2,2,1,0.075527,0.075527
2933.358896,2936.26575,2.906854,1,3,5,6,1.546741,0.098247
2937.356994,2938.297421,0.940427,1,1,3,1,0.544082,0.080079
2941.35595,2943.118072,1.762122,1,3,4,6,0.946497,0.098457
2943.355861,2944.170774,0.814913,1,1,1,1,0.0,0.0
2947.354767,2947.652756,0.297989,1,3,1,1,0.0,0.0
2949.354733,2950.116591,0.761858,1,2,2,2,0.445844,0.445844
2953.35321,2954.290133,0.936923,1,3,3,1,0.544579,0.075925
2957.352958,2958.071101,0.718143,1,3,2,4,0.402953,0.402953
2961.35257,2962.069949,0.717379,1,3,1,3,0.0,0.0
2963.351647,2964.070778,0.719131,1,3,2,2,0.402903,0.402903
2965.349894,2966.210317,0.860423,1,2,2,1,0.543569,0.543569
2969.350337,2970.111198,0.760861,1,3,2,4,0.445822,0.445822
2971.349113,2972.066224,0.717111,1,2,1,1,0.0,0.0
2973.349041,2974.165993,0.816952,1,2,1,1,0.0,0.0
2977.349097,2979.111811,1.762714,1,3,2,1,1.043517,1.043517
2979.348055,2979.663817,0.315762,1,2,1,1,0.0,0.0
2983.346953,2985.108616,1.761663,1,3,3,1,1.044087,0.402077
2989.345442,2991.108193,1.762751,1,3,2,3,1.04394,1.04394
2993.345236,2996.284043,2.938807,1,3,4,1,2.002552,0.075815
2997.344052,2998.279649,0.935597,1,2,3,1,0.545212,0.075701
3001.342749,3005.241461,3.898712,1,3,5,5,1.54649,0.448081
3005.34149,3010.285925,4.944435,1,2,6,3,2.002321,0.076986
3013.340841,3014.232443,0.891602,1,3,2,0,0.075688,0.075688
3023.337542,3024.229768,0.892226,1,3,2,1,0.076522,0.076522
3027.337213,3030.275235,2.938022,1,3,4,4,2.003078,0.075033
3035.335503,3035.651858,0.316355,1,3,1,2,0.0,0.0
3039.334082,3041.097276,1.763194,1,3,2,1,1.043939,1.043939
3041.334466,3042.097379,0.762913,1,1,2,2,0.445944,0.445944
3043.333427,3047.095579,3.762152,1,2,7,7,1.459794,0.141791
3049.332203,3053.144953,3.81275,1,3,6,4,1.503866,0.098473
3057.331578,3060.228981,2.897403,1,3,4,3,1.545463,0.079812
3061.330257,3062.049418,0.719161,1,1,1,1,0.0,0.0
3063.330101,3064.221979,0.891878,1,2,2,1,0.075984,0.075984
3065.328196,3066.047118,0.718922,1,1,1,1,0.0,0.0
3067.328083,3068.090336,0.762253,1,1,2,2,0.445338,0.445338
3069.327963,3075.698276,6.370313,1,2,4,4,2.004829,1.545644
3079.325818,3082.18905,2.863232,1,3,5,4,1.503948,0.098556
3083.324367,3088.223634,4.899267,1,1,4,3,2.001868,0.078952
3089.32381,3093.690603,4.366793,1,2,3,4,2.004012,1.546346
3099.32151,3103.687012,4.365502,1,3,5,6,2.001937,0.099222
3111.318166,3112.253462,0.935296,1,3,3,1,0.49977,0.119897
3115.317851,3117.080167,1.762316,1,3,2,2,1.044706,1.044706
3117.317201,3118.0344,0.717199,1,2,1,1,0.0,0.0
3123.315683,3124.22749,0.911807,1,3,4,5,0.445843,0.074356
3127.315306,3128.229456,0.91415,1,3,3,1,0.500473,0.0978
3135.312287,3139.167353,3.855066,1,3,5,7,1.547597,0.061416
3139.312213,3141.075046,1.762833,1,2,3,2,1.044825,0.400788
3141.311896,3142.255155,0.943259,1,1,4,3,0.445442,0.081151
3147.309893,3148.125952,0.816059,1,3,1,3,0.0,0.0
3151.309603,3152.126504,0.816901,1,3,1,1,0.0,0.0
3155.309499,3158.157614,2.848115,1,3,6,8,1.502927,0.083288
3161.307911,3165.073606,3.765695,1,3,7,7,1.504956,0.095414
3167.306381,3168.068537,0.762156,1,3,2,2,0.44663,0.44663
3169.307298,3171.070398,1.7631,1,1,2,1,1.044715,1.044715
3173.304661,3174.197924,0.893263,1,3,2,2,0.075772,0.075772
3175.304873,3175.620048,0.315175,1,2,1,2,0.0,0.0
3179.303807,3182.168321,2.864514,1,3,6,8,1.482261,0.073688
3185.303242,3188.197389,2.894147,1,3,3,3,2.002099,0.075762
3189.302191,3190.020423,0.718232,1,1,1,1,0.0,0.0
3195.300164,3198.118689,2.818525,1,3,5,5,1.545912,0.097696
3201.299486,3202.191591,0.892105,1,3,2,3,0.075755,0.075755
3203.298673,3204.017572,0.718899,1,1,1,1,0.0,0.0
3205.298666,3206.017138,0.718472,1,2,1,2,0.0,0.0
3213.296422,3214.187997,0.891575,1,3,2,2,0.075135,0.075135
3215.295237,3218.061484,2.766247,1,1,3,3,2.002471,0.447086
3221.294637,3224.015165,2.720528,1,3,5,6,1.458024,0.141376
3227.293817,3228.109002,0.815185,1,3,2,3,0.499521,0.499521
3231.291967,3233.054961,1.762994,1,3,2,3,1.044973,1.044973
3237.291133,3238.228588,0.937455,1,3,3,1,0.544034,0.077836
3241.290671,3243.099747,1.809076,1,3,5,2,0.896636,0.073965
3243.289135,3244.008136,0.719001,1,1,1,1,0.0,0.0
3249.289061,3250.180855,0.891794,1,3,4,4,0.401933,0.07648
3253.28775,3254.006795,0.719045,1,3,2,2,0.403559,0.403559
3255.287532,3256.178618,0.891086,1,2,2,1,0.075784,0.075784
3257.285665,3258.004601,0.718936,1,2,2,2,0.401905,0.401905
3263.285036,3268.181374,4.896338,1,3,4,5,2.001667,0.076238
3269.283771,3271.091457,1.807686,1,2,3,1,0.913451,0.077276
3271.283278,3275.09352,3.810242,1,2,5,4,1.460966,0.445522
3275.282535,3282.194259,6.911724,1,1,5,4,2.004295,0.542824
3285.279904,3285.999089,0.719185,1,3,1,3,0.0,0.0
3287.280036,3290.047477,2.767441,1,1,3,3,2.004787,0.446782
3291.278674,3295.642294,4.36362,1,2,3,3,2.001422,1.546311
3301.276321,3302.168121,0.8918,1,3,2,0,0.075866,0.075866
3305.276395,3306.218884,0.942489,1,3,4,4,0.446999,0.083031
3311.273448,3313.037153,1.763705,1,3,2,2,1.04558,1.04558
3315.274343,3318.214801,2.940458,1,3,4,4,2.004838,0.076236
3319.273053,3319.991017,0.717964,1,2,1,1,0.0,0.0
3331.270364,3331.987738,0.717374,1,3,1,2,0.0,0.0
3335.269849,3337.033833,1.763984,1,3,3,4,1.045351,0.401934
3337.268748,3339.587292,2.318544,1,1,3,2,1.458696,0.544278
3343.267532,3343.984447,0.716915,1,3,1,3,0.0,0.0
3349.266667,3350.157568,0.890901,1,3,3,1,0.097247,0.075149
3351.266308,3352.163341,0.897033,1,1,2,1,0.079955,0.079955
3353.264572,3355.073297,1.808725,1,2,4,4,0.947217,0.09655
3355.264529,3358.203113,2.938584,1,2,6,4,1.459847,0.075093
3361.263957,3362.026722,0.762765,1,3,2,4,0.446948,0.446948
3367.261834,3373.118452,5.856618,1,3,6,6,2.003979,0.099149
3373.261091,3373.979184,0.718093,1,2,1,1,0.0,0.0
3379.260134,3381.020863,1.760729,1,3,2,0,1.044067,1.044067
3381.259372,3383.067401,1.808029,1,2,4,5,0.972427,0.073764
3387.257586,3392.236129,4.978543,1,3,9,2,1.545288,0.075611
3395.255902,3399.666814,4.410912,1,3,4,5,2.003462,0.544864
3405.253552,3406.013929,0.760377,1,3,2,4,0.444681,0.444681
3409.254178,3410.003855,0.749677,1,2,1,2,0.0,0.0
3411.253031,3416.147895,4.894864,1,3,5,4,2.001323,0.076193
3421.249623,3422.01354,0.763917,1,3,2,4,0.447167,0.447167
3423.249582,3429.065358,5.815776,1,1,5,3,2.002181,0.081449
3429.249385,3430.065983,0.816598,1,2,1,1,0.0,0.0
3433.247161,3433.966078,0.718917,1,3,1,1,0.0,0.0
3435.246715,3436.063821,0.817106,1,3,2,1,0.09803,0.09803
3439.245471,3445.144001,5.89853,1,3,7,6,2.001462,0.076289
3449.243414,3451.564022,2.320608,1,3,4,6,1.503088,0.09853
3455.242116,3457.561427,2.319311,1,3,4,3,1.503468,0.098887
3461.241895,3463.005483,1.763588,1,3,3,4,1.04482,0.401902
3467.239768,3468.05622,0.816452,1,3,1,1,0.0,0.0
3471.238923,3476.095217,4.856294,1,3,7,4,1.799616,0.201335
3477.238195,3480.046665,2.80847,1,1,4,1,1.043805,0.245332
3485.236004,3485.998071,0.762067,1,3,2,3,0.446365,0.446365
3487.23599,3491.08785,3.85186,1,2,4,2,1.045559,0.74574
3491.234828,3498.045936,6.811108,1,2,10,3,1.546116,0.154458
3499.233509,3506.092848,6.859339,1,1,9,2,1.544001,0.293967
3509.230855,3514.086466,4.855611,1,3,4,4,1.546597,0.746197
3521.228377,3526.084802,4.856425,1,3,6,4,1.503035,0.246137
3535.224092,3536.040187,0.816095,1,3,1,3,0.0,0.0
3539.223946,3545.595066,6.37112,1,3,6,5,2.002933,0.247424
3549.221541,3560.245793,11.024252,1,3,13,6,2.000789,0.111006
3565.218591,3572.121383,6.902792,1,3,9,2,1.544707,0.245496
3573.216498,3575.823465,2.606967,1,1,3,1,1.04463,0.544392
3579.214854,3581.534453,2.319599,1,3,2,4,2.003755,2.003755
3585.214876,3590.328406,5.11353,1,3,8,3,1.346487,0.200519
3593.212678,3593.52813,0.315452,1,3,1,2,0.0,0.0
3597.211754,3603.279545,6.067791,1,3,7,3,2.003759,0.24414
3607.209358,3607.525652,0.316294,1,3,1,1,0.0,0.0
3611.208533,3616.108495,4.899962,1,3,8,3,1.503105,0.246285
3619.206745,3623.271218,4.064473,1,3,3,1,2.002164,1.044406
3627.203709,3634.016019,6.81231,1,3,5,6,2.0023,0.245947
3635.203792,3636.22253,1.018738,1,1,1,1,0.0,0.0
3639.202352,3640.265207,1.062855,1,3,2,2,0.246388,0.246388
3645.20028,3648.264065,3.063785,1,3,4,2,1.546253,0.24671
3651.199093,3670.082063,18.88297,1,3,23,5,2.00223,0.201578
3673.194254,3676.003523,2.809269,1,3,4,3,1.044766,0.246048
3681.192182,3682.008852,0.81667,1,3,2,1,0.50025,0.50025
3687.191245,3703.497655,16.30641,1,3,23,2,1.760336,0.20243
3709.185653,3714.042654,4.857001,1,3,8,4,1.300457,0.204431
3715.185546,3721.998333,6.812787,1,2,8,2,2.000091,0.247144
3725.182972,3734.087843,8.904871,1,3,10,6,2.004607,0.200433
3735.180428,3737.999126,2.818698,1,1,2,2,2.00255,2.00255
3741.17929,3743.240178,2.060888,1,3,2,0,1.043433,1.043433
3747.1773,3753.081254,5.903954,1,3,7,6,1.544778,0.245266
3755.175768,3761.589761,6.413993,1,3,8,4,1.546144,0.247066
3765.174342,3772.034275,6.859933,1,3,8,4,2.002951,0.201424
3773.172784,3774.191749,1.018965,1,1,1,1,0.0,0.0
3777.171661,3785.828597,8.656936,1,3,12,4,1.54561,0.285588
3789.168744,3791.976345,2.807601,1,3,5,2,1.043794,0.201249
3793.168128,3796.187529,3.019401,1,2,3,3,1.045085,0.95505
3799.165714,3808.025263,8.859549,1,3,12,2,2.002146,0.245589
3813.163247,3814.925163,1.761916,1,3,2,1,1.045177,1.045177
3817.162775,3818.927359,1.764584,1,3,2,1,1.044943,1.044943
3819.161921,3830.069394,10.907473,1,2,11,6,2.004458,0.200385
3831.15936,3831.878372,0.719012,1,1,1,1,0.0,0.0
3833.158025,3835.877931,2.719906,1,3,5,5,1.503152,0.097995
3837.158225,3843.103491,5.945266,1,1,9,2,1.800307,0.200832
3843.161314,3844.224018,1.062704,1,1,2,2,0.747165,0.747165
3847.156251,3848.917814,1.761563,1,3,3,2,1.044348,0.399962
3849.155033,3849.872133,0.7171,1,1,1,1,0.0,0.0
3851.154414,3851.471246,0.316832,1,1,1,1,0.0,0.0
3855.153823,3855.470522,0.316699,1,3,1,3,0.0,0.0
3859.153466,3865.083883,5.930417,1,3,7,2,2.002656,0.064224
3865.152531,3866.915317,1.762786,1,1,2,1,1.045254,1.045254
3867.151246,3876.053639,8.902393,1,2,15,2,1.298165,0.078825
3877.149211,3878.913302,1.764091,1,1,2,1,1.045445,1.045445
3883.147816,3886.056441,2.908625,1,3,6,8,1.547216,0.100043
3889.146804,3889.866254,0.71945,1,3,1,2,0.0,0.0
3895.145116,3895.461552,0.316436,1,2,1,1,0.0,0.0
3899.144678,3899.864229,0.719551,1,3,1,3,0.0,0.0
3903.142676,3904.907028,1.764352,1,3,4,3,0.947954,0.097527
3907.142856,3918.101636,10.95878,1,3,17,1,1.345443,0.2007
3919.139522,3926.206981,7.067459,1,3,9,3,1.547037,0.242944
3929.13788,3937.248307,8.110427,1,3,7,4,2.001745,0.245764
3941.135466,3948.249919,7.114453,1,3,9,3,1.760862,0.241122
3953.132376,3968.041442,14.909066,1,3,14,9,2.004055,0.198373
3973.128657,3975.998282,2.869625,1,3,3,4,2.004028,0.549042
3979.126573,3979.843336,0.716763,1,3,1,1,0.0,0.0
3983.125747,3983.844799,0.719052,1,3,2,2,0.402958,0.402958
3987.125875,3998.075272,10.949397,1,3,11,8,2.00169,0.245685
3999.121006,4000.883542,1.762536,1,2,3,3,0.945466,0.097989
4003.122188,4010.365474,7.243286,1,3,12,3,1.432108,0.112631
4013.118682,4024.024467,10.905785,1,3,11,7,2.002112,0.247009
4025.116785,4025.432401,0.315616,1,1,1,1,0.0,0.0
4029.116137,4029.432065,0.315928,1,3,1,1,0.0,0.0
4033.115003,4035.93216,2.817157,1,3,2,2,2.001147,2.001147
4041.113445,4048.711263,7.597818,1,3,10,9,1.259758,0.072885
4049.111241,4063.772278,14.661037,1,2,18,5,2.003989,0.201799
4067.107486,4069.926254,2.818768,1,3,3,4,1.754855,0.247377
4073.105873,4073.922285,0.816412,1,3,2,2,0.098266,0.098266
4077.104423,4077.821752,0.717329,1,3,1,1,0.0,0.0
4083.103452,4083.821539,0.718087,1,3,1,2,0.0,0.0
4085.103174,4087.966983,2.863809,1,3,4,2,1.50204,0.500926
4091.101843,4092.86519,1.763347,1,3,2,0,1.045412,1.045412
4097.101509,4120.077399,22.97589,1,3,26,10,2.002679,0.199701
4121.094528,4122.858089,1.763561,1,1,2,1,1.04519,1.04519
4123.093956,4123.410134,0.316178,1,1,1,1,0.0,0.0
4127.093458,4139.9961,12.902642,1,3,18,7,1.755074,0.097942
4143.090027,4144.852959,1.762932,1,3,4,2,0.701926,0.097448
4145.091034,4145.852978,0.761944,1,1,2,2,0.446048,0.446048
4147.089884,4148.851929,1.762045,1,2,3,2,1.043021,0.404577
4149.089266,4149.850788,0.761522,1,1,2,2,0.44528,0.44528
4151.088776,4152.851951,1.763175,1,2,3,3,0.946351,0.098858
4153.088571,4156.897902,3.809331,1,1,4,3,2.003053,0.446223
4169.08487,4170.847754,1.762884,1,3,3,4,1.044869,0.402395
4175.082577,4178.148007,3.06543,1,3,7,6,1.48266,0.07337
4185.08104,4189.899909,4.818869,1,3,8,2,1.302759,0.097712
4193.079397,4200.937161,7.857764,1,3,12,5,1.755191,0.098822
4205.076816,4206.840363,1.763547,1,3,2,1,1.045682,1.045682
4209.076359,4212.230147,3.153788,1,3,7,7,1.530598,0.073701
4215.074091,4218.886092,3.812001,1,3,7,8,1.503062,0.098865
4223.071794,4226.836848,3.765054,1,3,6,6,1.46003,0.141809
4227.072341,4227.387505,0.315164,1,1,1,1,0.0,0.0
4237.069814,4237.787403,0.717589,1,3,2,2,0.401735,0.401735
4239.068894,4239.884951,0.816057,1,2,1,2,0.0,0.0
4243.068259,4244.832501,1.764242,1,3,2,1,1.044531,1.044531
4247.067568,4247.785536,0.717968,1,3,1,3,0.0,0.0
4249.066381,4250.830972,1.764591,1,2,2,1,1.044606,1.044606
4253.06617,4253.785198,0.719028,1,3,1,3,0.0,0.0
4259.06445,4262.921292,3.856842,1,3,7,3,1.300343,0.063402
4269.062117,4269.822658,0.760541,1,3,2,4,0.444468,0.444468
4275.061754,4275.920904,0.85915,1,2,3,4,0.44677,0.097201
4281.059732,4285.947327,4.887595,1,3,7,6,1.547969,0.073479
4287.058281,4291.42398,4.365699,1,2,4,4,2.002717,0.096955
4295.057557,4301.803244,6.745687,1,2,9,3,1.548836,0.247598
4305.055226,4306.81674,1.761514,1,3,2,3,1.044216,1.044216
4311.053415,4313.372591,2.319176,1,3,2,2,2.003374,2.003374
4317.051476,4317.869377,0.817901,1,3,1,2,0.0,0.0
4321.051407,4322.814094,1.762687,1,3,5,3,0.699737,0.097282
4323.050259,4327.947845,4.897586,1,2,9,4,1.301227,0.040852
4331.048752,4333.902641,2.853889,1,3,6,0,1.25718,0.247125
4341.046264,4357.839305,16.793041,1,3,21,5,2.003697,0.243556
4361.04267,4362.805879,1.763209,1,3,4,6,0.946603,0.099026
4363.041791,4363.857215,0.815424,1,2,1,1,0.0,0.0
4367.039998,4367.855705,0.815707,1,3,1,3,0.0,0.0
4371.040812,4371.85755,0.816738,1,3,1,2,0.0,0.0
4375.038444,4375.799702,0.761258,1,3,2,4,0.44527,0.44527
4377.03857,4381.904383,4.865813,1,2,8,4,1.757339,0.143985
4393.034862,4396.100016,3.065154,1,3,7,8,1.503354,0.098775
4399.033276,4400.796107,1.762831,1,3,3,3,0.947448,0.097381
4401.034089,4401.849005,0.814916,1,2,1,1,0.0,0.0
4405.032721,4406.842425,1.809704,1,3,3,1,1.046238,0.447048
4407.032768,4408.796466,1.763698,1,2,3,2,1.045987,0.402427
4411.030571,4411.846493,0.815922,1,3,1,3,0.0,0.0
4417.029926,4418.793308,1.763382,1,2,3,2,0.943648,0.101372
4421.028232,4428.093541,7.065309,1,3,10,5,2.002002,0.09736
4431.02643,4431.842197,0.815767,1,3,2,0,0.500113,0.500113
4443.023945,4445.789505,2.76556,1,3,4,3,1.904585,0.097142
4447.02279,4449.840383,2.817593,1,3,3,1,2.001036,0.500436
4453.021951,4463.48438,10.462429,1,3,11,7,2.004406,0.096997
4467.018541,4467.736947,0.718406,1,3,1,2,0.0,0.0
4473.016908,4473.734106,0.717198,1,3,1,2,0.0,0.0
4483.015051,4484.77817,1.763119,1,3,2,3,1.044107,1.044107
4489.013117,4490.776435,1.763318,1,3,2,1,1.045388,1.045388
4497.012039,4497.729444,0.717405,1,3,1,1,0.0,0.0
4499.011851,4501.732643,2.720792,1,3,5,7,1.502907,0.097146
4503.010445,4504.772304,1.761859,1,2,2,1,1.043819,1.043819
4505.00987,4509.821366,4.811496,1,3,5,6,2.003869,0.445396
4511.008036,4515.919766,4.91173,1,3,6,4,1.547745,0.097867
4519.006672,4519.726306,0.719634,1,3,1,1,0.0,0.0
4521.007017,4521.724779,0.717762,1,3,1,3,0.0,0.0
4523.004935,4523.723043,0.718108,1,2,1,1,0.0,0.0
4527.003947,4529.8661,2.862153,1,3,3,3,2.002056,0.544297
4533.003928,4534.766106,1.762178,1,3,3,3,0.946461,0.098189
4535.003762,4535.820673,0.816911,1,2,1,1,0.0,0.0
4539.002802,4542.066685,3.063883,1,3,4,1,2.002617,0.244477
4545.001389,4545.718738,0.717349,1,3,1,1,0.0,0.0
4547.000912,4551.813797,4.812885,1,2,8,3,1.301851,0.157011
4558.997148,4565.607833,6.610685,1,3,9,3,2.000898,0.245186
4568.994967,4570.756724,1.761757,1,3,2,1,1.044166,1.044166
4570.994651,4572.759363,1.764712,1,3,3,5,0.947696,0.097943
4574.994505,4575.712248,0.717743,1,3,1,3,0.0,0.0
4576.994573,4577.713533,0.71896,1,2,1,2,0.0,0.0
4578.994709,4585.810299,6.81559,1,3,9,4,1.762784,0.097001
4586.991833,4589.809395,2.817562,1,1,2,2,2.001497,2.001497
4592.99119,4594.752586,1.761396,1,3,2,0,1.044834,1.044834
4594.990456,4603.678495,8.688039,1,1,9,7,2.002997,0.099196
4604.987401,4605.847663,0.860262,1,2,2,1,0.544995,0.544995
4608.987582,4610.750586,1.763004,1,3,4,4,0.700071,0.098019
4610.986867,4615.8078,4.820933,1,2,3,3,2.003398,2.001747
4622.983085,4626.793933,3.810848,1,3,7,9,1.458638,0.095744
4628.982725,4630.744884,1.762159,1,3,3,2,0.946242,0.098338
4634.981387,4636.745213,1.763826,1,3,3,3,0.947872,0.09798
4638.980085,4640.7429,1.762815,1,3,2,0,1.044894,1.044894
4642.979983,4643.742695,0.762712,1,3,2,2,0.447097,0.447097
4644.979657,4645.697877,0.71822,1,1,1,1,0.0,0.0
4648.977461,4655.346162,6.368701,1,3,9,3,2.004987,0.09778
4658.976126,4662.830993,3.854867,1,3,5,7,1.547881,0.077515
4668.973474,4671.79285,2.819376,1,3,6,8,1.502183,0.097639
4674.973257,4675.78949,0.816233,1,3,1,3,0.0,0.0
4678.971032,4681.790576,2.819544,1,3,2,1,2.002012,2.002012
4684.969735,4691.33896,6.369225,1,3,5,3,2.002606,0.586168
4694.967326,4695.685243,0.717917,1,3,2,2,0.402138,0.402138
4698.966723,4701.68657,2.719847,1,3,3,3,1.903873,0.096987
4702.965352,4704.773483,1.808131,1,3,3,1,0.914548,0.075268
4704.966343,4705.685006,0.718663,1,1,1,1,0.0,0.0
4706.966225,4708.728769,1.762544,1,3,2,1,1.045136,1.045136
4710.963896,4712.771249,1.807353,1,3,5,5,0.699861,0.097681
4712.96386,4714.726705,1.762845,1,2,3,3,0.945077,0.099497
4714.962878,4716.725547,1.762669,1,2,2,1,1.043577,1.043577
4716.962465,4717.680809,0.718344,1,1,1,1,0.0,0.0
4718.962175,4719.823873,0.861698,1,3,3,3,0.417821,0.127512
4722.961843,4723.853691,0.891848,1,3,2,3,0.075601,0.075601
4728.959911,4730.723187,1.763276,1,3,3,3,0.947687,0.096553
4732.959253,4733.678014,0.718761,1,3,1,1,0.0,0.0
4734.959102,4735.775581,0.816479,1,3,1,1,0.0,0.0
4738.957485,4739.773362,0.815877,1,3,1,1,0.0,0.0
4744.956181,4745.847792,0.891611,1,3,3,2,0.500362,0.07497
4750.954751,4752.718085,1.763334,1,3,2,1,1.04451,1.04451
4752.955675,4753.717727,0.762052,1,1,2,2,0.446132,0.446132
4754.954511,4755.846787,0.892276,1,2,2,2,0.076035,0.076035
4756.954662,4759.819592,2.86493,1,1,5,4,1.457904,0.098212
4760.95322,4761.855555,0.902335,1,2,2,2,0.087417,0.087417
4764.951575,4765.843305,0.89173,1,3,4,2,0.40287,0.075967
4766.951167,4768.71389,1.762723,1,2,4,2,0.871176,0.074541
4772.950971,4773.841712,0.890741,1,3,2,3,0.075756,0.075756
4774.950766,4775.266348,0.315582,1,1,1,1,0.0,0.0
4778.94819,4780.798304,1.850114,1,3,5,4,0.913892,0.07569
4780.948109,4781.862061,0.913952,1,2,4,3,0.446073,0.073261
4782.947601,4783.66674,0.719139,1,2,1,2,0.0,0.0
4788.946878,4789.263151,0.316273,1,3,1,0,0.0,0.0
4796.944583,4797.84674,0.902157,1,3,2,1,0.086247,0.086247
4802.94321,4805.850809,2.907599,1,3,6,6,1.546074,0.098116
4808.94263,4814.142063,5.199433,1,3,7,4,2.002855,0.098769
4816.941771,4817.83302,0.891249,1,3,3,4,0.095444,0.076948
4822.938312,4823.83271,0.894398,1,3,2,1,0.07725,0.07725
4826.937831,4828.700401,1.76257,1,3,2,0,1.043539,1.043539
4828.936857,4829.655732,0.718875,1,2,1,1,0.0,0.0
4830.937393,4832.743495,1.806102,1,1,4,4,0.947064,0.097933
4836.936148,4837.829005,0.892857,1,3,2,1,0.076116,0.076116
4842.934657,4852.8823,9.947643,1,3,10,10,2.003627,0.080637
4856.932039,4858.694745,1.762706,1,3,2,3,1.044654,1.044654
4858.929964,4859.866382,0.936418,1,3,4,2,0.446756,0.075193
4860.929734,4862.691752,1.762018,1,2,2,1,1.043645,1.043645
4862.930206,4869.297355,6.367149,1,1,4,4,2.001808,1.547674
4872.928372,4875.73803,2.809658,1,3,4,5,1.54615,0.446522
4876.927076,4877.833046,0.90597,1,2,2,1,0.090255,0.090255
4878.92551,4880.68947,1.76396,1,1,2,1,1.044487,1.044487
4888.924465,4889.870386,0.945921,1,3,4,3,0.402696,0.088958
4890.924347,4892.688609,1.764262,1,1,2,1,1.045192,1.045192
4892.923031,4894.685971,1.76294,1,2,2,2,1.045449,1.045449
4898.922223,4899.81385,0.891627,1,3,2,3,0.074977,0.074977
4902.92189,4903.825532,0.903642,1,3,3,1,0.501209,0.086291
4906.920091,4909.813989,2.893898,1,3,6,3,1.904128,0.076878
4910.919238,4911.736378,0.81714,1,2,1,1,0.0,0.0
4914.919328,4915.813669,0.894341,1,3,2,0,0.077002,0.077002
4916.917935,4918.679776,1.761841,1,1,2,1,1.043017,1.043017
4918.917319,4923.773313,4.855994,1,1,6,4,1.547071,0.446784
4924.916246,4925.865161,0.948915,1,2,4,3,0.403028,0.087482
4926.916365,4927.676452,0.760087,1,1,2,2,0.44532,0.44532
4928.916538,4929.732833,0.816295,1,2,1,1,0.0,0.0
4932.914962,4933.63287,0.717908,1,3,2,3,0.402762,0.402762
4938.913664,4947.885942,8.972278,1,3,9,7,2.001838,0.069435
4948.910991,4950.675117,1.764126,1,1,2,1,1.045729,1.045729
4954.909915,4955.672724,0.762809,1,3,2,3,0.446961,0.446961
4956.909623,4958.673664,1.764041,1,3,5,5,0.812066,0.091311
4958.908384,4959.844229,0.935845,1,1,4,3,0.446054,0.075252
4960.908256,4961.76855,0.860294,1,3,3,2,0.403258,0.141198
4964.907381,4966.670076,1.762695,1,3,2,0,1.045483,1.045483
4970.905887,4976.806701,5.900814,1,3,9,8,1.546221,0.097014
4976.905095,4977.219995,0.3149,1,1,1,1,0.0,0.0
4980.90397,4982.712198,1.808228,1,2,3,1,0.915159,0.076162
4986.90323,4988.66558,1.76235,1,3,4,2,0.869476,0.077974
4988.900998,4989.619661,0.718663,1,1,1,1,0.0,0.0
4994.900897,4995.836066,0.935169,1,3,4,2,0.403167,0.075468
4998.899452,5000.707147,1.807695,1,3,5,5,0.896847,0.072851
5008.897772,5011.795849,2.898077,1,3,3,4,2.002682,0.079532
5014.896372,5015.832254,0.935882,1,3,4,3,0.446788,0.075734
5016.896448,5019.616217,2.719769,1,3,4,3,1.859997,0.141909
5020.89486,5023.713869,2.819009,1,2,2,2,2.001903,2.001903
5026.893955,5030.794744,3.900789,1,3,8,7,1.546154,0.078863
5032.893026,5035.255408,2.362382,1,3,2,4,1.545937,1.545937
5038.890622,5041.785021,2.894399,1,3,5,3,1.903538,0.077906
5042.889924,5043.651927,0.762003,1,2,2,2,0.446273,0.446273
5044.890141,5045.60862,0.718479,1,3,1,2,0.0,0.0
5046.888642,5047.724399,0.835757,1,3,3,3,0.443604,0.074172
5054.886343,5056.64979,1.763447,1,3,2,3,1.044508,1.044508
5058.887053,5060.65095,1.763897,1,3,3,5,0.947075,0.09857
5064.884678,5068.737244,3.852566,1,3,4,5,1.54803,0.446168
5070.883519,5073.645322,2.761803,1,3,5,7,1.46014,0.098376
5078.882759,5082.647809,3.76505,1,3,6,6,1.546224,0.097373
5084.880712,5086.643584,1.762872,1,3,3,2,1.045879,0.399907
5090.880666,5093.689469,2.808803,1,3,4,2,1.545806,0.446532
5096.877538,5097.594933,0.717395,1,3,2,2,0.402067,0.402067
5098.877436,5100.639674,1.762238,1,3,2,3,1.043738,1.043738
5100.877022,5101.192502,0.31548,1,1,1,1,0.0,0.0
5108.875366,5109.593113,0.717747,1,3,2,2,0.401504,0.401504
5112.874886,5113.593889,0.719003,1,3,2,3,0.403101,0.403101
5116.873989,5117.814934,0.940945,1,3,4,3,0.446139,0.080322
5124.871936,5126.678447,1.806511,1,3,4,6,0.964279,0.079913
5128.871147,5130.634587,1.76344,1,3,2,0,1.045158,1.045158
5130.870429,5134.679834,3.809405,1,1,5,3,1.902382,0.098526
5134.86922,5140.738542,5.869322,1,3,7,5,2.001659,0.082309
5140.868839,5143.808225,2.939386,1,1,5,4,2.003999,0.077254
5144.867543,5147.676926,2.809383,1,2,3,4,1.546941,0.444909
5152.866276,5153.584435,0.718159,1,3,2,4,0.401931,0.401931
5154.86573,5157.683468,2.817738,1,1,2,2,2.001389,2.001389
5160.864217,5163.226114,2.361897,1,3,2,1,1.546551,1.546551
5168.862971,5171.58085,2.717879,1,3,4,4,1.900882,0.099034
5172.861688,5173.579455,0.717767,1,3,1,3,0.0,0.0
5174.861507,5177.72577,2.864263,1,3,6,7,1.461194,0.097416
5178.859285,5179.676528,0.817243,1,3,1,1,0.0,0.0
5182.858839,5185.722161,2.863322,1,3,6,6,1.477139,0.08028
5188.858274,5189.620021,0.761747,1,3,2,2,0.446395,0.446395
5192.855888,5195.176263,2.320375,1,3,3,4,1.460935,0.543833
5198.854726,5200.616617,1.761891,1,3,2,0,1.044049,1.044049
5204.854046,5207.672189,2.818143,1,3,6,5,1.504152,0.098741
5208.853576,5209.169655,0.316079,1,3,1,0,0.0,0.0
5212.852571,5214.615367,1.762796,1,3,2,2,1.045027,1.045027
5216.852127,5218.613087,1.76096,1,3,5,3,0.857602,0.08725
5220.850851,5221.57017,0.719319,1,3,1,3,0.0,0.0
5222.850105,5223.166468,0.316363,1,2,1,1,0.0,0.0
5226.848793,5228.611878,1.763085,1,3,5,5,0.872313,0.075914
5228.848015,5229.739725,0.89171,1,1,2,1,0.075391,0.075391
5232.847703,5234.612595,1.764892,1,3,2,1,1.046742,1.046742
5236.84729,5240.655756,3.808466,1,3,7,7,1.547348,0.097293
5240.845062,5242.653631,1.808569,1,2,3,1,0.915943,0.075934
5244.844892,5246.607662,1.76277,1,3,2,0,1.045113,1.045113
5248.844665,5249.564198,0.719533,1,3,1,2,0.0,0.0
5254.842372,5259.210255,4.367883,1,3,3,4,2.00297,1.547745
5262.840785,5265.70386,2.863075,1,3,6,6,1.459506,0.099257
5266.840609,5267.656715,0.816106,1,2,2,2,0.097316,0.097316
5270.839599,5272.64737,1.807771,1,3,4,1,0.916503,0.075778
5274.83807,5275.60029,0.76222,1,3,2,2,0.446727,0.446727
5276.838275,5279.732989,2.894714,1,1,3,2,2.003705,0.07583
5282.836618,5284.585277,1.748659,1,3,4,5,0.887662,0.125987
5286.83645,5289.642278,2.805828,1,3,4,5,1.545756,0.444165
5290.835507,5292.59703,1.761523,1,3,2,3,1.044517,1.044517
5292.832841,5294.59687,1.764029,1,1,2,1,1.044992,1.044992
5298.83368,5300.596063,1.762383,1,3,2,1,1.044764,1.044764
5302.83266,5303.767482,0.934822,1,3,4,2,0.446085,0.075649
5306.831357,5307.765622,0.934265,1,3,3,0,0.542915,0.076385
5308.830518,5309.548583,0.718065,1,1,1,1,0.0,0.0
5310.830256,5315.649932,4.819676,1,3,4,2,2.00213,0.500098
5318.828686,5320.637715,1.809029,1,3,3,2,0.913798,0.078172
5324.826511,5325.543328,0.716817,1,3,1,1,0.0,0.0
5328.827114,5332.591856,3.764742,1,3,6,7,1.546567,0.096997
5332.825447,5335.64452,2.819073,1,3,5,6,1.903136,0.098443
5336.823827,5339.58869,2.764863,1,2,3,3,2.003291,0.445286
5342.822555,5344.586434,1.763879,1,3,3,2,1.04591,0.401924
5346.822469,5351.591943,4.769474,1,3,5,3,2.003063,0.44672
5360.819218,5361.536037,0.716819,1,3,2,2,0.401498,0.401498
5362.818416,5365.72537,2.906954,1,2,4,4,1.546525,0.098761
5368.817506,5369.536537,0.719031,1,3,2,4,0.403041,0.403041
5370.817059,5373.634905,2.817846,1,2,3,2,1.545053,0.456796
5376.815329,5377.533984,0.718655,1,3,2,2,0.401418,0.401418
5380.815203,5381.706579,0.891376,1,3,3,2,0.499126,0.076263
5382.814374,5384.576461,1.762087,1,1,2,1,1.044406,1.044406
5384.814221,5386.627387,1.813166,1,3,3,1,0.916651,0.080687
5394.812815,5395.529773,0.716958,1,3,1,1,0.0,0.0
5396.811425,5397.571991,0.760566,1,2,2,3,0.445565,0.445565
5398.810224,5399.528306,0.718082,1,2,2,2,0.401562,0.401562
5400.810505,5401.62721,0.816705,1,2,1,2,0.0,0.0
5404.80907,5406.616158,1.807088,1,3,3,2,0.914851,0.076573
5408.80929,5411.673852,2.864562,1,3,6,6,1.458079,0.100501
5412.807858,5417.699397,4.891539,1,1,5,5,2.001908,0.078863
5418.80563,5424.711522,5.905892,1,1,6,3,2.003157,0.083054
5428.804514,5429.548751,0.744237,1,3,2,1,0.414854,0.414854
5430.803543,5431.52258,0.719037,1,2,1,1,0.0,0.0
5432.80344,5434.665284,1.861844,1,3,5,2,0.913838,0.086682
5436.802054,5438.608284,1.80623,1,3,4,4,0.913761,0.076119
5438.800987,5440.609847,1.80886,1,2,3,1,0.915647,0.077243
5444.80088,5445.616592,0.815712,1,3,1,2,0.0,0.0
5452.798394,5454.562465,1.764071,1,3,2,1,1.044949,1.044949
5454.798436,5456.560387,1.761951,1,2,2,1,1.044339,1.044339
5456.79865,5457.560637,0.761987,1,1,2,2,0.445146,0.445146
5462.796136,5464.560004,1.763868,1,3,2,3,1.045046,1.045046
5466.795481,5468.558837,1.763356,1,3,2,0,1.044454,1.044454
5468.795444,5469.513467,0.718023,1,1,1,1,0.0,0.0
5470.794226,5471.109614,0.315388,1,2,1,1,0.0,0.0
5474.793987,5476.557434,1.763447,1,3,4,5,0.947427,0.096807
5478.792907,5479.511055,0.718148,1,3,2,3,0.402854,0.402854
5484.791543,5487.599837,2.808294,1,3,4,6,1.545895,0.096421
5488.791698,5489.509722,0.718024,1,1,1,1,0.0,0.0
5490.790449,5492.596044,1.805595,1,3,3,2,1.044447,0.444897
5492.790011,5493.507134,0.717123,1,2,1,2,0.0,0.0
5494.789577,5497.108871,2.319294,1,2,2,2,2.003434,2.003434
5500.787028,5503.106293,2.319265,1,3,4,6,1.482348,0.074292
5506.787007,5509.604552,2.817545,1,3,4,3,1.504147,0.497784
5512.785303,5513.60222,0.816917,1,3,1,0,0.0,0.0
5518.784029,5519.501822,0.717793,1,3,1,0,0.0,0.0
5520.784671,5521.722427,0.937756,1,2,4,3,0.446611,0.07687
5522.783131,5525.601644,2.818513,1,2,4,3,1.902723,0.098194
5528.782309,5530.544067,1.761758,1,3,3,2,0.945691,0.099041
5536.780981,5538.588658,1.807677,1,3,4,2,0.915771,0.076126
5540.779301,5543.100414,2.321113,1,3,2,2,2.004774,2.004774
5550.776307,5551.493976,0.717669,1,3,1,1,0.0,0.0
5552.776517,5553.492757,0.71624,1,2,1,2,0.0,0.0
5556.775863,5558.538805,1.762942,1,3,3,2,1.044173,0.40291
5558.775385,5561.758044,2.982659,1,2,5,4,1.546893,0.077557
5562.773359,5563.711284,0.937925,1,1,3,1,0.543694,0.077588
5566.773278,5567.087557,0.314279,1,3,1,3,0.0,0.0
5570.773044,5572.537193,1.764149,1,3,3,2,1.046306,0.402819
5574.771781,5575.588495,0.816714,1,3,1,3,0.0,0.0
5578.770985,5579.533565,0.76258,1,3,2,2,0.445833,0.445833
5580.769751,5583.631383,2.861632,1,2,6,6,1.45977,0.14046
5586.769873,5587.586352,0.816479,1,3,3,5,0.403762,0.097307
5592.767731,5593.486653,0.718922,1,3,1,0,0.0,0.0
5594.7664,5595.583429,0.817029,1,3,2,3,0.098356,0.098356
5598.765611,5599.48402,0.718409,1,3,1,2,0.0,0.0
5600.76559,5603.661313,2.895723,1,2,5,2,1.547783,0.074916
5608.764048,5611.582841,2.818793,1,3,6,7,1.502375,0.097979
5612.762781,5613.577784,0.815003,1,1,1,1,0.0,0.0
5616.762725,5618.571293,1.808568,1,2,3,1,0.917047,0.075625
5622.760809,5623.697384,0.936575,1,3,3,1,0.544444,0.075496
5626.759907,5627.477717,0.71781,1,3,1,3,0.0,0.0
5632.758383,5635.525458,2.767075,1,3,4,3,1.459551,0.446051
5638.75703,5643.624033,4.867003,1,3,8,8,1.504316,0.073768
5646.754613,5647.663474,0.908861,1,3,3,3,0.499966,0.092699
5656.753369,5658.516454,1.763085,1,3,4,5,0.945478,0.09905
5662.751098,5665.470916,2.719818,1,3,5,4,1.459998,0.142025
5668.750737,5669.529527,0.77879,1,3,2,3,0.463227,0.463227
5674.748461,5675.566028,0.817567,1,3,1,1,0.0,0.0
5680.748016,5681.064915,0.316899,1,3,1,3,0.0,0.0
5684.747753,5686.508531,1.760778,1,3,3,2,0.94497,0.098831
5686.746703,5687.46456,0.717857,1,3,1,0,0.0,0.0
5688.746473,5689.464448,0.717975,1,2,2,2,0.399951,0.399951
5692.744383,5693.559558,0.815175,1,3,1,3,0.0,0.0
5696.744328,5697.637214,0.892886,1,3,2,2,0.075392,0.075392
5700.743473,5704.55267,3.809197,1,3,4,1,2.00192,0.07605
5704.742389,5706.549305,1.806916,1,1,3,2,1.044559,0.446473
5706.742378,5707.506824,0.764446,1,2,2,2,0.446306,0.446306
5712.741024,5713.556279,0.815255,1,3,3,4,0.4031,0.096427
5716.739916,5719.459506,2.71959,1,3,4,3,1.546835,0.097896
5730.737383,5736.59449,5.857107,1,3,7,5,2.001046,0.244609
5738.734338,5741.754791,3.020453,1,3,4,3,1.299984,0.700942
5748.733408,5753.597807,4.864399,1,3,5,4,2.00264,0.45608
5756.730045,5761.053826,4.323781,1,3,5,2,2.003945,0.20131
5764.729245,5770.54324,5.813995,1,3,10,8,1.460135,0.076668
5774.726056,5777.578986,2.85293,1,3,5,1,1.044609,0.245288
5780.72622,5785.049838,4.323618,1,3,6,4,1.30556,0.242403
5788.72323,5789.741995,1.018765,1,3,1,3,0.0,0.0
5792.723356,5805.67479,12.951434,1,3,14,5,2.00185,0.244698
5806.719692,5817.539626,10.819934,1,2,13,6,2.001395,0.24486
5818.717399,5821.526459,2.80906,1,2,3,2,1.544599,0.246744
5826.71613,5829.73562,3.01949,1,3,2,2,2.000858,2.000858
5832.712969,5835.032772,2.319803,1,3,4,1,1.212171,0.247377
5838.712301,5841.738853,3.026552,1,3,6,3,1.547096,0.07575
5844.711516,5849.524083,4.812567,1,3,6,4,1.544943,0.247271
5852.70946,5855.698188,2.988728,1,3,7,3,1.33068,0.062906
5860.707615,5869.565381,8.857766,1,3,12,4,1.544861,0.201883
5872.705306,5892.875283,20.169977,1,3,26,8,1.75689,0.244093
5900.698776,5903.717037,3.018261,1,3,3,1,1.544067,0.456411
5906.69787,5909.059376,2.361506,1,3,2,2,1.54459,1.54459
5912.696305,5917.018652,4.322347,1,3,6,4,1.715382,0.246855
5920.695224,5920.781718,0.086494,1,1,1,0,0.0,0.0
5920.803188,5925.786777,4.983589,1,1,8,2,1.33039,0.215559
5928.69261,5929.007387,0.314777,1,3,1,2,0.0,0.0
5932.691172,5933.507538,0.816366,1,3,2,1,0.50053,0.50053
5936.691152,5945.351632,8.66048,1,3,11,4,1.544263,0.366544
5952.687964,5955.051417,2.363453,1,3,2,2,1.546614,1.546614
5958.685935,5965.584631,6.898696,1,3,11,1,1.799522,0.202443
5968.684015,5973.704764,5.020749,1,3,7,0,1.044011,0.411724
5976.682111,5985.889932,9.207821,1,3,13,4,1.804735,0.198225
5988.679536,5999.057992,10.378456,1,3,13,5,1.464044,0.201652
6002.676473,6014.558901,11.882428,1,3,15,4,2.02566,0.198902
6014.672711,6018.524708,3.851997,1,2,4,2,1.542703,0.246127
6022.671416,6022.987698,0.316282,1,3,1,1,0.0,0.0
6028.669405,6050.512736,21.843331,1,3,26,10,1.71765,0.20142
6052.66544,6055.530063,2.864623,1,3,4,4,1.458143,0.545124
6060.663323,6066.607644,5.944321,1,3,9,3,1.757789,0.244492
6066.661758,6069.525718,2.86396,1,2,3,2,2.004061,0.543868
6076.659387,6087.609278,10.949891,1,3,18,3,1.257339,0.19964
6090.656071,6092.419384,1.763313,1,3,3,4,0.946692,0.098943
6096.656003,6097.718655,1.062652,1,3,3,1,0.544768,0.20262
6102.653688,6111.722488,9.0688,1,3,13,4,1.502974,0.455276
6118.650064,6121.50189,2.851826,1,3,4,2,1.543918,0.245844
6126.647518,6139.602651,12.955133,1,3,21,1,1.258637,0.244984
6142.643635,6144.404915,1.76128,1,3,2,3,1.043182,1.043182
6144.644554,6158.60255,13.957996,1,2,14,6,2.005312,0.197331
6158.645202,6161.50138,2.856178,1,1,6,1,1.254762,0.204388
6166.640153,6173.298671,6.658518,1,3,10,6,1.048556,0.097813
6174.636842,6179.192661,4.555819,1,2,7,4,1.290383,0.245226
6182.636541,6183.353683,0.717142,1,3,1,0,0.0,0.0
6192.633406,6198.790934,6.157528,1,3,9,4,1.542783,0.248663
6202.630464,6206.395264,3.7648,1,3,6,7,1.903995,0.098022
6206.629853,6207.349113,0.71926,1,2,1,1,0.0,0.0
6208.630203,6209.447372,0.817169,1,2,1,1,0.0,0.0
6212.629905,6219.261988,6.632083,1,3,11,5,1.049598,0.072658
6222.626615,6225.4902,2.863585,1,3,6,6,1.458644,0.142789
6226.626853,6230.992991,4.366138,1,2,6,1,1.302368,0.244098
6240.623222,6249.574599,8.951377,1,3,8,8,2.002424,0.288704
6254.619103,6255.337642,0.718539,1,3,2,4,0.402163,0.402163
6258.619324,6259.33766,0.718336,1,3,2,1,0.402128,0.402128
6260.618324,6261.337293,0.718969,1,1,1,1,0.0,0.0
6262.618642,6263.435135,0.816493,1,2,1,1,0.0,0.0
6270.615751,6280.30693,9.691179,1,3,12,4,2.001551,0.243941
6280.614322,6281.675904,1.061582,1,1,2,1,0.245879,0.245879
6284.612788,6285.428953,0.816165,1,3,3,5,0.402007,0.097132
6288.612483,6290.374508,1.762025,1,3,2,3,1.04319,1.04319
6294.61189,6296.37386,1.76197,1,3,3,4,1.044499,0.402084
6296.610725,6298.373605,1.76288,1,2,4,4,0.901629,0.142727
6298.609623,6305.467411,6.857788,1,1,8,4,2.003827,0.201752
6308.608695,6319.604965,10.99627,1,3,14,5,2.00134,0.098653
6320.605381,6323.123823,2.518442,1,3,4,4,1.700993,0.30008
6328.603442,6330.923652,2.32021,1,3,3,2,1.460388,0.543941
6334.60194,6343.259748,8.657808,1,3,11,3,2.002769,0.184829
6348.598612,6354.92579,6.327178,1,3,7,3,2.002823,0.2477
6358.597246,6359.412917,0.815671,1,3,2,3,0.499911,0.499911
6362.594696,6364.357868,1.763172,1,3,2,3,1.043449,1.043449
6364.595224,6364.910542,0.315318,1,3,1,1,0.0,0.0
6372.592947,6375.702413,3.109466,1,3,7,5,1.45938,0.140842
6378.592046,6381.312243,2.720197,1,3,4,6,1.546829,0.095997
6384.591161,6388.355075,3.763914,1,3,7,7,1.545955,0.098874
6392.589619,6393.406192,0.816573,1,3,1,1,0.0,0.0
6396.587586,6401.442526,4.85494,1,3,10,3,1.258479,0.098983
6402.586309,6404.354978,1.768669,1,2,3,3,0.953429,0.096933
6406.585578,6421.706217,15.120639,1,3,22,3,1.75593,0.243202
6424.58194,6429.736281,5.154341,1,3,7,4,1.459519,0.245692
6432.580228,6443.185837,10.605609,1,3,9,9,2.001811,0.247519
6446.576605,6448.33919,1.762585,1,3,2,3,1.04432,1.04432
6452.575809,6453.338168,0.762359,1,3,2,2,0.445903,0.445903
6456.575094,6460.388171,3.813077,1,3,6,4,1.486027,0.072727
6462.616347,6474.731376,12.115029,1,3,13,7,2.00177,0.246462
6478.568961,6487.475837,8.906876,1,3,15,7,1.753972,0.074812
6492.566698,6496.376596,3.809898,1,3,4,5,2.003832,0.445919
6500.564562,6508.938732,8.37417,1,3,8,5,2.015175,0.073274
6516.560874,6519.213459,2.652585,1,3,5,0,1.044917,0.247176
6522.559443,6523.322579,0.763136,1,3,2,2,0.445905,0.445905
6526.558858,6531.425979,4.867121,1,3,5,5,2.003929,0.099111
6532.557993,6538.158989,5.600996,1,1,8,5,1.458663,0.096473
6540.555361,6549.62515,9.069789,1,3,10,6,2.001701,0.157566
6552.553298,6555.41482,2.861522,1,3,5,4,1.859298,0.140853
6560.551978,6563.414267,2.862289,1,3,6,7,1.458437,0.097648
6564.55134,6565.269773,0.718433,1,2,1,1,0.0,0.0
6566.549213,6570.360447,3.811234,1,2,6,3,1.224512,0.27909
6578.547369,6579.266158,0.718789,1,3,1,3,0.0,0.0
6580.546711,6582.309465,1.762754,1,3,4,6,0.903348,0.141124
6586.546091,6588.354008,1.807917,1,3,4,6,0.962486,0.083183
6592.544635,6594.306986,1.762351,1,3,3,1,1.043331,0.40323
6594.544651,6594.860029,0.315378,1,1,1,1,0.0,0.0
6598.542138,6600.304314,1.762176,1,3,3,2,0.945004,0.098732
6606.539822,6609.2606,2.720778,1,2,5,6,1.500968,0.098975
6610.540476,6613.35762,2.817144,1,2,2,3,2.001687,2.001687
6616.53863,6618.302939,1.764309,1,3,2,1,1.045575,1.045575
6622.537109,6624.343469,1.80636,1,3,4,6,0.945122,0.099718
6624.537833,6625.300621,0.762788,1,1,2,2,0.446849,0.446849
6626.536578,6629.389548,2.85297,1,2,6,2,1.255884,0.24598
6630.535761,6632.298846,1.763085,1,2,2,1,1.045138,1.045138
6632.535689,6632.852416,0.316727,1,2,1,1,0.0,0.0
6636.533257,6647.741719,11.208462,1,3,17,4,2.001801,0.097926
6648.531768,6653.397674,4.865906,1,2,6,5,2.004179,0.095966
6654.530199,6659.393222,4.863023,1,2,6,5,2.00207,0.140767
6664.528416,6667.345881,2.817465,1,3,5,5,1.483679,0.073085
6670.526326,6671.34301,0.816684,1,3,1,0,0.0,0.0
6674.526096,6675.343376,0.81728,1,3,1,3,0.0,0.0
6678.524958,6687.443296,8.918338,1,3,14,3,1.30718,0.099837
6690.522829,6690.839176,0.316347,1,3,1,1,0.0,0.0
6694.521179,6697.63066,3.109481,1,3,7,5,1.460899,0.098832
6700.520153,6703.581729,3.061576,1,3,3,2,2.001323,0.244928
6706.518872,6708.325516,1.806644,1,3,3,4,1.045166,0.444966
6708.518065,6713.144056,4.625991,1,1,6,4,2.000487,0.072353
6716.515687,6717.235718,0.720031,1,3,1,1,0.0,0.0
6718.51577,6719.276737,0.760967,1,2,2,2,0.445094,0.445094
6722.515414,6723.233792,0.718378,1,2,2,3,0.402546,0.402546
6724.515077,6724.833066,0.317989,1,2,1,1,0.0,0.0
6728.513782,6730.275932,1.76215,1,3,2,3,1.044171,1.044171
6730.513486,6737.383765,6.870279,1,1,8,6,2.002751,0.097317
6738.511815,6747.546088,9.034273,1,2,11,4,1.54732,0.242652
6750.508879,6759.199514,8.690635,1,3,12,6,1.545963,0.079024
6762.506257,6771.57653,9.070273,1,3,11,6,2.001817,0.24486
6778.502633,6780.264198,1.761565,1,3,4,3,0.901017,0.143094
6782.501831,6789.662514,7.160683,1,3,12,2,1.301041,0.097945
6792.499388,6795.406207,2.906819,1,3,5,1,1.3003,0.24527
6798.498222,6805.452908,6.954686,1,3,10,5,2.003244,0.099067
6806.496529,6809.406486,2.909957,1,2,5,5,1.546641,0.10118
6812.495324,6814.257936,1.762612,1,3,3,2,1.044626,0.401746
6820.492945,6820.80918,0.316235,1,3,1,0,0.0,0.0
6824.492523,6825.308663,0.81614,1,3,1,3,0.0,0.0
6828.491382,6831.17935,2.687968,1,3,5,1,1.300056,0.081589
6836.490447,6839.644827,3.15438,1,3,6,5,1.546936,0.099296
6842.488913,6845.610447,3.121534,1,3,6,5,1.547062,0.061653
6846.487127,6847.205752,0.718625,1,1,1,1,0.0,0.0
6852.486286,6854.248794,1.762508,1,3,4,4,0.700204,0.097812
6856.485087,6859.295093,2.810006,1,3,4,4,1.301312,0.245391
6860.484107,6865.269436,4.785329,1,2,9,4,1.216879,0.098172
6868.483462,6876.855797,8.372335,1,3,5,4,2.003835,1.546201
6880.480614,6882.800034,2.31942,1,3,4,1,1.211528,0.246797
6890.477415,6893.242468,2.765053,1,3,5,7,1.482638,0.073466
6896.476998,6903.163691,6.686693,1,3,8,4,2.000561,0.076301
6904.475268,6906.238157,1.762889,1,3,2,0,1.044899,1.044899
6908.473471,6910.238448,1.764977,1,3,2,1,1.04624,1.04624
6912.473332,6915.290637,2.817305,1,3,5,5,1.547213,0.097787
6916.471701,6928.074852,11.603151,1,2,15,7,2.001912,0.098924
6928.470525,6929.584011,1.113486,1,1,2,1,1.043719,1.043719
6930.469325,6932.232759,1.763434,1,2,4,2,0.700887,0.097507
6934.469327,6945.203958,10.734631,1,3,16,1,2.002215,0.075975
6946.465114,6947.183155,0.718041,1,1,1,1,0.0,0.0
6948.465656,6951.185909,2.720253,1,2,5,5,1.546413,0.142928
6952.463756,6958.832134,6.368378,1,1,6,4,1.546703,0.542631
6962.462284,6963.359279,0.896995,1,3,3,1,0.500643,0.080534
6966.460991,6967.352379,0.891388,1,3,2,0,0.075755,0.075755
6970.459658,6973.325618,2.86596,1,3,6,6,1.459292,0.144373
6974.458889,6975.176871,0.717982,1,2,1,1,0.0,0.0
6976.459576,6978.222335,1.762759,1,2,3,2,1.044582,0.402298
6978.459592,6980.223473,1.763881,1,1,2,1,1.045279,1.045279
6980.458393,6981.358962,0.900569,1,2,3,2,0.098021,0.084409
6984.457839,6988.824904,4.367065,1,2,4,3,1.546446,0.544893
6992.455772,6995.264469,2.808697,1,3,3,4,1.54633,0.445752
6996.455104,6998.21784,1.762736,1,2,3,2,1.044617,0.402696
7000.453048,7001.171032,0.717984,1,3,2,3,0.401047,0.401047
7004.453174,7006.817055,2.363881,1,3,3,4,1.547065,0.099227
7010.451632,7014.305392,3.85376,1,3,7,8,1.546501,0.096695
7016.450645,7017.16937,0.718725,1,3,2,4,0.401352,0.401352
7018.449128,7019.210901,0.761773,1,1,2,2,0.445256,0.445256
7026.448703,7027.265254,0.816551,1,3,1,1,0.0,0.0
7030.447232,7037.315055,6.867823,1,3,6,3,2.002964,0.543155
7040.44468,7043.264492,2.819812,1,3,6,5,1.546383,0.098564
7046.44369,7049.207626,2.763936,1,3,4,2,1.90378,0.097839
7050.442371,7053.355395,2.913024,1,2,7,6,1.483588,0.073168
7056.442479,7057.160318,0.717839,1,3,1,1,0.0,0.0
7058.4409,7059.160082,0.719182,1,3,2,2,0.404237,0.404237
7062.439812,7063.348541,0.908729,1,3,3,1,0.097772,0.092079
7066.438539,7074.256832,7.818293,1,3,10,8,1.461005,0.09803
7078.436789,7079.32899,0.892201,1,3,2,3,0.076541,0.076541
7080.435598,7081.374062,0.938464,1,1,3,1,0.544787,0.075488
7086.434284,7087.326126,0.891842,1,3,2,3,0.075844,0.075844
7090.434382,7091.152372,0.71799,1,3,2,3,0.400467,0.400467
7092.434042,7094.197227,1.763185,1,2,3,3,0.945835,0.099478
7098.43273,7098.747733,0.315003,1,3,1,1,0.0,0.0
7102.430751,7105.25025,2.819499,1,3,4,5,2.001866,0.100286
7108.430294,7113.425271,4.994977,1,3,7,7,1.979456,0.073424
7116.427602,7117.147,0.719398,1,3,1,1,0.0,0.0
7118.426951,7120.190742,1.763791,1,1,2,1,1.045446,1.045446
7124.426508,7125.320972,0.894464,1,3,2,3,0.077839,0.077839
7126.426019,7128.188301,1.762282,1,2,2,1,1.045349,1.045349
7128.42575,7129.362983,0.937233,1,1,3,1,0.545514,0.076095
7130.425137,7132.188226,1.763089,1,1,2,1,1.044089,1.044089
7134.424265,7135.186876,0.762611,1,3,2,4,0.446587,0.446587
7140.423927,7140.740151,0.316224,1,3,1,0,0.0,0.0
7144.422409,7146.18525,1.762841,1,3,3,3,0.946381,0.098595
7146.420469,7147.313229,0.89276,1,3,2,0,0.075304,0.075304
7148.420906,7150.18415,1.763244,1,3,4,4,0.946035,0.099007
7156.420162,7157.311277,0.891115,1,3,2,0,0.074511,0.074511
7162.41669,7166.228818,3.812128,1,3,4,5,2.003803,0.4463
7166.41685,7167.135523,0.718673,1,2,2,2,0.402312,0.402312
7168.416793,7171.280707,2.863914,1,3,6,5,1.48333,0.073798
7172.416549,7175.316443,2.899894,1,3,6,7,1.547013,0.081058
7176.415084,7179.318495,2.903411,1,2,4,3,1.546836,0.085937
7184.414286,7187.231776,2.81749,1,3,4,4,1.502831,0.498012
7190.412528,7191.348858,0.93633,1,3,4,5,0.401318,0.076237
7196.411172,7199.273024,2.861852,1,3,6,6,1.545881,0.099865
7202.40906,7203.302285,0.893225,1,3,3,4,0.099085,0.075947
7206.40878,7207.126967,0.718187,1,3,1,1,0.0,0.0
7212.406421,7215.313398,2.906977,1,3,4,4,1.547187,0.096024
7218.406486,7219.12467,0.718184,1,3,1,3,0.0,0.0
7220.406286,7221.123854,0.717568,1,2,1,1,0.0,0.0
7226.403623,7227.121974,0.718351,1,3,1,3,0.0,0.0
7228.403286,7231.166128,2.762842,1,2,4,4,1.922683,0.078635
7232.402334,7236.254535,3.852201,1,2,5,5,1.547172,0.070416
7238.401236,7239.120288,0.719052,1,3,1,1,0.0,0.0
7242.399959,7243.291622,0.891663,1,3,2,0,0.075772,0.075772
7244.399936,7246.163023,1.763087,1,2,2,1,1.045083,1.045083
7248.399457,7250.206399,1.806942,1,3,4,3,0.971896,0.073081
7250.399335,7251.117869,0.718534,1,2,1,1,0.0,0.0
7252.399036,7253.162055,0.763019,1,2,2,2,0.447155,0.447155
7254.397745,7257.117991,2.720246,1,2,5,5,1.460968,0.141204
7260.395801,7262.201964,1.806163,1,3,4,6,0.94575,0.099356
7262.395499,7263.211684,0.816185,1,1,1,1,0.0,0.0
7270.393853,7271.112573,0.71872,1,3,1,3,0.0,0.0
7272.393787,7272.710178,0.316391,1,1,1,1,0.0,0.0
7276.392668,7279.254632,2.861964,1,3,4,4,1.45843,0.542847
7282.392305,7283.109173,0.716868,1,3,1,2,0.0,0.0
7298.388822,7300.151335,1.762513,1,3,2,3,1.043759,1.043759
7304.38635,7305.341165,0.954815,1,3,3,2,0.137745,0.097664
7308.385698,7309.148202,0.762504,1,3,2,4,0.447902,0.447902
7310.385084,7311.103541,0.718457,1,2,1,1,0.0,0.0
7312.384982,7313.103637,0.718655,1,2,2,3,0.402325,0.402325
7314.384846,7320.286629,5.901783,1,2,8,6,2.003476,0.05765
7320.383836,7321.100882,0.717046,1,1,1,1,0.0,0.0
7326.380526,7327.275973,0.895447,1,3,2,1,0.077727,0.077727
7328.382309,7332.74862,4.366311,1,3,4,5,1.547426,0.45523
7336.37918,7337.32018,0.941,1,3,3,0,0.544371,0.080301
7342.377554,7351.26062,8.883066,1,3,8,9,2.002213,0.067544
7354.376162,7357.095462,2.7193,1,2,5,5,1.54682,0.098071
7360.37472,7363.23642,2.8617,1,3,5,4,1.458238,0.096452
7364.373679,7367.335463,2.961784,1,2,5,4,1.547109,0.067875
7370.372375,7371.272848,0.900473,1,3,3,3,0.499627,0.08419
7374.370469,7376.134359,1.76389,1,3,2,3,1.044856,1.044856
7376.371436,7377.132559,0.761123,1,3,2,4,0.445413,0.445413
7378.371863,7379.089089,0.717226,1,1,1,1,0.0,0.0
7380.370184,7381.089073,0.718889,1,3,2,2,0.403431,0.403431
7384.368879,7385.088843,0.719964,1,3,2,2,0.403237,0.403237
7386.367471,7387.269015,0.901544,1,3,2,3,0.085064,0.085064
7388.368581,7389.086305,0.717724,1,2,1,1,0.0,0.0
7390.367494,7393.265564,2.89807,1,2,3,2,2.001624,0.079238
7396.367076,7397.269593,0.902517,1,3,2,1,0.087122,0.087122
7400.365648,7404.130081,3.764433,1,3,4,1,1.867333,0.083329
7404.365223,7410.222836,5.857613,1,3,7,6,1.548194,0.082889
7414.363069,7416.1236,1.760531,1,3,4,4,0.945009,0.098755
7424.360319,7425.267531,0.907212,1,3,2,2,0.090693,0.090693
7426.3598,7431.256672,4.896872,1,2,7,4,1.546578,0.076244
7434.357075,7437.176206,2.819131,1,3,6,8,1.50377,0.096833
7438.356224,7441.307856,2.951632,1,2,5,4,1.546454,0.098536
7446.355775,7449.165598,2.809823,1,3,3,5,1.545763,0.447091
7450.354528,7451.247249,0.892721,1,2,2,1,0.076463,0.076463
7456.35335,7459.300824,2.947474,1,3,4,2,2.002451,0.083416
7460.353139,7461.072209,0.71907,1,2,1,1,0.0,0.0
7462.351896,7464.113021,1.761125,1,3,2,2,1.044177,1.044177
7470.350465,7473.198114,2.847649,1,3,6,8,1.526112,0.073545
7474.349364,7476.111233,1.761869,1,1,2,1,1.045191,1.045191
7478.348187,7480.667562,2.319375,1,3,4,3,1.458539,0.097805
7484.347467,7486.110537,1.76307,1,3,3,5,0.947148,0.097703
7486.345473,7486.661508,0.316035,1,2,1,1,0.0,0.0
7490.346555,7491.163034,0.816479,1,3,2,4,0.098864,0.098864
7494.344572,7499.329041,4.984469,1,3,6,5,1.546768,0.075395
7502.342807,7503.061713,0.718906,1,3,2,4,0.402213,0.402213
7504.34242,7505.061074,0.718654,1,2,1,2,0.0,0.0
7512.340984,7516.105882,3.764898,1,3,4,4,1.9035,0.097874
7518.339522,7519.059416,0.719894,1,3,1,0,0.0,0.0
7520.339602,7521.102372,0.76277,1,2,2,2,0.445603,0.445603
7524.338406,7528.705963,4.367557,1,3,4,5,1.54774,0.455741
7532.335764,7533.195741,0.859977,1,3,2,0,0.543379,0.543379
7536.33688,7545.314338,8.977458,1,3,9,7,2.00369,0.071146
7546.333401,7548.095287,1.761886,1,1,2,1,1.044573,1.044573
7550.332211,7551.094877,0.762666,1,3,2,1,0.44711,0.44711
7560.330337,7565.143929,4.813592,1,3,5,6,1.54816,0.446695
7572.327144,7574.090261,1.763117,1,3,2,1,1.044513,1.044513
7576.32753,7576.643885,0.316355,1,3,1,3,0.0,0.0
7580.326172,7581.045144,0.718972,1,3,2,4,0.402738,0.402738
7582.325374,7585.223722,2.898348,1,3,4,2,2.001305,0.079836
7586.324929,7587.261008,0.936079,1,2,3,1,0.543844,0.076149
7590.323371,7594.178407,3.855036,1,2,6,6,1.546557,0.055998
7596.322509,7598.130329,1.80782,1,3,4,4,0.958804,0.086225
7598.321668,7598.63779,0.316122,1,1,1,1,0.0,0.0
7602.321065,7604.130168,1.809103,1,3,4,6,0.971971,0.072924
7604.321835,7605.214976,0.893141,1,1,2,1,0.075903,0.075903
7606.320887,7607.037966,0.717079,1,2,1,1,0.0,0.0
7608.319989,7609.039834,0.719845,1,3,2,2,0.402595,0.402595
7610.319731,7611.036944,0.717213,1,2,1,2,0.0,0.0
7612.318669,7614.179739,1.86107,1,1,4,1,0.917211,0.082339
7616.318908,7620.083304,3.764396,1,3,5,3,1.90284,0.098264
7628.315886,7629.033631,0.717745,1,3,2,3,0.401654,0.401654
7630.314796,7632.124541,1.809745,1,2,3,1,0.915061,0.078746
7638.313047,7642.637419,4.324372,1,3,6,7,1.505291,0.097834
7646.31115,7648.119945,1.808795,1,3,4,3,0.915164,0.075894
7652.310709,7653.126381,0.815672,1,3,1,1,0.0,0.0
7660.308531,7663.074209,2.765678,1,3,5,7,1.459673,0.096886
7664.307723,7665.025962,0.718239,1,1,1,1,0.0,0.0
7666.307995,7669.070887,2.762892,1,3,5,5,1.471761,0.088219
7670.306692,7671.025608,0.718916,1,2,2,2,0.402306,0.402306
7672.305714,7673.068395,0.762681,1,2,2,2,0.446398,0.446398
7674.305758,7678.669701,4.363943,1,3,3,3,2.001835,1.545727
7682.304044,7685.166648,2.862604,1,3,6,6,1.482932,0.073902
7686.302473,7687.193701,0.891228,1,1,2,1,0.075325,0.075325
7692.300961,7695.291051,2.99009,1,3,5,6,1.546202,0.083912
7698.300867,7699.019231,0.718364,1,3,1,1,0.0,0.0
7700.299623,7702.062802,1.763179,1,3,3,5,0.947712,0.097382
7708.298017,7712.061273,3.763256,1,3,6,7,1.45847,0.141348
7716.296435,7718.058107,1.761672,1,3,3,4,0.944085,0.099118
7726.293252,7727.055706,0.762454,1,3,2,4,0.445236,0.445236
7742.28952,7745.099492,2.809972,1,3,4,3,1.546481,0.097628
7746.289426,7751.142322,4.852896,1,1,5,4,2.002309,0.444164
7752.287409,7753.181924,0.894515,1,2,2,1,0.077228,0.077228
7756.287653,7760.053326,3.765673,1,3,6,7,1.459211,0.141909
7760.286752,7760.602921,0.316169,1,2,1,1,0.0,0.0
7764.28618,7765.00467,0.71849,1,3,1,1,0.0,0.0
7766.28615,7767.177027,0.890877,1,3,3,3,0.499504,0.075828
7772.284077,7774.046137,1.76206,1,3,2,3,1.044504,1.044504
7774.283447,7777.145593,2.862146,1,2,4,2,1.458961,0.543232
7782.281321,7783.17527,0.893949,1,3,3,2,0.501403,0.076674
7784.281457,7785.095715,0.814258,1,3,2,3,0.49852,0.49852
7788.27991,7790.043161,1.763251,1,3,4,6,0.947475,0.097085
7790.279992,7794.134085,3.854093,1,2,4,3,1.547556,0.447831
7798.277876,7799.177231,0.899355,1,3,3,3,0.500596,0.082801
7800.277405,7802.040231,1.762826,1,3,2,3,1.044023,1.044023
7804.276085,7804.994888,0.718803,1,3,2,3,0.401606,0.401606
7808.276803,7810.038876,1.762073,1,3,4,4,0.945864,0.098783
7814.275302,7816.084436,1.809134,1,3,3,0,0.915615,0.076193
7816.273853,7816.993004,0.719151,1,3,1,0,0.0,0.0
7820.272884,7821.088301,0.815417,1,3,1,3,0.0,0.0
7824.273102,7826.035639,1.762537,1,3,2,3,1.04414,1.04414
7828.272184,7828.990192,0.718008,1,3,2,4,0.402334,0.402334
7830.27127,7833.088498,2.817228,1,2,3,3,2.001137,0.097455
7836.269114,7838.03207,1.762956,1,3,2,1,1.044248,1.044248
7840.26926,7840.987767,0.718507,1,3,1,1,0.0,0.0
7842.268364,7843.084171,0.815807,1,3,1,3,0.0,0.0
7846.266521,7849.030587,2.764066,1,3,5,6,1.527034,0.074307
7852.266826,7855.085093,2.818267,1,3,4,5,1.903779,0.097328
7856.266072,7858.124275,1.858203,1,1,4,1,0.913979,0.082971
7862.264109,7863.080524,0.816415,1,3,2,2,0.097675,0.097675
7866.262923,7866.981003,0.71808,1,3,1,1,0.0,0.0
7868.262324,7869.101674,0.83935,1,3,3,4,0.445444,0.077199
7872.262356,7875.245116,2.98276,1,3,6,4,1.526318,0.073649
7876.261939,7877.02304,0.761101,1,2,2,2,0.445712,0.445712
7878.260856,7879.158007,0.897151,1,2,2,1,0.08137,0.08137
7886.258804,7886.97762,0.718816,1,3,2,4,0.402064,0.402064
7894.256042,7895.14873,0.892688,1,3,3,0,0.499603,0.076033
7898.255454,7899.018898,0.763444,1,3,2,2,0.446224,0.446224
7900.255294,7903.02065,2.765356,1,3,3,4,2.00268,0.44623
7904.254773,7908.019295,3.764522,1,2,6,6,1.494913,0.163309
7910.25318,7912.058012,1.804832,1,3,3,2,1.043034,0.446341
7912.253321,7915.018365,2.765044,1,1,3,3,2.003515,0.446364
7920.251769,7922.057861,1.806092,1,3,5,2,0.890749,0.076436
7928.250232,7932.059002,3.80877,1,3,7,7,1.479119,0.078303
7932.247426,7934.011767,1.764341,1,2,3,2,1.045059,0.401393
7934.247959,7936.105354,1.857395,1,3,4,3,0.916311,0.079944
7938.24762,7939.185526,0.937906,1,3,3,3,0.544257,0.078253
7940.246666,7942.010697,1.764031,1,3,2,3,1.045092,1.045092
7944.246523,7947.064843,2.81832,1,3,4,4,1.903304,0.097282
7948.244706,7950.607859,2.363153,1,2,2,3,1.545713,1.545713
7954.24389,7955.104255,0.860365,1,3,2,2,0.544371,0.544371
7958.242984,7959.139823,0.896839,1,3,4,2,0.403186,0.080063
7962.242218,7967.011315,4.769097,1,2,6,7,2.002765,0.09691
7968.241192,7970.005356,1.764164,1,2,2,1,1.045785,1.045785
7980.238247,7983.257671,3.019424,1,3,5,3,1.345818,0.110222
7986.237294,7989.005184,2.76789,1,3,3,2,2.005336,0.446772
7990.236456,7991.171313,0.934857,1,3,4,3,0.445287,0.075514
7994.233927,8001.095103,6.861176,1,3,8,6,1.548067,0.203272
8002.233062,8007.243255,5.010193,1,3,7,5,1.547263,0.063299
8008.23225,8012.796005,4.563755,1,1,3,3,2.000795,1.544134
8018.229984,8019.248108,1.018124,1,2,2,1,0.202609,0.202609
8024.228168,8028.997152,4.768984,1,3,5,3,2.003202,0.445072
8030.227347,8038.173494,7.946147,1,2,8,3,2.001536,0.245971
8042.223935,8043.038872,0.814937,1,3,1,3,0.0,0.0
8046.223792,8053.126658,6.902866,1,3,7,7,1.547175,0.44562
8054.220758,8060.075584,5.854826,1,1,8,1,1.045005,0.244475
8064.219825,8064.535797,0.315972,1,3,1,3,0.0,0.0
8070.218185,8072.539983,2.321798,1,3,3,1,1.50528,0.499041
8076.216544,8081.027018,4.810474,1,3,4,5,2.002047,0.246179
8082.215811,8085.069246,2.853435,1,1,4,1,1.044672,0.245398
8088.213762,8094.114254,5.900492,1,3,7,3,2.001395,0.245922
8094.213059,8101.325791,7.112732,1,1,9,4,1.460126,0.24589
8110.209652,8113.016167,2.806515,1,3,4,3,1.044671,0.244405
8116.208118,8119.31702,3.108902,1,2,4,3,1.546803,0.499002
8122.207046,8125.058538,2.851492,1,3,6,1,1.043556,0.032644
8128.206119,8131.225309,3.01919,1,3,5,1,1.045459,0.456009
8138.203608,8145.072862,6.869254,1,3,6,3,2.003035,0.543949
8150.20107,8150.517131,0.316061,1,3,1,1,0.0,0.0
8156.198991,8165.359434,9.160443,1,3,13,2,1.890984,0.110479
8168.195999,8173.137887,4.941888,1,3,7,4,1.54647,0.244648
8176.194169,8185.14136,8.947191,1,3,12,5,1.756775,0.202484
8188.191649,8191.002184,2.810535,1,3,4,1,1.046034,0.200543
8192.191085,8194.798614,2.607529,1,2,4,3,1.544266,0.245964
8198.189705,8201.20976,3.020055,1,3,2,3,2.002201,2.002201
8204.188763,8204.504404,0.315641,1,3,1,2,0.0,0.0
8210.188086,8218.891357,8.703271,1,3,11,4,1.549503,0.243105
8222.184615,8233.088587,10.903972,1,3,14,4,1.799961,0.202774
8234.182651,8238.037331,3.85468,1,1,4,2,1.544805,0.24695
8240.180856,8242.990339,2.809483,1,3,3,2,1.545183,0.246145
8244.18001,8245.198844,1.018834,1,2,1,2,0.0,0.0
8248.179074,8258.555074,10.376,1,3,12,4,1.798472,0.202936
8262.176005,8263.194113,1.018108,1,2,2,2,0.201804,0.201804
8266.174839,8269.052996,2.878157,1,3,6,1,1.044403,0.059118
8272.173469,8279.028709,6.85524,1,3,10,4,2.001565,0.202682
8282.171199,8287.027584,4.856385,1,3,7,5,1.546772,0.156873
8292.170267,8292.486207,0.31594,1,3,1,3,0.0,0.0
8296.168052,8306.070802,9.90275,1,3,12,6,1.799105,0.203127
8310.165285,8311.183694,1.018409,1,3,1,1,0.0,0.0
8314.164043,8317.016536,2.852493,1,3,5,0,1.300839,0.243425
8318.162996,8319.926122,1.763126,1,1,2,1,1.044378,1.044378
8320.163027,8320.479133,0.316106,1,1,1,1,0.0,0.0
8326.161689,8326.878837,0.717148,1,3,2,4,0.399449,0.399449
8328.161499,8349.071141,20.909642,1,2,27,7,1.756055,0.245893
8350.155969,8350.873206,0.717237,1,2,1,1,0.0,0.0
8352.157011,8357.064582,4.907571,1,2,7,2,1.503428,0.247327
8360.153764,8360.873251,0.719487,1,3,1,1,0.0,0.0
8366.152795,8368.472603,2.319808,1,3,2,3,2.004454,2.004454
8372.15149,8379.016591,6.865101,1,3,8,5,2.001483,0.141357
8382.149365,8387.060015,4.91065,1,3,6,4,1.760311,0.244147
8390.147099,8390.866824,0.719725,1,3,2,4,0.402256,0.402256
8392.146762,8392.865655,0.718893,1,3,1,3,0.0,0.0
8394.146554,8395.909778,1.763224,1,3,3,4,0.9478,0.097439
8400.145578,8402.466522,2.320944,1,3,4,1,1.258276,0.201238
8406.144178,8413.04495,6.900772,1,3,7,4,2.002139,0.200468
8416.141107,8427.1469,11.005793,1,3,14,5,2.003249,0.096976
8432.139231,8439.007412,6.868181,1,3,8,2,2.002033,0.246374
8442.135683,8449.035212,6.899529,1,3,11,3,1.30161,0.243042
8450.135243,8451.897715,1.762472,1,2,2,1,1.044466,1.044466
8452.134796,8461.733881,9.599085,1,1,14,5,2.00177,0.085751
8462.131253,8466.454773,4.32352,1,2,3,4,2.004015,2.003888
8474.128638,8478.53762,4.408982,1,2,6,4,1.545817,0.141379
8482.127282,8483.890795,1.763513,1,3,2,2,1.04583,1.04583
8486.126639,8486.844698,0.718059,1,3,1,1,0.0,0.0
8492.124782,8500.370597,8.245815,1,3,9,4,2.004005,0.245812
8504.122005,8506.98357,2.861565,1,3,6,6,1.4599,0.13979
8518.119389,8520.839011,2.719622,1,2,4,3,1.903925,0.09732
8522.118649,8522.837785,0.719136,1,3,1,1,0.0,0.0
8524.116724,8535.319965,11.203241,1,1,14,4,2.002545,0.202366
8536.115115,8538.966979,2.851864,1,2,5,1,1.044498,0.245539
8540.114221,8540.833091,0.71887,1,1,1,1,0.0,0.0
8542.113798,8548.26961,6.155812,1,2,8,2,1.756503,0.244017
8556.110243,8557.875012,1.764769,1,3,2,3,1.045196,1.045196
8564.109828,8564.925388,0.81556,1,2,1,1,0.0,0.0
8568.108268,8568.925192,0.816924,1,3,3,4,0.403222,0.097915
8572.106573,8572.826042,0.719469,1,1,2,0,0.663157,0.663157
8574.105836,8576.711624,2.605788,1,2,3,4,1.543766,0.745827
8580.106052,8582.824682,2.71863,1,3,5,4,1.45825,0.142466
8584.104302,8585.867692,1.76339,1,3,3,5,0.94729,0.098356
8590.103561,8608.325288,18.221727,1,3,20,6,2.001813,0.204986
8612.098706,8615.006838,2.908132,1,3,3,4,1.546861,0.54449
8618.096595,8632.874311,14.777716,1,2,18,8,2.001508,0.078045
8634.093524,8635.855872,1.762348,1,1,2,1,1.043116,1.043116
8636.093329,8637.85732,1.763991,1,1,2,1,1.044874,1.044874
8638.091665,8641.689081,3.597416,1,2,6,5,1.044818,0.078078
8642.092663,8648.726792,6.634129,1,3,9,6,2.000943,0.076807
8650.08978,8655.154751,5.064971,1,1,6,2,2.001123,0.245297
8664.086917,8670.977656,6.890739,1,3,13,8,1.54794,0.042226
8674.085388,8680.907863,6.822475,1,3,4,6,2.00375,2.0017
8688.082767,8694.938446,6.855679,1,3,10,1,1.047716,0.245439
8700.078722,8704.68748,4.608758,1,3,6,4,1.54382,0.242809
8708.077937,8709.840555,1.762618,1,3,4,3,0.700734,0.098226
8714.0749,8718.933959,4.859059,1,3,8,2,1.544934,0.098438
8722.075201,8724.839546,2.764345,1,3,5,7,1.5019,0.098692
8726.073277,8727.835648,1.762371,1,2,2,1,1.044086,1.044086
8728.073347,8728.791272,0.717925,1,3,1,1,0.0,0.0
8736.071976,8739.924933,3.852957,1,3,5,4,1.545095,0.096109
8740.070185,8741.832789,1.762604,1,2,2,1,1.044893,1.044893
8746.067906,8746.785705,0.717799,1,2,1,1,0.0,0.0
8748.067844,8748.831347,0.763503,1,2,2,2,0.44651,0.44651
8758.066819,8758.783781,0.716962,1,3,1,0,0.0,0.0
8760.065557,8762.785443,2.719886,1,2,4,3,1.861916,0.139488
8764.064514,8764.783436,0.718922,1,3,2,4,0.403504,0.403504
8768.06416,8768.782234,0.718074,1,3,2,4,0.402706,0.402706
8772.062996,8772.782014,0.719018,1,3,1,2,0.0,0.0
8774.062865,8774.921871,0.859006,1,2,2,1,0.543027,0.543027
8778.061573,8780.967923,2.90635,1,3,5,4,1.546244,0.097925
8782.060899,8783.822298,1.761399,1,1,2,1,1.044206,1.044206
8792.058602,8795.86995,3.811348,1,3,5,6,2.004141,0.097882
8800.056864,8806.969225,6.912361,1,3,9,10,2.003947,0.073836
8816.053825,8824.663735,8.60991,1,3,8,6,2.002397,0.243085
8828.049814,8830.770043,2.720229,1,3,3,4,1.902834,0.098945
8832.049958,8832.365736,0.315778,1,3,1,3,0.0,0.0
8836.048392,8837.811736,1.763344,1,3,4,6,0.946952,0.097384
8838.048129,8854.519454,16.471325,1,1,19,6,1.755926,0.245224
8866.041998,8869.894957,3.852959,1,3,4,5,1.54641,0.445461
8872.041433,8878.999442,6.958009,1,3,12,3,1.390141,0.05576
8880.040031,8880.757941,0.71791,1,1,1,1,0.0,0.0
8882.039098,8882.757005,0.717907,1,3,1,2,0.0,0.0
8884.038053,8886.400436,2.362383,1,3,2,1,1.546984,1.546984
8890.036796,8895.10252,5.065724,1,3,8,4,2.003296,0.098434
8898.035455,8900.754393,2.718938,1,3,5,7,1.458765,0.143345
8904.03306,8906.35163,2.31857,1,3,5,5,1.213555,0.096402
8912.032221,8916.881758,4.849537,1,3,8,6,1.5053,0.080562
8920.030052,8928.8465,8.816448,1,2,11,4,2.001389,0.203737
8930.027862,8933.837199,3.809337,1,2,5,4,1.928884,0.072965
8936.026033,8948.490246,12.464213,1,3,10,5,2.007335,0.247651
8952.023279,8954.842221,2.818942,1,3,3,2,1.757457,0.244298
8964.020745,8966.839082,2.818337,1,3,2,4,2.001621,2.001621
8970.018957,8970.782618,0.763661,1,3,2,4,0.447214,0.447214
8976.018725,8976.737478,0.718753,1,3,2,1,0.402193,0.402193
8978.016432,8978.866464,0.850032,1,2,3,4,0.446338,0.088143
8982.016961,8982.735733,0.718772,1,3,1,0,0.0,0.0
8984.015396,8993.83744,9.822044,1,3,16,1,1.221816,0.120323
8998.012813,9003.870402,5.857589,1,3,10,9,1.550176,0.099558
9004.010548,9004.327518,0.31697,1,2,1,1,0.0,0.0
9008.011401,9010.775855,2.764454,1,3,4,3,1.928165,0.072984
9012.010163,9012.825012,0.814849,1,2,2,2,0.49924,0.49924
9016.009,9018.870803,2.861803,1,3,6,7,1.45844,0.141138
9020.007559,9029.001498,8.993939,1,1,13,3,1.546463,0.241958
9032.004805,9034.867923,2.863118,1,3,6,8,1.501577,0.098526
9038.002948,9039.81012,1.807172,1,3,4,4,0.966439,0.077883
9046.00267,9047.764348,1.761678,1,3,2,3,1.044414,1.044414
9052.000956,9052.842741,0.841785,1,3,3,3,0.446429,0.079623
9056.00021,9058.810252,2.810042,1,3,4,3,1.546739,0.098455
9059.998898,9062.683113,2.684215,1,2,6,2,1.257218,0.079828
9063.997563,9064.715613,0.71805,1,2,1,1,0.0,0.0
9065.997132,9067.760699,1.763567,1,2,2,1,1.045247,1.045247
9067.99682,9069.75882,1.762,1,1,2,1,1.044055,1.044055
9069.995923,9070.757797,0.761874,1,1,2,2,0.445992,0.445992
9073.997026,9075.759597,1.762571,1,3,2,2,1.044044,1.044044
9075.99481,9077.75859,1.76378,1,2,2,2,1.044432,1.044432
9085.993028,9087.75595,1.762922,1,3,2,1,1.044301,1.044301
9087.992769,9090.712213,2.719444,1,2,3,2,1.902862,0.09819
9091.992559,9099.852963,7.860404,1,3,9,4,1.547934,0.245611
9103.989871,9106.806616,2.816745,1,3,2,1,2.00187,2.00187
9113.987477,9114.751447,0.76397,1,3,2,3,0.446987,0.446987
9115.986383,9118.684576,2.698193,1,1,6,3,1.044608,0.073027
9121.985585,9122.80212,0.816535,1,3,2,2,0.098319,0.098319
9125.983562,9126.738113,0.754551,1,3,2,1,0.437914,0.437914
9131.983207,9132.701233,0.718026,1,3,1,0,0.0,0.0
9133.982333,9134.297475,0.315142,1,2,1,1,0.0,0.0
9139.980799,9140.699051,0.718252,1,3,1,3,0.0,0.0
9141.981083,9145.744664,3.763581,1,3,5,6,1.901623,0.099355
9145.979852,9148.300154,2.320302,1,2,2,3,1.989036,1.989036
9153.978987,9154.696577,0.71759,1,3,1,2,0.0,0.0
9155.977097,9156.739941,0.762844,1,2,2,2,0.446855,0.446855
9159.976695,9161.740684,1.763989,1,3,4,3,0.948592,0.096962
9161.976266,9163.037905,1.061639,1,1,2,1,0.245956,0.245956
9165.975587,9166.693459,0.717872,1,3,2,2,0.401013,0.401013
9169.975109,9172.695191,2.720082,1,3,4,4,1.547221,0.096737
9173.974283,9176.739826,2.765543,1,2,3,3,2.002765,0.446913
9177.972072,9187.622615,9.650543,1,2,13,6,1.547778,0.07632
9191.970035,9192.68814,0.718105,1,3,1,2,0.0,0.0
9193.969091,9194.784927,0.815836,1,2,1,1,0.0,0.0
9197.968181,9204.336843,6.368662,1,2,4,4,2.002462,1.54747
9207.966352,9214.597668,6.631316,1,3,10,3,1.546872,0.073567
9215.96458,9218.858469,2.893889,1,2,3,2,2.002141,0.075762
9221.96268,9223.770621,1.807941,1,3,3,2,1.045998,0.446034
9227.961226,9229.724217,1.762991,1,3,2,3,1.043909,1.043909
9229.961249,9231.768103,1.806854,1,2,3,2,1.044947,0.446237
9231.961094,9234.864586,2.903492,1,2,3,2,2.002169,0.083711
9237.959814,9240.777424,2.81761,1,3,6,8,1.546067,0.0991
9241.957332,9244.722211,2.764879,1,2,4,4,1.921098,0.079439
9245.957306,9247.763146,1.80584,1,2,4,5,0.957477,0.086786
9249.957918,9250.292992,0.335074,1,3,1,3,0.0,0.0
9253.955524,9255.71766,1.762136,1,3,4,5,0.900947,0.143537
9257.955353,9258.674188,0.718835,1,3,1,3,0.0,0.0
9263.954171,9265.716196,1.762025,1,3,4,6,0.900863,0.142359
9265.953162,9266.716116,0.762954,1,3,2,1,0.446804,0.446804
9267.95294,9268.715771,0.762831,1,2,2,3,0.446158,0.446158
9269.952717,9272.817919,2.865202,1,2,5,4,1.460468,0.097976
9277.949882,9279.712966,1.763084,1,3,3,2,0.947401,0.097004
9279.951375,9289.19787,9.246495,1,2,9,6,2.003196,0.246155
9289.947572,9290.849691,0.902119,1,2,2,2,0.086585,0.086585
9291.947118,9292.762913,0.815795,1,2,1,1,0.0,0.0
9295.946479,9296.838673,0.892194,1,3,2,3,0.07585,0.07585
9303.945271,9304.708247,0.762976,1,3,2,3,0.447144,0.447144
9305.943992,9306.661093,0.717101,1,3,1,1,0.0,0.0
9307.943885,9309.707642,1.763757,1,3,2,3,1.04506,1.04506
9311.943422,9314.810543,2.867121,1,3,4,6,1.546654,0.05817
9319.940775,9322.26011,2.319335,1,3,4,6,1.502898,0.098195
9325.938895,9329.749223,3.810328,1,3,6,6,2.004693,0.076685
9329.939705,9330.658189,0.718484,1,1,1,1,0.0,0.0
9331.938619,9332.851293,0.912674,1,3,4,5,0.44554,0.072001
9335.937283,9339.701838,3.764555,1,3,6,5,1.460643,0.140628
9339.936241,9340.252473,0.316232,1,2,1,1,0.0,0.0
9343.936359,9344.697607,0.761248,1,3,2,2,0.444908,0.444908
9351.934569,9354.79764,2.863071,1,3,5,4,1.857929,0.142894
9355.93233,9357.695985,1.763655,1,2,2,1,1.044717,1.044717
9359.932901,9360.694722,0.761821,1,3,2,4,0.445641,0.445641
9367.930395,9369.692532,1.762137,1,3,3,3,1.043987,0.403103
9369.930366,9372.827079,2.896713,1,1,4,3,1.546935,0.485258
9375.928521,9378.824065,2.895544,1,2,5,4,1.902343,0.075516
9379.927846,9380.818689,0.890843,1,3,2,3,0.075708,0.075708
9383.926622,9384.68872,0.762098,1,3,2,4,0.446106,0.446106
9385.926868,9387.688069,1.761201,1,1,2,1,1.04346,1.04346
9389.924969,9391.688044,1.763075,1,3,2,1,1.045801,1.045801
9391.925407,9394.744191,2.818784,1,2,4,3,1.903562,0.097877
9397.923414,9399.666004,1.74259,1,3,5,4,0.799575,0.080065
9399.923942,9401.686221,1.762279,1,2,2,2,1.044577,1.044577
9405.921629,9406.738488,0.816859,1,3,1,0,0.0,0.0
9409.921176,9410.639381,0.718205,1,3,2,3,0.402624,0.402624
9411.921355,9412.812853,0.891498,1,3,2,1,0.07625,0.07625
9413.920257,9418.789104,4.868847,1,2,8,7,1.461403,0.097555
9421.917612,9422.636009,0.718397,1,3,1,2,0.0,0.0
9423.91864,9428.903375,4.984735,1,3,7,4,1.546477,0.076122
9429.917101,9430.677854,0.760753,1,1,2,2,0.44508,0.44508
9431.917009,9433.723953,1.806944,1,2,3,1,0.914928,0.076194
9437.914535,9440.234382,2.319847,1,3,3,1,1.45965,0.544255
9443.914176,9446.820425,2.906249,1,3,3,1,1.547283,0.543735
9449.912226,9450.630198,0.717972,1,3,1,2,0.0,0.0
9451.911351,9452.8558,0.944449,1,2,3,1,0.545595,0.082755
9455.91076,9456.630056,0.719296,1,3,1,1,0.0,0.0
9457.911132,9460.773356,2.862224,1,1,4,4,2.003548,0.095925
9467.908791,9468.768594,0.859803,1,3,3,3,0.446594,0.097856
9471.907863,9474.315459,2.407596,1,3,4,5,1.546516,0.142818
9477.906294,9482.816403,4.910109,1,3,6,6,1.548504,0.099884
9489.903801,9490.621593,0.717792,1,3,2,3,0.401389,0.401389
9491.903482,9495.667951,3.764469,1,2,6,5,1.458885,0.141733
9495.902067,9496.620682,0.718615,1,1,1,1,0.0,0.0
9497.902281,9499.665122,1.762841,1,2,2,2,1.044954,1.044954
9499.900928,9500.618999,0.718071,1,1,1,1,0.0,0.0
9501.900639,9504.763223,2.862584,1,2,3,2,2.003099,0.543875
9507.899808,9509.662568,1.76276,1,3,4,4,0.946566,0.097485
9511.898466,9517.710219,5.811753,1,3,5,3,2.001316,0.078055
9517.896361,9518.616201,0.71984,1,2,1,1,0.0,0.0
9519.897839,9521.660358,1.762519,1,3,2,0,1.045346,1.045346
9523.895988,9524.613851,0.717863,1,3,2,3,0.401115,0.401115
9527.893645,9530.614632,2.720987,1,3,5,5,1.54708,0.141033
9533.893947,9535.657192,1.763245,1,3,3,3,1.044601,0.40272
9535.893547,9540.303438,4.409891,1,2,5,3,1.548136,0.455587
9543.891216,9546.785505,2.894289,1,3,6,5,1.504168,0.076403
9547.889889,9548.608507,0.718618,1,1,1,1,0.0,0.0
9553.889254,9554.607288,0.718034,1,3,2,1,0.401563,0.401563
9559.88823,9560.703357,0.815127,1,3,2,4,0.097177,0.097177
9563.886674,9565.650284,1.76361,1,3,3,2,0.946847,0.099112
9569.886255,9571.693481,1.807226,1,3,4,3,0.971825,0.073026
9573.884458,9576.78112,2.896662,1,3,4,4,1.54661,0.07882
9579.882676,9582.700353,2.817677,1,3,3,4,1.547104,0.456087
9585.883207,9586.600503,0.717296,1,3,2,4,0.401731,0.401731
9587.881519,9588.773224,0.891705,1,3,2,3,0.075696,0.075696
9593.880217,9596.819011,2.938794,1,3,5,4,1.502057,0.07584
9601.878193,9604.686276,2.808083,1,3,4,6,1.545857,0.096962
9609.87583,9612.594683,2.718853,1,3,5,5,1.545988,0.142745
9613.875463,9614.594012,0.718549,1,2,1,1,0.0,0.0
9615.875484,9616.767926,0.892442,1,3,4,5,0.403043,0.076016
9617.875016,9622.243861,4.368845,1,2,4,4,1.548624,0.455953
9625.872815,9627.636418,1.763603,1,3,2,1,1.044854,1.044854
9631.87233,9634.192083,2.319753,1,3,2,4,2.002968,2.002968
9639.870011,9640.810339,0.940328,1,3,4,4,0.446148,0.078846
9641.869517,9644.688596,2.819079,1,3,2,2,2.001634,2.001634
9649.867918,9650.58629,0.718372,1,3,1,3,0.0,0.0
9651.868345,9653.631378,1.763033,1,3,3,3,0.94637,0.098515
9655.86693,9658.62977,2.76284,1,3,5,7,1.460146,0.097172
9659.865574,9660.756251,0.890677,1,1,2,1,0.075499,0.075499
9661.865481,9664.72095,2.855469,1,1,4,4,1.547005,0.045971
9671.86228,9673.625688,1.763408,1,3,3,2,0.945788,0.098691
9679.861625,9682.669688,2.808063,1,3,3,5,1.545655,0.446323
9683.861471,9684.579467,0.717996,1,3,2,2,0.402917,0.402917
9685.859184,9688.754713,2.895529,1,2,4,2,1.545679,0.07544
9691.857633,9694.751233,2.8936,1,3,5,2,1.546244,0.075754
9695.858055,9698.756261,2.898206,1,2,5,5,1.54592,0.087922
9699.857585,9700.575672,0.718087,1,1,1,1,0.0,0.0
9701.85645,9702.574311,0.717861,1,2,2,2,0.401037,0.401037
9705.855351,9706.672118,0.816767,1,3,1,2,0.0,0.0
9709.854138,9715.709729,5.855591,1,2,7,6,1.546407,0.097465
9715.854382,9719.66314,3.808758,1,1,4,3,2.003191,0.445828
9719.852212,9721.658839,1.806627,1,2,4,4,0.945722,0.099074
9723.851017,9728.749012,4.897995,1,3,7,4,1.545885,0.032583
9729.85058,9730.610981,0.760401,1,2,2,2,0.444739,0.444739
9733.849425,9734.745243,0.895818,1,3,2,1,0.080771,0.080771
9737.847942,9739.611499,1.763557,1,3,2,1,1.04566,1.04566
9739.847494,9740.566184,0.71869,1,2,2,2,0.402026,0.402026
9745.846892,9748.663852,2.81696,1,3,4,3,1.903273,0.096889
9751.845276,9753.608401,1.763125,1,3,3,5,0.946756,0.098012
9753.844677,9754.73604,0.891363,1,1,2,1,0.076126,0.076126
9757.843329,9759.607852,1.764523,1,3,4,3,0.903696,0.141757
9759.844305,9764.754575,4.91027,1,1,5,3,1.547828,0.455269
9771.840661,9772.73276,0.892099,1,3,3,1,0.499994,0.075673
9773.840671,9774.603314,0.762643,1,2,2,2,0.446843,0.446843
9775.840473,9777.604266,1.763793,1,1,2,1,1.045252,1.045252
9781.838288,9782.600628,0.76234,1,3,2,4,0.445039,0.445039
9787.837757,9797.696869,9.859112,1,3,9,6,2.001889,0.446325
9799.834016,9805.643868,5.809852,1,3,6,5,2.002282,0.075944
9813.831878,9815.592424,1.760546,1,3,2,3,1.043293,1.043293
9815.831602,9816.591876,0.760274,1,1,2,2,0.446155,0.446155
9819.829918,9821.593623,1.763705,1,3,2,3,1.044652,1.044652
9825.828574,9829.592026,3.763452,1,3,6,8,1.545039,0.099825
9833.827075,9838.707805,4.88073,1,3,7,5,1.54589,0.072794
9843.824656,9844.544176,0.71952,1,3,2,3,0.40272,0.40272
9847.824463,9851.588852,3.764389,1,3,6,7,1.503629,0.096207
9851.82218,9853.584907,1.762727,1,2,3,2,1.043882,0.402344
9855.822005,9856.637831,0.815826,1,3,1,0,0.0,0.0
9861.820696,9863.583145,1.762449,1,2,4,5,0.946006,0.099004
9867.819242,9868.75456,0.935318,1,3,4,4,0.401978,0.075692
9869.818294,9872.637115,2.818821,1,2,2,2,2.002351,2.002351
9875.817926,9876.717831,0.899905,1,3,4,5,0.403811,0.084272
9877.81766,9878.53586,0.7182,1,1,1,1,0.0,0.0
9883.815563,9884.576984,0.761421,1,3,2,2,0.446111,0.446111
9885.815099,9888.677766,2.862667,1,2,4,5,2.003516,0.097547
9893.81335,9895.665282,1.851932,1,3,4,1,0.914487,0.077095
9899.811421,9900.703888,0.892467,1,3,3,1,0.50066,0.075858
9903.812437,9905.575635,1.763198,1,3,2,2,1.045639,1.045639
9905.811715,9906.530838,0.719123,1,2,1,2,0.0,0.0
9909.810674,9911.572226,1.761552,1,3,3,2,1.045138,0.40116
9915.808747,9918.673426,2.864679,1,3,6,6,1.457498,0.142952
9919.808257,9922.626892,2.818635,1,1,2,2,2.001985,2.001985
9927.806195,9928.706864,0.900669,1,3,2,3,0.084274,0.084274
9933.804676,9934.521726,0.71705,1,3,1,0,0.0,0.0
9939.803704,9940.522231,0.718527,1,3,1,2,0.0,0.0
9949.800865,9951.564674,1.763809,1,3,3,4,0.946974,0.098178
9955.799434,9956.743275,0.943841,1,3,3,1,0.543655,0.083272
9957.79941,9958.69303,0.89362,1,1,2,1,0.076877,0.076877
9959.799446,9966.168363,6.368917,1,3,5,4,2.003498,0.097989
9971.796597,9972.515241,0.718644,1,3,1,0,0.0,0.0
9973.796121,9976.703398,2.907277,1,2,3,2,1.546676,0.54367
9979.794849,9980.693229,0.89838,1,2,4,3,0.40353,0.082104
9983.793927,9985.602437,1.80851,1,3,4,6,0.955658,0.089957
9987.793496,9989.556447,1.762951,1,3,4,6,0.901964,0.141857
9991.792134,9992.107569,0.315435,1,3,1,1,0.0,0.0
9995.790047,9996.650805,0.860758,1,3,2,1,0.544783,0.544783
9999.791157,10000.553938,0.762781,1,3,2,1,0.447,0.447
10001.789968,10003.553797,1.763829,1,1,2,1,1.044894,1.044894
10003.789889,10004.725522,0.935633,1,1,3,1,0.543385,0.076413
10007.787691,10010.552644,2.764953,1,3,5,7,1.484051,0.073884
10015.787149,10019.641679,3.85453,1,3,5,5,1.546014,0.065555
10019.785652,10020.50316,0.717508,1,2,1,2,0.0,0.0
10025.782824,10030.752639,4.969815,1,3,6,4,1.547263,0.067838
10033.782705,10034.500806,0.718101,1,3,1,1,0.0,0.0
10037.781741,10040.689324,2.907583,1,3,5,7,1.546462,0.099099
10045.779335,10046.670421,0.891086,1,2,2,1,0.076183,0.076183
10049.779154,10051.543193,1.764039,1,3,4,5,0.902633,0.141487
10051.779483,10052.497656,0.718173,1,2,2,2,0.402608,0.402608
10053.778331,10054.637069,0.858738,1,2,2,1,0.543868,0.543868
10057.777587,10059.589032,1.811445,1,3,3,0,0.915238,0.080766
10063.776494,10064.493642,0.717148,1,3,1,2,0.0,0.0
10065.7765,10067.538932,1.762432,1,3,2,1,1.044775,1.044775
10071.773956,10073.536162,1.762206,1,3,2,2,1.044187,1.044187
10077.772361,10080.534114,2.761753,1,3,5,5,1.529961,0.078059
10083.771419,10088.5425,4.771081,1,3,4,4,2.00435,0.447436
10089.769445,10091.529225,1.75978,1,1,2,1,1.04313,1.04313
10091.768862,10092.710571,0.941709,1,2,4,3,0.445773,0.082846
10093.768821,10095.531612,1.762791,1,2,2,1,1.044982,1.044982
10095.769986,10096.586823,0.816837,1,1,1,1,0.0,0.0
10105.766947,10106.658877,0.89193,1,3,2,2,0.075683,0.075683
10109.765369,10113.531815,3.766446,1,3,4,4,1.904547,0.0968
10115.765128,10117.526383,1.761255,1,3,3,5,0.944937,0.098819
10117.76346,10118.080425,0.316965,1,2,1,1,0.0,0.0
10121.762395,10124.668923,2.906528,1,3,5,4,1.545612,0.098689
10127.762079,10129.523717,1.761638,1,3,3,1,1.043742,0.402473
10129.761443,10130.524874,0.763431,1,1,2,2,0.446304,0.446304
10131.761767,10132.653785,0.892018,1,3,3,0,0.499603,0.076463
10133.760539,10134.478259,0.71772,1,1,1,1,0.0,0.0
10135.760491,10136.576512,0.816021,1,2,2,2,0.09829,0.09829
10139.758391,10140.575589,0.817198,1,3,1,1,0.0,0.0
10143.758172,10146.477827,2.719655,1,3,4,6,1.545638,0.097932
10147.75753,10152.122952,4.365422,1,3,4,5,1.545393,0.463691
10155.755407,10157.517108,1.761701,1,3,3,3,1.044595,0.402036
10157.754413,10158.692812,0.938399,1,1,3,1,0.545063,0.075799
10161.75411,10164.661709,2.907599,1,3,5,7,1.546701,0.100168
10165.753155,10166.472016,0.718861,1,1,1,1,0.0,0.0
10171.751787,10173.501787,1.75,1,3,4,6,0.904512,0.111824
10179.750991,10180.69294,0.941949,1,3,3,1,0.543139,0.082648
10183.748858,10185.512998,1.76414,1,3,2,1,1.044693,1.044693
10187.747856,10190.513788,2.765932,1,3,3,5,2.003446,0.445908
10195.74769,10197.510723,1.763033,1,3,3,2,0.946451,0.099126
10199.746032,10204.683662,4.93763,1,3,7,7,1.545159,0.082287
10213.742334,10215.505936,1.763602,1,3,2,2,1.045519,1.045519
10215.741165,10216.504232,0.763067,1,2,2,2,0.446245,0.446245
10217.741952,10218.459983,0.718031,1,3,2,1,0.401963,0.401963
10223.74073,10226.460585,2.719855,1,3,3,4,1.903929,0.098139
10227.739945,10230.647532,2.907587,1,2,6,5,1.468095,0.087813
10233.73803,10234.499516,0.761486,1,3,2,4,0.444915,0.444915
10237.737083,10243.80744,6.070357,1,3,6,5,1.458757,0.54596
10247.734321,10250.544023,2.809702,1,3,4,3,1.045377,0.200911
10259.731827,10262.685253,2.953426,1,3,5,4,1.546882,0.098546
10263.731304,10264.749459,1.018155,1,2,1,1,0.0,0.0
10273.729555,10278.540537,4.810982,1,3,4,2,2.000506,0.247125
10281.727503,10288.541186,6.813683,1,3,7,4,2.001982,0.202042
10289.725295,10295.622547,5.897252,1,2,8,3,1.544225,0.246587
10301.722383,10312.582869,10.860486,1,3,17,1,1.546692,0.243183
10313.720374,10316.282751,2.562377,1,1,2,2,1.54414,1.54414
10321.719424,10322.534986,0.815562,1,3,1,2,0.0,0.0
10325.718141,10328.529868,2.811727,1,3,5,2,1.045734,0.202141
10329.716356,10330.733789,1.017433,1,1,1,1,0.0,0.0
10335.716906,10344.575503,8.858597,1,3,7,7,2.001814,0.746247
10347.713563,10352.321811,4.608248,1,3,7,2,1.260067,0.285138
10355.71141,10363.611891,7.900481,1,3,10,4,1.544048,0.246367
10363.708395,10367.775555,4.06716,1,1,3,2,2.003618,1.043695
10371.707958,10375.561227,3.853269,1,3,6,4,1.544974,0.20269
10385.704921,10390.560535,4.855614,1,3,9,1,1.344432,0.200467
10391.703159,10398.517207,6.814048,1,2,6,4,2.001848,0.247482
10399.702204,10400.720787,1.018583,1,1,1,1,0.0,0.0
10403.700557,10406.51136,2.810803,1,3,3,1,1.544719,0.247516
10409.699261,10419.651378,9.952117,1,3,14,3,1.296515,0.202183
10421.696034,10422.71568,1.019646,1,3,2,2,0.203481,0.203481
10425.695696,10434.511922,8.816226,1,3,9,4,2.003038,0.156983
10435.692999,10444.551694,8.858695,1,1,8,4,2.002941,0.201289
10445.69125,10450.298342,4.607092,1,2,4,3,2.001483,0.246012
10453.69018,10458.590606,4.900426,1,3,6,2,1.546165,0.203967
10463.687461,10472.549804,8.862343,1,3,12,6,1.257609,0.286859
10473.684716,10480.54143,6.856714,1,1,8,3,1.546581,0.207057
10481.68358,10484.491227,2.807647,1,1,3,2,1.544891,0.244602
10485.682149,10488.532259,2.85011,1,2,4,2,1.043844,0.245416
10489.681024,10500.631582,10.950558,1,2,11,6,2.00456,0.286459
10501.679296,10503.74237,2.063074,1,2,2,1,1.044133,1.044133
10509.676941,10517.535542,7.858601,1,3,8,6,2.003018,0.246012
10521.674324,10536.492419,14.818095,1,3,18,4,1.543193,0.203906
10547.668693,10547.984857,0.316164,1,3,1,0,0.0,0.0
10555.666607,10560.576292,4.909685,1,3,7,1,1.300831,0.201089
10565.664935,10574.866795,9.20186,1,3,13,2,1.435625,0.109154
10577.662535,10578.380499,0.717964,1,3,2,2,0.401593,0.401593
10581.661302,10587.772384,6.111082,1,3,8,4,1.756431,0.245612
10593.658248,10603.8136,10.155352,1,3,13,9,1.546719,0.144526
10607.655689,10608.716546,1.060857,1,3,3,4,0.244962,0.097234
10611.654558,10612.373638,0.71908,1,3,2,2,0.403173,0.403173
10615.653169,10618.015648,2.362479,1,3,4,2,1.29987,0.098394
10621.651792,10622.370544,0.718752,1,3,2,4,0.398986,0.398986
10623.651605,10625.415726,1.764121,1,3,3,4,0.947493,0.098357
10625.651637,10632.508723,6.857086,1,2,9,4,1.546564,0.24557
10635.648029,10640.257685,4.609656,1,3,7,1,1.255625,0.287411
10643.64746,10651.592248,7.944788,1,3,11,2,1.54632,0.241896
10651.64696,10658.711635,7.064675,1,1,11,2,1.543943,0.197323
10661.6437,10662.362773,0.719073,1,3,2,4,0.402335,0.402335
10663.642663,10664.361662,0.718999,1,2,1,1,0.0,0.0
10665.642841,10667.404489,1.761648,1,2,2,1,1.044256,1.044256
10669.641279,10678.591755,8.950476,1,3,14,4,1.544338,0.20273
10679.639588,10688.271017,8.631429,1,2,13,5,1.545555,0.073665
10689.637902,10693.960826,4.322924,1,2,7,2,1.258026,0.245775
10697.635555,10700.496663,2.861108,1,3,6,6,1.460579,0.139975
10701.633348,10706.241387,4.608039,1,2,6,2,2.00211,0.199785
10713.631899,10724.490003,10.858104,1,3,15,4,1.54578,0.243437
10729.627925,10738.742378,9.114453,1,3,14,5,1.756181,0.14232
10745.623516,10746.342286,0.71877,1,3,2,2,0.402157,0.402157
10749.623564,10750.3404,0.716836,1,3,2,4,0.401725,0.401725
10753.622871,10759.222944,5.600073,1,3,9,6,1.257115,0.080037
10759.621188,10760.439008,0.81782,1,1,1,1,0.0,0.0
10763.620681,10764.435486,0.814805,1,3,1,1,0.0,0.0
10767.61969,10768.337756,0.718066,1,3,1,1,0.0,0.0
10773.618724,10774.336622,0.717898,1,3,1,3,0.0,0.0
10779.616341,10780.334704,0.718363,1,3,1,0,0.0,0.0
10785.616537,10790.245597,4.62906,1,3,9,5,1.257371,0.07438
10791.614498,10797.258748,5.64425,1,1,8,5,1.546321,0.064773
10799.613081,10800.33031,0.717229,1,3,1,1,0.0,0.0
10801.612911,10802.330235,0.717324,1,3,1,3,0.0,0.0
10811.609363,10819.556317,7.946954,1,3,11,2,1.546923,0.201671
10821.60773,10840.232769,18.625039,1,3,19,10,2.003878,0.201324
10841.603121,10850.259085,8.655964,1,2,11,3,1.546397,0.200341
10853.600595,10855.363977,1.763382,1,2,3,2,0.947807,0.096911
10857.600167,10870.289393,12.689226,1,3,12,13,2.004879,0.074011
10871.596602,10872.414262,0.81766,1,1,1,1,0.0,0.0
10875.594943,10877.914659,2.319716,1,3,5,5,1.256862,0.097351
10881.595174,10884.446497,2.851323,1,3,5,3,1.301048,0.243661
10885.593586,10886.408862,0.815276,1,2,1,1,0.0,0.0
10889.592123,10893.51504,3.922917,1,3,5,4,1.544896,0.245559
10895.592032,10898.443497,2.851465,1,3,5,4,1.045565,0.244588
10901.589821,10905.965217,4.375396,1,3,3,5,2.011442,1.547438
10909.587924,10914.196849,4.608925,1,3,8,0,1.299278,0.244303
10917.586906,10921.589864,4.002958,1,3,7,6,1.249804,0.305292
10921.622904,10922.341263,0.718359,1,1,1,1,0.0,0.0
10923.584114,10924.348099,0.763985,1,2,2,3,0.446826,0.446826
10931.583727,10932.30173,0.718003,1,3,2,2,0.402088,0.402088
10933.58303,10944.490978,10.907948,1,2,16,2,1.755989,0.245531
10947.580678,10957.955432,10.374754,1,3,10,7,2.002415,0.202268
10961.576831,10962.295308,0.718477,1,3,2,4,0.403817,0.403817
10963.576122,10970.642586,7.066464,1,2,7,4,2.003751,0.244979
10973.572961,10978.393496,4.820535,1,3,7,6,1.75617,0.244816
10981.572121,10982.290748,0.718627,1,3,2,3,0.401814,0.401814
10987.570729,10990.378864,2.808135,1,3,6,2,1.300678,0.097651
10993.56953,10994.333549,0.764019,1,3,2,3,0.447264,0.447264
10995.569679,10996.288024,0.718345,1,1,1,1,0.0,0.0
10997.568396,11001.334229,3.765833,1,2,6,5,1.544806,0.142097
11001.5678,11002.629386,1.061586,1,2,3,2,0.500998,0.245487
11005.566721,11007.328482,1.761761,1,3,3,3,0.946394,0.096365
11009.566311,11009.883654,0.317343,1,3,1,3,0.0,0.0
11013.565436,11017.419177,3.853741,1,3,8,2,1.30189,0.099112
11021.563009,11023.326909,1.7639,1,3,4,3,0.904127,0.140616
11027.561897,11029.368173,1.806276,1,3,4,4,0.971547,0.073013
11029.561803,11030.280783,0.71898,1,1,1,1,0.0,0.0
11031.561695,11033.324168,1.762473,1,2,2,1,1.043716,1.043716
11033.561138,11037.368161,3.807023,1,2,6,6,1.927851,0.073456
11037.559091,11039.366265,1.807174,1,2,3,2,1.045125,0.445033
11045.558498,11047.321759,1.763261,1,3,3,1,1.044873,0.40307
11049.556656,11052.275509,2.718853,1,3,4,4,1.547333,0.099583
11053.555363,11054.318332,0.762969,1,2,2,2,0.446732,0.446732
11055.556427,11056.274496,0.718069,1,3,2,3,0.400813,0.400813
11059.554944,11059.870333,0.315389,1,3,1,3,0.0,0.0
11065.553369,11067.31728,1.763911,1,3,3,4,1.044744,0.40378
11067.552382,11067.868537,0.316155,1,1,1,1,0.0,0.0
11071.552494,11074.360003,2.807509,1,3,4,6,1.545818,0.097739
11081.54994,11085.874056,4.324116,1,3,8,2,1.260047,0.099087
11089.548356,11090.364791,0.816435,1,3,3,3,0.402586,0.097679
11093.546937,11093.863166,0.316229,1,3,1,0,0.0,0.0
11097.547085,11100.265702,2.718617,1,3,4,6,1.546506,0.09992
11101.543973,11105.44644,3.902467,1,2,5,3,1.543902,0.247443
11109.54317,11110.303926,0.760756,1,3,2,4,0.445045,0.445045
11111.543285,11112.360021,0.816736,1,2,2,2,0.099323,0.099323
11115.541567,11120.450223,4.908656,1,3,7,2,1.842533,0.159215
11125.540141,11127.9476,2.407459,1,3,3,3,1.547188,0.54522
11131.539001,11133.346054,1.807053,1,3,3,1,1.045496,0.445544
11133.537949,11136.602742,3.064793,1,3,5,3,1.901926,0.099453
11139.536783,11146.193345,6.656562,1,3,10,6,1.671578,0.096867
11149.534104,11154.397884,4.86378,1,3,7,4,1.502583,0.246895
11157.533348,11158.249723,0.716375,1,3,1,2,0.0,0.0
11159.532637,11160.349206,0.816569,1,2,1,1,0.0,0.0
11163.532213,11165.288842,1.756629,1,3,2,1,1.038501,1.038501
11171.5301,11173.337593,1.807493,1,3,3,3,1.045183,0.446713
11177.5278,11179.890527,2.362727,1,3,2,3,1.545212,1.545212
11183.526441,11190.472153,6.945712,1,3,13,6,1.54671,0.073948
11193.525089,11196.077846,2.552757,1,3,5,3,1.04542,0.098777
11197.523282,11198.242236,0.718954,1,2,1,1,0.0,0.0
11199.524396,11200.242201,0.717805,1,2,1,1,0.0,0.0
11201.524011,11203.287151,1.76314,1,2,3,2,1.044807,0.401141
11207.522008,11208.238886,0.716878,1,3,1,3,0.0,0.0
11217.519449,11226.344166,8.824717,1,3,7,5,2.003252,0.246002
11229.516816,11232.467401,2.950585,1,3,6,8,1.547542,0.142506
11233.516421,11234.332724,0.816303,1,1,1,1,0.0,0.0
11237.51534,11242.216601,4.701261,1,3,8,2,1.545725,0.08787
11245.512977,11245.828681,0.315704,1,3,1,2,0.0,0.0
11249.512992,11252.418568,2.905576,1,3,5,6,1.545918,0.09784
11259.509797,11260.274015,0.764218,1,3,2,2,0.447974,0.447974
11261.50928,11262.227693,0.718413,1,3,2,2,0.406815,0.406815
11263.510061,11264.326574,0.816513,1,2,1,1,0.0,0.0
11271.507785,11272.246245,0.73846,1,3,1,0,0.0,0.0
11275.506468,11277.270137,1.763669,1,3,2,3,1.045826,1.045826
11281.505776,11282.366309,0.860533,1,3,3,3,0.40258,0.1408
11285.504154,11291.918052,6.413898,1,3,10,1,1.302942,0.243475
11295.503268,11296.221186,0.717918,1,3,2,3,0.402903,0.402903
11301.501007,11303.262699,1.761692,1,3,2,0,1.044489,1.044489
11309.498305,11311.260987,1.762682,1,3,4,5,0.946017,0.097769
11313.498128,11314.259782,0.761654,1,3,2,3,0.445737,0.445737
11319.497131,11328.69898,9.201849,1,3,13,5,1.546824,0.23906
11331.494493,11332.21378,0.719287,1,3,2,3,0.404007,0.404007
11333.492927,11334.211764,0.718837,1,3,1,1,0.0,0.0
11339.492557,11341.255425,1.762868,1,3,4,3,0.948232,0.097263
11341.492462,11347.306596,5.814134,1,3,6,8,2.003624,0.097341
11357.487765,11369.134114,11.646349,1,3,18,2,1.212059,0.076862
11371.485524,11372.54638,1.060856,1,3,2,3,0.245444,0.245444
11375.484733,11376.546521,1.061788,1,3,2,1,0.245824,0.245824
11379.483466,11382.202837,2.719371,1,3,5,5,1.459016,0.142348
11389.480912,11393.847034,4.366122,1,3,3,5,2.002496,1.546894
11397.479591,11399.241253,1.761662,1,3,3,2,0.94655,0.097447
11401.479125,11402.197265,0.71814,1,3,2,4,0.403524,0.403524
11403.477982,11405.240742,1.76276,1,1,2,1,1.044497,1.044497
11409.477499,11411.238392,1.760893,1,3,4,4,0.902569,0.140918
11413.47652,11413.792576,0.316056,1,3,1,3,0.0,0.0
11417.474106,11424.343888,6.869782,1,3,11,4,1.739893,0.097046
11427.472693,11431.280407,3.807714,1,3,5,3,1.926661,0.075782
11433.471327,11434.189396,0.718069,1,3,1,2,0.0,0.0
11435.47142,11440.079233,4.607813,1,3,7,5,1.755447,0.099468
11443.470088,11445.23387,1.763782,1,3,3,4,0.947127,0.097999
11445.469772,11446.186652,0.71688,1,2,2,2,0.401607,0.401607
11447.467905,11449.229937,1.762032,1,3,2,1,1.045267,1.045267
11451.467347,11453.230217,1.76287,1,3,3,3,0.946019,0.098871
11453.466312,11460.381959,6.915647,1,1,9,4,2.003868,0.099488
11461.464694,11472.717637,11.252943,1,2,13,8,2.003933,0.096545
11475.462307,11478.356776,2.894469,1,3,3,4,2.002755,0.075902
11483.460107,11484.34988,0.889773,1,3,2,0,0.07499,0.07499
11487.460608,11488.178384,0.717776,1,3,1,3,0.0,0.0
11493.458609,11498.412596,4.953987,1,3,8,3,1.303624,0.098091
11501.456147,11503.219074,1.762927,1,3,2,3,1.044109,1.044109
11503.455437,11504.21814,0.762703,1,1,2,2,0.446327,0.446327
11511.454169,11516.390668,4.936499,1,3,7,5,1.547199,0.07924
11519.452565,11522.27146,2.818895,1,3,2,4,2.003792,2.003792
11525.451571,11526.345128,0.893557,1,3,2,2,0.076645,0.076645
11527.450134,11530.349942,2.899808,1,1,4,2,1.547231,0.081841
11535.449615,11538.396738,2.947123,1,3,4,4,2.004615,0.082789
11541.447493,11545.298789,3.851296,1,3,5,5,1.546593,0.083132
11545.446473,11546.263807,0.817334,1,1,1,1,0.0,0.0
11549.445845,11554.302844,4.856999,1,3,5,5,2.002806,0.447114
11555.444702,11560.38352,4.938818,1,2,6,5,2.001839,0.04765
11561.443324,11563.206096,1.762772,1,1,2,1,1.044774,1.044774
11565.441099,11566.334016,0.892917,1,3,2,3,0.075907,0.075907
11569.442371,11570.160965,0.718594,1,3,1,0,0.0,0.0
11571.440755,11574.379785,2.93903,1,2,6,4,1.483622,0.074172
11575.439738,11576.157919,0.718181,1,2,1,1,0.0,0.0
11577.439633,11579.292597,1.852964,1,2,4,2,0.914684,0.077611
11581.438428,11582.38925,0.950822,1,3,4,2,0.445626,0.091548
11583.439114,11586.158305,2.719191,1,2,3,2,1.903473,0.096972
11587.437215,11588.155797,0.718582,1,2,1,2,0.0,0.0
11589.437412,11591.198897,1.761485,1,3,3,3,1.044781,0.401354
11591.436563,11594.299545,2.862982,1,2,6,7,1.459569,0.098287
11595.434871,11596.3544,0.919529,1,3,4,3,0.446616,0.077207
11599.435362,11603.244111,3.808749,1,3,7,8,1.459038,0.097017
11605.4337,11607.19786,1.76416,1,3,2,3,1.045603,1.045603
11611.43155,11613.193306,1.761756,1,3,2,0,1.043546,1.043546
11615.431419,11615.747548,0.316129,1,3,1,1,0.0,0.0
11621.430233,11623.192536,1.762303,1,3,2,1,1.043929,1.043929
11627.428239,11629.190046,1.761807,1,3,2,1,1.044479,1.044479
11633.426525,11634.319716,0.893191,1,3,2,0,0.075806,0.075806
11637.426349,11638.143097,0.716748,1,3,1,1,0.0,0.0
11639.424429,11640.284399,0.85997,1,1,2,1,0.542597,0.542597
11643.424788,11644.323582,0.898794,1,3,4,4,0.403212,0.081775
11647.424695,11649.187772,1.763077,1,3,2,1,1.043819,1.043819
11651.423479,11654.24109,2.817611,1,3,6,6,1.545768,0.097858
11657.421335,11658.236113,0.814778,1,3,1,3,0.0,0.0
11663.420955,11664.36075,0.939795,1,3,3,1,0.54329,0.079947
11665.420158,11667.18223,1.762072,1,1,2,1,1.043841,1.043841
11667.419824,11669.182799,1.762975,1,2,2,1,1.044544,1.044544
11673.417234,11676.181483,2.764249,1,2,5,6,1.470726,0.087195
11679.417152,11680.135794,0.718642,1,3,1,0,0.0,0.0
11685.414561,11686.132447,0.717886,1,3,2,2,0.402153,0.402153
11691.413284,11692.132233,0.718949,1,3,2,1,0.40268,0.40268
11695.414122,11699.266541,3.852419,1,3,4,5,1.546744,0.445149
11699.411635,11700.2291,0.817465,1,1,1,1,0.0,0.0
11707.409823,11709.173701,1.763878,1,3,2,0,1.045765,1.045765
11713.410065,11713.498373,0.088308,1,1,1,0,0.0,0.0
11717.40773,11718.12673,0.719,1,3,1,2,0.0,0.0
11721.407317,11722.124521,0.717204,1,2,1,1,0.0,0.0
11723.407292,11725.169852,1.76256,1,2,2,1,1.045094,1.045094
11729.405453,11729.721221,0.315768,1,3,1,3,0.0,0.0
11733.405363,11736.124167,2.718804,1,3,5,7,1.471799,0.132124
11737.403437,11739.164828,1.761391,1,3,2,0,1.043079,1.043079
11739.40312,11744.215699,4.812579,1,3,5,5,1.54852,0.446447
11747.402351,11747.717288,0.314937,1,3,1,1,0.0,0.0
11751.400535,11754.217754,2.817219,1,3,2,2,2.001247,2.001247
11759.399702,11759.715513,0.315811,1,3,1,0,0.0,0.0
11763.3975,11764.117324,0.719824,1,3,2,4,0.402723,0.402723
11769.396891,11771.202915,1.806024,1,3,4,4,0.945624,0.099481
11775.39586,11778.114804,2.718944,1,3,5,6,1.545656,0.097719
11783.393808,11784.154209,0.760401,1,3,2,4,0.444672,0.444672
11785.393079,11786.155731,0.762652,1,2,2,3,0.44671,0.44671
11789.390807,11791.710002,2.319195,1,3,3,1,1.50066,0.501737
11795.390878,11796.333784,0.942906,1,3,3,2,0.544369,0.082605
11797.389318,11799.153341,1.764023,1,2,4,2,0.868261,0.078681
11801.389402,11803.150504,1.761102,1,3,2,3,1.043282,1.043282
11807.388055,11811.152708,3.764653,1,3,5,2,1.904293,0.098606
11811.387695,11813.751897,2.364202,1,2,3,2,1.546252,0.501209
11819.384635,11820.276794,0.892159,1,3,2,1,0.07581,0.07581
11825.383711,11827.146809,1.763098,1,3,4,4,0.86194,0.084875
11827.383487,11829.191923,1.808436,1,1,3,2,1.046068,0.446288
11835.380943,11836.143526,0.762583,1,3,2,2,0.447105,0.447105
11841.38116,11842.098268,0.717108,1,3,1,0,0.0,0.0
11849.378001,11851.141336,1.763335,1,3,2,3,1.044398,1.044398
11851.378075,11853.140699,1.762624,1,2,2,2,1.044799,1.044799
11853.378231,11854.094544,0.716313,1,2,1,1,0.0,0.0
11855.377582,11856.095838,0.718256,1,2,1,1,0.0,0.0
11857.376573,11858.313297,0.936724,1,2,3,1,0.543883,0.076025
11861.376069,11862.095053,0.718984,1,3,1,2,0.0,0.0
11863.374894,11864.266603,0.891709,1,3,3,0,0.498322,0.076186
11869.373659,11872.213697,2.840038,1,3,6,5,1.484543,0.07302
11875.373372,11877.136649,1.763277,1,3,3,2,1.044884,0.401665
11881.37135,11882.27095,0.8996,1,3,3,2,0.097426,0.084241
11883.371208,11886.136907,2.765699,1,3,3,2,2.00301,0.446773
11887.370636,11890.270226,2.89959,1,3,3,4,2.001006,0.082196
11893.368316,11895.130522,1.762206,1,3,2,3,1.042921,1.042921
11895.368074,11898.307054,2.93898,1,2,5,2,1.458204,0.076382
11899.367002,11900.260757,0.893755,1,2,2,1,0.077106,0.077106
11901.366137,11902.182486,0.816349,1,2,1,1,0.0,0.0
11905.366888,11906.085315,0.718427,1,3,1,3,0.0,0.0
11907.365347,11908.084867,0.71952,1,3,2,4,0.402199,0.402199
11915.363416,11916.081054,0.717638,1,3,1,3,0.0,0.0
11917.362934,11918.081316,0.718382,1,2,1,2,0.0,0.0
11925.362519,11926.177639,0.81512,1,3,1,1,0.0,0.0
11929.360299,11930.251409,0.89111,1,3,3,1,0.498571,0.076026
11933.360041,11934.175366,0.815325,1,3,1,1,0.0,0.0
11937.35966,11940.123605,2.763945,1,3,3,3,2.001994,0.445599
11941.357471,11943.119562,1.762091,1,3,5,2,0.851479,0.09332
11943.35721,11945.678262,2.321052,1,1,2,2,2.004373,2.004373
11949.356533,11954.299958,4.943425,1,3,6,4,2.004134,0.077967
11957.354671,11961.118493,3.763822,1,3,7,7,1.501937,0.099271
11963.353144,11964.287191,0.934047,1,3,4,4,0.402189,0.075747
11965.352283,11966.071481,0.719198,1,1,1,1,0.0,0.0
11967.35268,11972.209146,4.856466,1,3,7,8,1.547764,0.097406
11973.35156,11974.243087,0.891527,1,1,3,1,0.098244,0.075117
11977.350437,11978.247429,0.896992,1,2,2,1,0.079545,0.079545
11979.348522,11981.112484,1.763962,1,2,2,1,1.044765,1.044765
11981.34751,11982.242488,0.894978,1,1,2,1,0.078817,0.078817
11983.348878,11986.254265,2.905387,1,3,3,4,1.545706,0.543183
11989.348125,11989.664187,0.316062,1,3,1,3,0.0,0.0
11995.345121,11996.063603,0.718482,1,3,1,3,0.0,0.0
11997.345425,11997.660284,0.314859,1,1,1,1,0.0,0.0
12001.344942,12002.064512,0.71957,1,3,1,3,0.0,0.0
12003.345282,12004.16003,0.814748,1,3,1,1,0.0,0.0
12007.343308,12008.061885,0.718577,1,3,1,3,0.0,0.0
12011.342531,12013.14745,1.804919,1,3,4,3,0.968607,0.075327
12015.342873,12017.106544,1.763671,1,3,2,2,1.045663,1.045663
12019.340602,12020.059918,0.719316,1,3,2,4,0.402205,0.402205
12021.340395,12022.057401,0.717006,1,1,1,1,0.0,0.0
12023.340047,12024.058379,0.718332,1,2,2,2,0.401687,0.401687
12025.339082,12027.09755,1.758468,1,2,2,1,1.045427,1.045427
12029.337917,12031.102028,1.764111,1,3,3,5,0.948604,0.096469
12033.337681,12034.056945,0.719264,1,3,2,4,0.403219,0.403219
12035.337867,12038.202385,2.864518,1,2,4,4,2.004062,0.097916
12039.337153,12042.230433,2.89328,1,2,4,2,1.547449,0.075505
12047.334757,12048.052783,0.718026,1,3,1,3,0.0,0.0
12049.334768,12052.197721,2.862953,1,3,5,3,1.503219,0.097778
12053.332114,12054.150464,0.81835,1,2,1,1,0.0,0.0
12057.332293,12058.05012,0.717827,1,3,2,2,0.401464,0.401464
12063.33114,12064.095641,0.764501,1,3,2,4,0.447079,0.447079
12065.331722,12066.223997,0.892275,1,1,2,1,0.076155,0.076155
12071.329527,12073.092605,1.763078,1,3,2,1,1.046106,1.046106
12073.329279,12074.090775,0.761496,1,1,2,2,0.445868,0.445868
12085.326255,12086.089258,0.763003,1,3,2,2,0.446723,0.446723
12089.325727,12091.088599,1.762872,1,3,2,1,1.045315,1.045315
12091.324375,12092.042084,0.717709,1,2,1,1,0.0,0.0
12093.323652,12095.086431,1.762779,1,2,2,2,1.045115,1.045115
12095.324691,12097.132051,1.80736,1,1,3,1,0.913683,0.078119
12099.323659,12100.217152,0.893493,1,3,2,2,0.075228,0.075228
12101.322346,12102.137345,0.814999,1,1,1,1,0.0,0.0
12105.321921,12106.040867,0.718946,1,3,2,2,0.402709,0.402709
12107.320612,12112.141314,4.820702,1,2,3,3,2.002696,2.000919
12115.320203,12116.25528,0.935077,1,3,4,3,0.403143,0.076615
12117.319131,12120.08491,2.765779,1,2,3,3,2.003033,0.445872
12121.318054,12124.217829,2.899775,1,2,3,2,2.001987,0.080843
12127.316727,12129.124492,1.807765,1,3,3,2,1.04516,0.44594
12129.316508,12131.078305,1.761797,1,3,2,1,1.045088,1.045088
12133.315367,12134.132284,0.816917,1,3,1,0,0.0,0.0
12137.313754,12141.126758,3.813004,1,3,5,4,1.459501,0.447035
12149.311508,12151.074544,1.763036,1,3,5,5,0.825558,0.077861
12157.310388,12159.128166,1.817778,1,3,4,1,0.91588,0.087326
12163.308758,12164.202394,0.893636,1,3,2,3,0.076374,0.076374
12167.308009,12169.070598,1.762589,1,3,3,3,1.04437,0.402687
12171.306048,12172.121189,0.815141,1,3,2,2,0.095892,0.095892
12179.30568,12180.196481,0.890801,1,3,3,3,0.499726,0.075154
12185.303533,12186.163442,0.859909,1,3,3,5,0.402343,0.141544
12191.303238,12193.066518,1.76328,1,3,2,0,1.045609,1.045609
12195.300969,12195.422967,0.121998,1,1,1,0,0.0,0.0
12197.301318,12201.666192,4.364874,1,3,4,3,2.001088,0.501043
12205.298434,12205.613613,0.315179,1,3,1,0,0.0,0.0
12209.298366,12211.061961,1.763595,1,3,4,2,0.867141,0.079737
12221.295491,12225.0591,3.763609,1,3,5,2,1.901853,0.100536
12227.295355,12230.014989,2.719634,1,3,4,3,1.903769,0.099443
12231.292155,12235.147382,3.855227,1,2,5,5,1.547344,0.098291
12239.291923,12241.098305,1.806382,1,3,3,1,0.91482,0.075149
12243.290909,12246.131006,2.840097,1,3,6,5,1.502819,0.074661
12247.290005,12248.149775,0.85977,1,2,2,2,0.542906,0.542906
12251.288486,12253.050753,1.762267,1,3,3,5,0.947024,0.096922
12261.286206,12263.049073,1.762867,1,3,2,1,1.044449,1.044449
12267.285286,12270.186802,2.901516,1,3,5,2,1.903257,0.083373
12271.285557,12272.003792,0.718235,1,2,2,2,0.403233,0.403233
12273.284881,12278.228237,4.943356,1,1,6,3,2.003648,0.075991
12283.281132,12284.097835,0.816703,1,3,1,0,0.0,0.0
12287.281509,12289.645448,2.363939,1,3,2,2,1.547629,1.547629
12293.280242,12295.143732,1.86349,1,3,4,1,0.913575,0.090764
12295.278884,12297.043382,1.764498,1,2,2,2,1.045592,1.045592
12297.279273,12299.642208,2.362935,1,1,2,2,1.545848,1.545848
12303.277459,12304.168625,0.891166,1,3,2,1,0.075304,0.075304
12307.27693,12308.169239,0.892309,1,3,2,3,0.076556,0.076556
12311.275643,12313.594403,2.31876,1,3,3,2,1.46002,0.543869
12317.272998,12320.036986,2.763988,1,3,4,2,1.927768,0.07397
12321.273825,12322.167446,0.893621,1,2,2,1,0.075942,0.075942
12327.272566,12330.167137,2.894571,1,3,4,2,1.546004,0.077896
12331.270461,12333.034447,1.763986,1,1,2,1,1.045294,1.045294
12333.270174,12334.130291,0.860117,1,2,2,1,0.543953,0.543953
12337.270385,12343.215233,5.944848,1,3,10,6,1.545166,0.074695
12345.26814,12346.159204,0.891064,1,3,4,4,0.40091,0.075926
12349.267389,12350.201566,0.934177,1,3,3,3,0.543205,0.075922
12351.265832,12351.984747,0.718915,1,2,1,1,0.0,0.0
12353.266347,12356.085209,2.818862,1,2,2,2,2.000893,2.000893
12359.264767,12360.156563,0.891796,1,3,2,1,0.076074,0.076074
12361.265021,12362.124853,0.859832,1,2,2,1,0.544411,0.544411
12367.262917,12369.026968,1.764051,1,3,4,3,0.902992,0.142454
12369.262674,12371.024199,1.761525,1,1,2,1,1.042968,1.042968
12371.262551,12374.025372,2.762821,1,2,4,3,1.903909,0.098669
12379.259804,12382.076545,2.816741,1,3,2,2,2.001026,2.001026
12387.258992,12389.020462,1.76147,1,3,3,3,0.945139,0.09845
12389.25803,12390.021291,0.763261,1,1,2,2,0.446,0.446
12393.257614,12394.019991,0.762377,1,3,2,2,0.446802,0.446802
12395.257026,12397.018959,1.761933,1,3,3,5,0.946479,0.098724
12401.255715,12403.975229,2.719514,1,3,3,2,1.903816,0.098392
12405.254532,12405.974435,0.719903,1,3,2,3,0.403593,0.403593
12411.252164,12414.145818,2.893654,1,3,3,2,2.002801,0.0758
12415.252295,12416.144711,0.892416,1,2,2,1,0.075993,0.075993
12421.250253,12421.968719,0.718466,1,3,1,3,0.0,0.0
12425.250078,12427.011751,1.761673,1,3,2,1,1.043358,1.043358
12433.248631,12434.743941,1.49531,1,4,3,4,0.678334,0.36567
12439.245749,12441.009936,1.764187,1,3,2,1,1.044952,1.044952
12441.246256,12442.195341,0.949085,1,1,3,1,0.545028,0.089082
12449.245037,12453.053659,3.808622,1,3,6,5,1.460327,0.097721
12459.242231,12461.562068,2.319837,1,3,4,4,1.503963,0.096993
