Rel Start (s),Rel End (s),Interval Duration,Syncs,Acks,Data Packets,Missing Slots,Max Data Gap,Min Data Gap
0.0,113.166729,113.166729,1,3,171,3,1.249436,0.103352
116.062854,227.227458,111.164604,1,3,168,3,1.249841,0.104124
230.123335,230.972663,0.849328,1,3,3,0,0.499542,0.033093
234.12448,237.000766,2.876286,1,3,6,5,1.461116,0.036657
240.126827,240.977774,0.850947,1,3,3,3,0.501979,0.033555
244.130476,246.983166,2.85269,1,3,6,3,1.46249,0.032212
250.133316,250.982045,0.848729,1,3,3,2,0.500645,0.032627
254.135923,256.988604,2.852681,1,3,6,8,1.461607,0.032516
260.139289,263.034887,2.895598,1,3,6,5,1.462744,0.034137
266.142214,268.995745,2.853531,1,3,6,8,1.465823,0.031907
272.144434,275.023803,2.879369,1,3,6,5,1.460091,0.038598
278.148556,281.002158,2.853602,1,3,6,7,1.466829,0.032604
284.15154,285.025315,0.873775,1,3,3,3,0.500849,0.056645
288.152757,291.036499,2.883742,1,3,6,5,1.46158,0.031122
294.156595,295.026035,0.86944,1,3,3,3,0.50304,0.050655
298.158538,299.008434,0.849896,1,3,3,1,0.50004,0.03308
302.160879,305.052107,2.891228,1,3,6,6,1.466122,0.032175
308.163961,309.026218,0.862257,1,3,3,1,0.50182,0.044284
312.166573,313.016255,0.849682,1,3,3,2,0.501994,0.032695
316.168137,319.057539,2.889402,1,3,6,8,1.466343,0.032084
322.171615,325.02545,2.853835,1,3,6,6,1.465252,0.032274
328.174688,329.024093,0.849405,1,3,3,0,0.499096,0.033616
332.176996,335.049827,2.872831,1,3,6,7,1.46561,0.031564
338.180729,339.031638,0.850909,1,3,3,3,0.501868,0.033774
342.18274,345.05945,2.87671,1,3,6,8,1.467674,0.032018
348.185048,349.034976,0.849928,1,3,3,2,0.501175,0.033048
352.187281,353.045655,0.858374,1,3,3,3,0.502081,0.040981
356.189826,357.039778,0.849952,1,3,3,1,0.501566,0.032539
360.191763,363.044307,2.852544,1,3,5,3,1.477328,0.032736
366.194644,367.045536,0.850892,1,3,3,0,0.500716,0.034072
370.19777,371.047252,0.849482,1,3,3,3,0.501187,0.033638
374.199418,377.085437,2.886019,1,3,6,5,1.46708,0.03289
380.203184,381.053323,0.850139,1,3,3,1,0.50113,0.033974
384.204418,387.05779,2.853372,1,3,6,5,1.4648,0.032278
390.208082,393.107175,2.899093,1,3,6,6,1.467124,0.032111
396.210958,397.075841,0.864883,1,3,3,1,0.501566,0.047801
400.212758,401.10624,0.893482,1,3,3,3,0.507989,0.070269
404.216183,407.103511,2.887328,1,3,6,6,1.465952,0.033361
412.21926,415.072439,2.853179,1,3,6,5,1.465804,0.032067
418.223303,421.074723,2.85142,1,3,6,3,1.459536,0.031187
424.226351,427.079235,2.852884,1,3,6,5,1.4657,0.032306
430.227777,433.090428,2.862651,1,3,6,6,1.467024,0.032066
436.232298,437.08239,0.850092,1,3,3,1,0.50099,0.033162
440.234063,443.104837,2.870774,1,3,6,5,1.4585,0.033729
446.237355,449.089205,2.85185,1,3,6,2,1.462506,0.032642
452.241094,455.094283,2.853189,1,3,6,7,1.461346,0.032135
458.244074,461.12927,2.885196,1,3,6,8,1.467635,0.033193
464.247019,465.096873,0.849854,1,3,3,2,0.501223,0.033114
468.249906,469.110852,0.860946,1,3,3,2,0.502569,0.044702
472.25225,475.10404,2.85179,1,3,6,7,1.466048,0.03213
478.254529,479.131072,0.876543,1,3,3,3,0.502078,0.059758
482.256771,483.107583,0.850812,1,3,3,2,0.501592,0.033095
486.259494,489.11132,2.851826,1,3,6,8,1.46172,0.031627
492.26111,493.112563,0.851453,1,3,3,2,0.502828,0.032567
496.262688,497.113882,0.851194,1,3,3,2,0.502004,0.033456
500.267496,503.152694,2.885198,1,3,6,8,1.467158,0.032277
506.269133,509.130673,2.86154,1,3,6,8,1.466401,0.032134
512.271962,515.136015,2.864053,1,3,6,8,1.465061,0.032429
518.276316,521.152058,2.875742,1,3,6,8,1.459778,0.039094
524.279034,525.128533,0.849499,1,3,3,1,0.501163,0.033238
528.279974,531.151158,2.871184,1,3,6,7,1.467517,0.032194
534.284038,535.13398,0.849942,1,3,3,0,0.499467,0.033647
538.286868,541.139168,2.8523,1,3,6,7,1.460234,0.03107
544.288975,547.154903,2.865928,1,3,6,6,1.458373,0.040129
550.293049,553.158886,2.865837,1,3,6,6,1.496992,0.032069
556.29532,559.148044,2.852724,1,3,6,6,1.445667,0.031479
562.299817,565.153505,2.853688,1,3,6,5,1.461867,0.032586
568.30175,571.155553,2.853803,1,3,6,5,1.468031,0.032081
574.305042,577.158518,2.853476,1,3,6,8,1.466418,0.032072
580.309457,583.162058,2.852601,1,3,6,2,1.462949,0.031874
586.311501,589.218349,2.906848,1,3,6,3,1.463366,0.033612
592.31397,595.185322,2.871352,1,3,6,7,1.461369,0.032627
598.319045,601.171288,2.852243,1,3,6,7,1.466447,0.031865
604.320471,607.173284,2.852813,1,3,6,2,1.462874,0.032437
610.325136,613.178026,2.85289,1,3,6,8,1.466265,0.031682
616.3278,617.177478,0.849678,1,3,3,0,0.50005,0.032551
620.329655,623.185773,2.856118,1,3,6,8,1.460542,0.032572
626.333217,629.227622,2.894405,1,3,6,8,1.46221,0.031633
632.337151,635.189385,2.852234,1,3,6,5,1.467095,0.032074
638.338834,641.234254,2.89542,1,3,6,5,1.456856,0.041604
644.343415,647.243678,2.900263,1,3,6,5,1.466255,0.033181
650.346214,653.205631,2.859417,1,3,6,5,1.462764,0.033947
656.349461,659.21732,2.867859,1,3,6,6,1.466612,0.032899
662.35338,665.208178,2.854798,1,3,6,5,1.460569,0.031896
668.355079,671.207251,2.852172,1,3,6,5,1.466793,0.031028
674.359211,675.219138,0.859927,1,3,3,1,0.501875,0.042932
678.36053,681.21426,2.85373,1,3,6,7,1.460728,0.031874
684.364082,687.245561,2.881479,1,3,6,5,1.464553,0.032202
690.368045,693.220936,2.852891,1,3,6,8,1.462086,0.032514
696.371044,699.223278,2.852234,1,3,6,6,1.46453,0.032084
702.372994,705.225591,2.852597,1,3,6,2,1.460004,0.031848
708.377406,711.254471,2.877065,1,3,6,6,1.46489,0.032361
714.379686,717.27468,2.894994,1,3,6,3,1.460268,0.033695
720.382329,721.233577,0.851248,1,3,3,3,0.501995,0.033141
724.384547,725.235236,0.850689,1,3,3,3,0.500605,0.034176
728.462104,730.248462,1.786358,1,1,3,3,1.010047,0.032201
732.389242,735.251024,2.861782,1,3,6,5,1.463763,0.033655
738.393351,741.287854,2.894503,1,3,6,7,1.461668,0.032566
744.3957,747.274473,2.878773,1,3,6,5,1.466805,0.032265
750.399208,751.250163,0.850955,1,3,3,0,0.500944,0.033559
754.401197,757.296147,2.89495,1,3,6,8,1.466944,0.03221
760.404396,761.264033,0.859637,1,3,3,1,0.499869,0.043501
764.405674,765.255693,0.850019,1,3,3,0,0.499519,0.03318
768.408625,771.26062,2.851995,1,3,6,8,1.461365,0.031712
774.412147,777.277838,2.865691,1,3,6,5,1.461693,0.034152
780.414319,783.267753,2.853434,1,3,6,3,1.462796,0.032013
786.417777,789.270236,2.852459,1,3,6,6,1.465468,0.032141
792.42163,795.27432,2.85269,1,3,6,5,1.459985,0.032249
798.424172,801.328647,2.904475,1,3,6,7,1.467364,0.031833
804.428758,807.28242,2.853662,1,3,6,6,1.466947,0.03201
810.430466,813.282989,2.852523,1,3,6,8,1.46438,0.032151
816.434033,819.320825,2.886792,1,3,6,8,1.458033,0.042421
822.437733,823.287731,0.849998,1,3,3,1,0.500637,0.033095
826.438932,829.293282,2.85435,1,3,6,2,1.461764,0.034218
832.441834,835.294708,2.852874,1,3,6,6,1.457992,0.03199
838.446396,839.296403,0.850007,1,3,3,3,0.501476,0.033153
842.448957,845.304435,2.855478,1,3,6,2,1.461828,0.033113
848.451346,849.301386,0.85004,1,3,3,2,0.499864,0.033727
852.453552,853.304166,0.850614,1,3,3,0,0.500811,0.033651
856.455534,857.272278,0.816744,1,3,2,4,0.500776,0.500776
860.457712,861.307446,0.849734,1,3,3,2,0.501393,0.033299
864.459703,867.312643,2.85294,1,3,6,8,1.460972,0.032159
870.462948,873.315412,2.852464,1,3,6,6,1.462099,0.031815
876.465469,879.317961,2.852492,1,3,6,8,1.466835,0.031502
882.469666,885.32774,2.858074,1,3,5,5,1.463775,0.035059
888.471824,891.324805,2.852981,1,3,6,7,1.466785,0.031578
894.474883,899.358177,4.883294,1,3,8,5,1.477697,0.034271
902.479916,903.329996,0.85008,1,3,3,1,0.500084,0.03424
906.482223,909.337793,2.85557,1,3,5,5,1.459602,0.033822
912.484851,915.382447,2.897596,1,3,6,8,1.462284,0.032629
918.488944,919.339219,0.850275,1,3,3,3,0.501073,0.033706
922.489775,923.341335,0.85156,1,3,3,0,0.502306,0.033717
926.49281,927.35654,0.86373,1,3,3,3,0.499408,0.047587
930.495239,933.368998,2.873759,1,3,6,2,1.460768,0.033735
936.49733,937.377754,0.880424,1,3,3,0,0.501483,0.062673
940.500042,941.34935,0.849308,1,3,3,3,0.501415,0.032711
944.501747,947.387979,2.886232,1,3,6,8,1.467891,0.032067
950.505051,953.358179,2.853128,1,3,6,4,1.461955,0.032532
956.508327,957.378974,0.870647,1,3,3,3,0.501481,0.054151
960.510158,963.377197,2.867039,1,3,6,8,1.466015,0.032533
966.513861,967.364132,0.850271,1,3,3,1,0.50067,0.033174
970.515766,973.407569,2.891803,1,3,6,5,1.466476,0.032092
976.518329,977.369351,0.851022,1,3,3,0,0.500143,0.03322
980.520881,981.370561,0.84968,1,3,3,2,0.500637,0.033449
984.523968,987.391379,2.867411,1,3,6,8,1.466766,0.032157
990.526388,991.375631,0.849243,1,3,3,1,0.500975,0.033196
994.528777,995.379605,0.850828,1,3,3,1,0.502058,0.03272
998.530426,999.379363,0.848937,1,3,3,3,0.500999,0.03201
1002.555476,1005.380751,2.825275,1,3,6,5,1.465937,0.031969
1008.535322,1009.385223,0.849901,1,3,3,0,0.500152,0.032592
1012.538664,1015.390359,2.851695,1,3,6,6,1.465477,0.032111
1018.541206,1019.392565,0.851359,1,3,3,2,0.501897,0.033231
1022.543901,1023.393549,0.849648,1,3,3,1,0.502148,0.032037
1026.54619,1029.39821,2.85202,1,3,6,2,1.459616,0.032152
1032.54898,1035.401676,2.852696,1,3,6,3,1.460179,0.032531
1038.550903,1041.403674,2.852771,1,3,6,8,1.462693,0.031899
1044.554992,1047.434196,2.879204,1,3,6,8,1.460581,0.036196
1050.557945,1053.410697,2.852752,1,3,6,5,1.464503,0.032001
1056.561484,1057.410543,0.849059,1,3,3,3,0.499853,0.032859
1060.565009,1061.415336,0.850327,1,3,3,0,0.503179,0.03305
1064.565392,1067.41784,2.852448,1,3,6,8,1.460126,0.032316
1070.568224,1073.472282,2.904058,1,3,6,8,1.467471,0.032128
1076.57267,1077.421821,0.849151,1,3,3,3,0.499771,0.033588
1080.574204,1083.427309,2.853105,1,3,6,8,1.465425,0.031611
1086.577654,1089.450493,2.872839,1,3,6,7,1.468541,0.031615
1092.581152,1095.434014,2.852862,1,3,6,7,1.464544,0.03154
1098.58358,1101.463678,2.880098,1,3,6,6,1.467096,0.031527
1104.586178,1107.437837,2.851659,1,3,6,5,1.462237,0.031127
1110.590655,1113.46958,2.878925,1,3,6,5,1.460738,0.03259
1116.59267,1117.442782,0.850112,1,3,3,1,0.501392,0.033145
1120.595306,1123.448662,2.853356,1,3,6,7,1.459979,0.031936
1126.597626,1129.449331,2.851705,1,3,6,3,1.460739,0.031531
1132.6016,1135.453484,2.851884,1,3,6,6,1.466996,0.031836
1138.60465,1139.457876,0.853226,1,3,3,3,0.500066,0.036439
1142.607091,1145.487451,2.88036,1,3,6,7,1.465823,0.032526
1148.61054,1151.510749,2.900209,1,3,6,8,1.46702,0.032607
1154.61463,1155.463831,0.849201,1,3,3,1,0.498558,0.033581
1158.614826,1161.471209,2.856383,1,3,6,7,1.461004,0.032092
1164.619032,1165.467855,0.848823,1,3,3,1,0.501396,0.033153
1168.620858,1171.496197,2.875339,1,3,6,5,1.467838,0.031183
1174.624003,1175.496386,0.872383,1,3,3,3,0.500649,0.056324
1178.625976,1179.476728,0.850752,1,3,3,0,0.50102,0.03383
1182.627734,1185.525771,2.898037,1,3,6,8,1.460805,0.03874
1188.631886,1189.481774,0.849888,1,3,3,1,0.501269,0.032663
1192.634211,1195.499456,2.865245,1,3,6,2,1.458995,0.033372
1198.63655,1199.528483,0.891933,1,3,3,4,0.523741,0.053364
1202.638702,1203.4889,0.850198,1,3,3,3,0.499698,0.033121
1206.641582,1207.491269,0.849687,1,3,3,1,0.501503,0.0325
1210.643406,1213.509444,2.866038,1,3,6,5,1.431755,0.04578
1216.645292,1219.515096,2.869804,1,3,6,6,1.466612,0.032479
1222.650223,1223.499211,0.848988,1,3,3,1,0.500626,0.032425
1226.651447,1229.519262,2.867815,1,3,6,8,1.467374,0.032125
1232.654191,1233.504292,0.850101,1,3,3,3,0.50099,0.032623
1236.656849,1237.50797,0.851121,1,3,3,1,0.500817,0.034245
1240.659163,1243.543093,2.88393,1,3,6,8,1.465298,0.032908
1246.660912,1247.511467,0.850555,1,3,3,3,0.500133,0.033526
1250.665087,1251.515958,0.850871,1,3,3,1,0.500756,0.033158
1254.666805,1257.518029,2.851224,1,3,6,8,1.451711,0.031739
1260.669395,1263.572891,2.903496,1,3,6,8,1.46645,0.03193
1266.673806,1269.556373,2.882567,1,3,6,3,1.462845,0.032082
1272.676926,1275.529583,2.852657,1,3,6,7,1.466721,0.031599
1278.678557,1281.531236,2.852679,1,3,6,5,1.459656,0.032558
1284.682802,1285.532046,0.849244,1,3,3,1,0.499484,0.033592
1288.684987,1291.537897,2.85291,1,3,6,6,1.462007,0.032071
1294.68772,1297.588381,2.900661,1,3,6,8,1.465708,0.032137
1300.690874,1303.54387,2.852996,1,3,6,5,1.462464,0.0325
1306.694094,1309.5471,2.853006,1,3,6,7,1.465026,0.032079
1312.696807,1313.546051,0.849244,1,3,3,3,0.502266,0.032696
1316.700365,1317.550028,0.849663,1,3,3,1,0.500505,0.032591
1320.701505,1323.587432,2.885927,1,3,6,5,1.461425,0.034072
1326.704461,1329.587827,2.883366,1,3,6,8,1.465059,0.032259
1332.707865,1333.567303,0.859438,1,3,3,3,0.49948,0.043746
1336.709806,1339.572668,2.862862,1,3,6,5,1.465688,0.03163
1342.712529,1343.573248,0.860719,1,3,3,3,0.51041,0.033653
1346.715697,1349.599697,2.884,1,3,6,6,1.460623,0.032139
1352.718342,1353.567593,0.849251,1,3,3,3,0.499982,0.03335
1356.720406,1359.572541,2.852135,1,3,6,5,1.466427,0.031116
1362.723362,1363.574018,0.850656,1,3,3,3,0.500706,0.033121
1366.726781,1369.596598,2.869817,1,3,6,6,1.466741,0.031904
1372.72878,1373.58627,0.85749,1,3,3,3,0.500886,0.041097
1376.731137,1379.591782,2.860645,1,3,6,6,1.464997,0.03267
1382.735401,1385.613965,2.878564,1,3,6,6,1.464813,0.034614
1388.737521,1391.589038,2.851517,1,3,6,8,1.465975,0.032003
1394.740589,1397.608473,2.867884,1,3,6,8,1.462796,0.03154
1400.744117,1403.596642,2.852525,1,3,6,8,1.461477,0.032737
1406.7467,1407.596787,0.850087,1,3,3,3,0.501914,0.032547
1410.749497,1411.599765,0.850268,1,3,3,2,0.500439,0.033243
1414.750744,1417.604722,2.853978,1,3,6,5,1.456231,0.032554
1420.754285,1421.605538,0.851253,1,3,3,1,0.501743,0.033628
1424.756376,1425.605635,0.849259,1,3,3,2,0.500441,0.033587
1428.759416,1431.629498,2.870082,1,3,6,8,1.467813,0.031995
1434.76146,1435.610928,0.849468,1,3,3,3,0.500831,0.032157
1438.763548,1441.649536,2.885988,1,3,6,8,1.465951,0.032679
1444.767132,1447.654186,2.887054,1,3,6,6,1.461329,0.033132
1450.769844,1453.633279,2.863435,1,3,6,5,1.46846,0.03076
1456.772971,1459.62758,2.854609,1,3,6,8,1.465505,0.032631
1462.777267,1463.627036,0.849769,1,3,3,1,0.501486,0.032483
1466.778316,1469.662233,2.883917,1,3,6,8,1.466559,0.031991
1472.780927,1473.632138,0.851211,1,3,3,0,0.502239,0.033546
1476.784388,1477.634818,0.85043,1,3,3,2,0.501201,0.032275
1480.786684,1483.637911,2.851227,1,3,6,8,1.459695,0.032099
1486.789589,1489.642278,2.852689,1,3,6,7,1.459827,0.031259
1492.79336,1495.65704,2.86368,1,3,6,6,1.468194,0.031551
1498.796286,1499.645743,0.849457,1,3,3,3,0.499012,0.034057
1502.797972,1503.646892,0.84892,1,3,3,1,0.500505,0.033085
1506.801267,1509.653994,2.852727,1,3,6,8,1.460979,0.032185
1512.804062,1515.673232,2.86917,1,3,6,6,1.459721,0.032887
1518.806214,1519.656128,0.849914,1,3,3,1,0.500884,0.033374
1522.808783,1525.660825,2.852042,1,3,6,5,1.414968,0.031822
1528.811163,1531.702149,2.890986,1,3,6,8,1.425317,0.069148
1534.815435,1537.668136,2.852701,1,3,6,8,1.464894,0.032066
1540.817837,1543.683261,2.865424,1,3,6,8,1.461795,0.032829
1546.821381,1549.67457,2.853189,1,3,6,6,1.465837,0.032209
1552.823581,1553.692754,0.869173,1,3,3,1,0.500853,0.052074
1556.827228,1559.680873,2.853645,1,3,6,5,1.46219,0.031791
1562.830599,1563.681202,0.850603,1,3,3,1,0.500454,0.033557
1566.831474,1569.702558,2.871084,1,3,6,5,1.466915,0.031575
1572.835869,1573.685809,0.84994,1,3,3,3,0.501838,0.033228
1576.838032,1579.714251,2.876219,1,3,6,5,1.464413,0.032872
1582.839749,1585.739423,2.899674,1,3,6,8,1.466193,0.03325
1588.843276,1589.694981,0.851705,1,3,3,0,0.502376,0.033337
1592.846002,1593.695926,0.849924,1,3,3,2,0.503144,0.032222
1596.848051,1599.700273,2.852222,1,3,6,8,1.464045,0.032099
1602.851656,1605.704585,2.852929,1,3,6,8,1.459458,0.03198
1608.854058,1611.705865,2.851807,1,3,6,7,1.461075,0.031988
1614.856922,1615.707517,0.850595,1,3,3,3,0.498745,0.033709
1618.859887,1619.710373,0.850486,1,3,3,3,0.500147,0.033815
1622.862409,1625.744541,2.882132,1,3,6,7,1.467423,0.032369
1628.865153,1629.733674,0.868521,1,3,3,1,0.50188,0.052371
1632.867276,1633.71844,0.851164,1,3,3,3,0.502539,0.03323
1636.868778,1639.721276,2.852498,1,3,6,8,1.46702,0.032068
1642.872703,1645.726502,2.853799,1,3,6,6,1.462349,0.032265
1648.875071,1651.726976,2.851905,1,3,6,7,1.461409,0.031829
1654.879107,1657.765933,2.886826,1,3,6,5,1.467617,0.031101
1660.881883,1661.731615,0.849732,1,3,3,0,0.501415,0.033293
1664.883765,1667.77182,2.888055,1,3,6,8,1.466915,0.032035
1670.887467,1673.740646,2.853179,1,3,6,8,1.46857,0.031469
1676.89061,1677.740209,0.849599,1,3,3,2,0.501264,0.03323
1680.892499,1683.770904,2.878405,1,3,6,6,1.461774,0.031857
1686.896391,1687.746072,0.849681,1,3,3,3,0.502376,0.033163
1690.896915,1691.74847,0.851555,1,3,3,0,0.501423,0.033658
1694.899388,1697.804543,2.905155,1,3,6,5,1.465274,0.03308
1700.903277,1701.75294,0.849663,1,3,3,2,0.501865,0.032593
1704.905244,1707.758544,2.8533,1,3,6,8,1.463295,0.0323
1710.90773,1713.758407,2.850677,1,3,6,8,1.456511,0.032607
1716.911912,1717.763365,0.851453,1,3,3,2,0.502034,0.034105
1720.913334,1723.783375,2.870041,1,3,6,6,1.462519,0.03692
1726.916227,1727.782302,0.866075,1,3,3,3,0.500951,0.049205
1730.919755,1731.770102,0.850347,1,3,3,2,0.501072,0.034016
1734.922005,1737.802011,2.880006,1,3,6,8,1.467165,0.031898
1740.92479,1743.776816,2.852026,1,3,6,7,1.466061,0.032087
1746.92812,1747.777718,0.849598,1,3,3,1,0.501415,0.033655
1750.929381,1753.838302,2.908921,1,3,6,8,1.46713,0.032186
1756.93201,1757.782423,0.850413,1,3,3,1,0.500989,0.032931
1760.93445,1763.821512,2.887062,1,3,6,7,1.465055,0.033063
1766.937898,1769.790317,2.852419,1,3,6,5,1.46313,0.03261
1772.940599,1775.793886,2.853287,1,3,6,5,1.460474,0.032505
1778.944418,1779.794269,0.849851,1,3,3,0,0.500096,0.033068
1782.947228,1785.799065,2.851837,1,3,6,8,1.467112,0.032056
1788.949196,1789.799459,0.850263,1,3,3,3,0.500959,0.033336
1792.951417,1795.849081,2.897664,1,3,6,7,1.466455,0.03302
1798.955842,1799.805113,0.849271,1,3,3,3,0.499975,0.03405
1802.957783,1803.808874,0.851091,1,3,3,2,0.500456,0.033528
1806.958907,1809.812435,2.853528,1,3,6,5,1.45175,0.033571
1812.96229,1815.860825,2.898535,1,3,6,7,1.460123,0.037639
1818.965732,1819.816675,0.850943,1,3,3,0,0.500969,0.033104
1822.967577,1825.832832,2.865255,1,3,6,8,1.466919,0.032128
1828.970601,1831.823398,2.852797,1,3,6,5,1.461748,0.032646
1834.973533,1837.825419,2.851886,1,3,6,6,1.467625,0.032383
1840.976559,1843.829616,2.853057,1,3,6,8,1.465185,0.031852
1846.979884,1849.832597,2.852713,1,3,6,6,1.465429,0.032323
1852.982339,1855.876335,2.893996,1,3,6,6,1.466932,0.032084
1858.987213,1859.8381,0.850887,1,3,3,3,0.501077,0.034408
1862.988957,1865.851106,2.862149,1,3,6,6,1.467005,0.032906
1868.991906,1871.845896,2.85399,1,3,6,6,1.448901,0.032059
1874.996002,1875.846046,0.850044,1,3,3,3,0.501824,0.03311
1878.997758,1881.868064,2.870306,1,3,6,6,1.467197,0.031092
1885.000819,1885.87147,0.870651,1,3,3,3,0.500493,0.054211
1889.001986,1891.854847,2.852861,1,3,6,8,1.464689,0.032576
1895.005884,1897.888716,2.882832,1,3,6,7,1.466306,0.032068
1901.008178,1903.862588,2.85441,1,3,6,5,1.458203,0.032571
1907.012996,1909.864554,2.851558,1,3,6,7,1.461049,0.032217
1913.015402,1913.864789,0.849387,1,3,3,3,0.502139,0.032329
1917.017407,1917.867019,0.849612,1,3,3,2,0.501473,0.033241
1921.019396,1923.871411,2.852015,1,3,6,5,1.464663,0.031563
1927.023386,1929.876115,2.852729,1,3,6,8,1.465326,0.031872
1933.02568,1935.877111,2.851431,1,3,6,8,1.465013,0.031898
1939.029548,1941.929036,2.899488,1,3,6,5,1.466079,0.032647
1945.032089,1945.882507,0.850418,1,3,3,3,0.50136,0.033593
1949.034247,1951.940007,2.90576,1,3,6,7,1.454099,0.044152
1955.038584,1957.890866,2.852282,1,3,6,5,1.46796,0.032073
1961.040318,1963.892783,2.852465,1,3,6,8,1.461158,0.031079
1967.043163,1969.949509,2.906346,1,3,6,6,1.464604,0.033388
1973.047083,1973.897729,0.850646,1,3,3,0,0.502322,0.033081
1977.048606,1979.946606,2.898,1,3,6,7,1.46774,0.031068
1983.052235,1983.901229,0.848994,1,3,3,3,0.500249,0.033465
1987.054262,1987.90536,0.851098,1,3,3,1,0.501276,0.033802
1991.056855,1993.939467,2.882612,1,3,6,3,1.460211,0.032768
1997.059251,1999.913273,2.854022,1,3,6,6,1.462474,0.0326
2003.063079,2003.913802,0.850723,1,3,3,3,0.501937,0.033613
2007.065358,2009.946823,2.881465,1,3,6,5,1.467415,0.032096
2013.068022,2015.921174,2.853152,1,3,6,6,1.466404,0.031659
2019.071756,2021.95342,2.881664,1,3,6,6,1.437378,0.06044
2025.074958,2027.933366,2.858408,1,3,6,8,1.465793,0.031591
2031.07766,2031.932868,0.855208,1,3,3,1,0.501629,0.038119
2035.080248,2037.959557,2.879309,1,3,6,5,1.462922,0.032093
2041.082616,2041.932602,0.849986,1,3,3,2,0.499642,0.033835
2045.084636,2047.936704,2.852068,1,3,6,6,1.468174,0.031092
2051.088338,2051.94401,0.855672,1,3,3,3,0.503444,0.037444
2055.091309,2055.941812,0.850503,1,3,3,1,0.501486,0.033768
2059.092783,2061.945572,2.852789,1,3,6,5,1.466512,0.031914
2065.095836,2067.981672,2.885836,1,3,6,2,1.462037,0.033881
2071.099779,2073.952717,2.852938,1,3,6,6,1.466641,0.031091
2077.102675,2079.999971,2.897296,1,3,6,6,1.4671,0.031562
2083.105982,2085.95832,2.852338,1,3,6,6,1.467208,0.03114
2089.109371,2091.984054,2.874683,1,3,6,6,1.462206,0.036057
2095.111726,2098.018791,2.907065,1,3,6,7,1.487876,0.03251
2101.115697,2101.968977,0.85328,1,3,3,1,0.501837,0.036144
2105.117204,2105.966877,0.849673,1,3,3,0,0.501492,0.033065
2109.118598,2111.970594,2.851996,1,3,6,8,1.450648,0.032092
2115.123404,2115.973166,0.849762,1,3,3,3,0.500965,0.033443
2119.124514,2121.976333,2.851819,1,3,6,8,1.467074,0.031214
2125.127277,2127.980536,2.853259,1,3,6,8,1.468395,0.031138
2131.13092,2131.980204,0.849284,1,3,3,1,0.500592,0.033093
2135.133425,2137.985442,2.852017,1,3,6,8,1.465992,0.031998
2141.135808,2143.989323,2.853515,1,3,6,8,1.465578,0.032445
2147.139535,2150.021683,2.882148,1,3,5,4,1.455503,0.063356
2153.142004,2155.99616,2.854156,1,3,6,5,1.465206,0.032111
2159.144765,2161.998338,2.853573,1,3,6,5,1.46272,0.032265
2165.149164,2168.026642,2.877478,1,3,6,8,1.46529,0.033185
2171.150564,2172.001059,0.850495,1,3,3,1,0.501183,0.03358
2175.153805,2178.014349,2.860544,1,3,6,6,1.442102,0.04009
2181.15767,2184.011008,2.853338,1,3,6,5,1.461383,0.032654
2187.160309,2188.010278,0.849969,1,3,3,2,0.500981,0.032612
2191.161772,2192.01264,0.850868,1,3,3,1,0.49918,0.033954
2195.163795,2198.017208,2.853413,1,3,6,6,1.464031,0.031946
2201.16748,2202.018069,0.850589,1,3,3,3,0.501833,0.03309
2205.16946,2208.060813,2.891353,1,3,6,5,1.467909,0.03235
2211.173837,2214.026087,2.85225,1,3,6,6,1.46008,0.031889
2217.175918,2220.040291,2.864373,1,3,6,8,1.464831,0.032283
2223.179027,2226.082996,2.903969,1,3,6,6,1.466353,0.033129
2229.18372,2230.03385,0.85013,1,3,3,2,0.501855,0.034115
2233.184844,2236.072242,2.887398,1,3,6,5,1.463703,0.033739
2239.188069,2242.041002,2.852933,1,3,6,5,1.467417,0.031969
2245.19172,2248.044921,2.853201,1,3,6,8,1.458042,0.032572
2251.193479,2254.05389,2.860411,1,3,6,7,1.466739,0.032082
2257.196294,2260.049461,2.853167,1,3,6,8,1.46516,0.032118
2263.201099,2266.077272,2.876173,1,3,6,7,1.464959,0.032545
2269.203581,2270.054588,0.851007,1,3,3,3,0.502174,0.034084
2273.204939,2274.062633,0.857694,1,3,3,1,0.501814,0.040489
2277.208009,2280.091341,2.883332,1,3,6,8,1.466742,0.031828
2283.210321,2286.063233,2.852912,1,3,6,8,1.458903,0.032091
2289.21382,2290.062965,0.849145,1,3,3,3,0.498644,0.033141
2293.217328,2296.069029,2.851701,1,3,6,7,1.465962,0.032067
2299.219666,2300.068789,0.849123,1,3,3,2,0.500878,0.032938
2303.220357,2306.111688,2.891331,1,3,6,5,1.46773,0.03183
2309.224244,2312.089069,2.864825,1,3,6,8,1.465937,0.03205
2315.228256,2318.110684,2.882428,1,3,6,6,1.466111,0.033106
2321.230773,2324.106269,2.875496,1,3,6,7,1.466106,0.034421
2327.234578,2328.085422,0.850844,1,3,3,3,0.501982,0.034041
2331.235485,2332.08879,0.853305,1,3,3,2,0.500647,0.036324
2335.238351,2338.123767,2.885416,1,3,6,8,1.466455,0.032968
2341.24143,2342.092663,0.851233,1,3,3,2,0.502147,0.033113
2345.244373,2348.152196,2.907823,1,3,6,7,1.466468,0.032525
2351.246483,2354.158282,2.911799,1,3,6,5,1.466476,0.032371
2357.25013,2358.10506,0.85493,1,3,3,1,0.501792,0.037072
2361.252857,2364.142169,2.889312,1,3,6,8,1.46645,0.031517
2367.256186,2368.133815,0.877629,1,3,3,2,0.500527,0.061946
2371.257959,2372.108549,0.85059,1,3,3,3,0.500911,0.033723
2375.25991,2378.169461,2.909551,1,3,6,5,1.461542,0.03757
2381.262681,2382.112731,0.85005,1,3,3,3,0.501562,0.033193
2385.26364,2388.12646,2.86282,1,3,6,8,1.464398,0.032399
2391.267939,2394.119467,2.851528,1,3,6,8,1.467194,0.031779
2397.270587,2398.121675,0.851088,1,3,3,1,0.502508,0.033651
2401.272335,2404.126242,2.853907,1,3,6,3,1.461706,0.032412
2407.276801,2410.142277,2.865476,1,3,6,7,1.46779,0.032069
2413.279292,2416.133085,2.853793,1,3,6,2,1.460148,0.032577
2419.283336,2420.132716,0.84938,1,3,3,3,0.500835,0.032611
2423.284632,2426.138002,2.85337,1,3,6,6,1.461607,0.031941
2429.288181,2430.137965,0.849784,1,3,3,3,0.500565,0.033251
2433.290496,2436.143061,2.852565,1,3,6,6,1.466972,0.032919
2439.294156,2440.150843,0.856687,1,3,3,3,0.500962,0.040001
2443.29609,2446.149259,2.853169,1,3,6,3,1.460481,0.03256
2449.298432,2452.188172,2.88974,1,3,6,6,1.468822,0.032084
2455.302492,2456.151642,0.84915,1,3,3,3,0.501335,0.032761
2459.304823,2462.175636,2.870813,1,3,6,5,1.466044,0.032594
2465.306994,2466.156333,0.849339,1,3,3,3,0.50014,0.033091
2469.309431,2470.15941,0.849979,1,3,3,0,0.500522,0.032953
2473.311858,2476.188923,2.877065,1,3,6,6,1.465523,0.031549
2479.3141,2480.163839,0.849739,1,3,3,2,0.502531,0.032046
2483.317728,2484.167838,0.85011,1,3,3,3,0.501483,0.033099
2487.320135,2490.172239,2.852104,1,3,6,8,1.46393,0.03166
2493.322152,2496.197148,2.874996,1,3,6,6,1.459872,0.038299
2499.325981,2500.181029,0.855048,1,3,3,3,0.500038,0.03848
2503.326895,2506.229386,2.902491,1,3,6,8,1.46538,0.03349
2509.330839,2512.183814,2.852975,1,3,6,8,1.46062,0.031101
2515.334631,2516.184888,0.850257,1,3,3,1,0.500897,0.033053
2519.336633,2522.218224,2.881591,1,3,6,7,1.464196,0.03412
2525.339182,2526.188873,0.849691,1,3,3,1,0.500419,0.033742
2529.340984,2530.190573,0.849589,1,3,3,0,0.500393,0.033418
2533.343676,2536.226242,2.882566,1,3,6,8,1.467432,0.031616
2539.346613,2540.197258,0.850645,1,3,3,2,0.501218,0.03361
2543.347755,2546.229903,2.882148,1,3,6,6,1.465688,0.032741
2549.352011,2552.233472,2.881461,1,3,6,7,1.454158,0.043919
2555.354708,2556.204368,0.84966,1,3,3,2,0.501279,0.033057
2559.357106,2562.267675,2.910569,1,3,6,6,1.467343,0.031875
2565.361218,2568.213337,2.852119,1,3,6,5,1.465988,0.031735
2571.363892,2574.215583,2.851691,1,3,6,6,1.465525,0.031323
2577.366805,2580.251826,2.885021,1,3,6,5,1.461584,0.034074
2583.370782,2586.253831,2.883049,1,3,6,7,1.460171,0.032211
2589.37331,2592.237656,2.864346,1,3,6,5,1.462395,0.034797
2595.376614,2596.225911,0.849297,1,3,3,1,0.499739,0.03312
2599.378582,2602.232529,2.853947,1,3,6,4,1.460863,0.032813
2605.381465,2606.230699,0.849234,1,3,3,2,0.500903,0.033093
2609.383552,2610.234563,0.851011,1,3,3,2,0.502956,0.034057
2613.386562,2614.24936,0.862798,1,3,3,2,0.51556,0.031427
2617.387258,2620.276438,2.88918,1,3,6,8,1.465711,0.032103
2623.391273,2624.241806,0.850533,1,3,3,2,0.501508,0.033756
2627.39378,2628.251157,0.857377,1,3,3,2,0.500015,0.041846
2631.394787,2634.29973,2.904943,1,3,6,8,1.467325,0.032907
2637.398178,2638.248072,0.849894,1,3,3,0,0.502481,0.032562
2641.400609,2644.252989,2.85238,1,3,6,8,1.454786,0.032939
2647.404182,2650.302815,2.898633,1,3,6,5,1.466683,0.032458
2653.406785,2654.255985,0.8492,1,3,3,3,0.501475,0.032549
2657.408551,2658.258851,0.8503,1,3,3,2,0.501104,0.033887
2661.411318,2664.28972,2.878402,1,3,6,5,1.467481,0.03269
2667.413765,2668.264458,0.850693,1,3,3,1,0.502247,0.032662
2671.416526,2674.268793,2.852267,1,3,6,2,1.457948,0.032048
2677.419597,2680.289718,2.870121,1,3,6,8,1.467458,0.032282
2683.423345,2686.275142,2.851797,1,3,6,5,1.462119,0.031729
2689.425958,2692.305433,2.879475,1,3,6,6,1.466707,0.032775
2695.429776,2696.278911,0.849135,1,3,3,0,0.501625,0.032117
2699.431221,2702.284737,2.853516,1,3,6,5,1.465089,0.032342
2705.43401,2706.283202,0.849192,1,3,3,3,0.500739,0.032471
2709.43628,2712.288313,2.852033,1,3,6,4,1.459809,0.031095
2715.439915,2718.292033,2.852118,1,3,6,6,1.466724,0.032638
2721.442103,2722.292818,0.850715,1,3,3,3,0.502199,0.033559
2725.445891,2726.296395,0.850504,1,3,3,1,0.499148,0.034423
2729.446644,2732.339796,2.893152,1,3,6,8,1.465495,0.032619
2735.450438,2738.336664,2.886226,1,3,6,6,1.46604,0.032831
2741.453789,2744.30676,2.852971,1,3,6,6,1.466991,0.032152
2747.455765,2750.308949,2.853184,1,3,6,5,1.466021,0.032229
2753.459531,2754.309126,0.849595,1,3,3,2,0.501007,0.03358
2757.461744,2760.329358,2.867614,1,3,6,6,1.463552,0.036657
2763.464129,2766.316311,2.852182,1,3,6,4,1.46161,0.03171
2769.468343,2772.328231,2.859888,1,3,6,3,1.461137,0.033796
2775.471083,2776.329731,0.858648,1,3,3,3,0.499802,0.041947
2779.473526,2782.32518,2.851654,1,3,6,7,1.466025,0.031117
2785.475282,2788.347122,2.87184,1,3,6,3,1.440611,0.051681
2791.479759,2792.329671,0.849912,1,3,3,0,0.500546,0.033107
2795.482004,2796.33244,0.850436,1,3,3,3,0.501513,0.033818
2799.483996,2802.38035,2.896354,1,3,6,7,1.465844,0.0311
2805.487587,2806.337555,0.849968,1,3,3,3,0.50099,0.032764
2809.489716,2810.345888,0.856172,1,3,3,3,0.501102,0.03907
2813.491611,2816.353437,2.861826,1,3,6,6,1.46558,0.032031
2819.494635,2822.353947,2.859312,1,3,6,6,1.467146,0.032065
2825.498637,2826.348242,0.849605,1,3,3,1,0.500526,0.033639
2829.499241,2832.351148,2.851907,1,3,6,8,1.463768,0.032581
2835.503316,2838.356009,2.852693,1,3,6,7,1.462046,0.032169
2841.506308,2842.356183,0.849875,1,3,3,1,0.499651,0.034319
2845.508317,2848.397397,2.88908,1,3,6,6,1.464918,0.033241
2851.511883,2854.368634,2.856751,1,3,6,3,1.462786,0.033212
2857.514957,2860.393155,2.878198,1,3,6,5,1.466584,0.03226
2863.517154,2866.370063,2.852909,1,3,6,2,1.457883,0.032078
2869.521758,2870.382586,0.860828,1,3,3,0,0.500972,0.044596
2873.523527,2874.37279,0.849263,1,3,3,3,0.501016,0.033169
2877.52481,2880.377629,2.852819,1,3,6,5,1.462541,0.032046
2883.528693,2884.389427,0.860734,1,3,3,0,0.501665,0.043703
2887.531025,2890.405296,2.874271,1,3,6,7,1.467182,0.033107
2893.53354,2894.383637,0.850097,1,3,3,2,0.5005,0.03388
2897.535189,2898.386264,0.851075,1,3,3,3,0.50247,0.033138
2901.538329,2904.389983,2.851654,1,3,6,7,1.463071,0.032067
2907.540564,2910.394301,2.853737,1,3,6,6,1.458461,0.03214
2913.544013,2916.429648,2.885635,1,3,6,6,1.465536,0.032295
2919.547014,2922.415296,2.868282,1,3,6,3,1.464074,0.033158
2925.550392,2928.404045,2.853653,1,3,6,5,1.46211,0.032157
2931.553992,2934.443949,2.889957,1,3,6,6,1.460088,0.033083
2937.556091,2940.409394,2.853303,1,3,6,8,1.467508,0.032234
2943.55814,2946.422615,2.864475,1,3,6,7,1.451321,0.044184
2949.564131,2952.416777,2.852646,1,3,6,5,1.459001,0.031464
2955.566074,2958.445539,2.879465,1,3,6,8,1.464646,0.032099
2961.569158,2962.418661,0.849503,1,3,3,0,0.500887,0.03357
2965.572643,2966.440491,0.867848,1,3,3,3,0.50143,0.050829
2969.574465,2970.423828,0.849363,1,3,3,1,0.500702,0.033092
2973.576256,2974.411102,0.834846,1,3,2,3,0.503995,0.503995
2977.609289,2978.428159,0.81887,1,3,3,3,0.500615,0.040586
2981.580308,2982.43038,0.850072,1,3,3,3,0.501042,0.033063
2985.582131,2988.487927,2.905796,1,3,6,6,1.467841,0.032573
2991.585092,2994.437825,2.852733,1,3,6,6,1.46691,0.032104
2997.58921,2998.452934,0.863724,1,3,3,0,0.500528,0.046604
3001.591564,3004.484266,2.892702,1,3,6,7,1.467639,0.0316
3007.593656,3008.443628,0.849972,1,3,3,2,0.501429,0.033243
3011.595959,3012.44673,0.850771,1,3,3,2,0.501696,0.033134
3015.597684,3018.488699,2.891015,1,3,6,8,1.467446,0.03221
3021.600466,3022.450514,0.850048,1,3,3,3,0.50055,0.033599
3025.602747,3028.454845,2.852098,1,3,6,7,1.464649,0.031095
3031.607215,3034.490279,2.883064,1,3,6,8,1.467315,0.032544
3037.609438,3038.468617,0.859179,1,3,3,3,0.502319,0.041356
3041.611392,3044.469431,2.858039,1,3,6,5,1.461169,0.03409
3047.615117,3047.703334,0.088217,1,1,1,1,0.0,0.0
3051.617126,3052.467093,0.849967,1,3,3,0,0.502438,0.032628
3055.618837,3058.50164,2.882803,1,3,6,6,1.457403,0.042069
3061.622946,3064.514973,2.892027,1,3,6,3,1.461266,0.032772
3067.625566,3068.474956,0.84939,1,3,3,3,0.501123,0.033191
3071.627074,3074.515885,2.888811,1,3,6,5,1.459804,0.033571
3077.630956,3080.483648,2.852692,1,3,6,2,1.462761,0.032619
3083.633488,3084.497865,0.864377,1,3,3,3,0.502505,0.046142
3087.635797,3088.501667,0.86587,1,3,3,2,0.49991,0.050071
3091.63895,3094.490903,2.851953,1,3,6,7,1.454313,0.032377
3097.642473,3098.520414,0.877941,1,3,3,3,0.500986,0.06105
3101.643236,3104.495353,2.852117,1,3,6,6,1.46506,0.031108
3107.64689,3108.497338,0.850448,1,3,3,0,0.500858,0.033794
3111.647827,3114.500465,2.852638,1,3,6,5,1.458413,0.032111
3117.651616,3120.50381,2.852194,1,3,6,5,1.464749,0.03207
3123.655742,3126.559279,2.903537,1,3,6,6,1.465342,0.032369
3129.658439,3130.508003,0.849564,1,3,3,3,0.500048,0.033812
3133.659428,3136.512199,2.852771,1,3,6,8,1.458662,0.031292
3139.664882,3142.516818,2.851936,1,3,6,3,1.458989,0.032916
3145.665839,3146.516712,0.850873,1,3,3,2,0.501489,0.034066
3149.667745,3150.518664,0.850919,1,3,3,3,0.501997,0.033803
3153.670254,3154.520706,0.850452,1,3,3,3,0.500641,0.033391
3157.672628,3158.523473,0.850845,1,3,3,0,0.50116,0.033639
3161.67494,3164.528335,2.853395,1,3,5,2,1.482426,0.032108
3167.67847,3168.528493,0.850023,1,3,3,1,0.50044,0.033584
3171.680429,3174.584681,2.904252,1,3,6,6,1.465559,0.032095
3177.684235,3178.533401,0.849166,1,3,3,2,0.500238,0.032976
3181.686149,3184.538349,2.8522,1,3,6,7,1.465458,0.032546
3187.689331,3190.541102,2.851771,1,3,6,6,1.462856,0.032056
3193.692089,3196.545493,2.853404,1,3,6,8,1.465387,0.032378
3199.694185,3202.573451,2.879266,1,3,6,7,1.466878,0.032211
3205.698039,3208.552396,2.854357,1,3,6,2,1.461764,0.032567
3211.701468,3214.553965,2.852497,1,3,6,7,1.46626,0.031096
3217.704277,3220.555807,2.85153,1,3,6,6,1.46645,0.032619
3223.707731,3224.558738,0.851007,1,3,3,1,0.501712,0.033907
3227.7097,3230.561315,2.851615,1,3,6,5,1.46796,0.031548
3233.712286,3236.565786,2.8535,1,3,6,7,1.462793,0.032154
3239.716543,3242.569763,2.85322,1,3,6,6,1.465847,0.032063
3245.719367,3246.575195,0.855828,1,3,3,2,0.49938,0.039689
3249.721208,3252.573694,2.852486,1,3,6,5,1.461298,0.032595
3255.724468,3258.596649,2.872181,1,3,6,5,1.466154,0.032708
3261.727168,3264.589199,2.862031,1,3,6,2,1.456833,0.03257
3267.731133,3268.581098,0.849965,1,3,3,1,0.500971,0.033036
3271.733008,3274.619182,2.886174,1,3,6,5,1.462468,0.032543
3277.735885,3278.585562,0.849677,1,3,3,0,0.500396,0.033096
3281.738177,3284.590979,2.852802,1,3,6,3,1.461201,0.033019
3287.741707,3290.593159,2.851452,1,3,6,6,1.465978,0.032072
3293.744574,3294.594746,0.850172,1,3,3,1,0.500789,0.033034
3297.746755,3300.620506,2.873751,1,3,6,5,1.464025,0.032153
3303.749755,3306.603129,2.853374,1,3,6,3,1.462356,0.031495
3309.75272,3312.605974,2.853254,1,3,6,8,1.465124,0.032485
3315.756973,3316.606497,0.849524,1,3,3,3,0.500084,0.033918
3319.75817,3322.648138,2.889968,1,3,6,6,1.465822,0.031151
3325.762357,3328.625059,2.862702,1,3,6,8,1.463226,0.032523
3331.764969,3334.669257,2.904288,1,3,6,8,1.466721,0.032668
3337.768121,3338.617312,0.849191,1,3,3,0,0.501895,0.033153
3341.770183,3344.664077,2.893894,1,3,6,8,1.46722,0.032738
3347.773202,3350.627609,2.854407,1,3,6,8,1.46656,0.032606
3353.776713,3354.627042,0.850329,1,3,3,1,0.500979,0.0338
3357.778356,3360.655909,2.877553,1,3,6,8,1.467136,0.03245
3363.782314,3364.632647,0.850333,1,3,3,3,0.500032,0.033766
3367.783666,3368.635646,0.85198,1,3,3,0,0.502783,0.033051
3371.786585,3374.637836,2.851251,1,3,6,5,1.455914,0.032082
3377.788678,3380.641571,2.852893,1,3,6,5,1.465858,0.032134
3383.792273,3386.643886,2.851613,1,3,6,8,1.461069,0.032489
3389.795414,3392.652461,2.857047,1,3,6,6,1.466733,0.03171
3395.799418,3396.650154,0.850736,1,3,3,1,0.501848,0.034098
3399.801293,3402.679272,2.877979,1,3,6,6,1.466525,0.032609
3405.803277,3406.653029,0.849752,1,3,3,1,0.498233,0.033645
3409.804922,3412.660936,2.856014,1,3,6,5,1.467142,0.0312
3415.809198,3418.662004,2.852806,1,3,6,6,1.461627,0.03114
3421.812995,3424.665404,2.852409,1,3,6,2,1.463994,0.032602
3427.815716,3430.698553,2.882837,1,3,6,6,1.465979,0.032383
3433.81771,3434.667924,0.850214,1,3,3,0,0.500744,0.03362
3437.819812,3440.673273,2.853461,1,3,6,5,1.462163,0.032373
3443.824114,3446.675815,2.851701,1,3,6,5,1.466652,0.03164
3449.826701,3450.677349,0.850648,1,3,3,3,0.502036,0.03272
3453.828496,3456.696014,2.867518,1,3,6,8,1.466836,0.032618
3459.833177,3462.745242,2.912065,1,3,6,8,1.466789,0.032694
3465.834998,3466.711469,0.876471,1,3,3,2,0.501434,0.058951
3469.83729,3470.72543,0.88814,1,3,3,2,0.530991,0.041089
3471.838046,3472.731644,0.893598,1,1,3,1,0.543492,0.032876
3475.841282,3476.690943,0.849661,1,3,3,1,0.501352,0.03264
3479.84307,3482.695368,2.852298,1,3,6,3,1.461906,0.0311
3485.846107,3488.730944,2.884837,1,3,6,6,1.467949,0.032546
3491.848676,3492.700016,0.85134,1,3,3,0,0.50234,0.033562
3495.851034,3498.755352,2.904318,1,3,6,7,1.464468,0.03265
3501.853911,3504.706,2.852089,1,3,6,7,1.466571,0.032211
3507.858782,3510.711894,2.853112,1,3,6,5,1.465317,0.031711
3513.860747,3516.712921,2.852174,1,3,6,6,1.461388,0.032572
3519.862819,3520.714748,0.851929,1,3,3,1,0.501381,0.033988
3523.866273,3524.733696,0.867423,1,3,3,0,0.502023,0.049989
3527.868209,3530.728569,2.86036,1,3,6,8,1.46636,0.031838
3533.870525,3534.720884,0.850359,1,3,3,2,0.502533,0.033088
3537.872331,3540.734398,2.862067,1,3,6,8,1.467272,0.032067
3543.876561,3546.729134,2.852573,1,3,6,5,1.466005,0.032057
3549.878911,3550.729045,0.850134,1,3,3,2,0.500899,0.03318
3553.880581,3554.730644,0.850063,1,3,3,1,0.500526,0.033316
3557.884745,3560.76299,2.878245,1,3,6,6,1.46674,0.032383
3563.886822,3564.746575,0.859753,1,3,3,3,0.500985,0.042771
3567.889118,3570.773604,2.884486,1,3,6,8,1.464574,0.03559
3573.893044,3574.741756,0.848712,1,3,3,3,0.501515,0.033138
3577.894513,3580.755597,2.861084,1,3,6,8,1.465839,0.031902
3583.897121,3586.774306,2.877185,1,3,6,6,1.467264,0.032117
3589.900506,3590.750367,0.849861,1,3,3,2,0.500183,0.032772
3593.902426,3598.787507,4.885081,1,3,8,8,1.461639,0.032961
3601.90651,3604.758209,2.851699,1,3,6,5,1.46773,0.031006
3607.91046,3610.77507,2.86461,1,3,6,8,1.464989,0.032161
3613.913639,3616.783064,2.869425,1,3,6,5,1.45587,0.042219
3619.917332,3620.766667,0.849335,1,3,3,3,0.501966,0.032587
3623.91869,3624.767823,0.849133,1,3,3,0,0.499896,0.032194
3627.92132,3630.794799,2.873479,1,3,6,6,1.46262,0.032202
3633.923028,3634.77432,0.851292,1,3,3,3,0.500549,0.03409
3637.926045,3640.778803,2.852758,1,3,6,7,1.465784,0.032639
3643.928586,3646.791997,2.863411,1,3,6,3,1.462086,0.033183
3649.932055,3650.791796,0.859741,1,3,3,1,0.498905,0.043658
3653.934676,3656.812902,2.878226,1,3,6,8,1.466894,0.033086
3659.937434,3660.787428,0.849994,1,3,3,2,0.501759,0.033552
3663.939555,3664.789348,0.849793,1,3,3,3,0.500841,0.033044
3667.942187,3670.794598,2.852411,1,3,6,5,1.462693,0.032175
3673.945117,3676.839915,2.894798,1,3,6,8,1.466588,0.032798
3679.948353,3680.798078,0.849725,1,3,3,3,0.500723,0.032959
3683.951198,3686.819036,2.867838,1,3,6,8,1.465061,0.03182
3689.953411,3690.804868,0.851457,1,3,3,1,0.500955,0.034639
3693.955504,3696.808183,2.852679,1,3,6,5,1.465333,0.031892
3699.95883,3702.811119,2.852289,1,3,6,8,1.466895,0.032116
3705.961983,3706.81303,0.851047,1,3,3,0,0.501935,0.033237
3709.964277,3712.86544,2.901163,1,3,6,3,1.459331,0.035158
3715.967634,3718.834182,2.866548,1,3,6,7,1.466815,0.032591
3721.970671,3722.821013,0.850342,1,3,2,0,0.033337,0.033337
3725.972617,3728.84615,2.873533,1,3,6,7,1.466042,0.032121
3731.975484,3732.847436,0.871952,1,3,3,3,0.500262,0.054632
3735.977979,3738.850151,2.872172,1,3,6,5,1.461886,0.033091
3741.981062,3744.862773,2.881711,1,3,6,5,1.4591,0.034059
3747.984233,3748.834265,0.850032,1,3,3,3,0.501108,0.033108
3751.986089,3754.866944,2.880855,1,3,6,6,1.46562,0.03176
3757.98899,3760.84196,2.85297,1,3,6,7,1.461966,0.03164
3763.992916,3766.848273,2.855357,1,3,6,3,1.461374,0.032737
3769.994997,3772.851051,2.856054,1,3,6,5,1.467848,0.031985
3775.998631,3778.888273,2.889642,1,3,6,5,1.466278,0.032122
3782.001675,3784.89184,2.890165,1,3,6,6,1.465659,0.033016
3788.003745,3788.853841,0.850096,1,3,3,2,0.500662,0.033135
3792.006622,3794.878813,2.872191,1,3,6,4,1.463579,0.032527
3798.010825,3800.862077,2.851252,1,3,6,8,1.458752,0.03165
3804.01263,3806.866857,2.854227,1,3,6,5,1.4643,0.032033
3810.016694,3812.918302,2.901608,1,3,6,2,1.462875,0.033713
3816.020128,3820.90947,4.889342,1,3,9,8,1.466736,0.032182
3824.023395,3826.93826,2.914865,1,3,6,8,1.467337,0.03156
3830.026947,3830.877255,0.850308,1,3,3,2,0.500053,0.034062
3834.028831,3836.882072,2.853241,1,3,6,6,1.465361,0.032062
3840.03244,3842.908947,2.876507,1,3,6,8,1.466772,0.032228
3846.035735,3848.889047,2.853312,1,3,6,3,1.461175,0.032064
3852.038372,3854.914305,2.875933,1,3,6,8,1.465986,0.031364
3858.041339,3860.895148,2.853809,1,3,6,4,1.462031,0.033052
3864.044948,3866.931554,2.886606,1,3,6,8,1.461151,0.031614
3870.047526,3870.897538,0.850012,1,3,3,3,0.501171,0.033063
3874.049829,3874.914453,0.864624,1,3,3,1,0.501595,0.047102
3878.05262,3878.903241,0.850621,1,3,3,3,0.501465,0.033176
3882.055185,3884.952119,2.896934,1,3,6,6,1.466163,0.032131
3888.057546,3888.908478,0.850932,1,3,3,1,0.501969,0.0341
3892.060334,3892.913086,0.852752,1,3,3,3,0.501205,0.034896
3896.063029,3898.918888,2.855859,1,3,6,4,1.461578,0.032844
3902.065408,3904.917866,2.852458,1,3,6,6,1.465695,0.031655
3908.068639,3910.972975,2.904336,1,3,6,8,1.466698,0.03255
3914.072221,3916.947872,2.875651,1,3,6,6,1.465599,0.032102
3920.074118,3920.924944,0.850826,1,3,3,1,0.502933,0.033008
3924.076432,3926.950965,2.874533,1,3,6,8,1.468321,0.031782
3930.080796,3932.933344,2.852548,1,3,6,3,1.42108,0.03163
3936.082639,3936.933351,0.850712,1,3,3,1,0.501388,0.033647
3940.085314,3942.937856,2.852542,1,3,6,6,1.465099,0.031759
3946.087916,3946.938225,0.850309,1,3,3,3,0.499865,0.033699
3950.089604,3953.98741,3.897806,1,3,7,2,1.460792,0.033558
3956.094123,3958.956955,2.862832,1,3,6,5,1.468261,0.031205
3962.096418,3962.946925,0.850507,1,3,3,0,0.501977,0.033067
3966.098824,3966.948943,0.850119,1,3,3,3,0.500415,0.033829
3970.100871,3973.000192,2.899321,1,3,6,6,1.467069,0.032106
3976.104006,3976.954149,0.850143,1,3,3,0,0.500403,0.033262
3980.106594,3982.983711,2.877117,1,3,6,2,1.46149,0.033094
3986.108896,3988.96218,2.853284,1,3,6,8,1.467121,0.031085
3992.112696,3994.967564,2.854868,1,3,6,5,1.464867,0.032332
3998.115527,3998.965686,0.850159,1,3,3,2,0.501694,0.032967
4002.117889,4004.970481,2.852592,1,3,6,7,1.462874,0.03164
4008.121533,4011.010096,2.888563,1,3,6,2,1.457278,0.033583
4014.12335,4016.975482,2.852132,1,3,6,8,1.463082,0.031618
4020.127968,4020.978731,0.850763,1,3,3,3,0.502321,0.033178
4024.129562,4026.992563,2.863001,1,3,6,5,1.461855,0.033203
4030.132967,4032.984629,2.851662,1,3,6,2,1.461812,0.032283
4036.136211,4036.987235,0.851024,1,3,3,3,0.502214,0.03408
4040.137852,4043.016301,2.878449,1,3,6,8,1.462686,0.031578
4046.140698,4046.990309,0.849611,1,3,3,1,0.50124,0.032885
4050.143062,4053.026796,2.883734,1,3,6,8,1.462806,0.036054
4056.147119,4059.034525,2.887406,1,3,6,4,1.458975,0.034104
4062.148744,4063.000181,0.851437,1,3,3,2,0.501133,0.034118
4066.150557,4067.000801,0.850244,1,3,3,3,0.501269,0.033067
4070.153824,4073.056883,2.903059,1,3,6,7,1.468886,0.032087
4076.156586,4077.00772,0.851134,1,3,3,0,0.502194,0.033436
4080.158572,4083.025737,2.867165,1,3,6,6,1.466216,0.031817
4086.162903,4089.048938,2.886035,1,3,6,5,1.454019,0.040725
4092.165014,4093.01505,0.850036,1,3,3,1,0.500948,0.032986
4096.166566,4099.068153,2.901587,1,3,6,6,1.442779,0.050901
4102.170166,4103.02839,0.858224,1,3,3,2,0.501147,0.0411
4106.171924,4109.068116,2.896192,1,3,6,2,1.460935,0.033176
4112.175333,4115.04721,2.871877,1,3,6,7,1.466326,0.032699
4118.179962,4121.032937,2.852975,1,3,6,2,1.461256,0.032114
4124.182151,4127.057157,2.875006,1,3,6,3,1.463781,0.032736
4130.185006,4133.037752,2.852746,1,3,6,5,1.455291,0.031727
4136.188784,4137.038301,0.849517,1,3,3,3,0.49972,0.033151
4140.190861,4143.082411,2.89155,1,3,6,7,1.466066,0.031612
4146.194105,4147.061713,0.867608,1,3,3,3,0.500288,0.051592
4150.192322,4151.041883,0.849561,1,3,3,1,0.500935,0.033583
4154.198258,4157.048755,2.850497,1,3,6,7,1.464586,0.032219
4160.200719,4163.053834,2.853115,1,3,6,6,1.458475,0.032803
4166.204401,4169.091184,2.886783,1,3,6,5,1.455522,0.042593
4172.207756,4173.058315,0.850559,1,3,3,3,0.502418,0.03306
4176.209484,4177.060041,0.850557,1,3,3,1,0.501878,0.033089
4180.212844,4183.116086,2.903242,1,3,6,5,1.456942,0.041178
4186.215212,4189.069101,2.853889,1,3,6,7,1.460962,0.032363
4192.218133,4193.068478,0.850345,1,3,3,3,0.501944,0.033516
4196.221118,4199.116125,2.895007,1,3,6,6,1.467637,0.031157
4202.224034,4203.084877,0.860843,1,3,3,1,0.498788,0.045287
4206.225612,4209.119627,2.894015,1,3,6,7,1.465976,0.031117
4212.22876,4215.122711,2.893951,1,3,6,8,1.465963,0.031804
4218.231708,4219.084117,0.852409,1,3,3,1,0.501875,0.03464
4222.233515,4225.084768,2.851253,1,3,6,6,1.462045,0.031426
4228.237331,4231.095588,2.858257,1,3,6,3,1.457785,0.032611
4234.2404,4235.098008,0.857608,1,3,3,0,0.500474,0.040401
4238.242311,4241.12207,2.879759,1,3,6,6,1.467639,0.033234
4244.246046,4245.096018,0.849972,1,3,3,3,0.500954,0.033687
4248.247204,4251.101175,2.853971,1,3,6,7,1.453644,0.032248
4254.250008,4257.136175,2.886167,1,3,6,8,1.462223,0.032093
4260.253416,4261.104101,0.850685,1,3,3,3,0.501329,0.033062
4264.255608,4267.144699,2.889091,1,3,6,2,1.463596,0.033199
4270.259184,4271.108973,0.849789,1,3,3,2,0.501133,0.033081
4274.260703,4275.115911,0.855208,1,3,3,1,0.501905,0.038081
4278.26393,4281.138502,2.874572,1,3,6,6,1.46592,0.033055
4284.266703,4287.119355,2.852652,1,3,6,6,1.46024,0.032188
4290.268762,4291.119614,0.850852,1,3,3,0,0.502523,0.033601
4294.271946,4297.169637,2.897691,1,3,6,5,1.467293,0.032343
4300.275294,4301.152392,0.877098,1,3,3,3,0.501787,0.06015
4304.277121,4307.14041,2.863289,1,3,6,3,1.460982,0.033603
4310.280457,4313.140539,2.860082,1,3,6,6,1.440163,0.040499
4316.283149,4319.157042,2.873893,1,3,6,6,1.464791,0.032606
4322.33175,4325.147282,2.815532,1,3,6,8,1.466012,0.033006
4328.28969,4331.142537,2.852847,1,3,6,8,1.46574,0.032062
4334.292841,4337.145876,2.853035,1,3,6,7,1.465085,0.032152
4340.295864,4343.147797,2.851933,1,3,6,6,1.467726,0.03179
4346.299925,4349.168962,2.869037,1,3,6,3,1.462441,0.033592
4352.302597,4355.183379,2.880782,1,3,6,5,1.461841,0.032056
4358.306644,4359.164582,0.857938,1,3,3,1,0.501094,0.041867
4362.307639,4363.160648,0.853009,1,3,3,3,0.499919,0.036104
4366.309719,4369.182953,2.873234,1,3,6,6,1.465988,0.032075
4372.313129,4373.186379,0.87325,1,3,3,0,0.502411,0.055551
4376.315528,4377.166244,0.850716,1,3,3,3,0.502271,0.03358
4380.317268,4383.169379,2.852111,1,3,6,4,1.460742,0.032226
4386.320974,4389.173955,2.852981,1,3,6,6,1.465743,0.03207
4392.32399,4395.212979,2.888989,1,3,6,6,1.408954,0.069949
4398.326868,4401.179842,2.852974,1,3,6,2,1.462768,0.032397
4404.329879,4407.204781,2.874902,1,3,6,7,1.46562,0.032291
4410.333412,4411.182765,0.849353,1,3,3,0,0.499604,0.034379
4414.334628,4417.234503,2.899875,1,3,6,8,1.46504,0.032211
4420.339684,4421.189624,0.84994,1,3,3,1,0.50062,0.034081
4424.340511,4427.242407,2.901896,1,3,6,5,1.465428,0.033229
4430.344423,4431.194478,0.850055,1,3,3,3,0.501588,0.033797
4434.345693,4437.22,2.874307,1,3,6,8,1.434031,0.055136
4440.349988,4441.200289,0.850301,1,3,3,3,0.499834,0.034678
4444.351778,4447.235131,2.883353,1,3,6,7,1.468084,0.032078
4450.353491,4453.204348,2.850857,1,3,6,5,1.466383,0.031538
4456.358147,4459.211232,2.853085,1,3,6,6,1.465118,0.032154
4462.359901,4463.211614,0.851713,1,3,3,1,0.501486,0.034074
4466.36185,4469.214015,2.852165,1,3,6,8,1.467184,0.032121
4472.36569,4475.257127,2.891437,1,3,6,8,1.465202,0.032675
4478.368735,4479.21909,0.850355,1,3,3,1,0.500933,0.033069
4482.370582,4485.254755,2.884173,1,3,6,8,1.466784,0.032897
4488.373174,4489.223517,0.850343,1,3,3,2,0.50189,0.032763
4492.376708,4495.259749,2.883041,1,3,6,8,1.466725,0.032031
4498.379432,4499.228223,0.848791,1,3,3,1,0.501391,0.03265
4502.381621,4505.292277,2.910656,1,3,6,3,1.460647,0.034166
4508.384819,4511.235616,2.850797,1,3,6,6,1.465973,0.032309
4514.388171,4517.241264,2.853093,1,3,6,5,1.460619,0.032141
4520.387173,4523.293075,2.905902,1,3,6,5,1.4669,0.033072
4526.393409,4529.247192,2.853783,1,3,6,8,1.466779,0.031631
4532.397748,4535.262641,2.864893,1,3,6,5,1.465723,0.032076
4538.401035,4541.253474,2.852439,1,3,6,5,1.468085,0.032177
4544.403085,4547.262724,2.859639,1,3,6,3,1.456381,0.033656
4550.407758,4553.273043,2.865285,1,3,6,8,1.46629,0.032188
4556.409351,4557.259639,0.850288,1,3,3,3,0.50022,0.033114
4560.411538,4563.27689,2.865352,1,3,6,8,1.465295,0.032662
4566.415823,4567.287843,0.87202,1,3,3,0,0.500954,0.055309
4570.417309,4571.26778,0.850471,1,3,3,3,0.502211,0.03318
4574.419197,4575.270586,0.851389,1,3,3,3,0.500147,0.034275
4578.421252,4581.293664,2.872412,1,3,6,8,1.466882,0.031994
4584.424733,4587.312084,2.887351,1,3,6,5,1.46508,0.032541
4590.427487,4593.280771,2.853284,1,3,6,5,1.462278,0.032069
4596.430883,4599.330312,2.899429,1,3,6,5,1.461827,0.03227
4602.435235,4605.29484,2.859605,1,3,6,6,1.465549,0.03163
4608.437111,4611.288219,2.851108,1,3,6,6,1.466299,0.031317
4614.440927,4615.291055,0.850128,1,3,3,3,0.50006,0.033944
4618.442564,4619.293255,0.850691,1,3,3,3,0.501646,0.032606
4622.444493,4625.323542,2.879049,1,3,6,6,1.467185,0.032298
4628.447836,4629.298723,0.850887,1,1,4,1,0.500471,0.034534
4632.44975,4633.30172,0.85197,1,3,3,3,0.502841,0.033178
4636.451676,4639.303201,2.851525,1,3,6,2,1.462268,0.032103
4642.455422,4645.307669,2.852247,1,3,6,2,1.46024,0.031527
4648.458107,4651.345673,2.887566,1,3,6,7,1.462889,0.032231
4654.461589,4657.315257,2.853668,1,3,6,8,1.462355,0.032057
4660.465175,4663.318085,2.85291,1,3,6,3,1.461529,0.03292
4666.467986,4669.32018,2.852194,1,3,6,8,1.461722,0.03171
4672.471025,4675.322571,2.851546,1,3,6,8,1.459041,0.031606
4678.474664,4681.349349,2.874685,1,3,6,8,1.467082,0.03162
4684.477737,4685.327731,0.849994,1,3,3,0,0.50074,0.033098
4688.479188,4689.328949,0.849761,1,3,3,0,0.501233,0.033212
4692.482294,4695.358018,2.875724,1,3,6,8,1.467793,0.032059
4698.485285,4699.334584,0.849299,1,3,3,3,0.501994,0.033102
4702.486877,4705.374246,2.887369,1,3,6,5,1.462081,0.032714
4708.490376,4711.362983,2.872607,1,3,6,5,1.461153,0.032559
4714.493462,4715.343028,0.849566,1,3,3,3,0.501003,0.033072
4718.495164,4721.389338,2.894174,1,3,6,6,1.46649,0.031902
4724.498496,4725.353163,0.854667,1,3,3,1,0.50024,0.038606
4728.500925,4731.353069,2.852144,1,3,6,7,1.465184,0.032036
4734.504021,4737.394295,2.890274,1,3,6,8,1.468363,0.032764
4740.507093,4743.391019,2.883926,1,3,6,6,1.467222,0.03208
4746.510161,4747.361094,0.850933,1,3,3,2,0.501984,0.033774
4750.511762,4753.396184,2.884422,1,3,6,5,1.46739,0.032011
4756.515736,4757.366291,0.850555,1,3,3,1,0.501608,0.033113
4760.517232,4763.372089,2.854857,1,3,6,5,1.465807,0.031289
4766.520725,4769.398488,2.877763,1,3,6,6,1.475816,0.032816
4772.524653,4773.374752,0.850099,1,3,3,1,0.501171,0.033048
4776.526574,4779.378484,2.85191,1,3,6,8,1.460784,0.031705
4782.528426,4785.385808,2.857382,1,3,6,6,1.468241,0.03209
4788.533739,4791.38661,2.852871,1,3,6,5,1.462358,0.032575
4794.535449,4797.386627,2.851178,1,3,6,6,1.465741,0.031637
4800.538364,4803.391808,2.853444,1,3,6,8,1.465085,0.032588
4806.542125,4809.394193,2.852068,1,3,6,6,1.467284,0.03213
4812.54518,4813.394994,0.849814,1,3,3,3,0.50135,0.032721
4816.545804,4817.396009,0.850205,1,3,3,2,0.498442,0.034107
4820.548986,4823.439947,2.890961,1,2,6,6,1.465515,0.03157
4826.55206,4827.402889,0.850829,1,3,3,3,0.499881,0.034178
4830.554575,4833.407604,2.853029,1,3,6,6,1.450887,0.032045
4836.558845,4839.427076,2.868231,1,3,6,8,1.463316,0.031662
4842.560426,4843.410246,0.84982,1,3,3,1,0.500968,0.032792
4846.562555,4849.440467,2.877912,1,3,6,7,1.466376,0.032589
4852.566334,4853.416716,0.850382,1,3,3,3,0.501125,0.033154
4856.568665,4859.421671,2.853006,1,3,6,7,1.465847,0.032191
4862.570421,4865.423168,2.852747,1,3,6,5,1.460797,0.032649
4868.575059,4871.440413,2.865354,1,3,6,8,1.466621,0.032627
4874.578294,4875.444281,0.865987,1,3,3,3,0.500927,0.049313
4878.579085,4881.473171,2.894086,1,3,6,8,1.466548,0.033032
4884.583084,4885.43243,0.849346,1,3,3,2,0.502016,0.032587
4888.585369,4889.439425,0.854056,1,3,3,0,0.502232,0.037367
4892.586072,4895.439065,2.852993,1,3,6,3,1.461811,0.032115
4898.589805,4901.441789,2.851984,1,3,6,5,1.462808,0.031608
4904.594593,4905.443714,0.849121,1,3,3,1,0.500427,0.033067
4908.595807,4911.48152,2.885713,1,3,6,6,1.466026,0.03178
4914.59705,4915.447638,0.850588,1,3,3,3,0.500458,0.033106
4918.600911,4921.487954,2.887043,1,3,6,5,1.464798,0.033097
4924.604149,4927.456425,2.852276,1,3,6,8,1.462737,0.031561
4930.606213,4933.457605,2.851392,1,3,6,8,1.460923,0.031259
4936.610316,4939.493255,2.882939,1,3,6,7,1.466657,0.032671
4942.613702,4943.463751,0.850049,1,3,3,3,0.501098,0.033507
4946.615493,4949.522632,2.907139,1,3,6,5,1.466632,0.032643
4952.618029,4955.478488,2.860459,1,3,6,6,1.466351,0.033101
4958.621694,4961.474752,2.853058,1,3,6,7,1.465357,0.031631
4964.625815,4965.487134,0.861319,1,3,3,3,0.500838,0.045331
4968.627692,4971.480617,2.852925,1,3,6,8,1.464167,0.03171
4974.629055,4977.518763,2.889708,1,3,6,5,1.467282,0.031685
4980.634007,4981.493143,0.859136,1,3,3,1,0.501324,0.042586
4984.635509,4987.535214,2.899705,1,3,6,5,1.46186,0.033024
4990.637923,4993.490397,2.852474,1,3,6,3,1.461689,0.033138
4996.642312,4999.552215,2.909903,1,3,6,8,1.464414,0.032622
5002.644625,5003.494245,0.84962,1,3,3,0,0.501354,0.032605
5006.645648,5009.541364,2.895716,1,3,6,7,1.466928,0.031588
5012.650532,5013.500238,0.849706,1,3,3,3,0.499995,0.03254
5016.653016,5019.508694,2.855678,1,3,6,6,1.464775,0.032029
5022.655408,5025.514964,2.859556,1,3,6,8,1.46231,0.031689
5028.659231,5029.508892,0.849661,1,3,3,0,0.499904,0.034116
5032.661123,5035.513415,2.852292,1,3,6,8,1.461939,0.032511
5038.662826,5041.51609,2.853264,1,3,6,6,1.467846,0.032099
5044.667364,5047.51968,2.852316,1,3,6,6,1.45889,0.032052
5050.66995,5053.537033,2.867083,1,3,6,8,1.466142,0.032153
5056.672722,5057.524248,0.851526,1,3,3,0,0.502516,0.033188
5060.676364,5061.527442,0.851078,1,3,3,1,0.488862,0.034568
5064.677781,5067.552551,2.87477,1,3,6,5,1.465871,0.031658
5070.680337,5071.530859,0.850522,1,3,3,0,0.501646,0.033772
5074.682584,5077.561356,2.878772,1,3,6,8,1.466512,0.033124
5080.685606,5083.539497,2.853891,1,3,6,5,1.46231,0.032116
5086.689277,5089.542637,2.85336,1,3,6,6,1.455023,0.03196
5092.691991,5095.564745,2.872754,1,3,6,7,1.468415,0.032039
5098.69523,5099.545536,0.850306,1,3,3,1,0.50103,0.033637
5102.69677,5105.594096,2.897326,1,3,6,2,1.459756,0.032803
5108.700738,5109.551076,0.850338,1,3,3,2,0.499976,0.033104
5112.702894,5113.552964,0.85007,1,3,3,1,0.501385,0.032719
5116.704916,5119.599165,2.894249,1,3,6,8,1.466881,0.03171
5122.707912,5125.575321,2.867409,1,3,6,6,1.466838,0.03184
5128.711452,5129.562082,0.85063,1,3,3,2,0.502367,0.033199
5132.712592,5135.616306,2.903714,1,3,6,8,1.466912,0.032072
5138.716433,5141.571971,2.855538,1,3,6,6,1.466347,0.032478
5144.719392,5145.596607,0.877215,1,3,2,0,0.555898,0.555898
5148.721965,5151.57439,2.852425,1,3,6,3,1.460024,0.032224
5154.723638,5157.577175,2.853537,1,3,6,5,1.466851,0.031819
5160.727935,5163.580998,2.853063,1,3,6,6,1.465373,0.032391
5166.73106,5167.580684,0.849624,1,3,3,1,0.50032,0.033536
5170.732849,5171.582652,0.849803,1,3,3,0,0.500526,0.033575
5174.736156,5177.621579,2.885423,1,3,6,6,1.465007,0.035086
5180.738859,5181.588433,0.849574,1,3,3,2,0.499955,0.034548
5184.739945,5187.612329,2.872384,1,3,6,5,1.465017,0.032467
5190.74382,5191.604282,0.860462,1,3,3,0,0.500232,0.043525
5194.745563,5197.610335,2.864772,1,3,6,7,1.466017,0.033057
5200.748491,5201.623678,0.875187,1,3,3,0,0.503322,0.057782
5204.751411,5207.607816,2.856405,1,3,6,5,1.466562,0.032161
5210.754381,5213.628301,2.87392,1,3,6,5,1.461237,0.032882
5216.757346,5219.608582,2.851236,1,3,6,8,1.466559,0.032153
5222.760877,5225.613418,2.852541,1,3,6,6,1.467929,0.032058
5228.763734,5229.612864,0.84913,1,3,3,3,0.499949,0.033177
5232.76573,5235.617256,2.851526,1,3,6,6,1.465857,0.032102
5238.76916,5239.619625,0.850465,1,3,3,1,0.501241,0.033173
5242.770991,5245.624846,2.853855,1,3,6,8,1.464048,0.03265
5248.773036,5251.63791,2.864874,1,3,6,4,1.463503,0.033058
5254.777906,5255.630532,0.852626,1,3,3,2,0.501043,0.035555
5258.77955,5261.660693,2.881143,1,3,6,8,1.467038,0.031483
5264.783099,5267.63539,2.852291,1,3,6,8,1.462825,0.032619
5270.78582,5271.636037,0.850217,1,3,3,2,0.498835,0.033572
5274.788413,5277.670779,2.882366,1,3,6,8,1.466709,0.032059
5280.791521,5283.68296,2.891439,1,3,6,6,1.46095,0.037016
5286.794327,5287.644129,0.849802,1,3,3,1,0.500598,0.033588
5290.796505,5295.691031,4.894526,1,3,7,5,1.965504,0.033135
5298.800294,5299.65106,0.850766,1,3,3,2,0.500935,0.033791
5302.803742,5305.690932,2.88719,1,3,6,6,1.454212,0.044303
5308.806045,5311.659679,2.853634,1,3,6,6,1.466112,0.032092
5314.80808,5315.659047,0.850967,1,3,3,3,0.501404,0.033822
5318.811419,5431.975597,113.164178,1,3,171,2,1.24858,0.10121
5434.872099,5548.035837,113.163738,1,3,171,2,1.248536,0.101299
5550.933138,5664.098547,113.165409,1,3,171,2,1.247999,0.102502
5666.993734,5780.160178,113.166444,1,3,171,1,1.272352,0.101888
5783.05527,5896.220158,113.164888,1,3,171,3,1.247784,0.101549
5899.116651,5996.266695,97.150044,1,3,147,3,1.249626,0.095816
5999.168342,6112.333642,113.1653,1,3,171,3,1.249657,0.102894
6115.230029,6116.080346,0.850317,1,3,3,2,0.500399,0.034589
6119.232203,6122.099014,2.866811,1,3,6,8,1.466228,0.03258
6125.234605,6128.088024,2.853419,1,3,6,2,1.461523,0.032478
6131.237408,6136.131193,4.893785,1,3,8,8,1.472282,0.052921
6139.242404,6142.096234,2.85383,1,3,6,7,1.460293,0.032571
6145.24554,6146.094679,0.849139,1,3,3,2,0.499985,0.032861
6149.247302,6152.099375,2.852073,1,3,6,3,1.462257,0.030849
6155.251041,6158.118231,2.86719,1,3,6,5,1.448701,0.048189
6161.253126,6164.12751,2.874384,1,3,6,5,1.467109,0.032823
6167.25681,6168.106909,0.850099,1,3,3,2,0.501119,0.033882
6171.258917,6174.133878,2.874961,1,3,6,8,1.447275,0.050945
6177.261602,6178.111771,0.850169,1,3,3,0,0.500754,0.033299
6181.265151,6184.118572,2.853421,1,3,6,8,1.459696,0.032086
6187.267608,6190.159608,2.892,1,3,6,6,1.462522,0.032969
6193.270433,6194.121231,0.850798,1,3,3,3,0.50068,0.033659
6197.272101,6200.162598,2.890497,1,3,6,6,1.46557,0.03259
6203.275819,6206.128369,2.85255,1,3,6,5,1.461927,0.032189
6209.278261,6212.132297,2.854036,1,3,6,6,1.459939,0.032852
6215.283201,6216.131845,0.848644,1,3,3,0,0.500623,0.033045
6219.284633,6222.137023,2.85239,1,3,6,3,1.462475,0.032892
6225.286784,6228.139257,2.852473,1,3,6,4,1.462869,0.032169
6231.29075,6234.143401,2.852651,1,3,6,2,1.462135,0.032091
6237.293657,6238.14491,0.851253,1,3,3,1,0.501025,0.033535
6241.295333,6244.146637,2.851304,1,3,6,8,1.467372,0.03268
6247.298887,6250.152197,2.85331,1,3,6,8,1.466794,0.032133
6253.302749,6254.152645,0.849896,1,3,3,2,0.501113,0.033856
6257.304366,6260.201167,2.896801,1,3,6,8,1.467552,0.032244
6263.307183,6266.159142,2.851959,1,3,6,6,1.450394,0.032567
6269.310198,6272.199832,2.889634,1,3,6,6,1.465653,0.032341
6275.313354,6278.180788,2.867434,1,3,6,5,1.464117,0.032649
6281.317002,6284.16964,2.852638,1,3,6,3,1.457169,0.032171
6287.319243,6290.188972,2.869729,1,3,6,8,1.466034,0.031733
6293.323821,6296.187313,2.863492,1,3,6,2,1.461998,0.032856
6299.326924,6302.197596,2.870672,1,3,6,6,1.465938,0.031681
6305.328903,6306.195403,0.8665,1,3,3,3,0.501116,0.05037
6309.331999,6312.192718,2.860719,1,3,6,3,1.460917,0.032606
6315.335184,6316.185178,0.849994,1,3,3,1,0.500619,0.033598
6319.33642,6322.232329,2.895909,1,3,6,8,1.460963,0.032092
6325.340534,6328.218745,2.878211,1,3,6,7,1.46804,0.032071
6331.342695,6334.194295,2.8516,1,3,6,6,1.465096,0.031641
6337.345974,6340.199195,2.853221,1,3,6,8,1.459709,0.03119
6343.34927,6344.199235,0.849965,1,3,3,1,0.501931,0.032721
6347.350669,6350.228338,2.877669,1,3,6,6,1.461497,0.031757
6353.354191,6356.205778,2.851587,1,3,6,8,1.46679,0.032848
6359.357317,6362.210339,2.853022,1,3,6,8,1.465467,0.032079
6365.361234,6368.228888,2.867654,1,3,6,5,1.459543,0.032717
6371.363838,6372.238767,0.874929,1,3,3,1,0.502426,0.057625
6375.366817,6378.24635,2.879533,1,3,6,3,1.463067,0.033191
6381.369172,6384.223671,2.854499,1,3,6,8,1.466718,0.032071
6387.372421,6390.225054,2.852633,1,3,6,2,1.460026,0.033115
6393.37566,6394.225544,0.849884,1,3,3,1,0.501635,0.033089
6397.37735,6400.228992,2.851642,1,3,6,7,1.461507,0.031605
6403.380601,6406.245254,2.864653,1,3,6,8,1.459766,0.034188
6409.384266,6410.234211,0.849945,1,3,3,1,0.500109,0.034046
6413.385653,6416.294092,2.908439,1,3,6,8,1.461993,0.032087
6419.388032,6420.239494,0.851462,1,3,3,1,0.502417,0.034043
6423.391452,6424.240992,0.84954,1,3,3,1,0.501409,0.033012
6427.393944,6430.254043,2.860099,1,3,6,7,1.466863,0.031247
6433.397318,6434.246928,0.84961,1,3,3,3,0.501888,0.032731
6437.398866,6440.252304,2.853438,1,3,6,5,1.461892,0.032035
6443.402178,6446.298509,2.896331,1,3,6,4,1.458928,0.033865
6449.403735,6450.254561,0.850826,1,3,3,3,0.501976,0.032915
6453.407618,6456.28861,2.880992,1,3,6,8,1.46833,0.031749
6459.409743,6462.262572,2.852829,1,3,6,5,1.446108,0.032179
6465.412369,6466.263926,0.851557,1,3,3,3,0.503112,0.032428
6469.416194,6472.297126,2.880932,1,3,6,6,1.45829,0.040764
6475.417748,6478.294684,2.876936,1,3,6,8,1.466001,0.032523
6481.42117,6482.271218,0.850048,1,3,3,2,0.500018,0.033957
6485.424424,6488.278635,2.854211,1,3,6,8,1.463691,0.035059
6491.427237,6492.277516,0.850279,1,3,3,3,0.500968,0.034487
6495.429312,6498.304859,2.875547,1,3,6,7,1.465818,0.032076
6501.433243,6502.283386,0.850143,1,3,3,1,0.501126,0.033458
6505.43481,6506.330068,0.895258,1,3,3,2,0.521922,0.058166
6507.435734,6604.756444,97.32071,1,2,145,3,1.98716,0.175803
6607.487963,6610.339559,2.851596,1,3,6,3,1.456041,0.032064
6613.492304,6616.361627,2.869323,1,3,6,5,1.460536,0.03449
6619.494373,6620.345839,0.851466,1,3,3,3,0.501692,0.034207
6623.496497,6626.364226,2.867729,1,3,6,8,1.466956,0.032159
6629.499338,6630.357128,0.85779,1,3,3,3,0.50104,0.040045
6633.501271,6636.371546,2.870275,1,3,5,4,1.461455,0.033134
6639.504956,6642.356494,2.851538,1,3,6,8,1.461412,0.032513
6645.509147,6648.371107,2.86196,1,3,6,3,1.463815,0.033022
6651.51105,6654.364368,2.853318,1,3,6,5,1.459482,0.031299
6657.514062,6660.365526,2.851464,1,3,6,6,1.466297,0.0316
6663.516944,6664.368034,0.85109,1,3,3,2,0.50185,0.032487
6667.519559,6670.379928,2.860369,1,3,6,8,1.466863,0.03212
6673.521632,6676.375709,2.854077,1,3,6,3,1.459305,0.033067
6679.525516,6680.376519,0.851003,1,3,3,0,0.501731,0.033175
6683.527939,6686.4089,2.880961,1,3,6,6,1.452495,0.046904
6689.530383,6690.414091,0.883708,1,3,3,3,0.502104,0.065601
6693.533287,6696.408128,2.874841,1,3,6,3,1.459544,0.0332
6699.536728,6702.388194,2.851466,1,3,6,4,1.464328,0.03214
6705.539041,6706.389292,0.850251,1,3,3,1,0.500446,0.033369
6709.541749,6712.430283,2.888534,1,3,6,3,1.461144,0.033895
6715.544952,6718.396698,2.851746,1,3,6,8,1.467272,0.031779
6721.547863,6722.398411,0.850548,1,3,3,2,0.50267,0.032998
6725.551373,6728.459335,2.907962,1,3,6,8,1.461616,0.031507
6731.552537,6734.405255,2.852718,1,3,6,8,1.45541,0.032027
6737.55554,6740.456744,2.901204,1,3,6,3,1.459056,0.033063
6743.56005,6746.41215,2.8521,1,3,6,8,1.466264,0.031477
6749.561699,6752.445172,2.883473,1,3,6,5,1.465325,0.033455
6755.564454,6756.446279,0.881825,1,3,3,3,0.500875,0.065115
6759.56817,6762.473852,2.905682,1,3,6,3,1.460958,0.033038
6765.570737,6766.420302,0.849565,1,3,3,2,0.500903,0.033308
6769.572441,6772.467733,2.895292,1,3,6,7,1.508938,0.033
6775.5768,6776.427246,0.850446,1,3,3,3,0.501236,0.033894
6779.578121,6782.453554,2.875433,1,3,6,8,1.465825,0.032077
6785.58098,6788.43265,2.85167,1,3,6,8,1.464928,0.031606
6791.585485,6794.437113,2.851628,1,3,6,5,1.464177,0.032199
6797.58741,6800.439909,2.852499,1,3,6,4,1.460457,0.032248
6803.589929,6806.443225,2.853296,1,3,6,6,1.461175,0.032612
6809.593734,6812.445809,2.852075,1,3,5,3,1.468457,0.032111
6815.597514,6816.446794,0.84928,1,3,3,3,0.50016,0.033061
6819.598595,6822.452155,2.85356,1,3,6,8,1.465938,0.032154
6825.602523,6828.454358,2.851835,1,3,6,5,1.462215,0.032374
6831.605025,6834.482496,2.877471,1,3,6,6,1.46091,0.031165
6837.609237,6840.497643,2.888406,1,3,6,5,1.461291,0.032552
6843.611958,6846.468915,2.856957,1,3,6,8,1.468974,0.032267
6849.615121,6850.466618,0.851497,1,3,3,3,0.502299,0.033545
6853.617973,6856.469111,2.851138,1,3,6,7,1.459519,0.031505
6859.619621,6860.470889,0.851268,1,3,3,3,0.499274,0.034091
6863.622286,6864.472921,0.850635,1,3,3,3,0.500904,0.033956
6867.6235,6870.51451,2.89101,1,3,6,6,1.463418,0.032053
6873.627614,6874.477439,0.849825,1,3,3,1,0.502308,0.032653
6877.629373,6880.482396,2.853023,1,3,6,3,1.461586,0.032604
6883.632567,6886.484572,2.852005,1,3,6,8,1.461531,0.03243
6889.636278,6892.489076,2.852798,1,3,6,5,1.461674,0.032373
6895.638518,6896.501597,0.863079,1,3,3,1,0.502685,0.045534
6899.641446,6902.494637,2.853191,1,3,6,2,1.459249,0.033106
6905.644146,6906.49442,0.850274,1,3,3,1,0.501149,0.032897
6909.646457,6912.536922,2.890465,1,3,6,5,1.465245,0.032185
6915.649323,6918.502874,2.853551,1,3,6,7,1.467979,0.032028
6921.65293,6922.503718,0.850788,1,3,3,2,0.501767,0.034246
6925.655375,6926.518425,0.86305,1,3,3,2,0.500948,0.046491
6929.656871,6932.513223,2.856352,1,3,6,8,1.450338,0.036144
6935.659787,6936.50932,0.849533,1,3,3,3,0.500816,0.032586
6939.662818,6942.547448,2.88463,1,3,6,6,1.466808,0.034127
6945.666236,6946.533313,0.867077,1,3,3,4,0.519728,0.032268
6949.668792,6952.529822,2.86103,1,3,6,7,1.456067,0.031582
6955.670617,6958.549391,2.878774,1,3,6,8,1.466762,0.03249
6961.67352,6962.527527,0.854007,1,3,3,0,0.501972,0.036796
6965.676158,6968.529301,2.853143,1,3,6,6,1.461262,0.032572
6971.679416,6974.531085,2.851669,1,3,6,6,1.459748,0.031093
6977.682401,6980.571577,2.889176,1,3,6,5,1.460155,0.033684
6983.685866,6986.537007,2.851141,1,3,6,8,1.466755,0.032674
6989.688232,6992.540775,2.852543,1,3,6,8,1.463446,0.031947
6995.691196,6998.558711,2.867515,1,3,6,5,1.463057,0.03285
7001.694861,7004.547691,2.85283,1,3,6,2,1.46194,0.032708
7007.697799,7010.576969,2.87917,1,3,6,8,1.467552,0.032168
7013.701847,7016.553183,2.851336,1,3,6,6,1.467442,0.032122
7019.705234,7020.554834,0.8496,1,3,3,2,0.501216,0.033297
7023.706485,7026.565603,2.859118,1,3,6,5,1.412046,0.03869
7029.709511,7032.562741,2.85323,1,3,6,6,1.465351,0.032028
7035.7129,7036.569388,0.856488,1,3,3,1,0.50135,0.039094
7039.714964,7042.588531,2.873567,1,3,6,8,1.465847,0.033126
7045.718502,7048.572039,2.853537,1,3,6,6,1.466254,0.031609
7051.721224,7054.574502,2.853278,1,3,6,5,1.462518,0.032451
7057.723828,7060.584124,2.860296,1,3,6,8,1.465143,0.032747
7063.726898,7064.577052,0.850154,1,3,3,3,0.501739,0.03229
7067.7289,7070.585544,2.856644,1,3,6,6,1.467306,0.032711
7073.732885,7076.585714,2.852829,1,3,6,8,1.465497,0.032579
7079.735389,7080.585735,0.850346,1,3,3,1,0.500195,0.033164
7083.737967,7086.625369,2.887402,1,3,6,8,1.454136,0.046597
7089.740619,7090.591769,0.85115,1,3,3,1,0.500893,0.034085
7093.743565,7096.613794,2.870229,1,3,6,3,1.459833,0.033554
7099.746531,7102.600554,2.854023,1,3,6,5,1.462594,0.033122
7105.749102,7106.600122,0.85102,1,3,3,1,0.500495,0.03432
7109.751384,7110.60897,0.857586,1,3,3,3,0.507894,0.034312
7113.754465,7116.635765,2.8813,1,3,6,5,1.461436,0.034491
7119.755743,7120.620614,0.864871,1,1,4,2,0.502459,0.046127
7123.758942,7126.651276,2.892334,1,3,6,4,1.462258,0.033603
7129.763158,7130.613008,0.84985,1,3,3,3,0.502389,0.032755
7133.764817,7134.614773,0.849956,1,3,3,3,0.499934,0.033546
7137.766753,7140.65831,2.891557,1,3,6,8,1.466058,0.032212
7143.769539,7144.619657,0.850118,1,3,3,3,0.501961,0.032779
7147.771001,7150.623434,2.852433,1,3,6,3,1.461881,0.031917
7153.774956,7154.634801,0.859845,1,3,3,0,0.501687,0.043301
7157.777667,7160.649121,2.871454,1,3,6,5,1.466581,0.032284
7163.780332,7166.63501,2.854678,1,3,6,8,1.466498,0.032001
7169.78245,7170.632461,0.850011,1,3,3,0,0.501752,0.032135
7173.785791,7176.651903,2.866112,1,3,6,2,1.460969,0.034059
7179.789608,7182.686376,2.896768,1,3,6,6,1.461076,0.032047
7185.79087,7186.641371,0.850501,1,3,3,3,0.501293,0.033228
7189.794006,7190.644039,0.850033,1,3,3,3,0.500971,0.03379
7193.796125,7196.699024,2.902899,1,3,6,5,1.466418,0.033217
7199.798838,7202.679747,2.880909,1,3,6,6,1.463519,0.032093
7205.80302,7206.653162,0.850142,1,3,3,1,0.501671,0.033241
7209.804008,7212.656814,2.852806,1,3,6,5,1.463217,0.032123
7215.807738,7218.661154,2.853416,1,3,6,7,1.420868,0.032419
7221.811904,7224.676652,2.864748,1,3,6,8,1.466903,0.032154
7227.813801,7230.665924,2.852123,1,3,6,8,1.466831,0.032308
7233.816872,7234.667725,0.850853,1,3,3,1,0.502964,0.033152
7237.819185,7240.670479,2.851294,1,3,6,7,1.456482,0.031951
7243.82245,7246.728111,2.905661,1,3,6,5,1.466047,0.032898
7249.825252,7250.675292,0.85004,1,3,3,3,0.500974,0.033711
7253.827369,7256.716942,2.889573,1,3,6,6,1.465888,0.032077
7259.8311,7260.681241,0.850141,1,3,3,2,0.501032,0.033607
7263.832328,7266.713593,2.881265,1,3,6,4,1.457287,0.038086
7269.83703,7270.686452,0.849422,1,3,3,0,0.501008,0.033257
7273.837792,7276.702963,2.865171,1,3,6,8,1.45786,0.032349
7279.840833,7280.71197,0.871137,1,3,3,1,0.500152,0.05382
7283.842764,7286.709501,2.866737,1,3,6,6,1.464426,0.035849
7289.84679,7290.696794,0.850004,1,3,3,3,0.500647,0.033623
7293.848645,7296.716105,2.86746,1,3,6,6,1.463002,0.032203
7299.850951,7300.701624,0.850673,1,3,3,0,0.500896,0.033294
7303.854441,7304.705469,0.851028,1,3,3,1,0.502238,0.033613
7307.855627,7308.705095,0.849468,1,3,3,3,0.500532,0.03303
7311.858281,7314.738373,2.880092,1,3,6,7,1.461928,0.03212
7317.860914,7320.713502,2.852588,1,3,5,3,1.453862,0.032221
7323.864938,7326.759716,2.894778,1,3,6,7,1.466186,0.032574
7329.866376,7330.715497,0.849121,1,3,3,0,0.50081,0.033031
7333.870294,7336.722631,2.852337,1,3,6,6,1.460963,0.031649
7339.873038,7342.724724,2.851686,1,3,6,5,1.461871,0.032019
7345.875321,7346.725886,0.850565,1,3,3,0,0.500569,0.032875
7349.878106,7352.732748,2.854642,1,3,5,3,1.464092,0.034714
7355.880994,7358.741782,2.860788,1,3,6,2,1.462023,0.033544
7361.883683,7364.76416,2.880477,1,3,6,8,1.46667,0.032817
7367.887841,7370.751426,2.863585,1,3,6,7,1.461943,0.032615
7373.89043,7376.776534,2.886104,1,3,6,6,1.460954,0.032577
7379.893112,7382.793519,2.900407,1,3,6,8,1.460605,0.03314
7385.897439,7386.747493,0.850054,1,3,3,3,0.502029,0.033016
7389.898129,7390.756358,0.858229,1,3,3,3,0.500738,0.041192
7393.901327,7396.798349,2.897022,1,3,6,5,1.462251,0.038251
7399.905001,7400.754488,0.849487,1,3,3,1,0.501213,0.033258
7403.906483,7406.75871,2.852227,1,3,6,6,1.459101,0.031612
7409.909328,7412.778081,2.868753,1,3,6,6,1.44073,0.049115
7415.912288,7416.765641,0.853353,1,3,3,0,0.500793,0.035739
7419.91486,7422.826729,2.911869,1,3,6,5,1.461568,0.033063
7425.917962,7428.771009,2.853047,1,3,6,5,1.461163,0.032133
7431.921372,7434.774172,2.8528,1,3,6,5,1.466423,0.031567
7437.923952,7440.776379,2.852427,1,3,6,2,1.462569,0.032669
7443.927532,7446.780091,2.852559,1,3,6,6,1.466113,0.031577
7449.930455,7452.812015,2.88156,1,3,6,8,1.467311,0.03164
7455.933404,7458.786088,2.852684,1,3,6,5,1.462263,0.031608
7461.937604,7464.791108,2.853504,1,3,6,5,1.45242,0.031723
7467.940101,7470.816297,2.876196,1,3,6,4,1.462627,0.032739
7473.943174,7474.793553,0.850379,1,3,3,0,0.501566,0.032824
7477.946176,7478.799344,0.853168,1,3,3,3,0.502191,0.036147
7481.948044,7484.843753,2.895709,1,3,6,6,1.461968,0.034826
7487.951016,7488.800788,0.849772,1,3,3,3,0.501024,0.03281
7491.953061,7494.805278,2.852217,1,3,6,5,1.466606,0.032444
7497.955676,7498.805973,0.850297,1,3,3,0,0.500121,0.034062
7501.957885,7504.810924,2.853039,1,3,6,7,1.460163,0.032101
7507.960828,7510.859501,2.898673,1,3,6,3,1.461525,0.034138
7513.964867,7514.813288,0.848421,1,3,3,3,0.500377,0.032886
7517.966666,7518.816749,0.850083,1,3,3,3,0.501528,0.033516
7521.968533,7524.84553,2.876997,1,3,6,6,1.467313,0.032554
7527.972388,7528.83083,0.858442,1,3,3,1,0.501201,0.041635
7531.974387,7534.855213,2.880826,1,3,6,3,1.459992,0.03315
7537.97617,7538.826849,0.850679,1,3,3,3,0.501368,0.033691
7541.979423,7544.833318,2.853895,1,3,6,3,1.458998,0.032126
7547.982357,7548.844362,0.862005,1,3,2,3,0.54621,0.54621
7551.98488,7554.879354,2.894474,1,3,6,8,1.466644,0.03227
7557.988018,7558.864134,0.876116,1,3,3,3,0.503394,0.058981
7561.989918,7564.885606,2.895688,1,3,6,5,1.462648,0.032063
7567.992961,7570.870677,2.877716,1,3,6,5,1.460566,0.032333
7573.996452,7574.846802,0.85035,1,3,3,3,0.501222,0.033593
7577.99874,7578.848515,0.849775,1,3,3,3,0.499053,0.033568
7582.00026,7584.851855,2.851595,1,3,6,7,1.467477,0.031416
7588.003711,7590.856405,2.852694,1,3,6,6,1.465994,0.032091
7594.006649,7596.895556,2.888907,1,3,6,8,1.462274,0.031718
7600.008957,7602.862147,2.85319,1,3,6,8,1.4602,0.032052
7606.013191,7608.894938,2.881747,1,3,6,3,1.462776,0.033522
7612.01635,7614.915369,2.899019,1,3,6,8,1.461979,0.03813
7618.017995,7618.869769,0.851774,1,3,3,3,0.501948,0.033604
7622.02177,7624.877542,2.855772,1,3,6,8,1.456168,0.032112
7628.023998,7630.89422,2.870222,1,3,6,8,1.465552,0.032062
7634.027017,7634.876559,0.849542,1,3,3,1,0.499942,0.033791
7638.029098,7640.925655,2.896557,1,3,6,8,1.466524,0.032315
7644.032829,7644.898003,0.865174,1,3,3,3,0.50225,0.048407
7648.034017,7650.915837,2.88182,1,3,6,6,1.466923,0.032141
7654.038352,7656.891332,2.85298,1,3,6,6,1.468152,0.032121
7660.041486,7662.937336,2.89585,1,3,6,6,1.464973,0.032264
7666.04372,7666.893608,0.849888,1,3,3,1,0.500797,0.033387
7670.046964,7672.937184,2.89022,1,3,6,7,1.443832,0.051137
7676.049542,7676.899123,0.849581,1,3,3,3,0.501863,0.032637
7680.051428,7682.937159,2.885731,1,3,6,5,1.466623,0.032268
7686.055336,7686.940509,0.885173,1,3,3,2,0.515665,0.052121
7688.056031,7688.950177,0.894146,1,1,3,1,0.544632,0.033207
7692.058425,7694.95633,2.897905,1,3,6,7,1.466581,0.032309
7698.060792,7700.914672,2.85388,1,3,6,6,1.460094,0.032965
7704.064718,7704.914308,0.84959,1,3,3,1,0.500502,0.032498
7708.066322,7710.955744,2.889422,1,3,6,6,1.46684,0.031895
7714.068897,7714.919632,0.850735,1,3,3,1,0.500631,0.032935
7718.07271,7720.979885,2.907175,1,3,6,7,1.466725,0.032203
7724.074545,7724.924484,0.849939,1,3,3,3,0.50117,0.032551
7728.077682,7730.931849,2.854167,1,3,6,5,1.462659,0.031952
7734.080558,7734.930405,0.849847,1,3,3,1,0.499585,0.033597
7738.082683,7740.96465,2.881967,1,3,6,5,1.465339,0.032425
7744.084747,7744.93566,0.850913,1,3,3,3,0.500411,0.033925
7748.086977,7750.93901,2.852033,1,3,6,8,1.468755,0.031076
7754.091537,7756.949789,2.858252,1,3,6,7,1.459748,0.032814
7760.093848,7760.94412,0.850272,1,3,3,0,0.500795,0.033035
7764.09583,7766.969739,2.873909,1,3,6,8,1.468071,0.031673
7770.098928,7770.947861,0.848933,1,3,3,1,0.500599,0.033083
7774.102021,7774.952462,0.850441,1,3,3,1,0.501861,0.033695
7778.102896,7780.981262,2.878366,1,3,6,5,1.46652,0.032268
7784.106405,7784.957518,0.851113,1,3,3,1,0.499795,0.034039
7788.107561,7790.961401,2.85384,1,3,6,7,1.461835,0.032564
7794.11142,7796.982729,2.871309,1,3,6,3,1.458029,0.033691
7800.115795,7800.964506,0.848711,1,3,3,3,0.50001,0.033051
7804.11641,7804.966747,0.850337,1,3,3,1,0.500448,0.033599
7808.117923,7811.016749,2.898826,1,3,6,6,1.467886,0.031094
7814.12275,7814.972906,0.850156,1,3,3,1,0.500926,0.033566
7818.124679,7821.016171,2.891492,1,3,6,6,1.467006,0.032439
7824.127346,7824.976938,0.849592,1,3,3,1,0.501834,0.033064
7828.128944,7831.002028,2.873084,1,3,6,5,1.458156,0.033271
7834.133183,7837.023003,2.88982,1,3,6,6,1.467976,0.031612
7840.136385,7842.988794,2.852409,1,3,6,6,1.466132,0.031092
7846.138404,7847.020791,0.882387,1,3,3,1,0.502002,0.064335
7850.141196,7852.992646,2.85145,1,3,6,5,1.462215,0.031924
7856.143625,7858.99672,2.853095,1,3,6,6,1.458549,0.032083
7862.148421,7865.026051,2.87763,1,3,6,5,1.468461,0.032084
7868.150793,7868.999544,0.848751,1,3,3,2,0.500575,0.032546
7872.152788,7873.003049,0.850261,1,3,3,1,0.500679,0.033836
7876.154589,7879.041613,2.887024,1,3,6,8,1.459592,0.032757
7882.157998,7885.01066,2.852662,1,3,6,7,1.466846,0.032534
7888.161286,7889.011327,0.850041,1,3,3,0,0.501364,0.033855
7892.162264,7895.014553,2.852289,1,3,6,5,1.461335,0.032081
7898.166054,7899.016834,0.85078,1,3,3,2,0.501037,0.033627
7902.16897,7903.019539,0.850569,1,3,3,1,0.500826,0.034393
7906.170906,7909.052904,2.881998,1,3,6,5,1.461309,0.032618
7912.174126,7913.024932,0.850806,1,3,3,2,0.500006,0.034037
7916.171467,7919.058012,2.886545,1,3,6,8,1.466561,0.033024
7922.178706,7925.051795,2.873089,1,3,6,7,1.456304,0.042093
7928.182823,7929.032758,0.849935,1,3,3,3,0.500764,0.03303
7932.184555,7935.070514,2.885959,1,3,6,5,1.461877,0.033328
7938.186494,7941.039462,2.852968,1,3,6,5,1.460405,0.032177
7944.190442,7947.043331,2.852889,1,3,6,5,1.46283,0.031968
7950.194121,7953.046696,2.852575,1,3,6,8,1.457376,0.032556
7956.196315,7959.073018,2.876703,1,3,6,2,1.460882,0.033095
7962.200377,7965.069065,2.868688,1,3,6,6,1.467571,0.032875
7968.203166,7971.055737,2.852571,1,3,6,6,1.465334,0.031588
7974.206878,7975.072923,0.866045,1,3,3,2,0.501552,0.049201
7978.208892,7981.07795,2.869058,1,3,6,8,1.467296,0.032697
7984.211189,7987.105455,2.894266,1,3,6,7,1.460535,0.032639
7990.214497,7993.067802,2.853305,1,3,6,8,1.462088,0.032604
7996.218224,7999.070402,2.852178,1,3,6,6,1.466652,0.031602
8002.221211,8003.070419,0.849208,1,3,3,1,0.501218,0.032577
8006.223619,8009.092445,2.868826,1,3,6,8,1.465666,0.031617
8012.227078,8015.07922,2.852142,1,3,6,6,1.465657,0.031564
8018.228458,8021.081299,2.852841,1,3,6,8,1.452125,0.033218
8024.232497,8027.118402,2.885905,1,3,6,8,1.467022,0.032107
8030.236174,8033.112826,2.876652,1,3,6,8,1.460264,0.032223
8036.238217,8039.090016,2.851799,1,3,6,8,1.458448,0.031208
8042.242649,8045.094148,2.851499,1,3,6,2,1.462402,0.032254
8048.245524,8049.095553,0.850029,1,3,3,1,0.501392,0.033064
8052.246449,8055.13316,2.886711,1,3,6,8,1.46695,0.031907
8058.249667,8059.100722,0.851055,1,3,3,1,0.500504,0.03372
8062.252896,8065.104919,2.852023,1,3,6,8,1.466553,0.032231
8068.254685,8069.104839,0.850154,1,3,3,1,0.50142,0.032554
8072.257713,8075.111654,2.853941,1,3,6,7,1.462226,0.032096
8078.260459,8081.131213,2.870754,1,3,6,8,1.466302,0.032452
8084.263569,8085.114304,0.850735,1,3,3,1,0.501573,0.033227
8088.266396,8091.118171,2.851775,1,3,6,5,1.429757,0.031697
8094.269477,8097.128507,2.85903,1,3,6,6,1.449834,0.039544
8100.271293,8101.121553,0.85026,1,3,3,3,0.501635,0.032754
8104.274404,8107.126406,2.852002,1,3,6,6,1.458679,0.032159
8110.278153,8113.130247,2.852094,1,3,6,3,1.463362,0.032267
8116.280162,8119.132819,2.852657,1,3,6,8,1.454598,0.032042
8122.284217,8125.152779,2.868562,1,3,6,8,1.444178,0.047727
8128.286613,8131.139319,2.852706,1,3,6,3,1.460652,0.031625
8134.290745,8137.164909,2.874164,1,3,6,6,1.466616,0.032376
8140.293618,8141.144465,0.850847,1,3,3,1,0.502204,0.032687
8144.295677,8147.148631,2.852954,1,3,6,5,1.458601,0.032249
8150.299366,8153.200387,2.901021,1,3,6,5,1.466812,0.031234
8156.302435,8159.155241,2.852806,1,3,6,8,1.462869,0.032119
8162.305088,8165.15715,2.852062,1,3,6,8,1.44414,0.03207
8168.309193,8169.158426,0.849233,1,3,3,2,0.501576,0.032625
8172.310876,8173.164305,0.853429,1,3,3,1,0.500135,0.036259
8176.31204,8179.176319,2.864279,1,3,6,3,1.46229,0.033261
8182.31526,8185.202231,2.886971,1,3,6,5,1.465474,0.032602
8188.318336,8191.201171,2.882835,1,3,6,5,1.462478,0.033544
8194.320962,8197.173779,2.852817,1,3,6,3,1.461678,0.032651
8200.325276,8203.198566,2.87329,1,3,6,8,1.464886,0.032066
8206.327838,8209.186668,2.85883,1,3,6,7,1.467853,0.031873
8212.33056,8215.182802,2.852242,1,3,6,2,1.462541,0.031809
8218.333831,8221.217396,2.883565,1,3,6,6,1.467864,0.032127
8224.336829,8225.187507,0.850678,1,3,3,1,0.502277,0.033453
8228.339613,8229.190021,0.850408,1,3,3,0,0.501222,0.033572
8232.341623,8235.222002,2.880379,1,3,6,6,1.466224,0.031992
8238.344734,8239.195446,0.850712,1,3,3,0,0.500942,0.034059
8242.347227,8245.19909,2.851863,1,3,6,2,1.461155,0.031746
8248.351362,8251.240603,2.889241,1,3,6,8,1.46649,0.031822
8254.353283,8255.204184,0.850901,1,3,3,2,0.500536,0.033583
8258.355128,8259.20488,0.849752,1,3,3,0,0.500746,0.033127
8262.357494,8265.239712,2.882218,1,3,6,7,1.467764,0.032223
8268.360332,8271.212716,2.852384,1,3,6,3,1.460543,0.031832
8274.363477,8277.241536,2.878059,1,3,6,8,1.460082,0.032906
8280.366832,8283.21976,2.852928,1,3,6,5,1.466114,0.032212
8286.371416,8287.256456,0.88504,1,3,3,3,0.499828,0.069103
8290.37147,8293.238342,2.866872,1,3,6,8,1.467303,0.03252
8296.376208,8297.22502,0.848812,1,3,3,0,0.500258,0.032603
8300.377119,8303.243127,2.866008,1,3,6,7,1.465972,0.032924
8306.380229,8309.232216,2.851987,1,3,6,6,1.467179,0.032055
8312.384225,8313.234168,0.849943,1,3,3,3,0.501488,0.03409
8316.38636,8319.237937,2.851577,1,3,6,4,1.463939,0.032037
8322.389046,8325.241847,2.852801,1,3,6,7,1.458416,0.031554
8328.39309,8331.286797,2.893707,1,3,6,5,1.460047,0.032513
8334.395719,8337.247772,2.852053,1,3,6,5,1.464194,0.032543
8340.398847,8343.250816,2.851969,1,3,6,2,1.459096,0.031559
8346.402203,8347.251873,0.84967,1,3,3,0,0.501568,0.033219
8350.403712,8353.256596,2.852884,1,3,6,7,1.463061,0.032062
8356.406623,8357.255913,0.84929,1,3,3,3,0.500978,0.03299
8360.408576,8363.306696,2.89812,1,3,6,6,1.467811,0.032604
8366.412471,8369.270497,2.858026,1,3,6,6,1.466278,0.033223
8372.415301,8373.26612,0.850819,1,3,3,1,0.500677,0.034104
8376.418205,8379.28538,2.867175,1,3,6,5,1.466058,0.032621
8382.420302,8385.272855,2.852553,1,3,6,5,1.463915,0.032762
8388.423524,8391.276062,2.852538,1,3,6,3,1.460482,0.03229
8394.427254,8397.280119,2.852865,1,3,6,5,1.459069,0.031626
8400.429964,8403.283041,2.853077,1,3,6,3,1.462159,0.031525
8406.432957,8409.284882,2.851925,1,3,6,2,1.448993,0.031976
8412.436524,8413.28658,0.850056,1,3,3,2,0.501745,0.032862
8416.438662,8419.290626,2.851964,1,3,6,8,1.465859,0.032599
8422.44243,8425.29363,2.8512,1,3,6,8,1.466811,0.03113
8428.444629,8431.345735,2.901106,1,3,6,6,1.462882,0.032676
8434.447745,8437.299198,2.851453,1,3,6,8,1.465801,0.032576
8440.450504,8443.334683,2.884179,1,3,6,5,1.465866,0.033162
8446.454306,8449.335388,2.881082,1,3,6,5,1.460894,0.032704
8452.457197,8453.307776,0.850579,1,3,3,3,0.501704,0.033708
8456.45995,8459.358361,2.898411,1,3,6,6,1.466668,0.032122
8462.463031,8465.343722,2.880691,1,3,6,7,1.464157,0.032184
8468.465201,8471.318018,2.852817,1,3,6,6,1.464867,0.031666
8474.468536,8475.318856,0.85032,1,3,3,1,0.499439,0.033709
8478.47175,8481.333388,2.861638,1,3,6,5,1.466101,0.032075
8484.47395,8487.363651,2.889701,1,3,6,8,1.466054,0.033292
8490.477646,8493.329588,2.851942,1,3,6,3,1.461786,0.032089
8496.48054,8497.35913,0.87859,1,3,3,3,0.5009,0.062497
8500.482379,8503.334572,2.852193,1,3,6,6,1.458883,0.032
8506.486635,8509.372469,2.885834,1,3,6,8,1.46443,0.034514
8512.488485,8513.344745,0.85626,1,1,3,0,0.73841,0.03896
8516.490941,8519.383432,2.892491,1,3,6,6,1.466029,0.032184
8522.494336,8525.345769,2.851433,1,3,6,8,1.467533,0.031567
8528.497468,8529.348343,0.850875,1,3,3,0,0.501631,0.034138
8532.498915,8535.350172,2.851257,1,3,6,6,1.465909,0.032076
8538.502957,8541.364048,2.861091,1,3,6,3,1.46111,0.034056
8544.505685,8547.385766,2.880081,1,3,6,6,1.458456,0.032595
8550.508729,8551.358832,0.850103,1,3,3,3,0.498595,0.0335
8554.511074,8557.40388,2.892806,1,3,6,2,1.460814,0.033197
8560.514219,8561.364384,0.850165,1,3,3,3,0.499748,0.0331
8564.516616,8567.368759,2.852143,1,3,6,7,1.465221,0.031797
8570.520064,8571.369302,0.849238,1,3,3,2,0.501217,0.032561
8574.521424,8577.410642,2.889218,1,3,6,7,1.463677,0.032216
8580.524243,8581.374949,0.850706,1,3,3,3,0.500389,0.033391
8584.527213,8587.380364,2.853151,1,3,6,7,1.459701,0.032099
8590.530306,8593.382171,2.851865,1,3,6,6,1.465611,0.032109
8596.533314,8597.384424,0.85111,1,3,3,1,0.502112,0.034128
8600.536196,8601.385245,0.849049,1,3,3,3,0.501517,0.032649
8604.538009,8607.431212,2.893203,1,3,6,6,1.443505,0.055149
8610.540917,8611.4068,0.865883,1,3,3,0,0.500081,0.049778
8614.542722,8617.396103,2.853381,1,3,6,6,1.459853,0.032552
8620.545448,8623.397996,2.852548,1,3,6,3,1.456083,0.033085
8626.549071,8629.401415,2.852344,1,3,6,6,1.458275,0.032124
8632.552737,8635.419558,2.866821,1,3,6,7,1.46197,0.031294
8638.555865,8639.405126,0.849261,1,3,3,1,0.500043,0.03276
8642.557463,8643.406262,0.848799,1,3,3,1,0.499899,0.032593
8646.559945,8649.468566,2.908621,1,3,6,8,1.464432,0.033109
8652.562815,8655.431341,2.868526,1,3,6,6,1.462571,0.03206
8658.566125,8659.415437,0.849312,1,3,3,3,0.49994,0.033301
8662.568177,8665.451163,2.882986,1,3,6,7,1.466699,0.032893
8668.570925,8671.422903,2.851978,1,3,6,7,1.465889,0.031601
8674.572936,8677.469191,2.896255,1,3,6,8,1.466216,0.032191
8680.577764,8681.427095,0.849331,1,3,3,0,0.500865,0.033183
8684.579304,8685.458089,0.878785,1,3,3,2,0.501697,0.062344
8688.581622,8691.459678,2.878056,1,3,6,8,1.466968,0.033054
8694.585007,8697.438922,2.853915,1,3,6,6,1.464929,0.031808
8700.587901,8703.462811,2.87491,1,3,6,5,1.466402,0.032573
8706.5905,8709.443319,2.852819,1,3,6,8,1.467412,0.031975
8712.593316,8715.498441,2.905125,1,3,6,5,1.465167,0.032634
8718.597035,8721.448978,2.851943,1,3,6,6,1.46385,0.03165
8724.600493,8727.455526,2.855033,1,3,6,3,1.459692,0.033797
8730.603558,8733.477011,2.873453,1,3,6,6,1.445479,0.052641
8736.606645,8737.456159,0.849514,1,3,3,0,0.501742,0.033094
8740.607608,8741.457989,0.850381,1,3,3,3,0.501359,0.03305
8744.61118,8747.463255,2.852075,1,3,6,8,1.462319,0.03199
8750.614162,8751.475068,0.860906,1,3,3,1,0.502159,0.044089
8754.615395,8757.468864,2.853469,1,3,6,3,1.462602,0.033102
8760.619552,8761.46873,0.849178,1,3,3,3,0.500475,0.033073
8764.620947,8767.474669,2.853722,1,3,6,6,1.466202,0.031264
8770.624335,8771.473355,0.84902,1,3,3,0,0.499687,0.032771
8774.626667,8777.512468,2.885801,1,3,6,6,1.465736,0.032128
8780.630205,8781.481315,0.85111,1,3,3,2,0.501082,0.035056
8784.631317,8785.48227,0.850953,1,3,3,3,0.502289,0.033223
8788.633708,8789.484013,0.850305,1,3,3,1,0.499847,0.033117
8792.636526,8795.523522,2.886996,1,3,6,5,1.45702,0.040275
8798.639939,8799.489629,0.84969,1,3,3,3,0.501199,0.033097
8802.64147,8805.5177,2.87623,1,3,6,7,1.460674,0.038094
8808.64524,8809.495118,0.849878,1,3,3,0,0.501535,0.033065
8812.646907,8815.499572,2.852665,1,3,6,6,1.46537,0.03229
8818.650205,8819.510987,0.860782,1,3,3,0,0.502356,0.043822
8822.652536,8825.504973,2.852437,1,3,6,8,1.464065,0.032041
8828.655762,8831.507858,2.852096,1,3,6,7,1.466263,0.032523
8834.657553,8837.510919,2.853366,1,3,6,8,1.467038,0.032071
8840.661712,8843.514838,2.853126,1,3,6,7,1.464573,0.032097
8846.664172,8849.527232,2.86306,1,3,6,7,1.463335,0.032586
8852.667633,8853.524035,0.856402,1,3,3,0,0.50089,0.03962
8856.669906,8859.556767,2.886861,1,3,6,5,1.462901,0.033258
8862.673128,8865.526218,2.85309,1,3,6,5,1.466203,0.032086
8868.675614,8871.528339,2.852725,1,3,6,5,1.463327,0.0321
8874.679268,8875.529488,0.85022,1,3,3,3,0.501551,0.034025
8878.681863,8881.534056,2.852193,1,3,6,3,1.461927,0.031998
8884.684027,8885.538953,0.854926,1,3,3,1,0.50074,0.036663
8888.686859,8891.556277,2.869418,1,3,6,5,1.465954,0.031632
8894.68987,8895.540849,0.850979,1,3,3,3,0.501043,0.034153
8898.691512,8899.542107,0.850595,1,3,3,0,0.501397,0.033771
8902.694287,8905.591989,2.897702,1,3,6,5,1.467845,0.032032
8908.697718,8909.547013,0.849295,1,3,3,0,0.500671,0.033103
8912.699164,8915.560537,2.861373,1,3,6,6,1.460071,0.033142
8918.702567,8921.594437,2.89187,1,1,7,6,1.467884,0.03225
8924.704873,8925.556281,0.851408,1,3,3,0,0.501501,0.03308
8928.707161,8931.601788,2.894627,1,3,6,7,1.466254,0.033183
8934.71118,8935.560344,0.849164,1,3,3,1,0.499779,0.033075
8938.712171,8939.563142,0.850971,1,3,3,1,0.502328,0.033135
8942.71521,8945.615229,2.900019,1,3,6,5,1.461992,0.033212
8948.718102,8951.590949,2.872847,1,3,6,5,1.46465,0.032083
8954.721205,8955.570586,0.849381,1,3,3,0,0.501471,0.033088
8958.724138,8961.605043,2.880905,1,3,6,6,1.465595,0.032143
8964.725991,8965.575408,0.849417,1,3,3,0,0.499955,0.033651
8968.729471,8969.578974,0.849503,1,3,3,3,0.500882,0.033612
8972.730865,8975.615741,2.884876,1,3,6,7,1.46608,0.032698
8978.733833,8981.585418,2.851585,1,3,6,5,1.458258,0.032736
8984.73711,8985.588774,0.851664,1,3,3,1,0.501376,0.034009
8988.739334,8991.606481,2.867147,1,3,6,8,1.466316,0.033085
8994.742557,8995.591979,0.849422,1,3,3,3,0.500672,0.033561
8998.745,9001.63734,2.89234,1,3,6,8,1.466016,0.031864
9004.747334,9005.614132,0.866798,1,3,2,1,0.532699,0.532699
9008.749322,9011.602271,2.852949,1,3,6,7,1.460281,0.031652
9014.753024,9017.60415,2.851126,1,3,6,8,1.468844,0.031582
9020.756262,9023.62936,2.873098,1,3,6,8,1.466301,0.032342
9026.758749,9027.609312,0.850563,1,3,3,1,0.501531,0.03324
9030.761041,9033.661892,2.900851,1,3,6,8,1.460873,0.033071
9036.764683,9037.614055,0.849372,1,3,3,3,0.501156,0.033189
9040.765768,9043.655607,2.889839,1,3,6,8,1.460363,0.031895
9046.76886,9049.657071,2.888211,1,3,6,7,1.468791,0.0311
9052.772584,9053.623078,0.850494,1,3,3,1,0.50137,0.033573
9056.774565,9059.651625,2.87706,1,3,6,4,1.462205,0.033583
9062.778139,9065.631346,2.853207,1,3,6,3,1.462014,0.031557
9068.781617,9069.632872,0.851255,1,3,3,3,0.500608,0.034663
9072.78347,9073.633421,0.849951,1,3,3,3,0.500426,0.033566
9076.78454,9079.671481,2.886941,1,3,6,8,1.456416,0.042779
9082.788354,9083.638381,0.850027,1,3,3,3,0.500991,0.033084
9086.789913,9089.671929,2.882016,1,3,6,5,1.466147,0.031733
9092.793089,9093.643303,0.850214,1,3,3,2,0.500819,0.033087
9096.796359,9097.645936,0.849577,1,3,3,1,0.498927,0.03407
9100.798128,9103.670005,2.871877,1,3,6,8,1.465734,0.032148
9106.8006,9109.662832,2.862232,1,3,6,7,1.465809,0.033166
9112.805313,9115.65649,2.851177,1,3,6,6,1.467109,0.032095
9118.8069,9121.704795,2.897895,1,3,6,8,1.464959,0.032625
9124.809644,9125.660155,0.850511,1,3,3,3,0.50187,0.033592
9128.813359,9131.707311,2.893952,1,3,6,6,1.468082,0.031589
9134.815407,9137.667853,2.852446,1,3,6,8,1.460985,0.031606
9140.818495,9143.714393,2.895898,1,3,6,2,1.462401,0.033631
9146.821307,9149.722699,2.901392,1,3,6,8,1.467002,0.031554
9152.824276,9153.674262,0.849986,1,3,3,3,0.500084,0.033427
9156.827219,9159.703671,2.876452,1,3,6,6,1.465776,0.032116
9162.831241,9165.683179,2.851938,1,3,6,8,1.445134,0.032138
9168.833593,9171.68608,2.852487,1,3,6,8,1.445583,0.032261
9174.837068,9177.725884,2.888816,1,3,6,8,1.467965,0.032011
9180.840402,9181.689794,0.849392,1,3,3,3,0.500984,0.033836
9184.841068,9187.721584,2.880516,1,3,6,6,1.466077,0.032456
9190.845775,9193.699137,2.853362,1,3,6,8,1.46126,0.031089
9196.848452,9199.710284,2.861832,1,3,6,8,1.460502,0.032304
9202.851288,9205.712224,2.860936,1,3,6,7,1.466936,0.032538
9208.855028,9209.705402,0.850374,1,3,3,3,0.5018,0.033143
9212.856489,9213.706862,0.850373,1,3,3,1,0.501446,0.033503
9216.858445,9219.771952,2.913507,1,3,6,8,1.46777,0.031558
9222.862144,9223.71225,0.850106,1,3,3,1,0.500889,0.032992
9226.865125,9229.76762,2.902495,1,3,6,8,1.466623,0.032298
9232.866905,9235.719818,2.852913,1,3,6,3,1.4617,0.031582
9238.871058,9241.738641,2.867583,1,3,6,6,1.465249,0.032762
9244.872596,9247.77741,2.904814,1,3,6,4,1.461882,0.032826
9250.875837,9251.726178,0.850341,1,3,3,3,0.501316,0.033448
9254.879462,9255.729813,0.850351,1,3,3,1,0.500742,0.033653
9258.880757,9261.754914,2.874157,1,3,6,6,1.467741,0.032139
9264.883378,9267.744731,2.861353,1,3,6,5,1.460055,0.033513
9270.8876,9271.736716,0.849116,1,3,3,1,0.501446,0.032521
9274.889752,9277.788219,2.898467,1,3,6,6,1.467525,0.032717
9280.892662,9281.742925,0.850263,1,3,3,0,0.500027,0.034314
9284.894459,9287.799072,2.904613,1,3,6,5,1.460064,0.031642
9290.897208,9293.750071,2.852863,1,3,6,5,1.461721,0.032274
9296.901391,9299.779042,2.877651,1,3,6,7,1.45775,0.032367
9302.904128,9305.75716,2.853032,1,3,6,8,1.464433,0.032144
9308.907581,9309.757863,0.850282,1,3,3,1,0.501923,0.0337
9312.909895,9313.761051,0.851156,1,3,3,1,0.501645,0.035271
9316.910723,9319.813515,2.902792,1,3,6,7,1.466118,0.031419
9322.914509,9325.767064,2.852555,1,3,6,6,1.466481,0.032048
9328.916868,9331.801403,2.884535,1,3,6,3,1.46226,0.033112
9334.921301,9337.773489,2.852188,1,3,6,6,1.456274,0.031625
9340.923423,9343.775497,2.852074,1,3,6,8,1.466981,0.03123
9346.926116,9349.779304,2.853188,1,3,6,3,1.461935,0.032067
9352.929649,9353.781963,0.852314,1,3,3,3,0.501847,0.034047
9356.932349,9359.829803,2.897454,1,3,6,8,1.466464,0.032602
9362.934985,9363.785512,0.850527,1,3,3,3,0.501578,0.033525
9366.938041,9367.789836,0.851795,1,3,3,1,0.502849,0.033783
9370.938916,9373.836211,2.897295,1,3,6,8,1.467012,0.032939
9376.942719,9379.795288,2.852569,1,3,6,6,1.465804,0.032034
9382.946082,9383.796198,0.850116,1,3,3,1,0.502491,0.032605
9386.947949,9389.837753,2.889804,1,3,6,8,1.467906,0.033471
9392.9519,9393.802037,0.850137,1,3,3,1,0.500839,0.033183
9396.95341,9397.811838,0.858428,1,3,3,1,0.503187,0.041099
9400.95398,9403.825465,2.871485,1,3,6,6,1.465991,0.03257
9406.959029,9409.811777,2.852748,1,3,6,3,1.448936,0.032097
9412.961726,9415.827395,2.865669,1,3,6,6,1.466425,0.031069
9418.964383,9421.81919,2.854807,1,3,6,6,1.465609,0.03299
9424.967654,9427.849547,2.881893,1,3,6,7,1.466744,0.031168
9430.971223,9433.82329,2.852067,1,3,6,6,1.461451,0.03217
9436.974472,9437.824972,0.8505,1,3,3,2,0.500312,0.033676
9440.975939,9443.865303,2.889364,1,3,6,8,1.4666,0.032034
9446.979321,9449.832763,2.853442,1,3,6,2,1.461214,0.031777
9452.982593,9455.836132,2.853539,1,3,6,5,1.461533,0.032607
9458.985457,9459.846569,0.861112,1,3,3,1,0.500038,0.045437
9462.987789,9465.86454,2.876751,1,3,6,6,1.459568,0.032141
9468.989901,9471.841888,2.851987,1,3,6,5,1.467937,0.031581
9474.993644,9477.846593,2.852949,1,3,6,8,1.464955,0.032668
9480.996802,9481.847919,0.851117,1,3,3,1,0.501526,0.033186
9484.999057,9487.892258,2.893201,1,3,6,8,1.467926,0.032392
9491.002442,9491.851748,0.849306,1,3,3,3,0.500866,0.033394
9495.004234,9497.857809,2.853575,1,3,6,6,1.459564,0.032439
9501.007235,9501.857637,0.850402,1,3,3,2,0.500514,0.033961
9505.010326,9507.898432,2.888106,1,3,6,7,1.464912,0.031816
9511.014397,9511.863557,0.84916,1,3,3,1,0.502071,0.032954
9515.015504,9517.878976,2.863472,1,3,6,8,1.466816,0.033129
9521.017844,9523.897764,2.87992,1,3,6,6,1.465015,0.032086
9527.021677,9529.873371,2.851694,1,3,6,5,1.465886,0.032655
9533.024667,9535.877192,2.852525,1,3,6,7,1.465742,0.031663
9539.027533,9541.910563,2.88303,1,3,6,5,1.466953,0.032057
9545.031438,9547.897819,2.866381,1,3,6,6,1.465762,0.032142
9551.033712,9551.884919,0.851207,1,3,3,3,0.501379,0.033076
9555.035365,9557.887371,2.852006,1,3,6,8,1.460414,0.032082
9561.039604,9563.936238,2.896634,1,3,6,5,1.46655,0.032206
9567.042032,9569.905598,2.863566,1,3,6,6,1.461817,0.032502
9573.045943,9575.933317,2.887374,1,3,6,6,1.466015,0.032187
9579.049108,9581.902008,2.8529,1,3,6,7,1.460181,0.032178
9585.052098,9585.901027,0.848929,1,3,3,1,0.501533,0.032117
9589.05328,9589.903774,0.850494,1,3,3,3,0.500696,0.033267
9593.056334,9595.909282,2.852948,1,3,6,8,1.465883,0.031489
9599.059089,9601.952985,2.893896,1,3,6,6,1.463052,0.03262
9605.062498,9605.912958,0.85046,1,3,3,0,0.500836,0.033159
9609.065543,9609.914793,0.84925,1,3,3,3,0.500987,0.03374
9613.066621,9615.966646,2.900025,1,3,6,5,1.467297,0.031729
9619.069964,9619.919925,0.849961,1,3,3,2,0.501041,0.033904
9623.0729,9623.92441,0.85151,1,3,3,1,0.501956,0.034014
9627.074624,9629.963937,2.889313,1,3,6,3,1.461728,0.033639
9633.077337,9635.929726,2.852389,1,3,6,8,1.461657,0.032205
9639.080487,9641.969798,2.889311,1,3,6,2,1.462656,0.032095
9645.084122,9647.968041,2.883919,1,3,6,8,1.467866,0.032135
9651.08634,9653.93999,2.85365,1,3,6,6,1.46154,0.031054
9657.090806,9657.941008,0.850202,1,3,3,1,0.501459,0.034361
9661.091919,9663.990134,2.898215,1,3,6,7,1.467268,0.032879
9667.094982,9667.94511,0.850128,1,3,3,1,0.499822,0.033416
9671.097615,9673.972719,2.875104,1,3,6,7,1.465997,0.032714
9677.10077,9679.981941,2.881171,1,3,6,6,1.466248,0.031772
9683.102915,9685.987629,2.884714,1,3,6,8,1.464513,0.032138
9689.106657,9691.959572,2.852915,1,3,6,7,1.459714,0.031684
9695.10951,9695.9596,0.85009,1,3,3,3,0.500613,0.033143
9699.111582,9701.989341,2.877759,1,3,6,7,1.467004,0.032296
9705.116331,9707.980426,2.864095,1,3,6,3,1.462824,0.033588
9711.118288,9712.007324,0.889036,1,3,2,4,0.530416,0.530416
9715.120175,9715.969683,0.849508,1,3,3,1,0.500794,0.032694
9719.122267,9721.975693,2.853426,1,3,6,6,1.465426,0.032127
9725.125265,9727.977046,2.851781,1,3,6,7,1.466434,0.032109
9731.128115,9733.981619,2.853504,1,3,6,5,1.466572,0.03169
9737.132885,9737.982948,0.850063,1,3,3,0,0.500517,0.03354
9741.133549,9744.045811,2.912262,1,3,6,6,1.466238,0.032105
9747.136848,9747.987896,0.851048,1,3,3,3,0.502593,0.033386
9751.139684,9753.992818,2.853134,1,3,6,8,1.464451,0.031699
9757.142555,9760.019438,2.876883,1,3,6,6,1.465937,0.032046
9763.144714,9763.99528,0.850566,1,3,3,3,0.500921,0.033582
9767.148404,9770.014145,2.865741,1,3,6,2,1.461853,0.033167
9773.150538,9776.002987,2.852449,1,3,6,4,1.460968,0.033021
9779.154103,9782.050516,2.896413,1,3,6,5,1.45999,0.033041
9785.156745,9788.009247,2.852502,1,3,6,7,1.46056,0.032072
9791.159098,9794.017198,2.8581,1,3,6,6,1.466127,0.031527
9797.162824,9800.05161,2.888786,1,3,6,7,1.466844,0.032343
9803.167137,9806.020456,2.853319,1,3,6,6,1.461147,0.032431
9809.169394,9810.020306,0.850912,1,3,3,3,0.500859,0.03355
9813.170895,9814.086907,0.916012,1,3,3,3,0.510978,0.089999
9817.174592,9820.02775,2.853158,1,3,6,3,1.462325,0.032123
9823.177544,9824.028633,0.851089,1,3,3,0,0.501005,0.034528
9827.178578,9830.063538,2.88496,1,3,6,7,1.45828,0.042235
9833.183071,9834.033496,0.850425,1,3,3,0,0.50191,0.033453
9837.184602,9838.061322,0.87672,1,3,3,1,0.502806,0.059267
9841.185699,9844.094829,2.90913,1,3,6,4,1.462738,0.033517
9847.189784,9850.08434,2.894556,1,3,6,5,1.46533,0.032219
9853.192118,9856.044342,2.852224,1,3,6,6,1.466828,0.031776
9859.195124,9862.048287,2.853163,1,3,6,6,1.435739,0.032149
9865.19903,9866.048531,0.849501,1,3,3,1,0.500605,0.033333
9869.201938,9872.079984,2.878046,1,3,6,8,1.453413,0.046852
9875.20332,9876.054133,0.850813,1,3,3,3,0.4999,0.033101
9879.207459,9882.089504,2.882045,1,3,6,8,1.466556,0.032111
9885.209784,9888.121738,2.911954,1,3,6,6,1.466161,0.032762
9891.213275,9892.063175,0.8499,1,3,3,3,0.499607,0.034277
9895.215504,9896.082759,0.867255,1,3,3,0,0.500954,0.050989
9899.217143,9902.110754,2.893611,1,3,6,8,1.465037,0.032536
9905.219766,9906.070112,0.850346,1,3,3,1,0.50106,0.033641
9909.222052,9912.104513,2.882461,1,3,6,6,1.457032,0.041883
9915.225669,9918.119425,2.893756,1,3,6,8,1.465834,0.032515
9921.228122,9922.079116,0.850994,1,3,3,1,0.501213,0.033896
9925.230211,9926.089215,0.859004,1,3,3,3,0.500195,0.043321
9929.232429,9932.1193,2.886871,1,3,6,6,1.467213,0.032664
9935.235445,9936.085968,0.850523,1,3,3,3,0.50111,0.033582
9939.236843,9942.090606,2.853763,1,3,6,8,1.467024,0.032307
9945.242136,9948.094235,2.852099,1,3,6,8,1.463566,0.032051
9951.243131,9954.108668,2.865537,1,3,6,3,1.454504,0.032696
9957.246513,9960.135268,2.888755,1,3,6,6,1.466366,0.032082
9963.251027,9964.110964,0.859937,1,3,3,3,0.500156,0.043205
9967.25286,9970.109288,2.856428,1,3,6,5,1.466463,0.032216
9973.255759,9976.108337,2.852578,1,3,6,8,1.460075,0.031674
9979.259564,9982.11151,2.851946,1,3,6,8,1.460908,0.031672
9985.261663,9988.123256,2.861593,1,3,6,6,1.465434,0.032459
9991.265204,9992.121125,0.855921,1,3,3,1,0.50247,0.038594
9995.267339,9998.176179,2.90884,1,3,6,8,1.486079,0.032463
10001.270399,10004.122976,2.852577,1,3,6,7,1.467075,0.031783
10007.274321,10010.126901,2.85258,1,3,6,5,1.461797,0.03263
10013.277056,10016.159042,2.881986,1,3,6,8,1.466597,0.031996
10019.280145,10020.129776,0.849631,1,3,3,1,0.501038,0.033079
10023.281761,10024.132078,0.850317,1,3,3,3,0.500097,0.033465
10027.283766,10030.15443,2.870664,1,3,6,8,1.466459,0.031579
10033.286937,10034.14461,0.857673,1,3,3,1,0.502097,0.040796
10037.289204,10040.14134,2.852136,1,3,6,8,1.466222,0.032189
10043.293477,10046.185357,2.89188,1,3,6,5,1.461857,0.033234
10049.2952,10052.16425,2.86905,1,3,6,5,1.463236,0.031941
10055.299602,10058.151617,2.852015,1,3,6,7,1.464485,0.032648
10061.302209,10062.152579,0.85037,1,3,3,3,0.501548,0.03343
10065.303926,10068.187343,2.883417,1,3,6,5,1.461217,0.032087
10071.307249,10074.158018,2.850769,1,3,6,3,1.460181,0.032156
10077.310206,10080.163148,2.852942,1,3,6,5,1.465414,0.032558
10083.312802,10086.223091,2.910289,1,3,6,8,1.466714,0.03258
10089.317639,10090.183302,0.865663,1,3,3,1,0.501926,0.048597
10093.318647,10096.171158,2.852511,1,3,6,3,1.460623,0.032337
10099.321925,10102.173384,2.851459,1,3,6,8,1.544159,0.033181
10105.325876,10108.177435,2.851559,1,3,6,6,1.466004,0.03135
10111.328321,10114.203155,2.874834,1,3,6,8,1.463003,0.032145
10117.3304,10118.181864,0.851464,1,3,3,3,0.5016,0.033817
10121.333663,10122.203415,0.869752,1,3,3,3,0.500979,0.053315
10125.336134,10128.222676,2.886542,1,3,6,8,1.465439,0.032296
10131.338758,10132.189525,0.850767,1,3,3,3,0.502253,0.033086
10135.342004,10138.213135,2.871131,1,3,6,4,1.462295,0.033189
10141.344516,10144.237624,2.893108,1,3,6,8,1.46703,0.031517
10147.347427,10148.197116,0.849689,1,3,3,0,0.501422,0.03279
10151.350125,10152.19887,0.848745,1,3,3,3,0.499428,0.032568
10155.351737,10158.203842,2.852105,1,3,6,6,1.462772,0.032789
10161.354139,10162.233505,0.879366,1,3,3,3,0.497138,0.066242
10165.356088,10168.208015,2.851927,1,3,6,8,1.465957,0.032192
10171.359887,10174.219582,2.859695,1,3,6,7,1.464115,0.032995
10177.36304,10178.213442,0.850402,1,3,3,1,0.502133,0.033325
10181.364044,10184.216514,2.85247,1,3,6,4,1.465022,0.03159
10187.368889,10190.221812,2.852923,1,3,6,4,1.460552,0.032504
10193.37034,10194.222239,0.851899,1,3,3,1,0.500875,0.033728
10197.372421,10200.231238,2.858817,1,3,6,8,1.466839,0.033066
10203.376154,10206.233121,2.856967,1,3,6,6,1.46029,0.032139
10209.380509,10212.231069,2.85056,1,3,6,8,1.463336,0.032057
10215.383416,10218.269102,2.885686,1,3,6,8,1.468945,0.031332
10221.386104,10222.236031,0.849927,1,3,3,0,0.499502,0.034101
10225.387421,10228.283762,2.896341,1,3,6,7,1.466233,0.031432
10231.391782,10232.246231,0.854449,1,3,3,3,0.500642,0.037295
10235.393839,10236.245241,0.851402,1,3,3,1,0.502614,0.03337
10239.395805,10242.263436,2.867631,1,3,6,8,1.462018,0.032181
10245.398435,10246.248512,0.850077,1,3,3,3,0.501217,0.033413
10249.401169,10252.253484,2.852315,1,3,6,3,1.462547,0.032074
10255.404385,10258.261917,2.857532,1,3,6,5,1.466467,0.033061
10261.406895,10264.259645,2.85275,1,3,6,7,1.465157,0.03228
10267.410376,10270.262511,2.852135,1,3,6,5,1.462796,0.032343
10273.413296,10276.266416,2.85312,1,3,6,5,1.461432,0.032161
10279.416352,10280.282368,0.866016,1,3,3,1,0.499896,0.049224
10283.418393,10286.294171,2.875778,1,3,6,4,1.463195,0.032566
10289.421223,10290.272081,0.850858,1,3,3,0,0.502113,0.032895
10293.422936,10296.307783,2.884847,1,3,6,6,1.438021,0.063301
10299.427052,10302.308112,2.88106,1,3,6,8,1.46704,0.032187
10305.430654,10306.348712,0.918058,1,3,3,0,0.494059,0.108936
10309.431879,10312.314064,2.882185,1,3,6,7,1.461602,0.037021
10315.4349,10318.288648,2.853748,1,3,6,7,1.462823,0.03213
10321.438651,10324.29107,2.852419,1,3,6,5,1.460778,0.03209
10327.443007,10330.309466,2.866459,1,3,5,5,1.467247,0.033141
10333.444927,10334.302336,0.857409,1,3,3,1,0.502577,0.040376
10337.447224,10340.298342,2.851118,1,3,6,5,1.460276,0.032465
10343.451213,10346.304079,2.852866,1,3,6,7,1.467908,0.032057
10349.453101,10352.335975,2.882874,1,3,6,8,1.464977,0.032151
10355.456631,10358.314382,2.857751,1,3,6,5,1.462344,0.033508
10361.460032,10364.312172,2.85214,1,3,6,7,1.46174,0.032077
10367.46319,10368.312942,0.849752,1,3,3,1,0.50051,0.033
10371.464875,10374.32859,2.863715,1,3,6,5,1.465587,0.032758
10377.469177,10378.322823,0.853646,1,3,3,3,0.505452,0.033167
10381.469851,10384.345357,2.875506,1,3,6,8,1.456636,0.041879
10387.473125,10388.324099,0.850974,1,3,3,0,0.501969,0.033494
10391.476036,10394.329312,2.853276,1,3,6,5,1.465709,0.03166
10397.4785,10400.330362,2.851862,1,3,6,3,1.458834,0.03283
10403.481242,10404.331374,0.850132,1,3,3,3,0.502638,0.032644
10407.484356,10408.333632,0.849276,1,3,3,1,0.501124,0.033255
10411.486469,10414.366268,2.879799,1,3,6,6,1.464436,0.036552
10417.488304,10418.338298,0.849994,1,3,3,2,0.501953,0.032515
10421.491112,10422.342412,0.8513,1,3,3,3,0.501502,0.033816
10425.493375,10428.344824,2.851449,1,3,6,5,1.461374,0.032627
10431.496981,10434.363114,2.866133,1,3,6,7,1.46461,0.032573
10437.499795,10440.364002,2.864207,1,3,6,2,1.457718,0.036292
10443.502953,10444.377436,0.874483,1,3,3,3,0.499992,0.057486
10447.504533,10448.355003,0.85047,1,3,3,3,0.500908,0.033113
10451.506631,10454.411288,2.904657,1,3,6,5,1.462409,0.032559
10457.510497,10460.4044,2.893903,1,3,6,5,1.466707,0.032448
10463.513632,10464.364169,0.850537,1,3,3,1,0.501324,0.034496
10467.51453,10468.364535,0.850005,1,3,3,1,0.50126,0.033078
10471.518072,10474.37065,2.852578,1,3,6,8,1.4603,0.032041
10477.520131,10478.393983,0.873852,1,3,3,3,0.501177,0.057247
10481.523072,10484.37454,2.851468,1,3,6,8,1.460871,0.032101
10487.525389,10490.379357,2.853968,1,3,6,5,1.461742,0.032521
10493.529048,10496.381743,2.852695,1,3,6,5,1.460441,0.032315
10499.531256,10502.383955,2.852699,1,3,6,6,1.44113,0.031631
10505.535955,10506.385131,0.849176,1,3,3,3,0.5013,0.03342
10509.537995,10512.43203,2.894035,1,3,6,6,1.466314,0.032644
10515.540434,10518.392877,2.852443,1,3,6,2,1.462838,0.03201
10521.544711,10524.426785,2.882074,1,3,6,6,1.467905,0.032807
10527.545819,10530.437665,2.891846,1,3,6,8,1.465872,0.032523
10533.550107,10534.413771,0.863664,1,3,3,2,0.502092,0.046998
10537.551661,10540.429131,2.87747,1,3,6,8,1.46848,0.03241
10543.555465,10544.404545,0.84908,1,3,3,1,0.500385,0.032662
10547.556285,10550.432659,2.876374,1,3,6,5,1.460741,0.032826
10553.560097,10556.412284,2.852187,1,3,6,6,1.468212,0.031698
10559.563535,10562.436919,2.873384,1,3,6,5,1.464533,0.032947
10565.566295,10568.4692,2.902905,1,3,6,7,1.46606,0.032266
10571.569795,10574.422125,2.85233,1,3,6,6,1.468074,0.03199
10577.573075,10580.426262,2.853187,1,3,6,5,1.462224,0.03114
10583.576982,10586.428056,2.851074,1,3,6,5,1.462687,0.031469
10589.580031,10592.432775,2.852744,1,3,6,6,1.465672,0.032131
10595.583368,10598.475624,2.892256,1,3,6,6,1.467113,0.032069
10601.58652,10602.436516,0.849996,1,3,3,2,0.502124,0.032955
10605.588461,10606.438877,0.850416,1,3,3,1,0.501379,0.032968
10609.589724,10612.472247,2.882523,1,3,6,8,1.465447,0.033001
10615.593199,10616.459412,0.866213,1,3,3,1,0.501837,0.048855
10619.594555,10620.445727,0.851172,1,3,3,1,0.501778,0.033645
10623.597472,10626.479363,2.881891,1,3,6,6,1.459741,0.031913
10629.600413,10632.45395,2.853537,1,3,6,3,1.460301,0.032962
10635.603039,10638.497825,2.894786,1,3,6,8,1.463075,0.031684
10641.606781,10644.459206,2.852425,1,3,6,4,1.460979,0.032445
10647.610656,10648.472648,0.861992,1,3,3,3,0.501096,0.045038
10651.611902,10652.463624,0.851722,1,3,3,3,0.50178,0.033763
10655.614176,10658.466567,2.852391,1,3,6,8,1.468375,0.031276
10661.616981,10662.474539,0.857558,1,3,3,2,0.500935,0.0406
10665.619707,10668.508943,2.889236,1,3,6,8,1.465855,0.032209
10671.622719,10672.471793,0.849074,1,3,3,1,0.50227,0.032627
10675.624637,10678.477739,2.853102,1,3,6,6,1.458996,0.03226
10681.628411,10682.478677,0.850266,1,3,3,3,0.499351,0.034054
10685.629417,10686.488394,0.858977,1,3,3,1,0.500039,0.041771
10689.632631,10690.482977,0.850346,1,3,3,3,0.502092,0.033298
10693.634112,10696.511533,2.877421,1,3,6,3,1.460393,0.033504
10699.637597,10702.490331,2.852734,1,3,6,5,1.463214,0.032156
10705.641328,10708.526423,2.885095,1,3,6,6,1.465825,0.032164
10711.643928,10714.496827,2.852899,1,3,6,5,1.464896,0.032054
10717.646702,10720.498972,2.85227,1,3,6,6,1.465359,0.032138
10723.649739,10726.526742,2.877003,1,3,6,8,1.466126,0.032047
10731.654706,10732.504779,0.850073,1,3,3,3,0.501753,0.032851
10735.656248,10738.510782,2.854534,1,3,6,8,1.466895,0.032095
10741.659453,10744.511096,2.851643,1,3,6,6,1.460191,0.031624
10747.662207,10748.513338,0.851131,1,3,3,0,0.501236,0.032985
10751.664707,10752.515806,0.851099,1,3,3,3,0.499028,0.035096
10755.666271,10758.519364,2.853093,1,3,6,8,1.467028,0.031802
10761.669345,10762.519832,0.850487,1,3,3,3,0.500982,0.032735
10765.672896,10768.524235,2.851339,1,3,6,6,1.46793,0.032758
10771.675869,10772.548549,0.87268,1,3,3,3,0.501088,0.056125
10775.677682,10778.542043,2.864361,1,3,6,6,1.466684,0.032225
10781.680899,10784.53304,2.852141,1,3,6,5,1.461819,0.0331
10787.683487,10790.554249,2.870762,1,3,6,5,1.465501,0.032087
10793.686396,10796.538171,2.851775,1,3,6,6,1.466621,0.03109
10799.689791,10800.540501,0.85071,1,3,3,3,0.50109,0.032788
10803.691863,10806.579122,2.887259,1,3,6,8,1.466688,0.031973
10809.695474,10812.545511,2.850037,1,3,6,5,1.460423,0.031157
10815.697468,10818.587839,2.890371,1,3,6,5,1.462479,0.032642
10821.700871,10824.551943,2.851072,1,3,6,3,1.462766,0.031638
10827.704551,10830.570322,2.865771,1,3,6,5,1.466287,0.032093
10833.70764,10834.559327,0.851687,1,3,3,2,0.502795,0.033555
10837.709334,10840.594361,2.885027,1,3,6,8,1.455919,0.04341
10843.713286,10846.566713,2.853427,1,3,6,8,1.461713,0.032101
10849.715088,10852.606676,2.891588,1,3,6,4,1.459965,0.033358
10855.719778,10858.572965,2.853187,1,3,6,8,1.467868,0.031214
10861.723116,10862.573794,0.850678,1,3,3,3,0.500904,0.034117
10865.724744,10866.54296,0.818216,1,3,2,2,0.502347,0.502347
10869.726129,10872.579417,2.853288,1,3,6,8,1.46496,0.032203
