Packet #,Date,Hour,Minute,Second,Partial Seconds,Time Differential,ID,Local Send Time,Sync Flag,Ack Flag,Data
1,2025-07-21,23,37,15,295904,0.0,BB,0,1,0,
2,2025-07-21,23,37,15,356314,0.06041,03,641,0,1,
3,2025-07-21,23,37,15,367663,0.011349,01,15,0,1,
4,2025-07-21,23,37,15,390166,0.022503,02,645,0,1,
5,2025-07-21,23,37,16,614537,1.224371,03,1250,0,0,Node 03: Network 1
6,2025-07-21,23,37,18,614982,2.000445,03,1250,0,0,Node 03: Network 1
7,2025-07-21,23,37,19,660586,1.045604,01,250,0,0,Node 01: Network 2
8,2025-07-21,23,37,20,159451,0.498865,02,750,0,0,Node 02: Network 1
9,2025-07-21,23,37,20,617001,0.45755,03,1250,0,0,Node 03: Network 1
10,2025-07-21,23,37,21,705802,1.088801,01,250,0,0,Node 01: Network 2
11,2025-07-21,23,37,22,161557,0.455755,02,750,0,0,Node 02: Network 1
12,2025-07-21,23,37,22,617857,0.4563,03,1250,0,0,Node 03: Network 1
13,2025-07-21,23,37,24,163046,1.545189,02,750,0,0,Node 02: Network 1
14,2025-07-21,23,37,24,620450,0.457404,03,1250,0,0,Node 03: Network 1
15,2025-07-21,23,37,25,709945,1.089495,01,251,0,0,Node 01: Network 2
16,2025-07-21,23,37,26,252664,0.542719,02,750,0,0,Node 02: Network 1
17,2025-07-21,23,37,28,253851,2.001187,02,750,0,0,Node 02: Network 1
18,2025-07-21,23,37,28,801166,0.547315,03,1250,0,0,Node 03: Network 1
19,2025-07-21,23,37,29,293072,0.491906,BB,0,1,0,
20,2025-07-21,23,37,29,367617,0.074545,01,1985,0,1,
21,2025-07-21,23,37,29,609786,0.242169,01,250,0,0,Node 01: Network 2
22,2025-07-21,23,37,31,612365,2.002579,01,250,0,0,Node 01: Network 2
23,2025-07-21,23,37,32,658548,1.046183,03,1250,0,0,Node 03: Network 1
24,2025-07-21,23,37,33,702613,1.044065,01,250,0,0,Node 01: Network 2
25,2025-07-21,23,37,34,246403,0.54379,02,750,0,0,Node 02: Network 1
26,2025-07-21,23,37,34,749134,0.502731,03,1250,0,0,Node 03: Network 1
27,2025-07-21,23,37,35,774448,1.025314,BB,0,1,0,01:1292:0:1
28,2025-07-21,23,37,35,814968,0.04052,BB,0,1,0,03:641:0:1
29,2025-07-21,23,37,35,859026,0.044058,01,250,0,0,Node 01: Network 2
30,2025-07-21,23,37,35,883024,0.023998,03,1832,0,1,1857:0:1
31,2025-07-21,23,37,35,949058,0.066034,01,344,0,1,
32,2025-07-21,23,37,35,970076,0.021018,01,15,0,1,645:0:1
33,2025-07-21,23,37,35,989077,0.019001,02,389,0,1,
34,2025-07-21,23,37,36,023585,0.034508,03,1250,0,0,Node 03: Network 1
35,2025-07-21,23,37,36,036095,0.01251,03,389,0,1,
36,2025-07-21,23,37,36,211500,0.175405,01,250,0,0,Node 01: Network 2
37,2025-07-21,23,37,36,246023,0.034523,03,1250,0,0,Node 03: Network 1
38,2025-07-21,23,37,36,345715,0.099692,01,250,0,0,Node 01: Network 2
39,2025-07-21,23,37,36,483853,0.138138,02,750,0,0,Node 02: Network 1
40,2025-07-21,23,37,36,518381,0.034528,03,1250,0,0,Node 03: Network 1
41,2025-07-21,23,37,36,583909,0.065528,01,250,0,0,Node 01: Network 2
42,2025-07-21,23,37,36,642931,0.059022,02,750,0,0,Node 02: Network 1
43,2025-07-21,23,37,36,761623,0.118692,03,1250,0,0,Node 03: Network 1
44,2025-07-21,23,37,36,811145,0.049522,02,750,0,0,Node 02: Network 1
45,2025-07-21,23,37,36,875165,0.06402,03,1250,0,0,Node 03: Network 1
46,2025-07-21,23,37,36,916182,0.041017,01,251,0,0,Node 01: Network 2
47,2025-07-21,23,37,37,292044,0.375862,BB,0,1,0,
48,2025-07-21,23,37,41,291655,3.999611,BB,0,1,0,
49,2025-07-21,23,37,41,340670,0.049015,02,544,0,1,
50,2025-07-21,23,37,41,379717,0.039047,01,1486,0,1,
51,2025-07-21,23,37,41,393716,0.013999,03,1223,0,1,
52,2025-07-21,23,37,43,291271,1.897555,BB,0,1,0,
53,2025-07-21,23,37,43,334286,0.043015,02,612,0,1,
54,2025-07-21,23,37,43,357795,0.023509,01,1955,0,1,
55,2025-07-21,23,37,43,424319,0.066524,03,617,0,1,
56,2025-07-21,23,37,43,607452,0.183133,01,250,0,0,Node 01: Network 2
57,2025-07-21,23,37,44,151395,0.543943,02,750,0,0,Node 02: Network 1
58,2025-07-21,23,37,47,290146,3.138751,BB,0,1,0,
59,2025-07-21,23,37,47,355181,0.065035,01,1947,0,1,
60,2025-07-21,23,37,47,399255,0.044074,02,607,0,1,
61,2025-07-21,23,37,47,474786,0.075531,03,613,0,1,
62,2025-07-21,23,37,48,607806,1.13302,03,1250,0,0,Node 03: Network 1
63,2025-07-21,23,37,50,153122,1.545316,02,750,0,0,Node 02: Network 1
64,2025-07-21,23,37,50,610198,0.457076,03,1250,0,0,Node 03: Network 1
65,2025-07-21,23,37,51,700291,1.090093,01,250,0,0,Node 01: Network 2
66,2025-07-21,23,37,52,153492,0.453201,02,750,0,0,Node 02: Network 1
67,2025-07-21,23,37,52,747241,0.593749,03,1250,0,0,Node 03: Network 1
68,2025-07-21,23,37,54,291656,1.544415,02,750,0,0,Node 02: Network 1
69,2025-07-21,23,37,54,839511,0.547855,03,1250,0,0,Node 03: Network 1
70,2025-07-21,23,37,55,288287,0.448776,BB,0,1,0,
71,2025-07-21,23,37,57,288658,2.000371,BB,0,1,0,
72,2025-07-21,23,37,57,334680,0.046022,02,1727,0,1,
73,2025-07-21,23,37,57,391762,0.057082,03,1773,0,1,
74,2025-07-21,23,37,57,426774,0.035012,01,1725,0,1,
75,2025-07-21,23,37,58,104633,0.677859,02,750,0,0,Node 02: Network 1
76,2025-07-21,23,38,00,107045,2.002412,02,751,0,0,Node 02: Network 1
77,2025-07-21,23,38,02,108596,2.001551,02,750,0,0,Node 02: Network 1
78,2025-07-21,23,38,03,655986,1.54739,01,250,0,0,Node 01: Network 2
79,2025-07-21,23,38,04,201180,0.545194,02,750,0,0,Node 02: Network 1
80,2025-07-21,23,38,04,328803,0.127623,BB,0,1,0,
81,2025-07-21,23,38,04,395402,0.066599,BB,0,1,0,02:544:0:1
82,2025-07-21,23,38,04,432918,0.037516,BB,0,1,0,02:612:0:1
83,2025-07-21,23,38,04,446425,0.013507,01,1054,0,1,
84,2025-07-21,23,38,04,459934,0.013509,02,1629,0,1,
85,2025-07-21,23,38,04,551486,0.091552,BB,0,1,0,01:1947:0:1
86,2025-07-21,23,38,04,565000,0.013514,02,1696,0,1,
87,2025-07-21,23,38,04,616021,0.051021,02,1732,0,1,
88,2025-07-21,23,38,04,634531,0.01851,03,1018,0,1,
89,2025-07-21,23,38,04,659036,0.024505,01,1486,0,1,1223:0:1
90,2025-07-21,23,38,04,681067,0.022031,03,1744,0,1,
91,2025-07-21,23,38,04,710578,0.029511,01,1955,0,1,03:617:0:1
92,2025-07-21,23,38,04,758602,0.048024,02,607,0,1,
93,2025-07-21,23,38,04,774109,0.015507,03,613,0,1,
94,2025-07-21,23,38,04,788621,0.014512,01,1059,0,1,
95,2025-07-21,23,38,04,873674,0.085053,02,750,0,0,Node 02: Network 1
96,2025-07-21,23,38,05,002794,0.12912,02,750,0,0,Node 02: Network 1
97,2025-07-21,23,38,05,028823,0.026029,01,1175,0,1,
98,2025-07-21,23,38,05,062331,0.033508,01,250,0,0,Node 01: Network 2
99,2025-07-21,23,38,05,124381,0.06205,01,250,0,0,Node 01: Network 2
100,2025-07-21,23,38,05,228457,0.104076,02,750,0,0,Node 02: Network 1
101,2025-07-21,23,38,05,315875,0.087418,02,780,0,0,Node 02: Network 1
102,2025-07-21,23,38,05,480079,0.164204,03,1250,0,0,Node 03: Network 1
103,2025-07-21,23,38,05,572030,0.091951,03,1250,0,0,Node 03: Network 1
104,2025-07-21,23,38,05,648163,0.076133,02,750,0,0,Node 02: Network 1
105,2025-07-21,23,38,05,703829,0.055666,03,1250,0,0,Node 03: Network 1
106,2025-07-21,23,38,05,774381,0.070552,01,250,0,0,Node 01: Network 2
107,2025-07-21,23,38,05,784893,0.010512,BB,0,1,0,
108,2025-07-21,23,38,05,835423,0.05053,02,750,0,0,Node 02: Network 1
109,2025-07-21,23,38,05,891956,0.056533,03,1250,0,0,Node 03: Network 1
110,2025-07-21,23,38,05,974998,0.083042,02,780,0,0,Node 02: Network 1
111,2025-07-21,23,38,06,008017,0.033019,02,750,0,0,Node 02: Network 1
112,2025-07-21,23,38,06,834971,0.826954,03,1250,0,0,Node 03: Network 1
113,2025-07-21,23,38,07,286943,0.451972,BB,0,1,0,
114,2025-07-21,23,38,07,329998,0.043055,02,584,0,1,
115,2025-07-21,23,38,07,372514,0.042516,03,596,0,1,
116,2025-07-21,23,38,08,605222,1.232708,03,1250,0,0,Node 03: Network 1
117,2025-07-21,23,38,10,148368,1.543146,02,750,0,0,Node 02: Network 1
118,2025-07-21,23,38,10,607155,0.458787,03,1250,0,0,Node 03: Network 1
119,2025-07-21,23,38,11,693386,1.086231,01,250,0,0,Node 01: Network 2
120,2025-07-21,23,38,12,740359,1.046973,03,1250,0,0,Node 03: Network 1
121,2025-07-21,23,38,13,698306,0.957947,01,250,0,0,Node 01: Network 2
122,2025-07-21,23,38,14,772054,1.073748,03,1250,0,0,Node 03: Network 1
123,2025-07-21,23,38,15,701959,0.929905,01,250,0,0,Node 01: Network 2
124,2025-07-21,23,38,19,285302,3.583343,BB,0,1,0,
125,2025-07-21,23,38,19,346073,0.060771,03,585,0,1,
126,2025-07-21,23,38,19,378596,0.032523,01,1879,0,1,
127,2025-07-21,23,38,19,426169,0.047573,02,570,0,1,
128,2025-07-21,23,38,19,600514,0.174345,01,250,0,0,Node 01: Network 2
129,2025-07-21,23,38,22,793480,3.192966,BB,0,1,0,0:1:0
130,2025-07-21,23,38,22,834989,0.041509,03,91,0,1,
131,2025-07-21,23,38,22,855009,0.02002,BB,0,1,0,
132,2025-07-21,23,38,22,867517,0.012508,01,1382,0,1,
133,2025-07-21,23,38,22,880027,0.01251,02,74,0,1,
134,2025-07-21,23,38,23,023099,0.143072,03,178,0,1,
135,2025-07-21,23,38,23,077278,0.054179,BB,0,1,0,02:584:0:1
136,2025-07-21,23,38,23,090277,0.012999,02,154,0,1,
137,2025-07-21,23,38,23,202035,0.111758,01,333,0,1,
138,2025-07-21,23,38,23,254057,0.052022,02,1727,0,1,1175:0:1
139,2025-07-21,23,38,23,267058,0.013001,03,384,0,1,
140,2025-07-21,23,38,23,294077,0.027019,03,596,0,1,
141,2025-07-21,23,38,23,337584,0.043507,03,1250,0,0,Node 03: Network 1
142,2025-07-21,23,38,23,395240,0.057656,01,250,0,0,Node 01: Network 2
143,2025-07-21,23,38,23,484907,0.089667,02,780,0,0,Node 02: Network 1
144,2025-07-21,23,38,23,494414,0.009507,BB,0,1,0,
145,2025-07-21,23,38,23,528825,0.034411,03,1250,0,0,Node 03: Network 1
146,2025-07-21,23,38,23,657881,0.129056,02,780,0,0,Node 02: Network 1
147,2025-07-21,23,38,23,718500,0.060619,03,1250,0,0,Node 03: Network 1
148,2025-07-21,23,38,23,772514,0.054014,01,274,0,0,Node 01: Network 2
149,2025-07-21,23,38,23,804564,0.03205,01,251,0,0,Node 01: Network 2
150,2025-07-21,23,38,23,816565,0.012001,02,776,0,1,
151,2025-07-21,23,38,23,851073,0.034508,03,1250,0,0,Node 03: Network 1
152,2025-07-21,23,38,23,884580,0.033507,03,1281,0,0,Node 03: Network 1
153,2025-07-21,23,38,23,917498,0.032918,02,750,0,0,Node 02: Network 1
154,2025-07-21,23,38,23,952517,0.035019,03,1250,0,0,Node 03: Network 1
155,2025-07-21,23,38,23,963516,0.010999,01,82,0,1,
156,2025-07-21,23,38,23,996537,0.033021,01,250,0,0,Node 01: Network 2
157,2025-07-21,23,38,24,109645,0.113108,03,1250,0,0,Node 03: Network 1
158,2025-07-21,23,38,24,189173,0.079528,01,250,0,0,Node 01: Network 2
159,2025-07-21,23,38,25,082996,0.893823,02,750,0,0,Node 02: Network 1
160,2025-07-21,23,38,25,284250,0.201254,BB,0,1,0,
161,2025-07-21,23,38,27,284244,1.999994,BB,0,1,0,
162,2025-07-21,23,38,27,351716,0.067472,01,178,0,1,
163,2025-07-21,23,38,27,365225,0.013509,02,1023,0,1,
164,2025-07-21,23,38,27,392737,0.027512,03,1033,0,1,
165,2025-07-21,23,38,28,100633,0.707896,02,750,0,0,Node 02: Network 1
166,2025-07-21,23,38,28,602994,0.502361,03,1250,0,0,Node 03: Network 1
167,2025-07-21,23,38,30,102528,1.499534,02,750,0,0,Node 02: Network 1
168,2025-07-21,23,38,30,603722,0.501194,03,1250,0,0,Node 03: Network 1
169,2025-07-21,23,38,31,648984,1.045262,01,250,0,0,Node 01: Network 2
170,2025-07-21,23,38,32,104575,0.455591,02,750,0,0,Node 02: Network 1
171,2025-07-21,23,38,32,606066,0.501491,03,1250,0,0,Node 03: Network 1
172,2025-07-21,23,38,33,652003,1.045937,01,250,0,0,Node 01: Network 2
173,2025-07-21,23,38,34,106291,0.454288,02,750,0,0,Node 02: Network 1
174,2025-07-21,23,38,35,655492,1.549201,01,250,0,0,Node 01: Network 2
175,2025-07-21,23,38,36,108612,0.45312,02,750,0,0,Node 02: Network 1
176,2025-07-21,23,38,39,282667,3.174055,BB,0,1,0,
177,2025-07-21,23,38,39,325719,0.043052,03,568,0,1,
178,2025-07-21,23,38,39,360226,0.034507,01,1838,0,1,
179,2025-07-21,23,38,39,373227,0.013001,02,547,0,1,
180,2025-07-21,23,38,40,098535,0.725308,02,750,0,0,Node 02: Network 1
181,2025-07-21,23,38,40,601404,0.502869,03,1250,0,0,Node 03: Network 1
182,2025-07-21,23,38,41,645107,1.043703,01,250,0,0,Node 01: Network 2
183,2025-07-21,23,38,41,690133,0.045026,BB,0,1,0,
184,2025-07-21,23,38,41,734667,0.044534,BB,0,1,0,
185,2025-07-21,23,38,41,754669,0.020002,01,242,0,1,
186,2025-07-21,23,38,41,820230,0.065561,BB,0,1,0,01:178:0:1
187,2025-07-21,23,38,41,839235,0.019005,02,457,0,1,
188,2025-07-21,23,38,41,930283,0.091048,02,776,0,1,1281:0:0:Node 03: Network 1
189,2025-07-21,23,38,41,942284,0.012001,01,181,0,1,
190,2025-07-21,23,38,41,953798,0.011514,01,82,0,1,
191,2025-07-21,23,38,41,967821,0.014023,02,1125,0,1,
192,2025-07-21,23,38,41,998347,0.030526,03,367,0,1,
193,2025-07-21,23,38,42,071090,0.072743,02,1023,0,1,1033:0:1
194,2025-07-21,23,38,42,127132,0.056042,03,1146,0,1,
195,2025-07-21,23,38,42,160645,0.033513,01,250,0,0,Node 01: Network 2
196,2025-07-21,23,38,42,253730,0.093085,03,1250,0,0,Node 03: Network 1
197,2025-07-21,23,38,42,382091,0.128361,01,279,0,0,Node 01: Network 2
198,2025-07-21,23,38,42,434622,0.052531,01,251,0,0,Node 01: Network 2
199,2025-07-21,23,38,42,505163,0.070541,01,250,0,0,Node 01: Network 2
200,2025-07-21,23,38,42,587213,0.08205,02,750,0,0,Node 02: Network 1
201,2025-07-21,23,38,42,677763,0.09055,02,750,0,0,Node 02: Network 1
202,2025-07-21,23,38,42,714803,0.03704,03,1250,0,0,Node 03: Network 1
203,2025-07-21,23,38,42,807494,0.092691,02,750,0,0,Node 02: Network 1
204,2025-07-21,23,38,42,869103,0.061609,03,1250,0,0,Node 03: Network 1
205,2025-07-21,23,38,42,968668,0.099565,01,250,0,0,Node 01: Network 2
206,2025-07-21,23,38,43,170083,0.201415,03,1250,0,0,Node 03: Network 1
207,2025-07-21,23,38,43,281637,0.111554,BB,0,1,0,
208,2025-07-21,23,38,43,355705,0.074068,03,565,0,1,
209,2025-07-21,23,38,45,280765,1.92506,BB,0,1,0,
210,2025-07-21,23,38,45,324783,0.044018,02,300,0,1,
211,2025-07-21,23,38,45,337297,0.012514,03,562,0,1,
212,2025-07-21,23,38,45,356809,0.019512,01,1249,0,1,
213,2025-07-21,23,38,47,280575,1.923766,BB,0,1,0,
214,2025-07-21,23,38,47,343613,0.063038,02,538,0,1,
215,2025-07-21,23,38,47,376132,0.032519,01,1821,0,1,
216,2025-07-21,23,38,47,410154,0.034022,03,560,0,1,
217,2025-07-21,23,38,47,596534,0.18638,01,250,0,0,Node 01: Network 2
218,2025-07-21,23,38,48,141225,0.544691,02,750,0,0,Node 02: Network 1
219,2025-07-21,23,38,48,598724,0.457499,03,1250,0,0,Node 03: Network 1
220,2025-07-21,23,38,49,601224,1.0025,01,250,0,0,Node 01: Network 2
221,2025-07-21,23,38,50,600566,0.999342,03,1250,0,0,Node 03: Network 1
222,2025-07-21,23,38,51,605265,1.004699,01,250,0,0,Node 01: Network 2
223,2025-07-21,23,38,52,148391,0.543126,02,750,0,0,Node 02: Network 1
224,2025-07-21,23,38,53,608355,1.459964,01,250,0,0,Node 01: Network 2
225,2025-07-21,23,38,54,150753,0.542398,02,750,0,0,Node 02: Network 1
226,2025-07-21,23,38,54,696013,0.54526,03,1250,0,0,Node 03: Network 1
227,2025-07-21,23,38,55,741038,1.045025,01,250,0,0,Node 01: Network 2
228,2025-07-21,23,38,56,152767,0.411729,02,750,0,0,Node 02: Network 1
229,2025-07-21,23,38,56,697628,0.544861,03,1250,0,0,Node 03: Network 1
230,2025-07-21,23,38,57,745295,1.047667,01,250,0,0,Node 01: Network 2
231,2025-07-21,23,38,58,155197,0.409902,02,750,0,0,Node 02: Network 1
232,2025-07-21,23,38,58,792530,0.637333,03,1250,0,0,Node 03: Network 1
233,2025-07-21,23,38,59,278073,0.485543,BB,0,1,0,
234,2025-07-21,23,38,59,322631,0.044558,01,1796,0,1,
235,2025-07-21,23,38,59,335631,0.013,02,523,0,1,
236,2025-07-21,23,38,59,376156,0.040525,03,549,0,1,
237,2025-07-21,23,38,59,593291,0.217135,01,250,0,0,Node 01: Network 2
238,2025-07-21,23,39,00,094111,0.50082,02,750,0,0,Node 02: Network 1
239,2025-07-21,23,39,00,640878,0.546767,03,1250,0,0,Node 03: Network 1
240,2025-07-21,23,39,01,684543,1.043665,01,250,0,0,Node 01: Network 2
241,2025-07-21,23,39,02,185610,0.501067,02,750,0,0,Node 02: Network 1
242,2025-07-21,23,39,02,223122,0.037512,BB,0,1,0,
243,2025-07-21,23,39,02,283209,0.060087,01,735,0,1,
244,2025-07-21,23,39,02,318248,0.035039,BB,0,1,0,02:300:0:1
245,2025-07-21,23,39,02,341267,0.023019,BB,0,1,0,02:538:0:1
246,2025-07-21,23,39,02,354781,0.013514,02,1465,0,1,
247,2025-07-21,23,39,02,397289,0.042508,03,565,0,1,
248,2025-07-21,23,39,02,473667,0.076378,02,140,0,1,
249,2025-07-21,23,39,02,521862,0.048195,01,1249,0,1,562:0:1
250,2025-07-21,23,39,02,534511,0.012649,01,138,0,1,
251,2025-07-21,23,39,02,595415,0.060904,01,1821,0,1,560:0:1
252,2025-07-21,23,39,02,661309,0.065894,03,927,0,1,
253,2025-07-21,23,39,02,701824,0.040515,02,750,0,0,Node 02: Network 1
254,2025-07-21,23,39,02,744370,0.042546,03,1250,0,0,Node 03: Network 1
255,2025-07-21,23,39,02,757883,0.013513,03,1625,0,1,
256,2025-07-21,23,39,02,838444,0.080561,01,279,0,0,Node 01: Network 2
257,2025-07-21,23,39,02,883464,0.04502,01,261,0,0,Node 01: Network 2
258,2025-07-21,23,39,02,942512,0.059048,03,1250,0,0,Node 03: Network 1
259,2025-07-21,23,39,03,021555,0.079043,01,250,0,0,Node 01: Network 2
260,2025-07-21,23,39,03,088834,0.067279,02,750,0,0,Node 02: Network 1
261,2025-07-21,23,39,03,134899,0.046065,03,1250,0,0,Node 03: Network 1
262,2025-07-21,23,39,03,246480,0.111581,02,754,0,0,Node 02: Network 1
263,2025-07-21,23,39,03,296497,0.050017,01,250,0,0,Node 01: Network 2
264,2025-07-21,23,39,03,416093,0.119596,03,1250,0,0,Node 03: Network 1
265,2025-07-21,23,39,03,460108,0.044015,01,250,0,0,Node 01: Network 2
266,2025-07-21,23,39,03,503619,0.043511,02,750,0,0,Node 02: Network 1
267,2025-07-21,23,39,03,655223,0.151604,BB,0,1,0,
268,2025-07-21,23,39,07,277278,3.622055,BB,0,1,0,
269,2025-07-21,23,39,07,310785,0.033507,01,933,0,1,
270,2025-07-21,23,39,07,360827,0.050042,03,339,0,1,
271,2025-07-21,23,39,07,414850,0.054023,02,938,0,1,
272,2025-07-21,23,39,08,594656,1.179806,03,1250,0,0,Node 03: Network 1
273,2025-07-21,23,39,10,139498,1.544842,02,750,0,0,Node 02: Network 1
274,2025-07-21,23,39,11,686442,1.546944,01,251,0,0,Node 01: Network 2
275,2025-07-21,23,39,12,730285,1.043843,03,1250,0,0,Node 03: Network 1
276,2025-07-21,23,39,13,689085,0.9588,01,250,0,0,Node 01: Network 2
277,2025-07-21,23,39,14,275690,0.586605,02,750,0,0,Node 02: Network 1
278,2025-07-21,23,39,14,733274,0.457584,03,1250,0,0,Node 03: Network 1
279,2025-07-21,23,39,15,693440,0.960166,01,250,0,0,Node 01: Network 2
280,2025-07-21,23,39,16,278339,0.584899,02,750,0,0,Node 02: Network 1
281,2025-07-21,23,39,16,734902,0.456563,03,1250,0,0,Node 03: Network 1
282,2025-07-21,23,39,17,274705,0.539803,BB,0,1,0,
283,2025-07-21,23,39,17,331224,0.056519,01,1757,0,1,
284,2025-07-21,23,39,21,275298,3.944074,BB,0,1,0,
285,2025-07-21,23,39,21,315811,0.040513,03,1862,0,1,
286,2025-07-21,23,39,21,332322,0.016511,01,1750,0,1,
287,2025-07-21,23,39,21,359936,0.027614,02,1815,0,1,
288,2025-07-21,23,39,21,590291,0.230355,01,250,0,0,Node 01: Network 2
289,2025-07-21,23,39,22,092137,0.501846,02,750,0,0,Node 02: Network 1
290,2025-07-21,23,39,22,636898,0.544761,03,1250,0,0,Node 03: Network 1
291,2025-07-21,23,39,23,682353,1.045455,01,250,0,0,Node 01: Network 2
292,2025-07-21,23,39,25,776803,2.09445,0,01,1,0,0:Node 01: Network 2
293,2025-07-21,23,39,25,786802,0.009999,BB,0,1,0,
294,2025-07-21,23,39,25,822316,0.035514,BB,0,1,0,933:0:1
295,2025-07-21,23,39,25,857901,0.035585,03,339,0,1,02:938:0:1
296,2025-07-21,23,39,25,888409,0.030508,02,1005,0,1,
297,2025-07-21,23,39,25,949150,0.060741,01,250,0,0,Node 01: Network 2
298,2025-07-21,23,39,26,005198,0.056048,03,81,0,1,
299,2025-07-21,23,39,26,046219,0.041021,02,750,0,0,Node 02: Network 1
300,2025-07-21,23,39,26,059218,0.012999,01,253,0,1,
301,2025-07-21,23,39,26,105731,0.046513,02,754,0,0,Node 02: Network 1
302,2025-07-21,23,39,26,248822,0.143091,03,1250,0,0,Node 03: Network 1
303,2025-07-21,23,39,26,369515,0.120693,02,750,0,0,Node 02: Network 1
304,2025-07-21,23,39,26,428542,0.059027,01,281,0,0,Node 01: Network 2
305,2025-07-21,23,39,26,461902,0.03336,01,251,0,0,Node 01: Network 2
306,2025-07-21,23,39,26,504874,0.042972,03,1250,0,0,Node 03: Network 1
307,2025-07-21,23,39,26,575062,0.070188,01,250,0,0,Node 01: Network 2
308,2025-07-21,23,39,26,640177,0.065115,02,750,0,0,Node 02: Network 1
309,2025-07-21,23,39,26,689706,0.049529,03,1250,0,0,Node 03: Network 1
310,2025-07-21,23,39,26,742723,0.053017,01,250,0,0,Node 01: Network 2
311,2025-07-21,23,39,26,848372,0.105649,02,760,0,0,Node 02: Network 1
312,2025-07-21,23,39,27,023651,0.175279,03,1250,0,0,Node 03: Network 1
313,2025-07-21,23,39,27,275170,0.251519,BB,0,1,0,
314,2025-07-21,23,39,29,273978,1.998808,BB,0,1,0,
315,2025-07-21,23,39,29,320514,0.046536,02,1603,0,1,
316,2025-07-21,23,39,29,337519,0.017005,01,1600,0,1,
317,2025-07-21,23,39,29,361539,0.02402,03,1603,0,1,
318,2025-07-21,23,39,29,591167,0.229628,01,250,0,0,Node 01: Network 2
319,2025-07-21,23,39,30,092066,0.500899,02,750,0,0,Node 02: Network 1
320,2025-07-21,23,39,30,637435,0.545369,03,1250,0,0,Node 03: Network 1
321,2025-07-21,23,39,31,593123,0.955688,01,250,0,0,Node 01: Network 2
322,2025-07-21,23,39,32,182739,0.589616,02,750,0,0,Node 02: Network 1
323,2025-07-21,23,39,32,639896,0.457157,03,1250,0,0,Node 03: Network 1
324,2025-07-21,23,39,33,597730,0.957834,01,250,0,0,Node 01: Network 2
325,2025-07-21,23,39,34,184690,0.58696,02,750,0,0,Node 02: Network 1
326,2025-07-21,23,39,34,644987,0.460297,03,1250,0,0,Node 03: Network 1
327,2025-07-21,23,39,35,601976,0.956989,01,250,0,0,Node 01: Network 2
328,2025-07-21,23,39,36,186226,0.58425,02,750,0,0,Node 02: Network 1
329,2025-07-21,23,39,36,648283,0.462057,03,1250,0,0,Node 03: Network 1
330,2025-07-21,23,39,37,605577,0.957294,01,250,0,0,Node 01: Network 2
331,2025-07-21,23,39,38,187768,0.582191,02,750,0,0,Node 02: Network 1
332,2025-07-21,23,39,38,734740,0.546972,03,1250,0,0,Node 03: Network 1
333,2025-07-21,23,39,39,734487,0.999747,01,250,0,0,Node 01: Network 2
334,2025-07-21,23,39,40,190194,0.455707,02,750,0,0,Node 02: Network 1
335,2025-07-21,23,39,40,736598,0.546404,03,1251,0,0,Node 03: Network 1
336,2025-07-21,23,39,41,735874,0.999276,01,250,0,0,Node 01: Network 2
337,2025-07-21,23,39,42,279327,0.543453,02,750,0,0,Node 02: Network 1
338,2025-07-21,23,39,42,677482,0.398155,BB,0,1,0,
339,2025-07-21,23,39,42,746512,0.06903,BB,0,1,0,02:1603:0:1
340,2025-07-21,23,39,42,760019,0.013507,02,1878,0,1,
341,2025-07-21,23,39,42,861084,0.101065,01,1110,0,1,
342,2025-07-21,23,39,42,905106,0.044022,01,1600,0,1,1603:0:1
343,2025-07-21,23,39,42,933104,0.027998,03,1289,0,1,
344,2025-07-21,23,39,43,051678,0.118574,02,750,0,0,Node 02: Network 1
345,2025-07-21,23,39,43,085241,0.033563,03,1250,0,0,Node 03: Network 1
346,2025-07-21,23,39,43,186810,0.101569,01,281,0,0,Node 01: Network 2
347,2025-07-21,23,39,43,220319,0.033509,02,760,0,0,Node 02: Network 1
348,2025-07-21,23,39,43,283346,0.063027,03,1250,0,0,Node 03: Network 1
349,2025-07-21,23,39,43,346870,0.063524,BB,0,1,0,
350,2025-07-21,23,39,43,394945,0.048075,01,250,0,0,Node 01: Network 2
351,2025-07-21,23,39,43,482006,0.087061,02,750,0,0,Node 02: Network 1
352,2025-07-21,23,39,43,517026,0.03502,03,1250,0,0,Node 03: Network 1
353,2025-07-21,23,39,43,529538,0.012512,02,547,0,1,
354,2025-07-21,23,39,43,618586,0.089048,02,750,0,0,Node 02: Network 1
355,2025-07-21,23,39,43,653606,0.03502,03,1250,0,0,Node 03: Network 1
356,2025-07-21,23,39,43,938360,0.284754,02,750,0,0,Node 02: Network 1
357,2025-07-21,23,39,45,027827,1.089467,01,250,0,0,Node 01: Network 2
358,2025-07-21,23,39,45,271414,0.243587,BB,0,1,0,
359,2025-07-21,23,39,45,333429,0.062015,03,510,0,1,
360,2025-07-21,23,39,47,270907,1.937478,BB,0,1,0,
361,2025-07-21,23,39,47,321927,0.05102,03,508,0,1,
362,2025-07-21,23,39,47,333927,0.012,01,563,0,1,
363,2025-07-21,23,39,47,356949,0.023022,02,151,0,1,
364,2025-07-21,23,39,47,587577,0.230628,01,250,0,0,Node 01: Network 2
365,2025-07-21,23,39,48,131947,0.54437,02,750,0,0,Node 02: Network 1
366,2025-07-21,23,39,48,678631,0.546684,03,1250,0,0,Node 03: Network 1
367,2025-07-21,23,39,49,680165,1.001534,01,250,0,0,Node 01: Network 2
368,2025-07-21,23,39,50,681252,1.001087,03,1250,0,0,Node 03: Network 1
369,2025-07-21,23,39,51,726371,1.045119,01,250,0,0,Node 01: Network 2
370,2025-07-21,23,39,52,270828,0.544457,02,750,0,0,Node 02: Network 1
371,2025-07-21,23,39,52,681538,0.41071,03,1250,0,0,Node 03: Network 1
372,2025-07-21,23,39,53,816918,1.13538,01,250,0,0,Node 01: Network 2
373,2025-07-21,23,39,54,361235,0.544317,02,750,0,0,Node 02: Network 1
374,2025-07-21,23,39,54,683627,0.322392,03,1250,0,0,Node 03: Network 1
375,2025-07-21,23,39,55,269831,0.586204,BB,0,1,0,
376,2025-07-21,23,39,55,338368,0.068537,02,458,0,1,
377,2025-07-21,23,39,57,269899,1.931531,BB,0,1,0,
378,2025-07-21,23,39,57,321930,0.052031,02,456,0,1,
379,2025-07-21,23,39,57,335437,0.013507,03,1909,0,1,
380,2025-07-21,23,39,57,370456,0.035019,01,1769,0,1,
381,2025-07-21,23,39,57,585694,0.215238,01,250,0,0,Node 01: Network 2
382,2025-07-21,23,39,58,129732,0.544038,02,750,0,0,Node 02: Network 1
383,2025-07-21,23,39,58,631636,0.501904,03,1250,0,0,Node 03: Network 1
384,2025-07-21,23,39,59,589587,0.957951,01,250,0,0,Node 01: Network 2
385,2025-07-21,23,40,00,131703,0.542116,02,750,0,0,Node 02: Network 1
386,2025-07-21,23,40,00,677372,0.545669,03,1250,0,0,Node 03: Network 1
387,2025-07-21,23,40,01,593500,0.916128,01,250,0,0,Node 01: Network 2
388,2025-07-21,23,40,01,789093,0.195593,BB,0,1,0,03:510:0:1
389,2025-07-21,23,40,01,857622,0.068529,BB,0,1,0,01:563:0:1
390,2025-07-21,23,40,01,880756,0.023134,02,547,0,1,
391,2025-07-21,23,40,01,901773,0.021017,01,185,0,1,
392,2025-07-21,23,40,01,951795,0.050022,03,508,0,1,151:0:1
393,2025-07-21,23,40,01,963794,0.011999,02,459,0,1,
394,2025-07-21,23,40,02,023848,0.060054,03,504,0,1,
395,2025-07-21,23,40,02,149415,0.125567,01,250,0,0,Node 01: Network 2
396,2025-07-21,23,40,02,182436,0.033021,02,750,0,0,Node 02: Network 1
397,2025-07-21,23,40,02,304866,0.12243,0,,0,0,1:0
398,2025-07-21,23,40,02,365400,0.060534,01,280,0,0,Node 01: Network 2
399,2025-07-21,23,40,02,433019,0.067619,02,750,0,0,Node 02: Network 1
400,2025-07-21,23,40,02,542655,0.109636,01,250,0,0,Node 01: Network 2
401,2025-07-21,23,40,02,609755,0.0671,01,250,0,0,Node 01: Network 2
402,2025-07-21,23,40,02,672285,0.06253,02,750,0,0,Node 02: Network 1
403,2025-07-21,23,40,02,705941,0.033656,03,1250,0,0,Node 03: Network 1
404,2025-07-21,23,40,02,738451,0.03251,02,772,0,0,Node 02: Network 1
405,2025-07-21,23,40,02,792980,0.054529,03,1250,0,0,Node 03: Network 1
406,2025-07-21,23,40,02,898870,0.10589,01,250,0,0,Node 01: Network 2
407,2025-07-21,23,40,02,933382,0.034512,01,250,0,0,Node 01: Network 2
408,2025-07-21,23,40,03,267754,0.334372,BB,0,1,0,
409,2025-07-21,23,40,05,267299,1.999545,BB,0,1,0,
410,2025-07-21,23,40,05,312505,0.045206,03,1004,0,1,
411,2025-07-21,23,40,05,337015,0.02451,02,1426,0,1,
412,2025-07-21,23,40,05,409059,0.072044,01,1609,0,1,
413,2025-07-21,23,40,06,083419,0.67436,02,750,0,0,Node 02: Network 1
414,2025-07-21,23,40,06,586731,0.503312,03,1250,0,0,Node 03: Network 1
415,2025-07-21,23,40,07,633034,1.046303,01,250,0,0,Node 01: Network 2
416,2025-07-21,23,40,08,176020,0.542986,02,750,0,0,Node 02: Network 1
417,2025-07-21,23,40,11,266058,3.090038,BB,0,1,0,
418,2025-07-21,23,40,11,305089,0.039031,02,439,0,1,
419,2025-07-21,23,40,11,348105,0.043016,03,486,0,1,
420,2025-07-21,23,40,11,361613,0.013508,01,1644,0,1,
421,2025-07-21,23,40,11,582972,0.221359,01,250,0,0,Node 01: Network 2
422,2025-07-21,23,40,12,082807,0.499835,02,750,0,0,Node 02: Network 1
423,2025-07-21,23,40,13,586618,1.503811,01,251,0,0,Node 01: Network 2
424,2025-07-21,23,40,14,086262,0.499644,02,750,0,0,Node 02: Network 1
425,2025-07-21,23,40,14,632731,0.546469,03,1250,0,0,Node 03: Network 1
426,2025-07-21,23,40,15,678233,1.045502,01,250,0,0,Node 01: Network 2
427,2025-07-21,23,40,16,223654,0.545421,02,751,0,0,Node 02: Network 1
428,2025-07-21,23,40,16,769252,0.545598,03,1250,0,0,Node 03: Network 1
429,2025-07-21,23,40,17,266501,0.497249,BB,0,1,0,
430,2025-07-21,23,40,19,265966,1.999465,BB,0,1,0,
431,2025-07-21,23,40,19,302856,0.03689,02,1774,0,1,
432,2025-07-21,23,40,19,362873,0.060017,01,1772,0,1,
433,2025-07-21,23,40,19,423949,0.061076,03,1820,0,1,
434,2025-07-21,23,40,19,582394,0.158445,01,250,0,0,Node 01: Network 2
435,2025-07-21,23,40,20,583798,1.001404,03,1250,0,0,Node 03: Network 1
436,2025-07-21,23,40,22,127628,1.54383,02,750,0,0,Node 02: Network 1
437,2025-07-21,23,40,22,584826,0.457198,03,1250,0,0,Node 03: Network 1
438,2025-07-21,23,40,23,629884,1.045058,01,250,0,0,Node 01: Network 2
439,2025-07-21,23,40,23,692417,0.062533,BB,0,1,0,
440,2025-07-21,23,40,23,768204,0.075787,01,47,0,1,
441,2025-07-21,23,40,23,781211,0.013007,03,903,0,1,
442,2025-07-21,23,40,23,807801,0.02659,BB,0,1,0,03:1004:0:1
443,2025-07-21,23,40,23,833309,0.025508,BB,0,1,0,439:0:1
444,2025-07-21,23,40,23,876334,0.043025,02,1426,0,1,
445,2025-07-21,23,40,23,969890,0.093556,01,1609,0,1,
446,2025-07-21,23,40,24,023431,0.053541,01,152,0,1,
447,2025-07-21,23,40,24,064445,0.041014,03,149,0,1,
448,2025-07-21,23,40,24,076446,0.012001,02,500,0,1,
449,2025-07-21,23,40,24,108484,0.032038,03,486,0,1,1644:0:1
450,2025-07-21,23,40,24,209684,0.1012,02,750,0,0,Node 02: Network 1
451,2025-07-21,23,40,24,243707,0.034023,03,1250,0,0,Node 03: Network 1
452,2025-07-21,23,40,24,340258,0.096551,01,280,0,0,Node 01: Network 2
453,2025-07-21,23,40,24,384765,0.044507,02,772,0,0,Node 02: Network 1
454,2025-07-21,23,40,24,422833,0.038068,02,993,0,1,
455,2025-07-21,23,40,24,489879,0.067046,02,750,0,0,Node 02: Network 1
456,2025-07-21,23,40,24,668329,0.17845,03,1250,0,0,Node 03: Network 1
457,2025-07-21,23,40,24,700878,0.032549,02,753,0,0,Node 02: Network 1
458,2025-07-21,23,40,24,900470,0.199592,01,250,0,0,Node 01: Network 2
459,2025-07-21,23,40,24,974013,0.073543,02,750,0,0,Node 02: Network 1
460,2025-07-21,23,40,25,023240,0.049227,01,250,0,0,Node 01: Network 2
461,2025-07-21,23,40,25,107769,0.084529,02,750,0,0,Node 02: Network 1
462,2025-07-21,23,40,25,222348,0.114579,01,251,0,0,Node 01: Network 2
463,2025-07-21,23,40,25,313398,0.09105,BB,0,1,0,
464,2025-07-21,23,40,25,422983,0.109585,03,1250,0,0,Node 03: Network 1
465,2025-07-21,23,40,27,263585,1.840602,BB,0,1,0,
466,2025-07-21,23,40,27,308609,0.045024,02,420,0,1,
467,2025-07-21,23,40,27,343117,0.034508,01,1610,0,1,
468,2025-07-21,23,40,27,392138,0.049021,03,1231,0,1,
469,2025-07-21,23,40,29,264709,1.872571,BB,0,1,0,
470,2025-07-21,23,40,29,312759,0.04805,03,471,0,1,
471,2025-07-21,23,40,29,326759,0.014,01,1607,0,1,
472,2025-07-21,23,40,29,402289,0.07553,02,419,0,1,
473,2025-07-21,23,40,30,080165,0.677876,02,750,0,0,Node 02: Network 1
474,2025-07-21,23,40,33,262650,3.182485,BB,0,1,0,
475,2025-07-21,23,40,33,325697,0.063047,02,414,0,1,
476,2025-07-21,23,40,33,340209,0.014512,01,1598,0,1,
477,2025-07-21,23,40,33,352208,0.011999,03,467,0,1,
478,2025-07-21,23,40,34,581544,1.229336,03,1250,0,0,Node 03: Network 1
479,2025-07-21,23,40,35,625653,1.044109,01,250,0,0,Node 01: Network 2
480,2025-07-21,23,40,36,583771,0.958118,03,1250,0,0,Node 03: Network 1
481,2025-07-21,23,40,38,128251,1.54448,02,750,0,0,Node 02: Network 1
482,2025-07-21,23,40,38,675516,0.547265,03,1250,0,0,Node 03: Network 1
483,2025-07-21,23,40,40,677216,2.0017,03,1250,0,0,Node 03: Network 1
484,2025-07-21,23,40,43,261326,2.58411,BB,0,1,0,
485,2025-07-21,23,40,43,313865,0.052539,02,402,0,1,
486,2025-07-21,23,40,43,338378,0.024513,03,459,0,1,
487,2025-07-21,23,40,43,351889,0.013511,01,1577,0,1,
488,2025-07-21,23,40,45,262151,1.910262,BB,0,1,0,
489,2025-07-21,23,40,45,317453,0.055302,02,400,0,1,
490,2025-07-21,23,40,45,331454,0.014001,01,1574,0,1,
491,2025-07-21,23,40,45,362975,0.031521,03,457,0,1,
492,2025-07-21,23,40,46,078055,0.71508,02,750,0,0,Node 02: Network 1
493,2025-07-21,23,40,49,260125,3.18207,BB,0,1,0,
494,2025-07-21,23,40,49,317648,0.057523,01,1565,0,1,
495,2025-07-21,23,40,49,330649,0.013001,02,395,0,1,
496,2025-07-21,23,40,49,342648,0.011999,03,453,0,1,
497,2025-07-21,23,40,49,577886,0.235238,01,250,0,0,Node 01: Network 2
498,2025-07-21,23,40,50,122088,0.544202,02,750,0,0,Node 02: Network 1
499,2025-07-21,23,40,50,578603,0.456515,03,1250,0,0,Node 03: Network 1
500,2025-07-21,23,40,50,715663,0.13706,BB,0,1,0,
501,2025-07-21,23,40,50,772404,0.056741,BB,0,1,0,02:420:0:1
502,2025-07-21,23,40,50,831456,0.059052,02,1848,0,1,
503,2025-07-21,23,40,50,854456,0.023,03,1518,0,1,
504,2025-07-21,23,40,50,878966,0.02451,BB,0,1,0,01:1607:0:1
505,2025-07-21,23,40,50,901995,0.023029,BB,0,1,0,01:1598:0:1
506,2025-07-21,23,40,50,915995,0.014,01,1515,0,1,
507,2025-07-21,23,40,50,979026,0.063031,03,73,0,1,
508,2025-07-21,23,40,51,005536,0.02651,02,993,0,1,
509,2025-07-21,23,40,51,018046,0.01251,02,173,0,1,
510,2025-07-21,23,40,51,097583,0.079537,03,139,0,1,
511,2025-07-21,23,40,51,157995,0.060412,01,1610,0,1,03:1231:0:1
512,2025-07-21,23,40,51,284056,0.126061,03,471,0,1,02:419:0:1
513,2025-07-21,23,40,51,329623,0.045567,02,414,0,1,467:0:1
514,2025-07-21,23,40,51,341625,0.012002,01,181,0,1,
515,2025-07-21,23,40,51,434710,0.093085,02,750,0,0,Node 02: Network 1
516,2025-07-21,23,40,51,467219,0.032509,01,250,0,0,Node 01: Network 2
517,2025-07-21,23,40,51,524262,0.057043,03,1250,0,0,Node 03: Network 1
518,2025-07-21,23,40,51,550775,0.026513,BB,0,1,0,
519,2025-07-21,23,40,51,595287,0.044512,02,753,0,0,Node 02: Network 1
520,2025-07-21,23,40,51,755242,0.159955,03,1250,0,0,Node 03: Network 1
521,2025-07-21,23,40,51,768243,0.013001,02,682,0,1,
522,2025-07-21,23,40,51,810809,0.042566,02,750,0,0,Node 02: Network 1
523,2025-07-21,23,40,51,900846,0.090037,03,1250,0,0,Node 03: Network 1
524,2025-07-21,23,40,51,975401,0.074555,01,250,0,0,Node 01: Network 2
525,2025-07-21,23,40,52,009920,0.034519,03,1250,0,0,Node 03: Network 1
526,2025-07-21,23,40,52,049445,0.039525,02,750,0,0,Node 02: Network 1
527,2025-07-21,23,40,52,109456,0.060011,03,1250,0,0,Node 03: Network 1
528,2025-07-21,23,40,52,250154,0.140698,03,1250,0,0,Node 03: Network 1
529,2025-07-21,23,40,52,345383,0.095229,03,1282,0,0,Node 03: Network 1
530,2025-07-21,23,40,53,382944,1.037561,01,250,0,0,Node 01: Network 2
531,2025-07-21,23,40,54,294835,0.911891,03,1250,0,0,Node 03: Network 1
532,2025-07-21,23,40,55,341040,1.046205,01,250,0,0,Node 01: Network 2
533,2025-07-21,23,40,55,884557,0.543517,02,750,0,0,Node 02: Network 1
534,2025-07-21,23,40,56,388132,0.503575,03,1250,0,0,Node 03: Network 1
535,2025-07-21,23,40,57,432397,1.044265,01,250,0,0,Node 01: Network 2
536,2025-07-21,23,40,57,932579,0.500182,02,750,0,0,Node 02: Network 1
537,2025-07-21,23,40,59,933546,2.000967,02,750,0,0,Node 02: Network 1
538,2025-07-21,23,41,00,479223,0.545677,03,1250,0,0,Node 03: Network 1
539,2025-07-21,23,41,01,481393,1.00217,01,250,0,0,Node 01: Network 2
540,2025-07-21,23,41,02,025227,0.543834,02,750,0,0,Node 02: Network 1
541,2025-07-21,23,41,02,480100,0.454873,03,1250,0,0,Node 03: Network 1
542,2025-07-21,23,41,03,484862,1.004762,01,250,0,0,Node 01: Network 2
543,2025-07-21,23,41,04,029593,0.544731,02,750,0,0,Node 02: Network 1
544,2025-07-21,23,41,04,532827,0.503234,03,1250,0,0,Node 03: Network 1
545,2025-07-21,23,41,05,575371,1.042544,01,250,0,0,Node 01: Network 2
546,2025-07-21,23,41,06,031149,0.455778,02,750,0,0,Node 02: Network 1
547,2025-07-21,23,41,06,621911,0.590762,03,1250,0,0,Node 03: Network 1
548,2025-07-21,23,41,07,579036,0.957125,01,251,0,0,Node 01: Network 2
549,2025-07-21,23,41,08,624315,1.045279,03,1250,0,0,Node 03: Network 1
550,2025-07-21,23,41,09,582901,0.958586,01,250,0,0,Node 01: Network 2
551,2025-07-21,23,41,10,167965,0.585064,02,750,0,0,Node 02: Network 1
552,2025-07-21,23,41,11,538169,1.370204,BB,0,1,0,402:0:1
553,2025-07-21,23,41,11,580675,0.042506,02,650,0,1,
554,2025-07-21,23,41,11,613201,0.032526,01,250,0,0,Node 01: Network 2
555,2025-07-21,23,41,11,626715,0.013514,01,1808,0,1,
556,2025-07-21,23,41,11,639222,0.012507,03,715,0,1,
557,2025-07-21,23,41,11,702752,0.06353,BB,0,1,0,400twork 2
558,2025-07-21,23,41,11,838330,0.135578,02,918,0,1,
559,2025-07-21,23,41,11,850834,0.012504,03,951,0,1,
560,2025-07-21,23,41,11,864839,0.014005,01,1963,0,1,
561,2025-07-21,23,41,11,921373,0.056534,BB,0,1,0,
562,2025-07-21,23,41,11,994691,0.073318,03,459,0,1,1577:0:1
563,2025-07-21,23,41,12,028206,0.033515,02,1033,0,1,
564,2025-07-21,23,41,12,044812,0.016606,02,682,0,1,
565,2025-07-21,23,41,12,097853,0.053041,03,1070,0,1,
566,2025-07-21,23,41,12,132364,0.034511,03,1282,0,0,Node 03: Network 1
567,2025-07-21,23,41,12,323022,0.190658,03,1250,0,0,Node 03: Network 1
568,2025-07-21,23,41,12,356545,0.033523,01,250,0,0,Node 01: Network 2
569,2025-07-21,23,41,12,405568,0.049023,01,250,0,0,Node 01: Network 2
570,2025-07-21,23,41,12,544278,0.13871,02,750,0,0,Node 02: Network 1
571,2025-07-21,23,41,12,602317,0.058039,03,1250,0,0,Node 03: Network 1
572,2025-07-21,23,41,12,672368,0.070051,01,250,0,0,Node 01: Network 2
573,2025-07-21,23,41,12,742435,0.070067,02,750,0,0,Node 02: Network 1
574,2025-07-21,23,41,12,855671,0.113236,02,750,0,0,Node 02: Network 1
575,2025-07-21,23,41,12,940720,0.085049,03,1250,0,0,Node 03: Network 1
576,2025-07-21,23,41,13,051930,0.11121,01,250,0,0,Node 01: Network 2
577,2025-07-21,23,41,13,154496,0.102566,01,261,0,0,Node 01: Network 2
578,2025-07-21,23,41,13,257112,0.102616,BB,0,1,0,
579,2025-07-21,23,41,13,317129,0.060017,01,1514,0,1,
580,2025-07-21,23,41,13,573044,0.255915,01,250,0,0,Node 01: Network 2
581,2025-07-21,23,41,14,620571,1.047527,03,1250,0,0,Node 03: Network 1
582,2025-07-21,23,41,16,165887,1.545316,02,750,0,0,Node 02: Network 1
583,2025-07-21,23,41,17,711850,1.545963,01,250,0,0,Node 01: Network 2
584,2025-07-21,23,41,18,255584,0.543734,02,750,0,0,Node 02: Network 1
585,2025-07-21,23,41,18,802492,0.546908,03,1250,0,0,Node 03: Network 1
586,2025-07-21,23,41,19,254925,0.452433,BB,0,1,0,
587,2025-07-21,23,41,19,322965,0.06804,02,360,0,1,
588,2025-07-21,23,41,21,254837,1.931872,BB,0,1,0,
589,2025-07-21,23,41,21,324858,0.070021,02,358,0,1,
590,2025-07-21,23,41,21,351903,0.027045,03,1776,0,1,
591,2025-07-21,23,41,21,364939,0.013036,01,1859,0,1,
592,2025-07-21,23,41,22,073205,0.708266,02,750,0,0,Node 02: Network 1
593,2025-07-21,23,41,22,573347,0.500142,03,1250,0,0,Node 03: Network 1
594,2025-07-21,23,41,23,619632,1.046285,01,250,0,0,Node 01: Network 2
595,2025-07-21,23,41,24,164615,0.544983,02,750,0,0,Node 02: Network 1
596,2025-07-21,23,41,24,710967,0.546352,03,1250,0,0,Node 03: Network 1
597,2025-07-21,23,41,25,710814,0.999847,01,250,0,0,Node 01: Network 2
598,2025-07-21,23,41,26,167103,0.456289,02,750,0,0,Node 02: Network 1
599,2025-07-21,23,41,26,756970,0.589867,03,1250,0,0,Node 03: Network 1
600,2025-07-21,23,41,28,758675,2.001705,03,1250,0,0,Node 03: Network 1
601,2025-07-21,23,41,29,253980,0.495305,BB,0,1,0,
602,2025-07-21,23,41,29,293493,0.039513,03,418,0,1,
603,2025-07-21,23,41,29,309513,0.01602,01,1480,0,1,
604,2025-07-21,23,41,29,569447,0.259934,01,250,0,0,Node 01: Network 2
605,2025-07-21,23,41,30,112595,0.543148,02,750,0,0,Node 02: Network 1
606,2025-07-21,23,41,30,572651,0.460056,03,1250,0,0,Node 03: Network 1
607,2025-07-21,23,41,31,573822,1.001171,01,250,0,0,Node 01: Network 2
608,2025-07-21,23,41,32,117076,0.543254,02,751,0,0,Node 02: Network 1
609,2025-07-21,23,41,32,619719,0.502643,03,1250,0,0,Node 03: Network 1
610,2025-07-21,23,41,32,690285,0.070566,BB,0,1,0,01:1514:0:1
611,2025-07-21,23,41,32,728795,0.03851,BB,0,1,0,02:360:0:1
612,2025-07-21,23,41,32,770353,0.041558,BB,0,1,0,02:358:0:1
613,2025-07-21,23,41,32,818879,0.048526,03,1852,0,1,
614,2025-07-21,23,41,32,857921,0.039042,02,1390,0,1,
615,2025-07-21,23,41,32,909944,0.052023,03,100,0,1,
616,2025-07-21,23,41,32,923941,0.013997,02,1862,0,1,
617,2025-07-21,23,41,32,947958,0.024017,03,1776,0,1,1859:0:1
618,2025-07-21,23,41,32,960978,0.01302,01,1389,0,1,
619,2025-07-21,23,41,32,994489,0.033511,02,750,0,0,Node 02: Network 1
620,2025-07-21,23,41,33,027998,0.033509,03,1250,0,0,Node 03: Network 1
621,2025-07-21,23,41,33,070530,0.042532,01,990,0,1,
622,2025-07-21,23,41,33,127060,0.05653,01,261,0,0,Node 01: Network 2
623,2025-07-21,23,41,33,199914,0.072854,01,250,0,0,Node 01: Network 2
624,2025-07-21,23,41,33,398723,0.198809,03,1250,0,0,Node 03: Network 1
625,2025-07-21,23,41,33,452266,0.053543,02,750,0,0,Node 02: Network 1
626,2025-07-21,23,41,33,561336,0.10907,01,250,0,0,Node 01: Network 2
627,2025-07-21,23,41,33,571336,0.01,BB,0,1,0,
628,2025-07-21,23,41,33,687891,0.116555,02,750,0,0,Node 02: Network 1
629,2025-07-21,23,41,33,766588,0.078697,02,750,0,0,Node 02: Network 1
630,2025-07-21,23,41,33,791095,0.024507,02,661,0,1,
631,2025-07-21,23,41,33,825113,0.034018,03,1250,0,0,Node 03: Network 1
632,2025-07-21,23,41,33,858646,0.033533,02,750,0,0,Node 02: Network 1
633,2025-07-21,23,41,33,941180,0.082534,03,1250,0,0,Node 03: Network 1
634,2025-07-21,23,41,34,100761,0.159581,03,1282,0,0,Node 03: Network 1
635,2025-07-21,23,41,34,386500,0.285739,02,750,0,0,Node 02: Network 1
636,2025-07-21,23,41,35,234103,0.847603,01,250,0,0,Node 01: Network 2
637,2025-07-21,23,41,35,870382,0.636279,03,1250,0,0,Node 03: Network 1
638,2025-07-21,23,41,36,390194,0.519812,02,750,0,0,Node 02: Network 1
639,2025-07-21,23,41,37,253846,0.863652,BB,0,1,0,
640,2025-07-21,23,41,37,301361,0.047515,01,1464,0,1,
641,2025-07-21,23,41,41,252058,3.950697,BB,0,1,0,
642,2025-07-21,23,41,41,291083,0.039025,01,1456,0,1,
643,2025-07-21,23,41,41,304083,0.013,02,1680,0,1,
644,2025-07-21,23,41,41,361620,0.057537,03,703,0,1,
645,2025-07-21,23,41,42,069288,0.707668,02,751,0,0,Node 02: Network 1
646,2025-07-21,23,41,42,613966,0.544678,03,1250,0,0,Node 03: Network 1
647,2025-07-21,23,41,43,637842,1.023876,01,250,0,0,Node 01: Network 2
648,2025-07-21,23,41,47,251579,3.613737,BB,0,1,0,
649,2025-07-21,23,41,47,297112,0.045533,01,1443,0,1,
650,2025-07-21,23,41,47,336128,0.039016,02,1914,0,1,
651,2025-07-21,23,41,47,357654,0.021526,03,1958,0,1,
652,2025-07-21,23,41,49,252179,1.894525,BB,0,1,0,
653,2025-07-21,23,41,49,288193,0.036014,02,326,0,1,
654,2025-07-21,23,41,49,301205,0.013012,01,1440,0,1,
655,2025-07-21,23,41,49,333719,0.032514,03,402,0,1,
656,2025-07-21,23,41,50,068982,0.735263,02,750,0,0,Node 02: Network 1
657,2025-07-21,23,41,50,614750,0.545768,03,1250,0,0,Node 03: Network 1
658,2025-07-21,23,41,51,613999,0.999249,01,250,0,0,Node 01: Network 2
659,2025-07-21,23,41,52,616982,1.002983,03,1250,0,0,Node 03: Network 1
660,2025-07-21,23,41,53,618559,1.001577,01,250,0,0,Node 01: Network 2
661,2025-07-21,23,41,54,160324,0.541765,02,750,0,0,Node 02: Network 1
662,2025-07-21,23,41,55,622982,1.462658,01,250,0,0,Node 01: Network 2
663,2025-07-21,23,41,56,163405,0.540423,02,751,0,0,Node 02: Network 1
664,2025-07-21,23,41,57,626795,1.46339,01,250,0,0,Node 01: Network 2
665,2025-07-21,23,41,58,673228,1.046433,03,1250,0,0,Node 03: Network 1
666,2025-07-21,23,41,59,630132,0.956904,01,250,0,0,Node 01: Network 2
667,2025-07-21,23,42,00,105517,0.475385,BB,0,1,0,
668,2025-07-21,23,42,00,156537,0.05102,03,1247,0,1,
669,2025-07-21,23,42,00,205560,0.049023,BB,0,1,0,01:1464:0:1
670,2025-07-21,23,42,00,267105,0.061545,01,897,0,1,
671,2025-07-21,23,42,00,288120,0.021015,BB,0,1,0,1456:0:1
672,2025-07-21,23,42,00,301119,0.012999,02,837,0,1,
673,2025-07-21,23,42,00,332629,0.03151,01,,1,0,0:Node 01: Network 2
674,2025-07-21,23,42,00,357164,0.024535,BB,0,1,0,01:1443:0:1
675,2025-07-21,23,42,00,423693,0.066529,BB,0,1,0,326:0:1
676,2025-07-21,23,42,00,514258,0.090565,02,661,0,1,
677,2025-07-21,23,42,00,526260,0.012002,02,75,0,1,
678,2025-07-21,23,42,00,538759,0.012499,01,524,0,1,
679,2025-07-21,23,42,00,561279,0.02252,03,1505,0,1,
680,2025-07-21,23,42,00,587295,0.026016,02,1680,0,1,03:703:0:1
681,2025-07-21,23,42,00,616825,0.02953,02,1914,0,1,1958:0:1
682,2025-07-21,23,42,00,629825,0.013,01,590,0,1,
683,2025-07-21,23,42,00,641339,0.011514,03,42,0,1,
684,2025-07-21,23,42,00,667354,0.026015,01,1440,0,1,03:402:0:1
685,2025-07-21,23,42,00,713887,0.046533,01,250,0,0,Node 01: Network 2
686,2025-07-21,23,42,00,933500,0.219613,02,1487,0,1,
687,2025-07-21,23,42,00,987608,0.054108,02,750,0,0,Node 02: Network 1
688,2025-07-21,23,42,01,112195,0.124587,01,261,0,0,Node 01: Network 2
689,2025-07-21,23,42,01,146194,0.033999,03,1282,0,0,Node 03: Network 1
690,2025-07-21,23,42,01,186726,0.040532,02,750,0,0,Node 02: Network 1
691,2025-07-21,23,42,01,250741,0.064015,02,750,0,0,Node 02: Network 1
692,2025-07-21,23,42,01,284768,0.034027,01,250,0,0,Node 01: Network 2
693,2025-07-21,23,42,01,457971,0.173203,03,1250,0,0,Node 03: Network 1
694,2025-07-21,23,42,01,490505,0.032534,02,750,0,0,Node 02: Network 1
695,2025-07-21,23,42,01,540894,0.050389,02,751,0,0,Node 02: Network 1
696,2025-07-21,23,42,01,580575,0.039681,BB,0,1,0,
697,2025-07-21,23,42,01,775382,0.194807,03,1250,0,0,Node 03: Network 1
698,2025-07-21,23,42,01,819895,0.044513,02,750,0,0,Node 02: Network 1
699,2025-07-21,23,42,01,950599,0.130704,03,1281,0,0,Node 03: Network 1
700,2025-07-21,23,42,02,392337,0.441738,03,1250,0,0,Node 03: Network 1
701,2025-07-21,23,42,02,825719,0.433382,01,250,0,0,Node 01: Network 2
702,2025-07-21,23,42,03,248668,0.422949,BB,0,1,0,
703,2025-07-21,23,42,05,249467,2.000799,BB,0,1,0,
704,2025-07-21,23,42,05,311520,0.062053,01,741,0,1,
705,2025-07-21,23,42,05,342029,0.030509,03,701,0,1,
706,2025-07-21,23,42,05,354540,0.012511,02,606,0,1,
707,2025-07-21,23,42,07,248584,1.894044,BB,0,1,0,
708,2025-07-21,23,42,07,301042,0.052458,01,1402,0,1,
709,2025-07-21,23,42,07,317047,0.016005,03,386,0,1,
710,2025-07-21,23,42,07,345557,0.02851,02,305,0,1,
711,2025-07-21,23,42,07,564766,0.219209,01,250,0,0,Node 01: Network 2
712,2025-07-21,23,42,08,567502,1.002736,03,1250,0,0,Node 03: Network 1
713,2025-07-21,23,42,09,568824,1.001322,01,250,0,0,Node 01: Network 2
714,2025-07-21,23,42,10,615856,1.047032,03,1250,0,0,Node 03: Network 1
715,2025-07-21,23,42,11,573981,0.958125,01,250,0,0,Node 01: Network 2
716,2025-07-21,23,42,12,160559,0.586578,02,750,0,0,Node 02: Network 1
717,2025-07-21,23,42,14,161711,2.001152,02,750,0,0,Node 02: Network 1
718,2025-07-21,23,42,15,708087,1.546376,01,250,0,0,Node 01: Network 2
719,2025-07-21,23,42,16,163448,0.455361,02,750,0,0,Node 02: Network 1
720,2025-07-21,23,42,17,709879,1.546431,01,250,0,0,Node 01: Network 2
721,2025-07-21,23,42,18,165394,0.455515,02,750,0,0,Node 02: Network 1
722,2025-07-21,23,42,18,756569,0.591175,03,1250,0,0,Node 03: Network 1
723,2025-07-21,23,42,19,244921,0.488352,BB,0,1,0,
724,2025-07-21,23,42,19,323122,0.078201,03,374,0,1,
725,2025-07-21,23,42,21,245666,1.922544,BB,0,1,0,
726,2025-07-21,23,42,21,297844,0.052178,01,1852,0,1,
727,2025-07-21,23,42,21,311353,0.013509,02,1900,0,1,
728,2025-07-21,23,42,21,350861,0.039508,03,372,0,1,
729,2025-07-21,23,42,21,610508,0.259647,BB,0,1,0,
730,2025-07-21,23,42,21,645015,0.034507,03,737,0,1,
731,2025-07-21,23,42,21,655523,0.010508,BB,0,1,0,
732,2025-07-21,23,42,21,717186,0.061663,01,1736,0,1,
733,2025-07-21,23,42,21,755698,0.038512,BB,0,1,0,01:741:0:1
734,2025-07-21,23,42,21,811801,0.056103,BB,0,1,0,01:1402:0:1
735,2025-07-21,23,42,21,829801,0.018,03,151,0,1,
736,2025-07-21,23,42,21,846307,0.016506,02,459,0,1,
737,2025-07-21,23,42,21,859816,0.013509,01,1813,0,1,
738,2025-07-21,23,42,21,973862,0.114046,03,953,0,1,
739,2025-07-21,23,42,21,995880,0.022018,03,701,0,1,606:0:1
740,2025-07-21,23,42,22,038574,0.042694,03,386,0,1,305:0:1
741,2025-07-21,23,42,22,073082,0.034508,03,1250,0,0,Node 03: Network 1
742,2025-07-21,23,42,22,085590,0.012508,02,135,0,1,
743,2025-07-21,23,42,22,129609,0.044019,01,145,0,1,
744,2025-07-21,23,42,22,231612,0.102003,01,250,0,0,Node 01: Network 2
745,2025-07-21,23,42,22,369720,0.138108,01,261,0,0,Node 01: Network 2
746,2025-07-21,23,42,22,520974,0.151254,03,1281,0,0,Node 03: Network 1
747,2025-07-21,23,42,22,554995,0.034021,03,1250,0,0,Node 03: Network 1
748,2025-07-21,23,42,22,587513,0.032518,01,279,0,0,Node 01: Network 2
749,2025-07-21,23,42,22,662557,0.075044,01,250,0,0,Node 01: Network 2
750,2025-07-21,23,42,22,711609,0.049052,03,1312,0,0,Node 03: Network 1
751,2025-07-21,23,42,22,794714,0.083105,03,1250,0,0,Node 03: Network 1
752,2025-07-21,23,42,22,881757,0.087043,01,250,0,0,Node 01: Network 2
753,2025-07-21,23,42,22,945287,0.06353,03,1250,0,0,Node 03: Network 1
754,2025-07-21,23,42,23,000940,0.055653,01,250,0,0,Node 01: Network 2
755,2025-07-21,23,42,23,246385,0.245445,BB,0,1,0,
756,2025-07-21,23,42,25,245672,1.999287,BB,0,1,0,
757,2025-07-21,23,42,25,301201,0.055529,02,375,0,1,
758,2025-07-21,23,42,25,320706,0.019505,03,964,0,1,
759,2025-07-21,23,42,25,351216,0.03051,01,1985,0,1,
760,2025-07-21,23,42,25,562375,0.211159,01,250,0,0,Node 01: Network 2
761,2025-07-21,23,42,26,609645,1.04727,03,1250,0,0,Node 03: Network 1
762,2025-07-21,23,42,28,153107,1.543462,02,750,0,0,Node 02: Network 1
763,2025-07-21,23,42,31,244353,3.091246,BB,0,1,0,
764,2025-07-21,23,42,31,278373,0.03402,03,364,0,1,
765,2025-07-21,23,42,31,311393,0.03302,01,1350,0,1,
766,2025-07-21,23,42,31,325393,0.014,02,276,0,1,
767,2025-07-21,23,42,31,559177,0.233784,01,250,0,0,Node 01: Network 2
768,2025-07-21,23,42,32,103340,0.544163,02,750,0,0,Node 02: Network 1
769,2025-07-21,23,42,32,648264,0.544924,03,1250,0,0,Node 03: Network 1
770,2025-07-21,23,42,34,192335,1.544071,02,750,0,0,Node 02: Network 1
771,2025-07-21,23,42,34,738671,0.546336,03,1250,0,0,Node 03: Network 1
772,2025-07-21,23,42,36,739838,2.001167,03,1250,0,0,Node 03: Network 1
773,2025-07-21,23,42,39,243552,2.503714,BB,0,1,0,
774,2025-07-21,23,42,39,288567,0.045015,03,358,0,1,
775,2025-07-21,23,42,39,303074,0.014507,01,1334,0,1,
776,2025-07-21,23,42,39,315584,0.01251,02,268,0,1,
777,2025-07-21,23,42,40,562661,1.247077,03,1250,0,0,Node 03: Network 1
778,2025-07-21,23,42,43,242471,2.67981,BB,0,1,0,
779,2025-07-21,23,42,43,284979,0.042508,03,354,0,1,
780,2025-07-21,23,42,43,312104,0.027125,02,262,0,1,
781,2025-07-21,23,42,43,330613,0.018509,01,1325,0,1,
782,2025-07-21,23,42,43,558221,0.227608,01,250,0,0,Node 01: Network 2
783,2025-07-21,23,42,44,101202,0.542981,02,750,0,0,Node 02: Network 1
784,2025-07-21,23,42,44,229482,0.12828,BB,0,1,0,
785,2025-07-21,23,42,44,293502,0.06402,01,311,0,1,
786,2025-07-21,23,42,44,351094,0.057592,BB,0,1,0,02:375:0:1
787,2025-07-21,23,42,44,388609,0.037515,BB,0,1,0,364:0:1
788,2025-07-21,23,42,44,401119,0.01251,01,432,0,1,
789,2025-07-21,23,42,44,468048,0.066929,03,1073,0,1,
790,2025-07-21,23,42,44,481048,0.013,02,1071,0,1,
791,2025-07-21,23,42,44,505066,0.024018,03,964,0,1,1985:0:1
792,2025-07-21,23,42,44,560357,0.055291,01,1350,0,1,276:0:1
793,2025-07-21,23,42,44,620831,0.060474,02,1407,0,1,
794,2025-07-21,23,42,44,705366,0.084535,02,750,0,0,Node 02: Network 1
795,2025-07-21,23,42,44,761437,0.056071,02,750,0,0,Node 02: Network 1
796,2025-07-21,23,42,44,936711,0.175274,01,279,0,0,Node 01: Network 2
797,2025-07-21,23,42,44,996731,0.06002,03,1312,0,0,Node 03: Network 1
798,2025-07-21,23,42,45,029757,0.033026,01,250,0,0,Node 01: Network 2
799,2025-07-21,23,42,45,064284,0.034527,03,1250,0,0,Node 03: Network 1
800,2025-07-21,23,42,45,141366,0.077082,02,750,0,0,Node 02: Network 1
801,2025-07-21,23,42,45,208395,0.067029,01,250,0,0,Node 01: Network 2
802,2025-07-21,23,42,45,241689,0.033294,02,750,0,0,Node 02: Network 1
803,2025-07-21,23,42,45,308636,0.066947,03,1250,0,0,Node 03: Network 1
804,2025-07-21,23,42,45,343168,0.034532,02,750,0,0,Node 02: Network 1
805,2025-07-21,23,42,45,450724,0.107556,03,1257,0,0,Node 03: Network 1
806,2025-07-21,23,42,45,482741,0.032017,02,750,0,0,Node 02: Network 1
807,2025-07-21,23,42,45,597029,0.114288,03,1280,0,0,Node 03: Network 1
808,2025-07-21,23,42,46,343663,0.746634,01,250,0,0,Node 01: Network 2
809,2025-07-21,23,42,47,241801,0.898138,BB,0,1,0,
810,2025-07-21,23,42,47,308873,0.067072,01,1318,0,1,
811,2025-07-21,23,42,51,240641,3.931768,BB,0,1,0,
812,2025-07-21,23,42,51,300662,0.060021,03,1199,0,1,
813,2025-07-21,23,42,51,313175,0.012513,02,607,0,1,
814,2025-07-21,23,42,51,326688,0.013513,01,1308,0,1,
815,2025-07-21,23,42,53,240628,1.91394,BB,0,1,0,
816,2025-07-21,23,42,53,279646,0.039018,02,251,0,1,
817,2025-07-21,23,42,53,291646,0.012,03,345,0,1,
818,2025-07-21,23,42,53,313154,0.021508,01,1305,0,1,
819,2025-07-21,23,42,54,559793,1.246639,03,1250,0,0,Node 03: Network 1
820,2025-07-21,23,42,56,560706,2.000913,03,1250,0,0,Node 03: Network 1
821,2025-07-21,23,42,59,239904,2.679198,BB,0,1,0,
822,2025-07-21,23,42,59,295445,0.055541,03,339,0,1,
823,2025-07-21,23,42,59,308951,0.013506,01,1292,0,1,
824,2025-07-21,23,42,59,328951,0.02,02,244,0,1,
825,2025-07-21,23,42,59,556122,0.227171,01,250,0,0,Node 01: Network 2
826,2025-07-21,23,43,00,056421,0.500299,02,750,0,0,Node 02: Network 1
827,2025-07-21,23,43,00,558843,0.502422,03,1250,0,0,Node 03: Network 1
828,2025-07-21,23,43,01,559101,1.000258,01,250,0,0,Node 01: Network 2
829,2025-07-21,23,43,02,103701,0.5446,02,750,0,0,Node 02: Network 1
830,2025-07-21,23,43,03,563664,1.459963,01,250,0,0,Node 01: Network 2
831,2025-07-21,23,43,04,104780,0.541116,02,750,0,0,Node 02: Network 1
832,2025-07-21,23,43,05,568162,1.463382,01,251,0,0,Node 01: Network 2
833,2025-07-21,23,43,06,614332,1.04617,03,1250,0,0,Node 03: Network 1
834,2025-07-21,23,43,08,615493,2.001161,03,1250,0,0,Node 03: Network 1
835,2025-07-21,23,43,10,158742,1.543249,02,750,0,0,Node 02: Network 1
836,2025-07-21,23,43,10,624316,0.465574,BB,0,1,0,01:1318:0:1
837,2025-07-21,23,43,10,664250,0.039934,01,653,0,1,
838,2025-07-21,23,43,10,688817,0.024567,BB,0,1,0,1308:0:1
839,2025-07-21,23,43,10,702342,0.013525,02,1616,0,1,
840,2025-07-21,23,43,10,715576,0.013234,03,1715,0,1,
841,2025-07-21,23,43,10,767944,0.052368,BB,0,1,0,251:0:1
842,2025-07-21,23,43,10,900739,0.132795,02,1681,0,1,
843,2025-07-21,23,43,10,928369,0.02763,BB,0,1,0,01:1292:0:1
844,2025-07-21,23,43,10,940602,0.012233,01,216,0,1,
845,2025-07-21,23,43,10,954144,0.013542,03,1790,0,1,
846,2025-07-21,23,43,11,022112,0.067968,02,1811,0,1,
847,2025-07-21,23,43,11,083311,0.061199,03,1199,0,1,607:0:1
848,2025-07-21,23,43,11,123435,0.040124,03,345,0,1,1305:0:1
849,2025-07-21,23,43,11,146474,0.023039,03,339,0,1,244:0:1
850,2025-07-21,23,43,11,187031,0.040557,03,1250,0,0,Node 03: Network 1
851,2025-07-21,23,43,11,199826,0.012795,02,1921,0,1,
852,2025-07-21,23,43,11,281475,0.081649,03,1250,0,0,Node 03: Network 1
853,2025-07-21,23,43,11,295207,0.013732,01,959,0,1,
854,2025-07-21,23,43,11,315317,0.02011,03,20,0,1,
855,2025-07-21,23,43,11,406306,0.090989,02,750,0,0,Node 02: Network 1
856,2025-07-21,23,43,11,488250,0.081944,03,1257,0,0,Node 03: Network 1
857,2025-07-21,23,43,11,654451,0.166201,03,1280,0,0,Node 03: Network 1
858,2025-07-21,23,43,11,715717,0.061266,01,250,0,0,Node 01: Network 2
859,2025-07-21,23,43,11,763491,0.047774,03,1250,0,0,Node 03: Network 1
860,2025-07-21,23,43,11,797655,0.034164,02,782,0,0,Node 02: Network 1
861,2025-07-21,23,43,11,808471,0.010816,BB,0,1,0,
862,2025-07-21,23,43,11,842322,0.033851,03,1250,0,0,Node 03: Network 1
863,2025-07-21,23,43,11,913414,0.071092,01,250,0,0,Node 01: Network 2
864,2025-07-21,23,43,11,947146,0.033732,02,750,0,0,Node 02: Network 1
865,2025-07-21,23,43,12,006739,0.059593,03,1250,0,0,Node 03: Network 1
866,2025-07-21,23,43,12,299670,0.292931,03,1281,0,0,Node 03: Network 1
867,2025-07-21,23,43,12,806416,0.506746,01,250,0,0,Node 01: Network 2
868,2025-07-21,23,43,13,238079,0.431663,BB,0,1,0,
869,2025-07-21,23,43,15,237864,1.999785,BB,0,1,0,
870,2025-07-21,23,43,15,289395,0.051531,02,690,0,1,
871,2025-07-21,23,43,15,322906,0.033511,03,676,0,1,
872,2025-07-21,23,43,15,366923,0.044017,01,748,0,1,
873,2025-07-21,23,43,16,556225,1.189302,03,1250,0,0,Node 03: Network 1
874,2025-07-21,23,43,18,101275,1.54505,02,750,0,0,Node 02: Network 1
875,2025-07-21,23,43,18,556886,0.455611,03,1250,0,0,Node 03: Network 1
876,2025-07-21,23,43,20,102092,1.545206,02,750,0,0,Node 02: Network 1
877,2025-07-21,23,43,20,648736,0.546644,03,1250,0,0,Node 03: Network 1
878,2025-07-21,23,43,23,235679,2.586943,BB,0,1,0,
879,2025-07-21,23,43,23,271190,0.035511,02,215,0,1,
880,2025-07-21,23,43,23,287193,0.016003,01,1241,0,1,
881,2025-07-21,23,43,23,333147,0.045954,03,318,0,1,
882,2025-07-21,23,43,24,052612,0.719465,02,750,0,0,Node 02: Network 1
883,2025-07-21,23,43,24,599882,0.54727,03,1251,0,0,Node 03: Network 1
884,2025-07-21,23,43,25,643503,1.043621,01,250,0,0,Node 01: Network 2
885,2025-07-21,23,43,26,054320,0.410817,02,750,0,0,Node 02: Network 1
886,2025-07-21,23,43,27,647226,1.592906,01,250,0,0,Node 01: Network 2
887,2025-07-21,23,43,31,234873,3.587647,BB,0,1,0,
888,2025-07-21,23,43,31,292397,0.057524,03,311,0,1,
889,2025-07-21,23,43,31,304907,0.01251,02,206,0,1,
890,2025-07-21,23,43,31,374514,0.069607,01,1225,0,1,
891,2025-07-21,23,43,32,050397,0.675883,02,750,0,0,Node 02: Network 1
892,2025-07-21,23,43,32,552628,0.502231,03,1250,0,0,Node 03: Network 1
893,2025-07-21,23,43,34,054427,1.501799,02,751,0,0,Node 02: Network 1
894,2025-07-21,23,43,34,098185,0.043758,BB,0,1,0,
895,2025-07-21,23,43,34,124015,0.02583,BB,0,1,0,
896,2025-07-21,23,43,34,183451,0.059436,02,1066,0,1,
897,2025-07-21,23,43,34,206576,0.023125,01,83,0,1,
898,2025-07-21,23,43,34,219084,0.012508,03,918,0,1,
899,2025-07-21,23,43,34,253437,0.034353,01,109,0,1,
900,2025-07-21,23,43,34,289268,0.035831,02,1116,0,1,
901,2025-07-21,23,43,34,312267,0.022999,BB,0,1,0,02:690:0:1
902,2025-07-21,23,43,34,377141,0.064874,BB,0,1,0,215:0:1
903,2025-07-21,23,43,34,478649,0.101508,001,959,0,1,20:0:1
904,2025-07-21,23,43,34,556403,0.077754,01,331,0,1,
905,2025-07-21,23,43,34,597220,0.040817,02,1294,0,1,
906,2025-07-21,23,43,34,635922,0.038702,03,1422,0,1,
907,2025-07-21,23,43,34,648660,0.012738,02,1346,0,1,
908,2025-07-21,23,43,34,662614,0.013954,01,49,0,1,
909,2025-07-21,23,43,34,767429,0.104815,01,250,0,0,Node 01: Network 2
910,2025-07-21,23,43,34,792961,0.025532,03,676,0,1,01:748:0:1
911,2025-07-21,23,43,34,890289,0.097328,01,1241,0,1,03:318:0:1
912,2025-07-21,23,43,35,013293,0.123004,01,250,0,0,Node 01: Network 2
913,2025-07-21,23,43,35,066815,0.053522,02,750,0,0,Node 02: Network 1
914,2025-07-21,23,43,35,115400,0.048585,02,782,0,0,Node 02: Network 1
915,2025-07-21,23,43,35,211327,0.095927,03,1281,0,0,Node 03: Network 1
916,2025-07-21,23,43,35,268935,0.057608,01,250,0,0,Node 01: Network 2
917,2025-07-21,23,43,35,337251,0.068316,02,755,0,0,Node 02: Network 1
918,2025-07-21,23,43,35,347885,0.010634,BB,0,1,0,
919,2025-07-21,23,43,35,416836,0.068951,03,1250,0,0,Node 03: Network 1
920,2025-07-21,23,43,35,596940,0.180104,02,750,0,0,Node 02: Network 1
921,2025-07-21,23,43,35,631004,0.034064,03,1282,0,0,Node 03: Network 1
922,2025-07-21,23,43,35,642616,0.011612,02,310,0,1,
923,2025-07-21,23,43,35,684940,0.042324,03,1250,0,0,Node 03: Network 1
924,2025-07-21,23,43,35,927541,0.242601,02,750,0,0,Node 02: Network 1
925,2025-07-21,23,43,35,962293,0.034752,03,1250,0,0,Node 03: Network 1
926,2025-07-21,23,43,36,160925,0.198632,02,750,0,0,Node 002:750:0:0:Node 02: Network 1
927,2025-07-21,23,43,36,729993,0.569068,01,250,0,0,Node 01: Network 2
928,2025-07-21,23,43,37,234094,0.504101,BB,0,1,0,
929,2025-07-21,23,43,37,322096,0.088002,02,750,0,0,Node 02: Network 1
930,2025-07-21,23,43,37,334118,0.012022,02,200,0,1,
931,2025-07-21,23,43,37,868349,0.534231,03,1250,0,0,Node 03: Network 1
932,2025-07-21,23,43,38,868308,0.999959,01,250,0,0,Node 01: Network 2
933,2025-07-21,23,43,39,233284,0.364976,BB,0,1,0,
934,2025-07-21,23,43,39,277623,0.044339,01,1209,0,1,
935,2025-07-21,23,43,39,550178,0.272555,01,250,0,0,Node 01: Network 2
936,2025-07-21,23,43,40,094010,0.543832,02,750,0,0,Node 02: Network 1
937,2025-07-21,23,43,40,597367,0.503357,03,1250,0,0,Node 03: Network 1
938,2025-07-21,23,43,41,553523,0.956156,01,250,0,0,Node 01: Network 2
939,2025-07-21,23,43,42,097836,0.544313,02,750,0,0,Node 02: Network 1
940,2025-07-21,23,43,42,597503,0.499667,03,1250,0,0,Node 03: Network 1
941,2025-07-21,23,43,43,557928,0.960425,01,250,0,0,Node 01: Network 2
942,2025-07-21,23,43,44,143753,0.585825,02,750,0,0,Node 02: Network 1
943,2025-07-21,23,43,44,689027,0.545274,03,1250,0,0,Node 03: Network 1
944,2025-07-21,23,43,45,560998,0.871971,01,250,0,0,Node 01: Network 2
945,2025-07-21,23,43,46,145637,0.584639,02,750,0,0,Node 02: Network 1
946,2025-07-21,23,43,48,147451,2.001814,02,751,0,0,Node 02: Network 1
947,2025-07-21,23,43,48,692582,0.545131,03,1250,0,0,Node 03: Network 1
948,2025-07-21,23,43,49,736467,1.043885,01,250,0,0,Node 01: Network 2
949,2025-07-21,23,43,50,237025,0.500558,02,750,0,0,Node 02: Network 1
950,2025-07-21,23,43,50,694963,0.457938,03,1250,0,0,Node 03: Network 1
951,2025-07-21,23,43,51,231993,0.53703,BB,0,1,0,
952,2025-07-21,23,43,51,312699,0.080706,03,294,0,1,
953,2025-07-21,23,43,52,701648,1.388949,BB,0,1,0,02:750:0:0:Node 02: Network 1
954,2025-07-21,23,43,52,739670,0.038022,02,1285,0,1,
955,2025-07-21,23,43,52,753195,0.013525,01,1283,0,1,
956,2025-07-21,23,43,52,776788,0.023593,BB,0,1,0,01:1209:0:1
957,2025-07-21,23,43,52,789789,0.013001,02,310,0,1,
958,2025-07-21,23,43,52,885357,0.095568,03,1762,0,1,
959,2025-07-21,23,43,52,942399,0.057042,01,716,0,1,
960,2025-07-21,23,43,52,954404,0.012005,02,200,0,1,
961,2025-07-21,23,43,53,052498,0.098094,03,1282,0,0,Node 03: Network 1
962,2025-07-21,23,43,53,086262,0.033764,02,750,0,0,Node 02: Network 1
963,2025-07-21,23,43,53,119921,0.033659,01,250,0,0,Node 01: Network 2
964,2025-07-21,23,43,53,191101,0.07118,01,250,0,0,Node 01: Network 2
965,2025-07-21,23,43,53,225129,0.034028,03,1250,0,0,Node 03: Network 1
966,2025-07-21,23,43,53,266689,0.04156,02,781,0,0,Node 02: Network 1
967,2025-07-21,23,43,53,336727,0.070038,01,250,0,0,Node 01: Network 2
968,2025-07-21,23,43,53,369750,0.033023,03,1314,0,0,Node 03: Network 1
969,2025-07-21,23,43,53,402769,0.033019,01,250,0,0,Node 01: Network 2
970,2025-07-21,23,43,53,438787,0.036018,02,750,0,0,Node 02: Network 1
971,2025-07-21,23,43,53,545342,0.106555,03,1250,0,0,Node 03: Network 1
972,2025-07-21,23,43,53,587413,0.042071,01,250,0,0,Node 01: Network 2
973,2025-07-21,23,43,53,707840,0.120427,02,750,0,0,Node 02: Network 1
974,2025-07-21,23,43,53,777888,0.070048,03,1250,0,0,Node 03: Network 1
975,2025-07-21,23,43,53,897456,0.119568,03,1251,0,0,Node 03: Network 1
976,2025-07-21,23,43,54,253265,0.355809,03,1250,0,0,Node 03: Network 1
977,2025-07-21,23,43,54,766547,0.513282,02,750,0,0,Node 02: Network 1
978,2025-07-21,23,43,55,074109,0.307562,01,250,0,0,Node 01: Network 2
979,2025-07-21,23,43,55,231015,0.156906,BB,0,1,0,
980,2025-07-21,23,43,55,289133,0.058118,01,1175,0,1,
981,2025-07-21,23,43,55,345238,0.056105,03,291,0,1,
982,2025-07-21,23,43,55,426282,0.081044,02,178,0,1,
983,2025-07-21,23,43,55,547866,0.121584,01,250,0,0,Node 01: Network 2
984,2025-07-21,23,43,56,091344,0.543478,02,750,0,0,Node 02: Network 1
985,2025-07-21,23,43,56,549250,0.457906,03,1250,0,0,Node 03: Network 1
986,2025-07-21,23,43,58,094044,1.544794,02,750,0,0,Node 02: Network 1
987,2025-07-21,23,44,00,096719,2.002675,02,750,0,0,Node 02: Network 1
988,2025-07-21,23,44,03,230205,3.133486,BB,0,1,0,
989,2025-07-21,23,44,03,282760,0.052555,03,284,0,1,
990,2025-07-21,23,44,03,313268,0.030508,02,169,0,1,
991,2025-07-21,23,44,03,326268,0.013,01,1158,0,1,
992,2025-07-21,23,44,04,045556,0.719288,02,750,0,0,Node 02: Network 1
993,2025-07-21,23,44,06,047844,2.002288,02,750,0,0,Node 02: Network 1
994,2025-07-21,23,44,06,613966,0.566122,BB,0,1,0,01:1175:0:1
995,2025-07-21,23,44,06,662497,0.048531,03,1665,0,1,
996,2025-07-21,23,44,06,675504,0.013007,03,291,0,1,
997,2025-07-21,23,44,06,736586,0.061082,01,535,0,1,
998,2025-07-21,23,44,06,759098,0.022512,02,178,0,1,
999,2025-07-21,23,44,06,908186,0.149088,01,250,0,0,Node 01: Network 2
1000,2025-07-21,23,44,06,962717,0.054531,01,250,0,0,Node 01: Network 2
1001,2025-07-21,23,44,07,047315,0.084598,02,750,0,0,Node 02: Network 1
1002,2025-07-21,23,44,07,113449,0.066134,002,781,0,0,Node 02: Network 1
1003,2025-07-21,23,44,07,212501,0.099052,03,1314,0,0,Node 03: Network 1
1004,2025-07-21,23,44,07,260528,0.048027,03,1251,0,0,Node 03: Network 1
1005,2025-07-21,23,44,07,270531,0.010003,BB,0,1,0,
1006,2025-07-21,23,44,07,312063,0.041532,03,1250,0,0,Node 03: Network 1
1007,2025-07-21,23,44,07,426653,0.11459,02,750,0,0,Node 02: Network 1
1008,2025-07-21,23,44,07,467163,0.04051,01,250,0,0,Node 01: Network 2
1009,2025-07-21,23,44,07,506192,0.039029,01,250,0,0,Node 01: Network 2
1010,2025-07-21,23,44,07,558725,0.052533,02,750,0,0,Node 02: Network 1
1011,2025-07-21,23,44,07,630942,0.072217,03,1250,0,0,Node 03: Network 1
1012,2025-07-21,23,44,07,762122,0.13118,02,781,0,0,Node 02: Network 1
1013,2025-07-21,23,44,07,984793,0.222671,03,1250,0,0,Node 03: Network 1
1014,2025-07-21,23,44,08,356009,0.371216,01,250,0,0,Node 01: Network 2
1015,2025-07-21,23,44,09,174432,0.818423,02,750,0,0,Node 02: Network 1
1016,2025-07-21,23,44,09,232985,0.058553,BB,0,1,0,
1017,2025-07-21,23,44,09,297034,0.064049,01,1149,0,1,
1018,2025-07-21,23,44,09,318557,0.021523,02,166,0,1,
1019,2025-07-21,23,44,09,358080,0.039523,03,282,0,1,
1020,2025-07-21,23,44,10,049244,0.691164,02,750,0,0,Node 02: Network 1
1021,2025-07-21,23,44,11,597404,1.54816,01,250,0,0,Node 01: Network 2
1022,2025-07-21,23,44,12,642697,1.045293,03,1250,0,0,Node 03: Network 1
1023,2025-07-21,23,44,13,688322,1.045625,01,250,0,0,Node 01: Network 2
1024,2025-07-21,23,44,17,227940,3.539618,BB,0,1,0,
1025,2025-07-21,23,44,17,276468,0.048528,02,153,0,1,
1026,2025-07-21,23,44,17,289980,0.013512,01,1128,0,1,
1027,2025-07-21,23,44,17,329493,0.039513,03,271,0,1,
1028,2025-07-21,23,44,18,043996,0.714503,02,750,0,0,Node 02: Network 1
1029,2025-07-21,23,44,18,545589,0.501593,03,1250,0,0,Node 03: Network 1
1030,2025-07-21,23,44,19,590972,1.045383,01,250,0,0,Node 01: Network 2
1031,2025-07-21,23,44,21,595244,2.004272,01,250,0,0,Node 01: Network 2
1032,2025-07-21,23,44,22,140055,0.544811,02,750,0,0,Node 02: Network 1
1033,2025-07-21,23,44,22,641027,0.500972,03,1250,0,0,Node 03: Network 1
1034,2025-07-21,23,44,23,687649,1.046622,01,250,0,0,Node 01: Network 2
1035,2025-07-21,23,44,23,772216,0.084567,BB,0,1,0,01:1149:0:1
1036,2025-07-21,23,44,23,808320,0.036104,01,1661,0,1,
1037,2025-07-21,23,44,23,830827,0.022507,03,811,0,1,
1038,2025-07-21,23,44,23,875339,0.044512,02,166,0,1,282:0:1
1039,2025-07-21,23,44,23,981313,0.105974,02,750,0,0,Node 02: Network 1
1040,2025-07-21,23,44,24,059879,0.078566,02,780,0,0,Node 02: Network 1
1041,2025-07-21,23,44,24,095901,0.036022,02,750,0,0,Node 02: Network 1
1042,2025-07-21,23,44,24,134923,0.039022,01,250,0,0,Node 01: Network 2
1043,2025-07-21,23,44,24,186946,0.052023,B,,0,0,BB:0:1:0
1044,2025-07-21,23,44,24,221865,0.034919,02,781,0,0,Node 02: Network 1
1045,2025-07-21,23,44,24,323910,0.102045,03,1250,0,0,Node 03: Network 1
1046,2025-07-21,23,44,24,373923,0.050013,01,250,0,0,Node 01: Network 2
1047,2025-07-21,23,44,24,457984,0.084061,02,750,0,0,Node 02: Network 1
1048,2025-07-21,23,44,24,490492,0.032508,03,1282,0,0,Node 03: Network 1
1049,2025-07-21,23,44,24,540702,0.05021,02,750,0,0,Node 02: Network 1
1050,2025-07-21,23,44,24,587731,0.047029,01,280,0,0,Node 01: Network 2
1051,2025-07-21,23,44,24,662057,0.074326,01,250,0,0,Node 01: Network 2
1052,2025-07-21,23,44,24,696625,0.034568,03,1250,0,0,Node 03: Network 1
1053,2025-07-21,23,44,24,764644,0.068019,01,250,0,0,Node 01: Network 2
1054,2025-07-21,23,44,25,225787,0.461143,BB,0,1,0,
1055,2025-07-21,23,44,27,225974,2.000187,BB,0,1,0,
1056,2025-07-21,23,44,27,291503,0.065529,03,945,0,1,
1057,2025-07-21,23,44,27,324521,0.033018,02,171,0,1,
1058,2025-07-21,23,44,27,338027,0.013506,01,1126,0,1,
1059,2025-07-21,23,44,27,541856,0.203829,01,250,0,0,Node 01: Network 2
1060,2025-07-21,23,44,31,225777,3.683921,BB,0,1,0,
1061,2025-07-21,23,44,31,260291,0.034514,02,137,0,1,
1062,2025-07-21,23,44,31,300851,0.04056,03,259,0,1,
1063,2025-07-21,23,44,31,382379,0.081528,01,1100,0,1,
1064,2025-07-21,23,44,31,542135,0.159756,01,250,0,0,Node 01: Network 2
1065,2025-07-21,23,44,32,543909,1.001774,03,1250,0,0,Node 03: Network 1
1066,2025-07-21,23,44,34,089217,1.545308,02,750,0,0,Node 02: Network 1
1067,2025-07-21,23,44,35,635907,1.54669,01,250,0,0,Node 01: Network 2
1068,2025-07-21,23,44,36,179695,0.543788,02,750,0,0,Node 02: Network 1
1069,2025-07-21,23,44,37,726852,1.547157,01,250,0,0,Node 01: Network 2
1070,2025-07-21,23,44,38,182123,0.455271,02,750,0,0,Node 02: Network 1
1071,2025-07-21,23,44,38,727634,0.545511,03,1250,0,0,Node 03: Network 1
1072,2025-07-21,23,44,39,223081,0.495447,BB,0,1,0,
1073,2025-07-21,23,44,39,292098,0.069017,01,1082,0,1,
1074,2025-07-21,23,44,39,314242,0.022144,03,251,0,1,
1075,2025-07-21,23,44,39,372273,0.058031,02,126,0,1,
1076,2025-07-21,23,44,39,540367,0.168094,01,250,0,0,Node 01: Network 2
1077,2025-07-21,23,44,40,040479,0.500112,02,751,0,0,Node 02: Network 1
1078,2025-07-21,23,44,40,586967,0.546488,03,1250,0,0,Node 03: Network 1
1079,2025-07-21,23,44,41,584315,0.997348,01,250,0,0,Node 01: Network 2
1080,2025-07-21,23,44,42,130875,0.54656,02,750,0,0,Node 02: Network 1
1081,2025-07-21,23,44,43,677884,1.547009,01,250,0,0,Node 01: Network 2
1082,2025-07-21,23,44,44,133980,0.456096,02,750,0,0,Node 02: Network 1
1083,2025-07-21,23,44,45,680886,1.546906,01,250,0,0,Node 01: Network 2
1084,2025-07-21,23,44,46,134932,0.454046,02,750,0,0,Node 02: Network 1
1085,2025-07-21,23,44,46,727686,0.592754,03,1250,0,0,Node 03: Network 1
1086,2025-07-21,23,44,47,223117,0.495431,BB,0,1,0,
1087,2025-07-21,23,44,47,275624,0.052507,03,245,0,1,
1088,2025-07-21,23,44,47,327662,0.052038,01,1066,0,1,
1089,2025-07-21,23,44,48,238403,0.910741,BB,0,1,0,153:0:1
1090,2025-07-21,23,44,48,279425,0.041022,BB,0,1,0,
1091,2025-07-21,23,44,48,293428,0.014003,01,79,0,1,
1092,2025-07-21,23,44,48,311950,0.018522,02,924,0,1,
1093,2025-07-21,23,44,48,386482,0.074532,BB,0,1,0,03:945:0:1
1094,2025-07-21,23,44,48,448038,0.061556,03,1063,0,1,
1095,2025-07-21,23,44,48,472552,0.024514,BB,0,1,0,137:0:1
1096,2025-07-21,23,44,48,503572,0.03102,01,163,0,1,
1097,2025-07-21,23,44,48,574110,0.070538,01,1128,0,1,271:0:1
1098,2025-07-21,23,44,48,597630,0.02352,02,171,0,1,1126:0:1
1099,2025-07-21,23,44,48,610147,0.012517,02,162,0,1,
1100,2025-07-21,23,44,48,622651,0.012504,03,259,0,1,
1101,2025-07-21,23,44,48,680346,0.057695,03,1406,0,1,
1102,2025-07-21,23,44,48,693857,0.013511,01,1100,0,1,
1103,2025-07-21,23,44,48,706372,0.012515,01,313,0,1,
1104,2025-07-21,23,44,48,727999,0.021627,02,750,0,0,Node
1105,2025-07-21,23,44,48,843110,0.115111,03,1282,0,0,Node 03: Network 1
1106,2025-07-21,23,44,48,857131,0.014021,02,1366,0,1,
1107,2025-07-21,23,44,48,872638,0.015507,03,1494,0,1,
1108,2025-07-21,23,44,49,023464,0.150826,01,280,0,0,Node 01: Network 2
1109,2025-07-21,23,44,49,181067,0.157603,01,257,0,0,Node 01: Network 2
1110,2025-07-21,23,44,49,214583,0.033516,01,250,0,0,Node 01: Network 2
1111,2025-07-21,23,44,49,247720,0.033137,01,250,0,0,Node 01: Network 2
1112,2025-07-21,23,44,49,312254,0.064534,03,1250,0,0,Node 03: Network 1
1113,2025-07-21,23,44,49,354309,0.042055,02,766,0,0,Node 02: Network 1
1114,2025-07-21,23,44,49,511886,0.157577,02,750,0,0,Node 02: Network 1
1115,2025-07-21,23,44,49,599445,0.087559,01,250,0,0,Node 01: Network 2
1116,2025-07-21,23,44,49,639475,0.04003,02,750,0,0,Node 02: Network 1
1117,2025-07-21,23,44,49,772547,0.133072,01,250,0,0,Node 01: Network 2
1118,2025-07-21,23,44,49,889639,0.117092,02,750,0,0,Node 02: Network 1
1119,2025-07-21,23,44,49,955668,0.066029,03,1250,0,0,Node 03: Network 1
1120,2025-07-21,23,44,50,005199,0.049531,02,750,0,0,Node 02: Network 1
1121,2025-07-21,23,44,50,321387,0.316188,01,250,0,0,Node 01: Network 2
1122,2025-07-21,23,44,51,222079,0.900692,BB,0,1,0,
1123,2025-07-21,23,44,53,221722,1.999643,BB,0,1,0,
1124,2025-07-21,23,44,53,264232,0.04251,03,763,0,1,
1125,2025-07-21,23,44,53,277734,0.013502,01,1217,0,1,
1126,2025-07-21,23,44,53,304738,0.027004,02,472,0,1,
1127,2025-07-21,23,44,54,039499,0.734761,02,750,0,0,Node 02: Network 1
1128,2025-07-21,23,44,54,540736,0.501237,03,1250,0,0,Node 03: Network 1
1129,2025-07-21,23,44,55,589727,1.048991,01,250,0,0,Node 01: Network 2
1130,2025-07-21,23,44,56,041198,0.451471,02,750,0,0,Node 02: Network 1
1131,2025-07-21,23,44,57,594667,1.553469,01,250,0,0,Node 01: Network 2
1132,2025-07-21,23,44,58,138766,0.544099,02,750,0,0,Node 02: Network 1
1133,2025-07-21,23,44,59,686252,1.547486,01,250,0,0,Node 01: Network 2
1134,2025-07-21,23,45,00,230382,0.54413,02,750,0,0,Node 02: Network 1
1135,2025-07-21,23,45,00,777126,0.546744,03,1250,0,0,Node 03: Network 1
1136,2025-07-21,23,45,01,220680,0.443554,BB,0,1,0,
1137,2025-07-21,23,45,01,271230,0.05055,03,232,0,1,
1138,2025-07-21,23,45,01,295742,0.024512,02,101,0,1,
1139,2025-07-21,23,45,02,036130,0.740388,02,750,0,0,Node 02: Network 1
1140,2025-07-21,23,45,05,219840,3.18371,BB,0,1,0,
1141,2025-07-21,23,45,05,280934,0.061094,01,1028,0,1,
1142,2025-07-21,23,45,05,292442,0.011508,02,97,0,1,
1143,2025-07-21,23,45,05,311457,0.019015,03,229,0,1,
1144,2025-07-21,23,45,05,535980,0.224523,01,250,0,0,Node 01: Network 2
1145,2025-07-21,23,45,06,037140,0.50116,02,750,0,0,Node 02: Network 1
1146,2025-07-21,23,45,06,538980,0.50184,03,1250,0,0,Node 03: Network 1
1147,2025-07-21,23,45,07,539894,1.000914,01,250,0,0,Node 01: Network 2
1148,2025-07-21,23,45,07,653168,0.113274,BB,0,1,0,1082:0:1
1149,2025-07-21,23,45,07,675670,0.022502,BB,0,1,0,
1150,2025-07-21,23,45,07,746806,0.071136,BB,0,1,0,01:1217:0:1
1151,2025-07-21,23,45,07,758981,0.012175,02,528,0,1,
1152,2025-07-21,23,45,07,771488,0.012507,03,426,0,1,
1153,2025-07-21,23,45,07,828003,0.056515,03,763,0,1,472:0:1
1154,2025-07-21,23,45,07,860038,0.032035,01,1456,0,1,
1155,2025-07-21,23,45,07,879036,0.018998,03,754,0,1,
1156,2025-07-21,23,45,07,908058,0.029022,01,1481,0,1,
1157,2025-07-21,23,45,07,953588,0.04553,02,112,0,1,
1158,2025-07-21,23,45,08,082658,0.12907,03,1250,0,0,Node 03: Network 1
1159,2025-07-21,23,45,08,106164,0.023506,01,1550,0,1,
1160,2025-07-21,23,45,08,142699,0.036535,01,257,0,0,Node 01: Network 2
1161,2025-07-21,23,45,08,268271,0.125572,02,766,0,0,Node 02: Network 1
1162,2025-07-21,23,45,08,364340,0.096069,01,250,0,0,Node 01: Network 2
1163,2025-07-21,23,45,08,505911,0.141571,03,1250,0,0,Node 03: Network 1
1164,2025-07-21,23,45,08,592960,0.087049,02,750,0,0,Node 02: Network 1
1165,2025-07-21,23,45,08,700923,0.107963,01,250,0,0,Node 01: Network 2
1166,2025-07-21,23,45,08,732439,0.031516,02,750,0,0,Node 02: Network 1
1167,2025-07-21,23,45,08,816204,0.083765,02,750,0,0,Node 02: Network 1
1168,2025-07-21,23,45,08,850770,0.034566,03,1250,0,0,Node 03: Network 1
1169,2025-07-21,23,45,08,968383,0.117613,01,250,0,0,Node 01: Network 2
1170,2025-07-21,23,45,09,018403,0.05002,02,750,0,0,Node 02: Network 1
1171,2025-07-21,23,45,09,111146,0.092743,01,250,0,0,Node 01: Network 2
1172,2025-07-21,23,45,09,249923,0.138777,03,1250,0,0,Node 03: Network 1
1173,2025-07-21,23,45,09,262924,0.013001,BB,0,1,0,
1174,2025-07-21,23,45,09,316949,0.054025,02,750,0,0,Node 02: Network 1
1175,2025-07-21,23,45,09,370009,0.05306,02,135,0,1,
1176,2025-07-21,23,45,09,863350,0.493341,03,1250,0,0,Node 03: Network 1
1177,2025-07-21,23,45,11,219109,1.355759,BB,0,1,0,
1178,2025-07-21,23,45,11,261634,0.042525,01,1015,0,1,
1179,2025-07-21,23,45,11,298645,0.037011,03,223,0,1,
1180,2025-07-21,23,45,13,218552,1.919907,BB,0,1,0,
1181,2025-07-21,23,45,13,279092,0.06054,02,632,0,1,
1182,2025-07-21,23,45,13,292604,0.013512,01,1011,0,1,
1183,2025-07-21,23,45,13,305112,0.012508,03,222,0,1,
1184,2025-07-21,23,45,13,534398,0.229286,01,250,0,0,Node 01: Network 2
1185,2025-07-21,23,45,14,538637,1.004239,03,1250,0,0,Node 03: Network 1
1186,2025-07-21,23,45,15,537865,0.999228,01,250,0,0,Node 01: Network 2
1187,2025-07-21,23,45,16,082862,0.544997,02,750,0,0,Node 02: Network 1
1188,2025-07-21,23,45,16,539724,0.456862,03,1250,0,0,Node 03: Network 1
1189,2025-07-21,23,45,17,629843,1.090119,01,250,0,0,Node 01: Network 2
1190,2025-07-21,23,45,18,084277,0.454434,02,750,0,0,Node 02: Network 1
1191,2025-07-21,23,45,18,540714,0.456437,03,1250,0,0,Node 03: Network 1
1192,2025-07-21,23,45,19,630518,1.089804,01,251,0,0,Node 01: Network 2
1193,2025-07-21,23,45,20,086043,0.455525,02,750,0,0,Node 02: Network 1
1194,2025-07-21,23,45,20,632335,0.546292,03,1250,0,0,Node 03: Network 1
1195,2025-07-21,23,45,22,633036,2.000701,03,1250,0,0,Node 03: Network 1
1196,2025-07-21,23,45,24,177421,1.544385,02,750,0,0,Node 02: Network 1
1197,2025-07-21,23,45,24,634666,0.457245,03,1250,0,0,Node 03: Network 1
1198,2025-07-21,23,45,26,119198,1.484532,BB,0,1,0,
1199,2025-07-21,23,45,26,168894,0.049696,BB,0,1,0,1015:0:1
1200,2025-07-21,23,45,26,182894,0.014,01,1887,0,1,
1201,2025-07-21,23,45,26,198405,0.015511,02,975,0,1,
1202,2025-07-21,23,45,26,233444,0.035039,03,1113,0,1,
1203,2025-07-21,23,45,26,299024,0.06558,BB,0,1,0,02:632:0:1
1204,2025-07-21,23,45,26,370576,0.071552,03,188,0,1,
1205,2025-07-21,23,45,26,419083,0.048507,02,135,0,1,
1206,2025-07-21,23,45,26,431592,0.012509,03,223,0,1,
1207,2025-07-21,23,45,26,469328,0.037736,01,186,0,1,
1208,2025-07-21,23,45,26,492839,0.023511,02,186,0,1,
1209,2025-07-21,23,45,26,547865,0.055026,01,1011,0,1,222:0:1
1210,2025-07-21,23,45,26,611089,0.063224,02,750,0,0,Node 02: Network 1
1211,2025-07-21,23,45,26,737166,0.126077,01,250,0,0,Node 01: Network 2
1212,2025-07-21,23,45,26,802884,0.065718,0,,0,0,01:250:0:0:Node 01: Network 2
1213,2025-07-21,23,45,26,880984,0.0781,01,250,0,0,Node 01: Network 2
1214,2025-07-21,23,45,26,939109,0.058125,02,750,0,0,Node 02: Network 1
1215,2025-07-21,23,45,27,036769,0.09766,03,1250,0,0,Node 03: Network 1
1216,2025-07-21,23,45,27,076091,0.039322,02,780,0,0,Node 02: Network 1
1217,2025-07-21,23,45,27,121115,0.045024,02,750,0,0,Node 02: Network 1
1218,2025-07-21,23,45,27,167088,0.045973,03,1250,0,0,Node 03: Network 1
1219,2025-07-21,23,45,27,268642,0.101554,01,250,0,0,Node 01: Network 2
1220,2025-07-21,23,45,27,306661,0.038019,03,1250,0,0,Node 03: Network 1
1221,2025-07-21,23,45,27,317661,0.011,BB,0,1,0,
1222,2025-07-21,23,45,27,360939,0.043278,01,250,0,0,Node 01: Network 2
1223,2025-07-21,23,45,27,406455,0.045516,02,750,0,0,Node 02: Network 1
1224,2025-07-21,23,45,27,937936,0.531481,02,750,0,0,Node 02: Network 1
1225,2025-07-21,23,45,28,439310,0.501374,03,1250,0,0,Node 03: Network 1
1226,2025-07-21,23,45,29,005281,0.565971,01,250,0,0,Node 01: Network 2
1227,2025-07-21,23,45,29,216341,0.21106,BB,0,1,0,
1228,2025-07-21,23,45,31,215946,1.999605,BB,0,1,0,
1229,2025-07-21,23,45,31,263976,0.04803,01,528,0,1,
1230,2025-07-21,23,45,31,285130,0.021154,02,53,0,1,
1231,2025-07-21,23,45,31,329660,0.04453,03,488,0,1,
1232,2025-07-21,23,45,31,531774,0.202114,01,250,0,0,Node 01: Network 2
1233,2025-07-21,23,45,32,534427,1.002653,03,1250,0,0,Node 03: Network 1
1234,2025-07-21,23,45,33,535681,1.001254,01,250,0,0,Node 01: Network 2
1235,2025-07-21,23,45,34,079359,0.543678,02,750,0,0,Node 02: Network 1
1236,2025-07-21,23,45,34,624722,0.545363,03,1250,0,0,Node 03: Network 1
1237,2025-07-21,23,45,35,539248,0.914526,01,250,0,0,Node 01: Network 2
1238,2025-07-21,23,45,36,168613,0.629365,02,750,0,0,Node 02: Network 1
1239,2025-07-21,23,45,37,714487,1.545874,01,250,0,0,Node 01: Network 2
1240,2025-07-21,23,45,38,257578,0.543091,02,750,0,0,Node 02: Network 1
1241,2025-07-21,23,45,38,759760,0.502182,03,1250,0,0,Node 03: Network 1
1242,2025-07-21,23,45,39,213742,0.453982,BB,0,1,0,
1243,2025-07-21,23,45,39,280787,0.067045,02,57,0,1,
1244,2025-07-21,23,45,39,293786,0.012999,03,199,0,1,
1245,2025-07-21,23,45,40,031431,0.737645,02,750,0,0,Node 02: Network 1
1246,2025-07-21,23,45,40,577985,0.546554,03,1250,0,0,Node 03: Network 1
1247,2025-07-21,23,45,41,623604,1.045619,01,250,0,0,Node 01: Network 2
1248,2025-07-21,23,45,42,033884,0.41028,02,750,0,0,Node 02: Network 1
1249,2025-07-21,23,45,42,580720,0.546836,03,1250,0,0,Node 03: Network 1
1250,2025-07-21,23,45,43,580997,1.000277,01,250,0,0,Node 01: Network 2
1251,2025-07-21,23,45,44,116362,0.535365,BB,0,1,0,
1252,2025-07-21,23,45,44,149375,0.033013,02,953,0,1,
1253,2025-07-21,23,45,44,164383,0.015008,BB,0,1,0,
1254,2025-07-21,23,45,44,223180,0.058797,02,1003,0,1,
1255,2025-07-21,23,45,44,302716,0.079536,03,863,0,1,
1256,2025-07-21,23,45,44,326228,0.023512,BB,0,1,0,528:0:1
1257,2025-07-21,23,45,44,338827,0.012599,01,905,0,1,
1258,2025-07-21,23,45,44,379016,0.040189,02,53,0,1,03:488:0:1
1259,2025-07-21,23,45,44,477494,0.098478,03,1250,0,0,Node 03: Network 1
1260,2025-07-21,23,45,44,532511,0.055017,01,250,0,0,Node 01: Network 2
1261,2025-07-21,23,45,44,604074,0.071563,03,1337,0,1,
1262,2025-07-21,23,45,44,718872,0.114798,01,250,0,0,Node 01: Network 2
1263,2025-07-21,23,45,44,814423,0.095551,01,280,0,0,Node 01: Network 2
1264,2025-07-21,23,45,44,904978,0.090555,02,780,0,0,Node 02: Network 1
1265,2025-07-21,23,45,44,970039,0.065061,02,750,0,0,Node 02: Network 1
1266,2025-07-21,23,45,45,023550,0.053511,03,1250,0,0,Node 03: Network 1
1267,2025-07-21,23,45,45,085263,0.061713,01,250,0,0,Node 01: Network 2
1268,2025-07-21,23,45,45,156300,0.071037,01,250,0,0,Node 01: Network 2
1269,2025-07-21,23,45,45,204321,0.048021,03,1250,0,0,Node 03: Network 1
1270,2025-07-21,23,45,45,348403,0.144082,01,250,0,0,Node 01: Network 2
1271,2025-07-21,23,45,45,421947,0.073544,BB,0,1,0,
1272,2025-07-21,23,45,45,455459,0.033512,02,750,0,0,Node 02: Network 1
1273,2025-07-21,23,45,45,576148,0.120689,02,779,0,0,Node 02: Network 1
1274,2025-07-21,23,45,47,212615,1.636467,BB,0,1,0,
1275,2025-07-21,23,45,47,273671,0.061056,02,47,0,1,
1276,2025-07-21,23,45,47,286179,0.012508,01,939,0,1,
1277,2025-07-21,23,45,47,299179,0.013,03,191,0,1,
1278,2025-07-21,23,45,48,029880,0.730701,02,750,0,0,Node 02: Network 1
1279,2025-07-21,23,45,48,575829,0.545949,03,1250,0,0,Node 03: Network 1
1280,2025-07-21,23,45,50,121160,1.545331,02,750,0,0,Node 02: Network 1
1281,2025-07-21,23,45,50,667047,0.545887,03,1250,0,0,Node 03: Network 1
1282,2025-07-21,23,45,51,667566,1.000519,01,250,0,0,Node 01: Network 2
1283,2025-07-21,23,45,52,122626,0.45506,02,750,0,0,Node 02: Network 1
1284,2025-07-21,23,45,52,714708,0.592082,03,1250,0,0,Node 03: Network 1
1285,2025-07-21,23,45,53,671621,0.956913,01,250,0,0,Node 01: Network 2
1286,2025-07-21,23,45,54,260407,0.588786,02,750,0,0,Node 02: Network 1
1287,2025-07-21,23,45,54,717316,0.456909,03,1250,0,0,Node 03: Network 1
1288,2025-07-21,23,45,55,212079,0.494763,BB,0,1,0,
1289,2025-07-21,23,45,55,263753,0.051674,03,185,0,1,
1290,2025-07-21,23,45,55,306473,0.04272,01,924,0,1,
1291,2025-07-21,23,45,55,527943,0.22147,01,250,0,0,Node 01: Network 2
1292,2025-07-21,23,45,59,211906,3.683963,BB,0,1,0,
1293,2025-07-21,23,45,59,259926,0.04802,02,34,0,1,
1294,2025-07-21,23,45,59,281269,0.021343,03,181,0,1,
1295,2025-07-21,23,45,59,306888,0.025619,01,915,0,1,
1296,2025-07-21,23,45,59,527702,0.220814,01,250,0,0,Node 01: Network 2
1297,2025-07-21,23,46,02,751081,3.223379,BB,0,1,0,
1298,2025-07-21,23,46,02,785617,0.034536,01,448,0,1,
1299,2025-07-21,23,46,02,799125,0.013508,02,1570,0,1,
1300,2025-07-21,23,46,02,821128,0.022003,BB,0,1,0,02:47:0:1
1301,2025-07-21,23,46,02,855153,0.034025,03,1719,0,1,
1302,2025-07-21,23,46,02,912206,0.057053,01,939,0,1,191:0:1
1303,2025-07-21,23,46,02,952234,0.040028,01,526,0,1,
1304,2025-07-21,23,46,03,019399,0.067165,02,1640,0,1,
1305,2025-07-21,23,46,03,057923,0.038524,03,1250,0,0,Node 03: Network 1
1306,2025-07-21,23,46,03,070936,0.013013,03,1790,0,1,
1307,2025-07-21,23,46,03,185536,0.1146,01,250,0,0,Node 01: Network 2
1308,2025-07-21,23,46,03,251686,0.06615,01,261,0,0,Node 01: Network 2
1309,2025-07-21,23,46,03,284719,0.033033,01,280,0,0,Node 01: Network 2
1310,2025-07-21,23,46,03,320230,0.035511,BB,0,1,0,
1311,2025-07-21,23,46,03,383265,0.063035,02,779,0,0,Node 02: Network 1
1312,2025-07-21,23,46,03,518704,0.135439,02,750,0,0,Node 02: Network 1
1313,2025-07-21,23,46,03,553215,0.034511,01,1015,0,1,
1314,2025-07-21,23,46,03,704320,0.151105,03,1250,0,0,Node 03: Network 1
1315,2025-07-21,23,46,03,737831,0.033511,02,780,0,0,Node 02: Network 1
1316,2025-07-21,23,46,03,806202,0.068371,02,750,0,0,Node 02: Network 1
1317,2025-07-21,23,46,03,884728,0.078526,01,250,0,0,Node 01: Network 2
1318,2025-07-21,23,46,03,956758,0.07203,02,750,0,0,Node 02: Network 1
1319,2025-07-21,23,46,03,988442,0.031684,02,781,0,0,Node 02: Network 1
1320,2025-07-21,23,46,04,038418,0.049976,03,1250,0,0,Node 03: Network 1
1321,2025-07-21,23,46,04,148374,0.109956,03,1250,0,0,Node 03: Network 1
1322,2025-07-21,23,46,04,431073,0.282699,02,750,0,0,Node 02: Network 1
1323,2025-07-21,23,46,04,900404,0.469331,01,250,0,0,Node 01: Network 2
1324,2025-07-21,23,46,04,963422,0.063018,03,1250,0,0,Node 03: Network 1
1325,2025-07-21,23,46,05,210436,0.247014,BB,0,1,0,
1326,2025-07-21,23,46,05,270492,0.060056,01,902,0,1,
1327,2025-07-21,23,46,05,306080,0.035588,03,177,0,1,
1328,2025-07-21,23,46,05,376164,0.070084,02,26,0,1,
1329,2025-07-21,23,46,05,527288,0.151124,01,250,0,0,Node 01: Network 2
1330,2025-07-21,23,46,06,071100,0.543812,02,750,0,0,Node 02: Network 1
1331,2025-07-21,23,46,06,530495,0.459395,03,1250,0,0,Node 03: Network 1
1332,2025-07-21,23,46,07,529939,0.999444,01,250,0,0,Node 01: Network 2
1333,2025-07-21,23,46,08,075664,0.545725,02,750,0,0,Node 02: Network 1
1334,2025-07-21,23,46,08,621759,0.546095,03,1250,0,0,Node 03: Network 1
1335,2025-07-21,23,46,09,534784,0.913025,01,250,0,0,Node 01: Network 2
1336,2025-07-21,23,46,10,580670,1.045886,03,1250,0,0,Node 03: Network 1
1337,2025-07-21,23,46,11,537995,0.957325,01,250,0,0,Node 01: Network 2
1338,2025-07-21,23,46,12,081616,0.543621,02,750,0,0,Node 02: Network 1
1339,2025-07-21,23,46,12,584725,0.503109,03,1250,0,0,Node 03: Network 1
1340,2025-07-21,23,46,13,541383,0.956658,01,250,0,0,Node 01: Network 2
1341,2025-07-21,23,46,14,128671,0.587288,02,751,0,0,Node 02: Network 1
1342,2025-07-21,23,46,16,569819,2.441148,0BB,0,1,0,
1343,2025-07-21,23,46,16,634426,0.064607,BB,0,1,0,01:902:0:1
1344,2025-07-21,23,46,16,684452,0.050026,02,1439,0,1,
1345,2025-07-21,23,46,16,698881,0.014429,01,1015,0,1,
1346,2025-07-21,23,46,16,712279,0.013398,03,1592,0,1,
1347,2025-07-21,23,46,16,724280,0.012001,01,304,0,1,
1348,2025-07-21,23,46,16,737280,0.013,03,177,0,1,
1349,2025-07-21,23,46,16,748789,0.011509,02,26,0,1,
1350,2025-07-21,23,46,16,989496,0.240707,01,250,0,0,Node 01: Network 2
1351,2025-07-21,23,46,17,021520,0.032024,01,250,0,0,Node 01: Network 2
1352,2025-07-21,23,46,17,055542,0.034022,02,750,0,0,Node 02: Network 1
1353,2025-07-21,23,46,17,112133,0.056591,02,780,0,0,Node 02: Network 1
1354,2025-07-21,23,46,17,195725,0.083592,02,781,0,0,Node 02: Network 1
1355,2025-07-21,23,46,17,273409,0.077684,03,1250,0,0,Node 03: Network 1
1356,2025-07-21,23,46,17,289928,0.016519,BB,0,1,0,
1357,2025-07-21,23,46,17,378106,0.088178,02,750,0,0,Node 02: Network 1
1358,2025-07-21,23,46,17,415764,0.037658,01,250,0,0,Node 01: Network 2
1359,2025-07-21,23,46,17,428764,0.013,01,958,0,1,
1360,2025-07-21,23,46,17,497322,0.068558,03,1250,0,0,Node 03: Network 1
1361,2025-07-21,23,46,17,595644,0.098322,01,250,0,0,Node 01: Network 2
1362,2025-07-21,23,46,17,642949,0.047305,02,750,0,0,Node 02: Network 1
1363,2025-07-21,23,46,17,684970,0.042021,03,1250,0,0,Node 03: Network 1
1364,2025-07-21,23,46,17,924214,0.239244,03,1250,0,0,Node 03: Network 1
1365,2025-07-21,23,46,18,010567,0.086353,02,750,0,0,Node 02: Network 1
1366,2025-07-21,23,46,19,558902,1.548335,01,250,0,0,Node 01: Network 2
1367,2025-07-21,23,46,19,960677,0.401775,02,750,0,0,Node 02: Network 1
1368,2025-07-21,23,46,20,604374,0.643697,03,1250,0,0,Node 03: Network 1
1369,2025-07-21,23,46,21,562168,0.957794,01,250,0,0,Node 01: Network 2
1370,2025-07-21,23,46,21,962694,0.400526,02,750,0,0,Node 02: Network 1
1371,2025-07-21,23,46,22,608018,0.645324,03,1250,0,0,Node 03: Network 1
1372,2025-07-21,23,46,23,509694,0.901676,01,250,0,0,Node 01: Network 2
1373,2025-07-21,23,46,24,152917,0.643223,02,750,0,0,Node 02: Network 1
1374,2025-07-21,23,46,24,610387,0.45747,03,1251,0,0,Node 03: Network 1
1375,2025-07-21,23,46,25,513117,0.90273,01,250,0,0,Node 01: Network 2
1376,2025-07-21,23,46,26,153606,0.640489,02,750,0,0,Node 02: Network 1
1377,2025-07-21,23,46,26,612198,0.458592,03,1250,0,0,Node 03: Network 1
1378,2025-07-21,23,46,27,517611,0.905413,01,251,0,0,Node 01: Network 2
1379,2025-07-21,23,46,28,156026,0.638415,02,750,0,0,Node 02: Network 1
1380,2025-07-21,23,46,28,703257,0.547231,03,1250,0,0,Node 03: Network 1
1381,2025-07-21,23,46,29,520892,0.817635,01,250,0,0,Node 01: Network 2
1382,2025-07-21,23,46,32,650163,3.129271,01,958,0,1,
1383,2025-07-21,23,46,32,734197,0.084034,01,250,0,0,Node 01: Network 2
1384,2025-07-21,23,46,32,814757,0.08056,02,750,0,0,Node 02: Network 1
1385,2025-07-21,23,46,32,832761,0.018004,0,,0,0,BB:0:1:0
1386,2025-07-21,23,46,32,894804,0.062043,03,1250,0,0,Node 03: Network 1
1387,2025-07-21,23,46,32,955848,0.061044,01,475,0,1,
1388,2025-07-21,23,46,32,989360,0.033512,02,750,0,0,Node 02: Network 1
1389,2025-07-21,23,46,33,093410,0.10405,01,250,0,0,Node 01: Network 2
1390,2025-07-21,23,46,33,146466,0.053056,02,750,0,0,Node 02: Network 1
1391,2025-07-21,23,46,33,223512,0.077046,BB,0,1,0,
1392,2025-07-21,23,46,33,270037,0.046525,03,1250,0,0,Node 03: Network 1
1393,2025-07-21,23,46,33,350657,0.08062,01,250,0,0,Node 01: Network 2
1394,2025-07-21,23,46,33,385166,0.034509,02,750,0,0,Node 02: Network 1
1395,2025-07-21,23,46,33,429209,0.044043,03,1250,0,0,Node 03: Network 1
1396,2025-07-21,23,46,33,539289,0.11008,02,781,0,0,Node 02: Network 1
1397,2025-07-21,23,46,33,601816,0.062527,03,1280,0,0,Node 03: Network 1
1398,2025-07-21,23,46,33,929571,0.327755,03,1250,0,0,Node 03: Network 1
1399,2025-07-21,23,46,34,327655,0.398084,01,250,0,0,Node 01: Network 2
1400,2025-07-21,23,46,35,206067,0.878412,BB,0,1,0,
1401,2025-07-21,23,46,35,266552,0.060485,03,149,0,1,
1402,2025-07-21,23,46,37,206508,1.939956,BB,0,1,0,
1403,2025-07-21,23,46,37,242049,0.035541,01,1196,0,1,
1404,2025-07-21,23,46,37,305574,0.063525,02,599,0,1,
1405,2025-07-21,23,46,37,319296,0.013722,03,149,0,1,
1406,2025-07-21,23,46,37,522308,0.203012,01,250,0,0,Node 01: Network 2
1407,2025-07-21,23,46,38,066845,0.544537,02,750,0,0,Node 02: Network 1
1408,2025-07-21,23,46,38,524794,0.457949,03,1250,0,0,Node 03: Network 1
1409,2025-07-21,23,46,39,527940,1.003146,01,250,0,0,Node 01: Network 2
1410,2025-07-21,23,46,43,204878,3.676938,BB,0,1,0,
1411,2025-07-21,23,46,43,276714,0.071836,01,823,0,1,
1412,2025-07-21,23,46,43,288713,0.011999,03,144,0,1,
1413,2025-07-21,23,46,43,302736,0.014023,02,1983,0,1,
1414,2025-07-21,23,46,45,204094,1.901358,BB,0,1,0,
1415,2025-07-21,23,46,45,250176,0.046082,01,818,0,1,
1416,2025-07-21,23,46,45,289689,0.039513,03,141,0,1,
1417,2025-07-21,23,46,45,315199,0.02551,02,1980,0,1,
1418,2025-07-21,23,46,45,520355,0.205156,01,250,0,0,Node 01: Network 2
1419,2025-07-21,23,46,46,020102,0.499747,02,750,0,0,Node 02: Network 1
1420,2025-07-21,23,46,46,566817,0.546715,03,1250,0,0,Node 03: Network 1
1421,2025-07-21,23,46,47,524707,0.95789,01,251,0,0,Node 01: Network 2
1422,2025-07-21,23,46,48,567442,1.042735,03,1250,0,0,Node 03: Network 1
1423,2025-07-21,23,46,49,528265,0.960823,01,250,0,0,Node 01: Network 2
1424,2025-07-21,23,46,49,589791,0.061526,BB,0,1,0,03:149:0:1
1425,2025-07-21,23,46,49,654836,0.065045,BB,0,1,0,1196:0:1
1426,2025-07-21,23,46,49,701349,0.046513,02,599,0,1,03:149:0:1
1427,2025-07-21,23,46,49,713852,0.012503,01,450,0,1,
1428,2025-07-21,23,46,49,726365,0.012513,02,366,0,1,
1429,2025-07-21,23,46,49,759380,0.033015,01,250,0,0,Node 01: Network 2
1430,2025-07-21,23,46,49,801889,0.042509,03,411,0,1,
1431,2025-07-21,23,46,49,908748,0.106859,02,750,0,0,Node 02: Network 1
1432,2025-07-21,23,46,49,997470,0.088722,0,,0,0,0:1:0
1433,2025-07-21,23,46,50,111070,0.1136,02,781,0,0,Node 02: Network 1
1434,2025-07-21,23,46,50,200635,0.089565,03,1280,0,0,Node 03: Network 1
1435,2025-07-21,23,46,50,296222,0.095587,03,1250,0,0,Node 03: Network 1
1436,2025-07-21,23,46,50,333958,0.037736,01,250,0,0,Node 01: Network 2
1437,2025-07-21,23,46,50,380978,0.04702,01,250,0,0,Node 01: Network 2
1438,2025-07-21,23,46,50,477548,0.09657,02,750,0,0,Node 02: Network 1
1439,2025-07-21,23,46,50,554758,0.07721,02,778,0,0,Node 02: Network 1
1440,2025-07-21,23,46,50,599799,0.045041,01,250,0,0,Node 01: Network 2
1441,2025-07-21,23,46,50,634465,0.034666,03,1250,0,0,Node 03: Network 1
1442,2025-07-21,23,46,50,692512,0.058047,03,1250,0,0,Node 03: Network 1
1443,2025-07-21,23,46,51,022504,0.329992,03,1250,0,0,Node 03: Network 1
1444,2025-07-21,23,46,51,203120,0.180616,BB,0,1,0,
1445,2025-07-21,23,46,51,270169,0.067049,03,135,0,1,
1446,2025-07-21,23,46,52,521463,1.251294,03,1250,0,0,Node 03: Network 1
1447,2025-07-21,23,46,55,203290,2.681827,BB,0,1,0,
1448,2025-07-21,23,46,55,246210,0.04292,03,133,0,1,
1449,2025-07-21,23,46,55,268234,0.022024,02,1969,0,1,
1450,2025-07-21,23,46,55,294234,0.026,01,798,0,1,
1451,2025-07-21,23,46,55,518430,0.224196,01,250,0,0,Node 01: Network 2
1452,2025-07-21,23,46,56,020426,0.501996,02,750,0,0,Node 02: Network 1
1453,2025-07-21,23,46,56,521905,0.501479,03,1250,0,0,Node 03: Network 1
1454,2025-07-21,23,46,57,567001,1.045096,01,250,0,0,Node 01: Network 2
1455,2025-07-21,23,46,58,523678,0.956677,03,1250,0,0,Node 03: Network 1
1456,2025-07-21,23,46,59,568378,1.0447,01,250,0,0,Node 01: Network 2
1457,2025-07-21,23,47,01,572411,2.004033,01,250,0,0,Node 01: Network 2
1458,2025-07-21,23,47,02,117253,0.544842,02,750,0,0,Node 02: Network 1
1459,2025-07-21,23,47,02,663263,0.54601,03,1250,0,0,Node 03: Network 1
1460,2025-07-21,23,47,03,664229,1.000966,01,250,0,0,Node 01: Network 2
1461,2025-07-21,23,47,04,710333,1.046104,03,1250,0,0,Node 03: Network 1
1462,2025-07-21,23,47,05,201091,0.490758,BB,0,1,0,
1463,2025-07-21,23,47,05,248315,0.047224,02,1957,0,1,
1464,2025-07-21,23,47,06,017908,0.769593,02,750,0,0,Node 02: Network 1
1465,2025-07-21,23,47,08,019961,2.002053,02,750,0,0,Node 02: Network 1
1466,2025-07-21,23,47,09,566969,1.547008,01,250,0,0,Node 01: Network 2
1467,2025-07-21,23,47,11,629168,2.062199,BB,0,1,0,823:0:1
1468,2025-07-21,23,47,11,675694,0.046526,BB,0,1,0,818
1469,2025-07-21,23,47,11,707499,0.031805,BB,0,1,0,03:135:0:1
1470,2025-07-21,23,47,11,721074,0.013575,01,1192,0,1,
1471,2025-07-21,23,47,11,733823,0.012749,02,379,0,1,
1472,2025-07-21,23,47,11,746440,0.012617,03,547,0,1,
1473,2025-07-21,23,47,11,851432,0.104992,01,1239,0,1,
1474,2025-07-21,23,47,11,910330,0.058898,BB,0,1,0,03:133:0:1
1475,2025-07-21,23,47,11,922681,0.012351,02,436,0,1,
1476,2025-07-21,23,47,11,953261,0.03058,02,33,0,1,
1477,2025-07-21,23,47,11,979543,0.026282,03,605,0,1,
1478,2025-07-21,23,47,12,032981,0.053438,03,144,0,1,1983:0:1
1479,2025-07-21,23,47,12,045126,0.012145,01,240,0,1,
1480,2025-07-21,23,47,12,131039,0.085913,02,778,0,0,Node 02: Network 1
1481,2025-07-21,23,47,12,162605,0.031566,02,1969,0,1,798:0:1
1482,2025-07-21,23,47,12,251122,0.088517,03,253,0,1,
1483,2025-07-21,23,47,12,323220,0.072098,03,1250,0,0,Node 03: Network 1
1484,2025-07-21,23,47,12,427719,0.104499,02,807,0,0,Node 02: Network 1
1485,2025-07-21,23,47,12,461996,0.034277,03,1250,0,0,Node 03: Network 1
1486,2025-07-21,23,47,12,496440,0.034444,03,1250,0,0,Node 03: Network 1
1487,2025-07-21,23,47,12,564338,0.067898,01,250,0,0,Node 01: Network 2
1488,2025-07-21,23,47,12,623253,0.058915,02,750,0,0,Node 02: Network 1
1489,2025-07-21,23,47,12,858305,0.235052,01,250,0,0,Node 01: Network 2
1490,2025-07-21,23,47,12,932251,0.073946,03,1250,0,0,Node 03: Network 1
1491,2025-07-21,23,47,12,969829,0.037578,01,250,0,0,Node 01: Network 2
1492,2025-07-21,23,47,13,054230,0.084401,03,1250,0,0,Node 03: Network 1
1493,2025-07-21,23,47,13,172226,0.117996,01,250,0,0,Node 01: Network 2
1494,2025-07-21,23,47,13,342706,0.17048,BB,0,1,0,
1495,2025-07-21,23,47,15,198789,1.856083,BB,0,1,0,
1496,2025-07-21,23,47,15,291472,0.092683,02,1872,001,1868,0:1
1497,2025-07-21,23,47,15,306893,0.015421,03,619,0,1,
1498,2025-07-21,23,47,15,320402,0.013509,,1,,,
1499,2025-07-21,23,47,17,197713,1.877311,BB,0,1,0,
1500,2025-07-21,23,47,17,252820,0.055107,03,113,0,1,
1501,2025-07-21,23,47,17,265330,0.01251,01,751,0,1,
1502,2025-07-21,23,47,17,278843,0.013513,02,1943,0,1,
1503,2025-07-21,23,47,18,015664,0.736821,02,750,0,0,Node 02: Network 1
1504,2025-07-21,23,47,18,517586,0.501922,03,1250,0,0,Node 03: Network 1
1505,2025-07-21,23,47,19,561961,1.044375,01,250,0,0,Node 01: Network 2
1506,2025-07-21,23,47,20,017424,0.455463,02,750,0,0,Node 02: Network 1
1507,2025-07-21,23,47,23,197203,3.179779,BB,0,1,0,
1508,2025-07-21,23,47,23,250280,0.053077,01,738,0,1,
1509,2025-07-21,23,47,23,295528,0.045248,03,107,0,1,
1510,2025-07-21,23,47,23,316554,0.021026,02,1935,0,1,
1511,2025-07-21,23,47,23,514614,0.19806,01,250,0,0,Node 01: Network 2
1512,2025-07-21,23,47,24,013946,0.499332,02,750,0,0,Node 02: Network 1
1513,2025-07-21,23,47,24,514872,0.500926,03,1250,0,0,Node 03: Network 1
1514,2025-07-21,23,47,25,517654,1.002782,01,250,0,0,Node 01: Network 2
1515,2025-07-21,23,47,26,517587,0.999933,03,1250,0,0,Node 03: Network 1
1516,2025-07-21,23,47,27,522207,1.00462,01,250,0,0,Node 01: Network 2
1517,2025-07-21,23,47,31,196097,3.67389,BB,0,1,0,
1518,2025-07-21,23,47,31,252654,0.056557,03,101,0,1,
1519,2025-07-21,23,47,31,291162,0.038508,01,722,0,1,
1520,2025-07-21,23,47,31,304674,0.013512,02,1927,0,1,
1521,2025-07-21,23,47,31,514519,0.209845,01,251,0,0,Node 01: Network 2
1522,2025-07-21,23,47,32,515258,1.000739,03,1250,0,0,Node 03: Network 1
1523,2025-07-21,23,47,34,517450,2.002192,03,1250,0,0,Node 03: Network 1
1524,2025-07-21,23,47,34,555552,0.038102,BB,0,1,0,
1525,2025-07-21,23,47,34,626107,0.070555,BB,0,1,0,02:1872:0
1526,2025-07-21,23,47,34,639617,0.01351,02,1282,0,1,
1527,2025-07-21,23,47,34,712659,0.073042,BB,0,1,0,03:113:0:1
1528,2025-07-21,23,47,34,742823,0.030164,03,1434,0,1,
1529,2025-07-21,23,47,34,758334,0.015511,01,74,0,1,
1530,2025-07-21,23,47,34,815361,0.057027,BB,0,1,0,01:738:0:1
1531,2025-07-21,23,47,34,844387,0.029026,01,145,0,1,
1532,2025-07-21,23,47,34,888896,0.044509,02,1353,0,1,
1533,2025-07-21,23,47,34,912915,0.024019,01,1868,0,1,619:0:1
1534,2025-07-21,23,47,34,944576,0.031661,03,1614,0,1,
1535,2025-07-21,23,47,34,968088,0.023512,02,206,0,1,
1536,2025-07-21,23,47,35,026137,0.058049,01,751,0,1,1943:0:1
1537,2025-07-21,23,47,35,066153,0.040016,01,333,0,1,
1538,2025-07-21,23,47,35,079661,0.013508,03,1716,0,1,
1539,2025-07-21,23,47,35,188299,0.108638,03,107,0,1,1935:0:1
1540,2025-07-21,23,47,35,218321,0.030022,01,231,0,1,
1541,2025-07-21,23,47,35,251484,0.033163,02,750,0,0,Node 02: Network 1
1542,2025-07-21,23,47,35,329022,0.077538,03,1250,0,0,Node 03: Network 1
1543,2025-07-21,23,47,35,512248,0.183226,02,807,0,0,Node 02: Network 1
1544,2025-07-21,23,47,35,566777,0.054529,03,1282,0,0,Node 03: Network 1
1545,2025-07-21,23,47,35,623313,0.056536,03,1250,0,0,Node 03: Network 1
1546,2025-07-21,23,47,35,659087,0.035774,BB,0,1,0,
1547,2025-07-21,23,47,35,693598,0.034511,02,750,0,0,Node 02: Network 1
1548,2025-07-21,23,47,35,720118,0.02652,02,384,0,1,
1549,2025-07-21,23,47,35,815295,0.095177,03,1250,0,0,Node 03: Network 1
1550,2025-07-21,23,47,35,848502,0.033207,01,250,0,0,Node 01: Network 2
1551,2025-07-21,23,47,36,009597,0.161095,03,1282,0,0,Node 03: Network 1
1552,2025-07-21,23,47,36,043258,0.033661,02,750,0,0,Node 02: Network 1
1553,2025-07-21,23,47,36,118804,0.075546,01,250,0,0,Node 01: Network 2
1554,2025-07-21,23,47,36,168830,0.050026,02,750,0,0,Node 02: Network 1
1555,2025-07-21,23,47,36,238360,0.06953,03,1250,0,0,Node 03: Network 1
1556,2025-07-21,23,47,36,302884,0.064524,01,280,0,0,Node 01: Network 2
1557,2025-07-21,23,47,36,495567,0.192683,02,750,0,0,Node 02: Network 1
1558,2025-07-21,23,47,37,195788,0.700221,BB,0,1,0,
1559,2025-07-21,23,47,37,256365,0.060577,02,1919,0,1,
1560,2025-07-21,23,47,38,010945,0.75458,02,750,0,0,Node 02: Network 1
1561,2025-07-21,23,47,41,195564,3.184619,BB,0,1,0,
1562,2025-07-21,23,47,41,255119,0.059555,02,1916,0,1,
1563,2025-07-21,23,47,41,267627,0.012508,03,93,0,1,
1564,2025-07-21,23,47,41,302645,0.035018,01,702,0,1,
1565,2025-07-21,23,47,42,514743,1.212098,03,1250,0,0,Node 03: Network 1
1566,2025-07-21,23,47,43,560087,1.045344,01,250,0,0,Node 01: Network 2
1567,2025-07-21,23,47,44,059773,0.499686,02,750,0,0,Node 02: Network 1
1568,2025-07-21,23,47,44,517133,0.45736,03,1250,0,0,Node 03: Network 1
1569,2025-07-21,23,47,46,518020,2.000887,03,1250,0,0,Node 03: Network 1
1570,2025-07-21,23,47,47,561228,1.043208,01,250,0,0,Node 01: Network 2
1571,2025-07-21,23,47,48,105250,0.544022,02,750,0,0,Node 02: Network 1
1572,2025-07-21,23,47,48,541153,0.435903,03,1250,0,0,Node 03: Network 1
1573,2025-07-21,23,47,49,565511,1.024358,01,250,0,0,Node 01: Network 2
1574,2025-07-21,23,47,50,109230,0.543719,02,750,0,0,Node 02: Network 1
1575,2025-07-21,23,47,50,611201,0.501971,03,1250,0,0,Node 03: Network 1
1576,2025-07-21,23,47,52,111329,1.500128,02,750,0,0,Node 02: Network 1
1577,2025-07-21,23,47,52,612752,0.501423,03,1250,0,0,Node 03: Network 1
1578,2025-07-21,23,47,53,657515,1.044763,01,251,0,0,Node 01: Network 2
1579,2025-07-21,23,47,54,113051,0.455536,02,750,0,0,Node 02: Network 1
1580,2025-07-21,23,47,54,553680,0.440629,BB,0,1,0,
1581,2025-07-21,23,47,54,602198,0.048518,BB,0,1,0,02:1919:0:1
1582,2025-07-21,23,47,54,613708,0.01151,01,34,0,1,
1583,2025-07-21,23,47,54,657962,0.044254,03,1250,0,0,Node 03: Network 1
1584,2025-07-21,23,47,54,671126,0.013164,03,1461,0,1,
1585,2025-07-21,23,47,54,685127,0.014001,02,1261,0,1,
1586,2025-07-21,23,47,54,724144,0.039017,BB,0,1,0,02:1916:0:1
1587,2025-07-21,23,47,54,801395,0.077251,02,384,0,1,
1588,2025-07-21,23,47,54,833902,0.032507,02,1340,0,1,
1589,2025-07-21,23,47,54,926449,0.092547,03,93,0,1,702:0:1
1590,2025-07-21,23,47,54,938964,0.012515,01,109,0,1,
1591,2025-07-21,23,47,54,979494,0.04053,01,250,0,0,Node 01: Network 2
1592,2025-07-21,23,47,54,992492,0.012998,03,1522,0,1,
1593,2025-07-21,23,47,55,034509,0.042017,03,1250,0,0,Node 03: Network 1
1594,2025-07-21,23,47,55,049018,0.014509,03,1612,0,1,
1595,2025-07-21,23,47,55,112548,0.06353,03,1282,0,0,Node 03: Network 1
1596,2025-07-21,23,47,55,156077,0.043529,03,1282,0,0,Node 03: Network 1
1597,2025-07-21,23,47,55,216100,0.060023,01,280,0,0,Node 01: Network 2
1598,2025-07-21,23,47,55,292890,0.07679,01,280,0,0,Node 01: Network 2
1599,2025-07-21,23,47,55,368447,0.075557,02,750,0,0,Node 02: Network 1
1600,2025-07-21,23,47,55,470982,0.102535,02,750,0,0,Node 02: Network 1
1601,2025-07-21,23,47,55,510815,0.039833,BB,0,1,0,
1602,2025-07-21,23,47,55,556361,0.045546,03,1250,0,0,Node 03: Network 1
1603,2025-07-21,23,47,55,597379,0.041018,02,750,0,0,Node 02: Network 1
1604,2025-07-21,23,47,55,631396,0.034017,01,250,0,0,Node 01: Network 2
1605,2025-07-21,23,47,55,664427,0.033031,02,750,0,0,Node 02: Network 1
1606,2025-07-21,23,47,55,788992,0.124565,03,1250,0,0,Node 03: Network 1
1607,2025-07-21,23,47,55,928125,0.139133,02,781,0,0,Node 02: Network 1
1608,2025-07-21,23,47,55,983679,0.055554,02,791,0,1,
1609,2025-07-21,23,47,56,212116,0.228437,02,750,0,0,Node 02: Network 1
1610,2025-07-21,23,47,56,301679,0.089563,03,1250,0,0,Node 03: Network 1
1611,2025-07-21,23,47,57,163662,0.861983,01,250,0,0,Node 01: Network 2
1612,2025-07-21,23,47,57,215679,0.052017,BB,0,1,0,
1613,2025-07-21,23,47,57,269743,0.054064,01,690,0,1,
1614,2025-07-21,23,47,57,282251,0.012508,03,101,0,1,
1615,2025-07-21,23,47,59,193693,1.911442,BB,0,1,0,
1616,2025-07-21,23,47,59,229724,0.036031,03,77,0,1,
1617,2025-07-21,23,47,59,242724,0.013,01,664,0,1,
1618,2025-07-21,23,47,59,261755,0.019031,02,1815,0,1,
1619,2025-07-21,23,47,59,511049,0.249294,01,250,0,0,Node 01: Network 2
1620,2025-07-21,23,48,00,008910,0.497861,02,750,0,0,Node 02: Network 1
1621,2025-07-21,23,48,00,555322,0.546412,03,1250,0,0,Node 03: Network 1
1622,2025-07-21,23,48,01,556150,1.000828,01,250,0,0,Node 01: Network 2
1623,2025-07-21,23,48,05,191752,3.635602,BB,0,1,0,
1624,2025-07-21,23,48,05,230771,0.039019,03,72,0,1,
1625,2025-07-21,23,48,05,243772,0.013001,02,1888,0,1,
1626,2025-07-21,23,48,05,344333,0.100561,01,651,0,1,
1627,2025-07-21,23,48,05,507464,0.163131,01,250,0,0,Node 01: Network 2
1628,2025-07-21,23,48,06,051929,0.544465,02,750,0,0,Node 02: Network 1
1629,2025-07-21,23,48,06,554810,0.502881,03,1250,0,0,Node 03: Network 1
1630,2025-07-21,23,48,07,597690,1.04288,01,250,0,0,Node 01: Network 2
1631,2025-07-21,23,48,08,142498,0.544808,02,750,0,0,Node 02: Network 1
1632,2025-07-21,23,48,08,555524,0.413026,03,1250,0,0,Node 03: Network 1
1633,2025-07-21,23,48,10,556817,2.001293,03,1250,0,0,Node 03: Network 1
1634,2025-07-21,23,48,11,602339,1.045522,01,250,0,0,Node 01: Network 2
1635,2025-07-21,23,48,11,643859,0.04152,612,0,1,0,
1636,2025-07-21,23,48,11,769925,0.126066,BB,0,1,0,02:750:0:0:Node 02: Network 1
1637,2025-07-21,23,48,11,828967,0.059042,03,645,0,1,
1638,2025-07-21,23,48,11,902179,0.073212,BB,0,1,0,01:690:0:1
1639,2025-07-21,23,48,11,947388,0.045209,02,623,0,1,
1640,2025-07-21,23,48,11,974456,0.027068,BB,0,1,0,01:664:0:1
1641,2025-07-21,23,48,11,986975,0.012519,01,622,0,1,
1642,2025-07-21,23,48,12,011527,0.024552,03,777,0,1,
1643,2025-07-21,23,48,12,038740,0.027213,02,791,0,1,
1644,2025-07-21,23,48,12,089846,0.051106,03,101,0,1,
1645,2025-07-21,23,48,12,169596,0.07975,02,700,0,1,
1646,2025-07-21,23,48,12,190675,0.021079,03,77,0,1,1815:0:1
1647,2025-07-21,23,48,12,311786,0.121111,03,887,0,1,
1648,2025-07-21,23,48,12,344894,0.033108,01,250,0,0,Node 01: Network 2
1650,2025-07-21,23,48,12,400873,0.055979,01,280,0,0,Node 01: Network 2
1651,2025-07-21,23,48,12,435642,0.034769,01,1458,0,1,
1652,2025-07-21,23,48,12,513164,0.077522,02,781,0,0,Node 02: Network 1
1653,2025-07-21,23,48,12,603345,0.090181,02,750,0,0,Node 02: Network 1
1654,2025-07-21,23,48,12,672353,0.069008,03,1250,0,0,Node 03: Network 1
1655,2025-07-21,23,48,12,711349,0.038996,01,250,0,0,Node 01: Network 2
1656,2025-07-21,23,48,12,776677,0.065328,03,1282,0,0,Node 03: Network 1
1657,2025-07-21,23,48,12,810835,0.034158,01,250,0,0,Node 01: Network 2
1658,2025-07-21,23,48,12,907379,0.096544,02,750,0,0,Node 02: Network 1
1659,2025-07-21,23,48,13,011726,0.104347,03,1250,0,0,Node 03: Network 1
1660,2025-07-21,23,48,13,078366,0.06664,01,250,0,0,Node 01: Network 2
1661,2025-07-21,23,48,13,110929,0.032563,02,750,0,0,Node 02: Network 1
1662,2025-07-21,23,48,13,323581,0.212652,BB,0,1,0,
1663,2025-07-21,23,48,13,672642,0.349061,01,250,0,0,Node 01: Network 2
1664,2025-07-21,23,48,13,685958,0.013316,01,282,0,1,
1665,2025-07-21,23,48,13,717650,0.031692,01,250,0,0,Node 01: Network 2
1666,2025-07-21,23,48,14,218085,0.500435,02,750,0,0,Node 02: Network 1
1667,2025-07-21,23,48,14,764991,0.546906,03,1250,0,0,Node 03: Network 1
1668,2025-07-21,23,48,15,190551,0.42556,BB,0,1,0,
1669,2025-07-21,23,48,15,253573,0.063022,01,630,0,1,
1670,2025-07-21,23,48,15,265763,0.01219,03,63,0,1,
1671,2025-07-21,23,48,15,506606,0.240843,01,250,0,0,Node 01: Network 2
1672,2025-07-21,23,48,16,050862,0.544256,02,750,0,0,Node 02: Network 1
1673,2025-07-21,23,48,16,509353,0.458491,03,1250,0,0,Node 03: Network 1
1674,2025-07-21,23,48,19,190076,2.680723,BB,0,1,0,
1675,2025-07-21,23,48,19,227663,0.037587,02,1871,0,1,
1676,2025-07-21,23,48,19,251948,0.024285,03,60,0,1,
1677,2025-07-21,23,48,19,283499,0.031551,01,621,0,1,
1678,2025-07-21,23,48,19,514402,0.230903,01,250,0,0,Node 01: Network 2
1679,2025-07-21,23,48,20,006317,0.491915,02,750,0,0,Node 02: Network 1
1680,2025-07-21,23,48,20,529876,0.523559,03,1250,0,0,Node 03: Network 1
1681,2025-07-21,23,48,21,553552,1.023676,01,250,0,0,Node 01: Network 2
1682,2025-07-21,23,48,22,008688,0.455136,02,750,0,0,Node 02: Network 1
1683,2025-07-21,23,48,22,599075,0.590387,03,1250,0,0,Node 03: Network 1
1684,2025-07-21,23,48,23,555448,0.956373,01,250,0,0,Node 01: Network 2
1685,2025-07-21,23,48,24,009572,0.454124,02,750,0,0,Node 02: Network 1
1686,2025-07-21,23,48,24,600781,0.591209,03,1250,0,0,Node 03: Network 1
1687,2025-07-21,23,48,25,644318,1.043537,01,250,0,0,Node 01: Network 2
1688,2025-07-21,23,48,26,602555,0.958237,03,1250,0,0,Node 03: Network 1
1689,2025-07-21,23,48,29,188893,2.586338,BB,0,1,0,
1690,2025-07-21,23,48,29,249622,0.060729,03,51,0,1,
1691,2025-07-21,23,48,29,262324,0.012702,02,1859,0,1,
1692,2025-07-21,23,48,29,280492,0.018168,01,601,0,1,
1693,2025-07-21,23,48,30,003882,0.72339,02,750,0,0,Node 02: Network 1
1694,2025-07-21,23,48,30,070138,0.066256,BB,0,1,0,72:0:1
1695,2025-07-21,23,48,30,081162,0.011024,BB,0,1,0,
1696,2025-07-21,23,48,30,151403,0.070241,BB,0,1,0,01:630:0:1
1697,2025-07-21,23,48,30,191331,0.039928,BB,0,1,0,1871:0:1
1698,2025-07-21,23,48,30,218497,0.027166,02,903,900,0,1
1699,2025-07-21,23,48,30,227014,0.008517,00,0,1,,
1700,2025-07-21,23,48,30,250035,0.023021,02,1888,0,1,651:0:1
1701,2025-07-21,23,48,30,263648,0.013613,01,856,0,1,
1702,2025-07-21,23,48,30,296579,0.032931,03,1014,0,1,
1704,2025-07-21,23,48,30,316599,0.02002,01,1458,0,1,
1705,2025-07-21,23,48,30,418879,0.10228,02,117,0,1,
1706,2025-07-21,23,48,30,529999,0.11112,01,282,0,1,250:0:0:Node 01: Network 2
1707,2025-07-21,23,48,30,542585,0.012586,01,117,0,1,
1708,2025-07-21,23,48,30,579159,0.036574,03,63,0,1,
1709,2025-07-21,23,48,30,595199,0.01604,01,45,0,1,
1710,2025-07-21,23,48,30,709462,0.114263,03,60,0,1,621:0:1
1711,2025-07-21,23,48,30,817575,0.108113,01,250,0,0,Node 0
1712,2025-07-21,23,48,30,890668,0.073093,03,1282,0,0,Node 03: Network 1
1713,2025-07-21,23,48,30,929844,0.039176,02,750,0,0,Node 02: Network 1
1714,2025-07-21,23,48,31,046711,0.116867,02,756,0,0,Node 02: Network 1
1715,2025-07-21,23,48,31,092616,0.045905,01,250,0,0,Node 01: Network 2
1716,2025-07-21,23,48,31,154661,0.062045,02,750,0,0,Node 02: Network 1
1717,2025-07-21,23,48,31,187472,0.032811,01,267,0,0,Node 01: Network 2
1718,2025-07-21,23,48,31,296662,0.10919,03,1250,0,0,Node 03: Network 1
1719,2025-07-21,23,48,31,443854,0.147192,01,250,0,0,Node 01: Network 2
1720,2025-07-21,23,48,31,567706,0.123852,02,750,0,0,Node 02: Network 1
1721,2025-07-21,23,48,31,613816,0.04611,03,1250,0,0,Node 03: Network 1
1722,2025-07-21,23,48,31,645208,0.031392,01,250,0,0,Nod
1723,2025-07-21,23,48,31,678755,0.033547,02,750,0,0,Node 02: Network 1
1724,2025-07-21,23,48,31,710027,0.031272,02,759,0,0,Node 02: Network 1
1725,2025-07-21,23,48,31,807621,0.097594,02,781,0,0,Node 02: Network 1
1726,2025-07-21,23,48,31,882391,0.07477,03,1252,0,0,Node 03: Network 1
1727,2025-07-21,23,48,32,877126,0.994735,01,250,0,0,Node 01: Network 2
1728,2025-07-21,23,48,33,187252,0.310126,BB,0,1,0,
1729,2025-07-21,23,48,35,186304,1.999052,BB,0,1,0,
1730,2025-07-21,23,48,35,243275,0.056971,02,583,0,1,
1731,2025-07-21,23,48,35,255699,0.012424,03,586,0,1,
1732,2025-07-21,23,48,35,281296,0.025597,01,628,0,1,
1733,2025-07-21,23,48,35,503271,0.221975,01,250,0,0,Node 01: Network 2
1734,2025-07-21,23,48,36,003482,0.500211,02,750,0,0,Node 02: Network 1
1735,2025-07-21,23,48,36,504494,0.501012,03,1250,0,0,Node 03: Network 1
1736,2025-07-21,23,48,38,005315,1.500821,02,750,0,0,Node 02: Network 1
1737,2025-07-21,23,48,38,506534,0.501219,03,1250,0,0,Node 03: Network 1
1738,2025-07-21,23,48,39,551465,1.044931,01,250,0,0,Node 01: Network 2
1739,2025-07-21,23,48,40,007451,0.455986,02,750,0,0,Node 02: Network 1
1740,2025-07-21,23,48,40,508681,0.50123,03,1250,0,0,Node 03: Network 1
1741,2025-07-21,23,48,42,509657,2.000976,03,1250,0,0,Node 03: Network 1
1742,2025-07-21,23,48,43,553270,1.043613,01,250,0,0,Node 01: Network 2
1743,2025-07-21,23,48,44,511267,0.957997,03,1250,0,0,Node 03: Network 1
1744,2025-07-21,23,48,45,555175,1.043908,01,250,0,0,Node 01: Network 2
1745,2025-07-21,23,48,46,055128,0.499953,02,750,0,0,Node 02: Network 1
1746,2025-07-21,23,48,46,512309,0.457181,03,1250,0,0,Node 03: Network 1
1747,2025-07-21,23,48,46,557199,0.04489,BB,0,1,0,
1748,2025-07-21,23,48,46,616971,0.059772,BB,0,1,0,02:583:0:1
1749,2025-07-21,23,48,46,630113,0.013142,03,1407,0,1,
1750,2025-07-21,23,48,46,652802,0.022689,01,628,0,1,586:0:1
1751,2025-07-21,23,48,46,784166,0.131364,03,1250,0,0,Node 03: Network 1
1752,2025-07-21,23,48,46,797203,0.013037,02,1428,0,1,
1753,2025-07-21,23,48,46,832524,0.035321,01,250,0,0,Node 01: Network 2
1754,2025-07-21,23,48,46,846040,0.013516,01,1340,0,1,
1755,2025-07-21,23,48,46,860085,0.014045,03,1508,0,1,
1756,2025-07-21,23,48,46,893148,0.033063,02,756,0,0,Node 02: Network 1
1757,2025-07-21,23,48,47,019176,0.126028,01,267,0,0,Node 01: Network 2
1758,2025-07-21,23,48,47,199043,0.179867,02,759,0,0,Node 02: Network 1
1759,2025-07-21,23,48,47,223080,0.024037,BB,0,1,0,
1760,2025-07-21,23,48,47,288516,0.065436,02,781,0,0,Node 02: Network 1
1761,2025-07-21,23,48,47,323064,0.034548,03,1252,0,0,Node 03: Network 1
1762,2025-07-21,23,48,47,442177,0.119113,01,250,0,0,Node 01: Network 2
1763,2025-07-21,23,48,47,509333,0.067156,01,250,0,0,Node 01: Network 2
1764,2025-07-21,23,48,47,608406,0.099073,02,750,0,0,Node 02: Network 1
1765,2025-07-21,23,48,47,642292,0.033886,01,280,0,0,Node 01: Network 2
1766,2025-07-21,23,48,47,676521,0.034229,03,1250,0,0,Node 03: Network 1
1767,2025-07-21,23,48,47,845278,0.168757,03,1250,0,0,Node 03: Network 1
1768,2025-07-21,23,48,47,997277,0.151999,02,750,0,0,Node 02: Network 1
1769,2025-07-21,23,48,48,543749,0.546472,03,1251,0,0,Node 03: Network 1
1770,2025-07-21,23,48,49,487769,0.94402,01,251,0,0,Node 01: Network 2
1771,2025-07-21,23,48,50,088449,0.60068,02,750,0,0,Node 02: Network 1
1772,2025-07-21,23,48,50,545254,0.456805,03,1250,0,0,Node 03: Network 1
1773,2025-07-21,23,48,51,492760,0.947506,01,250,0,0,Node 01: Network 2
1774,2025-07-21,23,48,52,546805,1.054045,03,1250,0,0,Node 03: Network 1
1775,2025-07-21,23,48,53,592058,1.045253,01,250,0,0,Node 01: Network 2
1776,2025-07-21,23,48,54,091703,0.499645,02,750,0,0,Node 02: Network 1
1777,2025-07-21,23,48,54,639052,0.547349,03,1250,0,0,Node 03: Network 1
1778,2025-07-21,23,48,55,595218,0.956166,01,250,0,0,Node 01: Network 2
1779,2025-07-21,23,48,56,183185,0.587967,02,750,0,0,Node 02: Network 1
1780,2025-07-21,23,48,58,185154,2.001969,02,750,0,0,Node 02: Network 1
1781,2025-07-21,23,48,58,731382,0.546228,03,1250,0,0,Node 03: Network 1
1782,2025-07-21,23,48,59,182875,0.451493,BB,0,1,0,
1783,2025-07-21,23,49,01,183223,2.000348,BB,0,1,0,
1784,2025-07-21,23,49,01,235828,0.052605,03,1775,0,1,
1785,2025-07-21,23,49,01,249212,0.013384,02,1818,0,1,
1786,2025-07-21,23,49,01,263077,0.013865,01,1772,0,1,
1787,2025-07-21,23,49,01,500563,0.237486,01,250,0,0,Node 01: Network 2
1788,2025-07-21,23,49,02,045176,0.544613,02,750,0,0,Node 02: Network 1
1789,2025-07-21,23,49,02,583553,0.538377,BB,0,1,0,
1790,2025-07-21,23,49,02,628859,0.045306,03,1422,0,1,
1791,2025-07-21,23,49,02,703191,0.074332,02,750,0,0,Node 02: Network 1
1792,2025-07-21,23,49,02,766467,0.063276,03,1250,0,0,Node 03: Network 1
1793,2025-07-21,23,49,02,799615,0.033148,02,781,0,0,Node 02: Network 1
1794,2025-07-21,23,49,02,851251,0.051636,01,280,0,0,Node 01: Network 2
1795,2025-07-21,23,49,02,941511,0.09026,03,1250,0,0,Node 03: Network 1
1796,2025-07-21,23,49,03,030920,0.089409,02,750,0,0,Node 02: Network 1
1797,2025-07-21,23,49,03,130301,0.099381,03,1251,0,0,Node 03: Network 1
1798,2025-07-21,23,49,03,204496,0.074195,01,251,0,0,Node 01: Network 2
1799,2025-07-21,23,49,03,216096,0.0116,BB,0,1,0,
1800,2025-07-21,23,49,03,270323,0.054227,02,750,0,0,Node 02: Network 1
1801,2025-07-21,23,49,03,320782,0.050459,03,1250,0,0,Node 03: Network 1
1802,2025-07-21,23,49,03,402567,0.081785,01,250,0,0,Node 01: Network 2
1803,2025-07-21,23,49,03,444210,0.041643,03,1250,0,0,Node 03: Network 1
1804,2025-07-21,23,49,03,502484,0.058274,03,1281,0,0,Node 03: Network 1
1805,2025-07-21,23,49,04,365920,0.863436,01,251,0,0,Node 01: Network 2
1806,2025-07-21,23,49,04,453130,0.08721,03,1250,0,0,Node 03: Network 1
1807,2025-07-21,23,49,04,864360,0.41123,02,750,0,0,Node 02: Network 1
1808,2025-07-21,23,49,05,182291,0.317931,BB,0,1,0,
1809,2025-07-21,23,49,05,254969,0.072678,02,1818,0,1,
1810,2025-07-21,23,49,05,998709,0.74374,02,750,0,0,Node 02: Network 1
1811,2025-07-21,23,49,07,545222,1.546513,01,250,0,0,Node 01: Network 2
1812,2025-07-21,23,49,08,000300,0.455078,02,750,0,0,Node 02: Network 1
1813,2025-07-21,23,49,09,546949,1.546649,01,250,0,0,Node 01: Network 2
1814,2025-07-21,23,49,11,551411,2.004462,01,250,0,0,Node 01: Network 2
1815,2025-07-21,23,49,12,095534,0.544123,02,750,0,0,Node 02: Network 1
1816,2025-07-21,23,49,14,097548,2.002014,02,750,0,0,Node 02: Network 1
1817,2025-07-21,23,49,15,644147,1.546599,01,250,0,0,Node 01: Network 2
1818,2025-07-21,23,49,16,100815,0.456668,02,750,0,0,Node 02: Network 1
1819,2025-07-21,23,49,16,646302,0.545487,03,1250,0,0,Node 03: Network 1
1820,2025-07-21,23,49,17,647673,1.001371,01,250,0,0,Node 01: Network 2
1821,2025-07-21,23,49,18,102469,0.454796,02,750,0,0,Node 02: Network 1
1822,2025-07-21,23,49,18,647730,0.545261,03,1250,0,0,Node 03: Network 1
1823,2025-07-21,23,49,19,584205,0.936475,BB,0,1,0,
1824,2025-07-21,23,49,19,635382,0.051177,02,1818,0,1,
1825,2025-07-21,23,49,19,704923,0.069541,01,250,0,0,Node 01: Network 2
1826,2025-07-21,23,49,19,716952,0.012029,03,410,0,1,
1827,2025-07-21,23,49,19,812504,0.095552,02,750,0,0,Node 02: Network 1
1828,2025-07-21,23,49,19,840025,0.027521,0,,0,0,BB:0:1:0
1829,2025-07-21,23,49,19,896553,0.056528,03,1281,0,0,Node 03: Network 1
1830,2025-07-21,23,49,19,937091,0.040538,01,251,0,0,Node 01: Network 2
1831,2025-07-21,23,49,19,950600,0.013509,01,1154,0,1,
1832,2025-07-21,23,49,20,041144,0.090544,03,1250,0,0,Node 03: Network 1
1833,2025-07-21,23,49,20,138199,0.097055,02,750,0,0,Node 02: Network 1
1834,2025-07-21,23,49,20,200720,0.062521,02,750,0,0,Node 02: Network 1
1835,2025-07-21,23,49,20,289937,0.089217,01,250,0,0,Node 01: Network 2
1836,2025-07-21,23,49,20,323553,0.033616,01,250,0,0,Node 01: Network 2
1837,2025-07-21,23,49,20,392097,0.068544,02,750,0,0,Node 02: Network 1
1838,2025-07-21,23,49,20,425121,0.033024,01,250,0,0,Node 01: Network 2
1839,2025-07-21,23,49,21,005633,0.580512,03,1250,0,0,Node 03: Network 1
1840,2025-07-21,23,49,21,179255,0.173622,BB,0,1,0,
1841,2025-07-21,23,49,21,252317,0.073062,03,5,0,1,
1842,2025-07-21,23,49,22,498050,1.245733,03,1250,0,0,Node 03: Network 1
1843,2025-07-21,23,49,23,543414,1.045364,01,250,0,0,Node 01: Network 2
1844,2025-07-21,23,49,24,087430,0.544016,02,750,0,0,Node 02: Network 1
1845,2025-07-21,23,49,24,588843,0.501413,03,1250,0,0,Node 03: Network 1
1846,2025-07-21,23,49,25,634877,1.046034,01,250,0,0,Node 01: Network 2
1847,2025-07-21,23,49,26,090234,0.455357,02,750,0,0,Node 02: Network 1
1848,2025-07-21,23,49,26,635922,0.545688,03,1250,0,0,Node 03: Network 1
1849,2025-07-21,23,49,27,638763,1.002841,01,250,0,0,Node 01: Network 2
1850,2025-07-21,23,49,28,091272,0.452509,02,750,0,0,Node 02: Network 1
1851,2025-07-21,23,49,31,177894,3.086622,BB,0,1,0,
1852,2025-07-21,23,49,31,243701,0.065807,03,1996,0,1,
1853,2025-07-21,23,49,31,265954,0.022253,02,1787,0,1,
1854,2025-07-21,23,49,31,322306,0.056352,01,470,0,1,
1855,2025-07-21,23,49,31,494911,0.172605,01,250,0,0,Node 01: Network 2
1856,2025-07-21,23,49,32,496838,1.001927,03,1250,0,0,Node 03: Network 1
1857,2025-07-21,23,49,34,041254,1.544416,02,750,0,0,Node 02: Network 1
1858,2025-07-21,23,49,34,587356,0.546102,03,1250,0,0,Node 03: Network 1
1859,2025-07-21,23,49,35,631297,1.043941,01,250,0,0,Node 01: Network 2
1860,2025-07-21,23,49,36,193800,0.562503,02,750,0,0,Node 02: Network 1
1861,2025-07-21,23,49,36,676988,0.483188,03,1250,0,0,Node 03: Network 1
1862,2025-07-21,23,49,36,728477,0.051489,BB,0,1,0,
1863,2025-07-21,23,49,36,797404,0.068927,03,5,0,1,
1864,2025-07-21,23,49,36,865522,0.068118,01,250,0,0,Node 01: Network 2
1865,2025-07-21,23,49,36,912438,0.046916,02,750,0,0,Node 02: Network 1
1866,2025-07-21,23,49,36,992038,0.0796,01,250,0,0,Node 01: Network 2
1867,2025-07-21,23,49,37,026436,0.034398,03,1250,0,0,Node 03: Network 1
1868,2025-07-21,23,49,37,061548,0.035112,03,1250,0,0,Node 03: Network 1
1869,2025-07-21,23,49,37,131519,0.069971,01,250,0,0,Node 01: Network 2
1870,2025-07-21,23,49,37,216846,0.085327,02,750,0,0,Node 02: Network 1
1871,2025-07-21,23,49,37,320234,0.103388,03,1250,0,0,Node 03: Network 1
1872,2025-07-21,23,49,37,365822,0.045588,01,250,0,0,Node 01: Network 2
1873,2025-07-21,23,49,37,376845,0.011023,BB,0,1,0,
1874,2025-07-21,23,49,37,409413,0.032568,02,750,0,0,Node 02: Network 1
1875,2025-07-21,23,49,37,487836,0.078423,03,1250,0,0,Node 03: Network 1
1876,2025-07-21,23,49,37,584708,0.096872,02,781,0,0,Node 02: Network 1
1877,2025-07-21,23,49,37,594728,0.01002,02,2,0,1,
1878,2025-07-21,23,49,37,954884,0.360156,03,1250,0,0,Node 03: Network 1
1879,2025-07-21,23,49,38,223118,0.268234,02,750,0,0,Node 02: Network 1
1880,2025-07-21,23,49,39,101264,0.878146,01,250,0,0,Node 01: Network 2
1881,2025-07-21,23,49,39,176675,0.075411,BB,0,1,0,
1882,2025-07-21,23,49,39,242459,0.065784,01,454,0,1,
1883,2025-07-21,23,49,43,175792,3.933333,BB,0,1,0,
1884,2025-07-21,23,49,43,225873,0.050081,03,542,0,1,
1885,2025-07-21,23,49,43,281301,0.055428,01,445,0,1,
1886,2025-07-21,23,49,43,294782,0.013481,02,1771,0,1,
1887,2025-07-21,23,49,43,491567,0.196785,01,250,0,0,Node 01: Network 2
1888,2025-07-21,23,49,43,993078,0.501511,02,750,0,0,Node 02: Network 1
1889,2025-07-21,23,49,45,540512,1.547434,01,250,0,0,Node 01: Network 2
1890,2025-07-21,23,49,46,586490,1.045978,03,1250,0,0,Node 03: Network 1
1891,2025-07-21,23,49,48,131352,1.544862,02,750,0,0,Node 02: Network 1
1892,2025-07-21,23,49,48,677335,0.545983,03,1250,0,0,Node 03: Network 1
1893,2025-07-21,23,49,49,175498,0.498163,BB,0,1,0,
1894,2025-07-21,23,49,49,234587,0.059089,02,1766,0,1,
1895,2025-07-21,23,49,49,990639,0.756052,02,750,0,0,Node 02: Network 1
1896,2025-07-21,23,49,50,537671,0.547032,03,1250,0,0,Node 03: Network 1
1897,2025-07-21,23,49,51,583478,1.045807,01,250,0,0,Node 01: Network 2
1898,2025-07-21,23,49,52,081534,0.498056,02,750,0,0,Node 02: Network 1
1899,2025-07-21,23,49,52,539527,0.457993,03,1250,0,0,Node 03: Network 1
1900,2025-07-21,23,49,55,174826,2.635299,BB,0,1,0,
1901,2025-07-21,23,49,55,226270,0.051444,03,1975,0,1,
1902,2025-07-21,23,49,55,256283,0.030013,02,1760,0,1,
1903,2025-07-21,23,49,55,305272,0.048989,01,421,0,1,
1904,2025-07-21,23,49,55,991626,0.686354,02,750,0,0,Node 02: Network 1
1905,2025-07-21,23,49,56,493302,0.501676,03,1250,0,0,Node 03: Network 1
1906,2025-07-21,23,49,57,538702,1.0454,01,250,0,0,Node 01: Network 2
1907,2025-07-21,23,49,57,992374,0.453672,02,750,0,0,Node 02: Network 1
1908,2025-07-21,23,49,58,168549,0.176175,BB,0,1,0,
1909,2025-07-21,23,49,58,240106,0.071557,BB,0,1,0,01:454:0:1
1910,2025-07-21,23,49,58,252314,0.012208,03,967,0,1,
1911,2025-07-21,23,49,58,266445,0.014131,01,1409,0,1,
1912,2025-07-21,23,49,58,288985,0.02254,BB,0,1,0,03:542:0:1
1913,2025-07-21,23,49,58,397588,0.108603,02,2,0,1,
1914,2025-07-21,23,49,58,411268,0.01368,03,1039,0,1,
1915,2025-07-21,23,49,58,452570,0.041302,02,1075,0,1,
1916,2025-07-21,23,49,58,465100,0.01253,02,867,0,1,
1917,2025-07-21,23,49,58,540211,0.075111,01,445,0,1,1771:0:1
1918,2025-07-21,23,49,58,598832,0.058621,01,250,0,0,Node 01: Network 2
1919,2025-07-21,23,49,58,632868,0.034036,01,1480,0,1,
1920,2025-07-21,23,49,58,696657,0.063789,02,750,0,0,Node 02: Network 1
1921,2025-07-21,23,49,58,823400,0.126743,02,781,0,0,Node 02: Network 1
1922,2025-07-21,23,49,58,864163,0.040763,01,281,0,0,Node 01: Network 2
1923,2025-07-21,23,49,58,927309,0.063146,03,1250,0,0,Node 03: Network 1
1924,2025-07-21,23,49,59,064416,0.137107,02,750,0,0,Node 02: Network 1
1925,2025-07-21,23,49,59,137763,0.073347,01,250,0,0,Node 01: Network 2
1926,2025-07-21,23,49,59,204740,0.066977,01,250,0,0,Node 01: Network 2
1927,2025-07-21,23,49,59,236666,0.031926,02,750,0,0,Node 02: Network 1
1928,2025-07-21,23,49,59,272844,0.036178,BB,0,1,0,
1929,2025-07-21,23,49,59,307335,0.034491,02,750,0,0,Node 02: Network 1
1930,2025-07-21,23,49,59,363366,0.056031,01,250,0,0,Node 01: Network 2
1931,2025-07-21,23,49,59,402323,0.038957,03,1250,0,0,Node 03: Network 1
1932,2025-07-21,23,49,59,467495,0.065172,02,750,0,0,Node 02: Network 1
1933,2025-07-21,23,49,59,641493,0.173998,02,780,0,0,Node 02: Network 1
1934,2025-07-21,23,49,59,852304,0.210811,03,1250,0,0,Node 03: Network 1
1935,2025-07-21,23,50,00,576539,0.724235,01,250,0,0,Node 01: Network 2
1936,2025-07-21,23,50,01,172198,0.595659,BB,0,1,0,
1937,2025-07-21,23,50,01,227349,0.055151,01,407,0,1,
1938,2025-07-21,23,50,05,172618,3.945269,BB,0,1,0,
1939,2025-07-21,23,50,05,215548,0.04293,02,595,0,1,
1940,2025-07-21,23,50,05,227141,0.011593,03,641,0,1,
1941,2025-07-21,23,50,05,327504,0.100363,01,400,0,1,
1942,2025-07-21,23,50,05,489144,0.16164,01,250,0,0,Node 01: Network 2
1943,2025-07-21,23,50,06,491561,1.002417,03,1250,0,0,Node 03: Network 1
1944,2025-07-21,23,50,09,171776,2.680215,BB,0,1,0,
1945,2025-07-21,23,50,09,213653,0.041877,02,1742,0,1,
1946,2025-07-21,23,50,09,249032,0.035379,03,1963,0,1,
1947,2025-07-21,23,50,09,262071,0.013039,01,391,0,1,
1948,2025-07-21,23,50,09,988427,0.726356,02,750,0,0,Node 02: Network 1
1949,2025-07-21,23,50,10,489164,0.500737,03,1250,0,0,Node 03: Network 1
1950,2025-07-21,23,50,11,535245,1.046081,01,250,0,0,Node 01: Network 2
1951,2025-07-21,23,50,11,989114,0.453869,02,750,0,0,Node 02: Network 1
1952,2025-07-21,23,50,12,491299,0.502185,03,1250,0,0,Node 03: Network 1
1953,2025-07-21,23,50,13,536274,1.044975,01,250,0,0,Node 01: Network 2
1954,2025-07-21,23,50,14,080098,0.543824,02,750,0,0,Node 02: Network 1
1955,2025-07-21,23,50,14,626291,0.546193,03,1250,0,0,Node 03: Network 1
1956,2025-07-21,23,50,15,540493,0.914202,01,250,0,0,Node 01: Network 2
1957,2025-07-21,23,50,19,169600,3.629107,BB,0,1,0,
1958,2025-07-21,23,50,19,221278,0.051678,02,1731,0,1,
1959,2025-07-21,23,50,19,256341,0.035063,03,1954,0,1,
1960,2025-07-21,23,50,19,270525,0.014184,01,369,0,1,
1961,2025-07-21,23,50,19,985293,0.714768,02,750,0,0,Node 02: Network 1
1962,2025-07-21,23,50,20,532146,0.546853,03,1250,0,0,Node 03: Network 1
1963,2025-07-21,23,50,21,576530,1.044384,01,250,0,0,Node 01: Network 2
1964,2025-07-21,23,50,21,632204,0.055674,BB,0,1,0,1766:0:1
1965,2025-07-21,23,50,21,665042,0.032838,BB,0,1,0,
1966,2025-07-21,23,50,21,736782,0.07174,BB,0,1,0,01:407:0:1
1967,2025-07-21,23,50,21,748805,0.012023,01,411,0,1,
1968,2025-07-21,23,50,21,762330,0.013525,03,414,0,1,
1969,2025-07-21,23,50,21,784514,0.022184,BB,0,1,0,02:595:0:1
1970,2025-07-21,23,50,21,805749,0.021235,BB,0,1,0,1742:0:1
1971,2025-07-21,23,50,21,938821,0.133072,03,641,0,1,400:0:1
1972,2025-07-21,23,50,21,960091,0.02127,01,932,0,1,
1973,2025-07-21,23,50,22,038791,0.0787,02,296,0,1,
1974,2025-07-21,23,50,22,100194,0.061403,03,1963,0,1,391:0:1
1975,2025-07-21,23,50,22,112335,0.012141,01,980,0,1,
1976,2025-07-21,23,50,22,124508,0.012173,03,123,0,1,
1977,2025-07-21,23,50,22,185214,0.060706,03,1250,0,0,Node 03: Network 1
1978,2025-07-21,23,50,22,198286,0.013072,02,369,0,1,
1979,2025-07-21,23,50,22,293563,0.095277,02,750,0,0,01:281:0:0:Node 01: Network 2
1980,2025-07-21,23,50,22,305374,0.011811,03,158,0,1,
1981,2025-07-21,23,50,22,385801,0.080427,02,750,0,0,Node 02: Network 1
1982,2025-07-21,23,50,22,462571,0.07677,02,780,0,0,Node 02: Network 1
1983,2025-07-21,23,50,22,608494,0.145923,03,1250,0,0,Node 03: Network 1
1984,2025-07-21,23,50,22,641243,0.032749,01,250,0,0,Node 01: Network 2
1985,2025-07-21,23,50,22,725406,0.084163,01,250,0,0,Node 01: Network 2
1986,2025-07-21,23,50,22,737933,0.012527,02,159,0,1,
1987,2025-07-21,23,50,22,825440,0.087507,03,1281,0,0,Node 03: Network 1
1988,2025-07-21,23,50,22,957830,0.13239,02,750,0,0,Node 02: Network 1
1989,2025-07-21,23,50,22,992235,0.034405,03,1250,0,0,Node 03: Network 1
1990,2025-07-21,23,50,23,037842,0.045607,02,750,0,0,Node 02: Network 1
1991,2025-07-21,23,50,23,123220,0.085378,03,1250,0,0,Node 03: Network 1
1992,2025-07-21,23,50,23,156819,0.033599,01,250,0,0,Node 01: Network 2
1993,2025-07-21,23,50,23,340220,0.183401,01,250,0,0,Node 01: Network 2
1994,2025-07-21,23,50,23,388693,0.048473,BB,0,1,0,
1995,2025-07-21,23,50,27,168902,3.780209,BB,0,1,0,
1996,2025-07-21,23,50,27,224286,0.055384,02,1305,0,1,
1997,2025-07-21,23,50,27,262007,0.037721,01,255,0,1,
1998,2025-07-21,23,50,27,274241,0.012234,03,260,0,1,
1999,2025-07-21,23,50,28,487547,1.213306,03,1250,0,0,Node 03: Network 1
2000,2025-07-21,23,50,29,531314,1.043767,01,250,0,0,Node 01: Network 2
2001,2025-07-21,23,50,30,578085,1.046771,03,1250,0,0,Node 03: Network 1
2002,2025-07-21,23,50,31,534384,0.956299,01,250,0,0,Node 01: Network 2
2003,2025-07-21,23,50,32,078927,0.544543,02,750,0,0,Node 02: Network 1
2004,2025-07-21,23,50,32,578793,0.499866,03,1250,0,0,Node 03: Network 1
2005,2025-07-21,23,50,33,539077,0.960284,01,250,0,0,Node 01: Network 2
2006,2025-07-21,23,50,34,586807,1.04773,03,1250,0,0,Node 03: Network 1
2007,2025-07-21,23,50,37,167835,2.581028,BB,0,1,0,
2008,2025-07-21,23,50,37,217407,0.049572,01,332,0,1,
2009,2025-07-21,23,50,37,230561,0.013154,03,1938,0,1,
2010,2025-07-21,23,50,37,291084,0.060523,02,1710,0,1,
2011,2025-07-21,23,50,37,483208,0.192124,01,250,0,0,Node 01: Network 2
2012,2025-07-21,23,50,38,027920,0.544712,02,750,0,0,Node 02: Network 1
2013,2025-07-21,23,50,38,574796,0.546876,03,1251,0,0,Node 03: Network 1
2014,2025-07-21,23,50,39,573528,0.998732,01,250,0,0,Node 01: Network 2
2015,2025-07-21,23,50,40,028971,0.455443,02,750,0,0,Node 02: Network 1
2016,2025-07-21,23,50,40,620261,0.59129,03,1250,0,0,Node 03: Network 1
2017,2025-07-21,23,50,41,576852,0.956591,01,250,0,0,Node 01: Network 2
2018,2025-07-21,23,50,42,030401,0.453549,02,750,0,0,Node 02: Network 1
2019,2025-07-21,23,50,43,576182,1.545781,BB,0,1,0,
2020,2025-07-21,23,50,43,620297,0.044115,03,342,0,1,
2021,2025-07-21,23,50,43,633320,0.013023,02,113,0,1,
2022,2025-07-21,23,50,43,656869,0.023549,BB,0,1,0,02:1305:0:1
2023,2025-07-21,23,50,43,668891,0.012022,01,729,0,1,
2024,2025-07-21,23,50,43,843515,0.174624,02,182,0,1,
2025,2025-07-21,23,50,43,871294,0.027779,03,158,0,1,
2026,2025-07-21,23,50,43,942197,0.070903,02,159,0,1,03:1281:0:0:Node 03: Network 1
2027,2025-07-21,23,50,43,954726,0.012529,01,812,0,1,
2028,2025-07-21,23,50,43,993413,0.038687,01,255,0,1,260:0:1
2029,2025-07-21,23,50,44,053343,0.05993,02,750,0,0,Node 02: Network 1
2030,2025-07-21,23,50,44,135724,0.082381,03,1250,0,0,Node 03: Network 1
2031,2025-07-21,23,50,44,191341,0.055617,01,250,0,0,Node 01: Network 2
2032,2025-07-21,23,50,44,286018,0.094677,01,250,0,0,Node 01: Network 2
2033,2025-07-21,23,50,44,335687,0.049669,03,1250,0,0,Node 03: Network 1
2034,2025-07-21,23,50,44,370377,0.03469,02,750,0,0,Node 02: Network 1
2035,2025-07-21,23,50,44,403490,0.033113,03,1281,0,0,Node 03: Network 1
2036,2025-07-21,23,50,44,470487,0.066997,01,250,0,0,Node 01: Network 2
2037,2025-07-21,23,50,44,585774,0.115287,01,250,0,0,Node 01: Network 2
2038,2025-07-21,23,50,44,620349,0.034575,03,1250,0,0,Node 03: Network 1
2039,2025-07-21,23,50,44,653450,0.033101,02,750,0,0,Node 02: Network 1
2040,2025-07-21,23,50,44,746330,0.09288,03,1250,0,0,Node 03: Network 1
2041,2025-07-21,23,50,44,840196,0.093866,01,250,0,0,Node 01: Network 2
2042,2025-07-21,23,50,45,165999,0.325803,BB,0,1,0,
2043,2025-07-21,23,50,47,165039,1.99904,BB,0,1,0,
2044,2025-07-21,23,50,47,208067,0.043028,01,1887,0,1,
2045,2025-07-21,23,50,47,220602,0.012535,03,305,0,1,
2046,2025-07-21,23,50,47,284744,0.064142,02,1537,0,1,
2047,2025-07-21,23,50,47,481288,0.196544,01,250,0,0,Node 01: Network 2
2048,2025-07-21,23,50,48,024878,0.54359,02,750,0,0,Node 02: Network 1
2049,2025-07-21,23,50,48,483494,0.458616,03,1250,0,0,Node 03: Network 1
2050,2025-07-21,23,50,49,572315,1.088821,01,250,0,0,Node 01: Network 2
2051,2025-07-21,23,50,51,576587,2.004272,01,250,0,0,Node 01: Network 2
2052,2025-07-21,23,50,55,164722,3.588135,BB,0,1,0,
2053,2025-07-21,23,50,55,202364,0.037642,02,1689,0,1,
2054,2025-07-21,23,50,55,228053,0.025689,03,1922,0,1,
2055,2025-07-21,23,50,55,266691,0.038638,01,294,0,1,
2056,2025-07-21,23,50,55,481096,0.214405,01,250,0,0,Node 01: Network 2
2057,2025-07-21,23,50,56,483345,1.002249,03,1250,0,0,Node 03: Network 1
2058,2025-07-21,23,50,58,484581,2.001236,03,1250,0,0,Node 03: Network 1
2059,2025-07-21,23,51,00,486648,2.002067,03,1250,0,0,Node 03: Network 1
2060,2025-07-21,23,51,01,531278,1.04463,01,250,0,0,Node 01: Network 2
2061,2025-07-21,23,51,02,030340,0.499062,02,750,0,0,Node 02: Network 1
2062,2025-07-21,23,51,02,487648,0.457308,03,1250,0,0,Node 03: Network 1
2063,2025-07-21,23,51,05,162338,2.67469,BB,0,1,0,
2064,2025-07-21,23,51,05,229182,0.066844,03,1913,0,1,
2065,2025-07-21,23,51,05,242291,0.013109,01,273,0,1,
2066,2025-07-21,23,51,05,303476,0.061185,02,1677,0,1,
2067,2025-07-21,23,51,05,478522,0.175046,01,250,0,0,Node 01: Network 2
2068,2025-07-21,23,51,05,978779,0.500257,02,750,0,0,Node 02: Network 1
2069,2025-07-21,23,51,06,526444,0.547665,03,1250,0,0,Node 03: Network 1
2070,2025-07-21,23,51,07,483769,0.957325,01,250,0,0,Node 01: Network 2
2071,2025-07-21,23,51,07,980345,0.496576,02,750,0,0,Node 02: Network 1
2072,2025-07-21,23,51,08,527396,0.547051,03,1250,0,0,Node 03: Network 1
2073,2025-07-21,23,51,10,071440,1.544044,02,750,0,0,Node 02: Network 1
2074,2025-07-21,23,51,10,528275,0.456835,03,1250,0,0,Node 03: Network 1
2075,2025-07-21,23,51,10,584661,0.056386,BB,0,1,0,332:0:1
2076,2025-07-21,23,51,10,629101,0.04444,03,1331,0,1,
2077,2025-07-21,23,51,10,640617,0.011516,BB,0,1,0,
2078,2025-07-21,23,51,10,720484,0.079867,BB,0,1,0,01:1887:0:1
2079,2025-07-21,23,51,10,743984,0.0235,02,1392,0,1,
2080,2025-07-21,23,51,10,775589,0.031605,BB,0,1,0,1689:0:1
2081,2025-07-21,23,51,10,801261,0.025672,02,1229,0,1,
2082,2025-07-21,23,51,10,814381,0.01312,01,1347,0,1,
2083,2025-07-21,23,51,10,895597,0.081216,03,305,0,1,02:1537:0:1
2084,2025-07-21,23,51,10,953496,0.057899,03,1922,0,1,294:0:1
2085,2025-07-21,23,51,11,028728,0.075232,03,1250,0,0,Node 03: Network 1
2086,2025-07-21,23,51,11,042542,0.013814,01,1820,0,1,
2087,2025-07-21,23,51,11,054575,0.012033,03,151,0,1,
2088,2025-07-21,23,51,11,158531,0.103956,03,1281,0,0,Node 03: Network 1
2089,2025-07-21,23,51,11,213629,0.055098,03,1529,0,1,
2090,2025-07-21,23,51,11,294621,0.080992,01,250,0,0,Node 01: Network 2
2091,2025-07-21,23,51,11,334586,0.039965,02,750,0,0,Node 02: Network 1
2092,2025-07-21,23,51,11,438689,0.104103,03,1250,0,0,Node 03: Network 1
2093,2025-07-21,23,51,11,500611,0.061922,01,250,0,0,Node 01: Network 2
2094,2025-07-21,23,51,11,547234,0.046623,01,250,0,0,Node 01: Network 2
2095,2025-07-21,23,51,11,557763,0.010529,BB,0,1,0,
2096,2025-07-21,23,51,11,690946,0.133183,01,250,0,0,Node 01: Network 2
2097,2025-07-21,23,51,11,746921,0.055975,03,1250,0,0,Node 03: Network 1
2098,2025-07-21,23,51,11,779166,0.032245,01,280,0,0,Node 01: Network 2
2099,2025-07-21,23,51,11,835226,0.05606,03,1250,0,0,Node 03: Network 1
2100,2025-07-21,23,51,11,869344,0.034118,03,1250,0,0,Node 03: Network 1
2101,2025-07-21,23,51,12,293782,0.424438,02,750,0,0,Node 02: Network 1
2102,2025-07-21,23,51,12,735579,0.441797,03,1250,0,0,Node 03: Network 1
2103,2025-07-21,23,51,12,826738,0.091159,01,267,0,0,Node 01: Network 2
2104,2025-07-21,23,51,13,162337,0.335599,BB,0,1,0,
2105,2025-07-21,23,51,13,218547,0.05621,01,257,0,1,
2106,2025-07-21,23,51,13,232186,0.013639,02,1669,0,1,
2107,2025-07-21,23,51,13,977593,0.745407,02,750,0,0,Node 02: Network 1
2108,2025-07-21,23,51,17,161474,3.183881,BB,0,1,0,
2109,2025-07-21,23,51,17,213552,0.052078,03,1903,0,1,
2110,2025-07-21,23,51,17,226108,0.012556,01,249,0,1,
2111,2025-07-21,23,51,17,240356,0.014248,02,1663,0,1,
2112,2025-07-21,23,51,19,160458,1.920102,BB,0,1,0,
2113,2025-07-21,23,51,19,210677,0.050219,03,1901,0,1,
2114,2025-07-21,23,51,19,223742,0.013065,01,244,0,1,
2115,2025-07-21,23,51,19,326273,0.102531,02,1661,0,1,
2116,2025-07-21,23,51,19,477765,0.151492,01,250,0,0,Node 01: Network 2
2117,2025-07-21,23,51,20,479181,1.001416,03,1250,0,0,Node 03: Network 1
2118,2025-07-21,23,51,21,522359,1.043178,01,250,0,0,Node 01: Network 2
2119,2025-07-21,23,51,22,481123,0.958764,03,1250,0,0,Node 03: Network 1
2120,2025-07-21,23,51,23,526833,1.04571,01,250,0,0,Node 01: Network 2
2121,2025-07-21,23,51,24,573618,1.046785,03,1250,0,0,Node 03: Network 1
2122,2025-07-21,23,51,25,617578,1.04396,01,250,0,0,Node 01: Network 2
2123,2025-07-21,23,51,26,118375,0.500797,02,750,0,0,Node 02: Network 1
2124,2025-07-21,23,51,26,574552,0.456177,03,1250,0,0,Node 03: Network 1
2125,2025-07-21,23,51,27,621743,1.047191,01,250,0,0,Node 01: Network 2
2126,2025-07-21,23,51,28,119636,0.497893,02,750,0,0,Node 02: Network 1
2127,2025-07-21,23,51,28,576565,0.456929,03,1250,0,0,Node 03: Network 1
2128,2025-07-21,23,51,30,122373,1.545808,02,750,0,0,Node 02: Network 1
2129,2025-07-21,23,51,32,124237,2.001864,02,750,0,0,Node 02: Network 1
2130,2025-07-21,23,51,32,524587,0.40035,0,03,1,0,1
2131,2025-07-21,23,51,32,591466,0.066879,BB,0,1,0,
2132,2025-07-21,23,51,32,648171,0.056705,BB,0,1,0,01:257:0:1
2133,2025-07-21,23,51,32,679188,0.031017,BB,0,1,0,01:249:0:1
2134,2025-07-21,23,51,32,722334,0.043146,BB,0,1,0,01:244:0:1
2135,2025-07-21,23,51,32,758360,0.036026,02,1346,0,1,
2136,2025-07-21,23,51,32,772475,0.014115,01,1302,0,1,
2137,2025-07-21,23,51,32,786000,0.013525,02,1669,0,1,
2138,2025-07-21,23,51,32,799547,0.013547,03,1303,0,1,
2139,2025-07-21,23,51,32,832184,0.032637,03,1903,0,1,1663:0:1
2140,2025-07-21,23,51,32,844287,0.012103,01,51,0,1,
2141,2025-07-21,23,51,32,868244,0.023957,03,1901,0,1,
2142,2025-07-21,23,51,32,880450,0.012206,02,94,0,1,
2143,2025-07-21,23,51,32,902495,0.022045,02,1661,0,1,
2144,2025-07-21,23,51,32,921538,0.019043,03,94,0,1,
2145,2025-07-21,23,51,32,952152,0.030614,01,1779,0,1,
2146,2025-07-21,23,51,33,047358,0.095206,01,250,0,0,Node 01: Network 2
2147,2025-07-21,23,51,33,176452,0.129094,02,750,0,0,Node 02: Network 1
2148,2025-07-21,23,51,33,392963,0.216511,01,280,0,0,Node 01: Network 2
2149,2025-07-21,23,51,33,425287,0.032324,01,281,0,0,Node 01: Network 2
2150,2025-07-21,23,51,33,523128,0.097841,BB,0,1,0,
2151,2025-07-21,23,51,33,556200,0.033072,01,250,0,0,Node 01: Network 2
2152,2025-07-21,23,51,33,593272,0.037072,02,750,0,0,Node 02: Network 1
2153,2025-07-21,23,51,33,730108,0.136836,02,779,0,0,Node 02: Network 1
2154,2025-07-21,23,51,33,817879,0.087771,03,1250,0,0,Node 03: Network 1
2155,2025-07-21,23,51,33,904212,0.086333,01,267,0,0,Node 01: Network 2
2156,2025-07-21,23,51,33,938301,0.034089,03,1282,0,0,Node 03: Network 1
2157,2025-07-21,23,51,33,971382,0.033081,02,750,0,0,Node 02: Network 1
2158,2025-07-21,23,51,34,041689,0.070307,01,250,0,0,Node 01: Network 2
2159,2025-07-21,23,51,34,118363,0.076674,03,1250,0,0,Node 03: Network 1
2160,2025-07-21,23,51,34,173393,0.05503,01,250,0,0,Node 01: Network 2
2161,2025-07-21,23,51,34,275442,0.102049,03,1250,0,0,Node 03: Network 1
2162,2025-07-21,23,51,34,856693,0.581251,01,250,0,0,Node 01: Network 2
2163,2025-07-21,23,51,35,158204,0.301511,BB,0,1,0,
2164,2025-07-21,23,51,35,231088,0.072884,01,211,0,1,
2165,2025-07-21,23,51,35,475476,0.244388,01,250,0,0,Node 01: Network 2
2166,2025-07-21,23,51,36,521225,1.045749,03,1250,0,0,Node 03: Network 1
2167,2025-07-21,23,51,37,477913,0.956688,01,250,0,0,Node 01: Network 2
2168,2025-07-21,23,51,38,064645,0.586732,02,750,0,0,Node 02: Network 1
2169,2025-07-21,23,51,38,524198,0.459553,03,1250,0,0,Node 03: Network 1
2170,2025-07-21,23,51,39,482453,0.958255,01,250,0,0,Node 01: Network 2
2171,2025-07-21,23,51,40,066163,0.58371,02,750,0,0,Node 02: Network 1
2172,2025-07-21,23,51,42,067937,2.001774,02,750,0,0,Node 02: Network 1
2173,2025-07-21,23,51,42,615384,0.547447,03,1250,0,0,Node 03: Network 1
2174,2025-07-21,23,51,43,614356,0.998972,01,250,0,0,Node 01: Network 2
2175,2025-07-21,23,51,47,156987,3.542631,BB,0,1,0,
2176,2025-07-21,23,51,47,203383,0.046396,03,1876,0,1,
2177,2025-07-21,23,51,47,216918,0.013535,01,185,0,1,
2178,2025-07-21,23,51,47,255684,0.038766,02,1629,0,1,
2179,2025-07-21,23,51,47,472410,0.216726,01,250,0,0,Node 01: Network 2
2180,2025-07-21,23,51,48,016799,0.544389,02,750,0,0,Node 02: Network 1
2181,2025-07-21,23,51,48,517684,0.500885,03,1250,0,0,Node 03: Network 1
2182,2025-07-21,23,51,48,621575,0.103891,BB,0,1,0,250:0:0:Node 01: Network 2
2183,2025-07-21,23,51,48,674231,0.052656,BB,0,1,0,
2184,2025-07-21,23,51,48,710365,0.036134,01,211,0,1,
2185,2025-07-21,23,51,48,776864,0.066499,01,250,0,0,Node 01: Network 2
2186,2025-07-21,23,51,48,790388,0.013524,03,1480,0,1,
2187,2025-07-21,23,51,48,804414,0.014026,01,1522,0,1,
2188,2025-07-21,23,51,48,837980,0.033566,03,1250,0,0,Node 03: Network 1
2189,2025-07-21,23,51,48,874027,0.036047,02,1435,0,1,
2190,2025-07-21,23,51,48,972546,0.098519,01,281,0,0,Node 01: Network 2
2191,2025-07-21,23,51,49,136043,0.163497,02,779,0,0,Node 02: Network 1
2192,2025-07-21,23,51,49,202405,0.066362,03,1282,0,0,Node 03: Network 1
2193,2025-07-21,23,51,49,240138,0.037733,01,250,0,0,Node 01: Network 2
2194,2025-07-21,23,51,49,272483,0.032345,01,250,0,0,Node 01: Network 2
2195,2025-07-21,23,51,49,305898,0.033415,01,250,0,0,Node 01: Network 2
2196,2025-07-21,23,51,49,378833,0.072935,03,1250,0,0,Node 03: Network 1
2197,2025-07-21,23,51,49,484242,0.105409,02,750,0,0,Node 02: Network 1
2198,2025-07-21,23,51,49,530330,0.046088,03,1250,0,0,Node 03: Network 1
2199,2025-07-21,23,51,49,562419,0.032089,01,280,0,0,Node 01: Network 2
2200,2025-07-21,23,51,49,595070,0.032651,02,777,0,0,Node 02: Network 1
2201,2025-07-21,23,51,49,885752,0.290682,02,750,0,0,Node 02: Network 1
2202,2025-07-21,23,51,49,993396,0.107644,03,1250,0,0,Node 03: Network 1
2203,2025-07-21,23,51,50,584957,0.591561,01,250,0,0,Node 01: Network 2
2204,2025-07-21,23,51,51,154783,0.569826,BB,0,1,0,
2205,2025-07-21,23,51,51,221136,0.066353,01,177,0,1,
2206,2025-07-21,23,51,55,155085,3.933949,BB,0,1,0,
2207,2025-07-21,23,51,55,230524,0.075439,03,846,0,1,
2208,2025-07-21,23,51,55,243547,0.013023,01,168,0,1,
2209,2025-07-21,23,51,55,256626,0.013079,02,437,0,1,
2210,2025-07-21,23,51,57,155083,1.898457,BB,0,1,0,
2211,2025-07-21,23,51,57,213253,0.05817,02,1618,0,1,
2212,2025-07-21,23,51,57,240310,0.027057,03,1869,0,1,
2213,2025-07-21,23,51,57,253344,0.013034,01,165,0,1,
2214,2025-07-21,23,51,58,475085,1.221741,03,1250,0,0,Node 03: Network 1
2215,2025-07-21,23,52,00,018603,1.543518,02,750,0,0,Node 02: Network 1
2216,2025-07-21,23,52,01,563281,1.544678,01,250,0,0,Node 01: Network 2
2217,2025-07-21,23,52,02,019612,0.456331,02,750,0,0,Node 02: Network 1
2218,2025-07-21,23,52,02,609100,0.589488,03,1250,0,0,Node 03: Network 1
2219,2025-07-21,23,52,03,568904,0.959804,01,250,0,0,Node 01: Network 2
2220,2025-07-21,23,52,04,112586,0.543682,02,750,0,0,Node 02: Network 1
2221,2025-07-21,23,52,07,151993,3.039407,BB,0,1,0,
2222,2025-07-21,23,52,07,217948,0.065955,02,1605,0,1,
2223,2025-07-21,23,52,07,245099,0.027151,01,143,0,1,
2224,2025-07-21,23,52,07,270178,0.025079,03,1858,0,1,
2225,2025-07-21,23,52,09,152432,1.882254,BB,0,1,0,
2226,2025-07-21,23,52,09,237897,0.085465,02,1602,0,1,
2227,2025-07-21,23,52,09,267009,0.029112,03,1857,0,1,
2228,2025-07-21,23,52,09,290276,0.023267,01,139,0,1,
2229,2025-07-21,23,52,09,968949,0.678673,02,750,0,0,Node 02: Network 1
2230,2025-07-21,23,52,10,470256,0.501307,03,1250,0,0,Node 03: Network 1
2231,2025-07-21,23,52,11,515540,1.045284,01,250,0,0,Node 01: Network 2
2232,2025-07-21,23,52,11,970479,0.454939,02,750,0,0,Node 02: Network 1
2233,2025-07-21,23,52,12,082561,0.112082,BB,0,1,0,01:177:0:1
2234,2025-07-21,23,52,12,138974,0.056413,BB,0,1,0,
2235,2025-07-21,23,52,12,191893,0.052919,BB,0,1,0,02:1618:0:1
2236,2025-07-21,23,52,12,204538,0.012645,02,992,0,1,
2237,2025-07-21,23,52,12,216846,0.012308,03,994,0,1,
2238,2025-07-21,23,52,12,254811,0.037965,0,,0,1,250:0:0:Node 01: Network 2
2239,2025-07-21,23,52,12,347359,0.092548,03,846,0,1,168:0:1
2240,2025-07-21,23,52,12,385079,0.03772,02,437,0,1,
2241,2025-07-21,23,52,12,398218,0.013139,01,947,0,1,
2242,2025-07-21,23,52,12,439245,0.041027,01,165,0,1,1869:0:1
2243,2025-07-21,23,52,12,453066,0.013821,01,1173,0,1,
2244,2025-07-21,23,52,12,486403,0.033337,01,250,0,0,Node 01: Network 2
2245,2025-07-21,23,52,12,497920,0.011517,03,901,0,1,
2246,2025-07-21,23,52,12,557002,0.059082,02,750,0,0,Node 02: Network 1
2247,2025-07-21,23,52,12,606503,0.049501,01,280,0,0,Node 01: Network 2
2248,2025-07-21,23,52,12,733920,0.127417,02,777,0,0,Node 02: Network 1
2249,2025-07-21,23,52,12,827728,0.093808,02,750,0,0,Node 02: Network 1
2250,2025-07-21,23,52,12,925746,0.098018,03,1250,0,0,Node 03: Network 1
2251,2025-07-21,23,52,12,959213,0.033467,01,250,0,0,Node 01: Network 2
2252,2025-07-21,23,52,13,048855,0.089642,02,754,0,0,Node 02: Network 1
2253,2025-07-21,23,52,13,106718,0.057863,03,1250,0,0,Node 03: Network 1
2254,2025-07-21,23,52,13,140388,0.03367,02,750,0,0,Node 02: Network 1
2255,2025-07-21,23,52,13,200201,0.059813,01,250,0,0,Node 01: Network 2
2256,2025-07-21,23,52,13,243964,0.043763,02,750,0,0,Node 02: Network 1
2257,2025-07-21,23,52,13,508645,0.264681,03,1250,0,0,Node 03: Network 1
2258,2025-07-21,23,52,13,576226,0.067581,BB,0,1,0,
2259,2025-07-21,23,52,13,629232,0.053006,03,278,0,1,
2260,2025-07-21,23,52,15,151858,1.522626,BB,0,1,0,
2261,2025-07-21,23,52,15,191312,0.039454,02,1324,0,1,
2262,2025-07-21,23,52,15,204854,0.013542,03,1852,0,1,
2263,2025-07-21,23,52,15,282829,0.077975,01,1370,0,1,
2264,2025-07-21,23,52,16,471402,1.188573,03,1250,0,0,Node 03: Network 1
2265,2025-07-21,23,52,18,471224,1.999822,03,1250,0,0,Node 03: Network 1
2266,2025-07-21,23,52,21,150381,2.679157,BB,0,1,0,
2267,2025-07-21,23,52,21,194966,0.044585,02,1590,0,1,
2268,2025-07-21,23,52,21,229040,0.034074,03,1847,0,1,
2269,2025-07-21,23,52,21,264110,0.03507,01,114,0,1,
2270,2025-07-21,23,52,21,966131,0.702021,02,750,0,0,Node 02: Network 1
2271,2025-07-21,23,52,22,469608,0.503477,03,1250,0,0,Node 03: Network 1
2272,2025-07-21,23,52,23,515727,1.046119,01,250,0,0,Node 01: Network 2
2273,2025-07-21,23,52,23,968498,0.452771,02,750,0,0,Node 02: Network 1
2274,2025-07-21,23,52,27,148945,3.180447,BB,0,1,0,
2275,2025-07-21,23,52,27,187938,0.038993,03,1840,0,1,
2276,2025-07-21,23,52,27,200548,0.01261,01,101,0,1,
2277,2025-07-21,23,52,27,224229,0.023681,02,1581,0,1,
2278,2025-07-21,23,52,28,467572,1.243343,03,1250,0,0,Node 03: Network 1
2279,2025-07-21,23,52,29,513178,1.045606,01,250,0,0,Node 01: Network 2
2280,2025-07-21,23,52,30,560882,1.047704,03,1250,0,0,Node 03: Network 1
2281,2025-07-21,23,52,31,606549,1.045667,01,250,0,0,Node 01: Network 2
2282,2025-07-21,23,52,32,151707,0.545158,02,750,0,0,Node 02: Network 1
2283,2025-07-21,23,52,32,653390,0.501683,03,1250,0,0,Node 03: Network 1
2284,2025-07-21,23,52,33,148559,0.495169,BB,0,1,0,
2285,2025-07-21,23,52,33,202590,0.054031,02,1575,0,1,
2286,2025-07-21,23,52,33,965227,0.762637,02,750,0,0,Node 02: Network 1
2287,2025-07-21,23,52,34,511537,0.54631,03,1250,0,0,Node 03: Network 1
2288,2025-07-21,23,52,35,512346,1.000809,01,250,0,0,Node 01: Network 2
2289,2025-07-21,23,52,36,512435,1.000089,03,1250,0,0,Node 03: Network 1
2290,2025-07-21,23,52,37,514870,1.002435,01,250,0,0,Node 01: Network 2
2291,2025-07-21,23,52,38,514293,0.999423,03,1250,0,0,Node 03: Network 1
2292,2025-07-21,23,52,38,552230,0.037937,BB,0,1,0,03:278:0:1
2293,2025-07-21,23,52,38,613641,0.061411,BB,0,1,0,1324:0:1
2294,2025-07-21,23,52,38,664311,0.05067,BB,0,1,0,02:1590:0:1
2295,2025-07-21,23,52,38,677377,0.013066,01,1418,0,1,
2296,2025-07-21,23,52,38,689428,0.012051,02,973,0,1,
2297,2025-07-21,23,52,38,703575,0.014147,02,1035,0,1,
2298,2025-07-21,23,52,38,745782,0.042207,BB,0,1,0,1840:0:1
2299,2025-07-21,23,52,38,759295,0.013513,03,1852,0,1,
2300,2025-07-21,23,52,38,772375,0.01308,03,1424,0,1,
2301,2025-07-21,23,52,38,806700,0.034325,01,1370,0,1,
2302,2025-07-21,23,52,38,835497,0.028797,01,1593,0,1,
2303,2025-07-21,23,52,38,916562,0.081065,03,1847,0,1,114:0:1
2304,2025-07-21,23,52,38,944733,0.028171,03,1347,0,1,
2305,2025-07-21,23,52,38,957759,0.013026,02,1166,0,1,
2306,2025-07-21,23,52,38,998976,0.041217,01,1675,0,1,
2307,2025-07-21,23,52,39,043384,0.044408,01,101,0,1,1581:0:1
2308,2025-07-21,23,52,39,063302,0.019918,02,1084,0,1,
2309,2025-07-21,23,52,39,105088,0.041786,03,1250,0,0,Node 03: Network 1
2310,2025-07-21,23,52,39,162462,0.057374,03,1429,0,1,
2311,2025-07-21,23,52,39,195598,0.033136,01,250,0,0,Node 01: Network 2
2312,2025-07-21,23,52,39,391582,0.195984,02,754,0,0,Node 02: Network 1
2313,2025-07-21,23,52,39,426669,0.035087,03,1250,0,0,Node 03: Network 1
2314,2025-07-21,23,52,39,541065,0.114396,03,1250,0,0,Node 03: Network 1
2315,2025-07-21,23,52,39,658913,0.117848,BB,0,1,0,
2316,2025-07-21,23,52,39,693056,0.034143,03,1250,0,0,Node 03: Network 1
2317,2025-07-21,23,52,39,741695,0.048639,02,750,0,0,Node 02: Network 1
2318,2025-07-21,23,52,39,888037,0.146342,02,750,0,0,Node 02: Network 1
2319,2025-07-21,23,52,39,957687,0.06965,03,1250,0,0,Node 03: Network 1
2320,2025-07-21,23,52,40,016429,0.058742,01,250,0,0,Node 01: Network 2
2321,2025-07-21,23,52,40,059967,0.043538,02,750,0,0,Node 02: Network 1
2322,2025-07-21,23,52,40,179232,0.119265,03,1250,0,0,Node 03: Network 1
2323,2025-07-21,23,52,40,382226,0.202994,03,1282,0,0,Node 03: Network 1
2324,2025-07-21,23,52,40,733496,0.35127,01,250,0,0,Node 01: Network 2
2325,2025-07-21,23,52,41,147628,0.414132,BB,0,1,0,
2326,2025-07-21,23,52,41,185622,0.037994,01,72,0,1,
2327,2025-07-21,23,52,41,216652,0.03103,02,1566,0,1,
2328,2025-07-21,23,52,41,464695,0.248043,01,250,0,0,Node 01: Network 2
2329,2025-07-21,23,52,45,148044,3.683349,BB,0,1,0,
2330,2025-07-21,23,52,45,186317,0.038273,02,1561,0,1,
2331,2025-07-21,23,52,45,236466,0.050149,01,65,0,1,
2332,2025-07-21,23,52,45,249665,0.013199,03,1827,0,1,
2333,2025-07-21,23,52,46,467251,1.217586,03,1250,0,0,Node 03: Network 1
2334,2025-07-21,23,52,49,147403,2.680152,BB,0,1,0,
2335,2025-07-21,23,52,49,215784,0.068381,03,1822,0,1,
2336,2025-07-21,23,52,49,229008,0.013224,02,1556,0,1,
2337,2025-07-21,23,52,49,262106,0.033098,01,55,0,1,
2338,2025-07-21,23,52,49,962549,0.700443,02,750,0,0,Node 02: Network 1
2339,2025-07-21,23,52,50,465617,0.503068,03,1250,0,0,Node 03: Network 1
2340,2025-07-21,23,52,51,509505,1.043888,01,250,0,0,Node 01: Network 2
2341,2025-07-21,23,52,52,054255,0.54475,02,750,0,0,Node 02: Network 1
2342,2025-07-21,23,52,52,467019,0.412764,03,1250,0,0,Node 03: Network 1
2343,2025-07-21,23,52,53,512492,1.045473,01,250,0,0,Node 01: Network 2
2344,2025-07-21,23,52,54,011474,0.498982,02,750,0,0,Node 02: Network 1
2345,2025-07-21,23,52,54,558996,0.547522,03,1250,0,0,Node 03: Network 1
2346,2025-07-21,23,52,55,515478,0.956482,01,250,0,0,Node 01: Network 2
2347,2025-07-21,23,52,56,561387,1.045909,03,1250,0,0,Node 03: Network 1
2348,2025-07-21,23,52,57,607562,1.046175,01,251,0,0,Node 01: Network 2
2349,2025-07-21,23,52,58,106267,0.498705,02,750,0,0,Node 02: Network 1
2350,2025-07-21,23,52,59,651505,1.545238,01,250,0,0,Node 01: Network 2
2351,2025-07-21,23,53,00,107702,0.456197,02,750,0,0,Node 02: Network 1
2352,2025-07-21,23,53,00,699041,0.591339,03,1250,0,0,Node 03: Network 1
2353,2025-07-21,23,53,01,144496,0.445455,BB,0,1,0,
2354,2025-07-21,23,53,02,091247,0.946751,BB,0,1,0,
2355,2025-07-21,23,53,02,137358,0.046111,BB,0,1,0,01:72:0:1
2356,2025-07-21,23,53,02,159401,0.022043,01,757,0,1,
2357,2025-07-21,23,53,02,171428,0.012027,03,716,0,1,
2358,2025-07-21,23,53,02,192834,0.021406,BB,0,1,0,1561:0:1
2359,2025-07-21,23,53,02,204651,0.011817,02,804,0,1,
2360,2025-07-21,23,53,02,348886,0.144235,01,1022,0,1,
2361,2025-07-21,23,53,02,379265,0.030379,02,109,0,1,
2362,2025-07-21,23,53,02,408317,0.029052,BB,0,1,0,02:1556:0:1
2363,2025-07-21,23,53,02,420331,0.012014,03,804,0,1,
2364,2025-07-21,23,53,02,463064,0.042733,02,1566,0,1,
2365,2025-07-21,23,53,02,497158,0.034094,03,846,0,1,
2366,2025-07-21,23,53,02,548891,0.051733,01,1071,0,1,
2367,2025-07-21,23,53,02,585458,0.036567,01,65,0,1,1827:0:1
2368,2025-07-21,23,53,02,655067,0.069609,03,1822,0,1,55:0:1
2369,2025-07-21,23,53,02,667772,0.012705,02,810,0,1,
2370,2025-07-21,23,53,02,712501,0.044729,01,250,0,0,Node 01: Network 2
2371,2025-07-21,23,53,02,825353,0.112852,03,1250,0,0,Node 03: Network 1
2372,2025-07-21,23,53,02,838945,0.013592,03,1074,0,1,
2373,2025-07-21,23,53,03,032959,0.194014,02,750,0,0,Node 02: Network 1
2374,2025-07-21,23,53,03,067905,0.034946,03,1282,0,0,Node 03: Network 1
2375,2025-07-21,23,53,03,104020,0.036115,01,250,0,0,Node 01: Network 2
2376,2025-07-21,23,53,03,188453,0.084433,01,250,0,0,Node 01: Network 2
2377,2025-07-21,23,53,03,247920,0.059467,02,780,0,0,Node 02: Network 1
2378,2025-07-21,23,53,03,294542,0.046622,03,1250,0,0,Node 03: Network 1
2379,2025-07-21,23,53,03,370376,0.075834,02,750,0,0,Node 02: Network 1
2380,2025-07-21,23,53,03,442119,0.071743,03,1250,0,0,Node 03: Network 1
2381,2025-07-21,23,53,03,456852,0.014733,BB,0,1,0,
2382,2025-07-21,23,53,03,532263,0.075411,01,250,0,0,Node 01: Network 2
2383,2025-07-21,23,53,03,634235,0.101972,02,750,0,0,Node 02: Network 1
2384,2025-07-21,23,53,04,076408,0.442173,02,750,0,0,Node 02: Network 1
2385,2025-07-21,23,53,04,578811,0.502403,03,1250,0,0,Node 03: Network 1
2386,2025-07-21,23,53,05,144233,0.565422,BB,0,1,0,
2387,2025-07-21,23,53,05,233282,0.089049,01,250,0,0,Node 01: Network 2
2388,2025-07-21,23,53,07,144004,1.910722,BB,0,1,0,
2389,2025-07-21,23,53,07,196850,0.052846,02,03,1807,0,1
2390,2025-07-21,23,53,07,207109,0.010259,1536,0,1,,
2391,2025-07-21,23,53,07,258852,0.051743,01,283,0,1,
2392,2025-07-21,23,53,08,463531,1.204679,03,1250,0,0,Node 03: Network 1
2393,2025-07-21,23,53,09,508828,1.045297,01,250,0,0,Node 01: Network 2
2394,2025-07-21,23,53,11,511580,2.002752,01,250,0,0,Node 01: Network 2
2395,2025-07-21,23,53,12,054549,0.542969,02,750,0,0,Node 02: Network 1
2396,2025-07-21,23,53,13,515773,1.461224,01,250,0,0,Node 01: Network 2
2397,2025-07-21,23,53,14,562433,1.04666,03,1250,0,0,Node 03: Network 1
2398,2025-07-21,23,53,15,607652,1.045219,01,250,0,0,Node 01: Network 2
2399,2025-07-21,23,53,16,150359,0.542707,02,750,0,0,Node 02: Network 1
2400,2025-07-21,23,53,16,653242,0.502883,03,1250,0,0,Node 03: Network 1
2401,2025-07-21,23,53,17,142407,0.489165,BB,0,1,0,
2402,2025-07-21,23,53,17,217779,0.075372,02,1524,0,1,
2403,2025-07-21,23,53,19,141196,1.923417,BB,0,1,0,
2404,2025-07-21,23,53,19,206813,0.065617,02,1521,0,1,
2405,2025-07-21,23,53,19,229372,0.022559,03,1812,0,1,
2406,2025-07-21,23,53,19,247781,0.018409,01,1764,0,1,
2407,2025-07-21,23,53,19,956969,0.709188,02,750,0,0,Node 02: Network 1
2408,2025-07-21,23,53,20,460236,0.503267,03,1250,0,0,Node 03: Network 1
2409,2025-07-21,23,53,21,504113,1.043877,01,250,0,0,Node 01: Network 2
2410,2025-07-21,23,53,22,462234,0.958121,03,1250,0,0,Node 03: Network 1
2411,2025-07-21,23,53,23,508728,1.046494,01,250,0,0,Node 01: Network 2
2412,2025-07-21,23,53,24,052179,0.543451,02,750,0,0,Node 02: Network 1
2413,2025-07-21,23,53,24,554482,0.502303,03,1250,0,0,Node 03: Network 1
2414,2025-07-21,23,53,24,612139,0.057657,BB,0,1,0,
2415,2025-07-21,23,53,24,666137,0.053998,01,1457,0,1,
2416,2025-07-21,23,53,24,700209,0.034072,03,1267,0,1,
2417,2025-07-21,23,53,24,743794,0.043585,BB,0,1,0,01:250:0:0:Node 01: Network 2
2418,2025-07-21,23,53,24,764708,0.020914,BB,0,1,0,1536:0:1
2419,2025-07-21,23,53,24,822329,0.057621,03,1074,0,1,
2420,2025-07-21,23,53,24,855748,0.033419,01,153,0,1,
2421,2025-07-21,23,53,24,896827,0.041079,03,1807,0,1,01:283:0:1
2422,2025-07-21,23,53,24,940553,0.043726,03,1250,0,0,Node 03: Network 1
2423,2025-07-21,23,53,24,954595,0.014042,02,1138,0,1,
2424,2025-07-21,23,53,24,992393,0.037798,03,152,0,1,
2425,2025-07-21,23,53,25,030473,0.03808,01,250,0,0,Node 01: Network 2
2426,2025-07-21,23,53,25,121302,0.090829,02,780,0,0,Node 02: Network 1
2427,2025-07-21,23,53,25,189048,0.067746,02,750,0,0,Node 02: Network 1
2428,2025-07-21,23,53,25,235234,0.046186,02,1513,0,1,
2429,2025-07-21,23,53,25,353683,0.118449,03,1250,0,0,Node 03: Network 1
2430,2025-07-21,23,53,25,497410,0.143727,03,1250,0,0,Node 03: Network 1
2431,2025-07-21,23,53,25,510476,0.013066,BB,0,1,0,
2432,2025-07-21,23,53,25,580454,0.069978,01,250,0,0,Node 01: Network 2
2433,2025-07-21,23,53,25,645854,0.0654,01,250,0,0,Node 01: Network 2
2434,2025-07-21,23,53,25,709251,0.063397,02,750,0,0,Node 02: Network 1
2435,2025-07-21,23,53,25,755899,0.046648,01,250,0,0,Node 01: Network 2
2436,2025-07-21,23,53,25,826750,0.070851,03,1250,0,0,Node 03: Network 1
2437,2025-07-21,23,53,26,123546,0.296796,02,750,0,0,Node 02: Network 1
2438,2025-07-21,23,53,26,263487,0.139941,03,1250,0,0,Node 03: Network 1
2439,2025-07-21,23,53,29,138778,2.875291,BB,0,1,0,
2440,2025-07-21,23,53,29,196125,0.057347,01,1971,0,1,
2441,2025-07-21,23,53,29,240250,0.044125,02,1510,0,1,
2442,2025-07-21,23,53,29,302504,0.062254,03,1786,0,1,
2443,2025-07-21,23,53,31,138678,1.836174,BB,0,1,0,
2444,2025-07-21,23,53,31,197166,0.058488,03,1785,0,1,
2445,2025-07-21,23,53,31,210687,0.013521,02,1507,0,1,
2446,2025-07-21,23,53,31,296569,0.085882,01,1967,0,1,
2447,2025-07-21,23,53,31,455648,0.159079,01,250,0,0,Node 01: Network 2
2448,2025-07-21,23,53,31,955037,0.499389,02,750,0,0,Node 02: Network 1
2449,2025-07-21,23,53,33,955824,2.000787,02,750,0,0,Node 02: Network 1
2450,2025-07-21,23,53,35,959655,2.003831,02,750,0,0,Node 02: Network 1
2451,2025-07-21,23,53,36,504787,0.545132,03,1250,0,0,Node 03: Network 1
2452,2025-07-21,23,53,37,506018,1.001231,01,250,0,0,Node 01: Network 2
2453,2025-07-21,23,53,37,960479,0.454461,02,750,0,0,Node 02: Network 1
2454,2025-07-21,23,53,38,505777,0.545298,03,1250,0,0,Node 03: Network 1
2455,2025-07-21,23,53,39,510255,1.004478,01,250,0,0,Node 01: Network 2
2456,2025-07-21,23,53,39,963429,0.453174,02,750,0,0,Node 02: Network 1
2457,2025-07-21,23,53,40,555732,0.592303,03,1250,0,0,Node 03: Network 1
2458,2025-07-21,23,53,41,508716,0.952984,01,250,0,0,Node 01: Network 2
2459,2025-07-21,23,53,41,965187,0.456471,02,750,0,0,Node 02: Network 1
2460,2025-07-21,23,53,45,137983,3.172796,BB,0,1,0,
2461,2025-07-21,23,53,45,193362,0.055379,03,1773,0,1,
2462,2025-07-21,23,53,45,206387,0.013025,01,1938,0,1,
2463,2025-07-21,23,53,45,244945,0.038558,02,1491,0,1,
2464,2025-07-21,23,53,45,454385,0.20944,01,250,0,0,Node 01: Network 2
2465,2025-07-21,23,53,46,456446,1.002061,03,1250,0,0,Node 03: Network 1
2466,2025-07-21,23,53,47,500571,1.044125,01,250,0,0,Node 01: Network 2
2467,2025-07-21,23,53,48,000047,0.499476,02,750,0,0,Node 02: Network 1
2468,2025-07-21,23,53,48,040237,0.04019,BB,0,1,0,
2469,2025-07-21,23,53,48,083320,0.043083,01,835,0,1,
2470,2025-07-21,23,53,48,131262,0.047942,02,391,0,1,
2471,2025-07-21,23,53,48,162380,0.031118,BB,0,1,0,01:1971:0:1
2472,2025-07-21,23,53,48,213992,0.051612,BB,0,1,0,03:1785:0:1
2473,2025-07-21,23,53,48,258287,0.044295,03,942,0,1,
2474,2025-07-21,23,53,48,325615,0.067328,01,958,0,1,
2475,2025-07-21,23,53,48,358711,0.033096,02,513,0,1,
2476,2025-07-21,23,53,48,390395,0.031684,03,847,0,1,
2477,2025-07-21,23,53,48,405725,0.01533,002,1513,0,1,
2478,2025-07-21,23,53,48,466367,0.060642,02,564,0,1,
2479,2025-07-21,23,53,48,563283,0.096916,02,1510,0,1,03:1786:0:1
2480,2025-07-21,23,53,48,597256,0.033973,02,1507,0,1,
2481,2025-07-21,23,53,48,676206,0.07895,01,1967,0,1,
2482,2025-07-21,23,53,48,717737,0.041531,01,250,0,0,Node 01: Network 2
2483,2025-07-21,23,53,48,811156,0.093419,02,750,0,0,Node 02: Network 1
2484,2025-07-21,23,53,48,861458,0.050302,02,750,0,0,Node 02: Network 1
2485,2025-07-21,23,53,48,973430,0.111972,03,1250,0,0,Node 03: Network 1
2486,2025-07-21,23,53,49,119384,0.145954,01,250,0,0,Node 01: Network 2
2487,2025-07-21,23,53,49,160292,0.040908,BB,0,1,0,
2488,2025-07-21,23,53,49,194173,0.033881,02,750,0,0,Node 02: Network 1
2489,2025-07-21,23,53,49,235329,0.041156,02,1510,0,1,
2490,2025-07-21,23,53,49,366793,0.131464,02,781,0,0,Node 02: Network 1
2491,2025-07-21,23,53,49,400405,0.033612,02,750,0,0,Node 02: Network 1
2492,2025-07-21,23,53,49,451873,0.051468,02,750,0,0,Node 02: Network 1
2493,2025-07-21,23,53,49,486582,0.034709,03,1250,0,0,Node 03: Network 1
2494,2025-07-21,23,53,49,519462,0.03288,01,250,0,0,Node 01: Network 2
2495,2025-07-21,23,53,49,553525,0.034063,02,750,0,0,Node 02: Network 1
2496,2025-07-21,23,53,49,882243,0.328718,03,1250,0,0,Node 03: Network 1
2497,2025-07-21,23,53,50,882511,1.000268,01,250,0,0,Node 01: Network 2
2498,2025-07-21,23,53,51,137247,0.254736,BB,0,1,0,
2499,2025-07-21,23,53,53,136229,1.998982,BB,0,1,0,
2500,2025-07-21,23,53,53,181412,0.045183,02,654,0,1,
2501,2025-07-21,23,53,53,213279,0.031867,03,531,0,1,
2502,2025-07-21,23,53,53,235814,0.022535,01,572,0,1,
2503,2025-07-21,23,53,54,454916,1.219102,03,1250,0,0,Node 03: Network 1
2504,2025-07-21,23,53,57,136025,2.681109,BB,0,1,0,
2505,2025-07-21,23,53,57,192012,0.055987,03,1763,0,1,
2506,2025-07-21,23,53,57,205096,0.013084,02,1478,0,1,
2507,2025-07-21,23,53,57,218958,0.013862,01,1913,0,1,
2508,2025-07-21,23,53,59,135638,1.91668,BB,0,1,0,
2509,2025-07-21,23,53,59,180651,0.045013,02,1475,0,1,
2510,2025-07-21,23,53,59,200702,0.020051,01,1908,0,1,
2511,2025-07-21,23,53,59,214321,0.013619,03,1761,0,1,
2512,2025-07-21,23,54,00,453529,1.239208,03,1250,0,0,Node 03: Network 1
2513,2025-07-21,23,54,01,497614,1.044085,01,250,0,0,Node 01: Network 2
2514,2025-07-21,23,54,02,454535,0.956921,03,1250,0,0,Node 03: Network 1
2515,2025-07-21,23,54,03,501272,1.046737,01,250,0,0,Node 01: Network 2
2516,2025-07-21,23,54,03,999055,0.497783,02,750,0,0,Node 02: Network 1
2517,2025-07-21,23,54,04,546437,0.547382,03,1250,0,0,Node 03: Network 1
2518,2025-07-21,23,54,06,000320,1.453883,02,750,0,0,Node 02: Network 1
2519,2025-07-21,23,54,09,134182,3.133862,BB,0,1,0,
2520,2025-07-21,23,54,09,219125,0.084943,02,1464,0,1,
2521,2025-07-21,23,54,09,266254,0.047129,01,1888,0,1,
2522,2025-07-21,23,54,09,279430,0.013176,03,1752,0,1,
2523,2025-07-21,23,54,09,450432,0.171002,01,250,0,0,Node 01: Network 2
2524,2025-07-21,23,54,11,454259,2.003827,01,250,0,0,Node 01: Network 2
2525,2025-07-21,23,54,14,035301,2.581042,BB,0,1,0,
2526,2025-07-21,23,54,14,086746,0.051445,03,651,0,1,
2527,2025-07-21,23,54,14,096764,0.010018,BB,0,1,0,
2528,2025-07-21,23,54,14,142470,0.045706,01,781,0,1,
2529,2025-07-21,23,54,14,202182,0.059712,BB,0,1,0,02:654:0:1
2530,2025-07-21,23,54,14,267654,0.065472,02,361,0,1,
2531,2025-07-21,23,54,14,280195,0.012541,02,421,0,1,
2532,2025-07-21,23,54,14,304333,0.024138,BB,0,1,0,02:1478:0:1
2533,2025-07-21,23,54,14,333593,0.02926,03,171,0,1,
2534,2025-07-21,23,54,14,370552,0.036959,01,170,0,1,
2535,2025-07-21,23,54,14,430169,0.059617,BB,0,1,0,02:1475:0:1
2536,2025-07-21,23,54,14,443192,0.013023,02,525,0,1,
2537,2025-07-21,23,54,14,486809,0.043617,02,1510,0,1,
2538,2025-07-21,23,54,14,569033,0.082224,01,572,0,1,531:0:1
2539,2025-07-21,23,54,14,581592,0.012559,02,626,0,1,
2540,2025-07-21,23,54,14,612415,0.030823,01,1913,0,1,1763:0:1
2541,2025-07-21,23,54,14,655503,0.043088,01,1047,0,1,
2542,2025-07-21,23,54,14,713384,0.057881,02,755,0,1,
2543,2025-07-21,23,54,14,764496,0.051112,03,250,0,1,
2544,2025-07-21,23,54,14,799667,0.035171,01,1908,0,1,1761:0:1
2545,2025-07-21,23,54,14,834106,0.034439,03,1250,0,0,Node 03: Network 1
2546,2025-07-21,23,54,14,848221,0.014115,01,1174,0,1,
2547,2025-07-21,23,54,15,021414,0.173193,01,250,0,0,Node 01: Network 2
2548,2025-07-21,23,54,15,068009,0.046595,02,781,0,0,Node 02: Network 1
2549,2025-07-21,23,54,15,197095,0.129086,03,1250,0,0,Node 03: Network 1
2550,2025-07-21,23,54,15,268875,0.07178,01,250,0,0,Node 01: Network 2
2551,2025-07-21,23,54,15,335938,0.067063,03,1250,0,0,Node 03: Network 1
2552,2025-07-21,23,54,15,394357,0.058419,BB,0,1,0,
2553,2025-07-21,23,54,15,451958,0.057601,03,1281,0,0,Node 03: Network 1
2554,2025-07-21,23,54,15,516899,0.064941,03,1250,0,0,Node 03: Network 1
2555,2025-07-21,23,54,15,559419,0.04252,01,250,0,0,Node 01: Network 2
2556,2025-07-21,23,54,15,644969,0.08555,03,1250,0,0,Node 03: Network 1
2557,2025-07-21,23,54,15,788157,0.143188,01,250,0,0,Node 01: Network 2
2558,2025-07-21,23,54,15,822238,0.034081,02,750,0,0,Node 02: Network 1
2559,2025-07-21,23,54,15,924935,0.102697,03,1260,0,0,Node 03: Network 1
2560,2025-07-21,23,54,15,989109,0.064174,01,280,0,0,Node 01: Network 2
2561,2025-07-21,23,54,16,128987,0.139878,03,213,0,1,
2562,2025-07-21,23,54,16,918447,0.78946,03,1250,0,0,Node 03: Network 1
2563,2025-07-21,23,54,17,132465,0.214018,BB,0,1,0,
2564,2025-07-21,23,54,17,228369,0.095904,02,750,0,0,Node 02: Network 1
2565,2025-07-21,23,54,19,131414,1.903045,BB,0,1,0,
2566,2025-07-21,23,54,19,204913,0.073499,02,764,0,1,
2567,2025-07-21,23,54,19,217949,0.013036,03,1743,0,1,
2568,2025-07-21,23,54,19,296206,0.078257,01,1866,0,1,
2569,2025-07-21,23,54,23,131434,3.835228,BB,0,1,0,
2570,2025-07-21,23,54,23,185846,0.054412,02,1448,0,1,
2571,2025-07-21,23,54,23,199378,0.013532,03,1741,0,1,
2572,2025-07-21,23,54,23,242395,0.043017,01,1859,0,1,
2573,2025-07-21,23,54,23,448833,0.206438,01,250,0,0,Node 01: Network 2
2574,2025-07-21,23,54,24,449491,1.000658,03,1250,0,0,Node 03: Network 1
2575,2025-07-21,23,54,25,494190,1.044699,01,250,0,0,Node 01: Network 2
2576,2025-07-21,23,54,25,994465,0.500275,02,750,0,0,Node 02: Network 1
2577,2025-07-21,23,54,27,498567,1.504102,01,250,0,0,Node 01: Network 2
2578,2025-07-21,23,54,28,043323,0.544756,02,750,0,0,Node 02: Network 1
2579,2025-07-21,23,54,28,544407,0.501084,03,1250,0,0,Node 03: Network 1
2580,2025-07-21,23,54,30,045698,1.501291,02,750,0,0,Node 02: Network 1
2581,2025-07-21,23,54,31,592275,1.546577,01,250,0,0,Node 01: Network 2
2582,2025-07-21,23,54,32,047024,0.454749,02,750,0,0,Node 02: Network 1
2583,2025-07-21,23,54,32,593447,0.546423,03,1250,0,0,Node 03: Network 1
2584,2025-07-21,23,54,35,128960,2.535513,BB,0,1,0,
2585,2025-07-21,23,54,35,184665,0.055705,02,1432,0,1,
2586,2025-07-21,23,54,35,197972,0.013307,01,1832,0,1,
2587,2025-07-21,23,54,35,212093,0.014121,03,1729,0,1,
2588,2025-07-21,23,54,35,445028,0.232935,01,250,0,0,Node 01: Network 2
2589,2025-07-21,23,54,36,491440,1.046412,03,1250,0,0,Node 03: Network 1
2590,2025-07-21,23,54,37,560446,1.069006,250,0,1,1,1174:0:1
2591,2025-07-21,23,54,37,631448,0.071002,BB,0,1,0,1281:0:0:Node 03: Network 1
2592,2025-07-21,23,54,37,670409,0.038961,BB,0,1,0,
2593,2025-07-21,23,54,37,694965,0.024556,03,229,0,1,
2594,2025-07-21,23,54,37,710114,0.015149,BB,0,1,0,
2595,2025-07-21,23,54,37,755691,0.045577,01,331,0,1,
2596,2025-07-21,23,54,37,785744,0.030053,BB,0,1,0,02:1448:0:1
2597,2025-07-21,23,54,37,797760,0.012016,02,465,0,1,
2598,2025-07-21,23,54,37,867894,0.070134,01,116,0,1,
2599,2025-07-21,23,54,37,916768,0.048874,02,764,0,1,1743:0:1
2600,2025-07-21,23,54,37,941317,0.024549,01,1866,0,1,
2601,2025-07-21,23,54,37,985392,0.044075,03,213,0,1,
2602,2025-07-21,23,54,38,035656,0.050264,02,11,0,1,
2603,2025-07-21,23,54,38,170490,0.134834,03,1741,0,1,01:1859:0:1
2604,2025-07-21,23,54,38,182513,0.012023,01,485,0,1,
2605,2025-07-21,23,54,38,258973,0.07646,03,1250,0,0,Node 03: Network 1
2606,2025-07-21,23,54,38,296053,0.03708,03,480,0,1,
2607,2025-07-21,23,54,38,438190,0.142137,02,750,0,0,Node 02: Network 1
2608,2025-07-21,23,54,38,473188,0.034998,03,1260,0,0,Node 03: Network 1
2609,2025-07-21,23,54,38,523433,0.050245,01,280,0,0,Node 01: Network 2
2610,2025-07-21,23,54,38,592712,0.069279,03,1250,0,0,Node 03: Network 1
2611,2025-07-21,23,54,38,627219,0.034507,02,781,0,0,Node 02: Network 1
2612,2025-07-21,23,54,38,660277,0.033058,02,750,0,0,Node 02: Network 1
2613,2025-07-21,23,54,38,719164,0.058887,01,250,0,0,Node 01: Network 2
2614,2025-07-21,23,54,38,878974,0.15981,03,1250,0,0,Node 03: Network 1
2615,2025-07-21,23,54,39,037914,0.15894,01,250,0,0,Node 01: Network 2
2616,2025-07-21,23,54,39,080507,0.042593,02,750,0,0,Node 02: Network 1
2617,2025-07-21,23,54,39,200571,0.120064,03,1250,0,0,Node 03: Network 1
2618,2025-07-21,23,54,39,233874,0.033303,01,250,0,0,Node 01: Network 2
2619,2025-07-21,23,54,39,244899,0.011025,BB,0,1,0,
2620,2025-07-21,23,54,39,408971,0.164072,01,277,0,0,Node 01: Network 2
2621,2025-07-21,23,54,39,926567,0.517596,02,750,0,0,Node 02: Network 1
2622,2025-07-21,23,54,40,472426,0.545859,03,1250,0,0,Node 03: Network 1
2623,2025-07-21,23,54,41,473855,1.001429,01,250,0,0,Node 01: Network 2
2624,2025-07-21,23,54,41,928792,0.454937,02,750,0,0,Node 02: Network 1
2625,2025-07-21,23,54,43,476847,1.548055,01,250,0,0,Node 01: Network 2
2626,2025-07-21,23,54,44,021593,0.544746,02,750,0,0,Node 02: Network 1
2627,2025-07-21,23,54,45,481162,1.459569,01,250,0,0,Node 01: Network 2
2628,2025-07-21,23,54,47,484135,2.002973,01,250,0,0,Node 01: Network 2
2629,2025-07-21,23,54,48,027869,0.543734,02,750,0,0,Node 02: Network 1
2630,2025-07-21,23,54,48,574549,0.54668,03,1250,0,0,Node 03: Network 1
2631,2025-07-21,23,54,49,489461,0.914912,01,250,0,0,Node 01: Network 2
2632,2025-07-21,23,54,51,492638,2.003177,01,250,0,0,Node 01: Network 2
2633,2025-07-21,23,54,52,538776,1.046138,03,1250,0,0,Node 03: Network 1
2634,2025-07-21,23,54,54,059364,1.520588,BB,0,1,0,
2635,2025-07-21,23,54,54,117831,0.058467,02,344,0,1,
2636,2025-07-21,23,54,54,130394,0.012563,03,480,0,1,
2637,2025-07-21,23,54,54,144518,0.014124,03,645,0,1,
2638,2025-07-21,23,54,54,178731,0.034213,01,726,0,1,
2639,2025-07-21,23,54,54,243821,0.06509,02,750,0,0,Node 02: Network 1
2640,2025-07-21,23,54,54,417743,0.173922,03,1250,0,0,Node 03: Network 1
2641,2025-07-21,23,54,54,450311,0.032568,01,250,0,0,Node 01: Network 2
2642,2025-07-21,23,54,54,538709,0.088398,02,781,0,0,Node 02: Network 1
2643,2025-07-21,23,54,54,594339,0.05563,03,1250,0,0,Node 03: Network 1
2644,2025-07-21,23,54,54,627792,0.033453,01,277,0,0,Node 01: Network 2
2645,2025-07-21,23,54,54,703436,0.075644,02,750,0,0,Node 02: Network 1
2646,2025-07-21,23,54,54,786682,0.083246,03,1250,0,0,Node 03: Network 1
2647,2025-07-21,23,54,54,842994,0.056312,03,1250,0,0,Node 03: Network 1
2648,2025-07-21,23,54,54,893553,0.050559,02,750,0,0,Node 02: Network 1
2649,2025-07-21,23,54,54,927361,0.033808,01,250,0,0,Node 01: Network 2
2650,2025-07-21,23,54,54,961237,0.033876,02,750,0,0,Node 02: Network 1
2651,2025-07-21,23,54,54,993822,0.032585,01,250,0,0,Node 01: Network 2
2652,2025-07-21,23,54,55,034829,0.041007,02,750,0,0,Node 02: Network 1
2653,2025-07-21,23,54,55,171300,0.136471,BB,0,1,0,
2654,2025-07-21,23,54,57,126320,1.95502,BB,0,1,0,
2655,2025-07-21,23,54,57,177164,0.050844,01,1984,0,1,
2656,2025-07-21,23,54,57,217266,0.040102,03,1660,0,1,
2657,2025-07-21,23,54,57,265199,0.047933,02,1538,0,1,
2658,2025-07-21,23,54,57,942725,0.677526,02,750,0,0,Node 02: Network 1
2659,2025-07-21,23,54,58,445346,0.502621,03,1250,0,0,Node 03: Network 1
2660,2025-07-21,23,54,59,489625,1.044279,01,250,0,0,Node 01: Network 2
2661,2025-07-21,23,54,59,944620,0.454995,02,750,0,0,Node 02: Network 1
2662,2025-07-21,23,55,00,447499,0.502879,03,1250,0,0,Node 03: Network 1
2663,2025-07-21,23,55,01,493365,1.045866,01,250,0,0,Node 01: Network 2
2664,2025-07-21,23,55,02,539097,1.045732,03,1250,0,0,Node 03: Network 1
2665,2025-07-21,23,55,04,539129,2.000032,03,1250,0,0,Node 03: Network 1
2666,2025-07-21,23,55,06,543302,2.004173,03,1250,0,0,Node 03: Network 1
2667,2025-07-21,23,55,09,124557,2.581255,BB,0,1,0,
2668,2025-07-21,23,55,09,171677,0.04712,01,1762,0,1,
2669,2025-07-21,23,55,09,233160,0.061483,03,1699,0,1,
2670,2025-07-21,23,55,09,247295,0.014135,02,1394,0,1,
2671,2025-07-21,23,55,11,123444,1.876149,BB,0,1,0,
2672,2025-07-21,23,55,11,180695,0.057251,02,1391,0,1,
2673,2025-07-21,23,55,11,208281,0.027586,01,1757,0,1,
2674,2025-07-21,23,55,11,248260,0.039979,03,1698,0,1,
2675,2025-07-21,23,55,11,438713,0.190453,01,250,0,0,Node 01: Network 2
2676,2025-07-21,23,55,11,984245,0.545532,02,750,0,0,Node 02: Network 1
2677,2025-07-21,23,55,12,530161,0.545916,03,1250,0,0,Node 03: Network 1
2678,2025-07-21,23,55,12,580504,0.050343,BB,0,1,0,
2679,2025-07-21,23,55,12,658931,0.078427,BB,0,1,0,01:1984:0:1
2680,2025-07-21,23,55,12,672702,0.013771,01,1212,0,1,
2681,2025-07-21,23,55,12,714558,0.041856,03,1660,0,1,02:1538:0:1
2682,2025-07-21,23,55,12,756100,0.041542,02,1409,0,1,
2683,2025-07-21,23,55,12,789222,0.033122,01,250,0,0,Node 01: Network 2
2684,2025-07-21,23,55,12,834394,0.045172,01,250,0,0,Node 01: Network 2
2685,2025-07-21,23,55,12,847306,0.012912,03,1454,0,1,
2686,2025-07-21,23,55,12,942297,0.094991,03,1250,0,0,Node 03: Network 1
2687,2025-07-21,23,55,12,996242,0.053945,02,750,0,0,Node 02: Network 1
2688,2025-07-21,23,55,13,089888,0.093646,01,280,0,0,Node 01: Network 2
2689,2025-07-21,23,55,13,128253,0.038365,02,750,0,0,Node 02: Network 1
2690,2025-07-21,23,55,13,175005,0.046752,03,1250,0,0,Node 03: Network 1
2691,2025-07-21,23,55,13,275782,0.100777,01,250,0,0,Node 01: Network 2
2692,2025-07-21,23,55,13,325766,0.049984,02,750,0,0,Node 02: Network 1
2693,2025-07-21,23,55,13,383547,0.057781,03,1250,0,0,Node 03: Network 1
2694,2025-07-21,23,55,13,452721,0.069174,01,250,0,0,Node 01: Network 2
2695,2025-07-21,23,55,13,477450,0.024729,BB,0,1,0,
2696,2025-07-21,23,55,13,545900,0.06845,02,768,0,0,Node 02: Network 1
2697,2025-07-21,23,55,13,585573,0.039673,03,1250,0,0,Node 03: Network 1
2698,2025-07-21,23,55,13,668224,0.082651,02,782,0,0,Node 02: Network 1
2699,2025-07-21,23,55,14,569773,0.901549,03,1250,0,0,Node 03: Network 1
2700,2025-07-21,23,55,15,074516,0.504743,01,250,0,0,Node 01: Network 2
2701,2025-07-21,23,55,15,155007,0.080491,02,750,0,0,Node 02: Network 1
2702,2025-07-21,23,55,15,167561,0.012554,BB,0,1,0,
2703,2025-07-21,23,55,15,219383,0.051822,02,1431,0,1,
2704,2025-07-21,23,55,15,232927,0.013544,03,1737,0,1,
2705,2025-07-21,23,55,15,308187,0.07526,01,1793,0,1,
2706,2025-07-21,23,55,19,123023,3.814836,BB,0,1,0,
2707,2025-07-21,23,55,19,176210,0.053187,02,1382,0,1,
2708,2025-07-21,23,55,19,195224,0.019014,01,1742,0,1,
2709,2025-07-21,23,55,19,207735,0.012511,03,1691,0,1,
2710,2025-07-21,23,55,21,122098,1.914363,BB,0,1,0,
2711,2025-07-21,23,55,21,167342,0.045244,03,1689,0,1,
2712,2025-07-21,23,55,21,186398,0.019056,01,1737,0,1,
2713,2025-07-21,23,55,21,200058,0.01366,02,1379,0,1,
2714,2025-07-21,23,55,23,122118,1.92206,BB,0,1,0,
2715,2025-07-21,23,55,23,173675,0.051557,01,1733,0,1,
2716,2025-07-21,23,55,23,190608,0.016933,03,1687,0,1,
2717,2025-07-21,23,55,23,204396,0.013788,02,1377,0,1,
2718,2025-07-21,23,55,23,938555,0.734159,02,750,0,0,Node 02: Network 1
2719,2025-07-21,23,55,24,439713,0.501158,03,1250,0,0,Node 03: Network 1
2720,2025-07-21,23,55,25,483982,1.044269,01,250,0,0,Node 01: Network 2
2721,2025-07-21,23,55,29,120994,3.637012,BB,0,1,0,
2722,2025-07-21,23,55,29,169399,0.048405,01,1719,0,1,
2723,2025-07-21,23,55,29,230016,0.060617,02,1370,0,1,
2724,2025-07-21,23,55,29,260372,0.030356,03,1681,0,1,
2725,2025-07-21,23,55,29,937143,0.676771,02,750,0,0,Node 02: Network 1
2726,2025-07-21,23,55,30,439530,0.502387,03,1250,0,0,Node 03: Network 1
2727,2025-07-21,23,55,31,484866,1.045336,01,250,0,0,Node 01: Network 2
2728,2025-07-21,23,55,35,120158,3.635292,BB,0,1,0,
2729,2025-07-21,23,55,35,188186,0.068028,01,1707,0,1,
2730,2025-07-21,23,55,35,220362,0.032176,02,1363,0,1,
2731,2025-07-21,23,55,35,233870,0.013508,03,1677,0,1,
2732,2025-07-21,23,55,35,436939,0.203069,01,250,0,0,Node 01: Network 2
2733,2025-07-21,23,55,35,935230,0.498291,02,750,0,0,Node 02: Network 1
2734,2025-07-21,23,55,36,482190,0.54696,03,1250,0,0,Node 03: Network 1
2735,2025-07-21,23,55,37,482114,0.999924,01,250,0,0,Node 01: Network 2
2736,2025-07-21,23,55,37,939542,0.457428,02,751,0,0,Node 02: Network 1
2737,2025-07-21,23,55,38,484014,0.544472,03,1250,0,0,Node 03: Network 1
2738,2025-07-21,23,55,39,940783,1.456769,02,750,0,0,Node 02: Network 1
2739,2025-07-21,23,55,40,541497,0.600714,BB,0,1,0,02:768:0:0:Node 02: Network 1
2740,2025-07-21,23,55,40,599986,0.058489,BB,0,1,0,02:1431:0:1
2741,2025-07-21,23,55,40,634532,0.034546,03,1095,0,1,
2742,2025-07-21,23,55,40,658568,0.024036,BB,0,1,0,02:1382:0:1
2743,2025-07-21,23,55,40,671980,0.013412,01,1119,0,1,
2744,2025-07-21,23,55,40,705074,0.033094,BB,0,1,0,03:1689:0:1
2745,2025-07-21,23,55,40,718248,0.013174,02,1482,0,1,
2746,2025-07-21,23,55,40,731757,0.013509,01,1177,0,1,
2747,2025-07-21,23,55,40,794063,0.062306,BB,0,1,0,01:1733:0:1
2748,2025-07-21,23,55,40,810806,0.016743,03,1153,0,1,
2749,2025-07-21,23,55,40,833989,0.023183,BB,0,1,0,01:1719:0:1
2750,2025-07-21,23,55,40,968570,0.134581,03,1209,0,1,
2751,2025-07-21,23,55,40,999645,0.031075,03,1737,0,1,
2752,2025-07-21,23,55,41,031150,0.031505,01,128,0,1,
2753,2025-07-21,23,55,41,087777,0.056627,01,1793,0,1,
2754,2025-07-21,23,55,41,132888,0.045111,02,1072,0,1,
2755,2025-07-21,23,55,41,177301,0.044413,01,1742,0,1,1691:0:1
2756,2025-07-21,23,55,41,250208,0.072907,01,1737,0,1,1379:0:1
2757,2025-07-21,23,55,41,279084,0.028876,01,170,0,1,
2758,2025-07-21,23,55,41,346016,0.066932,03,187,0,1,
2759,2025-07-21,23,55,41,400709,0.054693,02,1377,0,1,1687:0:1
2760,2025-07-21,23,55,41,444883,0.044174,02,1370,0,1,1681:0:1
2761,2025-07-21,23,55,41,455943,0.01106,03,45,0,1,
2762,2025-07-21,23,55,41,490116,0.034173,03,1250,0,0,Node 03: Network 1
2763,2025-07-21,23,55,41,524378,0.034262,03,1250,0,0,Node 03: Network 1
2764,2025-07-21,23,55,41,634745,0.110367,02,782,0,0,Node 02: Network 1
2765,2025-07-21,23,55,41,672737,0.037992,BB,0,1,0,
2766,2025-07-21,23,55,41,707895,0.035158,03,1250,0,0,Node 03: Network 1
2767,2025-07-21,23,55,41,764503,0.056608,01,250,0,0,Node 01: Network 2
2768,2025-07-21,23,55,41,779194,0.014691,01,1997,0,1,
2769,2025-07-21,23,55,41,874849,0.095655,02,750,0,0,Node 02: Network 1
2770,2025-07-21,23,55,41,913871,0.039022,02,750,0,0,Node 02: Network 1
2771,2025-07-21,23,55,42,052169,0.138298,03,1250,0,0,Node 03: Network 1
2772,2025-07-21,23,55,42,130384,0.078215,01,250,0,0,Node 01: Network 2
2773,2025-07-21,23,55,42,163096,0.032712,02,750,0,0,Node 02: Network 1
2774,2025-07-21,23,55,42,240753,0.077657,03,1250,003,1282,0:0:Node 03: Network 1
2775,2025-07-21,23,55,42,273552,0.032799,03,1251,0,0,Node 03: Network 1
2776,2025-07-21,23,55,42,306736,0.033184,,0,Node 03, Network 1,
2777,2025-07-21,23,55,42,605142,0.298406,01,250,0,0,Node 01: Network 2
2778,2025-07-21,23,55,42,637950,0.032808,03,1281,0,0,Node 03: Network 1
2779,2025-07-21,23,55,42,871147,0.233197,03,1281,0,0,Node 03: Network 1
2780,2025-07-21,23,55,43,006352,0.135205,02,769,0,0,Node 02: Network 1
2781,2025-07-21,23,55,43,119186,0.112834,BB,0,1,0,
2782,2025-07-21,23,55,45,118848,1.999662,BB,0,1,0,
2783,2025-07-21,23,55,45,178306,0.059458,01,1555,0,1,
2784,2025-07-21,23,55,45,202493,0.024187,02,1629,0,1,
2785,2025-07-21,23,55,45,231940,0.029447,03,346,0,1,
2786,2025-07-21,23,55,45,436033,0.204093,01,250,0,0,Node 01: Network 2
2787,2025-07-21,23,55,45,934508,0.498475,02,750,0,0,Node 02: Network 1
2788,2025-07-21,23,55,46,483107,0.548599,03,1250,0,0,Node 03: Network 1
2789,2025-07-21,23,55,47,481797,0.99869,01,250,0,0,Node 01: Network 2
2790,2025-07-21,23,55,47,936355,0.454558,02,750,0,0,Node 02: Network 1
2791,2025-07-21,23,55,48,484429,0.548074,03,1250,0,0,Node 03: Network 1
2792,2025-07-21,23,55,49,529980,1.045551,01,250,0,0,Node 01: Network 2
2793,2025-07-21,23,55,50,074673,0.544693,02,750,0,0,Node 02: Network 1
2794,2025-07-21,23,55,52,075919,2.001246,02,750,0,0,Node 02: Network 1
2795,2025-07-21,23,55,55,116035,3.040116,BB,0,1,0,
2796,2025-07-21,23,55,55,164936,0.048901,01,1665,0,1,
2797,2025-07-21,23,55,55,198863,0.033927,02,1339,0,1,
2798,2025-07-21,23,55,55,244591,0.045728,03,1658,0,1,
2799,2025-07-21,23,55,55,932820,0.688229,02,750,0,0,Node 02: Network 1
2800,2025-07-21,23,55,56,477987,0.545167,03,1250,0,0,Node 03: Network 1
2801,2025-07-21,23,55,57,523509,1.045522,01,250,0,0,Node 01: Network 2
2802,2025-07-21,23,55,57,583324,0.059815,BB,0,1,0,1707:0:1
2803,2025-07-21,23,55,57,656657,0.073333,02,1363,1,0,1
2804,2025-07-21,23,55,57,669723,0.013066,03,124,0,1,
2805,2025-07-21,23,55,57,693832,0.024109,BB,0,1,0,
2806,2025-07-21,23,55,57,706519,0.012687,01,457,0,1,
2807,2025-07-21,23,55,57,769599,0.06308,BB,0,1,0,01:1555:0:1
2808,2025-07-21,23,55,57,791620,0.022021,03,45,0,1,BB:0:1:0
2809,2025-07-21,23,55,57,816615,0.024995,03,127,0,1,
2810,2025-07-21,23,55,57,909438,0.092823,01,1997,0,1,
2811,2025-07-21,23,55,57,961870,0.052432,01,1466,0,1,
2812,2025-07-21,23,55,57,984899,0.023029,02,1629,0,1,346:0:1
2813,2025-07-21,23,55,58,006481,0.021582,02,1490,0,1,
2814,2025-07-21,23,55,58,099671,0.09319,01,250,0,0,Node 01: Network 2
2815,2025-07-21,23,55,58,111875,0.012204,03,310,0,1,
2816,2025-07-21,23,55,58,147938,0.036063,03,1282,0,0,Node 03: Network 1
2817,2025-07-21,23,55,58,202104,0.054166,02,545,0,1,
2818,2025-07-21,23,55,58,248477,0.046373,01,250,0,0,Node 01: Network 2
2819,2025-07-21,23,55,58,282757,0.03428,03,1251,0,0,Node 03: Network 1
2820,2025-07-21,23,55,58,315828,0.033071,01,250,0,0,Node 01: Network 2
2821,2025-07-21,23,55,58,380710,0.064882,03,1281,0,0,Node 03: Network 1
2822,2025-07-21,23,55,58,471783,0.091073,03,1281,0,0,Node 03: Network 1
2823,2025-07-21,23,55,58,673673,0.20189,02,769,0,0,Node 02: Network 1
2824,2025-07-21,23,55,58,716867,0.043194,01,250,0,0,Node 01: Network 2
2825,2025-07-21,23,55,58,792680,0.075813,02,750,0,0,Node 02: Network 1
2826,2025-07-21,23,55,58,903797,0.111117,03,1250,0,0,Node 03: Network 1
2827,2025-07-21,23,55,58,953961,0.050164,01,250,0,0,Node 01: Network 2
2828,2025-07-21,23,55,59,120423,0.166462,BB,0,1,0,
2829,2025-07-21,23,55,59,194722,0.074299,03,1250,0,0,Node 03: Network 1
2830,2025-07-21,23,56,01,116769,1.922047,BB,0,1,0,
2831,2025-07-21,23,56,01,159498,0.042729,01,1653,0,1,
2832,2025-07-21,23,56,01,173533,0.014035,02,1334,0,1,
2833,2025-07-21,23,56,01,197943,0.02441,03,1364,0,1,
2834,2025-07-21,23,56,03,115513,1.91757,BB,0,1,0,
2835,2025-07-21,23,56,03,156660,0.041147,03,1652,0,1,
2836,2025-07-21,23,56,03,204776,0.048116,01,1650,0,1,
2837,2025-07-21,23,56,03,271345,0.066569,02,1331,0,1,
2838,2025-07-21,23,56,03,431611,0.160266,01,250,0,0,Node 01: Network 2
2839,2025-07-21,23,56,03,975932,0.544321,02,750,0,0,Node 02: Network 1
2840,2025-07-21,23,56,05,522755,1.546823,01,250,0,0,Node 01: Network 2
2841,2025-07-21,23,56,06,067642,0.544887,02,750,0,0,Node 02: Network 1
2842,2025-07-21,23,56,08,069215,2.001573,02,750,0,0,Node 02: Network 1
2843,2025-07-21,23,56,10,070637,2.001422,02,750,0,0,Node 02: Network 1
2844,2025-07-21,23,56,13,114666,3.044029,BB,0,1,0,
2845,2025-07-21,23,56,13,166468,0.051802,01,1629,0,1,
2846,2025-07-21,23,56,13,194595,0.028127,03,1643,0,1,
2847,2025-07-21,23,56,13,208145,0.01355,02,1320,0,1,
2848,2025-07-21,23,56,13,429120,0.220975,01,250,0,0,Node 01: Network 2
2849,2025-07-21,23,56,13,931425,0.502305,02,750,0,0,Node 02: Network 1
2850,2025-07-21,23,56,17,113825,3.1824,BB,0,1,0,
2851,2025-07-21,23,56,17,150430,0.036605,03,1640,0,1,
2852,2025-07-21,23,56,17,197906,0.047476,01,1620,0,1,
2853,2025-07-21,23,56,17,298313,0.100407,02,1315,0,1,
2854,2025-07-21,23,56,17,929570,0.631257,02,750,0,0,Node 02: Network 1
2855,2025-07-21,23,56,18,476870,0.5473,03,1250,0,0,Node 03: Network 1
2856,2025-07-21,23,56,19,521493,1.044623,01,250,0,0,Node 01: Network 2
2857,2025-07-21,23,56,19,931565,0.410072,02,750,0,0,Node 02: Network 1
2858,2025-07-21,23,56,20,478853,0.547288,03,1250,0,0,Node 03: Network 1
2859,2025-07-21,23,56,21,524547,1.045694,01,250,0,0,Node 01: Network 2
2860,2025-07-21,23,56,21,933334,0.408787,02,750,0,0,Node 02: Network 1
2861,2025-07-21,23,56,22,479644,0.54631,03,1250,0,0,Node 03: Network 1
2862,2025-07-21,23,56,23,529920,1.050276,01,250,0,0,Node 01: Network 2
2863,2025-07-21,23,56,23,936103,0.406183,02,750,0,0,Node 02: Network 1
2864,2025-07-21,23,56,24,036507,0.100404,BB,0,1,0,03:1250:0:0:Node 03: Network 1
2865,2025-07-21,23,56,24,062060,0.025553,BB,0,1,0,01:1653:0:1
2866,2025-07-21,23,56,24,108419,0.046359,02,949,0,1,
2867,2025-07-21,23,56,24,120603,0.012184,03,907,0,1,
2868,2025-07-21,23,56,24,153997,0.033394,BB,0,1,0,03:1652:0:1
2869,2025-07-21,23,56,24,166504,0.012507,01,905,0,1,
2870,2025-07-21,23,56,24,191202,0.024698,BB,0,1,0,01:1629:0:1
2871,2025-07-21,23,56,24,313340,0.122138,03,708,0,1,
2872,2025-07-21,23,56,24,343481,0.030141,02,381,0,1,
2873,2025-07-21,23,56,24,383551,0.04007,03,782,0,1,
2874,2025-07-21,23,56,24,428272,0.044721,02,545,0,1,
2875,2025-07-21,23,56,24,445307,0.017035,02,456,0,1,
2876,2025-07-21,23,56,24,525423,0.080116,01,195,0,1,
2877,2025-07-21,23,56,24,555846,0.030423,02,1334,0,1,1364:0:1
2878,2025-07-21,23,56,24,604420,0.048574,01,1650,0,1,02:1331:0:1
2879,2025-07-21,23,56,24,653586,0.049166,02,1320,0,1,1643:0:1
2880,2025-07-21,23,56,24,739653,0.086067,02,750,0,0,Node 02: Network 1
2881,2025-07-21,23,56,24,828582,0.088929,03,1250,0,0,Node 03: Network 1
2882,2025-07-21,23,56,24,953920,0.125338,01,250,0,0,Node 01: Network 2
2883,2025-07-21,23,56,25,006456,0.052536,02,780,0,0,Node 02: Network 1
2884,2025-07-21,23,56,25,038739,0.032283,03,1281,0,0,Node 03: Network 1
2885,2025-07-21,23,56,25,109527,0.070788,01,250,0,0,Node 01: Network 2
2886,2025-07-21,23,56,25,250497,0.14097,02,750,0,0,Node 02: Network 1
2887,2025-07-21,23,56,25,311402,0.060905,01,250,0,0,Node 01: Network 2
2888,2025-07-21,23,56,25,321475,0.010073,BB,0,1,0,
2889,2025-07-21,23,56,25,444696,0.123221,02,750,0,0,Node 02: Network 1
2890,2025-07-21,23,56,25,509007,0.064311,02,750,0,0,Node 02: Network 1
2891,2025-07-21,23,56,25,557603,0.048596,02,750,0,0,Node 02: Network 1
2892,2025-07-21,23,56,25,617977,0.060374,01,250,0,0,Node 01: Network 2
2893,2025-07-21,23,56,25,651545,0.033568,02,750,0,0,Node 02: Network 1
2894,2025-07-21,23,56,25,736621,0.085076,02,780,0,0,Node 02: Network 1
2895,2025-07-21,23,56,26,102705,0.366084,03,1250,0,0,Node 03: Network 1
2896,2025-07-21,23,56,27,111450,1.008745,BB,0,1,0,
2897,2025-07-21,23,56,27,160608,0.049158,02,1302,0,1,
2898,2025-07-21,23,56,27,926414,0.765806,02,750,0,0,Node 02: Network 1
2899,2025-07-21,23,56,28,473433,0.547019,03,1250,0,0,Node 03: Network 1
2900,2025-07-21,23,56,29,473374,0.999941,01,251,0,0,Node 01: Network 2
2901,2025-07-21,23,56,30,017268,0.543894,02,750,0,0,Node 02: Network 1
2902,2025-07-21,23,56,30,474529,0.457261,03,1250,0,0,Node 03: Network 1
2903,2025-07-21,23,56,31,565141,1.090612,01,250,0,0,Node 01: Network 2
2904,2025-07-21,23,56,32,018980,0.453839,02,750,0,0,Node 02: Network 1
2905,2025-07-21,23,56,32,612280,0.5933,03,1250,0,0,Node 03: Network 1
2906,2025-07-21,23,56,33,657218,1.044938,01,250,0,0,Node 01: Network 2
2907,2025-07-21,23,56,34,022325,0.365107,02,750,0,0,Node 02: Network 1
2908,2025-07-21,23,56,34,567286,0.544961,03,1250,0,0,Node 03: Network 1
2909,2025-07-21,23,56,35,110382,0.543096,BB,0,1,0,
2910,2025-07-21,23,56,35,150167,0.039785,01,1581,0,1,
2911,2025-07-21,23,56,35,222417,0.07225,02,1293,0,1,
2912,2025-07-21,23,56,35,926408,0.703991,02,750,0,0,Node 02: Network 1
2913,2025-07-21,23,56,36,472893,0.546485,03,1250,0,0,Node 03: Network 1
2914,2025-07-21,23,56,37,929500,1.456607,02,750,0,0,Node 02: Network 1
2915,2025-07-21,23,56,38,474121,0.544621,03,1250,0,0,Node 03: Network 1
2916,2025-07-21,23,56,39,476701,1.00258,01,251,0,0,Node 01: Network 2
2917,2025-07-21,23,56,39,931331,0.45463,02,750,0,0,Node 02: Network 1
2918,2025-07-21,23,56,40,476115,0.544784,03,1250,0,0,Node 03: Network 1
2919,2025-07-21,23,56,41,480291,1.004176,01,250,0,0,Node 01: Network 2
2920,2025-07-21,23,56,41,623347,0.143056,BB,0,1,0,1640:0:1
2921,2025-07-21,23,56,41,679296,0.055949,02,1799,0,1,
2922,2025-07-21,23,56,41,690538,0.011242,BB,0,1,0,
2923,2025-07-21,23,56,41,711853,0.021315,01,81,0,1,
2924,2025-07-21,23,56,41,739377,0.027524,BB,0,1,0,02:1302:0:1
2925,2025-07-21,23,56,41,775536,0.036159,02,1858,0,1,
2926,2025-07-21,23,56,41,813178,0.037642,01,149,0,1,
2927,2025-07-21,23,56,41,837366,0.024188,01,1620,0,1,1315:0:1
2928,2025-07-21,23,56,41,850038,0.012672,03,539,0,1,
2929,2025-07-21,23,56,41,879535,0.029497,02,1916,0,1,
2930,2025-07-21,23,56,41,945603,0.066068,03,248,0,1,
2931,2025-07-21,23,56,41,976317,0.030714,01,198,0,1,
2932,2025-07-21,23,56,41,992967,0.01665,02,750,0,0,Nod
2933,2025-07-21,23,56,42,034192,0.041225,02,780,0,0,Node 02: Network 1
2934,2025-07-21,23,56,42,226369,0.192177,03,1281,0,0,Node 03: Network 1
2935,2025-07-21,23,56,42,351592,0.125223,02,780,0,0,Node 02: Network 1
2936,2025-07-21,23,56,42,500469,0.148877,02,750,0,0,Node 02: Network 1
2937,2025-07-21,23,56,42,565399,0.06493,03,1250,0,0,Node 03: Network 1
2938,2025-07-21,23,56,42,609133,0.043734,01,251,0,0,Node 01: Network 2
2939,2025-07-21,23,56,42,644201,0.035068,03,1250,0,0,Node 03: Network 1
2940,2025-07-21,23,56,42,694895,0.050694,02,750,0,0,Node 02: Network 1
2941,2025-07-21,23,56,42,730451,0.035556,03,1250,0,0,Node 03: Network 1
2942,2025-07-21,23,56,42,786899,0.056448,01,250,0,0,Node 01: Network 2
2943,2025-07-21,23,56,43,064115,0.277216,03,1250,0,0,Node 03: Network 1
2944,2025-07-21,23,56,43,117988,0.053873,BB,0,1,0,
2945,2025-07-21,23,56,43,171656,0.053668,03,1625,0,1,
2946,2025-07-21,23,56,44,436329,1.264673,03,1250,0,0,Node 03: Network 1
2947,2025-07-21,23,56,45,980332,1.544003,02,750,0,0,Node 02: Network 1
2948,2025-07-21,23,56,46,526949,0.546617,03,1250,0,0,Node 03: Network 1
2949,2025-07-21,23,56,48,526991,2.000042,03,1250,0,0,Node 03: Network 1
2950,2025-07-21,23,56,50,070790,1.543799,02,750,0,0,Node 02: Network 1
2951,2025-07-21,23,56,50,617301,0.546511,03,1250,0,0,Node 03: Network 1
2952,2025-07-21,23,56,51,108116,0.490815,BB,0,1,0,
2953,2025-07-21,23,56,51,154192,0.046076,03,1609,0,1,
2954,2025-07-21,23,56,53,107127,1.952935,BB,0,1,0,
2955,2025-07-21,23,56,53,167922,0.060795,03,1608,0,1,
2956,2025-07-21,23,56,53,181432,0.01351,01,1766,0,1,
2957,2025-07-21,23,56,53,194938,0.013506,02,1856,0,1,
2958,2025-07-21,23,56,53,922831,0.727893,02,750,0,0,Node 02: Network 1
2959,2025-07-21,23,56,55,468255,1.545424,01,250,0,0,Node 01: Network 2
2960,2025-07-21,23,56,56,012442,0.544187,02,750,0,0,Node 02: Network 1
2961,2025-07-21,23,56,57,473135,1.460693,01,250,0,0,Node 01: Network 2
2962,2025-07-21,23,56,58,015511,0.542376,02,750,0,0,Node 02: Network 1
2963,2025-07-21,23,56,58,520841,0.50533,03,1250,0,0,Node 03: Network 1
2964,2025-07-21,23,56,59,477546,0.956705,01,250,0,0,Node 01: Network 2
2965,2025-07-21,23,57,00,016935,0.539389,02,750,0,0,Node 02: Network 1
2966,2025-07-21,23,57,00,522420,0.505485,03,1250,0,0,Node 03: Network 1
2967,2025-07-21,23,57,01,481171,0.958751,01,250,0,0,Node 01: Network 2
2968,2025-07-21,23,57,02,019753,0.538582,02,750,0,0,Node 02: Network 1
2969,2025-07-21,23,57,02,525192,0.505439,03,1250,0,0,Node 03: Network 1
2970,2025-07-21,23,57,03,567230,1.042038,01,250,0,0,Node 01: Network 2
2971,2025-07-21,23,57,04,070160,0.50293,02,750,0,0,Node 02: Network 1
2972,2025-07-21,23,57,04,528079,0.457919,03,1250,0,0,Node 03: Network 1
2973,2025-07-21,23,57,05,532544,1.004465,BB,0,1,0,03:1625:0:1
2974,2025-07-21,23,57,05,586710,0.054166,BB,0,1,0,03:1609:0:1
2975,2025-07-21,23,57,05,598219,0.011509,03,24,0,1,
2976,2025-07-21,23,57,05,611474,0.013255,02,1685,0,1,
2977,2025-07-21,23,57,05,645621,0.034147,01,250,0,0,Node 01: Network 2
2978,2025-07-21,23,57,05,658141,0.01252,01,285,0,1,
2979,2025-07-21,23,57,05,727949,0.069808,03,78,0,1,
2980,2025-07-21,23,57,05,758947,0.030998,BB,0,1,0,01:1766:0:1
2981,2025-07-21,23,57,05,888747,0.1298,02,1984,0,1,
2982,2025-07-21,23,57,05,939639,0.050892,01,301,0,1,
2983,2025-07-21,23,57,05,963527,0.023888,03,1608,0,1,1856:0:1
2984,2025-07-21,23,57,06,029521,0.065994,02,750,0,0,Node 02: Network 1
2985,2025-07-21,23,57,06,063947,0.034426,03,1250,0,0,Node 03: Network 1
2986,2025-07-21,23,57,06,189465,0.125518,03,1250,0,0,Node 03: Network 1
2987,2025-07-21,23,57,06,221584,0.032119,02,781,0,0,Node 02: Network 1
2988,2025-07-21,23,57,06,296120,0.074536,03,1250,0,0,Node 03: Network 1
2989,2025-07-21,23,57,06,379793,0.083673,02,750,0,0,Node 02: Network 1
2990,2025-07-21,23,57,06,468632,0.088839,03,1250,0,0,Node 03: Network 1
2991,2025-07-21,23,57,06,550453,0.081821,03,1250,0,0,Node 03: Network 1
2992,2025-07-21,23,57,06,635801,0.085348,03,1250,0,0,Node 03: Network 1
2993,2025-07-21,23,57,06,668943,0.033142,02,750,0,0,Node 02: Network 1
2994,2025-07-21,23,57,06,712620,0.043677,03,1250,0,0,Node 03: Network 1
2995,2025-07-21,23,57,06,749411,0.036791,02,750,0,0,Node 02: Network 1
2996,2025-07-21,23,57,06,824419,0.075008,01,250,0,0,Node 01: Network 2
2997,2025-07-21,23,57,07,106963,0.282544,01,250,0,0,Node 01: Network 2
2998,2025-07-21,23,57,07,156566,0.049603,BB,0,1,0,
2999,2025-07-21,23,57,07,231755,0.075189,01,1566,0,1,
3000,2025-07-21,23,57,07,473158,0.241403,01,250,0,0,Node 01: Network 2
3001,2025-07-21,23,57,08,018145,0.544987,02,750,0,0,Node 02: Network 1
3002,2025-07-21,23,57,11,104930,3.086785,BB,0,1,0,
3003,2025-07-21,23,57,11,169712,0.064782,02,1252,0,1,
3004,2025-07-21,23,57,11,199243,0.029531,01,1506,0,1,
3005,2025-07-21,23,57,11,275475,0.076232,03,1592,0,1,
3006,2025-07-21,23,57,11,421092,0.145617,01,250,0,0,Node 01: Network 2
3007,2025-07-21,23,57,11,964825,0.543733,02,750,0,0,Node 02: Network 1
3008,2025-07-21,23,57,15,103411,3.138586,BB,0,1,0,
3009,2025-07-21,23,57,15,150516,0.047105,01,1498,0,1,
3010,2025-07-21,23,57,15,165542,0.015026,02,1246,0,1,
3011,2025-07-21,23,57,15,206658,0.041116,03,1588,0,1,
3012,2025-07-21,23,57,15,919597,0.712939,02,750,0,0,Node 02: Network 1
3013,2025-07-21,23,57,16,423623,0.504026,03,1250,0,0,Node 03: Network 1
3014,2025-07-21,23,57,17,465227,1.041604,01,250,0,0,Node 01: Network 2
3015,2025-07-21,23,57,18,424409,0.959182,03,1250,0,0,Node 03: Network 1
3016,2025-07-21,23,57,19,470072,1.045663,01,250,0,0,Node 01: Network 2
3017,2025-07-21,23,57,19,968611,0.498539,02,750,0,0,Node 02: Network 1
3018,2025-07-21,23,57,20,515172,0.546561,03,1250,0,0,Node 03: Network 1
3019,2025-07-21,23,57,21,473728,0.958556,01,250,0,0,Node 01: Network 2
3020,2025-07-21,23,57,21,970516,0.496788,02,750,0,0,Node 02: Network 1
3021,2025-07-21,23,57,22,515564,0.545048,03,1250,0,0,Node 03: Network 1
3022,2025-07-21,23,57,23,476742,0.961178,01,250,0,0,Node 01: Network 2
3023,2025-07-21,23,57,23,972474,0.495732,02,750,0,0,Node 02: Network 1
3024,2025-07-21,23,57,27,102537,3.130063,BB,0,1,0,
3025,2025-07-21,23,57,27,139977,0.03744,02,1233,0,1,
3026,2025-07-21,23,57,27,163975,0.023998,01,1472,0,1,
3027,2025-07-21,23,57,27,184628,0.020653,03,1577,0,1,
3028,2025-07-21,23,57,27,417381,0.232753,01,250,0,0,Node 01: Network 2
3029,2025-07-21,23,57,27,548577,0.131196,0,,1,1,0:0:Node 02: Network 1
3030,2025-07-21,23,57,27,616573,0.067996,BB,0,1,0,01:1566:0:1
3031,2025-07-21,23,57,27,661160,0.044587,BB,0,1,0,02:1252:0:1
3032,2025-07-21,23,57,27,675733,0.014573,02,1746,0,1,
3033,2025-07-21,23,57,27,691178,0.015445,03,91,0,1,
3034,2025-07-21,23,57,27,764560,0.073382,BB,0,1,0,01:1498:0:1
3035,2025-07-21,23,57,27,781687,0.017127,02,1805,0,1,
3036,2025-07-21,23,57,27,846474,0.064787,01,1506,0,1,
3037,2025-07-21,23,57,27,862549,0.016075,01,583,0,1,
3038,2025-07-21,23,57,27,879220,0.016671,02,1895,0,1,
3039,2025-07-21,23,57,27,986088,0.106868,03,1592,0,1,
3040,2025-07-21,23,57,28,030632,0.044544,03,169,0,1,
3041,2025-07-21,23,57,28,077205,0.046573,01,134,0,1,
3042,2025-07-21,23,57,28,127689,0.050484,02,1246,0,1,1588:0:1
3043,2025-07-21,23,57,28,174814,0.047125,02,750,0,0,Node 02: Network 1
3044,2025-07-21,23,57,28,250708,0.075894,01,250,0,0,Node 01: Network 2
3045,2025-07-21,23,57,28,370700,0.119992,03,1250,0,0,Node 03: Network 1
3046,2025-07-21,23,57,28,501564,0.130864,01,250,0,0,Node 01: Network 2
3047,2025-07-21,23,57,28,564528,0.062964,01,250,0,0,Node 01: Network 2
3048,2025-07-21,23,57,28,628978,0.06445,02,757,0,0,Node 02: Network 1
3049,2025-07-21,23,57,28,670884,0.041906,02,750,0,0,Node 02: Network 1
3050,2025-07-21,23,57,28,814704,0.14382,01,250,0,003,1267:0:0:Node 03: Network 1
3051,2025-07-21,23,57,28,838312,0.023608,,Node 01, Network 2,,
3052,2025-07-21,23,57,29,009889,0.171577,02,750,0,0,Node 02: Network 1
3053,2025-07-21,23,57,29,068430,0.058541,02,750,0,0,Node 02: Network 1
3054,2025-07-21,23,57,29,110373,0.041943,03,1250,0,0,Node 03: Network 1
3055,2025-07-21,23,57,29,171754,0.061381,01,250,0,0,Node 01: Network 2
3056,2025-07-21,23,57,29,729242,0.557488,01,250,0,0,Node 01: Network 2
3057,2025-07-21,23,57,30,569829,0.840587,02,750,0,0,Node 02: Network 1
3058,2025-07-21,23,57,30,729818,0.159989,03,1250,0,0,Node 03: Network 1
3059,2025-07-21,23,57,31,101179,0.371361,BB,0,1,0,
3060,2025-07-21,23,57,31,147592,0.046413,01,1464,0,1,
3061,2025-07-21,23,57,31,208990,0.061398,03,1574,0,1,
3062,2025-07-21,23,57,32,420251,1.211261,03,1250,0,0,Node 03: Network 1
3063,2025-07-21,23,57,33,965608,1.545357,02,750,0,0,Node 02: Network 1
3064,2025-07-21,23,57,35,512311,1.546703,01,250,0,0,Node 01: Network 2
3065,2025-07-21,23,57,35,966601,0.45429,02,750,0,0,Node 02: Network 1
3066,2025-07-21,23,57,39,100032,3.133431,BB,0,1,0,
3067,2025-07-21,23,57,39,139779,0.039747,03,1567,0,1,
3068,2025-07-21,23,57,39,175523,0.035744,02,1219,0,1,
3069,2025-07-21,23,57,39,189081,0.013558,01,1447,0,1,
3070,2025-07-21,23,57,43,099465,3.910384,BB,0,1,0,
3071,2025-07-21,23,57,43,161519,0.062054,02,1215,0,1,
3072,2025-07-21,23,57,43,174578,0.013059,01,1440,0,1,
3073,2025-07-21,23,57,43,258908,0.08433,03,1564,0,1,
3074,2025-07-21,23,57,43,415910,0.157002,01,250,0,0,Node 01: Network 2
3075,2025-07-21,23,57,43,916647,0.500737,02,750,0,0,Node 02: Network 1
3076,2025-07-21,23,57,44,419471,0.502824,03,1250,0,0,Node 03: Network 1
3077,2025-07-21,23,57,45,420460,1.000989,01,250,0,0,Node 01: Network 2
3078,2025-07-21,23,57,45,917450,0.49699,02,750,0,0,Node 02: Network 1
3079,2025-07-21,23,57,46,032580,0.11513,BB,0,1,0,01:1464:0:1
3080,2025-07-21,23,57,46,087301,0.054721,03,1574,0,1,
3081,2025-07-21,23,57,46,180583,0.093282,03,1250,0,0,Node 03: Network 1
3082,2025-07-21,23,57,46,254555,0.073972,01,250,0,0,Node 01: Network 2
3083,2025-07-21,23,57,46,328016,0.073461,02,757,0,0,Node 02: Network 1
3084,2025-07-21,23,57,46,360419,0.032403,01,280,0,0,Node 01: Network 2
3085,2025-07-21,23,57,46,394420,0.034001,03,1267,0,0,Node 03: Network 1
3086,2025-07-21,23,57,46,428142,0.033722,01,250,0,0,Node 01: Network 2
3087,2025-07-21,23,57,46,461227,0.033085,02,750,0,0,Node 02: Network 1
3088,2025-07-21,23,57,46,581575,0.120348,03,1250,0,0,Node 03: Network 1
3089,2025-07-21,23,57,46,614714,0.033139,03,1298,0,0,Node 03: Network 1
3090,2025-07-21,23,57,46,647262,0.032548,02,750,0,0,Node 02: Network 1
3091,2025-07-21,23,57,46,685444,0.038182,03,1250,0,0,Node 03: Network 1
3092,2025-07-21,23,57,46,718751,0.033307,01,250,0,0,Node 01: Network 2
3093,2025-07-21,23,57,47,098569,0.379818,BB,0,1,0,
3094,2025-07-21,23,57,51,099231,4.000662,BB,0,1,0,
3095,2025-07-21,23,57,51,148052,0.048821,03,916,0,1,
3096,2025-07-21,23,57,51,168072,0.02002,01,1115,0,1,
3097,2025-07-21,23,57,51,181154,0.013082,02,195,0,1,
3098,2025-07-21,23,57,53,099283,1.918129,BB,0,1,0,
3099,2025-07-21,23,57,53,151324,0.052041,02,1203,0,1,
3100,2025-07-21,23,57,53,167480,0.016156,01,1418,0,1,
3101,2025-07-21,23,57,53,196872,0.029392,03,1556,0,1,
3102,2025-07-21,23,57,55,097780,1.900908,BB,0,1,0,
3103,2025-07-21,23,57,55,153369,0.055589,01,1414,0,1,
3104,2025-07-21,23,57,55,207098,0.053729,03,1553,0,1,
3105,2025-07-21,23,57,55,221468,0.01437,02,1200,0,1,
3106,2025-07-21,23,57,55,412653,0.191185,01,250,0,0,Node 01: Network 2
3107,2025-07-21,23,57,55,912454,0.499801,02,750,0,0,Node 02: Network 1
3108,2025-07-21,23,57,56,457968,0.545514,03,1250,0,0,Node 03: Network 1
3109,2025-07-21,23,57,57,417099,0.959131,01,250,0,0,Node 01: Network 2
3110,2025-07-21,23,57,58,002789,0.58569,02,750,0,0,Node 02: Network 1
3111,2025-07-21,23,57,58,547962,0.545173,03,1250,0,0,Node 03: Network 1
3112,2025-07-21,23,57,59,592069,1.044107,01,250,0,0,Node 01: Network 2
3113,2025-07-21,23,58,00,092428,0.500359,02,750,0,0,Node 02: Network 1
3114,2025-07-21,23,58,00,549187,0.456759,03,1250,0,0,Node 03: Network 1
3115,2025-07-21,23,58,01,596844,1.047657,01,250,0,0,Node 01: Network 2
3116,2025-07-21,23,58,05,096502,3.499658,BB,0,1,0,
3117,2025-07-21,23,58,05,141516,0.045014,02,1189,0,1,
3118,2025-07-21,23,58,05,155558,0.014042,03,1545,0,1,
3119,2025-07-21,23,58,05,169102,0.013544,01,1393,0,1,
3120,2025-07-21,23,58,09,096176,3.927074,BB,0,1,0,
3121,2025-07-21,23,58,09,137463,0.041287,03,1542,0,1,
3122,2025-07-21,23,58,09,160000,0.022537,01,1385,0,1,
3123,2025-07-21,23,58,09,173338,0.013338,02,1184,0,1,
3124,2025-07-21,23,58,11,096062,1.922724,BB,0,1,0,
3125,2025-07-21,23,58,11,157883,0.061821,03,1540,0,1,
3126,2025-07-21,23,58,11,170946,0.013063,02,1182,0,1,
3127,2025-07-21,23,58,11,184454,0.013508,01,1380,0,1,
3128,2025-07-21,23,58,11,411194,0.22674,01,250,0,0,Node 01: Network 2
3129,2025-07-21,23,58,11,655031,0.243837,BB,0,1,0,1567:0:1
3130,2025-07-21,23,58,11,706072,0.051041,BB,0,1,0,1
3131,2025-07-21,23,58,11,717087,0.011015,BB,0,1,0,
3132,2025-07-21,23,58,11,784068,0.066981,BB,0,1,0,03:916:0:1
3133,2025-07-21,23,58,11,824017,0.039949,01,618,0,1,
3134,2025-07-21,23,58,11,835379,0.011362,02,575,0,1,
3135,2025-07-21,23,58,11,846887,0.011508,02,24,0,1,
3136,2025-07-21,23,58,11,871249,0.024362,BB,0,1,0,02:1203:0:1
3137,2025-07-21,23,58,11,904305,0.033056,BB,0,1,0,01:1414:0:1
3138,2025-07-21,23,58,11,917837,0.013532,02,1869,0,1,
3139,2025-07-21,23,58,11,940862,0.023025,03,618,0,1,
3140,2025-07-21,23,58,11,964892,0.02403,02,1219,0,1,1447:0:1
3141,2025-07-21,23,58,11,977916,0.013024,03,169,0,1,
3142,2025-07-21,23,58,12,047184,0.069268,02,1933,0,1,
3143,2025-07-21,23,58,12,081629,0.034445,01,29,0,1,
3144,2025-07-21,23,58,12,114360,0.032731,03,228,0,1,
3145,2025-07-21,23,58,12,147983,0.033623,01,1115,0,1,195:0:1
3146,2025-07-21,23,58,12,205080,0.057097,01,1418,0,1,1556:0:1
3147,2025-07-21,23,58,12,336876,0.131796,03,1553,0,1,1200:0:1
3148,2025-07-21,23,58,12,356893,0.020017,01,67,0,1,
3149,2025-07-21,23,58,12,385033,0.02814,03,141,0,1,
3150,2025-07-21,23,58,12,567895,0.182862,03,1298,0,0,Node 03: Network 1
3151,2025-07-21,23,58,12,610914,0.043019,01,250,0,0,Node 01: Network 2
3152,2025-07-21,23,58,12,623243,0.012329,01,151,0,1,
3153,2025-07-21,23,58,12,816012,0.192769,02,750,0,0,Node 02: Network 1
3154,2025-07-21,23,58,12,858380,0.042368,03,1250,0,0,Node 03: Network 1
3155,2025-07-21,23,58,12,967068,0.108688,01,250,0,0,Node 01: Network 2
3156,2025-07-21,23,58,13,036108,0.06904,02,750,0,0,Node 02: Network 1
3157,2025-07-21,23,58,13,113236,0.077128,03,1250,0,0,Node 03: Network 1
3158,2025-07-21,23,58,13,181146,0.06791,01,250,0,0,Node 01: Network 2
3159,2025-07-21,23,58,13,214874,0.033728,02,750,0,0,Node 02: Network 1
3160,2025-07-21,23,58,13,224916,0.010042,BB,0,1,0,
3161,2025-07-21,23,58,13,331766,0.10685,03,1250,0,0,Node 03: Network 1
3162,2025-07-21,23,58,13,455968,0.124202,03,1250,0,0,Node 03: Network 1
3163,2025-07-21,23,58,13,492166,0.036198,01,250,0,0,Node 01: Network 2
3164,2025-07-21,23,58,14,542104,1.049938,03,1250,0,0,Node 03: Network 1
3165,2025-07-21,23,58,15,006219,0.464115,02,750,0,0,Node 02: Network 1
3166,2025-07-21,23,58,15,094928,0.088709,BB,0,1,0,
3167,2025-07-21,23,58,15,151915,0.056987,01,1372,0,1,
3168,2025-07-21,23,58,15,204104,0.052189,02,1177,0,1,
3169,2025-07-21,23,58,15,411091,0.206987,01,250,0,0,Node 01: Network 2
3170,2025-07-21,23,58,15,955798,0.544707,02,750,0,0,Node 02: Network 1
3171,2025-07-21,23,58,16,457992,0.502194,03,1250,0,0,Node 03: Network 1
3172,2025-07-21,23,58,17,503531,1.045539,01,250,0,0,Node 01: Network 2
3173,2025-07-21,23,58,18,459754,0.956223,03,1250,0,0,Node 03: Network 1
3174,2025-07-21,23,58,19,507328,1.047574,01,250,0,0,Node 01: Network 2
3175,2025-07-21,23,58,20,003996,0.496668,02,750,0,0,Node 02: Network 1
3176,2025-07-21,23,58,21,510991,1.506995,01,250,0,0,Node 01: Network 2
3177,2025-07-21,23,58,23,514437,2.003446,01,250,0,0,Node 01: Network 2
3178,2025-07-21,23,58,25,518442,2.004005,01,250,0,0,Node 01: Network 2
3179,2025-07-21,23,58,29,092777,3.574335,BB,0,1,0,
3180,2025-07-21,23,58,29,149305,0.056528,02,1162,0,1,
3181,2025-07-21,23,58,29,162904,0.013599,03,1524,0,1,
3182,2025-07-21,23,58,29,175897,0.012993,01,1343,0,1,
3183,2025-07-21,23,58,29,909080,0.733183,02,750,0,0,Node 02: Network 1
3184,2025-07-21,23,58,31,455909,1.546829,01,250,0,0,Node 01: Network 2
3185,2025-07-21,23,58,31,570303,0.114394,BB,0,1,0,1189:0:1
3186,2025-07-21,23,58,31,633872,0.063569,BB,0,1,0,1
3187,2025-07-21,23,58,31,646876,0.013004,03,1999,0,1,
3188,2025-07-21,23,58,31,691518,0.044642,BB,0,1,0,
3189,2025-07-21,23,58,31,708281,0.016763,03,63,0,1,
3190,2025-07-21,23,58,31,720792,0.012511,01,500,0,1,
3191,2025-07-21,23,58,31,848704,0.127912,03,1545,0,1,1393:0:1
3192,2025-07-21,23,58,31,874555,0.025851,01,151,0,1,
3193,2025-07-21,23,58,32,002888,0.128333,02,1797,0,1,
3194,2025-07-21,23,58,32,046508,0.04362,02,1177,0,1,
3195,2025-07-21,23,58,32,080355,0.033847,03,1250,0,0,Node 03: Network 1
3196,2025-07-21,23,58,32,115030,0.034675,03,1250,0,0,Node 03: Network 1
3197,2025-07-21,23,58,32,153924,0.038894,02,750,0,0,Node 02: Network 1
3198,2025-07-21,23,58,32,209102,0.055178,01,250,0,0,Node 01: Network 2
3199,2025-07-21,23,58,32,264765,0.055663,02,750,0,0,Node 02: Network 1
3200,2025-07-21,23,58,32,321244,0.056479,03,1281,0,0,Node 03: Network 1
3201,2025-07-21,23,58,32,480120,0.158876,03,1250,0,0,Node 03: Network 1
3202,2025-07-21,23,58,32,534522,0.054402,01,250,0,0,Node 01: Network 2
3203,2025-07-21,23,58,32,571684,0.037162,03,1250,0,0,Node 03: Network 1
3204,2025-07-21,23,58,32,640525,0.068841,01,250,0,0,Node 01: Network 2
3205,2025-07-21,23,58,32,676504,0.035979,02,750,0,0,Node 02: Network 1
3206,2025-07-21,23,58,32,758837,0.082333,01,250,0,0,Node 01: Network 2
3207,2025-07-21,23,58,32,855518,0.096681,03,1263,0,0,Node 03: Network 1
3208,2025-07-21,23,58,33,092104,0.236586,BB,0,1,0,
3209,2025-07-21,23,58,33,177863,0.085759,01,250,0,0,Node 01: Network 2
3210,2025-07-21,23,58,33,191465,0.013602,03,1520,0,1,
3211,2025-07-21,23,58,33,723483,0.532018,02,750,0,0,Node 02: Network 1
3212,2025-07-21,23,58,34,216404,0.492921,03,1250,0,0,Node 03: Network 1
3213,2025-07-21,23,58,35,270731,1.054327,01,250,0,0,Node 01: Network 2
3214,2025-07-21,23,58,35,724717,0.453986,02,750,0,0,Node 02: Network 1
3215,2025-07-21,23,58,36,217729,0.493012,03,1250,0,0,Node 03: Network 1
3216,2025-07-21,23,58,37,275118,1.057389,01,250,0,0,Node 01: Network 2
3217,2025-07-21,23,58,39,277920,2.002802,01,250,0,0,Node 01: Network 2
3218,2025-07-21,23,58,40,324548,1.046628,03,1250,0,0,Node 03: Network 1
3219,2025-07-21,23,58,41,367709,1.043161,01,250,0,0,Node 01: Network 2
3220,2025-07-21,23,58,41,868443,0.500734,02,750,0,0,Node 02: Network 1
3221,2025-07-21,23,58,42,414587,0.546144,03,1250,0,0,Node 03: Network 1
3222,2025-07-21,23,58,43,371888,0.957301,01,250,0,0,Node 01: Network 2
3223,2025-07-21,23,58,43,869624,0.497736,02,750,0,0,Node 02: Network 1
3224,2025-07-21,23,58,45,376394,1.50677,01,250,0,0,Node 01: Network 2
3225,2025-07-21,23,58,45,870913,0.494519,02,750,0,0,Node 02: Network 1
3226,2025-07-21,23,58,46,424133,0.55322,03,1250,0,0,Node 03: Network 1
3227,2025-07-21,23,58,47,379906,0.955773,01,250,0,0,Node 01: Network 2
3228,2025-07-21,23,58,47,968663,0.588757,02,750,0,0,Node 02: Network 1
3229,2025-07-21,23,58,48,424851,0.456188,03,1250,0,0,Node 03: Network 1
3230,2025-07-21,23,58,49,515051,1.0902,01,250,0,0,Node 01: Network 2
3231,2025-07-21,23,58,49,970061,0.45501,02,750,0,0,Node 02: Network 1
3232,2025-07-21,23,58,50,427260,0.457199,BB,0,1,0,01:250:0:0:Node 01: Network 2
3233,2025-07-21,23,58,50,470423,0.043163,03,1250,0,0,Node 03: Network 1
3234,2025-07-21,23,58,50,514637,0.044214,B,,0,1,1281:0:0:Node 03: Network 1
3235,2025-07-21,23,58,50,530448,0.015811,02,474,0,1,
3236,2025-07-21,23,58,50,586212,0.055764,01,635,0,1,
3237,2025-07-21,23,58,50,639285,0.053073,03,1520,0,1,
3238,2025-07-21,23,58,50,734868,0.095583,01,250,0,0,Node 01: Network 2
3239,2025-07-21,23,58,50,766943,0.032075,01,252,0,0,Node 01: Network 2
3240,2025-07-21,23,58,50,862117,0.095174,01,250,0,0,Node 01: Network 2
3241,2025-07-21,23,58,50,916570,0.054453,03,1263,0,0,Node 03: Network 1
3242,2025-07-21,23,58,50,956381,0.039811,02,750,0,0,Node 02: Network 1
3243,2025-07-21,23,58,51,008460,0.052079,03,1250,0,0,Node 03: Network 1
3244,2025-07-21,23,58,51,062231,0.053771,01,250,0,0,Node 01: Network 2
3245,2025-07-21,23,58,51,172062,0.109831,02,750,0,0,Node 02: Network 1
3246,2025-07-21,23,58,51,249878,0.077816,03,1250,0,0,Node 03: Network 1
3247,2025-07-21,23,58,51,285491,0.035613,02,750,0,0,Node 02: Network 1
3248,2025-07-21,23,58,51,319486,0.033995,01,250,0,0,Node 01: Network 2
3249,2025-07-21,23,58,51,404302,0.084816,01,250,0,0,Node 01: Network 2
3250,2025-07-21,23,58,51,414595,0.010293,BB,0,1,0,
3251,2025-07-21,23,58,51,468369,0.053774,03,1250,0,0,Node 03: Network 1
3252,2025-07-21,23,58,51,642279,0.17391,03,1282,0,0,Node 03: Network 1
3253,2025-07-21,23,58,53,089357,1.447078,BB,0,1,0,
3254,2025-07-21,23,58,53,129981,0.040624,01,1293,0,1,
3255,2025-07-21,23,58,53,168878,0.038897,02,750,0,0,Node 02: Network 1
3256,2025-07-21,23,58,53,182727,0.013849,02,1142,0,1,
3257,2025-07-21,23,58,53,195821,0.013094,03,1503,0,1,
3258,2025-07-21,23,58,53,406925,0.211104,01,250,0,0,Node 01: Network 2
3259,2025-07-21,23,58,53,950079,0.543154,02,750,0,0,Node 02: Network 1
3260,2025-07-21,23,58,54,408495,0.458416,03,1250,0,0,Node 03: Network 1
3261,2025-07-21,23,58,55,409807,1.001312,01,250,0,0,Node 01: Network 2
3262,2025-07-21,23,58,55,952512,0.542705,02,750,0,0,Node 02: Network 1
3263,2025-07-21,23,58,57,500367,1.547855,01,250,0,0,Node 01: Network 2
3264,2025-07-21,23,58,58,043846,0.543479,02,750,0,0,Node 02: Network 1
3265,2025-07-21,23,58,58,547084,0.503238,03,1250,0,0,Node 03: Network 1
3266,2025-07-21,23,58,59,591386,1.044302,01,250,0,0,Node 01: Network 2
3267,2025-07-21,23,59,00,547938,0.956552,03,1250,0,0,Node 03: Network 1
3268,2025-07-21,23,59,01,087661,0.539723,BB,0,1,0,
3269,2025-07-21,23,59,03,087372,1.999711,BB,0,1,0,
3270,2025-07-21,23,59,03,130282,0.04291,02,1818,0,1,
3271,2025-07-21,23,59,03,143858,0.013576,03,1862,0,1,
3272,2025-07-21,23,59,03,165049,0.021191,01,1812,0,1,
3273,2025-07-21,23,59,03,403678,0.238629,01,250,0,0,Node 01: Network 2
3274,2025-07-21,23,59,04,405588,1.00191,03,1250,0,0,Node 03: Network 1
3275,2025-07-21,23,59,05,451899,1.046311,01,250,0,0,Node 01: Network 2
3276,2025-07-21,23,59,05,950531,0.498632,02,750,0,0,Node 02: Network 1
3277,2025-07-21,23,59,06,407639,0.457108,03,1250,0,0,Node 03: Network 1
3278,2025-07-21,23,59,07,454712,1.047073,01,250,0,0,Node 01: Network 2
3279,2025-07-21,23,59,07,536940,0.082228,BB,0,1,0,
3280,2025-07-21,23,59,07,591169,0.054229,BB,0,1,0,01:1293:0:1
3281,2025-07-21,23,59,07,623434,0.032265,02,1142,0,1,1503:0:1
3282,2025-07-21,23,59,07,641000,0.017566,01,459,0,1,
3283,2025-07-21,23,59,07,654901,0.013901,02,420,0,1,
3284,2025-07-21,23,59,07,720845,0.065944,03,513,0,1,
3285,2025-07-21,23,59,07,827188,0.106343,01,250,0,0,Node 01: Network 2
3286,2025-07-21,23,59,07,894079,0.066891,02,750,0,0,Node 02: Network 1
3287,2025-07-21,23,59,08,001022,0.106943,02,750,0,0,Node 02: Network 1
3288,2025-07-21,23,59,08,090441,0.089419,03,1282,0,0,Node 03: Network 1
3289,2025-07-21,23,59,08,150069,0.059628,02,750,0,0,Node 02: Network 1
3290,2025-07-21,23,59,08,216188,0.066119,01,250,0,0,Node 01: Network 2
3291,2025-07-21,23,59,08,258127,0.041939,02,750,0,0,Node 02: Network 1
3292,2025-07-21,23,59,08,295190,0.037063,03,1250,0,0,Node 03: Network 1
3293,2025-07-21,23,59,08,330952,0.035762,01,250,0,0,Node 01: Network 2
3294,2025-07-21,23,59,08,389253,0.058301,02,750,0,0,Node 02: Network 1
3295,2025-07-21,23,59,08,493249,0.103996,01,250,0,0,Node 01: Network 2
3296,2025-07-21,23,59,08,533319,0.04007,02,752,0,0,Node 02: Network 1
3297,2025-07-21,23,59,08,703775,0.170456,03,1250,0,0,Node 03: Network 1
3298,2025-07-21,23,59,09,086701,0.382926,BB,0,1,0,
3299,2025-07-21,23,59,09,134246,0.047545,03,1489,0,1,
3300,2025-07-21,23,59,13,085643,3.951397,BB,0,1,0,
3301,2025-07-21,23,59,13,122321,0.036678,03,1485,0,1,
3302,2025-07-21,23,59,13,160510,0.038189,01,1699,0,1,
3303,2025-07-21,23,59,13,173937,0.013427,02,1658,0,1,
3304,2025-07-21,23,59,13,402166,0.228229,01,250,0,0,Node 01: Network 2
3305,2025-07-21,23,59,13,901260,0.499094,02,750,0,0,Node 02: Network 1
3306,2025-07-21,23,59,14,448275,0.547015,03,1250,0,0,Node 03: Network 1
3307,2025-07-21,23,59,15,404814,0.956539,01,250,0,0,Node 01: Network 2
3308,2025-07-21,23,59,15,903601,0.498787,02,750,0,0,Node 02: Network 1
3309,2025-07-21,23,59,16,451095,0.547494,03,1251,0,0,Node 03: Network 1
3310,2025-07-21,23,59,17,451203,1.000108,01,250,0,0,Node 01: Network 2
3311,2025-07-21,23,59,17,905508,0.454305,02,750,0,0,Node 02: Network 1
3312,2025-07-21,23,59,18,497982,0.592474,03,1250,0,0,Node 03: Network 1
3313,2025-07-21,23,59,19,455478,0.957496,01,250,0,0,Node 01: Network 2
3314,2025-07-21,23,59,20,043158,0.58768,02,750,0,0,Node 02: Network 1
3315,2025-07-21,23,59,20,499106,0.455948,03,1250,0,0,Node 03: Network 1
3316,2025-07-21,23,59,21,458827,0.959721,01,250,0,0,Node 01: Network 2
3317,2025-07-21,23,59,22,044412,0.585585,02,750,0,0,Node 02: Network 1
3318,2025-07-21,23,59,22,592269,0.547857,03,1250,0,0,Node 03: Network 1
3319,2025-07-21,23,59,23,083499,0.49123,BB,0,1,0,
3320,2025-07-21,23,59,23,158187,0.074688,03,1476,0,1,
3321,2025-07-21,23,59,25,085174,1.926987,BB,0,1,0,
3322,2025-07-21,23,59,25,145681,0.060507,02,1860,0,1,
3323,2025-07-21,23,59,25,158887,0.013206,01,1941,0,1,
3324,2025-07-21,23,59,25,185025,0.026138,03,1475,0,1,
3325,2025-07-21,23,59,25,400983,0.215958,01,250,0,0,Node 01: Network 2
3326,2025-07-21,23,59,26,447603,1.04662,03,1250,0,0,Node 03: Network 1
3327,2025-07-21,23,59,27,492119,1.044516,01,250,0,0,Node 01: Network 2
3328,2025-07-21,23,59,27,553209,0.06109,BB,0,1,0,03:1489:0:1
3329,2025-07-21,23,59,27,603153,0.049944,BB,0,1,0,1485:0:1
3330,2025-07-21,23,59,27,616343,0.01319,03,1942,0,1,
3331,2025-07-21,23,59,27,636088,0.019745,01,1690,0,1,
3332,2025-07-21,23,59,27,659882,0.023794,01,1699,0,1,1658:0:1
3333,2025-07-21,23,59,27,708241,0.048359,02,391,0,1,
3334,2025-07-21,23,59,27,802744,0.094503,02,750,0,0,Node 02: Network 1
3335,2025-07-21,23,59,27,853427,0.050683,03,10,0,1,
3336,2025-07-21,23,59,27,904332,0.050905,03,1250,0,0,Node 03: Network 1
3337,2025-07-21,23,59,27,938191,0.033859,02,752,0,0,Node 02: Network 1
3338,2025-07-21,23,59,28,036024,0.097833,03,1250,0,0,Node 03: Network 1
3339,2025-07-21,23,59,28,071292,0.035268,01,250,0,0,Node 01: Network 2
3340,2025-07-21,23,59,28,142034,0.070742,02,750,0,0,Node 02: Network 1
3341,2025-07-21,23,59,28,180254,0.03822,03,1280,0,0,Node 03: Network 1
3342,2025-07-21,23,59,28,221341,0.041087,03,1250,0,0,Node 03: Network 1
3343,2025-07-21,23,59,28,295219,0.073878,01,250,0,0,Node 01: Network 2
3344,2025-07-21,23,59,28,357081,0.061862,02,750,0,0,Node 02: Network 1
3345,2025-07-21,23,59,28,388552,0.031471,02,780,0,0,Node 02: Network 1
3346,2025-07-21,23,59,28,464273,0.075721,03,1251,0,0,Node 03: Network 1
3347,2025-07-21,23,59,28,576177,0.111904,01,250,0,0,Node 01: Network 2
3348,2025-07-21,23,59,28,737575,0.161398,03,1250,0,0,Node 03: Network 1
3349,2025-07-21,23,59,28,947238,0.209663,01,250,0,0,Node 01: Network 2
3350,2025-07-21,23,59,29,083987,0.136749,BB,0,1,0,
3351,2025-07-21,23,59,29,162494,0.078507,01,1218,0,1,
3352,2025-07-21,23,59,33,082758,3.920264,BB,0,1,0,
3353,2025-07-21,23,59,33,139585,0.056827,01,1209,0,1,
3354,2025-07-21,23,59,33,179156,0.039571,03,1718,0,1,
3355,2025-07-21,23,59,33,191213,0.012057,02,183,0,1,
3356,2025-07-21,23,59,33,400028,0.208815,01,250,0,0,Node 01: Network 2
3357,2025-07-21,23,59,33,944004,0.543976,02,750,0,0,Node 02: Network 1
3358,2025-07-21,23,59,34,401996,0.457992,03,1250,0,0,Node 03: Network 1
3359,2025-07-21,23,59,35,491945,1.089949,01,250,0,0,Node 01: Network 2
3360,2025-07-21,23,59,35,947836,0.455891,02,750,0,0,Node 02: Network 1
3361,2025-07-21,23,59,36,538553,0.590717,03,1250,0,0,Node 03: Network 1
3362,2025-07-21,23,59,37,582941,1.044388,01,250,0,0,Node 01: Network 2
3363,2025-07-21,23,59,37,949589,0.366648,02,750,0,0,Node 02: Network 1
3364,2025-07-21,23,59,38,539816,0.590227,03,1250,0,0,Node 03: Network 1
3365,2025-07-21,23,59,40,540962,2.001146,03,1250,0,0,Node 03: Network 1
3366,2025-07-21,23,59,42,542431,2.001469,03,1250,0,0,Node 03: Network 1
3367,2025-07-21,23,59,44,544731,2.0023,03,1250,0,0,Node 03: Network 1
3368,2025-07-21,23,59,45,984954,1.440223,BB,0,1,0,
3369,2025-07-21,23,59,46,059863,0.074909,BB,0,1,0,01:1209:0:1
3370,2025-07-21,23,59,46,071898,0.012035,03,361,0,1,
3371,2025-07-21,23,59,46,087709,0.015811,01,86,0,1,
3372,2025-07-21,23,59,46,117731,0.030022,01,1218,0,1,
3373,2025-07-21,23,59,46,210701,0.09297,02,794,0,1,
3374,2025-07-21,23,59,46,249348,0.038647,02,183,0,1,1718:0:1
3375,2025-07-21,23,59,46,377995,0.128647,02,750,0,0,Node 02: Network 1
3376,2025-07-21,23,59,46,415877,0.037882,03,1250,0,0,Node 03: Network 1
3377,2025-07-21,23,59,46,523057,0.10718,03,1282,0,0,Node 03: Network 1
3378,2025-07-21,23,59,46,558056,0.034999,03,1280,0,0,Node 03: Network 1
3379,2025-07-21,23,59,46,642219,0.084163,03,1250,0,0,Node 03: Network 1
3380,2025-07-21,23,59,46,674788,0.032569,03,1312,0,0,Node 03: Network 1
3381,2025-07-21,23,59,46,708888,0.0341,01,250,0,0,Node 01: Network 2
3382,2025-07-21,23,59,46,778130,0.069242,01,250,0,0,Node 01: Network 2
3383,2025-07-21,23,59,46,900875,0.122745,02,750,0,0,Node 02: Network 1
3384,2025-07-21,23,59,46,935685,0.03481,03,1250,0,0,Node 03: Network 1
3385,2025-07-21,23,59,46,967674,0.031989,02,750,0,0,Node 02: Network 1
3386,2025-07-21,23,59,47,096975,0.129301,01,250,0,0,Node 01: Network 2
3387,2025-07-21,23,59,47,151558,0.054583,02,750,0,0,Node 02: Network 1
3388,2025-07-21,23,59,47,238318,0.08676,BB,0,1,0,
3389,2025-07-21,23,59,49,079643,1.841325,BB,0,1,0,
3390,2025-07-21,23,59,49,135050,0.055407,01,1713,0,1,
3391,2025-07-21,23,59,49,154762,0.019712,03,1846,0,1,
3392,2025-07-21,23,59,49,196875,0.042113,02,1038,0,1,
3393,2025-07-21,23,59,49,395555,0.19868,01,250,0,0,Node 01: Network 2
3394,2025-07-21,23,59,49,895458,0.499903,02,750,0,0,Node 02: Network 1
3395,2025-07-21,23,59,51,897352,2.001894,02,750,0,0,Node 02: Network 1
3396,2025-07-21,23,59,52,444802,0.54745,03,1250,0,0,Node 03: Network 1
3397,2025-07-21,23,59,53,899295,1.454493,02,750,0,0,Node 02: Network 1
3398,2025-07-21,23,59,54,446148,0.546853,03,1250,0,0,Node 03: Network 1
3399,2025-07-21,23,59,55,489118,1.04297,01,250,0,0,Node 01: Network 2
3400,2025-07-21,23,59,55,989833,0.500715,02,751,0,0,Node 02: Network 1
3401,2025-07-21,23,59,56,537627,0.547794,03,1250,0,0,Node 03: Network 1
3402,2025-07-21,23,59,57,493631,0.956004,01,250,0,0,Node 01: Network 2
3403,2025-07-21,23,59,58,081688,0.588057,02,750,0,0,Node 02: Network 1
3404,2025-07-21,23,59,59,078242,0.996554,BB,0,1,0,
3405,2025-07-21,23,59,59,142910,0.064668,03,1445,0,1,
3406,2025-07-22,00,00,00,397105,1.254195,03,1250,0,0,Node 03: Network 1
3407,2025-07-22,00,00,02,397898,2.000793,03,1250,0,0,Node 03: Network 1
3408,2025-07-22,00,00,03,442493,1.044595,01,250,0,0,Node 01: Network 2
3409,2025-07-22,00,00,03,986510,0.544017,02,750,0,0,Node 02: Network 1
3410,2025-07-22,00,00,04,532821,0.546311,03,1250,0,0,Node 03: Network 1
3411,2025-07-22,00,00,05,527371,0.99455,BB,0,1,0,
3412,2025-07-22,00,00,05,600308,0.072937,BB,0,1,0,01:1713:0:1
3413,2025-07-22,00,00,05,613849,0.013541,02,1497,0,1,
3414,2025-07-22,00,00,05,646486,0.032637,01,250,0,0,Node 01: Network 2
3415,2025-07-22,00,00,05,698190,0.051704,03,405,0,1,
3416,2025-07-22,00,00,05,710785,0.012595,01,365,0,1,
3417,2025-07-22,00,00,05,723807,0.013022,02,1574,0,1,
3418,2025-07-22,00,00,05,800719,0.076912,03,1250,0,0,Node 03: Network 1
3419,2025-07-22,00,00,05,870622,0.069903,01,250,0,0,Node 01: Network 2
3420,2025-07-22,00,00,05,999695,0.129073,03,1282,0,0,Node 03: Network 1
3421,2025-07-22,00,00,06,068692,0.068997,03,1312,0,0,Node 03: Network 1
3422,2025-07-22,00,00,06,114892,0.0462,02,750,0,0,Node 02: Network 1
3423,2025-07-22,00,00,06,161165,0.046273,01,250,0,0,Node 01: Network 2
3424,2025-07-22,00,00,06,305962,0.144797,02,750,0,0,Node 02: Network 1
3425,2025-07-22,00,00,06,377705,0.071743,02,750,0,0,Node 02: Network 1
3426,2025-07-22,00,00,06,440555,0.06285,03,1250,0,0,Node 03: Network 1
3427,2025-07-22,00,00,06,503063,0.062508,02,750,0,0,Node 02: Network 1
3428,2025-07-22,00,00,06,582651,0.079588,02,750,0,0,Node 02: Network 1
3429,2025-07-22,00,00,06,644791,0.06214,03,1250,0,0,Node 03: Network 1
3430,2025-07-22,00,00,06,682824,0.038033,01,250,0,0,Node 01: Network 2
3431,2025-07-22,00,00,06,844492,0.161668,01,250,0,0,Node 01: Network 2
3432,2025-07-22,00,00,07,077171,0.232679,BB,0,1,0,
3433,2025-07-22,00,00,07,150647,0.073476,01,1137,0,1,
3434,2025-07-22,00,00,09,076170,1.925523,BB,0,1,0,
3435,2025-07-22,00,00,09,113881,0.037711,03,1175,0,1,
3436,2025-07-22,00,00,09,127416,0.013535,02,1483,0,1,
3437,2025-07-22,00,00,09,161106,0.03369,01,1133,0,1,
3438,2025-07-22,00,00,09,891796,0.73069,02,750,0,0,Node 02: Network 1
3439,2025-07-22,00,00,13,077328,3.185532,BB,0,1,0,
3440,2025-07-22,00,00,13,121674,0.044346,03,1433,0,1,
3441,2025-07-22,00,00,13,181750,0.060076,01,1126,0,1,
3442,2025-07-22,00,00,13,214541,0.032791,02,1040,0,1,
3443,2025-07-22,00,00,14,395457,1.180916,03,1250,0,0,Node 03: Network 1
3444,2025-07-22,00,00,15,439573,1.044116,01,250,0,0,Node 01: Network 2
3445,2025-07-22,00,00,15,983891,0.544318,02,750,0,0,Node 02: Network 1
3446,2025-07-22,00,00,19,075384,3.091493,BB,0,1,0,
3447,2025-07-22,00,00,19,137970,0.062586,02,1033,0,1,
3448,2025-07-22,00,00,19,164523,0.026553,01,1112,0,1,
3449,2025-07-22,00,00,19,189230,0.024707,03,1427,0,1,
3450,2025-07-22,00,00,19,391724,0.202494,01,250,0,0,Node 01: Network 2
3451,2025-07-22,00,00,19,893030,0.501306,02,750,0,0,Node 02: Network 1
3452,2025-07-22,00,00,20,438016,0.544986,03,1250,0,0,Node 03: Network 1
3453,2025-07-22,00,00,21,394824,0.956808,01,250,0,0,Node 01: Network 2
3454,2025-07-22,00,00,21,982237,0.587413,02,750,0,0,Node 02: Network 1
3455,2025-07-22,00,00,22,440400,0.458163,03,1250,0,0,Node 03: Network 1
3456,2025-07-22,00,00,23,527834,1.087434,01,250,0,0,Node 01: Network 2
3457,2025-07-22,00,00,23,984517,0.456683,02,750,0,0,Node 02: Network 1
3458,2025-07-22,00,00,24,440434,0.455917,03,1250,0,0,Node 03: Network 1
3459,2025-07-22,00,00,25,532982,1.092548,01,250,0,0,Node 01: Network 2
3460,2025-07-22,00,00,25,985077,0.452095,02,750,0,0,Node 02: Network 1
3461,2025-07-22,00,00,26,579141,0.594064,03,1250,0,0,Node 03: Network 1
3462,2025-07-22,00,00,27,073203,0.494062,BB,0,1,0,
3463,2025-07-22,00,00,27,134411,0.061208,02,1023,0,1,
3464,2025-07-22,00,00,27,147967,0.013556,01,1095,0,1,
3465,2025-07-22,00,00,27,389263,0.241296,01,250,0,0,Node 01: Network 2
3466,2025-07-22,00,00,28,436929,1.047666,03,1250,0,0,Node 03: Network 1
3467,2025-07-22,00,00,29,981266,1.544337,02,750,0,0,Node 02: Network 1
3468,2025-07-22,00,00,30,438087,0.456821,03,1250,0,0,Node 03: Network 1
3469,2025-07-22,00,00,30,491533,0.053446,BB,0,1,0,
3470,2025-07-22,00,00,30,563744,0.072211,BB,0,1,0,02:1483:0:1
3471,2025-07-22,00,00,30,617144,0.0534,02,1405,0,1,
3472,2025-07-22,00,00,30,647338,0.030194,BB,0,1,0,03:1433:0:1
3473,2025-07-22,00,00,30,661562,0.014224,03,1451,0,1,
3474,2025-07-22,00,00,30,675071,0.013509,01,1406,0,1,
3475,2025-07-22,00,00,30,715136,0.040065,BB,0,1,0,02:1033:0:1
3476,2025-07-22,00,00,30,769218,0.054082,01,1137,0,1,
3477,2025-07-22,00,00,30,870389,0.101171,03,1175,0,1,1133:0:1
3478,2025-07-22,00,00,30,914128,0.043739,02,594,0,1,
3479,2025-07-22,00,00,30,972342,0.058214,01,1126,0,1,1040:0:1
3480,2025-07-22,00,00,30,996867,0.024525,01,1112,0,1,1427:0:1
3481,2025-07-22,00,00,31,009377,0.01251,03,185,0,1,
3482,2025-07-22,00,00,31,025045,0.015668,01,172,0,1,
3483,2025-07-22,00,00,31,075517,0.050472,02,751,0,0,Node 02: Network 1
3484,2025-07-22,00,00,31,182730,0.107213,03,1250,0,0,Node 03: Network 1
3485,2025-07-22,00,00,31,287824,0.105094,02,750,0,0,Node 02: Network 1
3486,2025-07-22,00,00,31,360561,0.072737,01,250,0,0,Node 01: Network 2
3487,2025-07-22,00,00,31,433275,0.072714,02,782,0,0,Node 02: Network 1
3488,2025-07-22,00,00,31,477345,0.04407,02,750,0,0,Node 02: Network 1
3489,2025-07-22,00,00,31,597055,0.11971,03,1250,0,0,Node 03: Network 1
3490,2025-07-22,00,00,31,607568,0.010513,BB,0,1,0,
3491,2025-07-22,00,00,31,698491,0.090923,01,250,0,0,Node 01: Network 2
3492,2025-07-22,00,00,31,798062,0.099571,02,750,0,0,Node 02: Network 1
3493,2025-07-22,00,00,31,865549,0.067487,01,250,0,0,Node 01: Network 2
3494,2025-07-22,00,00,31,898349,0.0328,02,750,0,0,Node 02: Network 1
3495,2025-07-22,00,00,31,912314,0.013965,02,1560,0,1,
3496,2025-07-22,00,00,31,948519,0.036205,03,1250,0,0,Node 03: Network 1
3497,2025-07-22,00,00,32,431662,0.483143,02,750,0,0,Node 02: Network 1
3498,2025-07-22,00,00,32,912070,0.480408,03,1250,0,0,Node 03: Network 1
3499,2025-07-22,00,00,32,995486,0.083416,01,250,0,0,Node 01: Network 2
3500,2025-07-22,00,00,33,073567,0.078081,BB,0,1,0,
3501,2025-07-22,00,00,35,072516,1.998949,BB,0,1,0,
3502,2025-07-22,00,00,35,118983,0.046467,02,1439,0,1,
3503,2025-07-22,00,00,35,183240,0.064257,01,399,0,1,
3504,2025-07-22,00,00,35,206841,0.023601,03,355,0,1,
3505,2025-07-22,00,00,36,391281,1.18444,03,1250,0,0,Node 03: Network 1
3506,2025-07-22,00,00,37,435735,1.044454,01,250,0,0,Node 01: Network 2
3507,2025-07-22,00,00,37,934280,0.498545,02,750,0,0,Node 02: Network 1
3508,2025-07-22,00,00,38,391376,0.457096,03,1250,0,0,Node 03: Network 1
3509,2025-07-22,00,00,39,439301,1.047925,01,250,0,0,Node 01: Network 2
3510,2025-07-22,00,00,39,936021,0.49672,02,750,0,0,Node 02: Network 1
3511,2025-07-22,00,00,43,070915,3.134894,BB,0,1,0,
3512,2025-07-22,00,00,43,130406,0.059491,02,1005,0,1,
3513,2025-07-22,00,00,43,178656,0.04825,03,1405,0,1,
3514,2025-07-22,00,00,43,202972,0.024316,01,1061,0,1,
3515,2025-07-22,00,00,43,888003,0.685031,02,750,0,0,Node 02: Network 1
3516,2025-07-22,00,00,44,389211,0.501208,03,1250,0,0,Node 03: Network 1
3517,2025-07-22,00,00,45,434304,1.045093,01,250,0,0,Node 01: Network 2
3518,2025-07-22,00,00,45,934076,0.499772,02,750,0,0,Node 02: Network 1
3519,2025-07-22,00,00,46,390977,0.456901,03,1250,0,0,Node 03: Network 1
3520,2025-07-22,00,00,47,936253,1.545276,02,750,0,0,Node 02: Network 1
3521,2025-07-22,00,00,49,483360,1.547107,01,250,0,0,Node 01: Network 2
3522,2025-07-22,00,00,49,529955,0.046595,BB,0,1,0,
3523,2025-07-22,00,00,49,591034,0.061079,BB,0,1,0,
3524,2025-07-22,00,00,49,605011,0.013977,01,1507,0,1,
3525,2025-07-22,00,00,49,686075,0.081064,BB,0,1,0,02:1439:0:1
3526,2025-07-22,00,00,49,698630,0.012555,03,402,0,1,
3527,2025-07-22,00,00,49,717075,0.018445,02,1560,0,1,
3528,2025-07-22,00,00,49,736114,0.019039,02,476,0,1,
3529,2025-07-22,00,00,49,764113,0.027999,01,399,0,1,355:0:1
3530,2025-07-22,00,00,49,830455,0.066342,01,167,0,1,
3531,2025-07-22,00,00,49,864493,0.034038,01,250,0,0,Node 01: Network 2
3532,2025-07-22,00,00,49,897103,0.03261,02,750,0,0,Node 02: Network 1
3533,2025-07-22,00,00,49,934604,0.037501,02,1638,0,1,
3534,2025-07-22,00,00,49,969863,0.035259,02,782,0,0,Node 02: Network 1
3535,2025-07-22,00,00,50,012211,0.042348,02,750,0,0,Node 02: Network 1
3536,2025-07-22,00,00,50,099948,0.087737,03,1250,0,0,Node 03: Network 1
3537,2025-07-22,00,00,50,232073,0.132125,01,250,0,0,Node 01: Network 2
3538,2025-07-22,00,00,50,274572,0.042499,01,250,0,0,Node 01: Network 2
3539,2025-07-22,00,00,50,346913,0.072341,03,1250,0,0,Node 03: Network 1
3540,2025-07-22,00,00,50,452126,0.105213,01,250,0,0,Node 01: Network 2
3541,2025-07-22,00,00,50,491109,0.038983,02,750,0,0,Node 02: Network 1
3542,2025-07-22,00,00,50,591283,0.100174,03,1250,0,0,Node 03: Network 1
3543,2025-07-22,00,00,50,624936,0.033653,03,1263,0,0,Node 03: Network 1
3544,2025-07-22,00,00,50,656963,0.032027,02,761,0,0,Node 02: Network 1
3545,2025-07-22,00,00,50,690213,0.03325,01,250,0,0,Node 01: Network 2
3546,2025-07-22,00,00,50,871546,0.181333,02,777,0,0,Node 02: Network 1
3547,2025-07-22,00,00,51,109238,0.237692,BB,0,1,0,
3548,2025-07-22,00,00,55,069561,3.960323,BB,0,1,0,
3549,2025-07-22,00,00,55,117004,0.047443,01,1876,0,1,
3550,2025-07-22,00,00,55,134682,0.017678,02,1732,0,1,
3551,2025-07-22,00,00,55,225752,0.09107,03,801,0,1,
3552,2025-07-22,00,00,56,388141,1.162389,03,1250,0,0,Node 03: Network 1
3553,2025-07-22,00,00,59,068765,2.680624,BB,0,1,0,
3554,2025-07-22,00,00,59,128144,0.059379,01,1028,0,1,
3555,2025-07-22,00,00,59,139863,0.011719,02,985,0,1,
3556,2025-07-22,00,00,59,157031,0.017168,03,1392,0,1,
3557,2025-07-22,00,00,59,401594,0.244563,01,250,0,0,Node 01: Network 2
3558,2025-07-22,00,00,59,883789,0.482195,02,750,0,0,Node 02: Network 1
3559,2025-07-22,00,01,00,414507,0.530718,03,1250,0,0,Node 03: Network 1
3560,2025-07-22,00,01,01,388618,0.974111,01,250,0,0,Node 01: Network 2
3561,2025-07-22,00,01,01,959978,0.57136,02,750,0,0,Node 02: Network 1
3562,2025-07-22,00,01,03,961902,2.001924,02,750,0,0,Node 02: Network 1
3563,2025-07-22,00,01,07,067897,3.105995,BB,0,1,0,
3564,2025-07-22,00,01,07,133231,0.065334,02,976,0,1,
3565,2025-07-22,00,01,07,146249,0.013018,01,1012,0,1,
3566,2025-07-22,00,01,07,162784,0.016535,03,1385,0,1,
3567,2025-07-22,00,01,08,385253,1.222469,03,1250,0,0,Node 03: Network 1
3568,2025-07-22,00,01,09,430456,1.045203,01,250,0,0,Node 01: Network 2
3569,2025-07-22,00,01,12,018001,2.587545,BB,0,1,0,1005:0:1
3570,2025-07-22,00,01,12,053526,0.035525,03,331,0,1,
3571,2025-07-22,00,01,12,064004,0.010478,BB,0,1,0,
3572,2025-07-22,00,01,12,077552,0.013548,01,1953,0,1,
3573,2025-07-22,00,01,12,097362,0.01981,02,1922,0,1,
3574,2025-07-22,00,01,12,169871,0.072509,BB,0,1,0,01:1876:0:1
3575,2025-07-22,00,01,12,278056,0.108185,BB,0,1,0,01:1028:0:1
3576,2025-07-22,00,01,12,358120,0.080064,02,1982,0,1,
3577,2025-07-22,00,01,12,371137,0.013017,02,1732,0,1,
3578,2025-07-22,00,01,12,383663,0.012526,03,388,0,1,
3579,2025-07-22,00,01,12,395681,0.012018,01,169,0,1,
3580,2025-07-22,00,01,12,424709,0.029028,03,801,0,1,
3581,2025-07-22,00,01,12,483745,0.059036,03,482,0,1,
3582,2025-07-22,00,01,12,525936,0.042191,03,1392,0,1,985:0:1
3583,2025-07-22,00,01,12,562036,0.0361,02,750,0,0,Node 02: Network 1
3584,2025-07-22,00,01,12,574524,0.012488,02,207,0,1,
3585,2025-07-22,00,01,12,632105,0.057581,01,250,0,0,Node 01: Network 2
3586,2025-07-22,00,01,12,645123,0.013018,03,591,0,1,
3587,2025-07-22,00,01,12,687805,0.042682,03,1263,0,0,Node 03: Network 1
3588,2025-07-22,00,01,12,748523,0.060718,02,761,0,0,Node 02: Network 1
3589,2025-07-22,00,01,13,012781,0.264258,02,777,0,0,Node 02: Network 1
3590,2025-07-22,00,01,13,093836,0.081055,03,1250,0,0,Node 03: Network 1
3591,2025-07-22,00,01,13,117421,0.023585,01,250,0,0,Node 01:
3592,2025-07-22,00,01,13,149742,0.032321,01,281,0,0,Node 01: Network 2
3593,2025-07-22,00,01,13,229254,0.079512,02,750,0,0,Node 02: Network 1
3594,2025-07-22,00,01,13,265527,0.036273,BB,0,1,0,
3595,2025-07-22,00,01,13,318803,0.053276,02,792,0,0,Node 02: Network 1
3596,2025-07-22,00,01,13,389539,0.070736,03,1250,0,0,Node 03: Network 1
3597,2025-07-22,00,01,13,422782,0.033243,01,250,0,0,Node 01: Network 2
3598,2025-07-22,00,01,13,638315,0.215533,02,750,0,0,Node 02: Network 1
3599,2025-07-22,00,01,13,831516,0.193201,03,1250,0,0,Node 03: Network 1
3600,2025-07-22,00,01,13,966961,0.135445,02,750,0,0,Node 02: Network 1
3601,2025-07-22,00,01,14,513498,0.546537,03,1250,0,0,Node 03: Network 1
3602,2025-07-22,00,01,14,824856,0.311358,01,250,0,0,Node 01: Network 2
3603,2025-07-22,00,01,15,066796,0.24194,BB,0,1,0,
3604,2025-07-22,00,01,15,141845,0.075049,03,1377,0,1,
3605,2025-07-22,00,01,15,163914,0.022069,01,995,0,1,
3606,2025-07-22,00,01,15,382932,0.219018,01,250,0,0,Node 01: Network 2
3607,2025-07-22,00,01,15,927127,0.544195,02,750,0,0,Node 02: Network 1
3608,2025-07-22,00,01,16,385226,0.458099,03,1250,0,0,Node 03: Network 1
3609,2025-07-22,00,01,17,928712,1.543486,02,750,0,0,Node 02: Network 1
3610,2025-07-22,00,01,21,065498,3.136786,BB,0,1,0,
3611,2025-07-22,00,01,21,115414,0.049916,03,1373,0,1,
3612,2025-07-22,00,01,21,178551,0.063137,01,982,0,1,
3613,2025-07-22,00,01,21,191103,0.012552,02,961,0,1,
3614,2025-07-22,00,01,22,385212,1.194109,03,1250,0,0,Node 03: Network 1
3615,2025-07-22,00,01,23,929468,1.544256,02,750,0,0,Node 02: Network 1
3616,2025-07-22,00,01,24,385802,0.456334,03,1250,0,0,Node 03: Network 1
3617,2025-07-22,00,01,27,064218,2.678416,BB,0,1,0,
3618,2025-07-22,00,01,27,118030,0.053812,03,1366,0,1,
3619,2025-07-22,00,01,27,130440,0.01241,01,969,0,1,
3620,2025-07-22,00,01,27,208692,0.078252,02,954,0,1,
3621,2025-07-22,00,01,27,380166,0.171474,01,250,0,0,Node 01: Network 2
3622,2025-07-22,00,01,28,383442,1.003276,03,1250,0,0,Node 03: Network 1
3623,2025-07-22,00,01,29,427734,1.044292,01,250,0,0,Node 01: Network 2
3624,2025-07-22,00,01,29,971290,0.543556,02,750,0,0,Node 02: Network 1
3625,2025-07-22,00,01,30,384445,0.413155,03,1250,0,0,Node 03: Network 1
3626,2025-07-22,00,01,31,518563,1.134118,01,250,0,0,Node 01: Network 2
3627,2025-07-22,00,01,31,973584,0.455021,02,750,0,0,Node 02: Network 1
3628,2025-07-22,00,01,32,441464,0.46788,BB,0,1,0,976:0:1
3629,2025-07-22,00,01,32,513676,0.072212,02,324,0,1,
3630,2025-07-22,00,01,32,562518,0.048842,BB,0,1,0,792:0:0:Node 02: Network 1
3631,2025-07-22,00,01,32,584575,0.022057,BB,0,1,0,
3632,2025-07-22,00,01,32,672845,0.08827,02,446,0,1,
3633,2025-07-22,00,01,32,696862,0.024017,BB,0,1,0,03:1373:0:1
3634,2025-07-22,00,01,32,710631,0.013769,01,1375,0,1,
3635,2025-07-22,00,01,32,740701,0.03007,03,1332,0,1,
3636,2025-07-22,00,01,32,751739,0.011038,02,60,0,1,
3637,2025-07-22,00,01,32,774693,0.022954,03,1377,0,1,995:0:1
3638,2025-07-22,00,01,32,848342,0.073649,01,982,0,1,961:0:1
3639,2025-07-22,00,01,32,878597,0.030255,01,159,0,1,
3640,2025-07-22,00,01,32,920427,0.04183,02,750,0,0,Node 02: Network 1
3641,2025-07-22,00,01,33,046712,0.126285,01,281,0,0,Node 01: Network 2
3642,2025-07-22,00,01,33,068975,0.022263,03,160,0,1,
3643,2025-07-22,00,01,33,201474,0.132499,03,1250,0,0,Node 03: Network 1
3644,2025-07-22,00,01,33,243809,0.042335,01,250,0,0,Node 01: Network 2
3645,2025-07-22,00,01,33,325678,0.081869,02,750,0,0,Node 02: Network 1
3646,2025-07-22,00,01,33,363095,0.037417,BB,0,1,0,
3647,2025-07-22,00,01,33,411668,0.048573,03,1250,0,0,Node 03: Network 1
3648,2025-07-22,00,01,33,468102,0.056434,01,311,0,0,Node 01: Network 2
3649,2025-07-22,00,01,33,501524,0.033422,01,250,0,0,Node 01: Network 2
3650,2025-07-22,00,01,33,567872,0.066348,02,780,0,0,Node 02: Network 1
3651,2025-07-22,00,01,33,601609,0.033737,01,250,0,0,Node 01: Network 2
3652,2025-07-22,00,01,33,623466,0.021857,02,816,0,1,
3653,2025-07-22,00,01,33,685978,0.062512,02,750,0,0,Node 02: Network 1
3654,2025-07-22,00,01,33,774760,0.088782,03,1250,0,0,Node 03: Network 1
3655,2025-07-22,00,01,33,889908,0.115148,02,750,0,0,Node 02: Network 1
3656,2025-07-22,00,01,34,007756,0.117848,03,1281,0,0,Node 03: Network 1
3657,2025-07-22,00,01,34,042331,0.034575,03,1250,0,0,Node 03: Network 1
3658,2025-07-22,00,01,34,256487,0.214156,02,750,0,0,Node 02: Network 1
3659,2025-07-22,00,01,34,472014,0.215527,01,250,0,0,Node 01: Network 2
3660,2025-07-22,00,01,35,063543,0.591529,BB,0,1,0,
3661,2025-07-22,00,01,35,121348,0.057805,02,945,0,1,
3662,2025-07-22,00,01,35,880052,0.758704,02,750,0,0,Node 02: Network 1
3663,2025-07-22,00,01,37,882088,2.002036,02,750,0,0,Node 02: Network 1
3664,2025-07-22,00,01,38,427399,0.545311,03,1250,0,0,Node 03: Network 1
3665,2025-07-22,00,01,39,884844,1.457445,02,750,0,0,Node 02: Network 1
3666,2025-07-22,00,01,40,429304,0.54446,03,1250,0,0,Node 03: Network 1
3667,2025-07-22,00,01,41,431112,1.001808,01,250,0,0,Node 01: Network 2
3668,2025-07-22,00,01,41,976507,0.545395,02,750,0,0,Node 02: Network 1
3669,2025-07-22,00,01,43,523429,1.546922,01,250,0,0,Node 01: Network 2
3670,2025-07-22,00,01,43,978005,0.454576,02,750,0,0,Node 02: Network 1
3671,2025-07-22,00,01,44,569858,0.591853,03,1250,0,0,Node 03: Network 1
3672,2025-07-22,00,01,45,061245,0.491387,BB,0,1,0,
3673,2025-07-22,00,01,47,060563,1.999318,BB,0,1,0,
3674,2025-07-22,00,01,47,107438,0.046875,02,1903,0,1,
3675,2025-07-22,00,01,47,137363,0.029925,03,1814,0,1,
3676,2025-07-22,00,01,47,200437,0.063074,01,1856,0,1,
3677,2025-07-22,00,01,47,376581,0.176144,01,250,0,0,Node 01: Network 2
3678,2025-07-22,00,01,47,922233,0.545652,02,750,0,0,Node 02: Network 1
3679,2025-07-22,00,01,48,377819,0.455586,03,1250,0,0,Node 03: Network 1
3680,2025-07-22,00,01,48,463473,0.085654,BB,0,1,0,
3681,2025-07-22,00,01,48,514784,0.051311,BB,0,1,0,02:945:0:1
3682,2025-07-22,00,01,48,547703,0.032919,03,752,0,1,
3683,2025-07-22,00,01,48,563256,0.015553,02,816,0,1,
3684,2025-07-22,00,01,48,591469,0.028213,02,1415,0,1,
3685,2025-07-22,00,01,48,687100,0.095631,02,750,0,0,Node 02: Network 1
3686,2025-07-22,00,01,48,790732,0.103632,03,1250,0,0,Node 03: Network 1
3687,2025-07-22,00,01,48,823833,0.033101,01,250,0,0,Node 01: Network 2
3688,2025-07-22,00,01,48,837337,0.013504,01,1458,0,1,
3689,2025-07-22,00,01,48,893579,0.056242,01,311,0,0,Node 01: Network 2
3690,2025-07-22,00,01,48,926283,0.032704,02,780,0,0,Node 02: Network 1
3691,2025-07-22,00,01,48,970264,0.043981,03,1281,0,0,Node 03: Network 1
3692,2025-07-22,00,01,49,002515,0.032251,01,250,0,0,Node 01: Network 2
3693,2025-07-22,00,01,49,035127,0.032612,01,281,0,0,Node 01: Network 2
3694,2025-07-22,00,01,49,136730,0.101603,02,750,0,0,Node 02: Network 1
3695,2025-07-22,00,01,49,216644,0.079914,01,250,0,0,Node 01: Network 2
3696,2025-07-22,00,01,49,282510,0.065866,02,750,0,0,Node 02: Network 1
3697,2025-07-22,00,01,49,417883,0.135373,02,750,0,0,Node 02: Network 1
3698,2025-07-22,00,01,49,491490,0.073607,02,750,0,0,Node 02: Network 1
3700,2025-07-22,00,01,49,550365,0.058875,03,1250,0,0,Node 03: Network 1
3701,2025-07-22,00,01,50,870236,1.319871,01,250,0,0,Node 01: Network 2
3702,2025-07-22,00,01,50,984419,0.114183,03,1250,0,0,Node 03: Network 1
3703,2025-07-22,00,01,51,061482,0.077063,BB,0,1,0,
3704,2025-07-22,00,01,53,061481,1.999999,BB,0,1,0,
3705,2025-07-22,00,01,53,101270,0.039789,03,1400,0,1,
3706,2025-07-22,00,01,53,116930,0.01566,01,1353,0,1,
3707,2025-07-22,00,01,53,129063,0.012133,02,562,0,1,
3708,2025-07-22,00,01,53,376842,0.247779,01,250,0,0,Node 01: Network 2
3709,2025-07-22,00,01,54,424554,1.047712,03,1250,0,0,Node 03: Network 1
3710,2025-07-22,00,01,57,060028,2.635474,BB,0,1,0,
3711,2025-07-22,00,01,57,114708,0.05468,01,907,0,1,
3712,2025-07-22,00,01,57,126729,0.012021,02,919,0,1,
3713,2025-07-22,00,01,57,151308,0.024579,03,1341,0,1,
3714,2025-07-22,00,01,57,376454,0.225146,01,250,0,0,Node 01: Network 2
3715,2025-07-22,00,01,57,877126,0.500672,02,750,0,0,Node 02: Network 1
3716,2025-07-22,00,01,58,379450,0.502324,03,1250,0,0,Node 03: Network 1
3717,2025-07-22,00,01,59,380357,1.000907,01,250,0,0,Node 01: Network 2
3718,2025-07-22,00,01,59,878233,0.497876,02,750,0,0,Node 02: Network 1
3719,2025-07-22,00,02,00,423924,0.545691,03,1250,0,0,Node 03: Network 1
3720,2025-07-22,00,02,01,383390,0.959466,01,250,0,0,Node 01: Network 2
3721,2025-07-22,00,02,01,927894,0.544504,02,750,0,0,Node 02: Network 1
3722,2025-07-22,00,02,02,425594,0.4977,03,1250,0,0,Node 03: Network 1
3723,2025-07-22,00,02,03,970931,1.545337,02,750,0,0,Node 02: Network 1
3724,2025-07-22,00,02,04,516333,0.545402,03,1250,0,0,Node 03: Network 1
3725,2025-07-22,00,02,06,061238,1.544905,02,750,0,0,Node 02: Network 1
3726,2025-07-22,00,02,06,517004,0.455766,03,1250,0,0,Node 03: Network 1
3727,2025-07-22,00,02,07,058204,0.5412,BB,0,1,0,
3728,2025-07-22,00,02,07,114018,0.055814,03,1332,0,1,
3729,2025-07-22,00,02,07,913920,0.799902,BB,0,1,0,
3730,2025-07-22,00,02,07,969081,0.055161,BB,0,1,0,1400:0:1
3731,2025-07-22,00,02,07,981150,0.012069,02,675,0,1,
3732,2025-07-22,00,02,07,993717,0.012567,01,674,0,1,
3733,2025-07-22,00,02,08,153701,0.159984,03,950,0,1,
3734,2025-07-22,00,02,08,192817,0.039116,BB,0,1,0,01:907:0:1
3735,2025-07-22,00,02,08,232291,0.039474,02,286,0,1,
3736,2025-07-22,00,02,08,269852,0.037561,01,286,0,1,
3737,2025-07-22,00,02,08,292493,0.022641,01,1353,0,1,562:0:1
3738,2025-07-22,00,02,08,315743,0.02325,02,919,0,1,1341:0:1
3739,2025-07-22,00,02,08,371210,0.055467,02,750,0,0,Node 02: Network 1
3740,2025-07-22,00,02,08,545948,0.174738,etwork 2,,,,
3741,2025-07-22,00,02,08,578974,0.033026,01,281,0,0,Node 01: Network 2
3742,2025-07-22,00,02,08,611072,0.032098,01,250,0,0,Node 01: Network 2
3743,2025-07-22,00,02,08,660362,0.04929,03,1312,0,0,Node 03: Network 1
3744,2025-07-22,00,02,08,774603,0.114241,02,750,0,0,Node 02: Network 1
3745,2025-07-22,00,02,08,824646,0.050043,01,250,0,0,Node 01: Network 2
3746,2025-07-22,00,02,08,873897,0.049251,03,1250,0,0,Node 03: Network 1
3747,2025-07-22,00,02,08,933033,0.059136,01,250,0,0,Node 01: Network 2
3748,2025-07-22,00,02,09,008442,0.075409,03,1250,0,0,Node 03: Network 1
3749,2025-07-22,00,02,09,048046,0.039604,01,250,0,0,Node 01: Network 2
3750,2025-07-22,00,02,09,142648,0.094602,02,750,0,0,Node 02: Network 1
3751,2025-07-22,00,02,09,369383,0.226735,02,750,0,0,Node 02: Network 1
3752,2025-07-22,00,02,09,870278,0.500895,03,1250,0,0,Node 03: Network 1
3753,2025-07-22,00,02,10,318574,0.448296,01,250,0,0,Node 01: Network 2
3754,2025-07-22,00,02,11,058415,0.739841,BB,0,1,0,
3755,2025-07-22,00,02,11,104497,0.046082,03,1329,0,1,
3756,2025-07-22,00,02,12,375181,1.270684,03,1250,0,0,Node 03: Network 1
3757,2025-07-22,00,02,14,376960,2.001779,03,1250,0,0,Node 03: Network 1
3758,2025-07-22,00,02,15,422756,1.045796,01,250,0,0,Node 01: Network 2
3759,2025-07-22,00,02,15,922214,0.499458,02,750,0,0,Node 02: Network 1
3760,2025-07-22,00,02,17,468643,1.546429,01,250,0,0,Node 01: Network 2
3761,2025-07-22,00,02,17,923576,0.454933,02,750,0,0,Node 02: Network 1
3762,2025-07-22,00,02,19,473045,1.549469,01,250,0,0,Node 01: Network 2
3763,2025-07-22,00,02,19,926014,0.452969,02,750,0,0,Node 02: Network 1
3764,2025-07-22,00,02,20,520248,0.594234,03,1251,0,0,Node 03: Network 1
3765,2025-07-22,00,02,22,521848,2.0016,03,1250,0,0,Node 03: Network 1
3766,2025-07-22,00,02,23,568039,1.046191,01,251,0,0,Node 01: Network 2
3767,2025-07-22,00,02,24,064849,0.49681,02,750,0,0,Node 02: Network 1
3768,2025-07-22,00,02,24,522826,0.457977,03,1250,0,0,Node 03: Network 1
3769,2025-07-22,00,02,25,055707,0.532881,BB,0,1,0,
3770,2025-07-22,00,02,25,105957,0.05025,03,1316,0,1,
3771,2025-07-22,00,02,25,121973,0.016016,01,849,0,1,
3772,2025-07-22,00,02,27,533327,2.411354,BB,0,1,0,03:1329:0:1
3773,2025-07-22,00,02,27,570755,0.037428,02,286,0,1,
3774,2025-07-22,00,02,27,587805,0.01705,03,1793,0,1,
3775,2025-07-22,00,02,27,601314,0.013509,01,1322,0,1,
3776,2025-07-22,00,02,27,638140,0.036826,03,1250,0,0,Node 03: Network 1
3777,2025-07-22,00,02,27,830707,0.192567,01,250,0,0,Node 01: Network 2
3778,2025-07-22,00,02,27,871572,0.040865,01,250,0,0,Node 01: Network 2
3779,2025-07-22,00,02,27,924713,0.053141,02,750,0,0,Node 02: Network 1
3780,2025-07-22,00,02,28,008047,0.083334,03,1250,0,0,Node 03: Network 1
3781,2025-07-22,00,02,28,058398,0.050351,01,250,0,0,Node 01: Network 2
3782,2025-07-22,00,02,28,102342,0.043944,03,1250,0,0,Node 03: Network 1
3783,2025-07-22,00,02,28,163623,0.061281,03,1250,0,0,Node 03: Network 1
3784,2025-07-22,00,02,28,197525,0.033902,01,250,0,0,Node 01: Network 2
3785,2025-07-22,00,02,28,269435,0.07191,02,750,0,0,Node 02: Network 1
3786,2025-07-22,00,02,28,347033,0.077598,01,250,0,0,Node 01: Network 2
3787,2025-07-22,00,02,28,378676,0.031643,02,756,0,0,Node 02: Network 1
3788,2025-07-22,00,02,28,669867,0.291191,01,250,0,0,Node 01: Network 2
3789,2025-07-22,00,02,28,840104,0.170237,03,1250,0,0,Node 03: Network 1
3790,2025-07-22,00,02,29,055094,0.21499,BB,0,1,0,
3791,2025-07-22,00,02,31,054750,1.999656,BB,0,1,0,
3792,2025-07-22,00,02,31,106797,0.052047,03,1539,0,1,
3793,2025-07-22,00,02,31,146098,0.039301,02,662,0,1,
3794,2025-07-22,00,02,31,202967,0.056869,01,703,0,1,
3795,2025-07-22,00,02,31,370234,0.167267,01,250,0,0,Node 01: Network 2
3796,2025-07-22,00,02,31,871628,0.501394,02,750,0,0,Node 02: Network 1
3797,2025-07-22,00,02,32,373664,0.502036,03,1250,0,0,Node 03: Network 1
3798,2025-07-22,00,02,33,373673,1.000009,01,250,0,0,Node 01: Network 2
3799,2025-07-22,00,02,33,919924,0.546251,02,750,0,0,Node 02: Network 1
3800,2025-07-22,00,02,34,374917,0.454993,03,1250,0,0,Node 03: Network 1
3801,2025-07-22,00,02,35,466677,1.09176,01,250,0,0,Node 01: Network 2
3802,2025-07-22,00,02,36,513271,1.046594,03,1250,0,0,Node 03: Network 1
3803,2025-07-22,00,02,38,056720,1.543449,02,750,0,0,Node 02: Network 1
3804,2025-07-22,00,02,39,053703,0.996983,BB,0,1,0,
3805,2025-07-22,00,02,39,117489,0.063786,03,1304,0,1,
3806,2025-07-22,00,02,40,372790,1.255301,03,1250,0,0,Node 03: Network 1
3807,2025-07-22,00,02,41,417640,1.04485,01,250,0,0,Node 01: Network 2
3808,2025-07-22,00,02,41,962402,0.544762,02,750,0,0,Node 02: Network 1
3809,2025-07-22,00,02,42,509128,0.546726,03,1251,0,0,Node 03: Network 1
3810,2025-07-22,00,02,43,509102,0.999974,01,250,0,0,Node 01: Network 2
3811,2025-07-22,00,02,43,964261,0.455159,02,750,0,0,Node 02: Network 1
3812,2025-07-22,00,02,44,411510,0.447249,BB,0,1,0,
3813,2025-07-22,00,02,44,459747,0.048237,02,223,0,1,
3814,2025-07-22,00,02,44,487087,0.02734,01,167,0,1,
3815,2025-07-22,00,02,44,518220,0.031133,BB,0,1,0,03:1539:0:1
3816,2025-07-22,00,02,44,564243,0.046023,02,662,0,1,01:703:0:1
3817,2025-07-22,00,02,44,658311,0.094068,02,750,0,0,Node 02: Network 1
3818,2025-07-22,00,02,44,703213,0.044902,01,273,0,1,
3819,2025-07-22,00,02,44,752126,0.048913,01,250,0,0,Node 01: Network 2
3820,2025-07-22,00,02,44,811252,0.059126,02,780,0,0,Node 02: Network 1
3821,2025-07-22,00,02,44,844436,0.033184,02,756,0,0,Node 02: Network 1
3822,2025-07-22,00,02,44,857945,0.013509,03,1333,0,1,
3823,2025-07-22,00,02,44,891087,0.033142,01,250,0,0,Node 01: Network 2
3824,2025-07-22,00,02,44,925604,0.034517,03,1250,0,0,Node 03: Network 1
3825,2025-07-22,00,02,44,995005,0.069401,01,281,0,0,Node 01: Network 2
3826,2025-07-22,00,02,45,028090,0.033085,02,750,0,0,Node 02: Network 1
3827,2025-07-22,00,02,45,163168,0.135078,03,1250,0,0,Node 03: Network 1
3828,2025-07-22,00,02,45,308158,0.14499,02,750,0,0,Node 02: Network 1
3829,2025-07-22,00,02,45,334649,0.026491,BB,0,1,0,
3830,2025-07-22,00,02,45,450216,0.115567,02,750,0,0,Node 02: Network 1
3831,2025-07-22,00,02,45,527507,0.077291,03,1250,0,0,Node 03: Network 1
3832,2025-07-22,00,02,45,615316,0.087809,02,780,0,0,Node 02: Network 1
3833,2025-07-22,00,02,45,744153,0.128837,03,1281,0,0,Node 03: Network 1
3834,2025-07-22,00,02,46,107811,0.363658,03,1250,0,0,Node 03: Network 1
3835,2025-07-22,00,02,46,994413,0.886602,01,250,0,0,Node 01: Network 2
3836,2025-07-22,00,02,47,051486,0.057073,BB,0,1,0,
3837,2025-07-22,00,02,47,122901,0.071415,01,802,0,1,
3838,2025-07-22,00,02,51,051733,3.928832,BB,0,1,0,
3839,2025-07-22,00,02,51,108758,0.057025,01,702,376,0,1
3840,2025-07-22,00,02,51,126320,0.017562,03,265,0,1,
3841,2025-07-22,00,02,51,143372,0.017052,94,0,1,,
3842,2025-07-22,00,02,51,277313,0.133941,03,1350,0,1,
3843,2025-07-22,00,02,51,716632,0.439319,03,1250,0,0,Node 03: Network 1
3844,2025-07-22,00,02,53,052394,1.335762,BB,0,1,0,
3845,2025-07-22,00,02,53,109545,0.057151,01,791,0,1,
3846,2025-07-22,00,02,57,050549,3.941004,BB,0,1,0,
3847,2025-07-22,00,02,57,096552,0.046003,03,655,0,1,
3848,2025-07-22,00,02,57,119030,0.022478,02,610,0,1,
3849,2025-07-22,00,02,57,182682,0.063652,01,781,0,1,
3850,2025-07-22,00,02,57,865979,0.683297,02,750,0,0,Node 02: Network 1
3851,2025-07-22,00,02,58,368915,0.502936,03,1250,0,0,Node 03: Network 1
3852,2025-07-22,00,02,59,412150,1.043235,01,250,0,0,Node 01: Network 2
3853,2025-07-22,00,02,59,956232,0.544082,02,750,0,0,Node 02: Network 1
3854,2025-07-22,00,03,00,503498,0.547266,03,1250,0,0,Node 03: Network 1
3855,2025-07-22,00,03,01,416848,0.91335,01,250,0,0,Node 01: Network 2
3856,2025-07-22,00,03,01,958282,0.541434,02,750,0,0,Node 02: Network 1
3857,2025-07-22,00,03,03,960694,2.002412,02,750,0,0,Node 02: Network 1
3858,2025-07-22,00,03,05,506713,1.546019,01,250,0,0,Node 01: Network 2
3859,2025-07-22,00,03,06,551502,1.044789,03,1250,0,0,Node 03: Network 1
3860,2025-07-22,00,03,07,048437,0.496935,BB,0,1,0,
3861,2025-07-22,00,03,07,117666,0.069229,01,759,0,1,
3862,2025-07-22,00,03,07,145907,0.028241,02,837,0,1,
3863,2025-07-22,00,03,07,864191,0.718284,02,750,0,0,Node 02: Network 1
3864,2025-07-22,00,03,08,406179,0.541988,BB,0,1,0,
3865,2025-07-22,00,03,08,474406,0.068227,BB,0,1,0,01:802:0:1
3866,2025-07-22,00,03,08,509072,0.034666,01,1388,0,1,
3867,2025-07-22,00,03,08,544130,0.035058,03,636,0,1,
3868,2025-07-22,00,03,08,571372,0.027242,BB,0,1,0,01:702:376:0:1
3869,2025-07-22,00,03,08,593422,0.02205,03,703,0,02,193:0:1
3870,2025-07-22,00,03,08,649452,0.05603,02,261,0,1,
3871,2025-07-22,00,03,08,652460,0.003008,1,,,,
3872,2025-07-22,00,03,08,747849,0.095389,BB,0,1,0,03:655:0:1
3873,2025-07-22,00,03,08,834344,0.086495,03,265,0,1,0:1
3874,2025-07-22,00,03,08,846726,0.012382,01,280,0,1,
3875,2025-07-22,00,03,08,893677,0.046951,03,797,0,1,
3876,2025-07-22,00,03,08,976585,0.082908,03,1350,0,1,
3877,2025-07-22,00,03,09,013198,0.036613,02,769,0,0,Node 02: Network 1
3878,2025-07-22,00,03,09,062038,0.04884,03,1019,0,1,
3879,2025-07-22,00,03,09,093695,0.031657,BB,0,1,0,
3880,2025-07-22,00,03,09,132742,0.039047,02,610,0,1,01:781:0:1
3881,2025-07-22,00,03,09,298502,0.16576,01,780,0,1,
3882,2025-07-22,00,03,09,331483,0.032981,01,250,0,0,Node 01: Network 2
3883,2025-07-22,00,03,09,390056,0.058573,03,1250,0,0,Node 03: Network 1
3884,2025-07-22,00,03,09,425563,0.035507,01,281,0,0,Node 01: Network 2
3885,2025-07-22,00,03,09,467819,0.042256,02,750,0,0,Node 02: Network 1
3886,2025-07-22,00,03,09,533651,0.065832,02,780,0,0,Node 02: Network 1
3887,2025-07-22,00,03,09,565869,0.032218,01,264,0,0,Node 01: Network 2
3888,2025-07-22,00,03,09,579088,0.013219,02,1226,0,1,
3889,2025-07-22,00,03,09,613435,0.034347,03,1281,0,0,Node 03: Network 1
3890,2025-07-22,00,03,09,764975,0.15154,03,1250,0,0,Node 03: Network 1
3891,2025-07-22,00,03,09,864159,0.099184,01,250,0,0,Node 01: Network 2
3892,2025-07-22,00,03,10,025734,0.161575,03,1250,0,0,Node 03: Network 1
3893,2025-07-22,00,03,10,058626,0.032892,02,750,0,0,Node 02: Network 1
3894,2025-07-22,00,03,10,194525,0.135899,03,1250,0,0,Node 02:777:0:0:Node 02: Network 1
3895,2025-07-22,00,03,10,378358,0.183833,03,1250,0,0,Node 03: Network 1
3896,2025-07-22,00,03,11,391854,1.013496,01,250,0,0,Node 01: Network 2
3897,2025-07-22,00,03,11,912500,0.520646,02,750,0,0,Node 02: Network 1
3898,2025-07-22,00,03,12,379289,0.466789,03,1250,0,0,Node 03: Network 1
3899,2025-07-22,00,03,13,458975,1.079686,01,250,0,0,Node 01: Network 2
3900,2025-07-22,00,03,14,003334,0.544359,02,750,0,0,Node 02: Network 1
3901,2025-07-22,00,03,14,504781,0.501447,03,1250,0,0,Node 03: Network 1
3902,2025-07-22,00,03,15,551046,1.046265,01,250,0,0,Node 01: Network 2
3903,2025-07-22,00,03,16,005130,0.454084,02,750,0,0,Node 02: Network 1
3904,2025-07-22,00,03,16,506548,0.501418,03,1250,0,0,Node 03: Network 1
3905,2025-07-22,00,03,17,047458,0.54091,BB,0,1,0,
3906,2025-07-22,00,03,17,109320,0.061862,03,1270,0,1,
3907,2025-07-22,00,03,17,168167,0.058847,01,739,0,1,
3908,2025-07-22,00,03,18,365276,1.197109,03,1250,0,0,Node 03: Network 1
3909,2025-07-22,00,03,21,046936,2.68166,BB,0,1,0,
3910,2025-07-22,00,03,21,089524,0.042588,03,1267,0,1,
3911,2025-07-22,00,03,21,101740,0.012216,02,820,0,1,
3912,2025-07-22,00,03,21,125810,0.02407,01,731,0,1,
3913,2025-07-22,00,03,21,863019,0.737209,02,750,0,0,Node 02: Network 1
3914,2025-07-22,00,03,22,365391,0.502372,03,1250,0,0,Node 03: Network 1
3915,2025-07-22,00,03,23,408862,1.043471,01,250,0,0,Node 01: Network 2
3916,2025-07-22,00,03,23,953236,0.544374,02,750,0,0,Node 02: Network 1
3917,2025-07-22,00,03,24,454629,0.501393,03,1250,0,0,Node 03: Network 1
3918,2025-07-22,00,03,25,500018,1.045389,01,250,0,0,Node 01: Network 2
3919,2025-07-22,00,03,26,456220,0.956202,03,1250,0,0,Node 03: Network 1
3920,2025-07-22,00,03,26,590118,0.133898,02,777,0,0,Node 02: Network 1
3921,2025-07-22,00,03,26,643095,0.052977,03,1250,0,0,Node 03: Network 1
3922,2025-07-22,00,03,26,739697,0.096602,01,250,0,0,Node 01: Network 2
3923,2025-07-22,00,03,26,776214,0.036517,02,750,0,0,Node 02: Network 1
3924,2025-07-22,00,03,26,864065,0.087851,03,1250,0,0,Node 03: Network 1
3925,2025-07-22,00,03,26,896983,0.032918,01,250,0,0,Node 01: Network 2
3926,2025-07-22,00,03,26,970175,0.073192,02,750,0,0,Node 02: Network 1
3927,2025-07-22,00,03,27,004710,0.034535,03,1250,0,0,Node 03: Network 1
3928,2025-07-22,00,03,27,037863,0.033153,01,250,0,0,Node 01: Network 2
3929,2025-07-22,00,03,27,071013,0.03315,03,1282,0,0,Node 03: Network 1
3930,2025-07-22,00,03,27,114067,0.043054,02,750,0,0,Node 02: Network 1
3931,2025-07-22,00,03,27,166935,0.052868,03,1250,0,0,Node 03: Network 1
3932,2025-07-22,00,03,27,277543,0.110608,BB,0,1,0,
3933,2025-07-22,00,03,27,398320,0.120777,02,750,0,0,Node 02: Network 1
3934,2025-07-22,00,03,27,489180,0.09086,02,1046,0,1,
3935,2025-07-22,00,03,28,946084,1.456904,01,250,0,0,Node 01: Network 2
3936,2025-07-22,00,03,29,045629,0.099545,BB,0,1,0,
3937,2025-07-22,00,03,29,116704,0.071075,01,715,0,1,
3938,2025-07-22,00,03,33,045029,3.928325,BB,0,1,0,
3939,2025-07-22,00,03,33,099084,0.054055,03,375,0,1,
3940,2025-07-22,00,03,33,113609,0.014525,02,373,0,1,
3941,2025-07-22,00,03,33,146191,0.032582,01,705,0,1,
3942,2025-07-22,00,03,33,360591,0.2144,01,250,0,0,Node 01: Network 2
3943,2025-07-22,00,03,34,407440,1.046849,03,1250,0,0,Node 03: Network 1
3944,2025-07-22,00,03,35,955387,1.547947,02,750,0,0,Node 02: Network 1
3945,2025-07-22,00,03,36,409801,0.454414,03,1250,0,0,Node 03: Network 1
3946,2025-07-22,00,03,38,411398,2.001597,03,1250,0,0,Node 03: Network 1
3947,2025-07-22,00,03,39,454775,1.043377,01,250,0,0,Node 01: Network 2
3948,2025-07-22,00,03,39,999169,0.544394,02,750,0,0,Node 02: Network 1
3949,2025-07-22,00,03,40,499640,0.500471,03,1250,0,0,Node 03: Network 1
3950,2025-07-22,00,03,43,043837,2.544197,BB,0,1,0,
3951,2025-07-22,00,03,43,092287,0.04845,03,1248,0,1,
3952,2025-07-22,00,03,43,104799,0.012512,02,795,0,1,
3953,2025-07-22,00,03,43,133242,0.028443,01,685,0,1,
3954,2025-07-22,00,03,43,359937,0.226695,01,250,0,0,Node 01: Network 2
3955,2025-07-22,00,03,44,407562,1.047625,03,1250,0,0,Node 03: Network 1
3956,2025-07-22,00,03,46,409059,2.001497,03,1250,0,0,Node 03: Network 1
3957,2025-07-22,00,03,48,409820,2.000761,03,1250,0,0,Node 03: Network 1
3958,2025-07-22,00,03,49,453831,1.044011,01,250,0,0,Node 01: Network 2
3959,2025-07-22,00,03,49,953915,0.500084,02,751,0,0,Node 02: Network 1
3960,2025-07-22,00,03,50,499317,0.545402,03,1250,0,0,Node 03: Network 1
3961,2025-07-22,00,03,51,458914,0.959597,01,250,0,0,Node 01: Network 2
3962,2025-07-22,00,03,52,042810,0.583896,02,750,0,0,Node 02: Network 1
3963,2025-07-22,00,03,53,418153,1.375343,BB,0,1,0,1270:0:1
3964,2025-07-22,00,03,53,453242,0.035089,02,1160,0,1,
3965,2025-07-22,00,03,53,469097,0.015855,BB,0,1,0,
3966,2025-07-22,00,03,53,511472,0.042375,03,1615,0,1,
3967,2025-07-22,00,03,53,549104,0.037632,02,1211,0,1,
3968,2025-07-22,00,03,53,561603,0.012499,01,202,0,1,
3969,2025-07-22,00,03,53,618127,0.056524,03,1666,0,1,
3970,2025-07-22,00,03,53,640828,0.022701,BB,0,1,0,03:375:0:1
3971,2025-07-22,00,03,53,677015,0.036187,BB,0,1,0,03:1248:0:1
3972,2025-07-22,00,03,53,884743,0.207728,01,739,0,1,1250:0:0:Node 03: Network03:1282:0:0:Node 03: Network 1
3973,2025-07-22,00,03,53,896253,0.01151,01,214,0,1,
3974,2025-07-22,00,03,53,909791,0.013538,02,1383,0,1,
3975,2025-07-22,00,03,53,922454,0.012663,03,214,0,1,
3976,2025-07-22,00,03,53,950907,0.028453,02,1046,0,1,
3977,2025-07-22,00,03,54,008854,0.057947,01,715,0,1,
3978,2025-07-22,00,03,54,072791,0.063937,02,373,0,1,705:0:1
3979,2025-07-22,00,03,54,095513,0.022722,02,795,0,1,685:0:1
3980,2025-07-22,00,03,54,163489,0.067976,02,750,0,0,Node 02: Network 1
3981,2025-07-22,00,03,54,197235,0.033746,01,250,0,0,Node 01: Network 2
3982,2025-07-22,00,03,54,329703,0.132468,01,250,0,0,Node 01: Network 2
3983,2025-07-22,00,03,54,373352,0.043649,03,1250,0,0,Node 03: Network 1
3984,2025-07-22,00,03,54,467416,0.094064,02,750,0,0,0:Node 02: Network 1
3985,2025-07-22,00,03,54,584275,0.116859,03,1250,0,0,Node 03: Network 1
3986,2025-07-22,00,03,54,619198,0.034923,03,1250,0,0,Node 03: Network 1
3987,2025-07-22,00,03,54,709562,0.090364,01,250,0,0,Node 01: Network 2
3988,2025-07-22,00,03,54,754295,0.044733,02,750,0,0,Node 02: Network 1
3989,2025-07-22,00,03,54,787631,0.033336,03,1281,0,0,Node 03: Network 1
3990,2025-07-22,00,03,54,859587,0.071956,03,1250,0,0,Node 03: Network 1
3991,2025-07-22,00,03,54,924592,0.065005,01,250,0,0,Node 01: Network 2
3992,2025-07-22,00,03,54,985219,0.060627,02,750,0,0,Node 02: Network 1
3993,2025-07-22,00,03,55,085584,0.100365,BB,0,1,0,
3994,2025-07-22,00,03,55,129302,0.043718,02,825,0,1,
3995,2025-07-22,00,03,57,040912,1.91161,BB,0,1,0,
3996,2025-07-22,00,03,57,095527,0.054615,02,779,0,1,
3997,2025-07-22,00,03,57,109024,0.013497,03,1736,0,1,
3998,2025-07-22,00,03,57,129554,0.02053,01,1733,0,1,
3999,2025-07-22,00,03,57,358687,0.229133,01,250,0,0,Node 01: Network 2
4000,2025-07-22,00,03,57,902649,0.543962,02,750,0,0,Node 02: Network 1
4001,2025-07-22,00,03,58,360748,0.458099,03,1250,0,0,Node 03: Network 1
4002,2025-07-22,00,03,59,362565,1.001817,01,250,0,0,Node 01: Network 2
4003,2025-07-22,00,03,59,904518,0.541953,02,751,0,0,Node 02: Network 1
4004,2025-07-22,00,04,00,360965,0.456447,03,1250,0,0,Node 03: Network 1
4005,2025-07-22,00,04,01,365528,1.004563,01,250,0,0,Node 01: Network 2
4006,2025-07-22,00,04,03,370037,2.004509,01,250,0,0,Node 01: Network 2
4007,2025-07-22,00,04,07,039972,3.669935,BB,0,1,0,
4008,2025-07-22,00,04,07,096553,0.056581,01,635,0,1,
4009,2025-07-22,00,04,07,135192,0.038639,03,1227,0,1,
4010,2025-07-22,00,04,07,172809,0.037617,02,767,0,1,
4011,2025-07-22,00,04,07,360165,0.187356,01,250,0,0,Node 01: Network 2
4012,2025-07-22,00,04,07,904685,0.54452,02,750,0,0,Node 02: Network 1
4013,2025-07-22,00,04,08,407938,0.503253,03,1250,0,0,Node 03: Network 1
4014,2025-07-22,00,04,09,450670,1.042732,01,250,0,0,Node 01: Network 2
4015,2025-07-22,00,04,09,951647,0.500977,02,750,0,0,Node 02: Network 1
4016,2025-07-22,00,04,10,497388,0.545741,03,1250,0,0,Node 03: Network 1
4017,2025-07-22,00,04,11,428202,0.930814,BB,0,1,0,02:825:0:1
4018,2025-07-22,00,04,11,477329,0.049127,BB,0,1,0,02:779:0:1
4019,2025-07-22,00,04,11,508735,0.031406,01,250,0,0,Node 01: Network 2
4020,2025-07-22,00,04,11,533372,0.024637,03,1736,0,1,1733:0:1
4021,2025-07-22,00,04,11,546883,0.013511,02,1152,0,1,
4022,2025-07-22,00,04,11,560393,0.01351,03,1612,0,1,
4023,2025-07-22,00,04,11,573734,0.013341,01,1015,0,1,
4024,2025-07-22,00,04,11,614190,0.040456,02,1200,0,1,
4025,2025-07-22,00,04,11,787951,0.173761,03,1250,0,0,Node 03: Network 1
4026,2025-07-22,00,04,11,818592,0.030641,01,1063,0,1,
4027,2025-07-22,00,04,11,960274,0.141682,03,1250,0,0,Node 03: Network 1
4028,2025-07-22,00,04,12,056442,0.096168,03,1281,0,0,Node 03: Network 1
4029,2025-07-22,00,04,12,130391,0.073949,02,750,0,0,Node 02: Network 1
4030,2025-07-22,00,04,12,164421,0.03403,03,1281,0,0,Node 03: Network 1
4031,2025-07-22,00,04,12,203428,0.039007,02,750,0,0,Node 02: Network 1
4032,2025-07-22,00,04,12,306824,0.103396,01,250,0,0,Node 01: Network 2
4033,2025-07-22,00,04,12,340052,0.033228,02,750,0,0,Node 02: Network 1
4034,2025-07-22,00,04,12,418037,0.077985,03,1250,0,0,Node 03: Network 1
4035,2025-07-22,00,04,12,450840,0.032803,02,781,0,0,Node 02: Network 1
4036,2025-07-22,00,04,12,575168,0.124328,01,250,0,0,Node 01: Network 2
4037,2025-07-22,00,04,12,687993,0.112825,02,751,0,0,Node 02: Network 1
4038,2025-07-22,00,04,12,733160,0.045167,03,1250,0,0,Node 03: Network 1
4039,2025-07-22,00,04,12,766132,0.032972,01,250,0,0,Node 01: Network 2
4040,2025-07-22,00,04,12,874905,0.108773,02,803,0,0,Node 02: Network 1
4041,2025-07-22,00,04,12,960289,0.085384,01,252,0,0,Node 01: Network 2
4042,2025-07-22,00,04,13,070932,0.110643,BB,0,1,0,
4043,2025-07-22,00,04,13,136476,0.065544,01,650,0,1,
4044,2025-07-22,00,04,17,037818,3.901342,BB,0,1,0,
4045,2025-07-22,00,04,17,079509,0.041691,02,354,0,1,
4046,2025-07-22,00,04,17,092227,0.012718,03,739,0,1,
4047,2025-07-22,00,04,17,104806,0.012579,01,614,0,1,
4048,2025-07-22,00,04,17,354831,0.250025,01,250,0,0,Node 01: Network 2
4049,2025-07-22,00,04,17,898619,0.543788,02,750,0,0,Node 02: Network 1
4050,2025-07-22,00,04,18,402230,0.503611,03,1250,0,0,Node 03: Network 1
4051,2025-07-22,00,04,19,358033,0.955803,01,250,0,0,Node 01: Network 2
4052,2025-07-22,00,04,19,947147,0.589114,02,750,0,0,Node 02: Network 1
4053,2025-07-22,00,04,20,404860,0.457713,03,1250,0,0,Node 03: Network 1
4054,2025-07-22,00,04,21,360902,0.956042,01,250,0,0,Node 01: Network 2
4055,2025-07-22,00,04,21,947629,0.586727,02,750,0,0,Node 02: Network 1
4056,2025-07-22,00,04,22,406494,0.458865,03,1250,0,0,Node 03: Network 1
4057,2025-07-22,00,04,23,364643,0.958149,01,250,0,0,Node 01: Network 2
4058,2025-07-22,00,04,24,406843,1.0422,03,1250,0,0,Node 03: Network 1
4059,2025-07-22,00,04,26,409364,2.002521,03,1250,0,0,Node 03: Network 1
4060,2025-07-22,00,04,28,410602,2.001238,03,1250,0,0,Node 03: Network 1
4061,2025-07-22,00,04,29,455084,1.044482,01,250,0,0,Node 01: Network 2
4062,2025-07-22,00,04,29,955064,0.49998,02,750,0,0,Node 02: Network 1
4063,2025-07-22,00,04,30,017953,0.062889,BB,0,1,0,635:0:1
4064,2025-07-22,00,04,30,062940,0.044987,BB,0,1,0,01:650:0:1
4065,2025-07-22,00,04,30,113941,0.051001,BB,0,1,0,02:354:0:1
4066,2025-07-22,00,04,30,126962,0.013021,02,930,0,1,
4067,2025-07-22,00,04,30,163102,0.03614,01,886,0,1,
4068,2025-07-22,00,04,30,175264,0.012162,02,767,0,1,
4069,2025-07-22,00,04,30,188293,0.013029,03,976,0,1,
4070,2025-07-22,00,04,30,273131,0.084838,03,739,0,1,614:0:1
4071,2025-07-22,00,04,30,319101,0.04597,01,250,0,0,Node 01: Network 2
4072,2025-07-22,00,04,30,487337,0.168236,03,1281,0,0,Node 03: Network 1
4073,2025-07-22,00,04,30,547624,0.060287,02,750,0,0,Node 02: Network 1
4074,2025-07-22,00,04,30,611034,0.06341,02,781,0,0,Node 02: Network 1
4075,2025-07-22,00,04,30,650495,0.039461,02,803,0,0,Node 02: Network 1
4076,2025-07-22,00,04,30,722226,0.071731,03,1312,0,0,Node 03: Network 1
4077,2025-07-22,00,04,30,756909,0.034683,01,252,0,0,Node 01: Network 2
4078,2025-07-22,00,04,30,796134,0.039225,01,250,0,0,Node 01: Network 2
4079,2025-07-22,00,04,30,891187,0.095053,02,750,0,0,Node 02: Network 1
4080,2025-07-22,00,04,30,923249,0.032062,02,756,0,0,Node 02: Network 1
4081,2025-07-22,00,04,30,958490,0.035241,03,1250,0,0,Node 03: Network 1
4082,2025-07-22,00,04,31,010586,0.052096,01,250,0,0,Node 01: Network 2
4083,2025-07-22,00,04,31,071889,0.061303,02,750,0,0,Node 02: Network 1
4084,2025-07-22,00,04,31,138431,0.066542,BB,0,1,0,
4085,2025-07-22,00,04,31,334370,0.195939,03,1250,0,0,Node 03: Network 1
4086,2025-07-22,00,04,32,378305,1.043935,01,250,0,0,Node 01: Network 2
4087,2025-07-22,00,04,32,922334,0.544029,02,750,0,0,Node 02: Network 1
4088,2025-07-22,00,04,33,036948,0.114614,BB,0,1,0,
4089,2025-07-22,00,04,33,110462,0.073514,02,738,0,1,
4090,2025-07-22,00,04,33,130500,0.020038,03,1205,0,1,
4091,2025-07-22,00,04,35,035224,1.904724,BB,0,1,0,
4092,2025-07-22,00,04,35,073572,0.038348,01,888,0,1,
4093,2025-07-22,00,04,35,096189,0.022617,03,1202,0,1,
4094,2025-07-22,00,04,35,108091,0.011902,02,735,0,1,
4095,2025-07-22,00,04,37,035474,1.927383,BB,0,1,0,
4096,2025-07-22,00,04,37,075559,0.040085,02,733,0,1,
4097,2025-07-22,00,04,37,089578,0.014019,03,1201,0,1,
4098,2025-07-22,00,04,37,148458,0.05888,01,572,0,1,
4099,2025-07-22,00,04,37,851616,0.703158,02,750,0,0,Node 02: Network 1
4100,2025-07-22,00,04,38,397263,0.545647,03,1250,0,0,Node 03: Network 1
4101,2025-07-22,00,04,39,398311,1.001048,01,250,0,0,Node 01: Network 2
4102,2025-07-22,00,04,39,852586,0.454275,02,750,0,0,Node 02: Network 1
4103,2025-07-22,00,04,40,444252,0.591666,03,1250,0,0,Node 03: Network 1
4104,2025-07-22,00,04,41,988364,1.544112,02,750,0,0,Node 02: Network 1
4105,2025-07-22,00,04,42,533331,0.544967,03,1250,0,0,Node 03: Network 1
4106,2025-07-22,00,04,44,536390,2.003059,03,1250,0,0,Node 03: Network 1
4107,2025-07-22,00,04,45,034529,0.498139,BB,0,1,0,
4108,2025-07-22,00,04,45,097081,0.062552,02,724,0,1,
4109,2025-07-22,00,04,45,109916,0.012835,01,555,0,1,
4110,2025-07-22,00,04,45,131477,0.021561,03,1194,0,1,
4111,2025-07-22,00,04,47,033482,1.902005,BB,0,1,0,
4112,2025-07-22,00,04,47,089515,0.056033,03,1192,0,1,
4113,2025-07-22,00,04,47,128866,0.039351,01,551,0,1,
4114,2025-07-22,00,04,47,155695,0.026829,02,722,0,1,
4115,2025-07-22,00,04,47,349974,0.194279,01,250,0,0,Node 01: Network 2
4116,2025-07-22,00,04,47,851575,0.501601,02,750,0,0,Node 02: Network 1
4117,2025-07-22,00,04,48,395992,0.544417,03,1250,0,0,Node 03: Network 1
4118,2025-07-22,00,04,49,941159,1.545167,BB,0,1,0,
4119,2025-07-22,00,04,50,000129,0.05897,BB,0,1,0,
4120,2025-07-22,00,04,50,055868,0.055739,BB,0,1,0,888:0:1
4121,2025-07-22,00,04,50,093694,0.037826,02,182,0,1,
4122,2025-07-22,00,04,50,163249,0.069555,BB,0,1,0,733:0:1
4123,2025-07-22,00,04,50,175757,0.012508,03,983,0,1,
4124,2025-07-22,00,04,50,189234,0.013477,01,1512,0,1,
4125,2025-07-22,00,04,50,241519,0.052285,02,738,0,1,1205:0:1
4126,2025-07-22,00,04,50,324144,0.082625,03,1202,0,1,735:0:1
4127,2025-07-22,00,04,50,347642,0.023498,03,1201,0,1,572:0:1
4128,2025-07-22,00,04,50,361159,0.013517,02,1855,0,1,
4129,2025-07-22,00,04,50,471199,0.11004,03,1250,0,0,Node 03: Network 1
4130,2025-07-22,00,04,50,534125,0.062926,01,250,0,0,Node 01: Network 2
4131,2025-07-22,00,04,50,591918,0.057793,01,155,0,1,
4132,2025-07-22,00,04,50,705833,0.113915,03,1312,0,0,Node 03: Network 1
4133,2025-07-22,00,04,50,739439,0.033606,02,756,0,0,Node 02: Network 1
4134,2025-07-22,00,04,50,773288,0.033849,03,1250,0,0,Node 03: Network 1
4135,2025-07-22,00,04,50,813844,0.040556,01,250,0,0,Node 01: Network 2
4136,2025-07-22,00,04,50,866039,0.052195,02,750,0,0,Node 02: Network 1
4137,2025-07-22,00,04,50,937150,0.071111,02,750,0,0,Node 02: Network 1
4138,2025-07-22,00,04,50,995140,0.05799,03,1250,0,0,Node 03: Network 1
4139,2025-07-22,00,04,51,096010,0.10087,02,750,0,0,Node 02: Network 1
4140,2025-07-22,00,04,51,106095,0.010085,BB,0,1,0,
4141,2025-07-22,00,04,55,031876,3.925781,BB,0,1,0,
4142,2025-07-22,00,04,55,082871,0.050995,02,1665,0,1,
4143,2025-07-22,00,04,55,102162,0.019291,01,1803,0,1,
4144,2025-07-22,00,04,55,114685,0.012523,03,761,0,1,
4145,2025-07-22,00,04,55,348235,0.23355,01,250,0,0,Node 01: Network 2
4146,2025-07-22,00,04,55,850214,0.501979,02,750,0,0,Node 02: Network 1
4147,2025-07-22,00,04,56,351682,0.501468,03,1250,0,0,Node 03: Network 1
4148,2025-07-22,00,04,57,397130,1.045448,01,250,0,0,Node 01: Network 2
4149,2025-07-22,00,04,57,852226,0.455096,02,750,0,0,Node 02: Network 1
4150,2025-07-22,00,04,58,354032,0.501806,03,1250,0,0,Node 03: Network 1
4151,2025-07-22,00,04,59,898495,1.544463,02,750,0,0,Node 02: Network 1
4152,2025-07-22,00,05,00,354838,0.456343,03,1250,0,0,Node 03: Network 1
4153,2025-07-22,00,05,01,398957,1.044119,01,250,0,0,Node 01: Network 2
4154,2025-07-22,00,05,01,900275,0.501318,02,750,0,0,Node 02: Network 1
4155,2025-07-22,00,05,02,444648,0.544373,03,1250,0,0,Node 03: Network 1
4156,2025-07-22,00,05,03,402753,0.958105,01,250,0,0,Node 01: Network 2
4157,2025-07-22,00,05,03,989273,0.58652,02,750,0,0,Node 02: Network 1
4158,2025-07-22,00,05,04,445433,0.45616,03,1250,0,0,Node 03: Network 1
4159,2025-07-22,00,05,05,407950,0.962517,01,250,0,0,Node 01: Network 2
4160,2025-07-22,00,05,05,990827,0.582877,02,750,0,0,Node 02: Network 1
4161,2025-07-22,00,05,07,537647,1.54682,01,250,0,0,Node 01: Network 2
4162,2025-07-22,00,05,08,583926,1.046279,03,1250,0,0,Node 03: Network 1
4163,2025-07-22,00,05,09,030550,0.446624,BB,0,1,0,
4164,2025-07-22,00,05,09,094406,0.063856,02,696,0,1,
4165,2025-07-22,00,05,09,106775,0.012369,01,505,0,1,
4166,2025-07-22,00,05,09,120282,0.013507,03,1173,0,1,
4167,2025-07-22,00,05,11,030180,1.909898,BB,0,1,0,
4168,2025-07-22,00,05,11,089510,0.05933,02,694,0,1,
4169,2025-07-22,00,05,11,102136,0.012626,01,500,0,1,
4170,2025-07-22,00,05,11,115704,0.013568,03,1171,0,1,
4171,2025-07-22,00,05,11,354423,0.238719,01,250,0,0,Node 01: Network 2
4172,2025-07-22,00,05,11,437396,0.082973,BB,0,1,0,
4173,2025-07-22,00,05,11,500691,0.063295,BB,0,1,0,01:1803:0:1
4174,2025-07-22,00,05,11,527275,0.026584,01,155,0,1,
4175,2025-07-22,00,05,11,539609,0.012334,01,472,0,1,
4176,2025-07-22,00,05,11,605112,0.065503,02,478,0,1,
4177,2025-07-22,00,05,11,618223,0.013111,03,424,0,1,
4178,2025-07-22,00,05,11,644275,0.026052,02,1665,0,1,03:761:0:1
4179,2025-07-22,00,05,11,718758,0.074483,03,1250,0,0,Node 03: Network 1
4180,2025-07-22,00,05,11,941579,0.222821,02,750,0,0,Node 02: Network 1
4181,2025-07-22,00,05,12,023745,0.082166,01,250,0,0,Node 01: Network 2
4182,2025-07-22,00,05,12,090107,0.066362,02,781,0,0,Node 02: Network 1
4183,2025-07-22,00,05,12,123738,0.033631,02,750,0,0,Node 02: Network 1
4184,2025-07-22,00,05,12,188670,0.064932,03,1250,0,0,Node 03: Network 1
4185,2025-07-22,00,05,12,283318,0.094648,01,250,0,0,Node 01: Network 2
4186,2025-07-22,00,05,12,316592,0.033274,02,750,0,0,Node 02: Network 1
4187,2025-07-22,00,05,12,351353,0.034761,03,1250,0,0,Node 03: Network 1
4188,2025-07-22,00,05,12,384281,0.032928,02,750,0,0,Node 02: Network 1
4189,2025-07-22,00,05,12,430005,0.045724,03,1250,0,0,Node 03: Network 1
4190,2025-07-22,00,05,12,519524,0.089519,01,250,0,0,Node 01: Network 2
4191,2025-07-22,00,05,12,597596,0.078072,02,750,0,0,Node 02: Network 1
4192,2025-07-22,00,05,12,776572,0.178976,01,250,0,0,Node 01: Network 2
4193,2025-07-22,00,05,12,854667,0.078095,03,1250,0,0,Node 03: Network 1
4194,2025-07-22,00,05,13,029542,0.174875,BB,0,1,0,
4195,2025-07-22,00,05,13,108317,0.078775,01,496,0,1,
4196,2025-07-22,00,05,13,345400,0.237083,01,250,0,0,Node 01: Network 2
4197,2025-07-22,00,05,17,029510,3.68411,BB,0,1,0,
4198,2025-07-22,00,05,17,093898,0.064388,01,489,0,1,
4199,2025-07-22,00,05,17,107405,0.013507,02,687,0,1,
4200,2025-07-22,00,05,17,120487,0.013082,03,1166,0,1,
4201,2025-07-22,00,05,17,345833,0.225346,01,250,0,0,Node 01: Network 2
4202,2025-07-22,00,05,21,028649,3.682816,BB,0,1,0,
4203,2025-07-22,00,05,21,065255,0.036606,01,479,0,1,
4204,2025-07-22,00,05,21,091342,0.026087,03,1162,0,1,
4205,2025-07-22,00,05,21,119490,0.028148,02,682,0,1,
4206,2025-07-22,00,05,22,352512,1.233022,03,1250,0,0,Node 03: Network 1
4207,2025-07-22,00,05,25,027430,2.674918,BB,0,1,0,
4208,2025-07-22,00,05,25,080003,0.052573,02,677,0,1,
4209,2025-07-22,00,05,25,093664,0.013661,03,1159,0,1,
4210,2025-07-22,00,05,25,119697,0.026033,01,472,0,1,
4211,2025-07-22,00,05,26,345451,1.225754,03,1250,0,0,Node 03: Network 1
4212,2025-07-22,00,05,28,346684,2.001233,03,1250,0,0,Node 03: Network 1
4213,2025-07-22,00,05,29,391449,1.044765,01,250,0,0,Node 01: Network 2
4214,2025-07-22,00,05,29,891450,0.500001,02,750,0,0,Node 02: Network 1
4215,2025-07-22,00,05,30,350139,0.458689,03,1250,0,0,Node 03: Network 1
4216,2025-07-22,00,05,31,438256,1.088117,01,250,0,0,Node 01: Network 2
4217,2025-07-22,00,05,31,984253,0.545997,02,750,0,0,Node 02: Network 1
4218,2025-07-22,00,05,32,484838,0.500585,03,1250,0,0,Node 03: Network 1
4219,2025-07-22,00,05,33,441268,0.95643,01,250,0,0,Node 01: Network 2
4220,2025-07-22,00,05,33,986074,0.544806,02,750,0,0,Node 02: Network 1
4221,2025-07-22,00,05,34,486300,0.500226,03,1250,0,0,Node 03: Network 1
4222,2025-07-22,00,05,35,532249,1.045949,01,250,0,0,Node 01: Network 2
4223,2025-07-22,00,05,35,987419,0.45517,02,750,0,0,Node 02: Network 1
4224,2025-07-22,00,05,36,487358,0.499939,03,1250,0,0,Node 03: Network 1
4225,2025-07-22,00,05,37,026409,0.539051,BB,0,1,0,
4226,2025-07-22,00,05,37,080180,0.053771,03,1149,0,1,
4227,2025-07-22,00,05,38,384235,1.304055,BB,0,1,0,
4228,2025-07-22,00,05,38,433403,0.049168,01,1171,0,1,
4229,2025-07-22,00,05,38,463031,0.029628,02,1175,0,1,
4230,2025-07-22,00,05,38,475636,0.012605,03,505,0,1,
4231,2025-07-22,00,05,38,506675,0.031039,BB,0,1,0,01:489:0:1
4232,2025-07-22,00,05,38,615900,0.109225,BB,0,1,0,479:0:1
4233,2025-07-22,00,05,38,630086,0.014186,02,154,0,1,
4234,2025-07-22,00,05,38,688176,0.05809,01,214,0,1,
4235,2025-07-22,00,05,38,711320,0.023144,BB,0,1,0,02:677:0:1
4236,2025-07-22,00,05,38,741911,0.030591,01,496,0,1,
4237,2025-07-22,00,05,38,786064,0.044153,03,630,0,1,
4238,2025-07-22,00,05,38,801257,0.015193,01,123,0,1,
4239,2025-07-22,00,05,38,861842,0.060585,02,687,0,1,1166:0:1
4240,2025-07-22,00,05,38,922470,0.060628,03,1162,0,1,682:0:1
4241,2025-07-22,00,05,38,957032,0.034562,03,1159,0,1,472:0:1
4242,2025-07-22,00,05,39,016130,0.059098,02,750,0,0,Node 02: Network 1
4243,2025-07-22,00,05,39,028207,0.012077,02,278,0,1,
4244,2025-07-22,00,05,39,093412,0.065205,03,1250,0,0,Node 03: Network 1
4245,2025-07-22,00,05,39,128024,0.034612,01,271,0,0,Node 01: Network 2
4246,2025-07-22,00,05,39,165268,0.037244,03,283,0,1,
4247,2025-07-22,00,05,39,199006,0.033738,02,781,0,0,Node 02: Network 1
4248,2025-07-22,00,05,39,279500,0.080494,02,750,0,0,Node 02: Network 1
4249,2025-07-22,00,05,39,493030,0.21353,01,250,0,0,Node 01: Network 2
4250,2025-07-22,00,05,39,573754,0.080724,03,1250,0,0,Node 03: Network 1
4251,2025-07-22,00,05,39,704171,0.130417,01,250,0,0,Node 01: Network 2
4252,2025-07-22,00,05,39,736290,0.032119,02,781,0,0,Node 02: Network 1
4253,2025-07-22,00,05,39,769374,0.033084,01,250,0,0,Node 01: Network 2
4254,2025-07-22,00,05,39,825792,0.056418,03,1250,0,0,Node 03: Network 1
4255,2025-07-22,00,05,39,928557,0.102765,03,1250,0,0,Node 03: Network 1
4256,2025-07-22,00,05,39,963246,0.034689,03,1250,0,0,Node 03: Network 1
4257,2025-07-22,00,05,40,229497,0.266251,03,1250,0,0,Node 03: Network 1
4258,2025-07-22,00,05,40,714439,0.484942,01,250,0,0,Node 01: Network 2
4259,2025-07-22,00,05,41,024368,0.309929,BB,0,1,0,
4260,2025-07-22,00,05,41,104319,0.079951,03,1144,0,1,
4261,2025-07-22,00,05,42,344601,1.240282,03,1250,0,0,Node 03: Network 1
4262,2025-07-22,00,05,43,387936,1.043335,01,250,0,0,Node 01: Network 2
4263,2025-07-22,00,05,44,345805,0.957869,03,1250,0,0,Node 03: Network 1
4264,2025-07-22,00,05,45,392322,1.046517,01,250,0,0,Node 01: Network 2
4265,2025-07-22,00,05,45,936166,0.543844,02,750,0,0,Node 02: Network 1
4266,2025-07-22,00,05,46,439502,0.503336,03,1250,0,0,Node 03: Network 1
4267,2025-07-22,00,05,47,482965,1.043463,01,251,0,0,Node 01: Network 2
4268,2025-07-22,00,05,47,938036,0.455071,02,750,0,0,Node 02: Network 1
4269,2025-07-22,00,05,48,529155,0.591119,03,1250,0,0,Node 03: Network 1
4270,2025-07-22,00,05,49,024029,0.494874,BB,0,1,0,
4271,2025-07-22,00,05,49,061092,0.037063,02,649,0,1,
4272,2025-07-22,00,05,49,074111,0.013019,01,421,0,1,
4273,2025-07-22,00,05,53,023657,3.949546,BB,0,1,0,
4274,2025-07-22,00,05,53,085105,0.061448,01,413,0,1,
4275,2025-07-22,00,05,53,099124,0.014019,03,1816,0,1,
4276,2025-07-22,00,05,53,111641,0.012517,02,645,0,1,
4277,2025-07-22,00,05,53,339303,0.227662,01,250,0,0,Node 01: Network 2
4278,2025-07-22,00,05,53,879684,0.540381,02,750,0,0,Node 02: Network 1
4279,2025-07-22,00,05,54,343322,0.463638,03,1250,0,0,Node 03: Network 1
4280,2025-07-22,00,05,55,842293,1.498971,02,750,0,0,Node 02: Network 1
4281,2025-07-22,00,05,55,974101,0.131808,BB,0,1,0,
4282,2025-07-22,00,05,56,015804,0.041703,03,283,0,1,
4283,2025-07-22,00,05,56,064787,0.048983,03,1144,0,1,
4284,2025-07-22,00,05,56,131784,0.066997,01,250,0,0,Node 01: Network 2
4285,2025-07-22,00,05,56,144692,0.012908,01,1358,0,1,
4286,2025-07-22,00,05,56,293754,0.149062,02,750,0,0,Node 02: Network 1
4287,2025-07-22,00,05,56,404795,0.111041,001,271,0,0,Node 01: Network 2
4288,2025-07-22,00,05,56,449740,0.044945,01,281,0,0,Node 01: Network 2
4289,2025-07-22,00,05,56,498248,0.048508,02,781,0,0,Node 02: Network 1
4290,2025-07-22,00,05,56,569294,0.071046,03,1250,0,0,Node 03: Network 1
4291,2025-07-22,00,05,56,608069,0.038775,01,250,0,0,Node 01: Network 2
4292,2025-07-22,00,05,56,686803,0.078734,02,757,0,0,Node 02: Network 1
4293,2025-07-22,00,05,56,721419,0.034616,03,1250,0,0,Node 03: Network 1
4294,2025-07-22,00,05,56,755161,0.033742,01,250,0,0,Node 01: Network 2
4295,2025-07-22,00,05,56,789105,0.033944,03,1250,0,0,Node 03: Network 1
4296,2025-07-22,00,05,56,880165,0.09106,01,250,0,0,Node 01: Network 2
4297,2025-07-22,00,05,56,931891,0.051726,02,750,0,0,Node 02: Network 1
4298,2025-07-22,00,05,57,201719,0.269828,03,1250,0,0,Node 03: Network 1
4299,2025-07-22,00,05,57,212262,0.010543,BB,0,1,0,
4300,2025-07-22,00,05,57,267162,0.0549,03,1305,0,1,
4301,2025-07-22,00,05,59,022112,1.75495,BB,0,1,0,
4302,2025-07-22,00,05,59,070458,0.048346,03,1129,0,1,
4303,2025-07-22,00,05,59,088527,0.018069,01,1503,0,1,
4304,2025-07-22,00,05,59,127144,0.038617,02,1168,0,1,
4305,2025-07-22,00,05,59,338543,0.211399,01,250,0,0,Node 01: Network 2
4306,2025-07-22,00,05,59,838219,0.499676,02,750,0,0,Node 02: Network 1
4307,2025-07-22,00,06,00,340884,0.502665,03,1250,0,0,Node 03: Network 1
4308,2025-07-22,00,06,01,385838,1.044954,01,250,0,0,Node 01: Network 2
4309,2025-07-22,00,06,05,021945,3.636107,BB,0,1,0,
4310,2025-07-22,00,06,05,060563,0.038618,03,1123,0,1,
4311,2025-07-22,00,06,05,093846,0.033283,02,631,0,1,
4312,2025-07-22,00,06,05,112026,0.01818,01,387,0,1,
4313,2025-07-22,00,06,05,839037,0.727011,02,750,0,0,Node 02: Network 1
4314,2025-07-22,00,06,06,385911,0.546874,03,1250,0,0,Node 03: Network 1
4315,2025-07-22,00,06,07,384350,0.998439,01,250,0,0,Node 01: Network 2
4316,2025-07-22,00,06,07,929120,0.54477,02,750,0,0,Node 02: Network 1
4317,2025-07-22,00,06,08,475855,0.546735,03,1250,0,0,Node 03: Network 1
4318,2025-07-22,00,06,10,477092,2.001237,03,1250,0,0,Node 03: Network 1
4319,2025-07-22,00,06,12,478735,2.001643,03,1250,0,0,Node 03: Network 1
4320,2025-07-22,00,06,13,522698,1.043963,01,250,0,0,Node 01: Network 2
4321,2025-07-22,00,06,14,022628,0.49993,02,750,0,0,Node 02: Network 1
4322,2025-07-22,00,06,14,570371,0.547743,03,1250,0,0,Node 03: Network 1
4323,2025-07-22,00,06,15,019289,0.448918,BB,0,1,0,
4324,2025-07-22,00,06,15,088619,0.06933,03,1114,0,1,
4325,2025-07-22,00,06,15,101639,0.01302,01,366,0,1,
4326,2025-07-22,00,06,16,339099,1.23746,03,1251,0,0,Node 03: Network 1
4327,2025-07-22,00,06,17,383576,1.044477,01,250,0,0,Node 01: Network 2
4328,2025-07-22,00,06,17,459272,0.075696,BB,0,1,0,03:1305:0:1
4329,2025-07-22,00,06,17,514080,0.054808,03,1552,0,1,
4330,2025-07-22,00,06,17,582520,0.06844,BB,0,1,0,03:1129:0:1
4331,2025-07-22,00,06,17,648666,0.066146,BB,0,1,0,1123:0:1
4332,2025-07-22,00,06,17,676860,0.028194,02,524,0,1,
4333,2025-07-22,00,06,17,749832,0.072972,03,210,0,1,
4334,2025-07-22,00,06,17,762134,0.012302,01,990,0,1,
4335,2025-07-22,00,06,17,817667,0.055533,01,1503,0,1,1168:0:1
4336,2025-07-22,00,06,17,831027,0.01336,02,1244,0,1,
4337,2025-07-22,00,06,17,870935,0.039908,02,631,0,1,387:0:1
4338,2025-07-22,00,06,17,928658,0.057723,03,1250,0,0,Node 03: Network 1
4339,2025-07-22,00,06,18,002679,0.074021,01,251,0,0,Node 01: Network 2
4340,2025-07-22,00,06,18,014884,0.012205,01,521,0,1,
4341,2025-07-22,00,06,18,138787,0.123903,01,250,0,0,Node 01: Network 2
4342,2025-07-22,00,06,18,235097,0.09631,02,757,0,0,Node 02: Network 1
4343,2025-07-22,00,06,18,278797,0.0437,03,1250,0,0,Node 03: Network 1
4344,2025-07-22,00,06,18,420994,0.142197,01,250,0,0,Node 01: Network 2
4345,2025-07-22,00,06,18,510275,0.089281,02,750,0,0,Node 02: Network 1
4346,2025-07-22,00,06,18,545456,0.035181,03,1250,0,0,Node 03: Network 1
4347,2025-07-22,00,06,18,599972,0.054516,01,250,0,0,Node 01: Network 2
4348,2025-07-22,00,06,18,663140,0.063168,02,750,0,0,Node 02: Network 1
4349,2025-07-22,00,06,18,741688,0.078548,03,1250,0,0,Node 03: Network 1
4350,2025-07-22,00,06,18,808265,0.066577,01,250,0,0,Node 01: Network 2
4351,2025-07-22,00,06,19,018879,0.210614,BB,0,1,0,
4352,2025-07-22,00,06,19,114825,0.095946,03,1250,0,0,Node 03: Network 1
4353,2025-07-22,00,06,19,127983,0.013158,03,1111,0,1,
4354,2025-07-22,00,06,21,019404,1.891421,BB,0,1,0,
4355,2025-07-22,00,06,21,075723,0.056319,02,612,0,1,
4356,2025-07-22,00,06,21,100756,0.025033,01,355,0,1,
4357,2025-07-22,00,06,21,114264,0.013508,03,1110,0,1,
4358,2025-07-22,00,06,21,337158,0.222894,01,250,0,0,Node 01: Network 2
4359,2025-07-22,00,06,23,340070,2.002912,01,250,0,0,Node 01: Network 2
4360,2025-07-22,00,06,23,884733,0.544663,02,750,0,0,Node 02: Network 1
4361,2025-07-22,00,06,24,430553,0.54582,03,1250,0,0,Node 03: Network 1
4362,2025-07-22,00,06,26,431372,2.000819,03,1250,0,0,Node 03: Network 1
4363,2025-07-22,00,06,27,475656,1.044284,01,250,0,0,Node 01: Network 2
4364,2025-07-22,00,06,28,432605,0.956949,03,1250,0,0,Node 03: Network 1
4365,2025-07-22,00,06,29,477367,1.044762,01,250,0,0,Node 01: Network 2
4366,2025-07-22,00,06,30,433846,0.956479,03,1250,0,0,Node 03: Network 1
4367,2025-07-22,00,06,31,480365,1.046519,01,250,0,0,Node 01: Network 2
4368,2025-07-22,00,06,32,525966,1.045601,03,1250,0,0,Node 03: Network 1
4369,2025-07-22,00,06,33,016999,0.491033,BB,0,1,0,
4370,2025-07-22,00,06,33,071566,0.054567,02,597,0,1,
4371,2025-07-22,00,06,35,016694,1.945128,BB,0,1,0,
4372,2025-07-22,00,06,35,072634,0.05594,02,595,0,1,
4373,2025-07-22,00,06,35,125472,0.052838,03,1813,0,1,
4374,2025-07-22,00,06,35,140692,0.01522,01,1852,0,1,
4375,2025-07-22,00,06,35,333776,0.193084,01,250,0,0,Node 01: Network 2
4376,2025-07-22,00,06,35,878189,0.544413,02,750,0,0,Node 02: Network 1
4377,2025-07-22,00,06,36,423844,0.545655,03,1250,0,0,Node 03: Network 1
4378,2025-07-22,00,06,37,336787,0.912943,01,250,0,0,Node 01: Network 2
4379,2025-07-22,00,06,38,382909,1.046122,03,1250,0,0,Node 03: Network 1
4380,2025-07-22,00,06,38,470798,0.087889,BB,0,1,0,
4381,2025-07-22,00,06,38,520201,0.049403,02,46,0,1,
4382,2025-07-22,00,06,38,532842,0.012641,03,549,0,1,
4383,2025-07-22,00,06,38,556156,0.023314,BB,0,1,0,02:612:0:1
4384,2025-07-22,00,06,38,629122,0.072966,03,1111,0,1,
4385,2025-07-22,00,06,38,685647,0.056525,03,641,0,1,
4386,2025-07-22,00,06,38,698190,0.012543,02,131,0,1,
4387,2025-07-22,00,06,38,745891,0.047701,01,355,0,1,1110:0:1
4388,2025-07-22,00,06,38,827173,0.081282,02,750,0,0,Node 02: Network 1
4389,2025-07-22,00,06,38,840681,0.013508,01,1460,0,1,
4390,2025-07-22,00,06,38,918607,0.077926,03,1250,0,0,Node 03: Network 1
4391,2025-07-22,00,06,39,058525,0.139918,01,250,0,0,Node 01: Network 2
4392,2025-07-22,00,06,39,138737,0.080212,03,1250,0,0,Node 03: Network 1
4393,2025-07-22,00,06,39,148466,0.009729,BB,0,1,0,
4394,2025-07-22,00,06,39,202435,0.053969,01,250,0,0,Node 01: Network 2
4395,2025-07-22,00,06,39,216290,0.013855,03,1186,0,1,
4396,2025-07-22,00,06,39,304091,0.087801,03,1271,0,0,Node 03: Network 1
4397,2025-07-22,00,06,39,349826,0.045735,01,250,0,0,Node 01: Network 2
4398,2025-07-22,00,06,39,403717,0.053891,02,750,0,0,Node 02: Network 1
4399,2025-07-22,00,06,39,465436,0.061719,03,1250,0,0,Node 03: Network 1
4400,2025-07-22,00,06,39,514106,0.04867,03,1250,0,0,Node 03: Network 1
4401,2025-07-22,00,06,39,588483,0.074377,01,250,0,0,Node 01: Network 2
4402,2025-07-22,00,06,39,623344,0.034861,03,1250,0,0,Node 03: Network 1
4403,2025-07-22,00,06,39,896724,0.27338,02,751,0,0,Node 02: Network 1
4404,2025-07-22,00,06,40,187645,0.290921,01,250,0,0,Node 01: Network 2
4405,2025-07-22,00,06,40,301237,0.113592,03,1250,0,0,Node 03: Network 1
4406,2025-07-22,00,06,41,346371,1.045134,01,250,0,0,Node 01: Network 2
4407,2025-07-22,00,06,42,302827,0.956456,03,1250,0,0,Node 03: Network 1
4408,2025-07-22,00,06,43,348251,1.045424,01,250,0,0,Node 01: Network 2
4409,2025-07-22,00,06,44,304855,0.956604,03,1251,0,0,Node 03: Network 1
4410,2025-07-22,00,06,45,351467,1.046612,01,250,0,0,Node 01: Network 2
4411,2025-07-22,00,06,45,848827,0.49736,02,750,0,0,Node 02: Network 1
4412,2025-07-22,00,06,46,306544,0.457717,03,1250,0,0,Node 03: Network 1
4413,2025-07-22,00,06,47,350637,1.044093,01,250,0,0,Node 01: Network 2
4414,2025-07-22,00,06,47,851184,0.500547,02,750,0,0,Node 02: Network 1
4415,2025-07-22,00,06,48,307086,0.455902,03,1250,0,0,Node 03: Network 1
4416,2025-07-22,00,06,49,355577,1.048491,01,250,0,0,Node 01: Network 2
4417,2025-07-22,00,06,49,852701,0.497124,02,750,0,0,Node 02: Network 1
4418,2025-07-22,00,06,50,309613,0.456912,03,1250,0,0,Node 03: Network 1
4419,2025-07-22,00,06,51,400474,1.090861,01,250,0,0,Node 01: Network 2
4420,2025-07-22,00,06,51,854674,0.4542,02,750,0,0,Node 02: Network 1
4421,2025-07-22,00,06,53,857326,2.002652,02,750,0,0,Node 02: Network 1
4422,2025-07-22,00,06,55,388630,1.531304,BB,0,1,0,
4423,2025-07-22,00,06,55,453412,0.064782,03,1186,0,1,
4424,2025-07-22,00,06,55,466411,0.012999,01,658,0,1,
4425,2025-07-22,00,06,55,479395,0.012984,03,1454,0,1,
4426,2025-07-22,00,06,55,492694,0.013299,02,947,0,1,
4427,2025-07-22,00,06,55,527387,0.034693,01,250,0,0,Node 01: Network 2
4428,2025-07-22,00,06,55,737558,0.210171,01,250,0,0,Node 01: Network 2
4429,2025-07-22,00,06,55,806574,0.069016,03,1250,0,0,Node 03: Network 1
4430,2025-07-22,00,06,55,840798,0.034224,03,1271,0,0,Node 03: Network 1
4431,2025-07-22,00,06,55,904925,0.064127,02,751,0,0,Node 02: Network 1
4432,2025-07-22,00,06,55,941736,0.036811,01,250,0,0,Node 01: Network 2
4433,2025-07-22,00,06,55,999888,0.058152,03,1250,0,0,Node 03: Network 1
4434,2025-07-22,00,06,56,124706,0.124818,01,250,0,0,Node 01: Network 2
4435,2025-07-22,00,06,56,226811,0.102105,02,750,0,0,Node 02: Network 1
4436,2025-07-22,00,06,56,261439,0.034628,03,1250,0,0,Node 03: Network 1
4437,2025-07-22,00,06,56,299201,0.037762,01,250,0,0,Node 01: Network 2
4438,2025-07-22,00,06,56,383172,0.083971,03,1251,0,0,Node 03: Network 1
4439,2025-07-22,00,06,56,460438,0.077266,01,250,0,0,Node 01: Network 2
4440,2025-07-22,00,06,56,707078,0.24664,03,1250,0,0,Node 03: Network 1
4441,2025-07-22,00,06,57,012958,0.30588,BB,0,1,0,
4442,2025-07-22,00,06,57,061931,0.048973,03,1078,0,1,
4443,2025-07-22,00,06,58,331814,1.269883,03,1250,0,0,Node 03: Network 1
4444,2025-07-22,00,07,01,012210,2.680396,BB,0,1,0,
4445,2025-07-22,00,07,01,069328,0.057118,03,1074,0,1,
4446,2025-07-22,00,07,01,084975,0.015647,02,565,0,1,
4447,2025-07-22,00,07,01,097998,0.013023,01,270,0,1,
4448,2025-07-22,00,07,01,827780,0.729782,02,750,0,0,Node 02: Network 1
4449,2025-07-22,00,07,02,330871,0.503091,03,1250,0,0,Node 03: Network 1
4450,2025-07-22,00,07,05,011794,2.680923,BB,0,1,0,
4451,2025-07-22,00,07,05,056508,0.044714,02,560,0,1,
4452,2025-07-22,00,07,05,070123,0.013615,01,262,0,1,
4453,2025-07-22,00,07,05,083143,0.01302,03,1070,0,1,
4454,2025-07-22,00,07,05,328911,0.245768,01,250,0,0,Node 01: Network 2
4455,2025-07-22,00,07,06,330391,1.00148,03,1250,0,0,Node 03: Network 1
4456,2025-07-22,00,07,08,331288,2.000897,03,1250,0,0,Node 03: Network 1
4457,2025-07-22,00,07,10,333375,2.002087,03,1250,0,0,Node 03: Network 1
4458,2025-07-22,00,07,13,010822,2.677447,BB,0,1,0,
4459,2025-07-22,00,07,13,061430,0.050608,01,246,0,1,
4460,2025-07-22,00,07,13,092944,0.031514,02,552,0,1,
4461,2025-07-22,00,07,13,110753,0.017809,03,1064,0,1,
4462,2025-07-22,00,07,13,327525,0.216772,01,250,0,0,Node 01: Network 2
4463,2025-07-22,00,07,13,827878,0.500353,02,750,0,0,Node 02: Network 1
4464,2025-07-22,00,07,14,373652,0.545774,03,1250,0,0,Node 03: Network 1
4465,2025-07-22,00,07,15,374248,1.000596,01,250,0,0,Node 01: Network 2
4466,2025-07-22,00,07,15,829464,0.455216,02,750,0,0,Node 02: Network 1
4467,2025-07-22,00,07,16,375308,0.545844,03,1250,0,0,Node 03: Network 1
4468,2025-07-22,00,07,17,376004,1.000696,01,250,0,0,Node 01: Network 2
4469,2025-07-22,00,07,17,919907,0.543903,02,750,0,0,Node 02: Network 1
4470,2025-07-22,00,07,18,376899,0.456992,03,1251,0,0,Node 03: Network 1
4471,2025-07-22,00,07,19,379910,1.003011,01,250,0,0,Node 01: Network 2
4472,2025-07-22,00,07,19,921240,0.54133,02,750,0,0,Node 02: Network 1
4473,2025-07-22,00,07,20,398877,0.477637,BB,0,1,0,03:1078:0:1
4474,2025-07-22,00,07,20,432662,0.033785,BB,0,1,0,03:1074:0:1
4475,2025-07-22,00,07,20,470321,0.037659,BB,0,1,0,02:560:0:1
4476,2025-07-22,00,07,20,496849,0.026528,01,1289,0,1,
4477,2025-07-22,00,07,20,535124,0.038275,02,565,0,1,270:0:1
4478,2025-07-22,00,07,20,547969,0.012845,02,1933,0,1,
4479,2025-07-22,00,07,20,601252,0.053283,01,1690,0,1,
4480,2025-07-22,00,07,20,628323,0.027071,01,262,0,1,1070:0:1
4481,2025-07-22,00,07,20,641841,0.013518,03,1290,0,1,
4482,2025-07-22,00,07,20,677876,0.036035,02,54,0,1,
4483,2025-07-22,00,07,20,739831,0.061955,02,750,0,0,Node 02: Network 1
4484,2025-07-22,00,07,20,758849,0.019018,03,518,0,1,
4485,2025-07-22,00,07,20,832874,0.074025,03,1250,0,0,Node 03: Network 1
4486,2025-07-22,00,07,20,971238,0.138364,02,750,0,0,Node 02: Network 1
4487,2025-07-22,00,07,21,089177,0.117939,03,1250,0,0,Node 03: Network 1
4488,2025-07-22,00,07,21,100370,0.011193,BB,0,1,0,
4489,2025-07-22,00,07,21,134433,0.034063,03,1250,0,0,Node 03: Network 1
4490,2025-07-22,00,07,21,289721,0.155288,02,750,0,0,Node 02: Network 1
4491,2025-07-22,00,07,21,323857,0.034136,03,1250,0,0,Node 03: Network 1
4492,2025-07-22,00,07,21,365749,0.041892,01,250,0,0,Node 01: Network 2
4493,2025-07-22,00,07,21,444557,0.078808,02,780,0,0,Node 02: Network 1
4494,2025-07-22,00,07,21,457164,0.012607,01,336,0,1,
4495,2025-07-22,00,07,21,491999,0.034835,03,1250,0,0,Node 03: Network 1
4496,2025-07-22,00,07,21,549501,0.057502,03,1250,0,0,Node 03: Network 1
4497,2025-07-22,00,07,21,589312,0.039811,03,1250,0,0,Node 03: Network 1
4498,2025-07-22,00,07,21,687953,0.098641,01,250,0,0,Node 01: Network 2
4499,2025-07-22,00,07,21,929341,0.241388,01,280,0,0,Node 01: Network 2
4500,2025-07-22,00,07,21,962566,0.033225,03,1250,0,0,Node 03: Network 1
4501,2025-07-22,00,07,23,009208,1.046642,BB,0,1,0,
4502,2025-07-22,00,07,23,101137,0.091929,02,750,0,0,Node 02: Network 1
4503,2025-07-22,00,07,23,113645,0.012508,02,540,0,1,
4504,2025-07-22,00,07,23,647565,0.53392,03,1250,0,0,Node 03: Network 1
4505,2025-07-22,00,07,24,693093,1.045528,01,250,0,0,Node 01: Network 2
4506,2025-07-22,00,07,25,009458,0.316365,BB,0,1,0,
4507,2025-07-22,00,07,27,009649,2.000191,BB,0,1,0,
4508,2025-07-22,00,07,27,054523,0.044874,02,594,0,1,
4509,2025-07-22,00,07,27,079000,0.024477,03,685,0,1,
4510,2025-07-22,00,07,27,128426,0.049426,01,635,0,1,
4511,2025-07-22,00,07,27,325781,0.197355,01,250,0,0,Node 01: Network 2
4512,2025-07-22,00,07,27,825154,0.499373,02,750,0,0,Node 02: Network 1
4513,2025-07-22,00,07,28,327913,0.502759,03,1250,0,0,Node 03: Network 1
4514,2025-07-22,00,07,29,329105,1.001192,01,250,0,0,Node 01: Network 2
4515,2025-07-22,00,07,29,826972,0.497867,02,750,0,0,Node 02: Network 1
4516,2025-07-22,00,07,30,330558,0.503586,03,1250,0,0,Node 03: Network 1
4517,2025-07-22,00,07,31,373611,1.043053,01,250,0,0,Node 01: Network 2
4518,2025-07-22,00,07,31,918391,0.54478,02,750,0,0,Node 02: Network 1
4519,2025-07-22,00,07,32,464703,0.546312,03,1250,0,0,Node 03: Network 1
4520,2025-07-22,00,07,33,463359,0.998656,01,250,0,0,Node 01: Network 2
4521,2025-07-22,00,07,34,008962,0.545603,02,751,0,0,Node 02: Network 1
4522,2025-07-22,00,07,35,468932,1.45997,01,251,0,0,Node 01: Network 2
4523,2025-07-22,00,07,36,012023,0.543091,02,750,0,0,Node 02: Network 1
4524,2025-07-22,00,07,36,559094,0.547071,03,1250,0,0,Node 03: Network 1
4525,2025-07-22,00,07,37,006488,0.447394,BB,0,1,0,
4526,2025-07-22,00,07,37,074792,0.068304,01,194,0,1,
4527,2025-07-22,00,07,39,385004,2.310212,BB,0,1,0,246:0:1
4528,2025-07-22,00,07,39,435857,0.050853,BB,0,1,0,
4529,2025-07-22,00,07,39,455384,0.019527,03,149,0,1,
4530,2025-07-22,00,07,39,482548,0.027164,01,569,0,1,
4531,2025-07-22,00,07,39,495080,0.012532,02,193,0,1,
4532,2025-07-22,00,07,39,505096,0.010016,BB,0,1,0,
4533,2025-07-22,00,07,39,538135,0.033039,BB,0,1,0,
4534,2025-07-22,00,07,39,614526,0.076391,03,1469,0,1,
4535,2025-07-22,00,07,39,649076,0.03455,BB,0,1,0,02:594:0:1
4536,2025-07-22,00,07,39,709679,0.060603,02,552,0,1,1064:0:1
4537,2025-07-22,00,07,39,727836,0.018157,01,127,0,1,
4538,2025-07-22,00,07,39,769861,0.042025,01,336,0,1,780:0:0:Node 02: Network 1
4539,2025-07-22,00,07,39,782875,0.013014,03,1539,0,1,
4540,2025-07-22,00,07,39,801904,0.019029,02,109,0,1,
4541,2025-07-22,00,07,39,846904,0.045,01,720,0,1,
4542,2025-07-22,00,07,39,859417,0.012513,02,540,0,1,
4543,2025-07-22,00,07,39,901972,0.042555,03,685,0,1,635:0:1
4544,2025-07-22,00,07,39,942592,0.04062,03,150,0,1,
4545,2025-07-22,00,07,39,983836,0.041244,01,250,0,0,Node
4546,2025-07-22,00,07,40,022024,0.038188,02,1163,0,1,
4547,2025-07-22,00,07,40,034753,0.012729,01,832,0,1,
4548,2025-07-22,00,07,40,080817,0.046064,01,250,0,0,Node 01: Network 2
4549,2025-07-22,00,07,40,289120,0.208303,03,1250,0,0,Node 03: Network 1
4550,2025-07-22,00,07,40,400544,0.111424,02,750,0,0,Node 02: Network 1
4551,2025-07-22,00,07,40,433333,0.032789,01,250,0,0,Node 01: Network 2
4552,2025-07-22,00,07,40,549014,0.115681,03,1250,0,0,Node 03: Network 1
4553,2025-07-22,00,07,40,660866,0.111852,02,771,0,0,Node 02: Network 1
4554,2025-07-22,00,07,40,711972,0.051106,01,250,0,0,Node 01: Network 2
4555,2025-07-22,00,07,40,902162,0.19019,02,750,0,0,Node 02: Network 1
4556,2025-07-22,00,07,40,986123,0.083961,03,1275,0,0,Node 03: Network 1
4557,2025-07-22,00,07,41,019902,0.033779,03,1250,0,0,Node 03: Network 1
4558,2025-07-22,00,07,41,065988,0.046086,01,250,0,0,Node 01: Network 2
4559,2025-07-22,00,07,41,161168,0.09518,BB,0,1,0,
4560,2025-07-22,00,07,45,006534,3.845366,BB,0,1,0,
4561,2025-07-22,00,07,45,062833,0.056299,03,1373,0,1,
4562,2025-07-22,00,07,45,082232,0.019399,02,529,0,1,
4563,2025-07-22,00,07,45,096275,0.014043,01,1366,0,1,
4564,2025-07-22,00,07,45,824232,0.727957,02,750,0,0,Node 02: Network 1
4565,2025-07-22,00,07,46,324684,0.500452,03,1250,0,0,Node 03: Network 1
4566,2025-07-22,00,07,47,371289,1.046605,01,250,0,0,Node 01: Network 2
4567,2025-07-22,00,07,47,826406,0.455117,02,750,0,0,Node 02: Network 1
4568,2025-07-22,00,07,48,326797,0.500391,03,1250,0,0,Node 03: Network 1
4569,2025-07-22,00,07,49,372583,1.045786,01,250,0,0,Node 01: Network 2
4570,2025-07-22,00,07,53,004528,3.631945,BB,0,1,0,
4571,2025-07-22,00,07,53,041700,0.037172,03,1028,0,1,
4572,2025-07-22,00,07,53,083316,0.041616,02,505,0,1,
4573,2025-07-22,00,07,53,095824,0.012508,01,161,0,1,
4574,2025-07-22,00,07,57,004486,3.908662,BB,0,1,0,
4575,2025-07-22,00,07,57,045664,0.041178,03,1025,0,1,
4576,2025-07-22,00,07,57,086808,0.041144,02,501,0,1,
4577,2025-07-22,00,07,57,144321,0.057513,01,153,0,1,
4578,2025-07-22,00,07,57,820039,0.675718,02,750,0,0,Node 02: Network 1
4579,2025-07-22,00,07,58,366426,0.546387,03,1250,0,0,Node 03: Network 1
4580,2025-07-22,00,07,59,409350,1.042924,BB,0,1,0,
4581,2025-07-22,00,07,59,466045,0.056695,BB,0,1,0,03:1373:0:1
4582,2025-07-22,00,07,59,478557,0.012512,01,554,0,1,
4583,2025-07-22,00,07,59,566864,0.088307,03,424,0,1,
4584,2025-07-22,00,07,59,603724,0.03686,02,529,0,1,1366:0:1
4585,2025-07-22,00,07,59,644451,0.040727,02,750,0,0,Node 02: Network 1
4586,2025-07-22,00,07,59,678427,0.033976,03,1250,0,0,Node 03: Network 1
4587,2025-07-22,00,07,59,691438,0.013011,02,466,0,1,
4588,2025-07-22,00,07,59,757834,0.066396,01,250,0,0,Node 01: Network 2
4589,2025-07-22,00,07,59,810464,0.05263,02,771,0,0,Node 02: Network 1
4590,2025-07-22,00,07,59,881720,0.071256,03,1275,0,0,Node 03: Network 1
4591,2025-07-22,00,08,00,026592,0.144872,02,750,0,0,Node 02: Network 1
4592,2025-07-22,00,08,00,097358,0.070766,03,1250,0,0,Node 03: Network 1
4593,2025-07-22,00,08,00,195780,0.098422,01,250,0,0,Node 01: Network 2
4594,2025-07-22,00,08,00,229071,0.033291,02,750,0,0,Node 02: Network 1
4595,2025-07-22,00,08,00,330350,0.101279,03,1250,0,0,Node 03: Network 1
4596,2025-07-22,00,08,00,396911,0.066561,01,250,0,0,Node 01: Network 2
4597,2025-07-22,00,08,00,429431,0.03252,02,750,0,0,Node 02: Network 1
4598,2025-07-22,00,08,00,723700,0.294269,01,250,0,0,Node 01: Network 2
4599,2025-07-22,00,08,00,803677,0.079977,03,1250,0,0,Node 03: Network 1
4600,2025-07-22,00,08,01,004433,0.200756,BB,0,1,0,
4601,2025-07-22,00,08,01,076364,0.071931,02,496,0,1,
4602,2025-07-22,00,08,03,002712,1.926348,BB,0,1,0,
4603,2025-07-22,00,08,03,081662,0.07895,02,493,0,1,
4604,2025-07-22,00,08,03,093819,0.012157,01,598,0,1,
4605,2025-07-22,00,08,03,107937,0.014118,03,1522,0,1,
4606,2025-07-22,00,08,03,319098,0.211161,01,250,0,0,Node 01: Network 2
4607,2025-07-22,00,08,03,863307,0.544209,02,750,0,0,Node 02: Network 1
4608,2025-07-22,00,08,04,409758,0.546451,03,1250,0,0,Node 03: Network 1
4609,2025-07-22,00,08,05,322214,0.912456,01,250,0,0,Node 01: Network 2
4610,2025-07-22,00,08,05,866640,0.544426,02,750,0,0,Node 02: Network 1
4611,2025-07-22,00,08,06,411484,0.544844,03,1250,0,0,Node 03: Network 1
4612,2025-07-22,00,08,07,413534,1.00205,01,250,0,0,Node 01: Network 2
4613,2025-07-22,00,08,07,957136,0.543602,02,750,0,0,Node 02: Network 1
4614,2025-07-22,00,08,08,412323,0.455187,03,1250,0,0,Node 03: Network 1
4615,2025-07-22,00,08,09,504460,1.092137,01,250,0,0,Node 01: Network 2
4616,2025-07-22,00,08,09,960223,0.455763,02,750,0,0,Node 02: Network 1
4617,2025-07-22,00,08,10,552406,0.592183,03,1250,0,0,Node 03: Network 1
4618,2025-07-22,00,08,11,001447,0.449041,BB,0,1,0,
4619,2025-07-22,00,08,11,067450,0.066003,02,483,0,1,
4620,2025-07-22,00,08,13,001579,1.934129,BB,0,1,0,
4621,2025-07-22,00,08,13,070346,0.068767,01,1815,0,1,
4622,2025-07-22,00,08,13,102746,0.0324,02,482,0,1,
4623,2025-07-22,00,08,13,119463,0.016717,03,1774,0,1,
4624,2025-07-22,00,08,15,002291,1.882828,BB,0,1,0,
4625,2025-07-22,00,08,15,051974,0.049683,03,1009,0,1,
4626,2025-07-22,00,08,15,064343,0.012369,01,116,0,1,
4627,2025-07-22,00,08,15,078013,0.01367,02,480,0,1,
4628,2025-07-22,00,08,15,318170,0.240157,01,250,0,0,Node 01: Network 2
4629,2025-07-22,00,08,15,863103,0.544933,02,750,0,0,Node 02: Network 1
4630,2025-07-22,00,08,16,319572,0.456469,03,1250,0,0,Node 03: Network 1
4631,2025-07-22,00,08,17,865389,1.545817,02,750,0,0,Node 02: Network 1
4632,2025-07-22,00,08,18,016701,0.151312,BB,0,1,0,1028:0:1
4633,2025-07-22,00,08,18,057776,0.041075,03,22,0,1,
4634,2025-07-22,00,08,18,072318,0.014542,01,1124,0,1,
4635,2025-07-22,00,08,18,120272,0.047954,BB,0,1,0,102
4636,2025-07-22,00,08,18,131394,0.011122,BB,0,1,0,
4637,2025-07-22,00,08,18,222004,0.09061,03,136,0,1,
4638,2025-07-22,00,08,18,272467,0.050463,01,1229,0,1,
4639,2025-07-22,00,08,18,284484,0.012017,01,25,0,1,
4640,2025-07-22,00,08,18,294580,0.010096,BB,0,1,0,
4641,2025-07-22,00,08,18,308403,0.013823,02,1078,0,1,
4642,2025-07-22,00,08,18,319480,0.011077,02,25,0,1,
4643,2025-07-22,00,08,18,341155,0.021675,02,505,0,1,161:0:1
4644,2025-07-22,00,08,18,364263,0.023108,02,496,0,1,
4645,2025-07-22,00,08,18,409336,0.045073,02,493,0,1,598:0:1
4646,2025-07-22,00,08,18,464789,0.055453,03,1522,0,1,
4647,2025-07-22,00,08,18,477383,0.012594,03,319,0,1,
4648,2025-07-22,00,08,18,490147,0.012764,01,1383,0,1,
4649,2025-07-22,00,08,18,623789,0.133642,02,750,0,0,Node 02: Network 1
4650,2025-07-22,00,08,18,637525,0.013736,02,1769,0,1,
4651,2025-07-22,00,08,18,753885,0.11636,01,250,0,0,Node 01: Network 2
4652,2025-07-22,00,08,18,865996,0.112111,03,1250,0,0,Node 03: Network 1
4653,2025-07-22,00,08,18,913552,0.047556,01,250,0,0,Node 01: Network 2
4654,2025-07-22,00,08,18,979886,0.066334,02,750,0,0,Node 02: Network 1
4655,2025-07-22,00,08,19,107753,0.127867,03,1250,0,0,Node 03: Network 1
4656,2025-07-22,00,08,19,147072,0.039319,03,1281,0,0,Node 03: Network 1
4657,2025-07-22,00,08,19,296286,0.149214,02,750,0,0,Node 02: Network 1
4658,2025-07-22,00,08,19,330194,0.033908,01,250,0,0,Node 01: Network 2
4659,2025-07-22,00,08,19,340224,0.01003,BB,0,1,0,
4660,2025-07-22,00,08,19,373578,0.033354,02,750,0,0,Node 02: Network 1
4661,2025-07-22,00,08,19,408238,0.03466,03,1250,0,0,Node 03: Network 1
4662,2025-07-22,00,08,19,508324,0.100086,01,250,0,0,Node 01: Network 2
4663,2025-07-22,00,08,19,541477,0.033153,02,750,0,0,Node 02: Network 1
4664,2025-07-22,00,08,19,713620,0.172143,03,1317,0,1,
4665,2025-07-22,00,08,20,428462,0.714842,01,250,0,0,Node 01: Network 2
4666,2025-07-22,00,08,20,928136,0.499674,02,750,0,0,Node 02: Network 1
4667,2025-07-22,00,08,21,000483,0.072347,BB,0,1,0,
4668,2025-07-22,00,08,21,071571,0.071088,03,1004,0,1,
4669,2025-07-22,00,08,21,098532,0.026961,02,472,0,1,
4670,2025-07-22,00,08,22,318942,1.22041,03,1250,0,0,Node 03: Network 1
4671,2025-07-22,00,08,23,864642,1.5457,02,750,0,0,Node 02: Network 1
4672,2025-07-22,00,08,24,321210,0.456568,03,1250,0,0,Node 03: Network 1
4673,2025-07-22,00,08,25,411188,1.089978,01,250,0,0,Node 01: Network 2
4674,2025-07-22,00,08,25,866420,0.455232,02,750,0,0,Node 02: Network 1
4675,2025-07-22,00,08,26,459286,0.592866,03,1250,0,0,Node 03: Network 1
4676,2025-07-22,00,08,27,412153,0.952867,01,250,0,0,Node 01: Network 2
4677,2025-07-22,00,08,27,867381,0.455228,02,750,0,0,Node 02: Network 1
4678,2025-07-22,00,08,28,413480,0.546099,03,1250,0,0,Node 03: Network 1
4679,2025-07-22,00,08,29,417010,1.00353,01,250,0,0,Node 01: Network 2
4680,2025-07-22,00,08,29,958838,0.541828,02,750,0,0,Node 02: Network 1
4681,2025-07-22,00,08,30,415037,0.456199,03,1250,0,0,Node 03: Network 1
4682,2025-07-22,00,08,31,459626,1.044589,01,250,0,0,Node 01: Network 2
4683,2025-07-22,00,08,32,004054,0.544428,02,750,0,0,Node 02: Network 1
4684,2025-07-22,00,08,32,505049,0.500995,03,1250,0,0,Node 03: Network 1
4685,2025-07-22,00,08,32,998040,0.492991,BB,0,1,0,
4686,2025-07-22,00,08,33,082024,0.083984,03,994,0,1,
4687,2025-07-22,00,08,34,317334,1.23531,03,1250,0,0,Node 03: Network 1
4688,2025-07-22,00,08,35,904267,1.586933,BB,0,1,0,
4689,2025-07-22,00,08,35,971467,0.0672,BB,0,1,0,03:1004:0:1
4690,2025-07-22,00,08,35,985346,0.013879,03,1897,0,1,
4691,2025-07-22,00,08,35,997573,0.012227,01,978,0,1,
4692,2025-07-22,00,08,36,011326,0.013753,02,1360,0,1,
4693,2025-07-22,00,08,36,040232,0.028906,03,1317,0,1,
4694,2025-07-22,00,08,36,063328,0.023096,02,472,0,1,
4695,2025-07-22,00,08,36,174053,0.110725,03,1972,0,1,
4696,2025-07-22,00,08,36,212209,0.038156,02,1437,0,1,
4697,2025-07-22,00,08,36,322428,0.110219,03,1250,0,0,Node 03: Network 1
4698,2025-07-22,00,08,36,417316,0.094888,01,250,0,0,Node 01: Network 2
4699,2025-07-22,00,08,36,492995,0.075679,03,1281,0,0,Node 03: Network 1
4700,2025-07-22,00,08,36,584789,0.091794,02,750,0,0,Node 02: Network 1
4701,2025-07-22,00,08,36,711196,0.126407,01,250,0,0,Node 01: Network 2
4702,2025-07-22,00,08,36,798061,0.086865,02,750,0,0,Node 02: Network 1
4703,2025-07-22,00,08,36,857323,0.059262,03,1250,0,0,Node 03: Network 1
4704,2025-07-22,00,08,36,891018,0.033695,02,750,0,0,Node 02: Network 1
4705,2025-07-22,00,08,36,945302,0.054284,03,1250,0,0,Node 03: Network 1
4706,2025-07-22,00,08,37,068252,0.12295,01,250,0,0,Node 01: Network 2
4707,2025-07-22,00,08,37,114505,0.046253,BB,0,1,0,
4708,2025-07-22,00,08,37,147247,0.032742,02,750,0,0,Node 02: Network 1
4709,2025-07-22,00,08,37,692386,0.545139,03,1250,0,0,Node 03: Network 1
4710,2025-07-22,00,08,38,997107,1.304721,BB,0,1,0,
4711,2025-07-22,00,08,39,047230,0.050123,01,65,0,1,
4712,2025-07-22,00,08,39,075201,0.027971,03,987,0,1,
4713,2025-07-22,00,08,39,314249,0.239048,01,250,0,0,Node 01: Network 2
4714,2025-07-22,00,08,39,858954,0.544705,02,750,0,0,Node 02: Network 1
4715,2025-07-22,00,08,40,360103,0.501149,03,1250,0,0,Node 03: Network 1
4716,2025-07-22,00,08,41,317099,0.956996,01,250,0,0,Node 01: Network 2
4717,2025-07-22,00,08,41,860638,0.543539,02,750,0,0,Node 02: Network 1
4718,2025-07-22,00,08,42,362323,0.501685,03,1250,0,0,Node 03: Network 1
4719,2025-07-22,00,08,43,320852,0.958529,01,250,0,0,Node 01: Network 2
4720,2025-07-22,00,08,43,905809,0.584957,02,750,0,0,Node 02: Network 1
4721,2025-07-22,00,08,44,452957,0.547148,03,1250,0,0,Node 03: Network 1
4722,2025-07-22,00,08,46,453991,2.001034,03,1250,0,0,Node 03: Network 1
4723,2025-07-22,00,08,47,499060,1.045069,01,250,0,0,Node 01: Network 2
4724,2025-07-22,00,08,48,455366,0.956306,03,1250,0,0,Node 03: Network 1
4725,2025-07-22,00,08,48,996452,0.541086,BB,0,1,0,
4726,2025-07-22,00,08,49,057209,0.060757,02,440,0,1,
4727,2025-07-22,00,08,50,995938,1.938729,BB,0,1,0,
4728,2025-07-22,00,08,51,067251,0.071313,02,438,0,1,
4729,2025-07-22,00,08,51,085852,0.018601,01,1814,0,1,
4730,2025-07-22,00,08,51,150197,0.064345,03,1864,0,1,
4731,2025-07-22,00,08,52,315230,1.165033,03,1250,0,0,Node 03: Network 1
4732,2025-07-22,00,08,53,859071,1.543841,02,750,0,0,Node 02: Network 1
4733,2025-07-22,00,08,53,943309,0.084238,BB,0,1,0,
4734,2025-07-22,00,08,53,999011,0.055702,02,1382,0,1,
4735,2025-07-22,00,08,54,021550,0.022539,BB,0,1,0,01:65:0:1
4736,2025-07-22,00,08,54,110557,0.089007,03,987,0,1,
4737,2025-07-22,00,08,54,124070,0.013513,03,1044,0,1,
4738,2025-07-22,00,08,54,137136,0.013066,01,942,0,1,
4739,2025-07-22,00,08,54,172700,0.035564,03,1250,0,0,Node 03: Network 1
4740,2025-07-22,00,08,54,362073,0.189373,03,1250,0,0,Node 03: Network 1
4741,2025-07-22,00,08,54,416655,0.054582,01,250,0,0,Node 01: Network 2
4742,2025-07-22,00,08,54,497747,0.081092,02,750,0,0,Node 02: Network 1
4743,2025-07-22,00,08,54,533183,0.035436,03,1250,0,0,Node 03: Network 1
4744,2025-07-22,00,08,54,565039,0.031856,01,281,0,0,Node 01: Network 2
4745,2025-07-22,00,08,54,598892,0.033853,01,250,0,0,Node 01: Network 2
4746,2025-07-22,00,08,54,649621,0.050729,02,750,0,0,Node 02: Network 1
4747,2025-07-22,00,08,54,710274,0.060653,03,1250,0,0,Node 03: Network 1
4748,2025-07-22,00,08,54,786894,0.07662,01,250,0,0,Node 01: Network 2
4749,2025-07-22,00,08,54,852672,0.065778,02,750,0,0,Node 02: Network 1
4750,2025-07-22,00,08,55,032046,0.179374,BB,0,1,0,
4751,2025-07-22,00,08,56,995093,1.963047,BB,0,1,0,
4752,2025-07-22,00,08,57,047841,0.052748,01,1120,0,1,
4753,2025-07-22,00,08,57,071739,0.023898,02,73,0,1,
4754,2025-07-22,00,08,57,092384,0.020645,03,977,0,1,
4755,2025-07-22,00,08,57,310331,0.217947,01,250,0,0,Node 01: Network 2
4756,2025-07-22,00,08,57,811407,0.501076,02,750,0,0,Node 02: Network 1
4757,2025-07-22,00,08,59,313843,1.502436,01,250,0,0,Node 01: Network 2
4758,2025-07-22,00,08,59,857620,0.543777,02,750,0,0,Node 02: Network 1
4759,2025-07-22,00,09,01,318121,1.460501,01,250,0,0,Node 01: Network 2
4760,2025-07-22,00,09,04,993657,3.675536,BB,0,1,0,
4761,2025-07-22,00,09,05,046752,0.053095,03,966,0,1,
4762,2025-07-22,00,09,05,057925,0.011173,01,11,0,1,
4763,2025-07-22,00,09,05,118633,0.060708,02,422,0,1,
4764,2025-07-22,00,09,05,312626,0.193993,01,250,0,0,Node 01: Network 2
4765,2025-07-22,00,09,05,810414,0.497788,02,750,0,0,Node 02: Network 1
4766,2025-07-22,00,09,08,993000,3.182586,BB,0,1,0,
4767,2025-07-22,00,09,09,027221,0.034221,01,3,0,1,
4768,2025-07-22,00,09,09,078999,0.051778,02,416,0,1,
4769,2025-07-22,00,09,09,120775,0.041776,03,962,0,1,
4770,2025-07-22,00,09,09,308155,0.18738,01,250,0,0,Node 01: Network 2
4771,2025-07-22,00,09,09,851768,0.543613,02,750,0,0,Node 02: Network 1
4772,2025-07-22,00,09,10,311904,0.460136,03,1250,0,0,Node 03: Network 1
4773,2025-07-22,00,09,12,991636,2.679732,BB,0,1,0,
4774,2025-07-22,00,09,13,048504,0.056868,01,1993,0,1,
4775,2025-07-22,00,09,13,079732,0.031228,03,958,0,1,
4776,2025-07-22,00,09,13,100413,0.020681,02,411,0,1,
4777,2025-07-22,00,09,14,991848,1.891435,BB,0,1,0,
4778,2025-07-22,00,09,15,049092,0.057244,03,956,0,1,
4779,2025-07-22,00,09,15,063690,0.014598,02,409,0,1,
4780,2025-07-22,00,09,15,149968,0.086278,01,1989,0,1,
4781,2025-07-22,00,09,15,807067,0.657099,02,750,0,0,Node 02: Network 1
4782,2025-07-22,00,09,18,991678,3.184611,BB,0,1,0,
4783,2025-07-22,00,09,19,052730,0.061052,03,954,0,1,
4784,2025-07-22,00,09,19,067234,0.014504,02,405,0,1,
4785,2025-07-22,00,09,19,133776,0.066542,01,1982,0,1,
4786,2025-07-22,00,09,19,307729,0.173953,01,250,0,0,Node 01: Network 2
4787,2025-07-22,00,09,19,358741,0.051012,BB,0,1,0,
4788,2025-07-22,00,09,19,444381,0.08564,03,1321,0,1,
4789,2025-07-22,00,09,19,467730,0.023349,BB,0,1,0,01:1120:0:1
4790,2025-07-22,00,09,19,491356,0.023626,BB,0,1,0,03:966:0:1
4791,2025-07-22,00,09,19,528700,0.037344,03,1437,0,1,
4792,2025-07-22,00,09,19,594320,0.06562,02,448,0,1,
4793,2025-07-22,00,09,19,607845,0.013525,03,1514,0,1,
4794,2025-07-22,00,09,19,619421,0.011576,01,482,0,1,
4795,2025-07-22,00,09,19,637565,0.018144,BB,0,1,0,3:0:1
4796,2025-07-22,00,09,19,662921,0.025356,01,48,0,1,
4797,2025-07-22,00,09,19,710302,0.047381,02,73,0,1,977:0:1
4798,2025-07-22,00,09,19,730587,0.020285,01,11,0,1,422:0:1
4799,2025-07-22,00,09,19,826639,0.096052,02,416,0,1,03:962:0:1
4800,2025-07-22,00,09,19,839639,0.013,03,1595,0,1,
4801,2025-07-22,00,09,19,874782,0.035143,03,1250,0,0,Node 03: Network 1
4802,2025-07-22,00,09,19,887106,0.012324,02,178,0,1,
4803,2025-07-22,00,09,20,060377,0.173271,03,1250,0,0,Node 03: Network 1
4804,2025-07-22,00,09,20,116622,0.056245,01,281,0,0,Node 01: Network 2
4805,2025-07-22,00,09,20,175145,0.058523,01,250,0,0,Node 01: Network 2
4806,2025-07-22,00,09,20,259812,0.084667,02,750,0,0,Node 02: Network 1
4807,2025-07-22,00,09,20,320330,0.060518,01,623,0,1,
4808,2025-07-22,00,09,20,359403,0.039073,01,250,0,0,Node 01: Network 2
4809,2025-07-22,00,09,20,482669,0.123266,02,750,0,0,Node 02: Network 1
4810,2025-07-22,00,09,20,532643,0.049974,01,311,0,0,Node 01: Network 2
4811,2025-07-22,00,09,20,593941,0.061298,01,250,0,0,Node 01: Network 2
4812,2025-07-22,00,09,20,657743,0.063802,01,250,0,0,Node 01: Network 2
4813,2025-07-22,00,09,20,707980,0.050237,02,750,0,0,Node 02: Network 1
4814,2025-07-22,00,09,20,753343,0.045363,01,250,0,0,Node 01: Network 2
4815,2025-07-22,00,09,20,990656,0.237313,BB,0,1,0,
4816,2025-07-22,00,09,21,074743,0.084087,02,750,0,0,Node 02: Network 1
4817,2025-07-22,00,09,21,087844,0.013101,02,403,0,1,
4818,2025-07-22,00,09,21,621367,0.533523,03,1250,0,0,Node 03: Network 1
4819,2025-07-22,00,09,22,667299,1.045932,01,250,0,0,Node 01: Network 2
4820,2025-07-22,00,09,22,990108,0.322809,BB,0,1,0,
4821,2025-07-22,00,09,23,042672,0.052564,01,1973,0,1,
4822,2025-07-22,00,09,26,990440,3.947768,BB,0,1,0,
4823,2025-07-22,00,09,27,041695,0.051255,03,690,0,1,
4824,2025-07-22,00,09,27,074406,0.032711,01,1965,0,1,
4825,2025-07-22,00,09,27,086933,0.012527,02,598,0,1,
4826,2025-07-22,00,09,27,317575,0.230642,01,250,0,0,Node 01: Network 2
4827,2025-07-22,00,09,29,309101,1.991526,01,250,0,0,Node 01: Network 2
4828,2025-07-22,00,09,31,314896,2.005795,01,250,0,0,Node 01: Network 2
4829,2025-07-22,00,09,33,317578,2.002682,01,250,0,0,Node 01: Network 2
4830,2025-07-22,00,09,33,862155,0.544577,02,750,0,0,Node 02: Network 1
4831,2025-07-22,00,09,34,365148,0.502993,03,1250,0,0,Node 03: Network 1
4832,2025-07-22,00,09,35,408390,1.043242,01,250,0,0,Node 01: Network 2
4833,2025-07-22,00,09,35,918369,0.509979,02,750,0,0,Node 02: Network 1
4834,2025-07-22,00,09,36,506869,0.5885,03,1250,0,0,Node 03: Network 1
4835,2025-07-22,00,09,37,999661,1.492792,02,750,0,0,Node 02: Network 1
4836,2025-07-22,00,09,38,546039,0.546378,03,1250,0,0,Node 03: Network 1
4837,2025-07-22,00,09,38,989088,0.443049,BB,0,1,0,
4838,2025-07-22,00,09,39,057191,0.068103,02,381,0,1,
4839,2025-07-22,00,09,39,805356,0.748165,02,750,0,0,Node 02: Network 1
4840,2025-07-22,00,09,41,352035,1.546679,01,250,0,0,Node 01: Network 2
4841,2025-07-22,00,09,42,398287,1.046252,03,1250,0,0,Node 03: Network 1
4842,2025-07-22,00,09,43,443638,1.045351,01,250,0,0,Node 01: Network 2
4843,2025-07-22,00,09,44,399429,0.955791,03,1250,0,0,Node 03: Network 1
4844,2025-07-22,00,09,44,487205,0.087776,BB,0,1,0,02:750:0:0:Node 02: Network 1
4845,2025-07-22,00,09,44,525131,0.037926,02,1875,0,1,
4846,2025-07-22,00,09,44,539548,0.014417,01,1428,0,1,
4847,2025-07-22,00,09,44,603910,0.064362,BB,0,1,0,01:1973:0:1
4848,2025-07-22,00,09,44,656683,0.052773,BB,0,1,0,03:690:0:1
4849,2025-07-22,00,09,44,698178,0.041495,01,1521,0,1,
4850,2025-07-22,00,09,44,710255,0.012077,01,623,0,1,
4851,2025-07-22,00,09,44,727764,0.017509,02,215,0,1,
4852,2025-07-22,00,09,44,741314,0.01355,03,1529,0,1,
4853,2025-07-22,00,09,44,754822,0.013508,01,1597,0,1,
4854,2025-07-22,00,09,44,786670,0.031848,02,403,0,1,
4855,2025-07-22,00,09,44,849135,0.062465,01,1965,0,1,598:0:1
4856,2025-07-22,00,09,44,936268,0.087133,02,750,0,0,Node 02: Network 1
4857,2025-07-22,00,09,44,971371,0.035103,03,1250,0,0,Node 03: Network 1
4858,2025-07-22,00,09,45,070068,0.098697,01,311,0,0,Node 01: Network 2
4859,2025-07-22,00,09,45,275537,0.205469,BB,0,1,0,
4860,2025-07-22,00,09,45,342430,0.066893,03,1250,0,0,Node 03: Network 1
4861,2025-07-22,00,09,45,375285,0.032855,01,250,0,0,Node 01: Network 2
4862,2025-07-22,00,09,45,388324,0.013039,02,663,0,1,
4863,2025-07-22,00,09,45,445206,0.056882,01,250,0,0,:Node 01: Network 2
4864,2025-07-22,00,09,45,648479,0.203273,01,250,0,0,Node 01: Network 2
4865,2025-07-22,00,09,45,702179,0.0537,01,250,0,0,Node 01: Network 2
4866,2025-07-22,00,09,45,801255,0.099076,01,250,0,0,Node 01: Network 2
4867,2025-07-22,00,09,45,846102,0.044847,02,750,0,0,Node 02: Network 1
4868,2025-07-22,00,09,45,920062,0.07396,02,750,0,0,Node 02: Network 1
4869,2025-07-22,00,09,45,964608,0.044546,03,1250,0,0,Node 03: Network 1
4870,2025-07-22,00,09,46,386604,0.421996,01,250,0,0,Node 01: Network 2
4871,2025-07-22,00,09,46,489119,0.102515,03,1250,0,0,Node 03: Network 1
4872,2025-07-22,00,09,46,930454,0.441335,02,750,0,0,Node 02: Network 1
4873,2025-07-22,00,09,47,005432,0.074978,BB,0,1,0,
4874,2025-07-22,00,09,48,987338,1.981906,BB,0,1,0,
4875,2025-07-22,00,09,49,070305,0.082967,01,919,0,1,
4876,2025-07-22,00,09,49,082308,0.012003,02,878,0,1,
4877,2025-07-22,00,09,49,106184,0.023876,03,1845,0,1,
4878,2025-07-22,00,09,50,986868,1.880684,BB,0,1,0,
4879,2025-07-22,00,09,51,038066,0.051198,03,925,0,1,
4880,2025-07-22,00,09,51,051635,0.013569,01,1915,0,1,
4881,2025-07-22,00,09,51,064216,0.012581,02,368,0,1,
4882,2025-07-22,00,09,51,803736,0.73952,02,750,0,0,Node 02: Network 1
4883,2025-07-22,00,09,52,349876,0.54614,03,1250,0,0,Node 03: Network 1
4884,2025-07-22,00,09,53,805933,1.456057,02,750,0,0,Node 02: Network 1
4885,2025-07-22,00,09,54,352536,0.546603,03,1251,0,0,Node 03: Network 1
4886,2025-07-22,00,09,55,352596,1.00006,01,250,0,0,Node 01: Network 2
4887,2025-07-22,00,09,55,807020,0.454424,02,750,0,0,Node 02: Network 1
4888,2025-07-22,00,09,56,400132,0.593112,03,1250,0,0,Node 03: Network 1
4889,2025-07-22,00,09,57,810035,1.409903,02,750,0,0,Node 02: Network 1
4890,2025-07-22,00,09,58,357221,0.547186,03,1250,0,0,Node 03: Network 1
4891,2025-07-22,00,09,59,357206,0.999985,01,250,0,0,Node 01: Network 2
4892,2025-07-22,00,09,59,902025,0.544819,02,750,0,0,Node 02: Network 1
4893,2025-07-22,00,10,00,405494,0.503469,03,1250,0,0,Node 03: Network 1
4894,2025-07-22,00,10,01,360888,0.955394,01,250,0,0,Node 01: Network 2
4895,2025-07-22,00,10,01,949231,0.588343,02,750,0,0,Node 02: Network 1
4896,2025-07-22,00,10,02,406400,0.457169,03,1250,0,0,Node 03: Network 1
4897,2025-07-22,00,10,03,364469,0.958069,01,250,0,0,Node 01: Network 2
4898,2025-07-22,00,10,03,951331,0.586862,02,750,0,0,Node 02: Network 1
4899,2025-07-22,00,10,04,496380,0.545049,03,1250,0,0,Node 03: Network 1
4900,2025-07-22,00,10,04,985029,0.488649,BB,0,1,0,
4901,2025-07-22,00,10,05,390292,0.405263,BB,0,1,0,
4902,2025-07-22,00,10,05,446867,0.056575,BB,0,1,0,
4903,2025-07-22,00,10,05,459052,0.012185,03,217,0,1,
4904,2025-07-22,00,10,05,488135,0.029083,BB,0,1,0,
4905,2025-07-22,00,10,05,507792,0.019657,02,261,0,1,
4906,2025-07-22,00,10,05,529088,0.021296,01,344,0,1,
4907,2025-07-22,00,10,05,599737,0.070649,BB,0,1,0,368:0:1
4908,2025-07-22,00,10,05,615051,0.015314,02,663,0,1,
4909,2025-07-22,00,10,05,628191,0.01314,03,1375,0,1,
4910,2025-07-22,00,10,05,640700,0.012509,02,813,0,1,
4911,2025-07-22,00,10,05,785872,0.145172,01,104,0,1,
4912,2025-07-22,00,10,05,843841,0.057969,02,161,0,1,
4913,2025-07-22,00,10,05,876749,0.032908,01,919,0,1,1845:0:1
4914,2025-07-22,00,10,05,892779,0.01603,02,878,0,1,
4915,2025-07-22,00,10,05,944325,0.051546,03,925,0,1,1915:0:1
4916,2025-07-22,00,10,05,958890,0.014565,03,160,0,1,
4917,2025-07-22,00,10,06,027851,0.068961,01,250,0,0,Node 01: Network 2
4918,2025-07-22,00,10,06,064226,0.036375,01,500,0,1,
4919,2025-07-22,00,10,06,171906,0.10768,02,750,0,0,Node 02: Network 1
4920,2025-07-22,00,10,06,205963,0.034057,02,750,0,0,Node 02: Network 1
4921,2025-07-22,00,10,06,271693,0.06573,01,250,0,0,Node 01: Network 2
4922,2025-07-22,00,10,06,304256,0.032563,01,259,0,0,Node 01: Network 2
4923,2025-07-22,00,10,06,354271,0.050015,03,1250,0,0,Node 03: Network 1
4924,2025-07-22,00,10,06,405952,0.051681,02,750,0,0,Node 02: Network 1
4925,2025-07-22,00,10,06,555694,0.149742,02,750,0,0,Node 02: Network 1
4926,2025-07-22,00,10,06,621796,0.066102,03,1250,0,0,Node 03: Network 1
4927,2025-07-22,00,10,06,658662,0.036866,02,771,0,0,Node 02: Network 1
4928,2025-07-22,00,10,06,710904,0.052242,02,750,0,0,Node 02: Network 1
4929,2025-07-22,00,10,06,786224,0.07532,03,1251,0,0,Node 03: Network 1
4930,2025-07-22,00,10,06,819299,0.033075,01,250,0,0,Node 01: Network 2
4931,2025-07-22,00,10,07,001103,0.181804,BB,0,1,0,
4932,2025-07-22,00,10,07,238447,0.237344,03,1250,0,0,Node 03: Network 1
4933,2025-07-22,00,10,07,300505,0.062058,03,932,0,1,
4934,2025-07-22,00,10,08,983478,1.682973,BB,0,1,0,
4935,2025-07-22,00,10,09,043302,0.059824,03,909,0,1,
4936,2025-07-22,00,10,09,069226,0.025924,01,1877,0,1,
4937,2025-07-22,00,10,09,142116,0.07289,02,347,0,1,
4938,2025-07-22,00,10,09,300130,0.158014,01,250,0,0,Node 01: Network 2
4939,2025-07-22,00,10,09,801491,0.501361,02,750,0,0,Node 02: Network 1
4940,2025-07-22,00,10,11,347580,1.546089,01,250,0,0,Node 01: Network 2
4941,2025-07-22,00,10,14,982683,3.635103,BB,0,1,0,
4942,2025-07-22,00,10,15,045815,0.063132,03,904,0,1,
4943,2025-07-22,00,10,15,058833,0.013018,01,1865,0,1,
4944,2025-07-22,00,10,15,082362,0.023529,02,340,0,1,
4945,2025-07-22,00,10,16,982107,1.899745,BB,0,1,0,
4946,2025-07-22,00,10,17,034530,0.052423,02,337,0,1,
4947,2025-07-22,00,10,17,055882,0.021352,03,901,0,1,
4948,2025-07-22,00,10,17,125571,0.069689,01,1859,0,1,
4949,2025-07-22,00,10,17,297920,0.172349,01,250,0,0,Node 01: Network 2
4950,2025-07-22,00,10,17,843561,0.545641,02,750,0,0,Node 02: Network 1
4951,2025-07-22,00,10,18,345387,0.501826,03,1250,0,0,Node 03: Network 1
4952,2025-07-22,00,10,19,390267,1.04488,01,250,0,0,Node 01: Network 2
4953,2025-07-22,00,10,19,934909,0.544642,02,750,0,0,Node 02: Network 1
4954,2025-07-22,00,10,20,481967,0.547058,03,1250,0,0,Node 03: Network 1
4955,2025-07-22,00,10,21,481246,0.999279,01,250,0,0,Node 01: Network 2
4956,2025-07-22,00,10,21,937328,0.456082,02,750,0,0,Node 02: Network 1
4957,2025-07-22,00,10,22,529216,0.591888,03,1250,0,0,Node 03: Network 1
4958,2025-07-22,00,10,22,981878,0.452662,BB,0,1,0,
4959,2025-07-22,00,10,24,981588,1.99971,BB,0,1,0,
4960,2025-07-22,00,10,25,017680,0.036092,03,1777,0,1,
4961,2025-07-22,00,10,25,031595,0.013915,01,1815,0,1,
4962,2025-07-22,00,10,25,088867,0.057272,02,1730,0,1,
4963,2025-07-22,00,10,26,981494,1.892627,BB,0,1,0,
4964,2025-07-22,00,10,27,045119,0.063625,01,1839,0,1,
4965,2025-07-22,00,10,27,057268,0.012149,03,893,0,1,
4966,2025-07-22,00,10,27,105918,0.04865,02,326,0,1,
4967,2025-07-22,00,10,27,797836,0.691918,02,750,0,0,Node 02: Network 1
4968,2025-07-22,00,10,28,381376,0.58354,BB,0,1,0,
4969,2025-07-22,00,10,28,443759,0.062383,BB,0,1,0,03:909:0:1
4970,2025-07-22,00,10,28,456839,0.01308,03,293,0,1,
4971,2025-07-22,00,10,28,478900,0.022061,BB,0,1,0,03:904:0:1
4972,2025-07-22,00,10,28,492488,0.013588,02,1726,0,1,
4973,2025-07-22,00,10,28,577606,0.085118,BB,0,1,0,02:337:0:1
4974,2025-07-22,00,10,28,600216,0.02261,01,1423,0,1,
4975,2025-07-22,00,10,28,613821,0.013605,03,92,0,1,
4976,2025-07-22,00,10,28,626842,0.013021,02,104,0,1,
4977,2025-07-22,00,10,28,727448,0.100606,01,500,0,1,
4978,2025-07-22,00,10,28,779119,0.051671,02,1921,0,1,
4979,2025-07-22,00,10,28,791633,0.012514,01,154,0,1,
4980,2025-07-22,00,10,28,803719,0.012086,03,932,0,1,
4981,2025-07-22,00,10,28,821738,0.018019,01,1877,0,1,
4982,2025-07-22,00,10,28,901170,0.079432,02,347,0,1,
4983,2025-07-22,00,10,29,077564,0.176394,01,1865,0,1,340:0:1
4984,2025-07-22,00,10,29,187093,0.109529,01,250,0,0,Node 01: Network 2
4985,2025-07-22,00,10,29,199657,0.012564,03,901,0,1,
4986,2025-07-22,00,10,29,214424,0.014767,01,1859,0,1,
4987,2025-07-22,00,10,29,291570,0.077146,02,750,0,0,Node 02: Network 1
4988,2025-07-22,00,10,29,367948,0.076378,03,1250,0,0,Node 03: Network 1
4989,2025-07-22,00,10,29,378485,0.010537,BB,0,1,0,
4990,2025-07-22,00,10,29,502428,0.123943,01,259,0,0,Node 01: Network 2
4991,2025-07-22,00,10,29,535728,0.0333,03,1282,0,0,Node 03: Network 1
4992,2025-07-22,00,10,29,548821,0.013093,03,1323,0,1,
4993,2025-07-22,00,10,29,607290,0.058469,02,771,0,0,Node 02: Network 1
4994,2025-07-22,00,10,29,691337,0.084047,03,1250,0,0,Node 03: Network 1
4995,2025-07-22,00,10,29,724557,0.03322,02,779,0,0,Node 02: Network 1
4996,2025-07-22,00,10,29,757839,0.033282,01,250,0,0,Node 01: Network 2
4997,2025-07-22,00,10,29,843201,0.085362,01,250,0,0,Node 01: Network 2
4998,2025-07-22,00,10,29,855723,0.012522,01,181,0,1,
4999,2025-07-22,00,10,29,902767,0.047044,01,250,0,0,Node 01: Network 2
5000,2025-07-22,00,10,29,936036,0.033269,01,250,0,0,Node 01: Network 2
5001,2025-07-22,00,10,30,737809,0.801773,02,750,0,0,Node 0203:1250:0:0:Node 03: Network 1
5002,2025-07-22,00,10,30,979567,0.241758,BB,0,1,0,
5003,2025-07-22,00,10,31,066171,0.086604,02,750,0,0,Node 02: Network 1
5004,2025-07-22,00,10,32,604595,1.538424,01,250,0,0,Node 01: Network 2
5005,2025-07-22,00,10,32,980150,0.375555,BB,0,1,0,
5006,2025-07-22,00,10,34,979579,1.999429,BB,0,1,0,
5007,2025-07-22,00,10,35,045905,0.066326,02,651,0,1,
5008,2025-07-22,00,10,35,058504,0.012599,03,652,0,1,
5009,2025-07-22,00,10,35,070808,0.012304,01,693,0,1,
5010,2025-07-22,00,10,36,980380,1.909572,BB,0,1,0,
5011,2025-07-22,00,10,37,019384,0.039004,02,315,0,1,
5012,2025-07-22,00,10,37,032857,0.013473,03,886,0,1,
5013,2025-07-22,00,10,37,111460,0.078603,01,1819,0,1,
5014,2025-07-22,00,10,38,297904,1.186444,03,1250,0,0,Node 03: Network 1
5015,2025-07-22,00,10,39,841679,1.543775,02,750,0,0,Node 02: Network 1
5016,2025-07-22,00,10,40,388168,0.546489,03,1250,0,0,Node 03: Network 1
5017,2025-07-22,00,10,41,386796,0.998628,01,250,0,0,Node 01: Network 2
5018,2025-07-22,00,10,41,930379,0.543583,02,750,0,0,Node 02: Network 1
5019,2025-07-22,00,10,42,389277,0.458898,03,1250,0,0,Node 03: Network 1
5020,2025-07-22,00,10,43,435449,1.046172,01,250,0,0,Node 01: Network 2
5021,2025-07-22,00,10,43,932658,0.497209,02,750,0,0,Node 02: Network 1
5022,2025-07-22,00,10,45,934804,2.002146,02,750,0,0,Node 02: Network 1
5023,2025-07-22,00,10,48,977439,3.042635,BB,0,1,0,
5024,2025-07-22,00,10,49,011205,0.033766,03,874,0,1,
5025,2025-07-22,00,10,49,027712,0.016507,02,300,0,1,
5026,2025-07-22,00,10,49,095491,0.067779,01,1793,0,1,
5027,2025-07-22,00,10,49,794132,0.698641,02,750,0,0,Node 02: Network 1
5028,2025-07-22,00,10,50,295942,0.50181,03,1250,0,0,Node 03: Network 1
5029,2025-07-22,00,10,51,839212,1.54327,02,750,0,0,Node 02: Network 1
5030,2025-07-22,00,10,52,385564,0.546352,03,1250,0,0,Node 03: Network 1
5031,2025-07-22,00,10,53,387340,1.001776,01,250,0,0,Node 01: Network 2
5032,2025-07-22,00,10,53,929169,0.541829,02,750,0,0,Node 02: Network 1
5033,2025-07-22,00,10,53,992218,0.063049,0,1,,,
5034,2025-07-22,00,10,54,024111,0.031893,,1,1,0,0:Node 02: Network 1
5035,2025-07-22,00,10,54,100157,0.076046,BB,0,1,0,02:750:0:0:Node 02: Network 1
5036,2025-07-22,00,10,54,133297,0.03314,BB,0,1,0,
5037,2025-07-22,00,10,54,175364,0.042067,BB,0,1,0,02:651:0:1
5038,2025-07-22,00,10,54,187858,0.012494,01,906,0,1,
5039,2025-07-22,00,10,54,217544,0.029686,BB,0,1,0,315:0:1
5040,2025-07-22,00,10,54,233563,0.016019,02,1027,0,1,
5041,2025-07-22,00,10,54,257124,0.023561,01,693,0,1,652:0:1
5042,2025-07-22,00,10,54,271424,0.0143,03,983,0,1,
5043,2025-07-22,00,10,54,328536,0.057112,01,939,0,1,
5044,2025-07-22,00,10,54,341623,0.013087,02,1493,0,1,
5045,2025-07-22,00,10,54,403616,0.061993,03,886,0,1,01:1819:0:1
5046,2025-07-22,00,10,54,417459,0.013843,02,1535,0,1,
5047,2025-07-22,00,10,54,467955,0.050496,01,250,0,0,Node 01: Network 2
5048,2025-07-22,00,10,54,584319,0.116364,03,1250,0,0,Node 03: Network 1
5049,2025-07-22,00,10,54,607915,0.023596,03,91,0,1,
5050,2025-07-22,00,10,54,644281,0.036366,01,91,0,1,
5051,2025-07-22,00,10,54,715925,0.071644,01,250,0,0,Node 01: Network 2
5052,2025-07-22,00,10,54,827516,0.111591,03,1250,0,0,Node 03: Network 1
5053,2025-07-22,00,10,54,938593,0.111077,02,750,0,0,Node 02: Network 1
5054,2025-07-22,00,10,55,008428,0.069835,03,1250,0,0,Node 03: Network 1
5055,2025-07-22,00,10,55,042224,0.033796,01,250,0,0,Node 01: Network 2
5056,2025-07-22,00,10,55,074493,0.032269,01,267,0,0,Node 01: Network 2
5057,2025-07-22,00,10,55,115660,0.041167,02,750,0,0,Node 02: Network 1
5058,2025-07-22,00,10,55,126173,0.010513,BB,0,1,0,
5059,2025-07-22,00,10,55,223502,0.097329,03,1250,0,0,Node 03: Network 1
5060,2025-07-22,00,10,55,256353,0.032851,03,1282,0,0,Node 03: Network 1
5061,2025-07-22,00,10,55,416499,0.160146,03,1281,0,0,Node 03: Network 1
5062,2025-07-22,00,10,55,449256,0.032757,01,250,0,0,Node 01: Network 2
5063,2025-07-22,00,10,55,534389,0.085133,02,750,0,0,Node 02: Network 1
5064,2025-07-22,00,10,55,557424,0.023035,03,1019,0,1,
5065,2025-07-22,00,10,56,292307,0.734883,01,250,0,0,Node 01: Network 2
5066,2025-07-22,00,10,56,794634,0.502327,02,750,0,0,Node 02: Network 1
5067,2025-07-22,00,10,56,976923,0.182289,BB,0,1,0,
5068,2025-07-22,00,10,57,017892,0.040969,03,868,0,1,
5069,2025-07-22,00,10,57,085382,0.06749,02,291,0,1,
5070,2025-07-22,00,10,57,792403,0.707021,02,750,0,0,Node 02: Network 1
5071,2025-07-22,00,10,58,296409,0.504006,03,1250,0,0,Node 03: Network 1
5072,2025-07-22,00,10,59,340345,1.043936,01,250,0,0,Node 01: Network 2
5073,2025-07-22,00,10,59,884894,0.544549,02,750,0,0,Node 02: Network 1
5074,2025-07-22,00,11,01,343182,1.458288,01,250,0,0,Node 01: Network 2
5075,2025-07-22,00,11,04,974749,3.631567,BB,0,1,0,
5076,2025-07-22,00,11,05,012794,0.038045,03,860,0,1,
5077,2025-07-22,00,11,05,038333,0.025539,01,1760,0,1,
5078,2025-07-22,00,11,05,088007,0.049674,02,282,0,1,
5079,2025-07-22,00,11,05,291435,0.203428,01,250,0,0,Node 01: Network 2
5080,2025-07-22,00,11,06,294286,1.002851,03,1250,0,0,Node 03: Network 1
5081,2025-07-22,00,11,07,295837,1.001551,01,250,0,0,Node 01: Network 2
5082,2025-07-22,00,11,07,838347,0.54251,02,750,0,0,Node 02: Network 1
5083,2025-07-22,00,11,08,385380,0.547033,03,1250,0,0,Node 03: Network 1
5084,2025-07-22,00,11,09,429850,1.04447,01,250,0,0,Node 01: Network 2
5085,2025-07-22,00,11,10,387237,0.957387,03,1250,0,0,Node 03: Network 1
5086,2025-07-22,00,11,11,399797,1.01256,BB,0,1,0,874:0:1
5087,2025-07-22,00,11,11,463948,0.064151,02,699,0,1,
5088,2025-07-22,00,11,11,476292,0.012344,01,171,0,1,
5089,2025-07-22,00,11,11,547061,0.070769,BB,0,1,0,
5090,2025-07-22,00,11,11,598441,0.05138,BB,0,1,0,03:868:0:1
5091,2025-07-22,00,11,11,640362,0.041921,03,499,0,1,
5092,2025-07-22,00,11,11,653150,0.012788,01,215,0,1,
5093,2025-07-22,00,11,11,666313,0.013163,02,870,0,1,
5094,2025-07-22,00,11,11,702887,0.036574,02,300,0,1,
5095,2025-07-22,00,11,11,727936,0.025049,02,40,0,1,
5096,2025-07-22,00,11,11,740985,0.013049,03,1478,0,1,
5097,2025-07-22,00,11,11,792647,0.051662,03,1019,0,1,
5098,2025-07-22,00,11,11,928060,0.135413,02,291,0,1,
5099,2025-07-22,00,11,11,981746,0.053686,02,750,0,0,Node 02: Network 1
5100,2025-07-22,00,11,12,092971,0.111225,01,267,0,0,Node 01: Network 2
5101,2025-07-22,00,11,12,149966,0.056995,03,1282,0,0,Node 03: Network 1
5102,2025-07-22,00,11,12,265176,0.11521,01,711,0,1,
5103,2025-07-22,00,11,12,344056,0.07888,03,1281,0,0,Node 03: Network 1
5104,2025-07-22,00,11,12,436340,0.092284,02,766,0,0,Node 02: Network 1
5105,2025-07-22,00,11,12,468968,0.032628,01,278,0,0,Node 01: Network 2
5106,2025-07-22,00,11,12,501495,0.032527,01,250,0,0,Node 01: Network 2
5107,2025-07-22,00,11,12,576913,0.075418,02,750,0,0,Node 02: Network 1
5108,2025-07-22,00,11,12,613058,0.036145,02,750,0,0,Node 02: Network 1
5109,2025-07-22,00,11,12,670926,0.057868,03,1250,0,0,Node 03: Network 1
5110,2025-07-22,00,11,12,704630,0.033704,01,250,0,0,Node 01: Network 2
5111,2025-07-22,00,11,12,808996,0.104366,03,1266,0,0,Node 03: Network 1
5112,2025-07-22,00,11,12,842109,0.033113,02,750,0,0,Node 02: Network 1
5113,2025-07-22,00,11,12,875020,0.032911,01,250,0,0,Node 01: Network 2
5114,2025-07-22,00,11,13,149082,0.274062,BB,0,1,0,
5115,2025-07-22,00,11,14,973830,1.824748,BB,0,1,0,
5116,2025-07-22,00,11,15,031907,0.058077,01,1096,0,1,
5117,2025-07-22,00,11,15,053087,0.02118,02,1387,0,1,
5118,2025-07-22,00,11,15,084948,0.031861,03,1769,0,1,
5119,2025-07-22,00,11,15,790993,0.706045,02,750,0,0,Node 02: Network 1
5120,2025-07-22,00,11,18,972831,3.181838,BB,0,1,0,
5121,2025-07-22,00,11,19,007100,0.034269,03,848,0,1,
5122,2025-07-22,00,11,19,032127,0.025027,02,265,0,1,
5123,2025-07-22,00,11,19,044177,0.01205,01,1730,0,1,
5124,2025-07-22,00,11,20,291818,1.247641,03,1250,0,0,Node 03: Network 1
5125,2025-07-22,00,11,21,836154,1.544336,02,750,0,0,Node 02: Network 1
5126,2025-07-22,00,11,22,293975,0.457821,03,1250,0,0,Node 03: Network 1
5127,2025-07-22,00,11,23,383116,1.089141,01,250,0,0,Node 01: Network 2
5128,2025-07-22,00,11,23,927912,0.544796,02,750,0,0,Node 02: Network 1
5129,2025-07-22,00,11,24,429811,0.501899,03,1250,0,0,Node 03: Network 1
5130,2025-07-22,00,11,25,386698,0.956887,01,250,0,0,Node 01: Network 2
5131,2025-07-22,00,11,25,973878,0.58718,02,750,0,0,Node 02: Network 1
5132,2025-07-22,00,11,26,431891,0.458013,03,1250,0,0,Node 03: Network 1
5133,2025-07-22,00,11,26,971964,0.540073,BB,0,1,0,
5134,2025-07-22,00,11,27,030597,0.058633,02,256,0,1,
5135,2025-07-22,00,11,27,095219,0.064622,03,840,0,1,
5136,2025-07-22,00,11,28,971953,1.876734,BB,0,1,0,
5137,2025-07-22,00,11,29,016423,0.04447,02,254,0,1,
5138,2025-07-22,00,11,29,043469,0.027046,03,839,0,1,
5139,2025-07-22,00,11,29,057998,0.014529,01,1769,0,1,
5140,2025-07-22,00,11,29,787729,0.729731,02,750,0,0,Node 02: Network 1
5141,2025-07-22,00,11,31,333892,1.546163,01,250,0,0,Node 01: Network 2
5142,2025-07-22,00,11,31,789527,0.455635,02,750,0,0,Node 02: Network 1
5143,2025-07-22,00,11,32,336708,0.547181,03,1250,0,0,Node 03: Network 1
5144,2025-07-22,00,11,33,880376,1.543668,02,750,0,0,Node 02: Network 1
5145,2025-07-22,00,11,34,485466,0.60509,BB,0,1,0,860:0:1
5146,2025-07-22,00,11,34,501652,0.016186,BB,0,1,0,
5147,2025-07-22,00,11,34,557007,0.055355,03,349,0,1,
5148,2025-07-22,00,11,34,570022,0.013015,03,365,0,1,
5149,2025-07-22,00,11,34,609781,0.039759,BB,0,1,0,01:1096:0:1
5150,2025-07-22,00,11,34,623290,0.013509,02,1763,0,1,
5151,2025-07-22,00,11,34,666454,0.043164,01,1213,0,1,
5152,2025-07-22,00,11,34,712120,0.045666,BB,0,1,0,848:0:1
5153,2025-07-22,00,11,34,772120,0.06,01,1760,0,1,282:0:1
5154,2025-07-22,00,11,34,784696,0.012576,02,161,0,1,
5155,2025-07-22,00,11,34,838461,0.053765,03,214,0,1,
5156,2025-07-22,00,11,34,863310,0.024849,01,711,0,1,
5157,2025-07-22,00,11,34,919670,0.05636,02,1989,0,1,
5158,2025-07-22,00,11,34,981801,0.062131,02,1387,0,1,1769:0:1
5159,2025-07-22,00,11,34,996548,0.014747,01,1440,0,1,
5160,2025-07-22,00,11,35,098872,0.102324,02,265,0,1,1730:0:1
5161,2025-07-22,00,11,35,120924,0.022052,01,250,0,0,Node
5162,2025-07-22,00,11,35,204665,0.083741,02,766,0,0,Node 02: Network 1
5163,2025-07-22,00,11,35,249039,0.044374,01,141,0,1,
5164,2025-07-22,00,11,35,336424,0.087385,01,278,0,0,Node 01: Network 2
5165,2025-07-22,00,11,35,346520,0.010096,BB,0,1,0,
5166,2025-07-22,00,11,35,482615,0.136095,03,1266,0,0,Node 03: Network 1
5167,2025-07-22,00,11,35,584796,0.102181,02,750,0,0,Node 02: Network 1
5168,2025-07-22,00,11,35,617831,0.033035,01,308,0,0,Node 01: Network 2
5169,2025-07-22,00,11,35,709291,0.09146,03,1250,0,0,Node 03: Network 1
5170,2025-07-22,00,11,35,776181,0.06689,02,750,0,0,Node 02: Network 1
5171,2025-07-22,00,11,35,876157,0.099976,03,1250,0,0,Node 03: Network 1
5172,2025-07-22,00,11,35,944281,0.068124,01,250,0,0,Node 01: Network 2
5173,2025-07-22,00,11,36,026617,0.082336,02,750,0,0,Node 02: Network 1
5174,2025-07-22,00,11,36,111041,0.084424,03,1250,0,0,Node 03: Network 1
5175,2025-07-22,00,11,36,162297,0.051256,02,775,0,0,Node 02: Network 1
5176,2025-07-22,00,11,36,577390,0.415093,03,1250,0,0,Node 03: Network 1
5177,2025-07-22,00,11,36,970033,0.392643,BB,0,1,0,
5178,2025-07-22,00,11,37,014174,0.044141,03,832,0,1,
5179,2025-07-22,00,11,38,288217,1.274043,03,1250,0,0,Node 03: Network 1
5180,2025-07-22,00,11,40,288672,2.000455,03,1250,0,0,Node 03: Network 1
5181,2025-07-22,00,11,41,332362,1.04369,01,250,0,0,Node 01: Network 2
5182,2025-07-22,00,11,41,833910,0.501548,02,750,0,0,Node 02: Network 1
5183,2025-07-22,00,11,42,292245,0.458335,03,1251,0,0,Node 03: Network 1
5184,2025-07-22,00,11,43,380681,1.088436,01,250,0,0,Node 01: Network 2
5185,2025-07-22,00,11,43,925500,0.544819,02,750,0,0,Node 02: Network 1
5186,2025-07-22,00,11,44,293398,0.367898,03,1250,0,0,Node 03: Network 1
5187,2025-07-22,00,11,46,294357,2.000959,03,1250,0,0,Node 03: Network 1
5188,2025-07-22,00,11,48,968918,2.674561,BB,0,1,0,
5189,2025-07-22,00,11,49,027095,0.058177,03,822,0,1,
5190,2025-07-22,00,11,49,044670,0.017575,02,231,0,1,
5191,2025-07-22,00,11,49,059088,0.014418,01,1668,0,1,
5192,2025-07-22,00,11,52,967588,3.9085,BB,0,1,0,
5193,2025-07-22,00,11,53,033673,0.066085,02,225,0,1,
5194,2025-07-22,00,11,53,047699,0.014026,03,817,0,1,
5195,2025-07-22,00,11,53,061554,0.013855,01,1659,0,1,
5196,2025-07-22,00,11,53,418383,0.356829,BB,0,1,0,
5197,2025-07-22,00,11,53,487622,0.069239,BB,0,1,0,03:832:0:1
5198,2025-07-22,00,11,53,501353,0.013731,03,1268,0,1,
5199,2025-07-22,00,11,53,513869,0.012516,01,108,0,1,
5200,2025-07-22,00,11,53,551650,0.037781,0,,0,1,141:0:1
5201,2025-07-22,00,11,53,647591,0.095941,01,183,0,1,
5202,2025-07-22,00,11,53,667286,0.019695,02,532,0,1,
5203,2025-07-22,00,11,53,680002,0.012716,03,1349,0,1,
5204,2025-07-22,00,11,53,761486,0.081484,01,250,0,0,Node 01: Network 2
5205,2025-07-22,00,11,53,802574,0.041088,02,750,0,0,Node 02: Network 1
5206,2025-07-22,00,11,53,835689,0.033115,01,308,0,0,Node 01: Network 2
5207,2025-07-22,00,11,53,964790,0.129101,02,775,0,0,Node 02: Network 1
5208,2025-07-22,00,11,54,068815,0.104025,03,1250,0,0,Node 03: Network 1
5209,2025-07-22,00,11,54,207345,0.13853,03,1250,0,0,Node 03: Network 1
5210,2025-07-22,00,11,54,260242,0.052897,03,1250,0,0,Node 03: Network 1
5211,2025-07-22,00,11,54,323672,0.06343,01,250,0,0,Node 01: Network 2
5212,2025-07-22,00,11,54,425039,0.101367,02,750,0,0,Node 02: Network 1
5213,2025-07-22,00,11,54,459412,0.034373,03,1251,0,0,Node 03: Network 1
5214,2025-07-22,00,11,54,491613,0.032201,02,780,0,0,Node 02: Network 1
5215,2025-07-22,00,11,54,580479,0.088866,01,250,0,0,Node 01: Network 2
5216,2025-07-22,00,11,54,684960,0.104481,02,781,0,0,Node 02: Network 1
5217,2025-07-22,00,11,54,804403,0.119443,03,1250,0,0,Node 03: Network 1
5218,2025-07-22,00,11,54,967893,0.16349,BB,0,1,0,
5219,2025-07-22,00,11,55,020641,0.052748,03,816,0,1,
5220,2025-07-22,00,11,56,286865,1.266224,03,1250,0,0,Node 03: Network 1
5221,2025-07-22,00,11,57,331650,1.044785,01,250,0,0,Node 01: Network 2
5222,2025-07-22,00,11,58,378961,1.047311,03,1250,0,0,Node 03: Network 1
5223,2025-07-22,00,11,59,336251,0.95729,01,250,0,0,Node 01: Network 2
5224,2025-07-22,00,12,02,966031,3.62978,BB,0,1,0,
5225,2025-07-22,00,12,03,015394,0.049363,03,808,0,1,
5226,2025-07-22,00,12,03,047511,0.032117,01,1638,0,1,
5227,2025-07-22,00,12,03,084377,0.036866,02,214,0,1,
5228,2025-07-22,00,12,03,281043,0.196666,01,250,0,0,Node 01: Network 2
5229,2025-07-22,00,12,03,781506,0.500463,02,750,0,0,Node 02: Network 1
5230,2025-07-22,00,12,04,283471,0.501965,03,1250,0,0,Node 03: Network 1
5231,2025-07-22,00,12,05,328744,1.045273,01,250,0,0,Node 01: Network 2
5232,2025-07-22,00,12,05,827267,0.498523,02,750,0,0,Node 02: Network 1
5233,2025-07-22,00,12,06,375279,0.548012,03,1250,0,0,Node 03: Network 1
5234,2025-07-22,00,12,07,828892,1.453613,02,750,0,0,Node 02: Network 1
5235,2025-07-22,00,12,09,377215,1.548323,01,250,0,0,Node 01: Network 2
5236,2025-07-22,00,12,09,831136,0.453921,02,750,0,0,Node 02: Network 1
5237,2025-07-22,00,12,10,425364,0.594228,03,1250,0,0,Node 03: Network 1
5238,2025-07-22,00,12,11,468609,1.043245,01,250,0,0,Node 01: Network 2
5239,2025-07-22,00,12,11,834381,0.365772,02,750,0,0,Node 02: Network 1
5240,2025-07-22,00,12,12,515348,0.680967,03,1250,0,0,Node 03: Network 1
5241,2025-07-22,00,12,12,965448,0.4501,BB,0,1,0,
5242,2025-07-22,00,12,13,845666,0.880218,BB,0,1,0,03:816:0:1
5243,2025-07-22,00,12,13,889226,0.04356,02,832,0,1,
5244,2025-07-22,00,12,13,912329,0.023103,BB,0,1,0,03:808:0:1
5245,2025-07-22,00,12,13,945354,0.033025,01,694,0,1,
5246,2025-07-22,00,12,13,957568,0.012214,03,654,0,1,
5247,2025-07-22,00,12,14,006504,0.048936,02,1146,0,1,
5248,2025-07-22,00,12,14,035498,0.028994,01,1638,0,1,214:0:1
5249,2025-07-22,00,12,14,091499,0.056001,02,750,0,0,Node 02: Network 1
5250,2025-07-22,00,12,14,105146,0.013647,03,1748,0,1,
5251,2025-07-22,00,12,14,117507,0.012361,01,564,0,1,
5252,2025-07-22,00,12,14,380258,0.262751,03,1250,0,0,Node 03: Network 1
5253,2025-07-22,00,12,14,512221,0.131963,02,780,0,0,Node 02: Network 1
5254,2025-07-22,00,12,14,602289,0.090068,02,781,0,0,Node 02: Network 1
5255,2025-07-22,00,12,14,689238,0.086949,03,1250,0,0,Node 03: Network 1
5256,2025-07-22,00,12,14,752885,0.063647,02,750,0,0,Node 02: Network 1
5257,2025-07-22,00,12,14,798358,0.045473,03,1250,0,0,Node 03: Network 1
5258,2025-07-22,00,12,14,831356,0.032998,01,250,0,0,Node 01: Network 2
5259,2025-07-22,00,12,14,925110,0.093754,03,1250,0,0,Node 03: Network 1
5260,2025-07-22,00,12,14,983288,0.058178,01,250,0,0,Node 01: Network 2
5261,2025-07-22,00,12,15,103803,0.120515,01,250,0,0,Node 01: Network 2
5262,2025-07-22,00,12,15,150279,0.046476,02,750,0,0,Node 02: Network 1
5263,2025-07-22,00,12,15,187755,0.037476,BB,0,1,0,
5264,2025-07-22,00,12,15,267259,0.079504,03,1257,0,0,Node 03: Network 1
5265,2025-07-22,00,12,15,339381,0.072122,03,1036,0,1,
5266,2025-07-22,00,12,16,964580,1.625199,BB,0,1,0,
5267,2025-07-22,00,12,17,022098,0.057518,01,1609,0,1,
5268,2025-07-22,00,12,17,042115,0.020017,02,198,0,1,
5269,2025-07-22,00,12,17,141723,0.099608,03,797,0,1,
5270,2025-07-22,00,12,17,279905,0.138182,01,250,0,0,Node 01: Network 2
5271,2025-07-22,00,12,20,962714,3.682809,BB,0,1,0,
5272,2025-07-22,00,12,21,043420,0.080706,03,793,0,1,
5273,2025-07-22,00,12,21,055814,0.012394,02,193,0,1,
5274,2025-07-22,00,12,21,069350,0.013536,01,1601,0,1,
5275,2025-07-22,00,12,22,282634,1.213284,03,1250,0,0,Node 03: Network 1
5276,2025-07-22,00,12,24,282840,2.000206,03,1250,0,0,Node 03: Network 1
5277,2025-07-22,00,12,26,284010,2.00117,03,1250,0,0,Node 03: Network 1
5278,2025-07-22,00,12,28,963058,2.679048,BB,0,1,0,
5279,2025-07-22,00,12,29,017243,0.054185,03,787,0,1,
5280,2025-07-22,00,12,29,038942,0.021699,02,184,0,1,
5281,2025-07-22,00,12,29,115082,0.07614,01,1585,0,1,
5282,2025-07-22,00,12,29,278613,0.163531,01,250,0,0,Node 01: Network 2
5283,2025-07-22,00,12,29,822055,0.543442,02,750,0,0,Node 02: Network 1
5284,2025-07-22,00,12,30,298193,0.476138,03,1250,0,0,Node 03: Network 1
5285,2025-07-22,00,12,31,824358,1.526165,02,750,0,0,Node 02: Network 1
5286,2025-07-22,00,12,32,371325,0.546967,03,1250,0,0,Node 03: Network 1
5287,2025-07-22,00,12,33,370498,0.999173,01,250,0,0,Node 01: Network 2
5288,2025-07-22,00,12,33,917322,0.546824,02,750,0,0,Node 02: Network 1
5289,2025-07-22,00,12,34,372692,0.45537,03,1250,0,0,Node 03: Network 1
5290,2025-07-22,00,12,35,919042,1.54635,02,750,0,0,Node 02: Network 1
5291,2025-07-22,00,12,38,960353,3.041311,BB,0,1,0,
5292,2025-07-22,00,12,39,016679,0.056326,01,1563,0,1,
5293,2025-07-22,00,12,39,037963,0.021284,03,777,0,1,
5294,2025-07-22,00,12,39,060981,0.023018,02,171,0,1,
5295,2025-07-22,00,12,39,775873,0.714892,02,750,0,0,Node 02: Network 1
5296,2025-07-22,00,12,41,322464,1.546591,01,250,0,0,Node 01: Network 2
5297,2025-07-22,00,12,41,867176,0.544712,02,750,0,0,Node 02: Network 1
5298,2025-07-22,00,12,42,369137,0.501961,03,1250,0,0,Node 03: Network 1
5299,2025-07-22,00,12,42,477119,0.107982,BB,0,1,0,03:1257:0:0:Node 03: Network 1
5300,2025-07-22,00,12,42,500857,0.023738,BB,0,1,0,01:1609:0:1
5301,2025-07-22,00,12,42,542124,0.041267,BB,0,1,0,
5302,2025-07-22,00,12,42,593760,0.051636,03,291,0,1,
5303,2025-07-22,00,12,42,616896,0.023136,BB,0,1,0,03:787:0:1
5304,2025-07-22,00,12,42,630162,0.013266,02,1455,0,1,
5305,2025-07-22,00,12,42,643672,0.01351,01,1411,0,1,
5306,2025-07-22,00,12,42,661995,0.018323,03,315,0,1,
5307,2025-07-22,00,12,42,675997,0.014002,02,1750,0,1,
5308,2025-07-22,00,12,42,707875,0.031878,03,,1,0,0:Node 03: Network 1
5309,2025-07-22,00,12,42,774579,0.066704,03,356,0,1,
5310,2025-07-22,00,12,42,854157,0.079578,03,1036,0,1,
5311,2025-07-22,00,12,42,897855,0.043698,01,129,0,1,
5312,2025-07-22,00,12,42,940367,0.042512,02,1825,0,1,
5313,2025-07-22,00,12,42,990858,0.050491,02,198,0,1,
5314,2025-07-22,00,12,43,038178,0.04732,03,432,0,1,
5315,2025-07-22,00,12,43,053329,0.015151,03,797,0,1,
5316,2025-07-22,00,12,43,273982,0.220653,03,793,0,1,193:0:1
5317,2025-07-22,00,12,43,337778,0.063796,01,257,0,0,Node 01: Network 2
5318,2025-07-22,00,12,43,348799,0.011021,BB,0,1,0,
5319,2025-07-22,00,12,43,361538,0.012739,01,1601,0,1,
5320,2025-07-22,00,12,43,375052,0.013514,02,184,0,1,
5321,2025-07-22,00,12,43,465293,0.090241,01,1585,0,1,
5322,2025-07-22,00,12,43,601890,0.136597,03,1250,0,0,Node 03: Network 1
5323,2025-07-22,00,12,43,626346,0.024456,01,1922,0,1,
5324,2025-07-22,00,12,43,660395,0.034049,01,250,0,0,Node 01: Network 2
5325,2025-07-22,00,12,43,674903,0.014508,03,1162,0,1,
5326,2025-07-22,00,12,43,774808,0.099905,02,750,0,0,Node 02: Network 1
5327,2025-07-22,00,12,43,818988,0.04418,01,250,0,0,Node 01: Network 2
5328,2025-07-22,00,12,43,851258,0.03227,01,250,0,0,Node 01: Network 2
5329,2025-07-22,00,12,44,011838,0.16058,03,1250,0,0,Node 03: Network 1
5330,2025-07-22,00,12,44,046985,0.035147,03,1250,0,0,Node 03: Network 1
5331,2025-07-22,00,12,44,090770,0.043785,03,1250,0,0,Node 03: Network 1
5332,2025-07-22,00,12,44,122987,0.032217,01,250,0,0,Node 01: Network 2
5333,2025-07-22,00,12,44,164573,0.041586,02,750,001,281,0:0:Node 01: Network 2
5334,2025-07-22,00,12,44,251320,0.086747,,0,Node 02, Network 1,
5335,2025-07-22,00,12,44,284578,0.033258,02,750,0,0,Node 02: Network 1
5336,2025-07-22,00,12,44,318440,0.033862,03,1250,0,0,Node 03: Network 1
5337,2025-07-22,00,12,44,580466,0.262026,03,1318,0,1,
5338,2025-07-22,00,12,44,624539,0.044073,02,1992,0,1,
5339,2025-07-22,00,12,44,955654,0.331115,BB,0,1,0,
5340,2025-07-22,00,12,45,020008,0.064354,02,162,0,1,
5341,2025-07-22,00,12,46,960387,1.940379,BB,0,1,0,
5342,2025-07-22,00,12,47,015994,0.055607,02,164,0,1,
5343,2025-07-22,00,12,47,056660,0.040666,01,1918,0,1,
5344,2025-07-22,00,12,47,075727,0.019067,03,693,0,1,
5345,2025-07-22,00,12,47,277083,0.201356,01,250,0,0,Node 01: Network 2
5346,2025-07-22,00,12,47,775694,0.498611,02,750,0,0,Node 02: Network 1
5347,2025-07-22,00,12,48,278783,0.503089,03,1250,0,0,Node 03: Network 1
5348,2025-07-22,00,12,49,280081,1.001298,01,250,0,0,Node 01: Network 2
5349,2025-07-22,00,12,49,777719,0.497638,02,750,0,0,Node 02: Network 1
5350,2025-07-22,00,12,51,323877,1.546158,01,250,0,0,Node 01: Network 2
5351,2025-07-22,00,12,51,868515,0.544638,02,750,0,0,Node 02: Network 1
5352,2025-07-22,00,12,52,370949,0.502434,03,1250,0,0,Node 03: Network 1
5353,2025-07-22,00,12,54,957573,2.586624,BB,0,1,0,
5354,2025-07-22,00,12,55,012196,0.054623,01,1529,0,1,
5355,2025-07-22,00,12,55,045981,0.033785,03,763,0,1,
5356,2025-07-22,00,12,55,058562,0.012581,02,153,0,1,
5357,2025-07-22,00,12,56,277000,1.218438,03,1250,0,0,Node 03: Network 1
5358,2025-07-22,00,12,58,278624,2.001624,03,1250,0,0,Node 03: Network 1
5359,2025-07-22,00,13,00,279192,2.000568,03,1250,0,0,Node 03: Network 1
5360,2025-07-22,00,13,01,324428,1.045236,01,250,0,0,Node 01: Network 2
5361,2025-07-22,00,13,01,952623,0.628195,0,,1,1,0:0:Node 01: Network 2
5362,2025-07-22,00,13,01,980701,0.028078,BB,0,1,0,
5363,2025-07-22,00,13,02,046532,0.065831,BB,0,1,0,02:162:0:1
5364,2025-07-22,00,13,02,111744,0.065212,BB,0,1,0,02:164:0:1
5365,2025-07-22,00,13,02,146401,0.034657,03,1065,0,1,
5366,2025-07-22,00,13,02,159966,0.013565,01,1922,0,1,
5367,2025-07-22,00,13,02,173991,0.014025,02,1235,0,1,
5368,2025-07-22,00,13,02,187615,0.013624,01,1108,0,1,
5369,2025-07-22,00,13,02,264697,0.077082,02,1300,0,1,
5370,2025-07-22,00,13,02,290867,0.02617,03,1162,0,1,
5371,2025-07-22,00,13,02,378942,0.088075,03,1318,0,1,1992:0:1
5372,2025-07-22,00,13,02,418597,0.039655,01,1918,0,1,693:0:1
5373,2025-07-22,00,13,02,586940,0.168343,01,250,0,0,Node 01: Network 2
5374,2025-07-22,00,13,02,673696,0.086756,01,250,0,0,Node 01: Network 2
5375,2025-07-22,00,13,02,768750,0.095054,02,750,0,0,Node 02: Network 1
5376,2025-07-22,00,13,02,814933,0.046183,01,250,0,0,Node 01: Network 2
5377,2025-07-22,00,13,02,920075,0.105142,02,750,0,0,Node 02: Network 1
5378,2025-07-22,00,13,02,953553,0.033478,01,281,0,0,Node 01: Network 2
5379,2025-07-22,00,13,03,005507,0.051954,01,250,0,0,Node 01: Network 2
5380,2025-07-22,00,13,03,075723,0.070216,02,750,0,0,Node 02: Network 1
5381,2025-07-22,00,13,03,085880,0.010157,BB,0,1,0,
5382,2025-07-22,00,13,03,160900,0.07502,03,1250,0,0,Node 03: Network 1
5383,2025-07-22,00,13,03,207803,0.046903,01,250,0,0,Node 01: Network 2
5384,2025-07-22,00,13,03,240554,0.032751,02,750,0,0,Node 02: Network 1
5385,2025-07-22,00,13,03,362624,0.12207,01,250,0,0,Node 01: Network 2
5386,2025-07-22,00,13,03,418594,0.05597,02,750,0,0,Node 02: Network 1
5387,2025-07-22,00,13,03,450439,0.031845,02,780,0,0,Node 02: Network 1
5388,2025-07-22,00,13,03,645172,0.194733,03,1250,0,0,Node 03: Network 1
5389,2025-07-22,00,13,04,636184,0.991012,01,250,0,0,Node 01: Network 2
5390,2025-07-22,00,13,04,956347,0.320163,BB,0,1,0,
5391,2025-07-22,00,13,05,027696,0.071349,03,755,0,1,
5392,2025-07-22,00,13,05,045010,0.017314,01,1509,0,1,
5393,2025-07-22,00,13,06,276906,1.231896,03,1250,0,0,Node 03: Network 1
5394,2025-07-22,00,13,07,821539,1.544633,02,750,0,0,Node 02: Network 1
5395,2025-07-22,00,13,09,824165,2.002626,02,750,0,0,Node 02: Network 1
5396,2025-07-22,00,13,12,955652,3.131487,BB,0,1,0,
5397,2025-07-22,00,13,12,999806,0.044154,01,1492,0,1,
5398,2025-07-22,00,13,13,024932,0.025126,02,132,0,1,
5399,2025-07-22,00,13,13,097901,0.072969,03,748,0,1,
5400,2025-07-22,00,13,13,273029,0.175128,01,250,0,0,Node 01: Network 2
5401,2025-07-22,00,13,16,955684,3.682655,BB,0,1,0,
5402,2025-07-22,00,13,17,003966,0.048282,02,129,0,1,
5403,2025-07-22,00,13,17,017524,0.013558,03,745,0,1,
5404,2025-07-22,00,13,17,090453,0.072929,01,1484,0,1,
5405,2025-07-22,00,13,18,274876,1.184423,03,1250,0,0,Node 03: Network 1
5406,2025-07-22,00,13,19,818378,1.543502,02,750,0,0,Node 02: Network 1
5407,2025-07-22,00,13,20,365472,0.547094,03,1250,0,0,Node 03: Network 1
5408,2025-07-22,00,13,21,409672,1.0442,01,250,0,0,Node 01: Network 2
5409,2025-07-22,00,13,21,910353,0.500681,02,750,0,0,Node 02: Network 1
5410,2025-07-22,00,13,22,456550,0.546197,03,1250,0,0,Node 03: Network 1
5411,2025-07-22,00,13,23,413360,0.95681,01,250,0,0,Node 01: Network 2
5412,2025-07-22,00,13,23,912206,0.498846,02,750,0,0,Node 02: Network 1
5413,2025-07-22,00,13,24,458075,0.545869,03,1250,0,0,Node 03: Network 1
5414,2025-07-22,00,13,24,953688,0.495613,BB,0,1,0,
5415,2025-07-22,00,13,25,010600,0.056912,02,119,0,1,
5416,2025-07-22,00,13,25,023663,0.013063,03,738,0,1,
5417,2025-07-22,00,13,26,953118,1.929455,BB,0,1,0,
5418,2025-07-22,00,13,27,000105,0.046987,03,736,0,1,
5419,2025-07-22,00,13,27,013422,0.013317,01,1814,0,1,
5420,2025-07-22,00,13,27,043493,0.030071,02,116,0,1,
5421,2025-07-22,00,13,27,769956,0.726463,02,750,0,0,Node 02: Network 1
5422,2025-07-22,00,13,28,316450,0.546494,03,1250,0,0,Node 03: Network 1
5423,2025-07-22,00,13,29,316700,1.00025,01,250,0,0,Node 01: Network 2
5424,2025-07-22,00,13,29,876538,0.559838,BB,0,1,0,1529:0:1
5425,2025-07-22,00,13,29,904168,0.02763,BB,0,1,0,
5426,2025-07-22,00,13,29,969492,0.065324,BB,0,1,0,03:755:0:1
5427,2025-07-22,00,13,29,985139,0.015647,03,867,0,1,
5428,2025-07-22,00,13,30,007814,0.022675,BB,0,1,0,01:1492:0:1
5429,2025-07-22,00,13,30,023715,0.015901,01,908,0,1,
5430,2025-07-22,00,13,30,037252,0.013537,02,1037,0,1,
5431,2025-07-22,00,13,30,062392,0.02514,02,1064,0,1,
5432,2025-07-22,00,13,30,274499,0.212107,03,763,0,1,250:0:0:Node 01: Network 2
5433,2025-07-22,00,13,30,287639,0.01314,03,1761,0,1,
5434,2025-07-22,00,13,30,301329,0.01369,02,1142,0,1,
5435,2025-07-22,00,13,30,345490,0.044161,01,112,0,1,
5436,2025-07-22,00,13,30,359131,0.013641,02,1178,0,1,
5437,2025-07-22,00,13,30,377355,0.018224,01,1509,0,1,
5438,2025-07-22,00,13,30,415848,0.038493,03,44,0,1,
5439,2025-07-22,00,13,30,457898,0.04205,02,132,0,1,03:748:0:1
5440,2025-07-22,00,13,30,560150,0.102252,03,745,0,1,
5441,2025-07-22,00,13,30,627754,0.067604,01,1484,0,1,
5442,2025-07-22,00,13,30,699232,0.071478,03,1250,0,0,Node 03: Network 1
5443,2025-07-22,00,13,30,747217,0.047985,02,750,0,0,Node 02: Network 1
5444,2025-07-22,00,13,30,940525,0.193308,02,780,0,0,Node 02: Network 1
5445,2025-07-22,00,13,30,987066,0.046541,03,1250,0,0,Node 03: Network 1
5446,2025-07-22,00,13,31,122264,0.135198,01,250,0,0,Node 01: Network 2
5447,2025-07-22,00,13,31,161353,0.039089,BB,0,1,0,
5448,2025-07-22,00,13,31,197423,0.03607,03,1250,0,0,Node 03: Network 1
5449,2025-07-22,00,13,31,237664,0.040241,02,810,0,0,Node 02: Network 1
5450,2025-07-22,00,13,31,380221,0.142557,02,750,0,0,Node 02: Network 1
5451,2025-07-22,00,13,31,439612,0.059391,02,750,0,0,Node 02: Network 1
5452,2025-07-22,00,13,31,473766,0.034154,01,250,0,0,Node 01: Network 2
5453,2025-07-22,00,13,31,486278,0.012512,02,320,0,1,
5454,2025-07-22,00,13,31,541391,0.055113,03,1250,0,0,Node 03: Network 1
5455,2025-07-22,00,13,31,674482,0.133091,02,750,0,0,Node 02: Network 1
5456,2025-07-22,00,13,31,976360,0.301878,02,750,0,0,Node 02: Network 1
5457,2025-07-22,00,13,32,518370,0.54201,03,1250,0,0,Node 03: Network 1
5458,2025-07-22,00,13,32,745210,0.22684,01,250,0,0,Node 01: Network 2
5459,2025-07-22,00,13,32,953403,0.208193,BB,0,1,0,
5460,2025-07-22,00,13,33,009073,0.05567,01,1451,0,1,
5461,2025-07-22,00,13,36,952086,3.943013,BB,0,1,0,
5462,2025-07-22,00,13,36,996626,0.04454,03,1755,0,1,
5463,2025-07-22,00,13,37,011207,0.014581,01,1442,0,1,
5464,2025-07-22,00,13,37,036361,0.025154,02,1793,0,1,
5465,2025-07-22,00,13,38,951114,1.914753,BB,0,1,0,
5466,2025-07-22,00,13,38,987151,0.036037,03,726,0,1,
5467,2025-07-22,00,13,39,014453,0.027302,02,102,0,1,
5468,2025-07-22,00,13,39,026965,0.012512,01,1438,0,1,
5469,2025-07-22,00,13,39,768037,0.741072,02,750,0,0,Node 02: Network 1
5470,2025-07-22,00,13,40,269024,0.500987,03,1250,0,0,Node 03: Network 1
5471,2025-07-22,00,13,41,315699,1.046675,01,250,0,0,Node 01: Network 2
5472,2025-07-22,00,13,44,949960,3.634261,BB,0,1,0,
5473,2025-07-22,00,13,45,001370,0.05141,01,1424,0,1,
5474,2025-07-22,00,13,45,018140,0.01677,02,95,0,1,
5475,2025-07-22,00,13,45,058354,0.040214,03,719,0,1,
5476,2025-07-22,00,13,46,950044,1.89169,BB,0,1,0,
5477,2025-07-22,00,13,46,996350,0.046306,03,718,0,1,
5478,2025-07-22,00,13,47,023198,0.026848,02,93,0,1,
5479,2025-07-22,00,13,47,080110,0.056912,01,1421,0,1,
5480,2025-07-22,00,13,47,267123,0.187013,01,250,0,0,Node 01: Network 2
5481,2025-07-22,00,13,47,766043,0.49892,02,750,0,0,Node 02: Network 1
5482,2025-07-22,00,13,48,314051,0.548008,03,1250,0,0,Node 03: Network 1
5483,2025-07-22,00,13,49,270025,0.955974,01,250,0,0,Node 01: Network 2
5484,2025-07-22,00,13,49,814421,0.544396,02,750,0,0,Node 02: Network 1
5485,2025-07-22,00,13,51,361272,1.546851,01,250,0,0,Node 01: Network 2
5486,2025-07-22,00,13,52,408065,1.046793,03,1250,0,0,Node 03: Network 1
5487,2025-07-22,00,13,54,949673,2.541608,BB,0,1,0,
5488,2025-07-22,00,13,54,997087,0.047414,02,84,0,1,
5489,2025-07-22,00,13,55,010607,0.01352,01,1405,0,1,
5490,2025-07-22,00,13,55,034710,0.024103,03,711,0,1,
5491,2025-07-22,00,13,55,765105,0.730395,02,750,0,0,Node 02: Network 1
5492,2025-07-22,00,13,56,312295,0.54719,03,1250,0,0,Node 03: Network 1
5493,2025-07-22,00,13,57,767135,1.45484,02,750,0,0,Node 02: Network 1
5494,2025-07-22,00,13,58,313639,0.546504,03,1250,0,0,Node 03: Network 1
5495,2025-07-22,00,13,58,417091,0.103452,BB,0,1,0,02:810:0:0:Node 02: Network 1
5496,2025-07-22,00,13,58,455985,0.038894,BB,0,1,0,01:1451:0:1
5497,2025-07-22,00,13,58,468498,0.012513,03,176,0,1,
5498,2025-07-22,00,13,58,535918,0.06742,BB,0,1,0,01:1442:0:1
5499,2025-07-22,00,13,58,566989,0.031071,03,238,0,1,
5500,2025-07-22,00,13,58,587516,0.020527,BB,0,1,0,726:0:1
5501,2025-07-22,00,13,58,626788,0.039272,BB,0,1,0,01:1424:0:1
5502,2025-07-22,00,13,58,661860,0.035072,BB,0,1,0,03:718:0:1
5503,2025-07-22,00,13,58,675974,0.014114,02,1533,0,1,
5504,2025-07-22,00,13,58,728041,0.052067,02,320,0,1,
5505,2025-07-22,00,13,58,795928,0.067887,02,118,0,1,
5506,2025-07-22,00,13,58,820254,0.024326,03,1755,0,1,1793:0:1
5507,2025-07-22,00,13,58,832761,0.012507,03,119,0,1,
5508,2025-07-22,00,13,58,891258,0.058497,02,10201,1463,0,1
5509,2025-07-22,00,13,58,903827,0.012569,03,385,0,1,
5510,2025-07-22,00,13,58,920377,0.01655,,0,1,1438,0:1
5511,2025-07-22,00,13,58,939986,0.019609,02,1758,0,1,
5512,2025-07-22,00,13,58,963060,0.023074,02,95,0,1,719:0:1
5513,2025-07-22,00,13,59,005864,0.042804,01,984,0,1,
5514,2025-07-22,00,13,59,017956,0.012092,03,428,0,1,
5515,2025-07-22,00,13,59,031972,0.014016,01,1036,0,1,
5516,2025-07-22,00,13,59,062182,0.03021,02,93,0,1,01:1421:0:1
5517,2025-07-22,00,13,59,127240,0.065058,01,1074,0,1,
5518,2025-07-22,00,13,59,161409,0.034169,03,1250,0,0,Node 03: Network 1
5519,2025-07-22,00,13,59,194828,0.033419,01,250,0,0,Node 01: Network 2
5520,2025-07-22,00,13,59,319361,0.124533,02,750,0,0,Node 02: Network 1
5521,2025-07-22,00,13,59,356169,0.036808,03,1250,0,0,Node 03: Network 1
5522,2025-07-22,00,13,59,406170,0.050001,01,288,0,1,
5523,2025-07-22,00,13,59,494612,0.088442,BB,0,1,0,
5524,2025-07-22,00,13,59,533211,0.038599,01,250,0,0,Node 01: Network 2
5525,2025-07-22,00,13,59,616846,0.083635,02,750,0,0,Node 02: Network 1
5526,2025-07-22,00,13,59,673740,0.056894,03,1250,0,0,Node 03: Network 1
5527,2025-07-22,00,13,59,766370,0.09263,01,281,0,0,Node 01: Network 2
5528,2025-07-22,00,13,59,797311,0.030941,02,289,0,1,
5529,2025-07-22,00,13,59,888115,0.090804,01,250,0,0,Node 01: Network 2
5530,2025-07-22,00,13,59,924174,0.036059,01,250,0,0,Node 01: Network 2
5531,2025-07-22,00,13,59,957183,0.033009,02,780,0,0,Node 02: Network 1
5532,2025-07-22,00,14,00,040595,0.083412,02,750,0,0,Node 02: Network 1
5533,2025-07-22,00,14,00,135171,0.094576,03,1250,0,0,Node 03: Network 1
5534,2025-07-22,00,14,00,378473,0.243302,02,806,0,0,Node 02: Network 1
5535,2025-07-22,00,14,00,673346,0.294873,03,1250,0,0,Node 03: Network 1
5536,2025-07-22,00,14,00,727929,0.054583,01,250,0,0,Node 01: Network 2
5537,2025-07-22,00,14,00,947982,0.220053,BB,0,1,0,
5538,2025-07-22,00,14,02,948140,2.000158,BB,0,1,0,
5539,2025-07-22,00,14,03,006478,0.058338,01,548,0,1,
5540,2025-07-22,00,14,03,018109,0.011631,02,51,0,1,
5541,2025-07-22,00,14,03,031616,0.013507,03,1730,0,1,
5542,2025-07-22,00,14,03,765415,0.733799,02,750,0,0,Node 02: Network 1
5543,2025-07-22,00,14,04,265770,0.500355,03,1250,0,0,Node 03: Network 1
5544,2025-07-22,00,14,05,313212,1.047442,01,250,0,0,Node 01: Network 2
5545,2025-07-22,00,14,05,857569,0.544357,02,750,0,0,Node 02: Network 1
5546,2025-07-22,00,14,06,268001,0.410432,03,1251,0,0,Node 03: Network 1
5547,2025-07-22,00,14,07,403581,1.13558,01,250,0,0,Node 01: Network 2
5548,2025-07-22,00,14,07,811084,0.407503,02,750,0,0,Node 02: Network 1
5549,2025-07-22,00,14,09,812520,2.001436,02,750,0,0,Node 02: Network 1
5550,2025-07-22,00,14,12,946283,3.133763,BB,0,1,0,
5551,2025-07-22,00,14,12,999437,0.053154,01,1366,0,1,
5552,2025-07-22,00,14,13,011946,0.012509,03,696,0,1,
5553,2025-07-22,00,14,13,055640,0.043694,02,63,0,1,
5554,2025-07-22,00,14,14,266258,1.210618,03,1250,0,0,Node 03: Network 1
5555,2025-07-22,00,14,15,310675,1.044417,01,250,0,0,Node 01: Network 2
5556,2025-07-22,00,14,15,810441,0.499766,02,750,0,0,Node 02: Network 1
5557,2025-07-22,00,14,15,900698,0.090257,0,,1,1,0:1
5558,2025-07-22,00,14,15,945306,0.044608,BB,0,1,0,
5559,2025-07-22,00,14,16,018127,0.072821,02,1059,0,1,
5560,2025-07-22,00,14,16,033637,0.01551,BB,0,1,0,
5561,2025-07-22,00,14,16,073604,0.039967,BB,0,1,0,01:548:0:1
5562,2025-07-22,00,14,16,086665,0.013061,03,1692,0,1,
5563,2025-07-22,00,14,16,154998,0.068333,01,288,0,1,
5564,2025-07-22,00,14,16,168052,0.013054,02,135,0,1,
5565,2025-07-22,00,14,16,205374,0.037322,01,1045,0,1,
5566,2025-07-22,00,14,16,265573,0.060199,01,487,0,1,
5567,2025-07-22,00,14,16,296169,0.030596,02,51,0,1,1730:0:1
5568,2025-07-22,00,14,16,327819,0.03165,03,1790,0,1,
5569,2025-07-22,00,14,16,373955,0.046136,01,250,0,0,Node 01: Network 2
5570,2025-07-22,00,14,16,387419,0.013464,03,37,0,1,
5571,2025-07-22,00,14,16,536003,0.148584,02,750,0,0,Node 02: Network 1
5572,2025-07-22,00,14,16,569132,0.033129,01,281,0,0,Node 01: Network 2
5573,2025-07-22,00,14,16,706889,0.137757,02,780,0,0,Node 02: Network 1
5574,2025-07-22,00,14,16,795986,0.089097,02,806,0,0,Node 02: Network 1
5575,2025-07-22,00,14,16,916043,0.120057,03,1250,0,0,Node 03: Network 1
5576,2025-07-22,00,14,17,011155,0.095112,01,250,0,0,Node 01: Network 2
5577,2025-07-22,00,14,17,067573,0.056418,02,750,0,0,Node 02: Network 1
5578,2025-07-22,00,14,17,187028,0.119455,02,781,0,0,Node 02: Network 1
5579,2025-07-22,00,14,17,258555,0.071527,02,773,0,0,Node 02: Network 1
5580,2025-07-22,00,14,17,293621,0.035066,03,1250,0,0,Node 03: Network 1
5581,2025-07-22,00,14,17,303763,0.010142,BB,0,1,0,
5582,2025-07-22,00,14,17,337015,0.033252,01,250,0,0,Node 01: Network 2
5583,2025-07-22,00,14,17,370890,0.033875,02,750,0,0,Node 02: Network 1
5584,2025-07-22,00,14,17,610118,0.239228,01,281,0,0,Node 01: Network 2
5585,2025-07-22,00,14,17,954597,0.344479,02,750,0,0,Node 02: Network 1
5586,2025-07-22,00,14,18,457250,0.502653,03,1250,0,0,Node 03: Network 1
5587,2025-07-22,00,14,18,945891,0.488641,BB,0,1,0,
5588,2025-07-22,00,14,20,945607,1.999716,BB,0,1,0,
5589,2025-07-22,00,14,20,990844,0.045237,03,1812,0,1,
5590,2025-07-22,00,14,21,004394,0.01355,01,1763,0,1,
5591,2025-07-22,00,14,21,017832,0.013438,02,1766,0,1,
5592,2025-07-22,00,14,21,761661,0.743829,02,750,0,0,Node 02: Network 1
5593,2025-07-22,00,14,22,307883,0.546222,03,1250,0,0,Node 03: Network 1
5594,2025-07-22,00,14,23,351868,1.043985,01,250,0,0,Node 01: Network 2
5595,2025-07-22,00,14,23,852533,0.500665,02,751,0,0,Node 02: Network 1
5596,2025-07-22,00,14,24,309328,0.456795,03,1250,0,0,Node 03: Network 1
5597,2025-07-22,00,14,25,353526,1.044198,01,250,0,0,Node 01: Network 2
5598,2025-07-22,00,14,26,400922,1.047396,03,1250,0,0,Node 03: Network 1
5599,2025-07-22,00,14,28,944203,2.543281,BB,0,1,0,
5600,2025-07-22,00,14,28,991490,0.047287,02,44,0,1,
5601,2025-07-22,00,14,29,029284,0.037794,03,681,0,1,
5602,2025-07-22,00,14,29,073922,0.044638,01,1333,0,1,
5603,2025-07-22,00,14,29,260489,0.186567,01,250,0,0,Node 01: Network 2
5604,2025-07-22,00,14,29,759205,0.498716,02,750,0,0,Node 02: Network 1
5605,2025-07-22,00,14,30,262486,0.503281,03,1250,0,0,Node 03: Network 1
5606,2025-07-22,00,14,31,306492,1.044006,01,250,0,0,Node 01: Network 2
5607,2025-07-22,00,14,31,762771,0.456279,02,750,0,0,Node 02: Network 1
5608,2025-07-22,00,14,32,353916,0.591145,03,1250,0,0,Node 03: Network 1
5609,2025-07-22,00,14,33,311389,0.957473,01,250,0,0,Node 01: Network 2
5610,2025-07-22,00,14,33,799051,0.487662,02,750,0,0,Node 02: Network 1
5611,2025-07-22,00,14,33,889981,0.09093,BB,0,1,0,
5612,2025-07-22,00,14,33,950614,0.060633,BB,0,1,0,
5613,2025-07-22,00,14,33,962530,0.011916,01,269,0,1,
5614,2025-07-22,00,14,33,986813,0.024283,BB,0,1,0,03:1812:0:1
5615,2025-07-22,00,14,34,098763,0.11195,01,1763,0,1,1766:0:1
5616,2025-07-22,00,14,34,133877,0.035114,01,329,0,1,
5617,2025-07-22,00,14,34,158934,0.025057,02,1009,0,1,
5618,2025-07-22,00,14,34,181620,0.022686,03,921,0,1,
5619,2025-07-22,00,14,34,197550,0.01593,02,45,0,1,
5620,2025-07-22,00,14,34,209563,0.012013,01,367,0,1,
5621,2025-07-22,00,14,34,243530,0.033967,01,250,0,0,Node 01: Network 2
5622,2025-07-22,00,14,34,296911,0.053381,02,781,0,0,Node 02: Network 1
5623,2025-07-22,00,14,34,418903,0.121992,02,773,0,0,Node 02: Network 1
5624,2025-07-22,00,14,34,499991,0.081088,01,281,0,0,Node 01: Network 2
5625,2025-07-22,00,14,34,616360,0.116369,01,281,0,0,Node 01: Network 2
5626,2025-07-22,00,14,34,648926,0.032566,02,811,0,0,Node 02: Network 1
5627,2025-07-22,00,14,34,730402,0.081476,03,1250,0,0,Node 03: Network 1
5628,2025-07-22,00,14,34,800369,0.069967,02,750,0,0,Node 02: Network 1
5629,2025-07-22,00,14,34,855461,0.055092,03,1250,0,0,Node 03: Network 1
5630,2025-07-22,00,14,34,952474,0.097013,01,250,0,0,Node 01: Network 2
5631,2025-07-22,00,14,34,988576,0.036102,02,751,0,0,Node 02: Network 1
5632,2025-07-22,00,14,35,161543,0.172967,BB,0,1,0,
5633,2025-07-22,00,14,36,943274,1.781731,BB,0,1,0,
5634,2025-07-22,00,14,36,980195,0.036921,03,978,0,1,
5635,2025-07-22,00,14,37,000102,0.019907,02,1455,0,1,
5636,2025-07-22,00,14,37,067158,0.067056,01,1322,0,1,
5637,2025-07-22,00,14,37,259115,0.191957,01,250,0,0,Node 01: Network 2
5638,2025-07-22,00,14,37,759607,0.500492,02,750,0,0,Node 02: Network 1
5639,2025-07-22,00,14,39,263587,1.50398,01,250,0,0,Node 01: Network 2
5640,2025-07-22,00,14,40,309429,1.045842,03,1250,0,0,Node 03: Network 1
5641,2025-07-22,00,14,41,266429,0.957,01,250,0,0,Node 01: Network 2
5642,2025-07-22,00,14,41,854482,0.588053,02,750,0,0,Node 02: Network 1
5643,2025-07-22,00,14,42,311408,0.456926,03,1250,0,0,Node 03: Network 1
5644,2025-07-22,00,14,43,270362,0.958954,01,250,0,0,Node 01: Network 2
5645,2025-07-22,00,14,43,856520,0.586158,02,750,0,0,Node 02: Network 1
5646,2025-07-22,00,14,44,312585,0.456065,03,1250,0,0,Node 03: Network 1
5647,2025-07-22,00,14,45,274752,0.962167,01,250,0,0,Node 01: Network 2
5648,2025-07-22,00,14,45,857322,0.58257,02,750,0,0,Node 02: Network 1
5649,2025-07-22,00,14,46,320525,0.463203,03,1250,0,0,Node 03: Network 1
5650,2025-07-22,00,14,47,278391,0.957866,01,250,0,0,Node 01: Network 2
5651,2025-07-22,00,14,47,860687,0.582296,02,750,0,0,Node 02: Network 1
5652,2025-07-22,00,14,48,322768,0.462081,03,1250,0,0,Node 03: Network 1
5653,2025-07-22,00,14,49,406341,1.083573,01,250,0,0,Node 01: Network 2
5654,2025-07-22,00,14,49,863510,0.457169,02,751,0,0,Node 02: Network 1
5655,2025-07-22,00,14,51,407755,1.544245,01,250,0,0,Node 01: Network 2
5656,2025-07-22,00,14,51,865308,0.457553,02,750,0,0,Node 02: Network 1
5657,2025-07-22,00,14,52,348482,0.483174,BB,0,1,0,
5658,2025-07-22,00,14,52,403775,0.055293,BB,0,1,0,978:0:1
5659,2025-07-22,00,14,52,416813,0.013038,01,692,0,1,
5660,2025-07-22,00,14,52,442361,0.025548,02,1425,0,1,
5661,2025-07-22,00,14,52,503573,0.061212,02,1455,0,1,01:1322:0:1
5662,2025-07-22,00,14,52,516103,0.01253,01,748,0,1,
5663,2025-07-22,00,14,52,558061,0.041958,02,1481,0,1,
5664,2025-07-22,00,14,52,572090,0.014029,03,1274,0,1,
5665,2025-07-22,00,14,52,636777,0.064687,03,1250,0,0,Node 03: Network 1
5666,2025-07-22,00,14,52,670314,0.033537,01,250,0,0,Node 01: Network 2
5667,2025-07-22,00,14,52,733386,0.063072,01,281,0,0,Node 01: Network 2
5668,2025-07-22,00,14,52,899761,0.166375,02,811,0,0,Node 02: Network 1
5669,2025-07-22,00,14,52,965089,0.065328,01,255,0,0,Node 01: Network 2
5670,2025-07-22,00,14,53,050943,0.085854,01,250,0,0,Node 01: Network 2
5671,2025-07-22,00,14,53,084908,0.033965,03,1280,0,0,Node 03: Network 1
5672,2025-07-22,00,14,53,117872,0.032964,02,750,0,0,Node 02: Network 1
5673,2025-07-22,00,14,53,168119,0.050247,01,250,0,0,Node 01: Network 2
5674,2025-07-22,00,14,53,186294,0.018175,BB,0,1,0,
5675,2025-07-22,00,14,53,280361,0.094067,03,1250,0,0,Node 03: Network 1
5676,2025-07-22,00,14,53,331476,0.051115,01,250,0,0,Node 01: Network 2
5677,2025-07-22,00,14,53,373880,0.042404,02,750,0,0,Node 02: Network 1
5678,2025-07-22,00,14,53,445284,0.071404,03,1250,0,0,Node 03: Network 1
5679,2025-07-22,00,14,53,626014,0.18073,03,1280,0,0,Node 03: Network 1
5680,2025-07-22,00,14,53,658393,0.032379,01,280,0,0,Node 01: Network 2
5681,2025-07-22,00,14,53,690637,0.032244,02,780,0,0,Node 02: Network 1
5682,2025-07-22,00,14,53,798945,0.108308,03,1281,0,0,Node 03: Network 1
5683,2025-07-22,00,14,54,940982,1.142037,BB,0,1,0,
5684,2025-07-22,00,14,55,002672,0.06169,01,1279,0,1,
5685,2025-07-22,00,14,58,939833,3.937161,BB,0,1,0,
5686,2025-07-22,00,14,58,998180,0.058347,01,1270,0,1,
5687,2025-07-22,00,14,59,021058,0.022878,02,606,0,1,
5688,2025-07-22,00,14,59,064095,0.043037,03,771,0,1,
5689,2025-07-22,00,14,59,255750,0.191655,01,250,0,0,Node 01: Network 2
5690,2025-07-22,00,14,59,799156,0.543406,02,750,0,0,Node 02: Network 1
5691,2025-07-22,00,15,01,802105,2.002949,02,750,0,0,Node 02: Network 1
5692,2025-07-22,00,15,03,349888,1.547783,01,250,0,0,Node 01: Network 2
5693,2025-07-22,00,15,03,803354,0.453466,02,750,0,0,Node 02: Network 1
5694,2025-07-22,00,15,04,395470,0.592116,03,1250,0,0,Node 03: Network 1
5695,2025-07-22,00,15,05,805852,1.410382,02,750,0,0,Node 02: Network 1
5696,2025-07-22,00,15,06,396835,0.590983,03,1250,0,0,Node 03: Network 1
5697,2025-07-22,00,15,07,441393,1.044558,01,250,0,0,Node 01: Network 2
5698,2025-07-22,00,15,08,485962,1.044569,03,1250,0,0,Node 03: Network 1
5699,2025-07-22,00,15,08,938053,0.452091,BB,0,1,0,
5700,2025-07-22,00,15,08,976111,0.038058,02,1998,0,1,
5701,2025-07-22,00,15,09,755080,0.778969,02,750,0,0,Node 02: Network 1
5702,2025-07-22,00,15,12,937935,3.182855,BB,0,1,0,
5703,2025-07-22,00,15,13,009897,0.071962,03,644,0,1,
5704,2025-07-22,00,15,13,024240,0.014343,02,1993,0,1,
5705,2025-07-22,00,15,13,045051,0.020811,01,1241,0,1,
5706,2025-07-22,00,15,13,434044,0.388993,0,01,1,0,0:Node 01: Network 2
5707,2025-07-22,00,15,13,466951,0.032907,BB,0,1,0,
5708,2025-07-22,00,15,13,503422,0.036471,02,522,0,1,
5709,2025-07-22,00,15,13,523533,0.020111,01,1769,0,1,
5710,2025-07-22,00,15,13,537068,0.013535,03,1172,0,1,
5711,2025-07-22,00,15,13,561639,0.024571,BB,0,1,0,01:1279:0:1
5712,2025-07-22,00,15,13,585196,0.023557,BB,0,1,0,01:1270:0:1
5713,2025-07-22,00,15,13,797926,0.21273,01,126,0,1,
5714,2025-07-22,00,15,13,856194,0.058268,02,606,0,1,03:771:0:1
5715,2025-07-22,00,15,13,868473,0.012279,02,617,0,1,
5716,2025-07-22,00,15,13,881985,0.013512,03,1253,0,1,
5717,2025-07-22,00,15,13,893707,0.011722,02,45,0,1,
5718,2025-07-22,00,15,13,927099,0.033392,01,250,0,0,Node 01: Network 2
5719,2025-07-22,00,15,13,940200,0.013101,03,1291,0,1,
5720,2025-07-22,00,15,13,988194,0.047994,02,750,0,0,Node 02: Network 1
5721,2025-07-22,00,15,14,078264,0.09007,03,1280,0,0,Node 03: Network 1
5722,2025-07-22,00,15,14,137015,0.058751,01,280,0,0,Node 01: Network 2
5723,2025-07-22,00,15,14,171314,0.034299,03,1280,0,0,Node 03: Network 1
5724,2025-07-22,00,15,14,204868,0.033554,02,780,0,0,Node 02: Network 1
5725,2025-07-22,00,15,14,418987,0.214119,03,1281,0,0,Node 03: Network 1
5726,2025-07-22,00,15,14,497210,0.078223,02,750,0,0,Node 02: Network 1
5727,2025-07-22,00,15,14,671826,0.174616,01,250,0,0,Node 01: Network 2
5728,2025-07-22,00,15,14,716842,0.045016,03,1250,0,0,Node 03: Network 1
5729,2025-07-22,00,15,14,770974,0.054132,02,750,0,0,Node 02: Network 1
5730,2025-07-22,00,15,14,840712,0.069738,02,750,0,0,Node 02: Network 1
5731,2025-07-22,00,15,14,941327,0.100615,01,250,0,0,Node 01: Network 2
5732,2025-07-22,00,15,15,082855,0.141528,BB,0,1,0,
5733,2025-07-22,00,15,16,936774,1.853919,BB,0,1,0,
5734,2025-07-22,00,15,16,997304,0.06053,02,1359,0,1,
5735,2025-07-22,00,15,17,017057,0.019753,01,1724,0,1,
5736,2025-07-22,00,15,17,030551,0.013494,03,1726,0,1,
5737,2025-07-22,00,15,17,753406,0.722855,02,750,0,0,Node 02: Network 1
5738,2025-07-22,00,15,18,299723,0.546317,03,1250,0,0,Node 03: Network 1
5739,2025-07-22,00,15,19,755573,1.45585,02,750,0,0,Node 02: Network 1
5740,2025-07-22,00,15,20,303258,0.547685,03,1250,0,0,Node 03: Network 1
5741,2025-07-22,00,15,21,349202,1.045944,01,250,0,0,Node 01: Network 2
5742,2025-07-22,00,15,21,758008,0.408806,02,750,0,0,Node 02: Network 1
5743,2025-07-22,00,15,22,304817,0.546809,03,1250,0,0,Node 03: Network 1
5744,2025-07-22,00,15,24,936148,2.631331,BB,0,1,0,
5745,2025-07-22,00,15,25,013789,0.077641,02,1980,0,1,
5746,2025-07-22,00,15,25,039864,0.026075,01,1217,0,1,
5747,2025-07-22,00,15,25,084911,0.045047,03,633,0,1,
5748,2025-07-22,00,15,26,935138,1.850227,BB,0,1,0,
5749,2025-07-22,00,15,26,973103,0.037965,03,631,0,1,
5750,2025-07-22,00,15,27,010138,0.037035,02,1977,0,1,
5751,2025-07-22,00,15,27,041177,0.031039,01,1212,0,1,
5752,2025-07-22,00,15,27,252593,0.211416,01,251,0,0,Node 01: Network 2
5753,2025-07-22,00,15,27,795374,0.542781,02,750,0,0,Node 02: Network 1
5754,2025-07-22,00,15,28,298145,0.502771,03,1250,0,0,Node 03: Network 1
5755,2025-07-22,00,15,29,343362,1.045217,01,250,0,0,Node 01: Network 2
5756,2025-07-22,00,15,29,796661,0.453299,02,750,0,0,Node 02: Network 1
5757,2025-07-22,00,15,30,389904,0.593243,03,1250,0,0,Node 03: Network 1
5758,2025-07-22,00,15,31,344072,0.954168,01,250,0,0,Node 01: Network 2
5759,2025-07-22,00,15,32,342634,0.998562,BB,0,1,0,
5760,2025-07-22,00,15,32,382456,0.039822,02,1379,0,1,
5761,2025-07-22,00,15,32,410226,0.02777,BB,0,1,0,02:1359:0:1
5762,2025-07-22,00,15,32,442914,0.032688,03,1250,0,0,Node 03: Network 1
5763,2025-07-22,00,15,32,461607,0.018693,01,608,0,1,
5764,2025-07-22,00,15,32,523344,0.061737,01,1724,0,1,1726:0:1
5765,2025-07-22,00,15,32,565803,0.042459,02,750,0,0,Node 02: Network 1
5766,2025-07-22,00,15,32,604938,0.039135,03,1347,0,1,
5767,2025-07-22,00,15,32,644054,0.039116,02,1480,0,1,
5768,2025-07-22,00,15,32,680651,0.036597,01,676,0,1,
5769,2025-07-22,00,15,32,726226,0.045575,03,1250,0,0,Node 03: Network 1
5770,2025-07-22,00,15,32,784959,0.058733,02,750,0,0,Node 02: Network 1
5771,2025-07-22,00,15,32,820037,0.035078,03,1250,0,0,Node 03: Network 1
5772,2025-07-22,00,15,32,962037,0.142,02,750,0,0,Node 02: Network 1
5773,2025-07-22,00,15,33,019052,0.057015,01,255,0,0,Node 01: Network 2
5774,2025-07-22,00,15,33,053605,0.034553,03,1250,0,0,Node 03: Network 1
5775,2025-07-22,00,15,33,064154,0.010549,BB,0,1,0,
5776,2025-07-22,00,15,33,097132,0.032978,03,1282,0,0,Node 03: Network 1
5777,2025-07-22,00,15,33,276781,0.179649,02,750,0,0,Node 02: Network 1
5778,2025-07-22,00,15,33,343725,0.066944,03,1250,0,0,Node 03: Network 1
5779,2025-07-22,00,15,33,388260,0.044535,01,250,0,0,Node 01: Network 2
5780,2025-07-22,00,15,33,423836,0.035576,02,750,0,0,Node 02: Network 1
5781,2025-07-22,00,15,33,528662,0.104826,03,1250,0,0,Node 03: Network 1
5782,2025-07-22,00,15,33,821833,0.293171,03,1250,0,0,Node 03: Network 1
5783,2025-07-22,00,15,34,085828,0.263995,01,250,0,0,Node 01: Network 2
5784,2025-07-22,00,15,34,609628,0.5238,02,750,0,0,Node 02: Network 1
5785,2025-07-22,00,15,34,933860,0.324232,BB,0,1,0,
5786,2025-07-22,00,15,36,933804,1.999944,BB,0,1,0,
5787,2025-07-22,00,15,36,973006,0.039202,02,1144,0,1,
5788,2025-07-22,00,15,37,020990,0.047984,03,1101,0,1,
5789,2025-07-22,00,15,37,034685,0.013695,01,1166,0,1,
5790,2025-07-22,00,15,37,749766,0.715081,02,750,0,0,Node 02: Network 1
5791,2025-07-22,00,15,39,751308,2.001542,02,750,0,0,Node 02: Network 1
5792,2025-07-22,00,15,40,297304,0.545996,03,1250,0,0,Node 03: Network 1
5793,2025-07-22,00,15,41,298145,1.000841,01,250,0,0,Node 01: Network 2
5794,2025-07-22,00,15,41,839707,0.541562,02,750,0,0,Node 02: Network 1
5795,2025-07-22,00,15,42,297730,0.458023,03,1250,0,0,Node 03: Network 1
5796,2025-07-22,00,15,43,301394,1.003664,01,250,0,0,Node 01: Network 2
5797,2025-07-22,00,15,44,348588,1.047194,03,1250,0,0,Node 03: Network 1
5798,2025-07-22,00,15,45,893330,1.544742,02,750,0,0,Node 02: Network 1
5799,2025-07-22,00,15,46,351167,0.457837,03,1251,0,0,Node 03: Network 1
5800,2025-07-22,00,15,47,895830,1.544663,02,750,0,0,Node 02: Network 1
5801,2025-07-22,00,15,49,441531,1.545701,01,250,0,0,Node 01: Network 2
5802,2025-07-22,00,15,49,897576,0.456045,02,750,0,0,Node 02: Network 1
5803,2025-07-22,00,15,50,488004,0.590428,03,1250,0,0,Node 03: Network 1
5804,2025-07-22,00,15,50,930664,0.44266,BB,0,1,0,
5805,2025-07-22,00,15,50,994095,0.063431,03,610,0,1,
5806,2025-07-22,00,15,52,249847,1.255752,03,1250,0,0,Node 03: Network 1
5807,2025-07-22,00,15,53,293432,1.043585,01,250,0,0,Node 01: Network 2
5808,2025-07-22,00,15,53,375538,0.082106,BB,0,1,0,1980:0:1
5809,2025-07-22,00,15,53,431161,0.055623,01,1600,0,1,
5810,2025-07-22,00,15,53,477351,0.04619,BB,0,1,0,63
5811,2025-07-22,00,15,53,529427,0.052076,03,1052,BB,0,1:0:03:1282:0:0:Node 03: Network 1
5812,2025-07-22,00,15,53,533938,0.004511,0,1,,,
5813,2025-07-22,00,15,53,584188,0.05025,BB,0,1,0,
5814,2025-07-22,00,15,53,659668,0.07548,BB,0,1,0,1144:0:1
5815,2025-07-22,00,15,53,687024,0.027356,01,1702,0,1,
5816,2025-07-22,00,15,53,699457,0.012433,03,1153,0,1,
5817,2025-07-22,00,15,53,713238,0.013781,02,509,0,1,
5818,2025-07-22,00,15,53,753980,0.040742,01,1217,0,1,633:0:1
5819,2025-07-22,00,15,53,768671,0.014691,03,61,0,1,
5820,2025-07-22,00,15,53,833456,0.064785,02,599,0,1,
5821,2025-07-22,00,15,53,858025,0.024569,03,1101,0,1,1166:0:1
5822,2025-07-22,00,15,53,874669,0.016644,01,200,0,1,
5823,2025-07-22,00,15,53,907614,0.032945,01,255,0,0,Node 01: Network 2
5824,2025-07-22,00,15,53,921372,0.013758,03,1261,0,1,
5825,2025-07-22,00,15,54,037264,0.115892,03,1250,0,0,Node 03: Network 1
5826,2025-07-22,00,15,54,143882,0.106618,03,1343,0,1,
5827,2025-07-22,00,15,54,199614,0.055732,01,250,0,0,Node 01: Network 2
5828,2025-07-22,00,15,54,426451,0.226837,02,750,0,0,Node 02: Network 1
5829,2025-07-22,00,15,54,513613,0.087162,02,750,0,0,Node 02: Network 1
5830,2025-07-22,00,15,54,546220,0.032607,01,279,0,0,Node 01: Network 2
5831,2025-07-22,00,15,54,675457,0.129237,03,1250,0,0,Node 03: Network 1
5832,2025-07-22,00,15,54,707560,0.032103,02,750,0,0,Node 02: Network 1
5833,2025-07-22,00,15,54,790341,0.082781,02,779,0,0,Node 02: Network 1
5834,2025-07-22,00,15,54,876433,0.086092,01,250,0,0,Node 01: Network 2
5835,2025-07-22,00,15,54,982989,0.106556,02,750,0,0,Node 02: Network 1
5836,2025-07-22,00,15,55,035072,0.052083,03,1250,0,0,Node 03: Network 1
5837,2025-07-22,00,15,55,068271,0.033199,01,250,0,0,Node 01: Network 2
5838,2025-07-22,00,15,55,079288,0.011017,BB,0,1,0,
5839,2025-07-22,00,15,55,112619,0.033331,03,1251,0,0,Node 03: Network 1
5840,2025-07-22,00,15,55,320111,0.207492,02,779,0,0,Node 02: Network 1
5841,2025-07-22,00,15,55,838854,0.518743,03,1250,0,0,Node 03: Network 1
5842,2025-07-22,00,15,56,142606,0.303752,01,250,0,0,Node 01: Network 2
5843,2025-07-22,00,15,56,931391,0.788785,BB,0,1,0,
5844,2025-07-22,00,15,56,999011,0.06762,02,1943,0,1,
5845,2025-07-22,00,15,57,747633,0.748622,02,750,0,0,Node 02: Network 1
5846,2025-07-22,00,15,59,749647,2.002014,02,750,0,0,Node 02: Network 1
5847,2025-07-22,00,16,01,751279,2.001632,02,750,0,0,Node 02: Network 1
5848,2025-07-22,00,16,02,297009,0.54573,03,1250,0,0,Node 03: Network 1
5849,2025-07-22,00,16,03,752765,1.455756,02,750,0,0,Node 02: Network 1
5850,2025-07-22,00,16,04,298255,0.54549,03,1250,0,0,Node 03: Network 1
5851,2025-07-22,00,16,05,300672,1.002417,01,251,0,0,Node 01: Network 2
5852,2025-07-22,00,16,05,842543,0.541871,02,750,0,0,Node 02: Network 1
5853,2025-07-22,00,16,06,299324,0.456781,03,1250,0,0,Node 03: Network 1
5854,2025-07-22,00,16,07,390141,1.090817,01,250,0,0,Node 01: Network 2
5855,2025-07-22,00,16,07,844263,0.454122,02,750,0,0,Node 02: Network 1
5856,2025-07-22,00,16,08,300242,0.455979,03,1250,0,0,Node 03: Network 1
5857,2025-07-22,00,16,09,844907,1.544665,02,750,0,0,Node 02: Network 1
5858,2025-07-22,00,16,11,392387,1.54748,01,250,0,0,Node 01: Network 2
5859,2025-07-22,00,16,11,850219,0.457832,BB,0,1,0,1251:0:0:Node 03: Network 1
5860,2025-07-22,00,16,11,873848,0.023629,BB,0,1,0,02:1943:0:1
5861,2025-07-22,00,16,11,914980,0.041132,03,1343,0,1,
5862,2025-07-22,00,16,11,974034,0.059054,03,1250,0,0,Node 03: Network 1
5863,2025-07-22,00,16,11,986103,0.012069,01,39,0,1,
5864,2025-07-22,00,16,11,997751,0.011648,01,63,0,1,
5865,2025-07-22,00,16,12,011265,0.013514,03,1513,0,1,
5866,2025-07-22,00,16,12,023774,0.012509,02,847,0,1,
5867,2025-07-22,00,16,12,037073,0.013299,03,1537,0,1,
5868,2025-07-22,00,16,12,075193,0.03812,02,750,0,0,Node 02: Network 1
5869,2025-07-22,00,16,12,107738,0.032545,02,750,0,0,Node 02: Network 1
5870,2025-07-22,00,16,12,386187,0.278449,01,279,0,0,Node 01: Network 2
5871,2025-07-22,00,16,12,419283,0.033096,02,750,0,0,Node 02: Network 1
5872,2025-07-22,00,16,12,488921,0.069638,02,779,0,0,Node 02: Network 1
5873,2025-07-22,00,16,12,522536,0.033615,03,1281,0,0,Node 03: Network 1
5874,2025-07-22,00,16,12,556131,0.033595,02,779,0,0,Node 02: Network 1
5875,2025-07-22,00,16,12,607207,0.051076,03,1250,0,0,Node 03: Network 1
5876,2025-07-22,00,16,12,639938,0.032731,01,250,0,0,Node 01: Network 2
5877,2025-07-22,00,16,12,672175,0.032237,02,810,0,0,Node 02: Network 1
5878,2025-07-22,00,16,12,705764,0.033589,02,750,0,0,Node 02: Network 1
5879,2025-07-22,00,16,12,760878,0.055114,02,750,0,0,Node 02: Network 1
5880,2025-07-22,00,16,12,805379,0.044501,02,750,0,0,Node 02: Network 1
5881,2025-07-22,00,16,13,032122,0.226743,03,1250,0,0,Node 03: Network 1
5882,2025-07-22,00,16,13,197203,0.165081,01,250,0,0,Node 01: Network 2
5883,2025-07-22,00,16,13,257378,0.060175,BB,0,1,0,
5884,2025-07-22,00,16,16,926995,3.669617,BB,0,1,0,
5885,2025-07-22,00,16,16,985493,0.058498,03,1603,0,1,
5886,2025-07-22,00,16,16,999110,0.013617,02,1243,0,1,
5887,2025-07-22,00,16,17,012207,0.013097,01,224,0,1,
5888,2025-07-22,00,16,17,243165,0.230958,01,250,0,0,Node 01: Network 2
5889,2025-07-22,00,16,17,788394,0.545229,02,750,0,0,Node 02: Network 1
5890,2025-07-22,00,16,19,247841,1.459447,01,250,0,0,Node 01: Network 2
5891,2025-07-22,00,16,19,790246,0.542405,02,750,0,0,Node 02: Network 1
5892,2025-07-22,00,16,20,294840,0.504594,03,1250,0,0,Node 03: Network 1
5893,2025-07-22,00,16,21,839679,1.544839,02,750,0,0,Node 02: Network 1
5894,2025-07-22,00,16,22,386173,0.546494,03,1250,0,0,Node 03: Network 1
5895,2025-07-22,00,16,23,385227,0.999054,01,250,0,0,Node 01: Network 2
5896,2025-07-22,00,16,23,841455,0.456228,02,750,0,0,Node 02: Network 1
5897,2025-07-22,00,16,24,387290,0.545835,03,1250,0,0,Node 03: Network 1
5898,2025-07-22,00,16,25,843018,1.455728,02,750,0,0,Node 02: Network 1
5899,2025-07-22,00,16,26,389289,0.546271,03,1250,0,0,Node 03: Network 1
5900,2025-07-22,00,16,27,389583,1.000294,01,250,0,0,Node 01: Network 2
5901,2025-07-22,00,16,27,844653,0.45507,02,750,0,0,Node 02: Network 1
5902,2025-07-22,00,16,28,389581,0.544928,03,1250,0,0,Node 03: Network 1
5903,2025-07-22,00,16,29,846712,1.457131,02,750,0,0,Node 02: Network 1
5904,2025-07-22,00,16,30,332139,0.485427,BB,0,1,0,
5905,2025-07-22,00,16,30,431133,0.098994,03,1250,0,0,Node 03: Network 1
5906,2025-07-22,00,16,30,445221,0.014088,02,1311,0,1,
5907,2025-07-22,00,16,30,469113,0.023892,BB,0,1,0,02:1243:0:1
5908,2025-07-22,00,16,30,492087,0.022974,03,1603,0,1,224:0:1
5909,2025-07-22,00,16,30,682515,0.190428,03,1250,0,0,Node 03: Network 1
5910,2025-07-22,00,16,30,711060,0.028545,03,1390,0,1,
5911,2025-07-22,00,16,30,758185,0.047125,02,750,0,0,Node 02: Network 1
5912,2025-07-22,00,16,30,823905,0.06572,03,1281,0,0,Node 03: Network 1
5913,2025-07-22,00,16,30,876877,0.052972,02,810,0,0,Node 02: Network 1
5914,2025-07-22,00,16,30,921087,0.04421,03,1250,0,0,Node 03: Network 1
5915,2025-07-22,00,16,31,046901,0.125814,01,250,0,0,Node 01: Network 2
5916,2025-07-22,00,16,31,080488,0.033587,01,250,0,0,Node 01: Network 2
5917,2025-07-22,00,16,31,090132,0.009644,BB,0,1,0,
5918,2025-07-22,00,16,31,204177,0.114045,02,750,0,0,Node 02: Network 1
5919,2025-07-22,00,16,31,217609,0.013432,01,1252,0,1,
5920,2025-07-22,00,16,31,252214,0.034605,01,250,0,0,Node 01: Network 2
5921,2025-07-22,00,16,31,312975,0.060761,02,750,0,0,Node 02: Network 1
5922,2025-07-22,00,16,31,378109,0.065134,03,1250,0,0,Node 03: Network 1
5923,2025-07-22,00,16,31,487944,0.109835,02,781,0,0,Node 02: Network 1
5924,2025-07-22,00,16,32,304510,0.816566,03,1250,0,0,Node 03: Network 1
5925,2025-07-22,00,16,32,746591,0.442081,01,250,0,0,Node 01: Network 2
5926,2025-07-22,00,16,32,921115,0.174524,02,750,0,0,Node 02: Network 1
5927,2025-07-22,00,16,33,468556,0.547441,03,1250,0,0,Node 03: Network 1
5928,2025-07-22,00,16,34,512134,1.043578,01,250,0,0,Node 01: Network 2
5929,2025-07-22,00,16,34,925021,0.412887,BB,0,1,0,
5930,2025-07-22,00,16,34,994258,0.069237,02,1898,0,1,
5931,2025-07-22,00,16,36,925098,1.93084,BB,0,1,0,
5932,2025-07-22,00,16,36,992176,0.067078,03,690,0,1,
5933,2025-07-22,00,16,37,006192,0.014016,02,1896,0,1,
5934,2025-07-22,00,16,37,081197,0.075005,01,731,0,1,
5935,2025-07-22,00,16,37,241117,0.15992,01,250,0,0,Node 01: Network 2
5936,2025-07-22,00,16,38,287341,1.046224,03,1250,0,0,Node 03: Network 1
5937,2025-07-22,00,16,39,831593,1.544252,02,750,0,0,Node 02: Network 1
5938,2025-07-22,00,16,40,377115,0.545522,03,1250,0,0,Node 03: Network 1
5939,2025-07-22,00,16,41,834111,1.456996,02,750,0,0,Node 02: Network 1
5940,2025-07-22,00,16,42,378204,0.544093,03,1250,0,0,Node 03: Network 1
5941,2025-07-22,00,16,43,381299,1.003095,01,250,0,0,Node 01: Network 2
5942,2025-07-22,00,16,43,924677,0.543378,02,750,0,0,Node 02: Network 1
5943,2025-07-22,00,16,44,379699,0.455022,03,1250,0,0,Node 03: Network 1
5944,2025-07-22,00,16,45,384547,1.004848,01,250,0,0,Node 01: Network 2
5945,2025-07-22,00,16,45,923882,0.539335,02,750,0,0,Node 02: Network 1
5946,2025-07-22,00,16,46,382067,0.458185,03,1250,0,0,Node 03: Network 1
5947,2025-07-22,00,16,47,925354,1.543287,02,750,0,0,Node 02: Network 1
5948,2025-07-22,00,16,48,922810,0.997456,BB,0,1,0,
5949,2025-07-22,00,16,48,971949,0.049139,03,559,0,1,
5950,2025-07-22,00,16,48,991064,0.019115,02,1882,0,1,
5951,2025-07-22,00,16,49,895825,0.904761,BB,0,1,0,
5952,2025-07-22,00,16,49,956753,0.060928,02,854,0,1,
5953,2025-07-22,00,16,49,980518,0.023765,BB,0,1,0,02:1898:0:1
5954,2025-07-22,00,16,49,994037,0.013519,03,1531,0,1,
5955,2025-07-22,00,16,50,007583,0.013546,01,744,0,1,
5956,2025-07-22,00,16,50,050785,0.043202,BB,0,1,0,03:690:0:1
5957,2025-07-22,00,16,50,099561,0.048776,01,1252,0,1,
5958,2025-07-22,00,16,50,207212,0.107651,02,1896,0,1,731:0:1
5959,2025-07-22,00,16,50,256711,0.049499,03,1616,0,1,
5960,2025-07-22,00,16,50,277241,0.02053,01,197,0,1,
5961,2025-07-22,00,16,50,417915,0.140674,02,750,0,0,Node 02: Network 1
5962,2025-07-22,00,16,50,430444,0.012529,02,349,0,1,
5963,2025-07-22,00,16,50,501899,0.071455,03,1250,0,0,Node 03: Network 1
5964,2025-07-22,00,16,50,552854,0.050955,02,781,0,0,Node 02: Network 1
5965,2025-07-22,00,16,50,587871,0.035017,03,1250,0,0,Node 03: Network 1
5966,2025-07-22,00,16,50,643861,0.05599,01,250,0,0,Node 01: Network 2
5967,2025-07-22,00,16,50,695731,0.05187,02,750,0,0,Node 02: Network 1
5968,2025-07-22,00,16,50,832709,0.136978,03,1250,0,0,Node 03: Network 1
5969,2025-07-22,00,16,50,866352,0.033643,01,250,0,0,Node 01: Network 2
5970,2025-07-22,00,16,50,913853,0.047501,01,250,0,0,Node 01: Network 2
5971,2025-07-22,00,16,50,948046,0.034193,03,1250,0,0,Node 03: Network 1
5972,2025-07-22,00,16,51,041676,0.09363,02,750,0,0,Node 02: Network 1
5973,2025-07-22,00,16,51,121124,0.079448,03,1280,0,0,Node 03: Network 1
5974,2025-07-22,00,16,51,295044,0.17392,03,1280,0,0,Node 03: Network 1
5975,2025-07-22,00,16,51,942109,0.647065,03,1250,0,0,Node 03: Network 1
5976,2025-07-22,00,16,52,024781,0.082672,01,250,0,0,Node 01: Network 2
5977,2025-07-22,00,16,52,476998,0.452217,02,750,0,0,Node 02: Network 1
5978,2025-07-22,00,16,52,921483,0.444485,BB,0,1,0,
5979,2025-07-22,00,16,52,976700,0.055217,02,1876,0,1,
5980,2025-07-22,00,16,54,921807,1.945107,BB,0,1,0,
5981,2025-07-22,00,16,54,978580,0.056773,03,302,0,1,
5982,2025-07-22,00,16,55,016434,0.037854,01,242,0,1,
5983,2025-07-22,00,16,55,029718,0.013284,02,1874,0,1,
5984,2025-07-22,00,16,56,240656,1.210938,03,1250,0,0,Node 03: Network 1
5985,2025-07-22,00,16,58,921007,2.680351,BB,0,1,0,
5986,2025-07-22,00,16,58,961910,0.040903,01,1019,0,1,
5987,2025-07-22,00,16,58,981565,0.019655,02,1870,0,1,
5988,2025-07-22,00,16,58,994644,0.013079,03,550,0,1,
5989,2025-07-22,00,16,59,738789,0.744145,02,750,0,0,Node 02: Network 1
5990,2025-07-22,00,17,00,284707,0.545918,03,1250,0,0,Node 03: Network 1
5991,2025-07-22,00,17,02,920195,2.635488,BB,0,1,0,
5992,2025-07-22,00,17,02,984867,0.064672,03,547,0,1,
5993,2025-07-22,00,17,02,998999,0.014132,02,1866,0,1,
5994,2025-07-22,00,17,03,015900,0.016901,01,1011,0,1,
5995,2025-07-22,00,17,03,235485,0.219585,01,250,0,0,Node 01: Network 2
5996,2025-07-22,00,17,03,780010,0.544525,02,750,0,0,Node 02: Network 1
5997,2025-07-22,00,17,05,239382,1.459372,01,250,0,0,Node 01: Network 2
5998,2025-07-22,00,17,06,285847,1.046465,03,1250,0,0,Node 03: Network 1
5999,2025-07-22,00,17,07,244666,0.958819,01,251,0,0,Node 01: Network 2
6000,2025-07-22,00,17,07,787644,0.542978,02,750,0,0,Node 02: Network 1
6001,2025-07-22,00,17,08,289701,0.502057,03,1250,0,0,Node 03: Network 1
6002,2025-07-22,00,17,09,248663,0.958962,01,250,0,0,Node 01: Network 2
6003,2025-07-22,00,17,09,789608,0.540945,02,750,0,0,Node 02: Network 1
6004,2025-07-22,00,17,10,291332,0.501724,03,1250,0,0,Node 03: Network 1
6005,2025-07-22,00,17,11,335945,1.044613,01,250,0,0,Node 01: Network 2
6006,2025-07-22,00,17,13,301254,1.965309,BB,0,1,0,02:1876:0:1
6007,2025-07-22,00,17,13,336161,0.034907,BB,0,1,0,03:302:0:1
6008,2025-07-22,00,17,13,369177,0.033016,01,250,0,0,Node 01: Network 2
6009,2025-07-22,00,17,13,381828,0.012651,01,284,0,1,
6010,2025-07-22,00,17,13,394384,0.012556,03,920,0,1,
6011,2025-07-22,00,17,13,426452,0.032068,02,236,0,1,
6012,2025-07-22,00,17,13,516236,0.089784,BB,0,1,0,1019:0:1
6013,2025-07-22,00,17,13,530442,0.014206,01,1428,0,1,
6014,2025-07-22,00,17,13,543319,0.012877,02,272,0,1,
6015,2025-07-22,00,17,13,606562,0.063243,BB,0,1,0,03:547:0:1
6016,2025-07-22,00,17,13,629502,0.02294,02,451,0,1,
6017,2025-07-22,00,17,13,688968,0.059466,02,572,0,1,
6018,2025-07-22,00,17,13,703492,0.014524,01,1608,0,1,
6019,2025-07-22,00,17,13,759587,0.056095,03,256,0,1,
6020,2025-07-22,00,17,13,788483,0.028896,02,349,0,1,
6021,2025-07-22,00,17,13,847748,0.059265,01,242,0,1,1874:0:1
6022,2025-07-22,00,17,13,881280,0.033532,01,1676,0,1,
6023,2025-07-22,00,17,13,920787,0.039507,02,1870,0,1,550:0:1
6024,2025-07-22,00,17,14,006427,0.08564,03,1256,0,1,
6025,2025-07-22,00,17,14,033531,0.027104,01,1011,0,1,02:1866:0:1
6026,2025-07-22,00,17,14,187291,0.15376,03,1250,0,0,Node 03: Network 1
6027,2025-07-22,00,17,14,221071,0.03378,02,750,0,0,Node 02: Network 1
6028,2025-07-22,00,17,14,403739,0.182668,01,260,0,0,Node 01: Network 2
6029,2025-07-22,00,17,14,438946,0.035207,03,1280,0,0,Node 03: Network 1
6030,2025-07-22,00,17,14,478531,0.039585,03,1280,0,0,Node 03: Network 1
6031,2025-07-22,00,17,14,608878,0.130347,03,1250,0,0,Node 03: Network 1
6032,2025-07-22,00,17,14,772833,0.163955,01,250,0,0,Node 01: Network 2
6033,2025-07-22,00,17,14,836156,0.063323,02,750,0,0,Node 02: Network 1
6034,2025-07-22,00,17,14,921385,0.085229,03,12BB,0,1,0
6035,2025-07-22,00,17,14,951972,0.030587,50,0,0,Node 03, Network 1
6036,2025-07-22,00,17,15,003624,0.051652,02,750,0,0,Node 02: Network 1
6037,2025-07-22,00,17,15,038028,0.034404,03,1250,0,0,Node 03: Network 1
6038,2025-07-22,00,17,15,070331,0.032303,02,806,0,0,Node 02: Network 1
6039,2025-07-22,00,17,15,110372,0.040041,03,1304,0,0,Node 03: Network 1
6040,2025-07-22,00,17,15,144270,0.033898,01,250,0,0,Node 01: Network 2
6041,2025-07-22,00,17,15,858381,0.714111,01,250,0,0,Node 01: Network 2
6042,2025-07-22,00,17,16,919041,1.06066,BB,0,1,0,
6043,2025-07-22,00,17,16,988781,0.06974,03,1250,0,0,Node 03: Network 1
6044,2025-07-22,00,17,17,032918,0.044137,02,1849,0,1,
6045,2025-07-22,00,17,17,094644,0.061726,03,534,0,1,
6046,2025-07-22,00,17,18,507922,1.413278,02,750,0,0,Node 02: Network 1
6047,2025-07-22,00,17,18,918810,0.410888,BB,0,1,0,
6048,2025-07-22,00,17,18,991274,0.072464,01,977,0,1,
6049,2025-07-22,00,17,22,917550,3.926276,BB,0,1,0,
6050,2025-07-22,00,17,22,971068,0.053518,02,1229,0,1,
6051,2025-07-22,00,17,22,984580,0.013512,03,1186,0,1,
6052,2025-07-22,00,17,23,014171,0.029591,01,969,0,1,
6053,2025-07-22,00,17,23,233817,0.219646,01,250,0,0,Node 01: Network 2
6054,2025-07-22,00,17,23,779599,0.545782,02,750,0,0,Node 02: Network 1
6055,2025-07-22,00,17,24,281514,0.501915,03,1250,0,0,Node 03: Network 1
6056,2025-07-22,00,17,25,326735,1.045221,01,250,0,0,Node 01: Network 2
6057,2025-07-22,00,17,26,372562,1.045827,03,1250,0,0,Node 03: Network 1
6058,2025-07-22,00,17,27,917363,1.544801,02,750,0,0,Node 02: Network 1
6059,2025-07-22,00,17,28,464155,0.546792,03,1250,0,0,Node 03: Network 1
6060,2025-07-22,00,17,28,915592,0.451437,BB,0,1,0,
6061,2025-07-22,00,17,30,916083,2.000491,BB,0,1,0,
6062,2025-07-22,00,17,30,991525,0.075442,03,1775,0,1,
6063,2025-07-22,00,17,31,005131,0.013606,02,1729,0,1,
6064,2025-07-22,00,17,31,028189,0.023058,01,1727,0,1,
6065,2025-07-22,00,17,32,234690,1.206501,03,1250,0,0,Node 03: Network 1
6066,2025-07-22,00,17,33,279417,1.044727,01,250,0,0,Node 01: Network 2
6067,2025-07-22,00,17,33,779140,0.499723,02,750,0,0,Node 02: Network 1
6068,2025-07-22,00,17,34,326168,0.547028,03,1250,0,0,Node 03: Network 1
6069,2025-07-22,00,17,35,283258,0.95709,01,250,0,0,Node 01: Network 2
6070,2025-07-22,00,17,35,363611,0.080353,BB,0,1,0,
6071,2025-07-22,00,17,35,454246,0.090635,BB,0,1,0,03:1250:0:0:Node 03: Network 1
6072,2025-07-22,00,17,35,465330,0.011084,BB,0,1,0,
6073,2025-07-22,00,17,35,486897,0.021567,03,966,0,1,
6074,2025-07-22,00,17,35,499725,0.012828,01,494,0,1,
6075,2025-07-22,00,17,35,524204,0.024479,BB,0,1,0,02:1229:0:1
6076,2025-07-22,00,17,35,553359,0.029155,03,1058,0,1,
6077,2025-07-22,00,17,35,658381,0.105022,003,1256,0,1,
6078,2025-07-22,00,17,35,682390,0.024009,01,1542,0,1,
6079,2025-07-22,00,17,35,695805,0.013415,01,1556,0,1,
6080,2025-07-22,00,17,35,722012,0.026207,02,1849,0,1,03:534:0:1
6081,2025-07-22,00,17,35,733382,0.01137,02,496,0,1,
6082,2025-07-22,00,17,35,745292,0.01191,02,54,0,1,
6083,2025-07-22,00,17,35,758418,0.013126,01,977,0,1,
6084,2025-07-22,00,17,35,785960,0.027542,01,969,0,1,1186:0:1
6085,2025-07-22,00,17,35,798991,0.013031,03,110,0,1,
6086,2025-07-22,00,17,35,839105,0.040114,02,750,0,0,Node 02: Network 1
6087,2025-07-22,00,17,36,061747,0.222642,01,250,0,0,Node 01: Network 2
6088,2025-07-22,00,17,36,112853,0.051106,01,257,0,0,Node 01: Network 2
6089,2025-07-22,00,17,36,153053,0.0402,01,260,0,0,Node 01: Network 2
6090,2025-07-22,00,17,36,205330,0.052277,02,806,0,0,Node 02: Network 1
6091,2025-07-22,00,17,36,268054,0.062724,03,1304,0,0,Node 03: Network 1
6092,2025-07-22,00,17,36,355280,0.087226,01,250,0,0,Node 01: Network 2
6093,2025-07-22,00,17,36,389399,0.034119,02,750,0,0,Node 02: Network 1
6094,2025-07-22,00,17,36,493161,0.103762,01,250,0,0,Node 01: Network 2
6095,2025-07-22,00,17,36,612086,0.118925,02,750,0,0,Node 02: Network 1
6096,2025-07-22,00,17,36,650528,0.038442,02,750,0,0,Node 02: Network 1
6097,2025-07-22,00,17,36,684386,0.033858,03,1250,0,0,Node 03: Network 1
6098,2025-07-22,00,17,36,850776,0.16639,01,250,0,0,Node 01: Network 2
6099,2025-07-22,00,17,36,884386,0.03361,03,1281,0,0,Node 03: Network 1
6100,2025-07-22,00,17,36,916483,0.032097,03,1251,0,0,Node 03: Network 1
6101,2025-07-22,00,17,36,951041,0.034558,BB,0,1,0,
6102,2025-07-22,00,17,38,915351,1.96431,BB,0,1,0,
6103,2025-07-22,00,17,38,986885,0.071534,03,340,0,1,
6104,2025-07-22,00,17,39,023057,0.036172,02,339,0,1,
6105,2025-07-22,00,17,39,038742,0.015685,01,1541,0,1,
6106,2025-07-22,00,17,39,231164,0.192422,01,250,0,0,Node 01: Network 2
6107,2025-07-22,00,17,39,774515,0.543351,02,750,0,0,Node 02: Network 1
6108,2025-07-22,00,17,40,232709,0.458194,03,1250,0,0,Node 03: Network 1
6109,2025-07-22,00,17,41,235440,1.002731,01,250,0,0,Node 01: Network 2
6110,2025-07-22,00,17,41,775736,0.540296,02,750,0,0,Node 02: Network 1
6111,2025-07-22,00,17,42,282201,0.506465,03,1250,0,0,Node 03: Network 1
6112,2025-07-22,00,17,43,325441,1.04324,01,250,0,0,Node 01: Network 2
6113,2025-07-22,00,17,43,825461,0.50002,02,750,0,0,Node 02: Network 1
6114,2025-07-22,00,17,44,371180,0.545719,03,1250,0,0,Node 03: Network 1
6115,2025-07-22,00,17,45,827193,1.456013,02,750,0,0,Node 02: Network 1
6116,2025-07-22,00,17,46,374210,0.547017,03,1251,0,0,Node 03: Network 1
6117,2025-07-22,00,17,47,418122,1.043912,01,250,0,0,Node 01: Network 2
6118,2025-07-22,00,17,47,829980,0.411858,02,750,0,0,Node 02: Network 1
6119,2025-07-22,00,17,48,377207,0.547227,03,1250,0,0,Node 03: Network 1
6120,2025-07-22,00,17,48,914975,0.537768,BB,0,1,0,
6121,2025-07-22,00,17,48,957852,0.042877,03,507,0,1,
6122,2025-07-22,00,17,50,234014,1.276162,03,1250,0,0,Node 03: Network 1
6123,2025-07-22,00,17,51,814655,1.580641,BB,0,1,0,
6124,2025-07-22,00,17,51,861976,0.047321,BB,0,1,0,
6125,2025-07-22,00,17,51,874420,0.012444,02,709,0,1,
6126,2025-07-22,00,17,51,888045,0.013625,01,1810,0,1,
6127,2025-07-22,00,17,51,955239,0.067194,03,340,0,1,339:0:1
6128,2025-07-22,00,17,52,093133,0.137894,01,1541,0,1,
6129,2025-07-22,00,17,52,105253,0.01212,03,978,0,1,
6130,2025-07-22,00,17,52,140394,0.035141,03,1250,0,0,Node 03: Network 1
6131,2025-07-22,00,17,52,185988,0.045594,02,750,0,0,Node 02: Network 1
6132,2025-07-22,00,17,52,261436,0.075448,7,0,0,0, Network 2
6133,2025-07-22,00,17,52,336805,0.075369,02,750,0,0,Node 02: Network 1
6134,2025-07-22,00,17,52,413293,0.076488,03,1281,0,0,Node 03: Network 1
6135,2025-07-22,00,17,52,445867,0.032574,03,1282,0,0,Node 03: Network 1
6136,2025-07-22,00,17,52,519945,0.074078,03,1251,0,0,Node 03: Network 1
6137,2025-07-22,00,17,52,592857,0.072912,02,781,0,0,Node 02: Network 1
6138,2025-07-22,00,17,52,626013,0.033156,01,250,0,0,Node 01: Network 2
6139,2025-07-22,00,17,52,684193,0.05818,02,750,0,0,Node 02: Network 1
6140,2025-07-22,00,17,52,722989,0.038796,03,1250,0,0,Node 03: Network 1
6141,2025-07-22,00,17,52,830256,0.107267,01,250,0,0,Node 01: Network 2
6142,2025-07-22,00,17,52,932995,0.102739,02,750,0,0,Node 02: Network 1
6143,2025-07-22,00,17,52,942161,0.009166,BB,0,1,0,
6144,2025-07-22,00,17,54,912815,1.970654,BB,0,1,0,
6145,2025-07-22,00,17,54,958510,0.045695,01,48,0,1,
6146,2025-07-22,00,17,54,972021,0.013511,03,62,0,1,
6147,2025-07-22,00,17,55,066386,0.094365,02,1809,0,1,
6148,2025-07-22,00,17,56,912630,1.846244,BB,0,1,0,
6149,2025-07-22,00,17,56,962224,0.049594,01,898,0,1,
6150,2025-07-22,00,17,57,008495,0.046271,03,499,0,1,
6151,2025-07-22,00,17,57,056200,0.047705,02,1803,0,1,
6152,2025-07-22,00,17,58,231525,1.175325,03,1250,0,0,Node 03: Network 1
6153,2025-07-22,00,17,59,276245,1.04472,01,250,0,0,Node 01: Network 2
6154,2025-07-22,00,17,59,777142,0.500897,02,750,0,0,Node 02: Network 1
6155,2025-07-22,00,18,00,232893,0.455751,03,1250,0,0,Node 03: Network 1
6156,2025-07-22,00,18,01,322632,1.089739,01,250,0,0,Node 01: Network 2
6157,2025-07-22,00,18,01,778165,0.455533,02,750,0,0,Node 02: Network 1
6158,2025-07-22,00,18,02,324064,0.545899,03,1250,0,0,Node 03: Network 1
6159,2025-07-22,00,18,03,328157,1.004093,01,250,0,0,Node 01: Network 2
6160,2025-07-22,00,18,03,779402,0.451245,02,750,0,0,Node 02: Network 1
6161,2025-07-22,00,18,04,325690,0.546288,03,1250,0,0,Node 03: Network 1
6162,2025-07-22,00,18,05,326783,1.001093,01,250,0,0,Node 01: Network 2
6163,2025-07-22,00,18,06,326999,1.000216,03,1250,0,0,Node 03: Network 1
6164,2025-07-22,00,18,07,371794,1.044795,01,250,0,0,Node 01: Network 2
6165,2025-07-22,00,18,09,375427,2.003633,01,250,0,0,Node 01: Network 2
6166,2025-07-22,00,18,09,918977,0.54355,02,750,0,0,Node 02: Network 1
6167,2025-07-22,00,18,10,464610,0.545633,03,1250,0,0,Node 03: Network 1
6168,2025-07-22,00,18,10,909968,0.445358,BB,0,1,0,
6169,2025-07-22,00,18,10,971402,0.061434,03,487,0,1,
6170,2025-07-22,00,18,12,360805,1.389403,BB,0,1,0,
6171,2025-07-22,00,18,12,420068,0.059263,BB,0,1,0,01:48:0:1
6172,2025-07-22,00,18,12,435728,0.01566,01,1215,0,1,
6173,2025-07-22,00,18,12,449234,0.013506,03,1937,0,1,
6174,2025-07-22,00,18,12,471910,0.022676,02,1261,0,1,
6175,2025-07-22,00,18,12,537593,0.065683,BB,0,1,0,01:898:0:1
6176,2025-07-22,00,18,12,560144,0.022551,01,376,0,1,
6177,2025-07-22,00,18,12,581675,0.021531,02,1295,0,1,
6178,2025-07-22,00,18,12,629176,0.047501,03,143,0,1,
6179,2025-07-22,00,18,12,759085,0.129909,02,1372,0,1,
6180,2025-07-22,00,18,12,775623,0.016538,02,1809,0,1,
6181,2025-07-22,00,18,12,848869,0.073246,02,1803,0,1,499:0:1
6182,2025-07-22,00,18,12,912534,0.063665,03,1250,0,0,Node 03: Network 1
6183,2025-07-22,00,18,13,051243,0.138709,01,250,0,0,Node 01: Network 2
6184,2025-07-22,00,18,13,147064,0.095821,03,1282,0,0,Node 03: Network 1
6185,2025-07-22,00,18,13,184593,0.037529,02,781,0,0,Node 02: Network 1
6186,2025-07-22,00,18,13,232249,0.047656,03,1250,0,0,Node 03: Network 1
6187,2025-07-22,00,18,13,340473,0.108224,01,250,0,0,Node 01: Network 2
6188,2025-07-22,00,18,13,389454,0.048981,02,750,0,0,Node 02: Network 1
6189,2025-07-22,00,18,13,454679,0.065225,03,1250,0,0,Node 03: Network 1
6190,2025-07-22,00,18,13,514640,0.059961,01,250,0,0,Node 01: Network 2
6191,2025-07-22,00,18,13,577652,0.063012,02,750,0,0,Node 02: Network 1
6192,2025-07-22,00,18,13,639319,0.061667,03,1250,0,0,Node 03: Network 1
6193,2025-07-22,00,18,13,803383,0.164064,03,1250,0,0,Node 03: Network 1
6194,2025-07-22,00,18,14,909488,1.106105,BB,0,1,0,
6195,2025-07-22,00,18,14,980709,0.071221,01,250,0,0,Node 01: Network 2
6196,2025-07-22,00,18,16,909012,1.928303,BB,0,1,0,
6197,2025-07-22,00,18,16,971881,0.062869,03,481,0,1,
6198,2025-07-22,00,18,17,013648,0.041767,01,292,0,1,
6199,2025-07-22,00,18,17,027158,0.01351,02,1779,0,1,
6200,2025-07-22,00,18,17,725637,0.698479,02,750,0,0,Node 02: Network 1
6201,2025-07-22,00,18,18,227588,0.501951,03,1250,0,0,Node 03: Network 1
6202,2025-07-22,00,18,19,727510,1.499922,02,750,0,0,Node 02: Network 1
6203,2025-07-22,00,18,20,274552,0.547042,03,1250,0,0,Node 03: Network 1
6204,2025-07-22,00,18,21,274696,1.000144,01,250,0,0,Node 01: Network 2
6205,2025-07-22,00,18,21,819068,0.544372,02,750,0,0,Node 02: Network 1
6206,2025-07-22,00,18,22,319900,0.500832,03,1250,0,0,Node 03: Network 1
6207,2025-07-22,00,18,24,322720,2.00282,03,1250,0,0,Node 03: Network 1
6208,2025-07-22,00,18,26,323910,2.00119,03,1250,0,0,Node 03: Network 1
6209,2025-07-22,00,18,28,907434,2.583524,BB,0,1,0,
6210,2025-07-22,00,18,28,957269,0.049835,03,470,0,1,
6211,2025-07-22,00,18,28,969813,0.012544,02,1765,0,1,
6212,2025-07-22,00,18,29,022477,0.052664,01,830,0,1,
6213,2025-07-22,00,18,29,723710,0.701233,02,750,0,0,Node 02: Network 1
6214,2025-07-22,00,18,30,270558,0.546848,03,1250,0,0,Node 03: Network 1
6215,2025-07-22,00,18,31,269472,0.998914,01,250,0,0,Node 01: Network 2
6216,2025-07-22,00,18,31,725609,0.456137,02,750,0,0,Node 02: Network 1
6217,2025-07-22,00,18,32,272390,0.546781,03,1250,0,0,Node 03: Network 1
6218,2025-07-22,00,18,33,727579,1.455189,02,750,0,0,Node 02: Network 1
6219,2025-07-22,00,18,34,425833,0.698254,BB,0,1,0,01:250:0:0:Node 01: Network 2
6220,2025-07-22,00,18,34,469401,0.043568,BB,0,1,0,03:481:0:1
6221,2025-07-22,00,18,34,489641,0.02024,03,1986,0,1,
6222,2025-07-22,00,18,34,502252,0.012611,01,339,0,1,
6223,2025-07-22,00,18,34,522535,0.020283,02,1278,0,1,
6224,2025-07-22,00,18,34,544577,0.022042,01,292,0,1,1779:0:1
6225,2025-07-22,00,18,34,607590,0.063013,01,382,0,1,
6226,2025-07-22,00,18,34,671243,0.063653,01,250,0,0,Node 01: Network 2
6227,2025-07-22,00,18,34,705613,0.03437,02,1321,0,1,
6228,2025-07-22,00,18,34,761672,0.056059,02,750,0,0,Node 02: Network 1
6229,2025-07-22,00,18,34,828736,0.067064,03,1250,0,0,Node 03: Network 1
6230,2025-07-22,00,18,34,903540,0.074804,02,750,0,0,Node 02: Network 1
6231,2025-07-22,00,18,34,974728,0.071188,03,1250,0,0,Node 03: Network 1
6232,2025-07-22,00,18,35,074462,0.099734,02,750,0,0,Node 02: Network 1
6233,2025-07-22,00,18,35,155355,0.080893,03,1250,0,0,Node 03: Network 1
6234,2025-07-22,00,18,35,188312,0.032957,01,250,0,0,Node 01: Network 2
6235,2025-07-22,00,18,35,198613,0.010301,BB,0,1,0,
6236,2025-07-22,00,18,35,236280,0.037667,02,750,0,0,Node 02: Network 1
6237,2025-07-22,00,18,35,298446,0.062166,03,1250,0,0,Node 03: Network 1
6238,2025-07-22,00,18,35,352437,0.053991,02,764,0,0,Node 02: Network 1
6239,2025-07-22,00,18,35,397775,0.045338,03,1250,0,0,Node 03: Network 1
6240,2025-07-22,00,18,35,457539,0.059764,03,1255,0,0,Node 03: Network 1
6241,2025-07-22,00,18,35,529293,0.071754,01,281,0,0,Node 01: Network 2
6242,2025-07-22,00,18,35,884730,0.355437,03,1250,0,0,Node 03: Network 1
6243,2025-07-22,00,18,36,807655,0.922925,01,250,0,0,Node 01: Network 2
6244,2025-07-22,00,18,36,907558,0.099903,BB,0,1,0,
6245,2025-07-22,00,18,38,906387,1.998829,BB,0,1,0,
6246,2025-07-22,00,18,38,942334,0.035947,01,417,0,1,
6247,2025-07-22,00,18,38,979082,0.036748,03,376,0,1,
6248,2025-07-22,00,18,38,999171,0.020089,02,755,0,1,
6249,2025-07-22,00,18,39,223174,0.224003,01,250,0,0,Node 01: Network 2
6250,2025-07-22,00,18,40,268026,1.044852,03,1250,0,0,Node 03: Network 1
6251,2025-07-22,00,18,41,812581,1.544555,02,750,0,0,Node 02: Network 1
6252,2025-07-22,00,18,42,269429,0.456848,03,1250,0,0,Node 03: Network 1
6253,2025-07-22,00,18,43,359595,1.090166,01,250,0,0,Node 01: Network 2
6254,2025-07-22,00,18,43,813444,0.453849,02,750,0,0,Node 02: Network 1
6255,2025-07-22,00,18,44,271609,0.458165,03,1251,0,0,Node 03: Network 1
6256,2025-07-22,00,18,45,815570,1.543961,02,750,0,0,Node 02: Network 1
6257,2025-07-22,00,18,46,273361,0.457791,03,1250,0,0,Node 03: Network 1
6258,2025-07-22,00,18,47,318141,1.04478,01,250,0,0,Node 01: Network 2
6259,2025-07-22,00,18,47,818021,0.49988,02,750,0,0,Node 02: Network 1
6260,2025-07-22,00,18,48,274975,0.456954,03,1250,0,0,Node 03: Network 1
6261,2025-07-22,00,18,50,904262,2.629287,BB,0,1,0,
6262,2025-07-22,00,18,50,960594,0.056332,02,1740,0,1,
6263,2025-07-22,00,18,50,973101,0.012507,03,452,0,1,
6264,2025-07-22,00,18,50,985118,0.012017,01,785,0,1,
6265,2025-07-22,00,18,51,220263,0.235145,01,250,0,0,Node 01: Network 2
6266,2025-07-22,00,18,51,721364,0.501101,02,750,0,0,Node 02: Network 1
6267,2025-07-22,00,18,53,415667,1.694303,BB,0,1,0,470:0:1
6268,2025-07-22,00,18,53,436685,0.021018,BB,0,1,0,
6269,2025-07-22,00,18,53,481254,0.044569,03,961,0,1,
6270,2025-07-22,00,18,53,494781,0.013527,01,1292,0,1,
6271,2025-07-22,00,18,53,507383,0.012602,02,249,0,1,
6272,2025-07-22,00,18,53,516688,0.009305,BB,0,1,0,
6273,2025-07-22,00,18,53,545555,0.028867,BB,0,1,0,417:0:1
6274,2025-07-22,00,18,53,557216,0.011661,02,38,0,1,
6275,2025-07-22,00,18,53,688091,0.130875,01,1342,0,1,
6276,2025-07-22,00,18,53,735462,0.047371,02,755,0,1,376:0:1
6277,2025-07-22,00,18,53,775144,0.039682,03,1009,0,1,
6278,2025-07-22,00,18,53,788142,0.012998,02,338,0,1,
6279,2025-07-22,00,18,53,871339,0.083197,03,1250,0,0,Node 03: Network 1
6280,2025-07-22,00,18,53,882884,0.011545,01,86,0,1,
6281,2025-07-22,00,18,53,894905,0.012021,02,403,0,1,
6282,2025-07-22,00,18,53,906937,0.012032,03,115,0,1,
6283,2025-07-22,00,18,53,946673,0.039736,02,764,0,0,Node 02: Network 1
6284,2025-07-22,00,18,54,024493,0.07782,03,1255,0,0,Node 03: Network 1
6285,2025-07-22,00,18,54,067322,0.042829,01,281,0,0,Node 01: Network 2
6286,2025-07-22,00,18,54,180791,0.113469,03,1250,0,0,Node 03: Network 1
6287,2025-07-22,00,18,54,259397,0.078606,01,250,0,0,Node 01: Network 2
6288,2025-07-22,00,18,54,455192,0.195795,01,250,0,0,Node 01: Network 2
6289,2025-07-22,00,18,54,522772,0.06758,03,1250,0,0,Node 03: Network 1
6290,2025-07-22,00,18,54,583362,0.06059,02,750,0,0,Node 02: Network 1
6291,2025-07-22,00,18,54,681041,0.097679,03,1250,0,0,Node 03: Network 1
6292,2025-07-22,00,18,54,715117,0.034076,03,1250,0,0,Node 03: Network 1
6293,2025-07-22,00,18,54,752449,0.037332,01,250,0,0,Node 01: Network 2
6294,2025-07-22,00,18,54,955180,0.202731,01,250,0,0,Node 01: Network 2
6295,2025-07-22,00,18,54,965212,0.010032,BB,0,1,0,
6296,2025-07-22,00,18,56,903729,1.938517,BB,0,1,0,
6297,2025-07-22,00,18,56,954455,0.050726,01,300,0,1,
6298,2025-07-22,00,18,56,967055,0.0126,03,716,0,1,
6299,2025-07-22,00,18,56,984262,0.017207,02,310,0,1,
6300,2025-07-22,00,18,57,218801,0.234539,01,250,0,0,Node 01: Network 2
6301,2025-07-22,00,18,57,719669,0.500868,02,750,0,0,Node 02: Network 1
6302,2025-07-22,00,18,58,266298,0.546629,03,1250,0,0,Node 03: Network 1
6303,2025-07-22,00,18,59,267013,1.000715,01,250,0,0,Node 01: Network 2
6304,2025-07-22,00,19,00,314190,1.047177,03,1250,0,0,Node 03: Network 1
6305,2025-07-22,00,19,01,358162,1.043972,01,250,0,0,Node 01: Network 2
6306,2025-07-22,00,19,01,902117,0.543955,02,750,0,0,Node 02: Network 1
6307,2025-07-22,00,19,02,316278,0.414161,03,1250,0,0,Node 03: Network 1
6308,2025-07-22,00,19,03,362786,1.046508,01,250,0,0,Node 01: Network 2
6309,2025-07-22,00,19,03,903774,0.540988,02,750,0,0,Node 02: Network 1
6310,2025-07-22,00,19,04,409144,0.50537,03,1250,0,0,Node 03: Network 1
6311,2025-07-22,00,19,04,901467,0.492323,BB,0,1,0,
6312,2025-07-22,00,19,06,901791,2.000324,BB,0,1,0,
6313,2025-07-22,00,19,06,946430,0.044639,02,1817,0,1,
6314,2025-07-22,00,19,06,960245,0.013815,01,1855,0,1,
6315,2025-07-22,00,19,06,991810,0.031565,03,1815,0,1,
6316,2025-07-22,00,19,08,220336,1.228526,03,1250,0,0,Node 03: Network 1
6317,2025-07-22,00,19,09,764830,1.544494,02,750,0,0,Node 02: Network 1
6318,2025-07-22,00,19,10,307080,0.54225,03,1250,0,0,Node 03: Network 1
6319,2025-07-22,00,19,11,311182,1.004102,01,250,0,0,Node 01: Network 2
6320,2025-07-22,00,19,11,939149,0.627967,BB,0,1,0,
6321,2025-07-22,00,19,11,987741,0.048592,02,754,0,1,
6322,2025-07-22,00,19,12,017787,0.030046,BB,0,1,0,01:300:0:1
6323,2025-07-22,00,19,12,078933,0.061146,03,716,0,1,02:310:0:1
6324,2025-07-22,00,19,12,112215,0.033282,02,750,0,0,Node 02: Network 1
6325,2025-07-22,00,19,12,124253,0.012038,02,832,0,1,
6326,2025-07-22,00,19,12,138096,0.013843,03,1030,0,1,
6327,2025-07-22,00,19,12,151128,0.013032,01,1027,0,1,
6328,2025-07-22,00,19,12,199007,0.047879,03,1251,0,0,Node 03: Network 1
6329,2025-07-22,00,19,12,297378,0.098371,03,1250,0,0,Node 03: Network 1
6330,2025-07-22,00,19,12,330466,0.033088,01,250,0,0,Node 01: Network 2
6331,2025-07-22,00,19,12,466602,0.136136,01,250,0,0,Node 01: Network 2
6332,2025-07-22,00,19,12,498657,0.032055,01,250,0,0,Node 01: Network 2
6333,2025-07-22,00,19,12,555559,0.056902,02,750,0,0,Node 02: Network 1
6334,2025-07-22,00,19,12,589839,0.03428,03,1250,0,0,Node 03: Network 1
6335,2025-07-22,00,19,12,623391,0.033552,01,250,0,0,Node 01: Network 2
6336,2025-07-22,00,19,12,748400,0.125009,03,1250,0,0,Node 03: Network 1
6337,2025-07-22,00,19,12,795563,0.047163,01,250,0,0,Node 01: Network 2
6338,2025-07-22,00,19,12,905471,0.109908,02,750,0,0,Node 02: Network 1
6339,2025-07-22,00,19,12,988712,0.083241,BB,0,1,0,
6340,2025-07-22,00,19,13,049874,0.061162,02,750,0,0,Node 02: Network 1
6341,2025-07-22,00,19,13,566717,0.516843,03,1250,0,0,Node 03: Network 1
6342,2025-07-22,00,19,14,611205,1.044488,01,250,0,0,Node 01: Network 2
6343,2025-07-22,00,19,14,900568,0.289363,BB,0,1,0,
6344,2025-07-22,00,19,14,972275,0.071707,01,735,0,1,
6345,2025-07-22,00,19,15,019101,0.046826,02,1713,0,1,
6346,2025-07-22,00,19,15,217224,0.198123,01,250,0,0,Node 01: Network 2
6347,2025-07-22,00,19,16,263216,1.045992,03,1250,0,0,Node 03: Network 1
6348,2025-07-22,00,19,17,221328,0.958112,01,250,0,0,Node 01: Network 2
6349,2025-07-22,00,19,17,808755,0.587427,02,750,0,0,Node 02: Network 1
6350,2025-07-22,00,19,19,225261,1.416506,01,250,0,0,Node 01: Network 2
6351,2025-07-22,00,19,20,271931,1.04667,03,1250,0,0,Node 03: Network 1
6352,2025-07-22,00,19,21,228601,0.95667,01,250,0,0,Node 01: Network 2
6353,2025-07-22,00,19,21,773823,0.545222,02,750,0,0,Node 02: Network 1
6354,2025-07-22,00,19,23,232272,1.458449,01,250,0,0,Node 01: Network 2
6355,2025-07-22,00,19,24,279209,1.046937,03,1250,0,0,Node 03: Network 1
6356,2025-07-22,00,19,25,324087,1.044878,01,250,0,0,Node 01: Network 2
6357,2025-07-22,00,19,25,822721,0.498634,02,750,0,0,Node 02: Network 1
6358,2025-07-22,00,19,28,898641,3.07592,BB,0,1,0,
6359,2025-07-22,00,19,28,950246,0.051605,03,418,0,1,
6360,2025-07-22,00,19,28,963760,0.013514,02,1696,0,1,
6361,2025-07-22,00,19,29,032676,0.068916,01,705,0,1,
6362,2025-07-22,00,19,29,713930,0.681254,02,750,0,0,Node 02: Network 1
6363,2025-07-22,00,19,30,260531,0.546601,03,1250,0,0,Node 03: Network 1
6364,2025-07-22,00,19,31,332455,1.071924,BB,0,1,0,02:750:0:0:Node 02: Network 1
6365,2025-07-22,00,19,31,377283,0.044828,BB,0,1,0,01:735:0:1
6366,2025-07-22,00,19,31,389712,0.012429,02,128,0,1,
6367,2025-07-22,00,19,31,402219,0.012507,03,850,0,1,
6368,2025-07-22,00,19,31,423055,0.020836,02,1713,0,1,
6369,2025-07-22,00,19,31,475615,0.05256,01,1135,0,1,
6370,2025-07-22,00,19,31,524478,0.048863,02,172,0,1,
6371,2025-07-22,00,19,31,537749,0.013271,03,896,0,1,
6372,2025-07-22,00,19,31,590621,0.052872,03,1250,0,0,Node 03: Network 1
6373,2025-07-22,00,19,31,743613,0.152992,01,250,0,0,Node 01: Network 2
6374,2025-07-22,00,19,31,927355,0.183742,03,1250,0,0,Node 03: Network 1
6375,2025-07-22,00,19,32,039700,0.112345,01,250,0,0,Node 01: Network 2
6376,2025-07-22,00,19,32,123604,0.083904,01,250,0,0,Node 01: Network 2
6377,2025-07-22,00,19,32,182514,0.05891,03,1250,0,0,Node 03: Network 1
6378,2025-07-22,00,19,32,226532,0.044018,01,250,0,0,Node 01: Network 2
6379,2025-07-22,00,19,32,259679,0.033147,02,750,0,0,Node 02: Network 1
6380,2025-07-22,00,19,32,295764,0.036085,01,250,0,0,Node 01: Network 2
6381,2025-07-22,00,19,32,328011,0.032247,02,766,0,0,Node 02: Network 1
6382,2025-07-22,00,19,32,362788,0.034777,03,1250,0,0,Node 03: Network 1
6383,2025-07-22,00,19,32,396171,0.033383,01,250,0,0,Node 01: Network 2
6384,2025-07-22,00,19,32,689722,0.293551,03,1250,0,0,Node 03: Network 1
6385,2025-07-22,00,19,32,789536,0.099814,01,250,0,0,Node 01: Network 2
6386,2025-07-22,00,19,32,897986,0.10845,BB,0,1,0,
6387,2025-07-22,00,19,32,970837,0.072851,01,696,0,1,
6388,2025-07-22,00,19,33,213496,0.242659,01,250,0,0,Node 01: Network 2
6389,2025-07-22,00,19,33,758530,0.545034,02,750,0,0,Node 02: Network 1
6390,2025-07-22,00,19,34,261379,0.502849,03,1250,0,0,Node 03: Network 1
6391,2025-07-22,00,19,35,761376,1.499997,02,750,0,0,Node 02: Network 1
6392,2025-07-22,00,19,37,762575,2.001199,02,750,0,0,Node 02: Network 1
6393,2025-07-22,00,19,39,764244,2.001669,02,750,0,0,Node 02: Network 1
6394,2025-07-22,00,19,40,309925,0.545681,03,1250,0,0,Node 03: Network 1
6395,2025-07-22,00,19,41,354744,1.044819,01,250,0,0,Node 01: Network 2
6396,2025-07-22,00,19,41,766442,0.411698,02,750,0,0,Node 02: Network 1
6397,2025-07-22,00,19,42,403127,0.636685,03,1250,0,0,Node 03: Network 1
6398,2025-07-22,00,19,42,896718,0.493591,BB,0,1,0,
6399,2025-07-22,00,19,42,942897,0.046179,02,1680,0,1,
6400,2025-07-22,00,19,44,896406,1.953509,BB,0,1,0,
6401,2025-07-22,00,19,44,939567,0.043161,02,1677,0,1,
6402,2025-07-22,00,19,44,985451,0.045884,01,1769,0,1,
6403,2025-07-22,00,19,45,005467,0.020016,03,1816,0,1,
6404,2025-07-22,00,19,46,896572,1.891105,BB,0,1,0,
6405,2025-07-22,00,19,46,963645,0.067073,01,668,0,1,
6406,2025-07-22,00,19,46,975675,0.01203,03,403,0,1,
6407,2025-07-22,00,19,46,989166,0.013491,02,1675,0,1,
6408,2025-07-22,00,19,48,895315,1.906149,BB,0,1,0,
6409,2025-07-22,00,19,48,930171,0.034856,03,401,0,1,
6410,2025-07-22,00,19,48,971782,0.041611,01,664,0,1,
6411,2025-07-22,00,19,48,997612,0.02583,02,1673,0,1,
6412,2025-07-22,00,19,49,713571,0.715959,02,750,0,0,Node 02: Network 1
6413,2025-07-22,00,19,49,802227,0.088656,BB,0,1,0,
6414,2025-07-22,00,19,49,850603,0.048376,01,696,0,1,
6415,2025-07-22,00,19,49,877407,0.026804,01,1569,0,1,
6416,2025-07-22,00,19,49,935777,0.05837,02,750,0,0,Node 02: Network 1
6417,2025-07-22,00,19,50,031639,0.095862,01,250,0,0,Node 01: Network 2
6418,2025-07-22,00,19,50,109194,0.077555,01,281,0,0,Node 01: Network 2
6419,2025-07-22,00,19,50,142373,0.033179,02,766,0,0,Node 02: Network 1
6420,2025-07-22,00,19,50,174930,0.032557,02,781,0,0,Node 02: Network 1
6421,2025-07-22,00,19,50,225752,0.050822,03,1250,0,0,Node 03: Network 1
6422,2025-07-22,00,19,50,288012,0.06226,01,250,0,0,Node 01: Network 2
6423,2025-07-22,00,19,50,435650,0.147638,01,250,0,0,Node 01: Network 2
6424,2025-07-22,00,19,50,544303,0.108653,02,750,0,0,Node 02: Network 1
6425,2025-07-22,00,19,50,622587,0.078284,03,1250,0,0,Node 03: Network 1
6426,2025-07-22,00,19,50,698497,0.07591,02,750,0,0,Node 02: Network 1
6427,2025-07-22,00,19,50,762606,0.064109,02,750,0,0,Node 02: Network 1
6428,2025-07-22,00,19,50,834729,0.072123,02,750,0,0,Node 02: Network 1
6429,2025-07-22,00,19,50,908806,0.074077,BB,0,1,0,
6430,2025-07-22,00,19,52,895091,1.986285,BB,0,1,0,
6431,2025-07-22,00,19,52,962802,0.067711,01,1572,0,1,
6432,2025-07-22,00,19,52,976310,0.013508,02,1706,0,1,
6433,2025-07-22,00,19,52,997591,0.021281,03,1140,0,1,
6434,2025-07-22,00,19,53,710428,0.712837,02,750,0,0,Node 02: Network 1
6435,2025-07-22,00,19,56,894386,3.183958,BB,0,1,0,
6436,2025-07-22,00,19,56,937546,0.04316,03,394,0,1,
6437,2025-07-22,00,19,56,967109,0.029563,02,1664,0,1,
6438,2025-07-22,00,19,56,980036,0.012927,01,648,0,1,
6439,2025-07-22,00,19,58,213908,1.233872,03,1250,0,0,Node 03: Network 1
6440,2025-07-22,00,19,59,758019,1.544111,02,750,0,0,Node 02: Network 1
6441,2025-07-22,00,20,01,771663,2.013644,02,750,0,0,Node 02: Network 1
6442,2025-07-22,00,20,03,292570,1.520907,01,250,0,0,Node 01: Network 2
6443,2025-07-22,00,20,03,761511,0.468941,02,750,0,0,Node 02: Network 1
6444,2025-07-22,00,20,04,307123,0.545612,03,1250,0,0,Node 03: Network 1
6445,2025-07-22,00,20,05,851309,1.544186,02,750,0,0,Node 02: Network 1
6446,2025-07-22,00,20,06,309150,0.457841,03,1250,0,0,Node 03: Network 1
6447,2025-07-22,00,20,07,352848,1.043698,01,250,0,0,Node 01: Network 2
6448,2025-07-22,00,20,10,892411,3.539563,BB,0,1,0,
6449,2025-07-22,00,20,10,929212,0.036801,03,382,0,1,
6450,2025-07-22,00,20,10,941718,0.012506,02,1647,0,1,
6451,2025-07-22,00,20,10,975753,0.034035,01,617,0,1,
6452,2025-07-22,00,20,12,892340,1.916587,BB,0,1,0,
6453,2025-07-22,00,20,12,950280,0.05794,03,380,0,1,
6454,2025-07-22,00,20,12,962301,0.012021,01,613,0,1,
6455,2025-07-22,00,20,13,006882,0.044581,02,1645,0,1,
6456,2025-07-22,00,20,13,207894,0.201012,01,250,0,0,Node 01: Network 2
6457,2025-07-22,00,20,13,707509,0.499615,02,750,0,0,Node 02: Network 1
6458,2025-07-22,00,20,15,254181,1.546672,01,250,0,0,Node 01: Network 2
6459,2025-07-22,00,20,16,299735,1.045554,03,1250,0,0,Node 03: Network 1
6460,2025-07-22,00,20,16,345648,0.045913,BB,0,1,0,
6461,2025-07-22,00,20,16,396362,0.050714,BB,0,1,0,01:1572:0:1
6462,2025-07-22,00,20,16,439967,0.043605,BB,0,1,0,03:394:0:1
6463,2025-07-22,00,20,16,453036,0.013069,02,1376,0,1,
6464,2025-07-22,00,20,16,498150,0.045114,02,1706,0,1,1140:0:1
6465,2025-07-22,00,20,16,511347,0.013197,01,1463,0,1,
6466,2025-07-22,00,20,16,542125,0.030778,03,1421,0,1,
6467,2025-07-22,00,20,16,564368,0.022243,02,1664,0,1,648:0:1
6468,2025-07-22,00,20,16,696207,0.131839,03,1250,0,0,Node 03: Network 01:154:0:1
6469,2025-07-22,00,20,16,704306,0.008099,1,,,,
6470,2025-07-22,00,20,16,779319,0.075013,01,250,0,0,Node 01: Network 2
6471,2025-07-22,00,20,16,873100,0.093781,02,750,0,0,Node 02: Network 1
6472,2025-07-22,00,20,16,887158,0.014058,02,1189,0,1,
6473,2025-07-22,00,20,16,978569,0.091411,03,1250,0,0,Node 03: Network 1
6474,2025-07-22,00,20,17,005594,0.027025,BB,0,1,0,
6475,2025-07-22,00,20,17,072063,0.066469,02,750,0,0,Node 02: Network 1
6476,2025-07-22,00,20,17,116144,0.044081,02,750,0,0,Node 02: Network 1
6477,2025-07-22,00,20,17,150152,0.034008,01,250,0,0,Node 01: Network 2
6478,2025-07-22,00,20,17,182417,0.032265,01,281,0,0,Node 01: Network 2
6479,2025-07-22,00,20,17,214926,0.032509,02,750,0,0,Node 02: Network 1
6480,2025-07-22,00,20,17,253443,0.038517,03,1250,0,0,Node 03: Network 1
6481,2025-07-22,00,20,17,345503,0.09206,02,750,0,0,Node 02: Network 1
6482,2025-07-22,00,20,17,431119,0.085616,03,1250,0,0,Node 03: Network 1
6483,2025-07-22,00,20,17,697123,0.266004,02,750,0,0,Node 02: Network 1
6484,2025-07-22,00,20,17,810259,0.113136,03,1250,0,0,Node 03: Network 1
6485,2025-07-22,00,20,18,297228,0.486969,01,250,0,0,Node 01: Network 2
6486,2025-07-22,00,20,18,841153,0.543925,02,750,0,0,Node 02: Network 1
6487,2025-07-22,00,20,18,893393,0.05224,BB,0,1,0,
6488,2025-07-22,00,20,18,952517,0.059124,02,1640,0,1,
6489,2025-07-22,00,20,20,890554,1.938037,BB,0,1,0,
6490,2025-07-22,00,20,20,944150,0.053596,02,1635,0,1,
6491,2025-07-22,00,20,20,957207,0.013057,01,910,0,1,
6492,2025-07-22,00,20,20,969192,0.011985,03,870,0,1,
6493,2025-07-22,00,20,21,706911,0.737719,02,750,0,0,Node 02: Network 1
6494,2025-07-22,00,20,22,253905,0.546994,03,1250,0,0,Node 03: Network 1
6495,2025-07-22,00,20,23,708837,1.454932,02,750,0,0,Node 02: Network 1
6496,2025-07-22,00,20,24,255151,0.546314,03,1250,0,0,Node 03: Network 1
6497,2025-07-22,00,20,25,300402,1.045251,01,250,0,0,Node 01: Network 2
6498,2025-07-22,00,20,25,710288,0.409886,02,750,0,0,Node 02: Network 1
6499,2025-07-22,00,20,26,347047,0.636759,03,1250,0,0,Node 03: Network 1
6500,2025-07-22,00,20,27,303412,0.956365,01,250,0,0,Node 01: Network 2
6501,2025-07-22,00,20,27,846086,0.542674,02,750,0,0,Node 02: Network 1
6502,2025-07-22,00,20,28,349990,0.503904,03,1250,0,0,Node 03: Network 1
6503,2025-07-22,00,20,29,394435,1.044445,01,250,0,0,Node 01: Network 2
6504,2025-07-22,00,20,29,939217,0.544782,02,750,0,0,Node 02: Network 1
6505,2025-07-22,00,20,30,889479,0.950262,BB,0,1,0,
6506,2025-07-22,00,20,30,951353,0.061874,02,1624,0,1,
6507,2025-07-22,00,20,31,002545,0.051192,03,364,0,1,
6508,2025-07-22,00,20,31,705892,0.703347,02,750,0,0,Node 02: Network 1
6509,2025-07-22,00,20,34,311196,2.605304,BB,0,1,0,382:0:1
6510,2025-07-22,00,20,34,382269,0.071073,BB,0,1,0,02:1640:0:1
6511,2025-07-22,00,20,34,395816,0.013547,02,1042,0,1,
6512,2025-07-22,00,20,34,409525,0.013709,01,1991,0,1,
6513,2025-07-22,00,20,34,433541,0.024016,BB,0,1,0,02:1635:0:1
6514,2025-07-22,00,20,34,449154,0.015613,03,1783,0,1,
6515,2025-07-22,00,20,34,588557,0.139403,01,910,0,1,870:0:1
6516,2025-07-22,00,20,34,638834,0.050277,02,1114,0,1,
6517,2025-07-22,00,20,34,672738,0.033904,03,1855,0,1,
6518,2025-07-22,00,20,34,700254,0.027516,03,1906,0,1,
6519,2025-07-22,00,20,34,734070,0.033816,01,250,0,0,Node 01: Network 2
6520,2025-07-22,00,20,34,757176,0.023106,02,1162,0,1,
6521,2025-07-22,00,20,34,769215,0.012039,01,127,0,1,
6522,2025-07-22,00,20,34,867770,0.098555,02,1647,0,0,BB:0:1:0
6523,2025-07-22,00,20,34,912191,0.044421,01,281,0,0,Node 01: Network 2
6524,2025-07-22,00,20,34,946090,0.033899,02,750,0,0,Node 02: Network 1
6525,2025-07-22,00,20,35,053440,0.10735,03,1250,0,0,Node 03: Network 1
6526,2025-07-22,00,20,35,204781,0.151341,01,250,0,0,Node 01: Network 2
6527,2025-07-22,00,20,35,236605,0.031824,BB,0,1,0,
6528,2025-07-22,00,20,35,277381,0.040776,02,750,0,0,Node 02: Network 1
6529,2025-07-22,00,20,35,375088,0.097707,02,750,0,0,Node 02: Network 1
6530,2025-07-22,00,20,35,406912,0.031824,02,750,0,0,Node 02: Network 1
6531,2025-07-22,00,20,35,489829,0.082917,02,780,0,0,Node 02: Network 1
6532,2025-07-22,00,20,35,594809,0.10498,03,1250,0,0,Node 03: Network 1
6533,2025-07-22,00,20,35,648383,0.053574,02,750,0,0,Node 02: Network 1
6534,2025-07-22,00,20,35,683149,0.034766,03,1250,0,0,Node 03: Network 1
6535,2025-07-22,00,20,35,751645,0.068496,03,1281,0,0,Node 03: Network 1
6536,2025-07-22,00,20,36,203052,0.451407,03,1250,0,0,Node 03: Network 1
6537,2025-07-22,00,20,36,870595,0.667543,01,250,0,0,Node 01: Network 2
6538,2025-07-22,00,20,37,137057,0.266462,02,750,0,0,Node 02: Network 1
6539,2025-07-22,00,20,37,684066,0.547009,03,1250,0,0,Node 03: Network 1
6540,2025-07-22,00,20,38,683242,0.999176,01,251,0,0,Node 01: Network 2
6541,2025-07-22,00,20,38,888275,0.205033,BB,0,1,0,
6542,2025-07-22,00,20,38,940829,0.052554,03,358,0,1,
6543,2025-07-22,00,20,40,886422,1.945593,BB,0,1,0,
6544,2025-07-22,00,20,40,942309,0.055887,01,522,0,1,
6545,2025-07-22,00,20,40,955113,0.012804,02,569,0,1,
6546,2025-07-22,00,20,41,029028,0.073915,03,354,0,1,
6547,2025-07-22,00,20,41,703777,0.674749,02,750,0,0,Node 02: Network 1
6548,2025-07-22,00,20,42,204018,0.500241,03,1250,0,0,Node 03: Network 1
6549,2025-07-22,00,20,43,249482,1.045464,01,250,0,0,Node 01: Network 2
6550,2025-07-22,00,20,43,705143,0.455661,02,750,0,0,Node 02: Network 1
6551,2025-07-22,00,20,44,206642,0.501499,03,1250,0,0,Node 03: Network 1
6552,2025-07-22,00,20,45,706789,1.500147,02,750,0,0,Node 02: Network 1
6553,2025-07-22,00,20,46,207179,0.50039,03,1250,0,0,Node 03: Network 1
6554,2025-07-22,00,20,47,254156,1.046977,01,250,0,0,Node 01: Network 2
6555,2025-07-22,00,20,47,709325,0.455169,02,750,0,0,Node 02: Network 1
6556,2025-07-22,00,20,48,208862,0.499537,03,1250,0,0,Node 03: Network 1
6557,2025-07-22,00,20,49,257943,1.049081,01,250,0,0,Node 01: Network 2
6558,2025-07-22,00,20,49,752218,0.494275,02,750,0,0,Node 02: Network 1
6559,2025-07-22,00,20,51,754976,2.002758,02,750,0,0,Node 02: Network 1
6560,2025-07-22,00,20,52,301423,0.546447,BB,0,1,0,750:0:0:Node 02: Network 1
6561,2025-07-22,00,20,52,332831,0.031408,BB,0,1,0,03:358:0:1
6562,2025-07-22,00,20,52,375680,0.042849,03,1250,0,0,Node 03: Network 1
6563,2025-07-22,00,20,52,398279,0.022599,BB,0,1,0,01:522:0:1
6564,2025-07-22,00,20,52,480033,0.081754,02,569,0,1,
6565,2025-07-22,00,20,52,501853,0.02182,01,1946,0,1,
6566,2025-07-22,00,20,52,538742,0.036889,03,354,0,1,
6567,2025-07-22,00,20,52,573593,0.034851,01,250,0,0,Node 01: Network 2
6568,2025-07-22,00,20,52,584701,0.011108,02,69,0,1,
6569,2025-07-22,00,20,52,596212,0.011511,01,67,0,1,
6570,2025-07-22,00,20,52,607834,0.011622,03,69,0,1,
6571,2025-07-22,00,20,52,631688,0.023854,03,1761,0,1,
6572,2025-07-22,00,20,52,660340,0.028652,02,1014,0,1,
6573,2025-07-22,00,20,52,706624,0.046284,02,750,0,0,Node 02: Network 1
6574,2025-07-22,00,20,52,750781,0.044157,03,1881,0,1,
6575,2025-07-22,00,20,52,814326,0.063545,02,780,0,0,Node 02: Network 1
6576,2025-07-22,00,20,52,884704,0.070378,03,1281,0,0,Node 03: Network 1
6577,2025-07-22,00,20,52,960239,0.075535,01,43,0,1,
6578,2025-07-22,00,20,53,017934,0.057695,03,1250,0,0,Node 03: Network 1
6579,2025-07-22,00,20,53,247803,0.229869,BB,0,1,0,
6580,2025-07-22,00,20,53,292669,0.044866,02,750,0,0,Node 02: Network 1
6581,2025-07-22,00,20,53,326589,0.03392,03,1250,0,0,Node 03: Network 1
6582,2025-07-22,00,20,53,374916,0.048327,02,750,0,0,Node 02: Network 1
6583,2025-07-22,00,20,53,411030,0.036114,01,250,0,0,Node 01: Network 2
6584,2025-07-22,00,20,53,444695,0.033665,01,251,0,0,Node 01: Network 2
6585,2025-07-22,00,20,53,480883,0.036188,02,750,0,0,Node 02: Network 1
6586,2025-07-22,00,20,53,586947,0.106064,03,1250,0,0,Node 03: Network 1
6587,2025-07-22,00,20,53,681746,0.094799,02,780,0,0,Node 02: Network 1
6588,2025-07-22,00,20,53,865595,0.183849,03,1282,0,0,Node 03: Network 1
6589,2025-07-22,00,20,54,009317,0.143722,02,1959,0,1,
6590,2025-07-22,00,20,54,456426,0.447109,03,1250,0,0,Node 03: Network 1
6591,2025-07-22,00,20,54,847799,0.391373,01,250,0,0,Node 01: Network 2
6592,2025-07-22,00,20,54,884744,0.036945,BB,0,1,0,
6593,2025-07-22,00,20,56,885000,2.000256,BB,0,1,0,
6594,2025-07-22,00,20,56,933898,0.048898,03,1751,0,1,
6595,2025-07-22,00,20,56,966270,0.032372,02,181,0,1,
6596,2025-07-22,00,20,57,033862,0.067592,01,356,0,1,
6597,2025-07-22,00,20,57,701183,0.667321,02,750,0,0,Node 02: Network 1
6598,2025-07-22,00,20,58,203540,0.502357,03,1250,0,0,Node 03: Network 1
6599,2025-07-22,00,20,59,703672,1.500132,02,750,0,0,Node 02: Network 1
6600,2025-07-22,00,21,00,206040,0.502368,03,1250,0,0,Node 03: Network 1
6601,2025-07-22,00,21,01,250747,1.044707,01,250,0,0,Node 01: Network 2
6602,2025-07-22,00,21,01,705873,0.455126,02,750,0,0,Node 02: Network 1
6603,2025-07-22,00,21,03,252100,1.546227,01,250,0,0,Node 01: Network 2
6604,2025-07-22,00,21,06,884210,3.63211,BB,0,1,0,
6605,2025-07-22,00,21,06,934512,0.050302,03,333,0,1,
6606,2025-07-22,00,21,06,983234,0.048722,02,1583,0,1,
6607,2025-07-22,00,21,07,053496,0.070262,01,501,0,1,
6608,2025-07-22,00,21,07,701162,0.647666,02,750,0,0,Node 02: Network 1
6609,2025-07-22,00,21,08,203546,0.502384,03,1250,0,0,Node 03: Network 1
6610,2025-07-22,00,21,10,248649,2.045103,0,,1,1,0:1
6611,2025-07-22,00,21,10,314636,0.065987,BB,0,1,0,
6612,2025-07-22,00,21,10,369279,0.054643,03,1761,0,1,
6613,2025-07-22,00,21,10,382301,0.013022,02,1009,0,1,
6614,2025-07-22,00,21,10,395922,0.013621,01,1924,0,1,
6615,2025-07-22,00,21,10,405488,0.009566,BB,0,1,0,
6616,2025-07-22,00,21,10,467393,0.061905,BB,0,1,0,03:1751:0:1
6617,2025-07-22,00,21,10,513658,0.046265,02,1959,0,1,
6618,2025-07-22,00,21,10,534601,0.020943,03,165,0,1,
6619,2025-07-22,00,21,10,627614,0.093013,02,165,0,1,
6620,2025-07-22,00,21,10,683610,0.055996,02,181,0,1,01:356:0:1
6621,2025-07-22,00,21,10,696781,0.013171,01,165,0,1,
6622,2025-07-22,00,21,10,830608,0.133827,01,250,0,0,Node 01: Network 2
6623,2025-07-22,00,21,10,863603,0.032995,02,750,0,0,Node 02: Network 1
6624,2025-07-22,00,21,10,940357,0.076754,02,750,0,0,Node 02: Network 1
6625,2025-07-22,00,21,11,012312,0.071955,02,780,0,0,Node 02: Network 1
6626,2025-07-22,00,21,11,067989,0.055677,03,1282,0,0,Node 03: Network 1
6627,2025-07-22,00,21,11,100418,0.032429,01,281,0,0,Node 01: Network 2
6628,2025-07-22,00,21,11,146616,0.046198,03,1250,0,0,Node 03: Network 1
6629,2025-07-22,00,21,11,220535,0.073919,01,250,0,0,Node 01: Network 2
6630,2025-07-22,00,21,11,246070,0.025535,BB,0,1,0,
6631,2025-07-22,00,21,11,378844,0.132774,02,750,0,0,Node 02: Network 1
6632,2025-07-22,00,21,11,394896,0.016052,01,639,0,1,
6633,2025-07-22,00,21,11,476464,0.081568,03,1250,0,0,Node 03: Network 1
6634,2025-07-22,00,21,11,556222,0.079758,02,781,0,0,Node 02: Network 1
6635,2025-07-22,00,21,11,593714,0.037492,02,750,0,0,Node 02: Network 1
6636,2025-07-22,00,21,11,651716,0.058002,03,1250,0,0,Node 03: Network 1
6637,2025-07-22,00,21,11,691476,0.03976,01,250,0,0,Node 01: Network 2
6638,2025-07-22,00,21,11,940577,0.249101,03,1250,0,0,Node 03: Network 1
6639,2025-07-22,00,21,13,195891,1.255314,02,750,0,0,Node 02: Network 1
6640,2025-07-22,00,21,13,351692,0.155801,01,250,0,0,Node 01: Network 2
6641,2025-07-22,00,21,13,926450,0.574758,03,1251,0,0,Node 03: Network 1
6642,2025-07-22,00,21,14,882682,0.956232,BB,0,1,0,
6643,2025-07-22,00,21,14,936600,0.053918,03,326,0,1,
6644,2025-07-22,00,21,14,979229,0.042629,02,1573,0,1,
6645,2025-07-22,00,21,15,699462,0.720233,02,750,0,0,Node 02: Network 1
6646,2025-07-22,00,21,16,245758,0.546296,03,1250,0,0,Node 03: Network 1
6647,2025-07-22,00,21,17,245275,0.999517,01,250,0,0,Node 01: Network 2
6648,2025-07-22,00,21,17,700579,0.455304,02,750,0,0,Node 02: Network 1
6649,2025-07-22,00,21,18,246413,0.545834,03,1250,0,0,Node 03: Network 1
6650,2025-07-22,00,21,19,248507,1.002094,01,250,0,0,Node 01: Network 2
6651,2025-07-22,00,21,19,703387,0.45488,02,750,0,0,Node 02: Network 1
6652,2025-07-22,00,21,21,252350,1.548963,01,250,0,0,Node 01: Network 2
6653,2025-07-22,00,21,21,705269,0.452919,02,750,0,0,Node 02: Network 1
6654,2025-07-22,00,21,23,252151,1.546882,01,250,0,0,Node 01: Network 2
6655,2025-07-22,00,21,23,795774,0.543623,02,750,0,0,Node 02: Network 1
6656,2025-07-22,00,21,26,283078,2.487304,BB,0,1,0,
6657,2025-07-22,00,21,26,343521,0.060443,02,962,0,1,
6658,2025-07-22,00,21,26,357057,0.013536,03,1718,0,1,
6659,2025-07-22,00,21,26,380539,0.023482,BB,0,1,0,03:326:0:1
6660,2025-07-22,00,21,26,393977,0.013438,01,1862,0,1,
6661,2025-07-22,00,21,26,410023,0.016046,01,639,0,1,
6662,2025-07-22,00,21,26,498765,0.088742,02,1573,0,1,
6663,2025-07-22,00,21,26,525804,0.027039,02,1053,0,1,
6664,2025-07-22,00,21,26,624406,0.098602,02,750,0,0,Node 02: Network 1
6665,2025-07-22,00,21,26,681411,0.057005,01,281,0,0,Node 01: Network 2
6666,2025-07-22,00,21,26,759650,0.078239,02,781,0,0,Node 02: Network 1
6667,2025-07-22,00,21,26,793062,0.033412,02,781,0,0,Node 02: Network 1
6668,2025-07-22,00,21,26,855451,0.062389,01,250,0,0,Node 01: Network 2
6669,2025-07-22,00,21,26,913275,0.057824,03,1250,0,0,Node 03: Network 1
6670,2025-07-22,00,21,26,926294,0.013019,01,1959,0,1,
6671,2025-07-22,00,21,26,967002,0.040708,02,750,0,0,Node 02: Network 1
6672,2025-07-22,00,21,27,004940,0.037938,01,250,0,0,Node 01: Network 2
6673,2025-07-22,00,21,27,155332,0.150392,03,1251,0,0,Node 03: Network 1
6674,2025-07-22,00,21,27,165838,0.010506,BB,0,1,0,
6675,2025-07-22,00,21,27,248414,0.082576,02,750,0,0,Node 02: Network 1
6676,2025-07-22,00,21,27,281245,0.032831,02,778,0,0,Node 02: Network 1
6677,2025-07-22,00,21,27,293410,0.012165,02,811,0,1,
6678,2025-07-22,00,21,27,328111,0.034701,03,1250,0,0,Node 03: Network 1
6679,2025-07-22,00,21,27,841395,0.513284,03,1250,0,0,Node 03: Network 1
6680,2025-07-22,00,21,28,380331,0.538936,01,250,0,0,Node 01: Network 2
6681,2025-07-22,00,21,28,865362,0.485031,02,750,0,0,Node 02: Network 1
6682,2025-07-22,00,21,29,411444,0.546082,03,1250,0,0,Node 03: Network 1
6683,2025-07-22,00,21,30,411477,1.000033,01,250,0,0,Node 01: Network 2
6684,2025-07-22,00,21,30,867691,0.456214,02,750,0,0,Node 02: Network 1
6685,2025-07-22,00,21,30,893276,0.025585,BB,0,1,0,
6686,2025-07-22,00,21,30,956596,0.06332,01,464,0,1,
6687,2025-07-22,00,21,30,971230,0.014634,02,1568,0,1,
6688,2025-07-22,00,21,32,879905,1.908675,BB,0,1,0,
6689,2025-07-22,00,21,32,926824,0.046919,01,446,0,1,
6690,2025-07-22,00,21,32,954403,0.027579,03,791,0,1,
6691,2025-07-22,00,21,32,969994,0.015591,02,1552,0,1,
6692,2025-07-22,00,21,33,695958,0.725964,02,750,0,0,Node 02: Network 1
6693,2025-07-22,00,21,34,242428,0.54647,03,1250,0,0,Node 03: Network 1
6694,2025-07-22,00,21,35,242257,0.999829,01,250,0,0,Node 01: Network 2
6695,2025-07-22,00,21,35,788455,0.546198,02,750,0,0,Node 02: Network 1
6696,2025-07-22,00,21,36,289606,0.501151,03,1250,0,0,Node 03: Network 1
6697,2025-07-22,00,21,37,334227,1.044621,01,250,0,0,Node 01: Network 2
6698,2025-07-22,00,21,37,878227,0.544,02,750,0,0,Node 02: Network 1
6699,2025-07-22,00,21,38,381153,0.502926,03,1250,0,0,Node 03: Network 1
6700,2025-07-22,00,21,39,338447,0.957294,01,250,0,0,Node 01: Network 2
6701,2025-07-22,00,21,40,382170,1.043723,03,1250,0,0,Node 03: Network 1
6702,2025-07-22,00,21,40,878733,0.496563,BB,0,1,0,
6703,2025-07-22,00,21,40,918992,0.040259,03,304,0,1,
6704,2025-07-22,00,21,40,960131,0.041139,02,1543,0,1,
6705,2025-07-22,00,21,42,878150,1.918019,BB,0,1,0,
6706,2025-07-22,00,21,42,937022,0.058872,03,301,0,1,
6707,2025-07-22,00,21,42,964205,0.027183,01,1856,0,1,
6708,2025-07-22,00,21,43,014917,0.050712,02,1540,0,1,
6709,2025-07-22,00,21,43,194048,0.179131,01,250,0,0,Node 01: Network 2
6710,2025-07-22,00,21,43,694288,0.50024,02,750,0,0,Node 02: Network 1
6711,2025-07-22,00,21,44,241875,0.547587,03,1250,0,0,Node 03: Network 1
6712,2025-07-22,00,21,44,292440,0.050565,0,01,1,0,1
6713,2025-07-22,00,21,44,332171,0.039731,BB,0,1,0,
6714,2025-07-22,00,21,44,410069,0.077898,BB,0,1,0,01:464:0:1
6715,2025-07-22,00,21,44,448675,0.038606,03,1764,0,1,
6716,2025-07-22,00,21,44,462697,0.014022,01,1525,0,1,
6717,2025-07-22,00,21,44,509943,0.047246,BB,0,1,0,01:446:0:1
6718,2025-07-22,00,21,44,522965,0.013022,03,1831,0,1,
6719,2025-07-22,00,21,44,536071,0.013106,02,811,0,1,
6720,2025-07-22,00,21,44,574060,0.037989,02,1568,0,1,
6721,2025-07-22,00,21,44,687030,0.11297,03,1932,0,1,
6722,2025-07-22,00,21,44,701116,0.014086,02,1170,0,1,
6723,2025-07-22,00,21,44,869297,0.168181,01,250,0,0,Node 01: Network 2
6724,2025-07-22,00,21,44,892021,0.022724,02,1552,0,1,791:0:1
6725,2025-07-22,00,21,44,954418,0.062397,02,750,0,0,Node 02: Network 1
6726,2025-07-22,00,21,44,988026,0.033608,02,778,0,0,Node 02: Network 1
6727,2025-07-22,00,21,45,050058,0.062032,03,1250,0,0,Node 03: Network 1
6728,2025-07-22,00,21,45,116942,0.066884,01,250,0,0,Node 01: Network 2
6729,2025-07-22,00,21,45,220050,0.103108,02,750,0,0,Node 02: Network 1
6730,2025-07-22,00,21,45,251947,0.031897,01,280,0,0,Node 01: Network 2
6731,2025-07-22,00,21,45,287021,0.035074,03,1250,0,0,Node 03: Network 1
6732,2025-07-22,00,21,45,320269,0.033248,01,250,0,0,Node 01: Network 2
6733,2025-07-22,00,21,45,372952,0.052683,02,750,0,0,Node 02: Network 1
6734,2025-07-22,00,21,45,453222,0.08027,02,750,0,0,Node 02: Network 1
6735,2025-07-22,00,21,45,538152,0.08493,03,1250,0,0,Node 03: Network 1
6736,2025-07-22,00,21,45,646281,0.108129,02,764,0,0,Node 02: Network 1
6737,2025-07-22,00,21,45,725906,0.079625,02,780,0,0,Node 02: Network 1
6738,2025-07-22,00,21,45,856278,0.130372,03,1250,0,0,Node 03: Network 1
6739,2025-07-22,00,21,46,508216,0.651938,01,250,0,0,Node 01: Network 2
6740,2025-07-22,00,21,46,877714,0.369498,BB,0,1,0,
6741,2025-07-22,00,21,48,878276,2.000562,BB,0,1,0,
6742,2025-07-22,00,21,48,946487,0.068211,03,386,0,1,
6743,2025-07-22,00,21,48,974066,0.027579,02,201,0,1,
6744,2025-07-22,00,21,48,986381,0.012315,01,689,0,1,
6745,2025-07-22,00,21,49,194175,0.207794,01,250,0,0,Node 01: Network 2
6746,2025-07-22,00,21,52,877316,3.683141,BB,0,1,0,
6747,2025-07-22,00,21,52,932043,0.054727,02,1530,0,1,
6748,2025-07-22,00,21,52,967231,0.035188,03,292,0,1,
6749,2025-07-22,00,21,52,992760,0.025529,01,405,0,1,
6750,2025-07-22,00,21,53,193574,0.200814,01,250,0,0,Node 01: Network 2
6751,2025-07-22,00,21,53,737895,0.544321,02,750,0,0,Node 02: Network 1
6752,2025-07-22,00,21,54,240249,0.502354,03,1250,0,0,Node 03: Network 1
6753,2025-07-22,00,21,56,241250,2.001001,03,1250,0,0,Node 03: Network 1
6754,2025-07-22,00,21,58,876103,2.634853,BB,0,1,0,
6755,2025-07-22,00,21,58,939432,0.063329,02,1522,0,1,
6756,2025-07-22,00,21,58,989238,0.049806,03,287,0,1,
6757,2025-07-22,00,21,59,022262,0.033024,01,392,0,1,
6758,2025-07-22,00,21,59,192361,0.170099,01,250,0,0,Node 01: Network 2
6759,2025-07-22,00,21,59,693883,0.501522,02,750,0,0,Node 02: Network 1
6760,2025-07-22,00,22,00,194738,0.500855,03,1250,0,0,Node 03: Network 1
6761,2025-07-22,00,22,01,695784,1.501046,02,750,0,0,Node 02: Network 1
6762,2025-07-22,00,22,02,240940,0.545156,03,1250,0,0,Node 03: Network 1
6763,2025-07-22,00,22,03,697051,1.456111,02,750,0,0,Node 02: Network 1
6764,2025-07-22,00,22,04,242914,0.545863,03,1250,0,0,Node 03: Network 1
6765,2025-07-22,00,22,04,279031,0.036117,BB,0,1,0,
6766,2025-07-22,00,22,04,341615,0.062584,BB,0,1,0,03:386:0:1
6767,2025-07-22,00,22,04,355319,0.013704,01,1784,0,1,
6768,2025-07-22,00,22,04,401544,0.046225,03,1687,0,1,
6769,2025-07-22,00,22,04,472221,0.070677,BB,0,1,0,02:1530:0:1
6770,2025-07-22,00,22,04,486802,0.014581,01,1876,0,1,
6771,2025-07-22,00,22,04,529377,0.042575,03,1778,0,1,
6772,2025-07-22,00,22,04,577193,0.047816,02,201,0,1,689:0:1
6773,2025-07-22,00,22,04,602119,0.024926,02,1408,0,1,
6774,2025-07-22,00,22,04,623631,0.021512,03,292,0,1,405:0:1
6775,2025-07-22,00,22,04,670782,0.047151,02,1113,0,1,
6776,2025-07-22,00,22,04,842760,0.171978,01,250,0,0,Node 01: Network 2
6777,2025-07-22,00,22,04,907737,0.064977,02,750,0,0,Node 02: Network 1
6778,2025-07-22,00,22,04,966962,0.059225,BB,0,1,0,
6779,2025-07-22,00,22,05,033661,0.066699,02,779,0,0,Node 02: Network 1
6780,2025-07-22,00,22,05,072286,0.038625,01,280,0,0,Node 01: Network 2
6781,2025-07-22,00,22,05,105671,0.033385,02,764,0,0,Node 02: Network 1
6782,2025-07-22,00,22,05,138733,0.033062,02,780,0,0,Node 02: Network 1
6783,2025-07-22,00,22,05,193557,0.054824,03,1250,0,0,Node 03: Network 1
6784,2025-07-22,00,22,05,279323,0.085766,01,250,0,0,Node 01: Network 2
6785,2025-07-22,00,22,05,342262,0.062939,01,250,0,0,Node 01: Network 2
6786,2025-07-22,00,22,05,390676,0.048414,01,250,0,0,Node 01: Network 2
6787,2025-07-22,00,22,05,464004,0.073328,02,750,0,0,Node 02: Network 1
6788,2025-07-22,00,22,05,575059,0.111055,03,1250,0,0,Node 03: Network 1
6789,2025-07-22,00,22,05,714917,0.139858,03,1250,0,0,Node 03: Network 1
6790,2025-07-22,00,22,05,832517,0.1176,02,750,0,0,Node 02: Network 1
6791,2025-07-22,00,22,06,551002,0.718485,01,250,0,0,Node 01: Network 2
6792,2025-07-22,00,22,06,874802,0.3238,BB,0,1,0,
6793,2025-07-22,00,22,06,939591,0.064789,01,375,0,1,
6794,2025-07-22,00,22,10,873776,3.934185,BB,0,1,0,
6795,2025-07-22,00,22,10,924022,0.050246,03,645,0,1,
6796,2025-07-22,00,22,10,943711,0.019689,01,367,0,1,
6797,2025-07-22,00,22,10,955560,0.011849,02,598,0,1,
6798,2025-07-22,00,22,11,190961,0.235401,01,250,0,0,Node 01: Network 2
6799,2025-07-22,00,22,11,735731,0.54477,02,750,0,0,Node 02: Network 1
6800,2025-07-22,00,22,12,191817,0.456086,03,1250,0,0,Node 03: Network 1
6801,2025-07-22,00,22,13,194769,1.002952,01,250,0,0,Node 01: Network 2
6802,2025-07-22,00,22,13,736566,0.541797,02,750,0,0,Node 02: Network 1
6803,2025-07-22,00,22,14,241761,0.505195,03,1250,0,0,Node 03: Network 1
6804,2025-07-22,00,22,15,199726,0.957965,01,250,0,0,Node 01: Network 2
6805,2025-07-22,00,22,15,785742,0.586016,02,750,0,0,Node 02: Network 1
6806,2025-07-22,00,22,16,332517,0.546775,03,1250,0,0,Node 03: Network 1
6807,2025-07-22,00,22,17,787937,1.45542,02,750,0,0,Node 02: Network 1
6808,2025-07-22,00,22,18,333620,0.545683,03,1250,0,0,Node 03: Network 1
6809,2025-07-22,00,22,19,333916,1.000296,01,250,0,0,Node 01: Network 2
6810,2025-07-22,00,22,20,379845,1.045929,03,1250,0,0,Node 03: Network 1
6811,2025-07-22,00,22,20,872700,0.492855,BB,0,1,0,
6812,2025-07-22,00,22,22,872683,1.999983,BB,0,1,0,
6813,2025-07-22,00,22,22,932912,0.060229,01,1854,0,1,
6814,2025-07-22,00,22,22,962573,0.029661,03,1816,0,1,
6815,2025-07-22,00,22,22,989881,0.027308,02,1770,0,1,
6816,2025-07-22,00,22,23,188176,0.198295,01,250,0,0,Node 01: Network 2
6817,2025-07-22,00,22,23,795222,0.607046,BB,0,1,0,1522:0:1
6818,2025-07-22,00,22,23,838288,0.043066,BB,0,1,0,01:375:0:1
6819,2025-07-22,00,22,23,850840,0.012552,02,416,0,1,
6820,2025-07-22,00,22,23,863563,0.012723,01,1262,0,1,
6821,2025-07-22,00,22,24,005181,0.141618,01,1305,0,1,
6822,2025-07-22,00,22,24,027785,0.022604,BB,0,1,0,03:645:0:1
6823,2025-07-22,00,22,24,091345,0.06356,01,367,0,1,598:0:1
6824,2025-07-22,00,22,24,126147,0.034802,03,928,0,1,
6825,2025-07-22,00,22,24,138910,0.012763,02,250,0,1,
6826,2025-07-22,00,22,24,172667,0.033757,03,1250,0,0,Node 03: Network 1
6827,2025-07-22,00,22,24,241321,0.068654,03,287,0,0,BB:0:1:0
6828,2025-07-22,00,22,24,291633,0.050312,02,779,0,0,Node 02: Network 1
6829,2025-07-22,00,22,24,396623,0.10499,03,1250,0,0,Node 03: Network 1
6830,2025-07-22,00,22,24,410231,0.013608,03,1421,0,1,
6831,2025-07-22,00,22,24,485902,0.075671,02,750,0,0,Node 02: Network 1
6832,2025-07-22,00,22,24,564141,0.078239,01,250,0,0,Node 01: Network 2
6833,2025-07-22,00,22,24,644664,0.080523,01,250,0,0,Node 01: Network 2
6834,2025-07-22,00,22,24,681955,0.037291,02,750,0,0,Node 02: Network 1
6835,2025-07-22,00,22,24,761120,0.079165,03,1250,0,0,Node 03: Network 1
6836,2025-07-22,00,22,24,905779,0.144659,01,250,0,0,Node 01: Network 2
6837,2025-07-22,00,22,24,985074,0.079295,02,750,0,0,Node 02: Network 1
6838,2025-07-22,00,22,25,021134,0.03606,BB,0,1,0,
6839,2025-07-22,00,22,26,871598,1.850464,BB,0,1,0,
6840,2025-07-22,00,22,26,914576,0.042978,01,1384,0,1,
6841,2025-07-22,00,22,26,929608,0.015032,03,861,0,1,
6842,2025-07-22,00,22,26,964305,0.034697,02,1987,0,1,
6843,2025-07-22,00,22,28,871917,1.907612,BB,0,1,0,
6844,2025-07-22,00,22,28,931331,0.059414,03,262,0,1,
6845,2025-07-22,00,22,28,944593,0.013262,01,330,0,1,
6846,2025-07-22,00,22,28,988766,0.044173,02,1487,0,1,
6847,2025-07-22,00,22,29,188718,0.199952,01,250,0,0,Node 01: Network 2
6848,2025-07-22,00,22,30,190310,1.001592,03,1250,0,0,Node 03: Network 1
6849,2025-07-22,00,22,31,735690,1.54538,02,750,0,0,Node 02: Network 1
6850,2025-07-22,00,22,32,191849,0.456159,03,1250,0,0,Node 03: Network 1
6851,2025-07-22,00,22,33,282448,1.090599,01,250,0,0,Node 01: Network 2
6852,2025-07-22,00,22,33,736024,0.453576,02,750,0,0,Node 02: Network 1
6853,2025-07-22,00,22,34,327689,0.591665,03,1250,0,0,Node 03: Network 1
6854,2025-07-22,00,22,35,283563,0.955874,01,250,0,0,Node 01: Network 2
6855,2025-07-22,00,22,35,740502,0.456939,02,750,0,0,Node 02: Network 1
6856,2025-07-22,00,22,36,287165,0.546663,03,1250,0,0,Node 03: Network 1
6857,2025-07-22,00,22,37,287265,1.0001,01,250,0,0,Node 01: Network 2
6858,2025-07-22,00,22,37,742412,0.455147,02,750,0,0,Node 02: Network 1
6859,2025-07-22,00,22,38,334598,0.592186,03,1250,0,0,Node 03: Network 1
6860,2025-07-22,00,22,39,379228,1.04463,01,250,0,0,Node 01: Network 2
6861,2025-07-22,00,22,39,878949,0.499721,02,750,0,0,Node 02: Network 1
6862,2025-07-22,00,22,40,336340,0.457391,03,1250,0,0,Node 03: Network 1
6863,2025-07-22,00,22,40,869750,0.53341,BB,0,1,0,
6864,2025-07-22,00,22,40,940863,0.071113,02,1473,0,1,
6865,2025-07-22,00,22,42,869628,1.928765,BB,0,1,0,
6866,2025-07-22,00,22,42,926121,0.056493,03,1857,0,1,
6867,2025-07-22,00,22,42,939426,0.013305,01,1809,0,1,
6868,2025-07-22,00,22,42,952499,0.013073,02,1471,0,1,
6869,2025-07-22,00,22,43,184975,0.232476,01,250,0,0,Node 01: Network 2
6870,2025-07-22,00,22,43,685742,0.500767,02,750,0,0,Node 02: Network 1
6871,2025-07-22,00,22,45,232651,1.546909,01,250,0,0,Node 01: Network 2
6872,2025-07-22,00,22,45,688040,0.455389,02,750,0,0,Node 02: Network 1
6873,2025-07-22,00,22,45,778357,0.090317,BB,0,1,0,
6874,2025-07-22,00,22,45,824840,0.046483,02,376,0,1,
6875,2025-07-22,00,22,45,848425,0.023585,BB,0,1,0,1384:0:1
6876,2025-07-22,00,22,45,940615,0.09219,BB,0,1,0,01:330:0:1
6877,2025-07-22,00,22,45,953210,0.012595,03,893,0,1,
6878,2025-07-22,00,22,45,981239,0.028029,03,1421,0,1,
6879,2025-07-22,00,22,46,006889,0.02565,01,910,0,1,
6880,2025-07-22,00,22,46,040477,0.033588,03,861,0,1,1987:0:1
6881,2025-07-22,00,22,46,072680,0.032203,03,262,0,1,1487:0:1
6882,2025-07-22,00,22,46,117394,0.044714,03,1331,0,1,
6883,2025-07-22,00,22,46,130466,0.013072,01,1368,0,1,
6884,2025-07-22,00,22,46,143309,0.012843,02,192,0,1,
6885,2025-07-22,00,22,46,243514,0.100205,03,1250,0,0,Node 03: Network 1
6886,2025-07-22,00,22,46,336463,0.092949,01,250,0,0,Node 01: Network 2
6887,2025-07-22,00,22,46,391722,0.055259,01,250,0,0,Node 01: Network 2
6888,2025-07-22,00,22,46,431242,0.03952,03,1250,0,0,Node 03: Network 1
6889,2025-07-22,00,22,46,684497,0.253255,02,750,0,0,Node 02: Network 1
6890,2025-07-22,00,22,46,716604,0.032107,01,281,0,0,Node 01: Network 2
6891,2025-07-22,00,22,46,751183,0.034579,03,1250,0,0,Node 03: Network 1
6892,2025-07-22,00,22,46,814497,0.063314,01,250,0,0,Node 01: Network 2
6893,2025-07-22,00,22,46,848048,0.033551,02,750,0,0,Node 02: Network 1
6894,2025-07-22,00,22,46,882229,0.034181,03,1250,0,0,Node 03: Network 1
6895,2025-07-22,00,22,46,916479,0.03425,02,773,0,0,Node 02: Network 1
6896,2025-07-22,00,22,46,949653,0.033174,01,250,0,0,Node 01: Network 2
6897,2025-07-22,00,22,47,011180,0.061527,02,750,0,0,Node 02: Network 1
6898,2025-07-22,00,22,47,119029,0.107849,BB,0,1,0,
6899,2025-07-22,00,22,48,868269,1.74924,BB,0,1,0,
6900,2025-07-22,00,22,48,928383,0.060114,02,1367,0,1,
6901,2025-07-22,00,22,48,943408,0.015025,03,933,0,1,
6902,2025-07-22,00,22,48,979982,0.036574,01,961,0,1,
6903,2025-07-22,00,22,49,185260,0.205278,01,250,0,0,Node 01: Network 2
6904,2025-07-22,00,22,49,684734,0.499474,02,750,0,0,Node 02: Network 1
6905,2025-07-22,00,22,50,231019,0.546285,03,1250,0,0,Node 03: Network 1
6906,2025-07-22,00,22,51,231839,1.00082,01,250,0,0,Node 01: Network 2
6907,2025-07-22,00,22,51,686286,0.454447,02,750,0,0,Node 02: Network 1
6908,2025-07-22,00,22,53,236350,1.550064,01,250,0,0,Node 01: Network 2
6909,2025-07-22,00,22,53,779956,0.543606,02,750,0,0,Node 02: Network 1
6910,2025-07-22,00,22,55,239431,1.459475,01,250,0,0,Node 01: Network 2
6911,2025-07-22,00,22,56,285449,1.046018,03,1250,0,0,Node 03: Network 1
6912,2025-07-22,00,22,58,867264,2.581815,BB,0,1,0,
6913,2025-07-22,00,22,58,915815,0.048551,02,1452,0,1,
6914,2025-07-22,00,22,58,942739,0.026924,01,266,0,1,
6915,2025-07-22,00,22,58,968041,0.025302,03,235,0,1,
6916,2025-07-22,00,22,59,682176,0.714135,02,750,0,0,Node 02: Network 1
6917,2025-07-22,00,23,02,865892,3.183716,BB,0,1,0,
6918,2025-07-22,00,23,02,916273,0.050381,01,258,0,1,
6919,2025-07-22,00,23,02,930333,0.01406,02,1447,0,1,
6920,2025-07-22,00,23,02,953501,0.023168,03,231,0,1,
6921,2025-07-22,00,23,03,181232,0.227731,01,250,0,0,Node 01: Network 2
6922,2025-07-22,00,23,03,724573,0.543341,02,750,0,0,Node 02: Network 1
6923,2025-07-22,00,23,03,817309,0.092736,BB,0,1,0,
6924,2025-07-22,00,23,03,856285,0.038976,02,398,0,1,
6925,2025-07-22,00,23,03,885199,0.028914,BB,0,1,0,02:1367:0:1
6926,2025-07-22,00,23,03,948569,0.06337,03,983,0,1,
6927,2025-07-22,00,23,03,981636,0.033067,01,1207,0,1,
6928,2025-07-22,00,23,04,028703,0.047067,01,1275,0,1,
6929,2025-07-22,00,23,04,063325,0.034622,01,961,0,1,933:0:1
6930,2025-07-22,00,23,04,154899,0.091574,03,1250,0,0,Node 03: Network 1
6931,2025-07-22,00,23,04,249180,0.094281,01,250,0,0,Node 01: Network 2
6932,2025-07-22,00,23,04,281903,0.032723,01,250,0,0,Node 01: Network 2
6933,2025-07-22,00,23,04,332195,0.050292,01,281,0,0,Node 01: Network 2
6934,2025-07-22,00,23,04,455846,0.123651,02,773,0,0,Node 02: Network 1
6935,2025-07-22,00,23,04,524295,0.068449,01,250,0,0,Node 01: Network 2
6936,2025-07-22,00,23,04,557869,0.033574,02,750,0,0,Node 02: Network 1
6937,2025-07-22,00,23,04,621259,0.06339,02,804,0,0,Node 02: Network 1
6938,2025-07-22,00,23,04,654621,0.033362,03,1250,0,0,Node 03: Network 1
6939,2025-07-22,00,23,04,752959,0.098338,01,250,0,0,Node 01: Network 2
6940,2025-07-22,00,23,04,888145,0.135186,02,750,0,0,Node 02: Network 1
6941,2025-07-22,00,23,04,954255,0.06611,01,250,0,0,Node 01: Network 2
6942,2025-07-22,00,23,04,972362,0.018107,BB,0,1,0,
6943,2025-07-22,00,23,05,008052,0.03569,02,750,0,0,Node 02: Network 1
6944,2025-07-22,00,23,05,589323,0.581271,03,1250,0,0,Node 03: Network 1
6945,2025-07-22,00,23,06,554337,0.965014,01,250,0,0,Node 01: Network 2
6946,2025-07-22,00,23,06,865412,0.311075,BB,0,1,0,
6947,2025-07-22,00,23,06,933854,0.068442,03,227,0,1,
6948,2025-07-22,00,23,08,865769,1.931915,BB,0,1,0,
6949,2025-07-22,00,23,08,898893,0.033124,01,631,0,1,
6950,2025-07-22,00,23,08,929120,0.030227,03,226,0,1,
6951,2025-07-22,00,23,09,000711,0.071591,02,554,0,1,
6952,2025-07-22,00,23,09,682880,0.682169,02,750,0,0,Node 02: Network 1
6953,2025-07-22,00,23,10,184184,0.501304,03,1250,0,0,Node 03: Network 1
6954,2025-07-22,00,23,11,249047,1.064863,01,250,0,0,Node 01: Network 2
6955,2025-07-22,00,23,11,683609,0.434562,02,750,0,0,Node 02: Network 1
6956,2025-07-22,00,23,12,185923,0.502314,03,1250,0,0,Node 03: Network 1
6957,2025-07-22,00,23,13,234002,1.048079,01,250,0,0,Node 01: Network 2
6958,2025-07-22,00,23,13,686691,0.452689,02,750,0,0,Node 02: Network 1
6959,2025-07-22,00,23,14,187722,0.501031,03,1250,0,0,Node 03: Network 1
6960,2025-07-22,00,23,15,238715,1.050993,01,250,0,0,Node 01: Network 2
6961,2025-07-22,00,23,15,688322,0.449607,02,750,0,0,Node 02: Network 1
6962,2025-07-22,00,23,16,285009,0.596687,03,1250,0,0,Node 03: Network 1
6963,2025-07-22,00,23,17,242794,0.957785,01,251,0,0,Node 01: Network 2
6964,2025-07-22,00,23,17,829086,0.586292,02,750,0,0,Node 02: Network 1
6965,2025-07-22,00,23,18,286069,0.456983,03,1250,0,0,Node 03: Network 1
6966,2025-07-22,00,23,19,246038,0.959969,01,250,0,0,Node 01: Network 2
6967,2025-07-22,00,23,19,831371,0.585333,02,750,0,0,Node 02: Network 1
6968,2025-07-22,00,23,20,292750,0.461379,03,1250,0,0,Node 03: Network 1
6969,2025-07-22,00,23,22,862542,2.569792,BB,0,1,0,
6970,2025-07-22,00,23,22,915318,0.052776,02,1425,0,1,
6971,2025-07-22,00,23,22,937021,0.021703,01,216,0,1,
6972,2025-07-22,00,23,22,968960,0.031939,03,214,0,1,
6973,2025-07-22,00,23,23,180187,0.211227,01,250,0,0,Node 01: Network 2
6974,2025-07-22,00,23,23,723716,0.543529,BB,0,1,0,
6975,2025-07-22,00,23,23,793598,0.069882,BB,0,1,0,03:227:0:1
6976,2025-07-22,00,23,23,806628,0.01303,02,284,0,1,
6977,2025-07-22,00,23,23,820066,0.013438,01,1075,0,1,
6978,2025-07-22,00,23,23,839819,0.019753,BB,0,1,0,631:0:1
6979,2025-07-22,00,23,23,925947,0.086128,03,938,0,1,
6980,2025-07-22,00,23,24,028195,0.102248,03,226,0,1,02:554:0:1
6981,2025-07-22,00,23,24,046817,0.018622,02,121,0,1,
6982,2025-07-22,00,23,24,060036,0.013219,03,1190,0,1,
6983,2025-07-22,00,23,24,072549,0.012513,01,120,0,1,
6984,2025-07-22,00,23,24,128515,0.055966,01,250,0,0,Node 01: Network 2
6985,2025-07-22,00,23,24,231398,0.102883,03,1250,0,0,Node 03: Network 1
6986,2025-07-22,00,23,24,336684,0.105286,02,804,0,0,Node 02: Network 1
6987,2025-07-22,00,23,24,405410,0.068726,03,1250,0,0,Node 03: Network 1
6988,2025-07-22,00,23,24,449192,0.043782,01,250,0,0,Node 01: Network 2
6989,2025-07-22,00,23,24,481734,0.032542,01,250,0,0,Node 01: Network 2
6990,2025-07-22,00,23,24,661320,0.179586,02,750,0,0,Node 02: Network 1
6991,2025-07-22,00,23,24,775769,0.114449,02,750,0,0,Node 02: Network 1
6992,2025-07-22,00,23,24,811051,0.035282,03,1250,0,0,Node 03: Network 1
6993,2025-07-22,00,23,24,901785,0.090734,02,750,0,0,Node 02: Network 1
6994,2025-07-22,00,23,24,955605,0.05382,03,1250,0,0,Node 03: Network 1
6995,2025-07-22,00,23,24,972618,0.017013,BB,0,1,0,
6996,2025-07-22,00,23,25,024626,0.052008,01,250,0,0,Node 01: Network 2
6997,2025-07-22,00,23,25,086201,0.061575,02,750,0,0,Node 02: Network 1
6998,2025-07-22,00,23,25,279970,0.193769,02,780,0,0,Node 02: Network 1
6999,2025-07-22,00,23,26,863504,1.583534,BB,0,1,0,
7000,2025-07-22,00,23,26,897562,0.034058,01,208,0,1,
7001,2025-07-22,00,23,27,012622,0.11506,03,211,0,1,
7002,2025-07-22,00,23,28,861917,1.849295,BB,0,1,0,
7003,2025-07-22,00,23,28,907832,0.045915,01,203,0,1,
7004,2025-07-22,00,23,28,922896,0.015064,03,209,0,1,
7005,2025-07-22,00,23,28,980939,0.058043,02,552,0,1,
7006,2025-07-22,00,23,30,862817,1.881878,BB,0,1,0,
7007,2025-07-22,00,23,30,929414,0.066597,01,200,0,1,
7008,2025-07-22,00,23,30,940959,0.011545,03,207,0,1,
7009,2025-07-22,00,23,30,955483,0.014524,02,1415,0,1,
7010,2025-07-22,00,23,31,178713,0.22323,01,250,0,0,Node 01: Network 2
7011,2025-07-22,00,23,32,182758,1.004045,03,1251,0,0,Node 03: Network 1
7012,2025-07-22,00,23,33,182821,1.000063,01,250,0,0,Node 01: Network 2
7013,2025-07-22,00,23,33,726427,0.543606,02,750,0,0,Node 02: Network 1
7014,2025-07-22,00,23,35,274043,1.547616,01,250,0,0,Node 01: Network 2
7015,2025-07-22,00,23,35,818224,0.544181,02,750,0,0,Node 02: Network 1
7016,2025-07-22,00,23,37,276949,1.458725,01,250,0,0,Node 01: Network 2
7017,2025-07-22,00,23,40,860114,3.583165,BB,0,1,0,
7018,2025-07-22,00,23,40,904779,0.044665,02,1403,0,1,
7019,2025-07-22,00,23,40,949585,0.044806,03,198,0,1,
7020,2025-07-22,00,23,40,998510,0.048925,01,179,0,1,
7021,2025-07-22,00,23,41,677849,0.679339,02,750,0,0,Node 02: Network 1
7022,2025-07-22,00,23,42,223372,0.545523,03,1250,0,0,Node 03: Network 1
7023,2025-07-22,00,23,43,767360,1.543988,02,750,0,0,Node 02: Network 1
7024,2025-07-22,00,23,44,224564,0.457204,03,1250,0,0,Node 03: Network 1
7025,2025-07-22,00,23,45,855463,1.630899,BB,0,1,0,
7026,2025-07-22,00,23,45,919484,0.064021,01,1164,0,1,
7027,2025-07-22,00,23,45,939143,0.019659,BB,0,1,0,208:0:1
7028,2025-07-22,00,23,45,958989,0.019846,03,1190,0,1,
7029,2025-07-22,00,23,45,989542,0.030553,BB,0,1,0,01:203:0:1
7030,2025-07-22,00,23,46,002163,0.012621,02,393,0,1,
7031,2025-07-22,00,23,46,096600,0.094437,BB,0,1,0,01:200:0:1
7032,2025-07-22,00,23,46,168466,0.071866,02,477,0,1,
7033,2025-07-22,00,23,46,191817,0.023351,03,144,0,1,
7034,2025-07-22,00,23,46,204354,0.012537,03,211,0,1,
7035,2025-07-22,00,23,46,302524,0.09817,03,209,0,1,552:0:1
7036,2025-07-22,00,23,46,318750,0.016226,02,174,0,1,
7037,2025-07-22,00,23,46,353703,0.034953,03,207,0,1,1415:0:1
7038,2025-07-22,00,23,46,388471,0.034768,03,1250,0,0,Node 03: Network 1
7039,2025-07-22,00,23,46,444301,0.05583,01,250,0,0,Node 01: Network 2
7040,2025-07-22,00,23,46,456320,0.012019,01,142,0,1,
7041,2025-07-22,00,23,46,513569,0.057249,01,250,0,0,Node 01: Network 2
7042,2025-07-22,00,23,46,679263,0.165694,02,780,0,0,Node 02: Network 1
7043,2025-07-22,00,23,46,712447,0.033184,01,250,0,0,Node 01: Network 2
7044,2025-07-22,00,23,46,785705,0.073258,01,280,0,0,Node 01: Network 2
7045,2025-07-22,00,23,46,819459,0.033754,03,1251,0,0,Node 03: Network 1
7046,2025-07-22,00,23,46,853335,0.033876,01,250,0,0,Node 01: Network 2
7047,2025-07-22,00,23,46,886724,0.033389,02,750,0,0,Node 02: Network 1
7048,2025-07-22,00,23,46,919058,0.032334,02,750,0,0,Node 02: Network 1
7049,2025-07-22,00,23,46,953588,0.03453,01,250,0,0,Node 01: Network 2
7050,2025-07-22,00,23,47,022102,0.068514,02,750,0,0,Node 02: Network 1
7051,2025-07-22,00,23,47,120384,0.098282,01,281,0,0,Node 01: Network 2
7052,2025-07-22,00,23,47,503067,0.382683,03,1250,0,0,Node 03: Network 1
7053,2025-07-22,00,23,47,634506,0.131439,BB,0,1,0,
7054,2025-07-22,00,23,47,698687,0.064181,03,967,0,1,
7055,2025-07-22,00,23,48,859647,1.16096,BB,0,1,0,
7056,2025-07-22,00,23,48,918651,0.059004,01,1340,0,1,
7057,2025-07-22,00,23,48,949583,0.030932,02,1749,0,1,
7058,2025-07-22,00,23,50,858052,1.908469,BB,0,1,0,
7059,2025-07-22,00,23,50,919825,0.061773,03,1229,0,1,
7060,2025-07-22,00,23,50,945850,0.026025,02,1391,0,1,
7061,2025-07-22,00,23,50,958428,0.012578,01,158,0,1,
7062,2025-07-22,00,23,51,175168,0.21674,01,250,0,0,Node 01: Network 2
7063,2025-07-22,00,23,51,675909,0.500741,02,750,0,0,Node 02: Network 1
7064,2025-07-22,00,23,52,177520,0.501611,03,1250,0,0,Node 03: Network 1
7065,2025-07-22,00,23,53,223415,1.045895,01,250,0,0,Node 01: Network 2
7066,2025-07-22,00,23,53,678030,0.454615,02,750,0,0,Node 02: Network 1
7067,2025-07-22,00,23,56,858430,3.1804,BB,0,1,0,
7068,2025-07-22,00,23,56,918532,0.060102,01,145,0,1,
7069,2025-07-22,00,23,56,932344,0.013812,02,1385,0,1,
7070,2025-07-22,00,23,56,957883,0.025539,03,184,0,1,
7071,2025-07-22,00,23,58,857898,1.900015,BB,0,1,0,
7072,2025-07-22,00,23,58,904060,0.046162,01,141,0,1,
7073,2025-07-22,00,23,58,927584,0.023524,03,182,0,1,
7074,2025-07-22,00,23,58,959651,0.032067,02,1382,0,1,
7075,2025-07-22,00,24,00,857989,1.898338,BB,0,1,0,
7076,2025-07-22,00,24,00,892499,0.03451,03,181,0,1,
7077,2025-07-22,00,24,00,926070,0.033571,02,1380,0,1,
7078,2025-07-22,00,24,00,944384,0.018314,01,136,0,1,
7079,2025-07-22,00,24,01,673601,0.729217,02,750,0,0,Node 02: Network 1
7080,2025-07-22,00,24,04,857087,3.183486,BB,0,1,0,
7081,2025-07-22,00,24,04,923229,0.066142,01,128,0,1,
7082,2025-07-22,00,24,04,937261,0.014032,02,1375,0,1,
7083,2025-07-22,00,24,04,992185,0.054924,03,177,0,1,
7084,2025-07-22,00,24,05,674035,0.68185,02,750,0,0,Node 02: Network 1
7085,2025-07-22,00,24,07,675455,2.00142,02,750,0,0,Node 02: Network 1
7086,2025-07-22,00,24,08,221134,0.545679,03,1250,0,0,Node 03: Network 1
7087,2025-07-22,00,24,09,677029,1.455895,02,750,0,0,Node 02: Network 1
7088,2025-07-22,00,24,10,223239,0.54621,03,1250,0,0,Node 03: Network 1
7089,2025-07-22,00,24,11,224696,1.001457,01,250,0,0,Node 01: Network 2
7090,2025-07-22,00,24,12,225370,1.000674,03,1250,0,0,Node 03: Network 1
7091,2025-07-22,00,24,13,228295,1.002925,01,250,0,0,Node 01: Network 2
7092,2025-07-22,00,24,15,732294,2.503999,BB,0,1,0,1403:0:1
7093,2025-07-22,00,24,15,790036,0.057742,BB,0,1,0,03:967:0:1
7094,2025-07-22,00,24,15,802128,0.012092,02,239,0,1,
7095,2025-07-22,00,24,15,816465,0.014337,03,1044,0,1,
7096,2025-07-22,00,24,15,828997,0.012532,01,982,0,1,
7097,2025-07-22,00,24,15,899895,0.070898,01,1040,0,1,
7098,2025-07-22,00,24,15,926047,0.026152,BB,0,1,0,01:1340:0:1
7099,2025-07-22,00,24,15,968797,0.04275,03,1131,0,1,
7100,2025-07-22,00,24,16,004210,0.035413,BB,0,1,0,03:1229:0:1
7101,2025-07-22,00,24,16,078536,0.074326,02,211,0,1,
7102,2025-07-22,00,24,16,118604,0.040068,BB,0,1,0,01:145:0:1
7103,2025-07-22,00,24,16,179679,0.061075,BB,0,1,0,01:141:0:1
7104,2025-07-22,00,24,16,198758,0.019079,02,512,0,1,
7105,2025-07-22,00,24,16,223803,0.025045,03,1238,0,1,
7106,2025-07-22,00,24,16,236313,0.01251,01,238,0,1,
7107,2025-07-22,00,24,16,256387,0.020074,BB,0,1,0,181:0:1
7108,2025-07-22,00,24,16,315635,0.059248,BB,0,1,0,01:128:0:1
7109,2025-07-22,00,24,16,406232,0.090597,02,1749,0,1,
7110,2025-07-22,00,24,16,418282,0.01205,03,213,0,1,
7111,2025-07-22,00,24,16,440838,0.022556,01,192,0,1,
7112,2025-07-22,00,24,16,486041,0.045203,02,157,0,1,
7113,2025-07-22,00,24,16,509109,0.023068,02,1385,0,1,184:0:1
7114,2025-07-22,00,24,16,538453,0.029344,03,1492,0,1,
7115,2025-07-22,00,24,16,560607,0.022154,03,182,0,1,1382:0:1
7116,2025-07-22,00,24,16,594468,0.033861,02,1380,0,1,136:0:1
7117,2025-07-22,00,24,16,622699,0.028231,02,1375,0,1,03:177:0:1
7118,2025-07-22,00,24,16,652739,0.03004,01,158,0,1,
7119,2025-07-22,00,24,16,708509,0.05577,01,250,0,0,Node 01: Network 2
7120,2025-07-22,00,24,16,921316,0.212807,01,280,0,0,Node 01: Network 2
7121,2025-07-22,00,24,16,955110,0.033794,02,625,0,1,
7122,2025-07-22,00,24,17,015675,0.060565,03,1628,0,1,
7123,2025-07-22,00,24,17,056007,0.040332,03,1571,0,1,
7124,2025-07-22,00,24,17,094679,0.038672,01,281,0,0,Node 01: Network 2
7125,2025-07-22,00,24,17,129401,0.034722,03,1250,0,0,Node 03: Network 1
7126,2025-07-22,00,24,17,243204,0.113803,01,250,0,0,Node 01: Network 2
7127,2025-07-22,00,24,17,275915,0.032711,02,750,0,0,Node 02: Network 1
7128,2025-07-22,00,24,17,322243,0.046328,03,1250,0,0,N01:281:0:0:Node 01: Network 2
7129,2025-07-22,00,24,17,332752,0.010509,BB,0,1,0,
7130,2025-07-22,00,24,17,460882,0.12813,ode 03, Network 1,,,
7131,2025-07-22,00,24,17,494419,0.033537,01,250,0,0,Node 01: Network 2
7132,2025-07-22,00,24,17,691490,0.197071,02,750,0,0,Node 02: Network 1
7133,2025-07-22,00,24,17,735923,0.044433,02,750,0,0,Node 02: Network 1
7134,2025-07-22,00,24,17,852313,0.11639,02,750,0,0,Node 02: Network 1
7135,2025-07-22,00,24,17,931816,0.079503,02,781,0,0,Node 02: Network 1
7136,2025-07-22,00,24,18,447377,0.515561,03,1250,0,0,Node 03: Network 1
7137,2025-07-22,00,24,18,855078,0.407701,BB,0,1,0,
7138,2025-07-22,00,24,20,854640,1.999562,BB,0,1,0,
7139,2025-07-22,00,24,20,915870,0.06123,02,1780,0,1,
7140,2025-07-22,00,24,20,929007,0.013137,01,1727,0,1,
7141,2025-07-22,00,24,20,963908,0.034901,03,1731,0,1,
7142,2025-07-22,00,24,21,170378,0.20647,01,250,0,0,Node 01: Network 2
7143,2025-07-22,00,24,21,714652,0.544274,02,750,0,0,Node 02: Network 1
7144,2025-07-22,00,24,22,174053,0.459401,03,1250,0,0,Node 03: Network 1
7145,2025-07-22,00,24,23,218727,1.044674,01,250,0,0,Node 01: Network 2
7146,2025-07-22,00,24,23,716706,0.497979,02,750,0,0,Node 02: Network 1
7147,2025-07-22,00,24,26,853542,3.136836,BB,0,1,0,
7148,2025-07-22,00,24,26,915801,0.062259,02,1350,0,1,
7149,2025-07-22,00,24,26,928477,0.012676,03,158,0,1,
7150,2025-07-22,00,24,26,940025,0.011548,01,83,0,1,
7151,2025-07-22,00,24,28,172741,1.232716,03,1250,0,0,Node 03: Network 1
7152,2025-07-22,00,24,30,173423,2.000682,03,1250,0,0,Node 03: Network 1
7153,2025-07-22,00,24,31,718762,1.545339,02,750,0,0,Node 02: Network 1
7154,2025-07-22,00,24,32,264970,0.546208,03,1250,0,0,Node 03: Network 1
7155,2025-07-22,00,24,33,265803,1.000833,01,250,0,0,Node 01: Network 2
7156,2025-07-22,00,24,33,809490,0.543687,02,750,0,0,Node 02: Network 1
7157,2025-07-22,00,24,34,356709,0.547219,03,1250,0,0,Node 03: Network 1
7158,2025-07-22,00,24,34,852700,0.495991,BB,0,1,0,
7159,2025-07-22,00,24,34,898455,0.045755,03,151,0,1,
7160,2025-07-22,00,24,36,852740,1.954285,BB,0,1,0,
7161,2025-07-22,00,24,36,898370,0.04563,03,149,0,1,
7162,2025-07-22,00,24,36,912401,0.014031,01,1815,0,1,
7163,2025-07-22,00,24,36,964772,0.052371,02,1863,0,1,
7164,2025-07-22,00,24,38,209732,1.24496,BB,0,1,0,
7165,2025-07-22,00,24,38,267817,0.058085,03,1506,0,1,
7166,2025-07-22,00,24,38,287888,0.020071,01,1416,0,1,
7167,2025-07-22,00,24,38,300170,0.012282,02,695,0,1,
7168,2025-07-22,00,24,38,310734,0.010564,BB,0,1,0,
7169,2025-07-22,00,24,38,379041,0.068307,BB,0,1,0,02:1780:0:1
7170,2025-07-22,00,24,38,494029,0.114988,03,1608,0,1,
7171,2025-07-22,00,24,38,508931,0.014902,01,1519,0,1,
7172,2025-07-22,00,24,38,521027,0.012096,02,799,0,1,
7173,2025-07-22,00,24,38,592245,0.071218,BB,0,1,0,02:1350:0:1
7174,2025-07-22,00,24,38,606777,0.014532,02,864,0,1,
7175,2025-07-22,00,24,38,637375,0.030598,01,158,0,1,
7176,2025-07-22,00,24,38,694050,0.056675,03,1675,0,1,
7177,2025-07-22,00,24,38,717621,0.023571,01,288,0,1,
7178,2025-07-22,00,24,38,730094,0.012473,03,213,0,1,
7179,2025-07-22,00,24,38,800485,0.070391,02,625,0,1,03:1628:0:1
7180,2025-07-22,00,24,38,824086,0.023601,03,1571,0,1,
7181,2025-07-22,00,24,38,930103,0.106017,01,1727,0,1,1731:0:1
7182,2025-07-22,00,24,38,959709,0.029606,03,158,0,1,83:0:1
7183,2025-07-22,00,24,39,178826,0.219117,01,251,0,0,Node 01: Network 2
7184,2025-07-22,00,24,39,232990,0.054164,02,750,0,0,Node 02: Network 1
7185,2025-07-22,00,24,39,297716,0.064726,03,1250,0,0,Node 03: Network 1
7186,2025-07-22,00,24,39,390735,0.093019,01,281,0,0,Node 01: Network 2
7187,2025-07-22,00,24,39,481273,0.090538,02,781,0,0,Node 02: Network 1
7188,2025-07-22,00,24,39,520689,0.039416,03,1250,0,0,Node 03: Network 1
7189,2025-07-22,00,24,39,664861,0.144172,01,250,0,0,Node 01: Network 2
7190,2025-07-22,00,24,39,698097,0.033236,02,750,0,0,Node 02: Network 1
7191,2025-07-22,00,24,39,776902,0.078805,02,765,0,0,Node 02: Network 1
7192,2025-07-22,00,24,39,808480,0.031578,02,752,0,0,Node 02: Network 1
7193,2025-07-22,00,24,39,842537,0.034057,03,1250,0,0,Node 03: Network 1
7194,2025-07-22,00,24,39,876737,0.0342,01,250,0,0,Node 01: Network 2
7195,2025-07-22,00,24,39,909951,0.033214,02,750,0,0,Node 02: Network 1
7196,2025-07-22,00,24,39,943652,0.033701,03,1250,0,0,Node 03: Network 1
7197,2025-07-22,00,24,40,225143,0.281491,03,1250,0,0,Node 03: Network 1
7198,2025-07-22,00,24,40,851077,0.625934,BB,0,1,0,
7199,2025-07-22,00,24,40,939986,0.088909,01,250,0,0,Node 01: Network 2
7200,2025-07-22,00,24,40,953024,0.013038,01,283,0,1,
7201,2025-07-22,00,24,44,850924,3.8979,BB,0,1,0,
7202,2025-07-22,00,24,44,892937,0.042013,03,142,0,1,
7203,2025-07-22,00,24,44,914690,0.021753,02,1329,0,1,
7204,2025-07-22,00,24,44,949398,0.034708,01,45,0,1,
7205,2025-07-22,00,24,48,850608,3.90121,BB,0,1,0,
7206,2025-07-22,00,24,48,898782,0.048174,02,1325,0,1,
7207,2025-07-22,00,24,48,910481,0.011699,01,37,0,1,
7208,2025-07-22,00,24,48,957044,0.046563,03,139,0,1,
7209,2025-07-22,00,24,49,167058,0.210014,01,250,0,0,Node 01: Network 2
7210,2025-07-22,00,24,50,169914,1.002856,03,1250,0,0,Node 03: Network 1
7211,2025-07-22,00,24,51,169668,0.999754,01,250,0,0,Node 01: Network 2
7212,2025-07-22,00,24,51,714350,0.544682,02,750,0,0,Node 02: Network 1
7213,2025-07-22,00,24,53,260155,1.545805,01,250,0,0,Node 01: Network 2
7214,2025-07-22,00,24,53,804528,0.544373,02,750,0,0,Node 02: Network 1
7215,2025-07-22,00,24,54,306918,0.50239,03,1250,0,0,Node 03: Network 1
7216,2025-07-22,00,24,55,351491,1.044573,01,250,0,0,Node 01: Network 2
7217,2025-07-22,00,24,55,805804,0.454313,02,750,0,0,Node 02: Network 1
7218,2025-07-22,00,24,56,849067,1.043263,BB,0,1,0,
7219,2025-07-22,00,24,56,893820,0.044753,02,1315,0,1,
7220,2025-07-22,00,24,56,922530,0.02871,03,131,0,1,
7221,2025-07-22,00,24,57,666882,0.744352,02,751,0,0,Node 02: Network 1
7222,2025-07-22,00,24,59,212131,1.545249,01,250,0,0,Node 01: Network 2
7223,2025-07-22,00,25,00,258606,1.046475,03,1250,0,0,Node 03: Network 1
7224,2025-07-22,00,25,01,801502,1.542896,02,750,0,0,Node 02: Network 1
7225,2025-07-22,00,25,03,363576,1.562074,BB,0,1,0,01:250:0:0:Node 01: Network 2
7226,2025-07-22,00,25,03,398267,0.034691,BB,0,1,0,03:142:0:1
7227,2025-07-22,00,25,03,435339,0.037072,02,1823,0,1,
7228,2025-07-22,00,25,03,447885,0.012546,01,521,0,1,
7229,2025-07-22,00,25,03,472173,0.024288,BB,0,1,0,02:1325:0:1
7230,2025-07-22,00,25,03,499154,0.026981,01,283,0,1,
7231,2025-07-22,00,25,03,517965,0.018811,01,555,0,1,
7232,2025-07-22,00,25,03,530473,0.012508,03,641,0,1,
7233,2025-07-22,00,25,03,570831,0.040358,02,144,0,1,
7234,2025-07-22,00,25,03,620418,0.049587,02,1329,0,1,45:0:1
7235,2025-07-22,00,25,03,631829,0.011411,03,75,0,1,
7236,2025-07-22,00,25,03,686303,0.054474,01,37,0,1,03:139:0:1
7237,2025-07-22,00,25,03,856565,0.170262,03,1250,0,0,Node 03: Network 1
7238,2025-07-22,00,25,03,940643,0.084078,02,750,0,0,Node 02: Network 1
7239,2025-07-22,00,25,03,999176,0.058533,01,251,0,0,Node 01: Network 2
7240,2025-07-22,00,25,04,067848,0.068672,02,765,0,0,Node 02: Network 1
7241,2025-07-22,00,25,04,106500,0.038652,02,752,0,0,Node 02: Network 1
7242,2025-07-22,00,25,04,148877,0.042377,03,1250,0,0,Node 03: Network 1
7243,2025-07-22,00,25,04,218498,0.069621,01,250,0,0,Node 01: Network 2
7244,2025-07-22,00,25,04,252567,0.034069,03,1250,0,0,Node 03: Network 1
7245,2025-07-22,00,25,04,286410,0.033843,01,250,0,0,Node 01: Network 2
7246,2025-07-22,00,25,04,347595,0.061185,02,750,0,0,Node 02: Network 1
7247,2025-07-22,00,25,04,404509,0.056914,01,250,0,0,Node 01: Network 2
7248,2025-07-22,00,25,04,848530,0.444021,BB,0,1,0,
7249,2025-07-22,00,25,06,847045,1.998515,BB,0,1,0,
7250,2025-07-22,00,25,06,895161,0.048116,03,1129,0,1,
7251,2025-07-22,00,25,06,908271,0.01311,01,1517,0,1,
7252,2025-07-22,00,25,06,937452,0.029181,02,1396,0,1,
7253,2025-07-22,00,25,08,165980,1.228528,03,1251,0,0,Node 03: Network 1
7254,2025-07-22,00,25,10,167829,2.001849,03,1250,0,0,Node 03: Network 1
7255,2025-07-22,00,25,11,213112,1.045283,01,250,0,0,Node 01: Network 2
7256,2025-07-22,00,25,12,169376,0.956264,03,1250,0,0,Node 03: Network 1
7257,2025-07-22,00,25,13,215341,1.045965,01,250,0,0,Node 01: Network 2
7258,2025-07-22,00,25,13,760159,0.544818,02,750,0,0,Node 02: Network 1
7259,2025-07-22,00,25,14,262442,0.502283,03,1250,0,0,Node 03: Network 1
7260,2025-07-22,00,25,15,306668,1.044226,01,250,0,0,Node 01: Network 2
7261,2025-07-22,00,25,15,761450,0.454782,02,750,0,0,Node 02: Network 1
7262,2025-07-22,00,25,16,353121,0.591671,03,1250,0,0,Node 03: Network 1
7263,2025-07-22,00,25,16,845891,0.49277,BB,0,1,0,
7264,2025-07-22,00,25,16,894035,0.048144,02,1292,0,1,
7265,2025-07-22,00,25,18,846452,1.952417,BB,0,1,0,
7266,2025-07-22,00,25,18,915467,0.069015,01,1856,0,1,
7267,2025-07-22,00,25,18,929311,0.013844,02,1290,0,1,
7268,2025-07-22,00,25,18,942629,0.013318,03,1816,0,1,
7269,2025-07-22,00,25,19,163671,0.221042,01,250,0,0,Node 01: Network 2
7270,2025-07-22,00,25,19,707211,0.54354,02,750,0,0,Node 02: Network 1
7271,2025-07-22,00,25,20,164672,0.457461,03,1250,0,0,Node 03: Network 1
7272,2025-07-22,00,25,21,167342,1.00267,01,250,0,0,Node 01: Network 2
7273,2025-07-22,00,25,21,711269,0.543927,02,750,0,0,Node 02: Network 1
7274,2025-07-22,00,25,22,214441,0.503172,03,1250,0,0,Node 03: Network 1
7275,2025-07-22,00,25,23,171038,0.956597,01,250,0,0,Node 01: Network 2
7276,2025-07-22,00,25,23,758800,0.587762,02,750,0,0,Node 02: Network 1
7277,2025-07-22,00,25,25,798457,2.039657,BB,0,1,0,
7278,2025-07-22,00,25,25,850611,0.052154,BB,0,1,0,01:1517:0:1
7279,2025-07-22,00,25,25,891723,0.041112,03,1060,0,1,
7280,2025-07-22,00,25,25,904261,0.012538,01,912,0,1,
7281,2025-07-22,00,25,25,917040,0.012779,02,236,0,1,
7282,2025-07-22,00,25,25,942334,0.025294,03,1129,0,1,1396:0:1
7283,2025-07-22,00,25,25,984276,0.041942,01,965,0,1,
7284,2025-07-22,00,25,26,018299,0.034023,03,1111,0,1,
7285,2025-07-22,00,25,26,141731,0.123432,02,750,0,0,Node 02: Network 1
7286,2025-07-22,00,25,26,205256,0.063525,03,1250,0,0,Node 03: Network 1
7287,2025-07-22,00,25,26,259775,0.054519,02,287,0,1,
7288,2025-07-22,00,25,26,294065,0.03429,03,1251,0,0,Node 03: Network 1
7289,2025-07-22,00,25,26,379119,0.085054,03,1250,0,0,Node 03: Network 1
7290,2025-07-22,00,25,26,411490,0.032371,01,250,0,0,Node 01: Network 2
7291,2025-07-22,00,25,26,444045,0.032555,02,780,0,0,Node 02: Network 1
7292,2025-07-22,00,25,26,477803,0.033758,01,250,0,0,Node 01: Network 2
7293,2025-07-22,00,25,26,547046,0.069243,03,1250,0,0,Node 03: Network 1
7294,2025-07-22,00,25,26,591954,0.044908,01,250,0,0,Node 01: Network 2
7295,2025-07-22,00,25,26,629042,0.037088,02,750,0,0,Node 02: Network 1
7296,2025-07-22,00,25,26,719950,0.090908,03,1250,0,0,Node 03: Network 1
7297,2025-07-22,00,25,26,770887,0.050937,01,250,0,0,Node 01: Network 2
7298,2025-07-22,00,25,26,865250,0.094363,02,750,0,0,Node 02: Network 1
7299,2025-07-22,00,25,26,961024,0.095774,03,1278,0,0,Node 03: Network 1
7300,2025-07-22,00,25,27,048921,0.087897,BB,0,1,0,
7301,2025-07-22,00,25,27,224865,0.175944,02,750,0,0,Node 02: Network 1
7302,2025-07-22,00,25,27,299251,0.074386,03,310,0,1,
7303,2025-07-22,00,25,28,844095,1.544844,BB,0,1,0,
7304,2025-07-22,00,25,28,898221,0.054126,01,1952,0,1,
7305,2025-07-22,00,25,28,918438,0.020217,03,103,0,1,
7306,2025-07-22,00,25,28,941188,0.02275,02,1277,0,1,
7307,2025-07-22,00,25,29,159166,0.217978,01,250,0,0,Node 01: Network 2
7308,2025-07-22,00,25,29,660208,0.501042,02,750,0,0,Node 02: Network 1
7309,2025-07-22,00,25,30,162087,0.501879,03,1250,0,0,Node 03: Network 1
7310,2025-07-22,00,25,31,663056,1.500969,02,750,0,0,Node 02: Network 1
7311,2025-07-22,00,25,34,844341,3.181285,BB,0,1,0,
7312,2025-07-22,00,25,34,919761,0.07542,02,1272,0,1,
7313,2025-07-22,00,25,34,960950,0.041189,03,99,0,1,
7314,2025-07-22,00,25,34,975266,0.014316,01,1941,0,1,
7315,2025-07-22,00,25,35,160035,0.184769,01,250,0,0,Node 01: Network 2
7316,2025-07-22,00,25,35,703048,0.543013,02,750,0,0,Node 02: Network 1
7317,2025-07-22,00,25,36,163745,0.460697,03,1250,0,0,Node 03: Network 1
7318,2025-07-22,00,25,37,249193,1.085448,01,250,0,0,Node 01: Network 2
7319,2025-07-22,00,25,38,164421,0.915228,03,1250,0,0,Node 03: Network 1
7320,2025-07-22,00,25,39,253410,1.088989,01,250,0,0,Node 01: Network 2
7321,2025-07-22,00,25,40,166128,0.912718,03,1250,0,0,Node 03: Network 1
7322,2025-07-22,00,25,41,257231,1.091103,01,250,0,0,Node 01: Network 2
7323,2025-07-22,00,25,42,168227,0.910996,03,1250,0,0,Node 03: Network 1
7324,2025-07-22,00,25,43,211388,1.043161,01,250,0,0,Node 01: Network 2
7325,2025-07-22,00,25,43,710203,0.498815,02,750,0,0,Node 02: Network 1
7326,2025-07-22,00,25,45,258030,1.547827,01,250,0,0,Node 01: Network 2
7327,2025-07-22,00,25,46,223108,0.965078,BB,0,1,0,1292:0:1
7328,2025-07-22,00,25,46,310020,0.086912,BB,0,1,1,250:0:0:Node 01: Network 2
7329,2025-07-22,00,25,46,341580,0.03156,02,638,0,1,
7330,2025-07-22,00,25,46,352097,0.010517,BB,0,1,0,
7331,2025-07-22,00,25,46,373122,0.021025,01,1373,0,1,
7332,2025-07-22,00,25,46,401666,0.028544,BB,0,1,0,01:1952:0:1
7333,2025-07-22,00,25,46,415197,0.013531,03,1469,0,1,
7334,2025-07-22,00,25,46,483327,0.06813,BB,0,1,0,
7335,2025-07-22,00,25,46,517900,0.034573,02,139,0,1,
7336,2025-07-22,00,25,46,607147,0.089247,03,310,0,1,
7337,2025-07-22,00,25,46,619657,0.01251,02,859,0,1,
7338,2025-07-22,00,25,46,643566,0.023909,01,127,0,1,
7339,2025-07-22,00,25,46,688370,0.044804,03,103,0,1,1277:0:1
7340,2025-07-22,00,25,46,700519,0.012149,03,152,0,1,
7341,2025-07-22,00,25,46,713031,0.012512,02,899,0,1,
7342,2025-07-22,00,25,46,736448,0.023417,01,1557,0,1,
7343,2025-07-22,00,25,46,841037,0.104589,03,134,0,1,
7344,2025-07-22,00,25,46,866869,0.025832,02,1272,0,1,03:99:0:1
7345,2025-07-22,00,25,46,921846,0.054977,01,1941,0,1,
7346,2025-07-22,00,25,46,996860,0.075014,03,1250,0,0,Node 03: Network 1
7347,2025-07-22,00,25,47,110899,0.114039,02,780,0,0,Node 02: Network 1
7348,2025-07-22,00,25,47,148511,0.037612,01,251,0,0,Node 01: Network 2
7349,2025-07-22,00,25,47,158600,0.010089,BB,0,1,0,
7350,2025-07-22,00,25,47,193116,0.034516,03,1278,0,0,Node 03: Network 1
7351,2025-07-22,00,25,47,296411,0.103295,02,750,0,0,Node 02: Network 1
7352,2025-07-22,00,25,47,418216,0.121805,01,250,0,0,Node 01: Network 2
7353,2025-07-22,00,25,47,531322,0.113106,02,750,0,0,Node 02: Network 1
7354,2025-07-22,00,25,47,671382,0.14006,03,1250,0,0,Node 03: Network 1
7355,2025-07-22,00,25,47,725760,0.054378,02,750,0,0,Node 02: Network 1
7356,2025-07-22,00,25,47,948201,0.222441,03,1250,0,0,Node 03: Network 1
7357,2025-07-22,00,25,47,981013,0.032812,01,250,0,0,Node 01: Network 2
7358,2025-07-22,00,25,48,014932,0.033919,02,750,0,0,Node 02: Network 1
7359,2025-07-22,00,25,48,048596,0.033664,03,1250,0,0,Node 03: Network 1
7360,2025-07-22,00,25,48,081418,0.032822,02,750,0,0,Node 02: Network 1
7361,2025-07-22,00,25,48,524998,0.44358,02,750,0,0,Node 02: Network 1
7362,2025-07-22,00,25,48,842387,0.317389,BB,0,1,0,
7363,2025-07-22,00,25,50,841299,1.998912,BB,0,1,0,
7364,2025-07-22,00,25,50,883367,0.042068,03,1167,0,1,
7365,2025-07-22,00,25,50,897923,0.014556,02,1136,0,1,
7366,2025-07-22,00,25,50,965816,0.067893,01,1090,0,1,
7367,2025-07-22,00,25,51,157540,0.191724,01,250,0,0,Node 01: Network 2
7368,2025-07-22,00,25,51,701679,0.544139,02,750,0,0,Node 02: Network 1
7369,2025-07-22,00,25,52,248160,0.546481,03,1250,0,0,Node 03: Network 1
7370,2025-07-22,00,25,54,841270,2.59311,BB,0,1,0,
7371,2025-07-22,00,25,54,890350,0.04908,02,1248,0,1,
7372,2025-07-22,00,25,54,901881,0.011531,03,81,0,1,
7373,2025-07-22,00,25,54,956198,0.054317,01,1899,0,1,
7374,2025-07-22,00,25,55,158438,0.20224,01,250,0,0,Node 01: Network 2
7375,2025-07-22,00,25,55,657650,0.499212,02,750,0,0,Node 02: Network 1
7376,2025-07-22,00,25,56,159209,0.501559,03,1250,0,0,Node 03: Network 1
7377,2025-07-22,00,25,57,161424,1.002215,01,250,0,0,Node 01: Network 2
7378,2025-07-22,00,25,57,706247,0.544823,02,750,0,0,Node 02: Network 1
7379,2025-07-22,00,25,58,252416,0.546169,03,1250,0,0,Node 03: Network 1
7380,2025-07-22,00,25,59,165978,0.913562,01,250,0,0,Node 01: Network 2
7381,2025-07-22,00,25,59,797471,0.631493,02,750,0,0,Node 02: Network 1
7382,2025-07-22,00,26,02,838773,3.041302,BB,0,1,0,
7383,2025-07-22,00,26,02,907780,0.069007,03,74,0,1,
7384,2025-07-22,00,26,02,924903,0.017123,01,1881,0,1,
7385,2025-07-22,00,26,02,937793,0.01289,02,1238,0,1,
7386,2025-07-22,00,26,03,154906,0.217113,01,250,0,0,Node 01: Network 2
7387,2025-07-22,00,26,03,698435,0.543529,02,750,0,0,Node 02: Network 1
7388,2025-07-22,00,26,04,158588,0.460153,03,1250,0,0,Node 03: Network 1
7389,2025-07-22,00,26,05,203768,1.04518,01,250,0,0,Node 01: Network 2
7390,2025-07-22,00,26,05,694594,0.490826,BB,0,1,0,
7391,2025-07-22,00,26,05,756501,0.061907,BB,0,1,0,
7392,2025-07-22,00,26,05,767619,0.011118,02,91,0,1,
7393,2025-07-22,00,26,05,836833,0.069214,BB,0,1,0,03:1167:0:1
7394,2025-07-22,00,26,05,848520,0.011687,02,172,0,1,
7395,2025-07-22,00,26,05,924791,0.076271,BB,0,1,0,02:1248:0:1
7396,2025-07-22,00,26,05,936957,0.012166,02,261,0,1,
7397,2025-07-22,00,26,05,949209,0.012252,01,888,0,1,
7398,2025-07-22,00,26,05,976784,0.027575,02,1136,0,1,01:1090:0:1
7399,2025-07-22,00,26,05,989187,0.012403,03,942,0,1,
7400,2025-07-22,00,26,06,042812,0.053625,03,81,0,1,01:1899:0:1
7401,2025-07-22,00,26,06,095147,0.052335,01,250,0,0,Node 01: Network 2
7402,2025-07-22,00,26,06,266886,0.171739,03,1250,0,0,Node 03: Network 1
7403,2025-07-22,00,26,06,351807,0.084921,01,161,0,1,
7404,2025-07-22,00,26,06,389727,0.03792,01,251,0,0,Node 01: Network 2
7405,2025-07-22,00,26,06,484783,0.095056,03,1250,0,0,Node 03: Network 1
7406,2025-07-22,00,26,06,546074,0.061291,01,280,0,0,Node 01: Network 2
7407,2025-07-22,00,26,06,579290,0.033216,02,750,0,0,Node 02: Network 1
7408,2025-07-22,00,26,06,612853,0.033563,02,750,0,0,Node 02: Network 1
7409,2025-07-22,00,26,06,666667,0.053814,01,250,0,0,Node 01: Network 2
7410,2025-07-22,00,26,06,720947,0.05428,02,750,0,0,Node 02: Network 1
7411,2025-07-22,00,26,06,782625,0.061678,03,1250,0,0,Node 03: Network 1
7412,2025-07-22,00,26,06,815303,0.032678,02,764,0,0,Node 02: Network 1
7413,2025-07-22,00,26,06,855012,0.039709,01,250,0,0,Node 01: Network 2
7414,2025-07-22,00,26,06,934566,0.079554,02,750,0,0,Node 02: Network 1
7415,2025-07-22,00,26,07,142622,0.208056,BB,0,1,0,
7416,2025-07-22,00,26,08,838953,1.696331,BB,0,1,0,
7417,2025-07-22,00,26,08,895161,0.056208,03,932,0,1,
7418,2025-07-22,00,26,08,923529,0.028368,02,1021,0,1,
7419,2025-07-22,00,26,08,980272,0.056743,01,1018,0,1,
7420,2025-07-22,00,26,09,154649,0.174377,01,250,0,0,Node 01: Network 2
7421,2025-07-22,00,26,09,698597,0.543948,02,750,0,0,Node 02: Network 1
7422,2025-07-22,00,26,10,201764,0.503167,03,1250,0,0,Node 03: Network 1
7423,2025-07-22,00,26,11,158773,0.957009,01,250,0,0,Node 01: Network 2
7424,2025-07-22,00,26,11,745811,0.587038,02,750,0,0,Node 02: Network 1
7425,2025-07-22,00,26,12,202653,0.456842,03,1250,0,0,Node 03: Network 1
7426,2025-07-22,00,26,13,747924,1.545271,02,750,0,0,Node 02: Network 1
7427,2025-07-22,00,26,14,204459,0.456535,03,1250,0,0,Node 03: Network 1
7428,2025-07-22,00,26,15,294612,1.090153,01,251,0,0,Node 01: Network 2
7429,2025-07-22,00,26,15,749651,0.455039,02,750,0,0,Node 02: Network 1
7430,2025-07-22,00,26,16,341382,0.591731,03,1250,0,0,Node 03: Network 1
7431,2025-07-22,00,26,16,837148,0.495766,BB,0,1,0,
7432,2025-07-22,00,26,16,893559,0.056411,01,1851,0,1,
7433,2025-07-22,00,26,16,941601,0.048042,03,61,0,1,
7434,2025-07-22,00,26,18,836366,1.894765,BB,0,1,0,
7435,2025-07-22,00,26,18,867501,0.031135,03,59,0,1,
7436,2025-07-22,00,26,18,914428,0.046927,01,1848,0,1,
7437,2025-07-22,00,26,18,977927,0.063499,02,1773,0,1,
7438,2025-07-22,00,26,19,653519,0.675592,02,750,0,0,Node 02: Network 1
7439,2025-07-22,00,26,20,198979,0.54546,03,1250,0,0,Node 03: Network 1
7440,2025-07-22,00,26,21,200568,1.001589,01,250,0,0,Node 01: Network 2
7441,2025-07-22,00,26,21,743560,0.542992,02,750,0,0,Node 02: Network 1
7442,2025-07-22,00,26,22,202537,0.458977,03,1250,0,0,Node 03: Network 1
7443,2025-07-22,00,26,23,785432,1.582895,BB,0,1,0,
7444,2025-07-22,00,26,23,831614,0.046182,BB,0,1,0,03:932:0:1
7445,2025-07-22,00,26,23,845125,0.013511,03,1005,0,1,
7446,2025-07-22,00,26,23,856659,0.011534,01,787,0,1,
7447,2025-07-22,00,26,23,880389,0.02373,02,164,0,1,
7448,2025-07-22,00,26,23,926672,0.046283,01,161,0,1,
7449,2025-07-22,00,26,24,008266,0.081594,02,210,0,1,
7450,2025-07-22,00,26,24,036947,0.028681,02,1021,0,1,01:1018:0:1
7451,2025-07-22,00,26,24,170571,0.133624,03,1250,0,0,Node 03: Network 1
7452,2025-07-22,00,26,24,213793,0.043222,01,250,0,0,Node 01: Network 2
7453,2025-07-22,00,26,24,284451,0.070658,03,1281,0,0,Node 03: Network 1
7454,2025-07-22,00,26,24,328403,0.043952,01,280,0,0,Node 01: Network 2
7455,2025-07-22,00,26,24,433335,0.104932,02,764,0,0,Node 02: Network 1
7456,2025-07-22,00,26,24,530275,0.09694,01,250,0,0,Node 01: Network 2
7457,2025-07-22,00,26,24,620307,0.090032,02,750,0,0,Node 02: Network 1
7458,2025-07-22,00,26,24,654835,0.034528,03,1250,0,0,Node 03: Network 1
7459,2025-07-22,00,26,24,687743,0.032908,01,250,0,0,Node 01: Network 2
7460,2025-07-22,00,26,24,810384,0.122641,02,750,0,0,Node 02: Network 1
7461,2025-07-22,00,26,24,891013,0.080629,02,780,0,0,Node 02: Network 1
7462,2025-07-22,00,26,24,925649,0.034636,03,1250,0,0,Node 03: Network 1
7463,2025-07-22,00,26,24,935395,0.009746,BB,0,1,0,
7464,2025-07-22,00,26,24,991790,0.056395,02,750,0,0,Node 02: Network 1
7465,2025-07-22,00,26,25,577180,0.58539,03,1251,0,0,Node 03: Network 1
7466,2025-07-22,00,26,26,515117,0.937937,01,250,0,0,Node 01: Network 2
7467,2025-07-22,00,26,26,836230,0.321113,BB,0,1,0,
7468,2025-07-22,00,26,26,871783,0.035553,01,1831,0,1,
7469,2025-07-22,00,26,26,938942,0.067159,03,53,0,1,
7470,2025-07-22,00,26,28,835447,1.896505,BB,0,1,0,
7471,2025-07-22,00,26,28,887476,0.052029,01,1827,0,1,
7472,2025-07-22,00,26,28,899513,0.012037,03,52,0,1,
7473,2025-07-22,00,26,28,936081,0.036568,02,537,0,1,
7474,2025-07-22,00,26,29,151771,0.21569,01,250,0,0,Node 01: Network 2
7475,2025-07-22,00,26,29,652881,0.50111,02,750,0,0,Node 02: Network 1
7476,2025-07-22,00,26,31,198609,1.545728,01,250,0,0,Node 01: Network 2
7477,2025-07-22,00,26,31,654238,0.455629,02,750,0,0,Node 02: Network 1
7478,2025-07-22,00,26,34,833498,3.17926,BB,0,1,0,
7479,2025-07-22,00,26,34,890683,0.057185,01,1814,0,1,
7480,2025-07-22,00,26,34,904322,0.013639,02,1200,0,1,
7481,2025-07-22,00,26,34,942507,0.038185,03,45,0,1,
7482,2025-07-22,00,26,35,649054,0.706547,02,750,0,0,Node 02: Network 1
7483,2025-07-22,00,26,36,152654,0.5036,03,1250,0,0,Node 03: Network 1
7484,2025-07-22,00,26,37,196164,1.04351,01,250,0,0,Node 01: Network 2
7485,2025-07-22,00,26,37,651332,0.455168,02,750,0,0,Node 02: Network 1
7486,2025-07-22,00,26,38,154657,0.503325,03,1250,0,0,Node 03: Network 1
7487,2025-07-22,00,26,39,196698,1.042041,01,250,0,0,Node 01: Network 2
7488,2025-07-22,00,26,39,699273,0.502575,02,750,0,0,Node 02: Network 1
7489,2025-07-22,00,26,40,258354,0.559081,03,1250,0,0,Node 03: Network 1
7490,2025-07-22,00,26,41,200318,0.941964,01,250,0,0,Node 01: Network 2
7491,2025-07-22,00,26,41,772151,0.571833,02,750,0,0,Node 02: Network 1
7492,2025-07-22,00,26,43,205679,1.433528,01,250,0,0,Node 01: Network 2
7493,2025-07-22,00,26,44,251261,1.045582,03,1250,0,0,Node 03: Network 1
7494,2025-07-22,00,26,45,296373,1.045112,01,250,0,0,Node 01: Network 2
7495,2025-07-22,00,26,45,841019,0.544646,02,750,0,0,Node 02: Network 1
7496,2025-07-22,00,26,46,190055,0.349036,BB,0,1,0,
7497,2025-07-22,00,26,46,243380,0.053325,BB,0,1,0,1831:0:1
7498,2025-07-22,00,26,46,264509,0.021129,BB,0,1,0,1827:0:1
7499,2025-07-22,00,26,46,310381,0.045872,BB,0,1,0,01:1814:0:1
7500,2025-07-22,00,26,46,323952,0.013571,01,1148,0,1,
7501,2025-07-22,00,26,46,337464,0.013512,02,1229,0,1,
7502,2025-07-22,00,26,46,351061,0.013597,03,1228,0,1,
7503,2025-07-22,00,26,46,362255,0.011194,03,53,0,1,
7504,2025-07-22,00,26,46,375338,0.013083,02,623,0,1,
7505,2025-07-22,00,26,46,447456,0.072118,03,39,0,1,
7506,2025-07-22,00,26,46,473003,0.025547,03,52,0,1,537:0:1
7507,2025-07-22,00,26,46,552172,0.079169,01,84,0,1,
7508,2025-07-22,00,26,46,577207,0.025035,02,1200,0,1,45:0:1
7509,2025-07-22,00,26,46,638309,0.061102,03,1250,0,0,Node 03: Network 1
7510,2025-07-22,00,26,46,651838,0.013529,01,1201,0,1,
7511,2025-07-22,00,26,46,664346,0.012508,02,758,0,1,
7512,2025-07-22,00,26,46,751547,0.087201,03,1605,0,1,
7513,2025-07-22,00,26,46,802527,0.05098,01,251,0,0,Node 01: Network 2
7514,2025-07-22,00,26,46,835223,0.032696,01,250,0,0,Node 01: Network 2
7515,2025-07-22,00,26,46,868831,0.033608,02,780,0,0,Node 02: Network 1
7516,2025-07-22,00,26,46,949540,0.080709,03,1251,0,0,Node 03: Network 1
7517,2025-07-22,00,26,47,079492,0.129952,01,250,0,0,Node 01: Network 2
7518,2025-07-22,00,26,47,208074,0.128582,01,250,0,0,Node 01: Network 2
7519,2025-07-22,00,26,47,289799,0.081725,02,750,0,0,Node 02: Network 1
7520,2025-07-22,00,26,47,300404,0.010605,BB,0,1,0,
7521,2025-07-22,00,26,47,349504,0.0491,01,250,0,0,Node 01: Network 2
7522,2025-07-22,00,26,47,390048,0.040544,02,750,0,0,Node 02: Network 1
7523,2025-07-22,00,26,47,426146,0.036098,02,750,0,0,Node 02: Network 1
7524,2025-07-22,00,26,47,459786,0.03364,02,750,0,0,Node 02: Network 1
7525,2025-07-22,00,26,47,619085,0.159299,03,1250,0,0,Node 03: Network 1
7526,2025-07-22,00,26,47,900522,0.281437,02,750,0,0,Node 02: Network 1
7527,2025-07-22,00,26,48,394844,0.494322,03,1250,0,0,Node 03: Network 1
7528,2025-07-22,00,26,48,832307,0.437463,BB,0,1,0,
7529,2025-07-22,00,26,48,877972,0.045665,03,33,0,1,
7530,2025-07-22,00,26,50,151013,1.273041,03,1250,0,0,Node 03: Network 1
7531,2025-07-22,00,26,52,151933,2.00092,03,1250,0,0,Node 03: Network 1
7532,2025-07-22,00,26,53,198000,1.046067,01,250,0,0,Node 01: Network 2
7533,2025-07-22,00,26,53,697104,0.499104,02,750,0,0,Node 02: Network 1
7534,2025-07-22,00,26,55,202376,1.505272,01,250,0,0,Node 01: Network 2
7535,2025-07-22,00,26,55,698944,0.496568,02,750,0,0,Node 02: Network 1
7536,2025-07-22,00,26,56,248325,0.549381,03,1250,0,0,Node 03: Network 1
7537,2025-07-22,00,26,57,245994,0.997669,01,250,0,0,Node 01: Network 2
7538,2025-07-22,00,26,57,701192,0.455198,02,750,0,0,Node 02: Network 1
7539,2025-07-22,00,26,58,291756,0.590564,03,1250,0,0,Node 03: Network 1
7540,2025-07-22,00,26,59,335819,1.044063,01,250,0,0,Node 01: Network 2
7541,2025-07-22,00,26,59,702202,0.366383,02,750,0,0,Node 02: Network 1
7542,2025-07-22,00,27,00,293892,0.59169,03,1250,0,0,Node 03: Network 1
7543,2025-07-22,00,27,00,830054,0.536162,BB,0,1,0,
7544,2025-07-22,00,27,00,873328,0.043274,03,22,0,1,
7545,2025-07-22,00,27,00,886908,0.01358,01,1759,0,1,
7546,2025-07-22,00,27,00,901481,0.014573,02,1171,0,1,
7547,2025-07-22,00,27,02,829959,1.928478,BB,0,1,0,
7548,2025-07-22,00,27,02,902218,0.072259,01,1755,0,1,
7549,2025-07-22,00,27,02,916051,0.013833,02,1169,0,1,
7550,2025-07-22,00,27,02,951180,0.035129,03,21,0,1,
7551,2025-07-22,00,27,04,149527,1.198347,03,1250,0,0,Node 03: Network 1
7552,2025-07-22,00,27,05,193385,1.043858,01,250,0,0,Node 01: Network 2
7553,2025-07-22,00,27,05,735228,0.541843,BB,0,1,0,
7554,2025-07-22,00,27,05,793937,0.058709,BB,0,1,0,03:33:0:1
7555,2025-07-22,00,27,05,805945,0.012008,02,72,0,1,
7556,2025-07-22,00,27,05,869949,0.064004,03,969,0,1,
7557,2025-07-22,00,27,05,948188,0.078239,01,250,0,0,Node 01: Network 2
7558,2025-07-22,00,27,05,961224,0.013036,02,130,0,1,
7559,2025-07-22,00,27,06,000046,0.038822,02,750,0,0,Node 02: Network 1
7560,2025-07-22,00,27,06,012072,0.012026,01,923,0,1,
7561,2025-07-22,00,27,06,160953,0.148881,01,280,0,0,Node 01: Network 2
7562,2025-07-22,00,27,06,193648,0.032695,02,750,0,0,Node 02: Network 1
7563,2025-07-22,00,27,06,242321,0.048673,02,750,0,0,Node 02: Network 1
7564,2025-07-22,00,27,06,327920,0.085599,03,1250,0,0,Node 03: Network 1
7565,2025-07-22,00,27,06,419971,0.092051,03,1250,0,0,Node 03: Network 1
7566,2025-07-22,00,27,06,535857,0.115886,03,1250,0,0,Node 03: Network 1
7567,2025-07-22,00,27,06,597936,0.062079,01,250,0,0,Node 01: Network 2
7568,2025-07-22,00,27,06,674974,0.077038,02,750,0,0,Node 02: Network 1
7569,2025-07-22,00,27,06,729023,0.054049,01,250,0,0,Node 01: Network 2
7570,2025-07-22,00,27,06,760832,0.031809,02,759,0,0,Node 02: Network 1
7571,2025-07-22,00,27,06,794135,0.033303,02,750,0,0,Node 02: Network 1
7572,2025-07-22,00,27,06,881104,0.086969,BB,0,1,0,
7573,2025-07-22,00,27,10,829300,3.948196,BB,0,1,0,
7574,2025-07-22,00,27,10,872615,0.043315,03,1049,0,1,
7575,2025-07-22,00,27,10,925415,0.0528,01,1773,0,1,
7576,2025-07-22,00,27,10,937933,0.012518,02,365,0,1,
7577,2025-07-22,00,27,11,646643,0.70871,02,751,0,0,Node 02: Network 1
7578,2025-07-22,00,27,12,193020,0.546377,03,1250,0,0,Node 03: Network 1
7579,2025-07-22,00,27,13,192932,0.999912,01,250,0,0,Node 01: Network 2
7580,2025-07-22,00,27,16,826889,3.633957,BB,0,1,0,
7581,2025-07-22,00,27,16,880520,0.053631,01,1726,0,1,
7582,2025-07-22,00,27,16,910073,0.029553,02,1153,0,1,
7583,2025-07-22,00,27,16,921179,0.011106,03,9,0,1,
7584,2025-07-22,00,27,17,142189,0.22101,01,250,0,0,Node 01: Network 2
7585,2025-07-22,00,27,17,643252,0.501063,02,750,0,0,Node 02: Network 1
7586,2025-07-22,00,27,19,147729,1.504477,01,250,0,0,Node 01: Network 2
7587,2025-07-22,00,27,20,192873,1.045144,03,1250,0,0,Node 03: Network 1
7588,2025-07-22,00,27,21,238125,1.045252,01,250,0,0,Node 01: Network 2
7589,2025-07-22,00,27,21,737360,0.499235,02,750,0,0,Node 02: Network 1
7590,2025-07-22,00,27,22,284236,0.546876,03,1250,0,0,Node 03: Network 1
7591,2025-07-22,00,27,23,285684,1.001448,01,250,0,0,Node 01: Network 2
7592,2025-07-22,00,27,23,828688,0.543004,02,750,0,0,Node 02: Network 1
7593,2025-07-22,00,27,24,827195,0.998507,BB,0,1,0,
7594,2025-07-22,00,27,24,887638,0.060443,01,1710,0,1,
7595,2025-07-22,00,27,24,902658,0.01502,03,2,0,1,
7596,2025-07-22,00,27,25,143503,0.240845,01,250,0,0,Node 01: Network 2
7597,2025-07-22,00,27,27,147742,2.004239,01,250,0,0,Node 01: Network 2
7598,2025-07-22,00,27,30,825798,3.678056,BB,0,1,0,
7599,2025-07-22,00,27,30,867393,0.041595,03,1997,0,1,
7600,2025-07-22,00,27,30,903799,0.036406,02,1137,0,1,
7601,2025-07-22,00,27,30,917315,0.013516,01,1698,0,1,
7602,2025-07-22,00,27,31,142737,0.225422,01,250,0,0,Node 01: Network 2
7603,2025-07-22,00,27,31,274782,0.132045,BB,0,1,0,
7604,2025-07-22,00,27,31,335814,0.061032,01,146,0,1,
7605,2025-07-22,00,27,31,357005,0.021191,BB,0,1,0,1049:0:1
7606,2025-07-22,00,27,31,429396,0.072391,01,235,0,1,
7607,2025-07-22,00,27,31,450688,0.021292,03,545,0,1,
7608,2025-07-22,00,27,31,469218,0.01853,02,502,0,1,
7609,2025-07-22,00,27,31,493810,0.024592,BB,0,1,0,01:1726:0:1
7610,2025-07-22,00,27,31,526028,0.032218,01,1773,0,1,365:0:1
7611,2025-07-22,00,27,31,584867,0.058839,02,1153,0,1,9:0:1
7612,2025-07-22,00,27,31,735746,0.150879,03,1250,0,0,Node 03: Network 1
7613,2025-07-22,00,27,31,747782,0.012036,03,664,0,1,
7614,2025-07-22,00,27,31,878444,0.130662,01,250,0,0,Node 01: Network 2
7615,2025-07-22,00,27,31,922852,0.044408,02,759,0,0,Node 02: Network 1
7616,2025-07-22,00,27,32,012136,0.089284,02,751,0,0,Node 02: Network 1
7617,2025-07-22,00,27,32,089694,0.077558,03,1250,0,0,Node 03: Network 1
7618,2025-07-22,00,27,32,122701,0.033007,01,281,0,0,Node 01: Network 2
7619,2025-07-22,00,27,32,170446,0.047745,01,250,0,0,Node 01: Network 2
7620,2025-07-22,00,27,32,317231,0.146785,01,250,0,0,Node 01: Network 2
7621,2025-07-22,00,27,32,387932,0.070701,02,750,0,0,Node 02: Network 1
7622,2025-07-22,00,27,32,505621,0.117689,01,250,0,0,Node 01: Network 2
7623,2025-07-22,00,27,32,566450,0.060829,03,1250,0,0,Node 03: Network 1
7624,2025-07-22,00,27,32,616445,0.049995,01,250,0,0,Node 01: Network 2
7625,2025-07-22,00,27,32,825666,0.209221,BB,0,1,0,
7626,2025-07-22,00,27,34,825196,1.99953,BB,0,1,0,
7627,2025-07-22,00,27,34,887999,0.062803,02,1675,0,1,
7628,2025-07-22,00,27,34,901031,0.013032,03,1225,0,1,
7629,2025-07-22,00,27,34,941299,0.040268,01,1221,0,1,
7630,2025-07-22,00,27,35,643334,0.702035,02,750,0,0,Node 02: Network 1
7631,2025-07-22,00,27,36,190084,0.54675,03,1250,0,0,Node 03: Network 1
7632,2025-07-22,00,27,37,189734,0.99965,01,250,0,0,Node 01: Network 2
7633,2025-07-22,00,27,37,735689,0.545955,02,750,0,0,Node 02: Network 1
7634,2025-07-22,00,27,38,236828,0.501139,03,1250,0,0,Node 03: Network 1
7635,2025-07-22,00,27,39,193651,0.956823,01,250,0,0,Node 01: Network 2
7636,2025-07-22,00,27,39,737534,0.543883,02,750,0,0,Node 02: Network 1
7637,2025-07-22,00,27,40,238292,0.500758,03,1250,0,0,Node 03: Network 1
7638,2025-07-22,00,27,42,238966,2.000674,03,1250,0,0,Node 03: Network 1
7639,2025-07-22,00,27,43,283526,1.04456,01,250,0,0,Node 01: Network 2
7640,2025-07-22,00,27,43,783521,0.499995,02,750,0,0,Node 02: Network 1
7641,2025-07-22,00,27,44,241130,0.457609,03,1250,0,0,Node 03: Network 1
7642,2025-07-22,00,27,45,287332,1.046202,01,250,0,0,Node 01: Network 2
7643,2025-07-22,00,27,46,242319,0.954987,03,1250,0,0,Node 03: Network 1
7644,2025-07-22,00,27,47,786385,1.544066,02,750,0,0,Node 02: Network 1
7645,2025-07-22,00,27,49,333965,1.54758,01,250,0,0,Node 01: Network 2
7646,2025-07-22,00,27,49,788390,0.454425,02,750,0,0,Node 02: Network 1
7647,2025-07-22,00,27,50,275310,0.48692,BB,0,1,0,
7648,2025-07-22,00,27,50,333892,0.058582,BB,0,1,0,02:1675:0:1
7649,2025-07-22,00,27,50,396440,0.062548,03,1225,0,1,1221:0:1
7650,2025-07-22,00,27,50,409450,0.01301,01,1109,0,1,
7651,2025-07-22,00,27,50,423569,0.014119,02,1365,0,1,
7652,2025-07-22,00,27,50,566477,0.142908,03,1276,0,103,1250:0:0:Node 03: Network 1
7654,2025-07-22,00,27,50,613511,0.047034,02,750,0,0,Node 02: Network 1
7655,2025-07-22,00,27,50,646572,0.033061,01,281,0,0,Node 01: Network 2
7656,2025-07-22,00,27,50,707910,0.061338,02,750,0,0,Node 02: Network 1
7657,2025-07-22,00,27,50,780586,0.072676,03,1250,0,0,Node 03: Network 1
7658,2025-07-22,00,27,50,887430,0.106844,01,250,0,0,Node 01: Network 2
7659,2025-07-22,00,27,50,920231,0.032801,01,312,0,0,Node 01: Network 2
7660,2025-07-22,00,27,50,954819,0.034588,02,750,0,0,Node 02: Network 1
7661,2025-07-22,00,27,50,965327,0.010508,BB,0,1,0,
7662,2025-07-22,00,27,50,999747,0.03442,03,1250,0,0,Node 03: Network 1
7663,2025-07-22,00,27,51,043649,0.043902,01,250,0,0,Node 01: Network 2
7664,2025-07-22,00,27,51,104292,0.060643,02,750,0,0,Node 02: Network 1
7665,2025-07-22,00,27,51,139531,0.035239,03,1250,0,0,Node 03: Network 1
7666,2025-07-22,00,27,51,491377,0.351846,03,1281,0,0,Node 03: Network 1
7667,2025-07-22,00,27,52,501296,1.009919,01,250,0,0,Node 01: Network 2
7668,2025-07-22,00,27,52,561299,0.060003,02,750,0,0,Node 02: Network 1
7669,2025-07-22,00,27,52,822209,0.26091,BB,0,1,0,
7670,2025-07-22,00,27,52,861884,0.039675,02,1110,0,1,
7671,2025-07-22,00,27,54,821598,1.959714,BB,0,1,0,
7672,2025-07-22,00,27,54,874357,0.052759,03,598,0,1,
7673,2025-07-22,00,27,54,895383,0.021026,01,638,0,1,
7674,2025-07-22,00,27,54,924773,0.02939,02,1108,0,1,
7675,2025-07-22,00,27,55,137298,0.212525,01,250,0,0,Node 01: Network 2
7676,2025-07-22,00,27,56,140601,1.003303,03,1250,0,0,Node 03: Network 1
7677,2025-07-22,00,27,57,685042,1.544441,02,750,0,0,Node 02: Network 1
7678,2025-07-22,00,27,58,230240,0.545198,03,1250,0,0,Node 03: Network 1
7679,2025-07-22,00,27,59,273872,1.043632,01,250,0,0,Node 01: Network 2
7680,2025-07-22,00,27,59,775189,0.501317,02,750,0,0,Node 02: Network 1
7681,2025-07-22,00,28,00,233524,0.458335,03,1250,0,0,Node 03: Network 1
7682,2025-07-22,00,28,01,278335,1.044811,01,250,0,0,Node 01: Network 2
7683,2025-07-22,00,28,01,776882,0.498547,02,750,0,0,Node 02: Network 1
7684,2025-07-22,00,28,02,324261,0.547379,03,1250,0,0,Node 03: Network 1
7685,2025-07-22,00,28,02,820295,0.496034,BB,0,1,0,
7686,2025-07-22,00,28,02,871134,0.050839,03,1969,0,1,
7687,2025-07-22,00,28,04,820462,1.949328,BB,0,1,0,
7688,2025-07-22,00,28,04,863657,0.043195,03,1967,0,1,
7689,2025-07-22,00,28,04,877171,0.013514,01,1858,0,1,
7690,2025-07-22,00,28,04,891253,0.014082,02,1864,0,1,
7691,2025-07-22,00,28,05,636303,0.74505,02,750,0,0,Node 02: Network 1
7692,2025-07-22,00,28,07,184048,1.547745,01,250,0,0,Node 01: Network 2
7693,2025-07-22,00,28,08,230387,1.046339,03,1250,0,0,Node 03: Network 1
7694,2025-07-22,00,28,09,186747,0.95636,01,250,0,0,Node 01: Network 2
7695,2025-07-22,00,28,09,311496,0.124749,BB,0,1,0,
7696,2025-07-22,00,28,09,375400,0.063904,BB,0,1,0,1110:0:1
7697,2025-07-22,00,28,09,394451,0.019051,03,455,0,1,
7698,2025-07-22,00,28,09,406547,0.012096,01,108,0,1,
7699,2025-07-22,00,28,09,430066,0.023519,BB,0,1,0,03:598:0:1
7700,2025-07-22,00,28,09,532422,0.102356,01,173,0,1,
7701,2025-07-22,00,28,09,544580,0.012158,02,425,0,1,
7702,2025-07-22,00,28,09,599923,0.055343,01,221,0,1,
7703,2025-07-22,00,28,09,622580,0.022657,01,638,0,1,1108:0:1
7704,2025-07-22,00,28,09,680664,0.058084,03,1250,0,0,Node 03: Network 1
7705,2025-07-22,00,28,09,721071,0.040407,01,250,0,0,Node 01: Network 2
7706,2025-07-22,00,28,09,733148,0.012077,03,123,0,1,
7707,2025-07-22,00,28,09,800209,0.067061,01,312,0,0,Node 01: Network 2
7708,2025-07-22,00,28,09,906246,0.106037,03,1281,0,0,Node 03: Network 1
7709,2025-07-22,00,28,09,990613,0.084367,01,250,0,0,Node 01: Network 2
7710,2025-07-22,00,28,10,112521,0.121908,02,750,0,0,Node 02: Network 1
7711,2025-07-22,00,28,10,226868,0.114347,01,250,0,0,Node 01: Network 2
7712,2025-07-22,00,28,10,308350,0.081482,03,1250,0,0,Node 03: Network 1
7713,2025-07-22,00,28,10,373333,0.064983,02,750,0,0,Node 02: Network 1
7714,2025-07-22,00,28,10,408010,0.034677,03,1250,0,0,Node 03: Network 1
7715,2025-07-22,00,28,10,479884,0.071874,01,250,0,0,Node 01: Network 2
7716,2025-07-22,00,28,10,733233,0.253349,03,1250,0,0,Node 03: Network 1
7717,2025-07-22,00,28,10,818867,0.085634,BB,0,1,0,
7718,2025-07-22,00,28,12,819945,2.001078,BB,0,1,0,
7719,2025-07-22,00,28,12,854232,0.034287,02,418,0,1,
7720,2025-07-22,00,28,12,907182,0.05295,01,220,0,1,
7721,2025-07-22,00,28,12,921216,0.014034,03,1410,0,1,
7722,2025-07-22,00,28,13,634827,0.713611,02,750,0,0,Node 02: Network 1
7723,2025-07-22,00,28,14,138174,0.503347,03,1250,0,0,Node 03: Network 1
7724,2025-07-22,00,28,15,683124,1.54495,02,750,0,0,Node 02: Network 1
7725,2025-07-22,00,28,17,683746,2.000622,02,750,0,0,Node 02: Network 1
7726,2025-07-22,00,28,18,231112,0.547366,03,1250,0,0,Node 03: Network 1
7727,2025-07-22,00,28,19,230593,0.999481,01,250,0,0,Node 01: Network 2
7728,2025-07-22,00,28,19,685594,0.455001,02,750,0,0,Node 02: Network 1
7729,2025-07-22,00,28,20,276155,0.590561,03,1250,0,0,Node 03: Network 1
7730,2025-07-22,00,28,21,235137,0.958982,01,251,0,0,Node 01: Network 2
7731,2025-07-22,00,28,21,688678,0.453541,02,750,0,0,Node 02: Network 1
7732,2025-07-22,00,28,22,234952,0.546274,03,1250,0,0,Node 03: Network 1
7733,2025-07-22,00,28,23,238715,1.003763,01,250,0,0,Node 01: Network 2
7734,2025-07-22,00,28,23,780116,0.541401,02,750,0,0,Node 02: Network 1
7735,2025-07-22,00,28,24,286005,0.505889,03,1250,0,0,Node 03: Network 1
7736,2025-07-22,00,28,25,830046,1.544041,02,750,0,0,Node 02: Network 1
7737,2025-07-22,00,28,26,815785,0.985739,BB,0,1,0,
7738,2025-07-22,00,28,26,872970,0.057185,03,1947,0,1,
7739,2025-07-22,00,28,26,921546,0.048576,01,1579,0,1,
7740,2025-07-22,00,28,28,134940,1.213394,03,1250,0,0,Node 03: Network 1
7741,2025-07-22,00,28,30,313749,2.178809,BB,0,1,0,
7742,2025-07-22,00,28,30,378023,0.064274,01,1070,0,1,
7743,2025-07-22,00,28,30,390533,0.01251,02,564,0,1,
7744,2025-07-22,00,28,30,410507,0.019974,BB,0,1,0,418:0:1
7745,2025-07-22,00,28,30,424348,0.013841,03,1442,0,1,
7746,2025-07-22,00,28,30,476279,0.051931,01,220,0,1,1410:0:1
7747,2025-07-22,00,28,30,571077,0.094798,02,649,0,1,
7748,2025-07-22,00,28,30,585309,0.014232,01,1158,0,1,
7749,2025-07-22,00,28,30,752094,0.166785,01,250,0,0,Node 01: Network 2
7750,2025-07-22,00,28,30,796390,0.044296,02,750,0,0,Node 02: Network 1
7751,2025-07-22,00,28,30,831196,0.034806,03,1250,0,0,Node 03: Network 1
7752,2025-07-22,00,28,30,917836,0.08664,02,750,0,0,Node 02: Network 1
7753,2025-07-22,00,28,30,938134,0.020298,BB,0,1,0,
7754,2025-07-22,00,28,31,056993,0.118859,02,781,0,0,Node 02: Network 1
7755,2025-07-22,00,28,31,091800,0.034807,03,1250,0,0,Node 03: Network 1
7756,2025-07-22,00,28,31,125382,0.033582,02,750,0,0,Node 02: Network 1
7757,2025-07-22,00,28,31,282924,0.157542,0202,780,0,0,Node 02: Network 1
7758,2025-07-22,00,28,31,352265,0.069341,,750,0,0,Node 02: Network 1
7759,2025-07-22,00,28,31,439923,0.087658,03,1250,0,0,Node 03: Network 1
7760,2025-07-22,00,28,31,546192,0.106269,01,250,0,0,Node 01: Network 2
7761,2025-07-22,00,28,31,613959,0.067767,02,750,0,0,Node 02: Network 1
7762,2025-07-22,00,28,31,673648,0.059689,03,1250,0,0,Node 03: Network 1
7763,2025-07-22,00,28,32,102285,0.428637,02,750,0,0,Node 02: Network 1
7764,2025-07-22,00,28,32,592576,0.490291,03,1250,0,0,Node 03: Network 1
7765,2025-07-22,00,28,32,816609,0.224033,BB,0,1,0,
7766,2025-07-22,00,28,32,898359,0.08175,03,1942,0,1,
7767,2025-07-22,00,28,34,815694,1.917335,BB,0,1,0,
7768,2025-07-22,00,28,34,861598,0.045904,03,1941,0,1,
7769,2025-07-22,00,28,34,902338,0.04074,02,1548,0,1,
7770,2025-07-22,00,28,34,948400,0.046062,01,1977,0,1,
7771,2025-07-22,00,28,35,131753,0.183353,01,250,0,0,Node 01: Network 2
7772,2025-07-22,00,28,37,136928,2.005175,01,250,0,0,Node 01: Network 2
7773,2025-07-22,00,28,37,681199,0.544271,02,750,0,0,Node 02: Network 1
7774,2025-07-22,00,28,38,183920,0.502721,03,1250,0,0,Node 03: Network 1
7775,2025-07-22,00,28,40,184760,2.00084,03,1250,0,0,Node 03: Network 1
7776,2025-07-22,00,28,41,231095,1.046335,01,250,0,0,Node 01: Network 2
7777,2025-07-22,00,28,42,186815,0.95572,03,1250,0,0,Node 03: Network 1
7778,2025-07-22,00,28,43,234229,1.047414,01,250,0,0,Node 01: Network 2
7779,2025-07-22,00,28,43,778681,0.544452,02,750,0,0,Node 02: Network 1
7780,2025-07-22,00,28,44,187932,0.409251,03,1250,0,0,Node 03: Network 1
7781,2025-07-22,00,28,45,325735,1.137803,01,250,0,0,Node 01: Network 2
7782,2025-07-22,00,28,45,732337,0.406602,02,750,0,0,Node 02: Network 1
7783,2025-07-22,00,28,46,814541,1.082204,BB,0,1,0,
7784,2025-07-22,00,28,46,875310,0.060769,03,1930,0,1,
7785,2025-07-22,00,28,48,813561,1.938251,BB,0,1,0,
7786,2025-07-22,00,28,48,866968,0.053407,03,1929,0,1,
7787,2025-07-22,00,28,48,903400,0.036432,02,1902,0,1,
7788,2025-07-22,00,28,48,940042,0.036642,01,1805,0,1,
7789,2025-07-22,00,28,49,130832,0.19079,01,250,0,0,Node 01: Network 2
7790,2025-07-22,00,28,49,629548,0.498716,02,750,0,0,Node 02: Network 1
7791,2025-07-22,00,28,50,266802,0.637254,02,,1,0,0:Node 02: Network 1
7792,2025-07-22,00,28,50,295520,0.028718,BB,0,1,0,
7793,2025-07-22,00,28,50,357118,0.061598,BB,0,1,0,03:1941:0:1
7794,2025-07-22,00,28,50,370788,0.01367,03,1942,0,1,
7795,2025-07-22,00,28,50,394834,0.024046,01,1013,0,1,
7796,2025-07-22,00,28,50,436981,0.042147,02,1548,0,1,01:1977:0:1
7797,2025-07-22,00,28,50,471456,0.034475,02,1548,0,1,
7798,2025-07-22,00,28,50,500576,0.02912,03,120,0,1,
7799,2025-07-22,00,28,50,538537,0.037961,01,251,0,0,Node 01: Network 2
7800,2025-07-22,00,28,50,615735,0.077198,02,750,0,0,Node 02: Network 1
7801,2025-07-22,00,28,50,653969,0.038234,0,,0,0,1:0
7802,2025-07-22,00,28,50,825511,0.171542,02,781,0,0,Node 02: Network 1
7803,2025-07-22,00,28,50,910227,0.084716,02,780,0,0,Node 02: Network 1
7804,2025-07-22,00,28,50,970840,0.060613,BB,0,1,0,
7805,2025-07-22,00,28,51,043120,0.07228,03,1250,0,0,Node 03: Network 1
7806,2025-07-22,00,28,51,162793,0.119673,01,250,0,0,Node 01: Network 2
7807,2025-07-22,00,28,51,224595,0.061802,01,250,0,0,Node 01: Network 2
7808,2025-07-22,00,28,51,257680,0.033085,02,750,0,0,Node 02: Network 1
7809,2025-07-22,00,28,51,309547,0.051867,01,280,0,0,Node 01: Network 2
7810,2025-07-22,00,28,51,383644,0.074097,03,1250,0,0,Node 03: Network 1
7811,2025-07-22,00,28,51,418157,0.034513,03,1250,0,0,Node 03: Network 1
7812,2025-07-22,00,28,51,790226,0.372069,03,1250,0,0,Node 03: Network 1
7813,2025-07-22,00,28,52,586727,0.796501,02,750,0,0,Node 02: Network 1
7814,2025-07-22,00,28,52,829833,0.243106,01,250,0,0,Node 01: Network 2
7815,2025-07-22,00,28,52,886646,0.056813,BB,0,1,0,
7816,2025-07-22,00,28,52,943996,0.05735,01,1599,0,1,
7817,2025-07-22,00,28,53,202479,0.258483,01,250,0,0,Node 01: Network 2
7818,2025-07-22,00,28,53,745465,0.542986,02,750,0,0,Node 02: Network 1
7819,2025-07-22,00,28,55,205785,1.46032,01,250,0,0,Node 01: Network 2
7820,2025-07-22,00,28,55,748027,0.542242,02,750,0,0,Node 02: Network 1
7821,2025-07-22,00,28,57,210571,1.462544,01,250,0,0,Node 01: Network 2
7822,2025-07-22,00,28,59,213914,2.003343,01,250,0,0,Node 01: Network 2
7823,2025-07-22,00,29,00,260375,1.046461,03,1250,0,0,Node 03: Network 1
7824,2025-07-22,00,29,01,217925,0.95755,01,250,0,0,Node 01: Network 2
7825,2025-07-22,00,29,02,265182,1.047257,03,1250,0,0,Node 03: Network 1
7826,2025-07-22,00,29,03,220807,0.955625,01,250,0,0,Node 01: Network 2
7827,2025-07-22,00,29,03,809446,0.588639,02,750,0,0,Node 02: Network 1
7828,2025-07-22,00,29,04,268601,0.459155,03,1250,0,0,Node 03: Network 1
7829,2025-07-22,00,29,05,312911,1.04431,01,250,0,0,Node 01: Network 2
7830,2025-07-22,00,29,05,811441,0.49853,02,750,0,0,Node 02: Network 1
7831,2025-07-22,00,29,06,359740,0.548299,03,1250,0,0,Node 03: Network 1
7832,2025-07-22,00,29,06,811542,0.451802,BB,0,1,0,
7833,2025-07-22,00,29,06,892636,0.081094,03,1912,0,1,
7834,2025-07-22,00,29,07,248222,0.355586,BB,0,1,0,
7835,2025-07-22,00,29,07,302431,0.054209,BB,0,1,0,01:1599:0:1
7836,2025-07-22,00,29,07,314245,0.011814,02,258,0,1,
7837,2025-07-22,00,29,07,400530,0.086285,01,255,0,1,
7838,2025-07-22,00,29,07,414783,0.014253,02,1515,0,1,
7839,2025-07-22,00,29,07,434321,0.019538,03,498,0,1,
7840,2025-07-22,00,29,07,502628,0.068307,01,250,0,0,Node 01: Network 2
7841,2025-07-22,00,29,07,571752,0.069124,03,1250,0,0,Node 03: Network 1
7842,2025-07-22,00,29,07,722346,0.150594,01,280,0,0,Node 01: Network 2
7843,2025-07-22,00,29,07,839466,0.11712,03,1250,0,0,Node 03: Network 1
7844,2025-07-22,00,29,07,913432,0.073966,02,750,0,0,Node 02: Network 1
7845,2025-07-22,00,29,07,990426,0.076994,01,250,0,0,Node 01: Network 2
7846,2025-07-22,00,29,08,053531,0.063105,01,250,0,0,Node 01: Network 2
7847,2025-07-22,00,29,08,134362,0.080831,02,750,0,0,Node 02: Network 1
7848,2025-07-22,00,29,08,196062,0.0617,01,250,0,0,Node 01: Network 2
7849,2025-07-22,00,29,08,273522,0.07746,02,750,0,0,Node 02: Network 1
7850,2025-07-22,00,29,08,357013,0.083491,01,250,0,0,Node 01: Network 2
7851,2025-07-22,00,29,08,393679,0.036666,01,281,0,0,Node 01: Network 2
7852,2025-07-22,00,29,08,548286,0.154607,03,1250,0,0,Node 03: Network 1
7853,2025-07-22,00,29,08,811079,0.262793,BB,0,1,0,
7854,2025-07-22,00,29,08,858279,0.0472,03,1911,0,1,
7855,2025-07-22,00,29,10,130352,1.272073,03,1250,0,0,Node 03: Network 1
7856,2025-07-22,00,29,11,174044,1.043692,01,250,0,0,Node 01: Network 2
7857,2025-07-22,00,29,11,674408,0.500364,02,750,0,0,Node 02: Network 1
7858,2025-07-22,00,29,13,220751,1.546343,01,250,0,0,Node 01: Network 2
7859,2025-07-22,00,29,13,676231,0.45548,02,750,0,0,Node 02: Network 1
7860,2025-07-22,00,29,15,226136,1.549905,01,250,0,0,Node 01: Network 2
7861,2025-07-22,00,29,15,678564,0.452428,02,750,0,0,Node 02: Network 1
7862,2025-07-22,00,29,17,229424,1.55086,01,250,0,0,Node 01: Network 2
7863,2025-07-22,00,29,17,773203,0.543779,02,750,0,0,Node 02: Network 1
7864,2025-07-22,00,29,18,275259,0.502056,03,1250,0,0,Node 03: Network 1
7865,2025-07-22,00,29,19,320327,1.045068,01,250,0,0,Node 01: Network 2
7866,2025-07-22,00,29,19,819915,0.499588,02,750,0,0,Node 02: Network 1
7867,2025-07-22,00,29,20,277915,0.458,03,1250,0,0,Node 03: Network 1
7868,2025-07-22,00,29,20,808997,0.531082,BB,0,1,0,
7869,2025-07-22,00,29,20,858584,0.049587,03,1901,0,1,
7870,2025-07-22,00,29,20,923266,0.064682,02,1009,0,1,
7871,2025-07-22,00,29,22,128246,1.20498,03,1250,0,0,Node 03: Network 1
7872,2025-07-22,00,29,24,129284,2.001038,03,1250,0,0,Node 03: Network 1
7873,2025-07-22,00,29,25,673351,1.544067,02,750,0,0,Node 02: Network 1
7874,2025-07-22,00,29,25,743053,0.069702,BB,0,1,0,03:1911:0:1
7875,2025-07-22,00,29,25,810551,0.067498,01,250,0,0,Node 01: Network 2
7876,2025-07-22,00,29,25,823062,0.012511,01,391,0,1,
7877,2025-07-22,00,29,25,872132,0.04907,03,1250,0,0,Node 03: Network 1
7878,2025-07-22,00,29,25,911120,0.038988,01,281,0,0,Node 01: Network 2
7879,2025-07-22,00,29,25,959049,0.047929,03,831,0,1,
7880,2025-07-22,00,29,25,996990,0.037941,03,1250,0,0,Node 03: Network 1
7881,2025-07-22,00,29,26,132278,0.135288,03,1250,0,0,Node 03: Network 1
7882,2025-07-22,00,29,26,164842,0.032564,01,250,0,0,Node 01: Network 2
7883,2025-07-22,00,29,26,222288,0.057446,02,750,0,0,Node 02: Network 1
7884,2025-07-22,00,29,26,278433,0.056145,01,250,0,0,Node 01: Network 2
7885,2025-07-22,00,29,26,311058,0.032625,02,750,0,0,Node 02: Network 1
7886,2025-07-22,00,29,26,381989,0.070931,01,250,0,0,Node 01: Network 2
7887,2025-07-22,00,29,26,501169,0.11918,02,781,0,0,Node 02: Network 1
7888,2025-07-22,00,29,26,534026,0.032857,02,750,0,0,Node 02: Network 1
7889,2025-07-22,00,29,26,807244,0.273218,BB,0,1,0,
7890,2025-07-22,00,29,28,807783,2.000539,BB,0,1,0,
7891,2025-07-22,00,29,28,864154,0.056371,01,212,0,1,
7892,2025-07-22,00,29,28,883858,0.019704,03,1083,0,1,
7893,2025-07-22,00,29,28,908056,0.024198,02,1274,0,1,
7894,2025-07-22,00,29,29,624075,0.716019,02,750,0,0,Node 02: Network 1
7895,2025-07-22,00,29,30,124863,0.500788,03,1250,0,0,Node 03: Network 1
7896,2025-07-22,00,29,32,125953,2.00109,03,1250,0,0,Node 03: Network 1
7897,2025-07-22,00,29,33,671258,1.545305,02,750,0,0,Node 02: Network 1
7898,2025-07-22,00,29,34,128925,0.457667,03,1251,0,0,Node 03: Network 1
7899,2025-07-22,00,29,35,172461,1.043536,01,250,0,0,Node 01: Network 2
7900,2025-07-22,00,29,35,716912,0.544451,02,750,0,0,Node 02: Network 1
7901,2025-07-22,00,29,36,220259,0.503347,03,1250,0,0,Node 03: Network 1
7902,2025-07-22,00,29,37,263579,1.04332,01,250,0,0,Node 01: Network 2
7903,2025-07-22,00,29,39,267777,2.004198,01,250,0,0,Node 01: Network 2
7904,2025-07-22,00,29,39,811494,0.543717,02,750,0,0,Node 02: Network 1
7905,2025-07-22,00,29,40,315498,0.504004,03,1250,0,0,Node 03: Network 1
7906,2025-07-22,00,29,40,806371,0.490873,BB,0,1,0,
7907,2025-07-22,00,29,40,867190,0.060819,03,1884,0,1,
7908,2025-07-22,00,29,42,805839,1.938649,BB,0,1,0,
7909,2025-07-22,00,29,42,863858,0.058019,02,1768,0,1,
7910,2025-07-22,00,29,42,909991,0.046133,03,1881,0,1,
7911,2025-07-22,00,29,42,923019,0.013028,01,1853,0,1,
7912,2025-07-22,00,29,43,121041,0.198022,01,250,0,0,Node 01: Network 2
7913,2025-07-22,00,29,43,665924,0.544883,02,750,0,0,Node 02: Network 1
7914,2025-07-22,00,29,44,211905,0.545981,03,1250,0,0,Node 03: Network 1
7915,2025-07-22,00,29,45,212937,1.001032,01,250,0,0,Node 01: Network 2
7916,2025-07-22,00,29,46,257986,1.045049,BB,0,1,0,
7917,2025-07-22,00,29,46,306679,0.048693,02,432,0,1,
7918,2025-07-22,00,29,46,330729,0.02405,BB,0,1,0,01:212:0:1
7919,2025-07-22,00,29,46,343783,0.013054,03,1331,0,1,
7920,2025-07-22,00,29,46,499641,0.155858,03,1083,0,1,1274:0:1
7921,2025-07-22,00,29,46,512153,0.012512,01,1439,0,1,
7922,2025-07-22,00,29,46,552409,0.040256,01,250,0,0,Node 01: Network 2
7923,2025-07-22,00,29,46,618059,0.06565,02,750,0,0,Node 02: Network 1
7924,2025-07-22,00,29,46,654545,0.036486,02,781,0,0,Node 02: Network 1
7925,2025-07-22,00,29,46,745029,0.090484,01,250,0,0,Node 01: Network 2
7926,2025-07-22,00,29,46,778928,0.033899,02,750,0,0,Node 02: Network 1
7927,2025-07-22,00,29,46,875788,0.09686,03,1250,0,0,Node 03: Network 1
7928,2025-07-22,00,29,46,937843,0.062055,03,1250,0,0,Node 03: Network 1
7929,2025-07-22,00,29,46,948246,0.010403,BB,0,1,0,
7930,2025-07-22,00,29,47,002106,0.05386,02,750,0,0,Node 02: Network 1
7931,2025-07-22,00,29,47,064648,0.062542,03,1251,0,0,Node 03: Network 1
7932,2025-07-22,00,29,47,134787,0.070139,01,250,0,0,Node 01: Network 2
7933,2025-07-22,00,29,47,267916,0.133129,02,750,0,0,Node 02: Network 1
7934,2025-07-22,00,29,47,317869,0.049953,03,1250,0,0,Node 03: Network 1
7935,2025-07-22,00,29,47,441477,0.123608,02,781,0,0,Node 02: Network 1
7936,2025-07-22,00,29,47,562621,0.121144,03,1250,0,0,Node 03: Network 1
7937,2025-07-22,00,29,48,107055,0.544434,01,250,0,0,Node 01: Network 2
7938,2025-07-22,00,29,48,650870,0.543815,02,750,0,0,Node 02: Network 1
7939,2025-07-22,00,29,48,805275,0.154405,BB,0,1,0,
7940,2025-07-22,00,29,48,881805,0.07653,02,977,0,1,
7941,2025-07-22,00,29,50,805117,1.923312,BB,0,1,0,
7942,2025-07-22,00,29,50,869635,0.064518,02,975,0,1,
7943,2025-07-22,00,29,50,882757,0.013122,01,1015,0,1,
7944,2025-07-22,00,29,50,898936,0.016179,03,975,0,1,
7945,2025-07-22,00,29,52,803989,1.905053,BB,0,1,0,
7946,2025-07-22,00,29,52,856861,0.052872,02,972,0,1,
7947,2025-07-22,00,29,52,885386,0.028525,01,1400,0,1,
7948,2025-07-22,00,29,52,901897,0.016511,03,1873,0,1,
7949,2025-07-22,00,29,53,619010,0.717113,02,750,0,0,Node 02: Network 1
7950,2025-07-22,00,29,55,166503,1.547493,01,250,0,0,Node 01: Network 2
7951,2025-07-22,00,29,58,803282,3.636779,BB,0,1,0,
7952,2025-07-22,00,29,58,848667,0.045385,03,1867,0,1,
7953,2025-07-22,00,29,58,904829,0.056162,02,965,0,1,
7954,2025-07-22,00,29,58,918978,0.014149,01,1388,0,1,
7955,2025-07-22,00,29,59,120039,0.201061,01,250,0,0,Node 01: Network 2
7956,2025-07-22,00,29,59,620673,0.500634,02,750,0,0,Node 02: Network 1
7957,2025-07-22,00,30,01,167430,1.546757,01,250,0,0,Node 01: Network 2
7958,2025-07-22,00,30,01,622178,0.454748,02,750,0,0,Node 02: Network 1
7959,2025-07-22,00,30,03,169621,1.547443,01,250,0,0,Node 01: Network 2
7960,2025-07-22,00,30,03,624869,0.455248,02,750,0,0,Node 02: Network 1
7961,2025-07-22,00,30,04,216716,0.591847,03,1250,0,0,Node 03: Network 1
7962,2025-07-22,00,30,05,172624,0.955908,01,250,0,0,Node 01: Network 2
7963,2025-07-22,00,30,05,716805,0.544181,02,750,0,0,Node 02: Network 1
7964,2025-07-22,00,30,06,262879,0.546074,03,1250,0,0,Node 03: Network 1
7965,2025-07-22,00,30,07,306521,1.043642,01,250,0,0,Node 01: Network 2
7966,2025-07-22,00,30,07,717493,0.410972,02,750,0,0,Node 02: Network 1
7967,2025-07-22,00,30,08,262897,0.545404,03,1250,0,0,Node 03: Network 1
7968,2025-07-22,00,30,08,801643,0.538746,BB,0,1,0,
7969,2025-07-22,00,30,08,865169,0.063526,02,953,0,1,
7970,2025-07-22,00,30,08,915678,0.050509,03,1859,0,1,
7971,2025-07-22,00,30,09,657177,0.741499,BB,0,1,0,
7972,2025-07-22,00,30,09,727182,0.070005,BB,0,1,0,02:975:0:1
7973,2025-07-22,00,30,09,740694,0.013512,02,1808,0,1,
7974,2025-07-22,00,30,09,752996,0.012302,01,668,0,1,
7975,2025-07-22,00,30,09,850311,0.097315,BB,0,1,0,02:972:0:1
7976,2025-07-22,00,30,09,863412,0.013101,02,1908,0,1,
7977,2025-07-22,00,30,09,957659,0.094247,03,958,0,1,
7978,2025-07-22,00,30,09,970185,0.012526,01,200,0,1,
7979,2025-07-22,00,30,10,005725,0.03554,BB,0,1,0,03:1867:0:1
7980,2025-07-22,00,30,10,085515,0.07979,02,977,0,1,
7981,2025-07-22,00,30,10,098039,0.012524,03,906,0,1,
7982,2025-07-22,00,30,10,109806,0.011767,02,300,0,1,
7983,2025-07-22,00,30,10,139653,0.029847,01,1015,0,1,975:0:1
7984,2025-07-22,00,30,10,162697,0.023044,01,1400,0,1,1873:0:1
7985,2025-07-22,00,30,10,244848,0.082151,01,568,0,1,
7986,2025-07-22,00,30,10,258356,0.013508,03,1115,0,1,
7987,2025-07-22,00,30,10,302119,0.043763,01,1388,0,1,965:0:1
7988,2025-07-22,00,30,10,418030,0.115911,01,250,0,0,Node 01: Network 2
7989,2025-07-22,00,30,10,632937,0.214907,0,,0,0,0:1:0
7990,2025-07-22,00,30,10,713798,0.080861,01,280,0,0,Node 01: Network 2
7991,2025-07-22,00,30,10,747076,0.033278,02,781,0,0,Node 02: Network 1
7992,2025-07-22,00,30,10,818580,0.071504,03,1250,0,0,Node 03: Network 1
7993,2025-07-22,00,30,10,897473,0.078893,02,812,0,0,Node 02: Network 1
7994,2025-07-22,00,30,10,993750,0.096277,01,250,0,0,Node 01: Network 2
7995,2025-07-22,00,30,11,048724,0.054974,02,750,0,0,Node 02: Network 1
7996,2025-07-22,00,30,11,137468,0.088744,02,750,0,0,Node 02: Network 1
7997,2025-07-22,00,30,11,236161,0.098693,01,250,0,0,Node 01: Network 2
7998,2025-07-22,00,30,11,291415,0.055254,01,250,0,0,Node 01: Network 2
7999,2025-07-22,00,30,11,325218,0.033803,02,750,0,0,Node 02: Network 1
8000,2025-07-22,00,30,11,405520,0.080302,03,1254,0,0,Node 03: Network 1
8001,2025-07-22,00,30,12,409333,1.003813,02,750,0,0,Node 02: Network 1
8002,2025-07-22,00,30,12,500488,0.091155,01,270,0,0,Node 01: Network 2
8003,2025-07-22,00,30,12,800616,0.300128,BB,0,1,0,
8004,2025-07-22,00,30,12,844373,0.043757,01,1358,0,1,
8005,2025-07-22,00,30,13,117476,0.273103,01,250,0,0,Node 01: Network 2
8006,2025-07-22,00,30,13,661689,0.544213,02,750,0,0,Node 02: Network 1
8007,2025-07-22,00,30,15,208157,1.546468,01,250,0,0,Node 01: Network 2
8008,2025-07-22,00,30,15,663028,0.454871,02,750,0,0,Node 02: Network 1
8009,2025-07-22,00,30,16,209157,0.546129,03,1250,0,0,Node 03: Network 1
8010,2025-07-22,00,30,17,212103,1.002946,01,250,0,0,Node 01: Network 2
8011,2025-07-22,00,30,17,664397,0.452294,02,750,0,0,Node 02: Network 1
8012,2025-07-22,00,30,18,211167,0.54677,03,1250,0,0,Node 03: Network 1
8013,2025-07-22,00,30,19,256644,1.045477,01,250,0,0,Node 01: Network 2
8014,2025-07-22,00,30,19,667261,0.410617,02,750,0,0,Node 02: Network 1
8015,2025-07-22,00,30,20,303627,0.636366,03,1250,0,0,Node 03: Network 1
8016,2025-07-22,00,30,20,800131,0.496504,BB,0,1,0,
8017,2025-07-22,00,30,22,799358,1.999227,BB,0,1,0,
8018,2025-07-22,00,30,22,867046,0.067688,02,1773,0,1,
8019,2025-07-22,00,30,22,880578,0.013532,01,1771,0,1,
8020,2025-07-22,00,30,22,900107,0.019529,03,1818,0,1,
8021,2025-07-22,00,30,23,115389,0.215282,01,250,0,0,Node 01: Network 2
8022,2025-07-22,00,30,24,118330,1.002941,03,1250,0,0,Node 03: Network 1
8023,2025-07-22,00,30,25,663539,1.545209,02,750,0,0,Node 02: Network 1
8024,2025-07-22,00,30,25,738336,0.074797,BB,0,1,0,1358:0:1
8025,2025-07-22,00,30,25,781420,0.043084,02,1873,0,1,
8026,2025-07-22,00,30,25,840585,0.059165,01,250,0,0,Node 01: Network 2
8027,2025-07-22,00,30,25,853610,0.013025,01,274,0,1,
8028,2025-07-22,00,30,25,914520,0.06091,02,750,0,0,Node 02: Network 1
8029,2025-07-22,00,30,26,022506,0.107986,01,280,0,0,Node 01: Network 2
8030,2025-07-22,00,30,26,061635,0.039129,01,281,0,0,Node 01: Network 2
8031,2025-07-22,00,30,26,107650,0.046015,02,812,0,0,Node 02: Network 1
8032,2025-07-22,00,30,26,164664,0.057014,03,1254,0,0,Node 03: Network 1
8033,2025-07-22,00,30,26,260484,0.09582,02,750,0,0,Node 02: Network 1
8034,2025-07-22,00,30,26,294711,0.034227,01,270,0,0,Node 01: Network 2
8035,2025-07-22,00,30,26,424233,0.129522,01,250,0,0,Node 01: Network 2
8036,2025-07-22,00,30,26,457927,0.033694,02,750,0,0,Node 02: Network 1
8037,2025-07-22,00,30,26,508447,0.05052,01,250,0,0,Node 01: Network 2
8038,2025-07-22,00,30,26,594208,0.085761,02,750,0,0,Node 02: Network 1
8039,2025-07-22,00,30,26,626244,0.032036,01,300,0,0,Node 01: Network 2
8040,2025-07-22,00,30,26,662167,0.035923,03,1250,0,0,Node 03: Network 1
8041,2025-07-22,00,30,26,693799,0.031632,02,750,0,0,Node 02: Network 1
8042,2025-07-22,00,30,26,851855,0.158056,BB,0,1,0,
8043,2025-07-22,00,30,26,956247,0.104392,01,280,0,0,Node 01: Network 2
8044,2025-07-22,00,30,26,968638,0.012391,02,985,0,1,
8045,2025-07-22,00,30,27,667193,0.698555,02,750,0,0,Node 02: Network 1
8046,2025-07-22,00,30,28,215266,0.548073,03,1250,0,0,Node 03: Network 1
8047,2025-07-22,00,30,29,214386,0.99912,01,250,0,0,Node 01: Network 2
8048,2025-07-22,00,30,29,670232,0.455846,02,750,0,0,Node 02: Network 1
8049,2025-07-22,00,30,31,672366,2.002134,02,750,0,0,Node 02: Network 1
8050,2025-07-22,00,30,33,674170,2.001804,02,750,0,0,Node 02: Network 1
8051,2025-07-22,00,30,34,220178,0.546008,03,1250,0,0,Node 03: Network 1
8052,2025-07-22,00,30,35,763634,1.543456,02,750,0,0,Node 02: Network 1
8053,2025-07-22,00,30,38,797088,3.033454,BB,0,1,0,
8054,2025-07-22,00,30,38,857421,0.060333,03,1833,0,1,
8055,2025-07-22,00,30,38,885023,0.027602,02,9101,1303,0,1
8056,2025-07-22,00,30,38,928260,0.043237,8,0,1,,
8057,2025-07-22,00,30,39,007327,0.079067,03,1921,0,1,
8058,2025-07-22,00,30,40,795795,1.788468,BB,0,1,0,
8059,2025-07-22,00,30,40,854439,0.058644,03,1831,0,1,
8060,2025-07-22,00,30,40,877455,0.023016,01,3,0,1,
8061,2025-07-22,00,30,40,974430,0.096975,02,916,0,1,
8062,2025-07-22,00,30,41,111803,0.137373,01,250,0,0,Node 01: Network 2
8063,2025-07-22,00,30,41,613145,0.501342,02,750,0,0,Node 02: Network 1
8064,2025-07-22,00,30,41,709173,0.096028,BB,0,1,0,
8065,2025-07-22,00,30,41,754659,0.045486,02,985,0,1,
8066,2025-07-22,00,30,41,822896,0.068237,03,1250,0,0,Node 03: Network 1
8067,2025-07-22,00,30,41,856016,0.03312,01,250,0,0,Node 01: Network 2
8068,2025-07-22,00,30,41,868153,0.012137,03,743,0,1,
8069,2025-07-22,00,30,41,945519,0.077366,01,300,0,0,Node 01: Network 2
8070,2025-07-22,00,30,42,023319,0.0778,03,1250,0,0,Node 03: Network 1
8071,2025-07-22,00,30,42,109391,0.086072,02,750,0,0,Node 02: Network 1
8072,2025-07-22,00,30,42,188308,0.078917,01,280,0,0,Node 01: Network 2
8073,2025-07-22,00,30,42,256248,0.06794,02,750,0,0,Node 02: Network 1
8074,2025-07-22,00,30,42,342209,0.085961,03,1250,0,0,Node 03: Network 1
8075,2025-07-22,00,30,42,390645,0.048436,01,310,0,0,Node 01: Network 2
8076,2025-07-22,00,30,42,423974,0.033329,01,250,0,0,Node 01: Network 2
8077,2025-07-22,00,30,42,467059,0.043085,02,750,0,0,Node 02: Network 1
8078,2025-07-22,00,30,42,505247,0.038188,02,750,0,0,Node 02: Network 1
8079,2025-07-22,00,30,42,795405,0.290158,BB,0,1,0,
8080,2025-07-22,00,30,44,795510,2.000105,BB,0,1,0,
8081,2025-07-22,00,30,44,865655,0.070145,03,1129,0,1,
8082,2025-07-22,00,30,44,892177,0.026522,01,912,0,1,
8083,2025-07-22,00,30,45,012436,0.120259,02,252,0,1,
8084,2025-07-22,00,30,46,115073,1.102637,03,1250,0,0,Node 03: Network 1
8085,2025-07-22,00,30,48,117049,2.001976,03,1250,0,0,Node 03: Network 1
8086,2025-07-22,00,30,50,117294,2.000245,03,1250,0,0,Node 03: Network 1
8087,2025-07-22,00,30,51,661931,1.544637,02,750,0,0,Node 02: Network 1
8088,2025-07-22,00,30,52,208280,0.546349,03,1250,0,0,Node 03: Network 1
8089,2025-07-22,00,30,53,252570,1.04429,01,250,0,0,Node 01: Network 2
8090,2025-07-22,00,30,53,664341,0.411771,02,750,0,0,Node 02: Network 1
8091,2025-07-22,00,30,54,209430,0.545089,03,1250,0,0,Node 03: Network 1
8092,2025-07-22,00,30,55,257746,1.048316,01,250,0,0,Node 01: Network 2
8093,2025-07-22,00,30,55,753588,0.495842,02,750,0,0,Node 02: Network 1
8094,2025-07-22,00,30,58,793436,3.039848,BB,0,1,0,
8095,2025-07-22,00,30,58,847775,0.054339,02,896,0,1,
8096,2025-07-22,00,30,58,860986,0.013211,03,1815,0,1,
8097,2025-07-22,00,30,58,889487,0.028501,01,1262,0,1,
8098,2025-07-22,00,30,59,611324,0.721837,02,750,0,0,Node 02: Network 1
8099,2025-07-22,00,31,00,158227,0.546903,03,1250,0,0,Node 03: Network 1
8100,2025-07-22,00,31,02,792916,2.634689,BB,0,1,0,
8101,2025-07-22,00,31,02,839806,0.04689,02,890,0,1,
8102,2025-07-22,00,31,02,862817,0.023011,01,1252,0,1,
8103,2025-07-22,00,31,02,878916,0.016099,03,1811,0,1,
8104,2025-07-22,00,31,04,246950,1.368034,BB,0,1,0,
8105,2025-07-22,00,31,04,282689,0.035739,01,703,0,1,
8106,2025-07-22,00,31,04,315092,0.032403,BB,0,1,0,03:1129:0:1
8107,2025-07-22,00,31,04,327598,0.012506,02,342,0,1,
8108,2025-07-22,00,31,04,341110,0.013512,03,1264,0,1,
8109,2025-07-22,00,31,04,472051,0.130941,01,912,0,1,
8110,2025-07-22,00,31,04,541257,0.069206,01,815,0,1,
8111,2025-07-22,00,31,04,562611,0.021354,03,1376,0,1,
8112,2025-07-22,00,31,04,575182,0.012571,02,413,0,1,
8113,2025-07-22,00,31,04,725097,0.149915,02,750,0,0,Node 02: Network 1
8114,2025-07-22,00,31,04,771740,0.046643,03,1250,0,0,Node 03: Network 1
8115,2025-07-22,00,31,04,821732,0.049992,01,310,0,0,Node 01: Network 2
8116,2025-07-22,00,31,04,853772,0.03204,01,250,0,0,Node 01: Network 2
8117,2025-07-22,00,31,04,887834,0.034062,03,1250,0,0,Node 03: Network 1
8118,2025-07-22,00,31,04,920752,0.032918,02,780,0,0,Node 02: Network 1
8119,2025-07-22,00,31,05,020897,0.100145,03,1250,0,0,Node 03: Network 1
8120,2025-07-22,00,31,05,229232,0.208335,03,1250,0,0,Node 03: Network 1
8121,2025-07-22,00,31,05,269995,0.040763,02,750,0,0,Node 02: Network 1
8122,2025-07-22,00,31,05,367794,0.097799,03,1250,0,0,Node 03: Network 1
8123,2025-07-22,00,31,05,408239,0.040445,01,250,0,0,Node 01: Network 2
8124,2025-07-22,00,31,05,509226,0.100987,02,750,0,0,Node 02: Network 1
8125,2025-07-22,00,31,05,569824,0.060598,03,1250,0,0,Node 03: Network 1
8126,2025-07-22,00,31,05,715724,0.1459,03,1250,0,0,Node 03: Network 1
8127,2025-07-22,00,31,06,332779,0.617055,02,750,0,0,Node 02: Network 1
8128,2025-07-22,00,31,06,458918,0.126139,01,250,0,0,Node 01: Network 2
8129,2025-07-22,00,31,06,792116,0.333198,BB,0,1,0,
8130,2025-07-22,00,31,06,849101,0.056985,01,1244,0,1,
8131,2025-07-22,00,31,06,907721,0.05862,02,885,0,1,
8132,2025-07-22,00,31,07,108227,0.200506,01,250,0,0,Node 01: Network 2
8133,2025-07-22,00,31,07,608905,0.500678,02,750,0,0,Node 02: Network 1
8134,2025-07-22,00,31,08,154750,0.545845,03,1250,0,0,Node 03: Network 1
8135,2025-07-22,00,31,09,113064,0.958314,01,251,0,0,Node 01: Network 2
8136,2025-07-22,00,31,09,657140,0.544076,02,750,0,0,Node 02: Network 1
8137,2025-07-22,00,31,10,155127,0.497987,03,1250,0,0,Node 03: Network 1
8138,2025-07-22,00,31,11,116201,0.961074,01,250,0,0,Node 01: Network 2
8139,2025-07-22,00,31,11,660458,0.544257,02,750,0,0,Node 02: Network 1
8140,2025-07-22,00,31,12,158285,0.497827,03,1250,0,0,Node 03: Network 1
8141,2025-07-22,00,31,13,662865,1.50458,02,750,0,0,Node 02: Network 1
8142,2025-07-22,00,31,14,159209,0.496344,03,1250,0,0,Node 03: Network 1
8143,2025-07-22,00,31,15,208401,1.049192,01,250,0,0,Node 01: Network 2
8144,2025-07-22,00,31,15,663648,0.455247,02,750,0,0,Node 02: Network 1
8145,2025-07-22,00,31,16,160589,0.496941,03,1250,0,0,Node 03: Network 1
8146,2025-07-22,00,31,17,210538,1.049949,01,250,0,0,Node 01: Network 2
8147,2025-07-22,00,31,18,257869,1.047331,03,1250,0,0,Node 03: Network 1
8148,2025-07-22,00,31,19,177999,0.92013,BB,0,1,0,01:1244:0:1
8149,2025-07-22,00,31,19,203907,0.025908,02,885,0,1,
8150,2025-07-22,00,31,19,270881,0.066974,01,250,0,0,Node 01: Network 2
8151,2025-07-22,00,31,19,303899,0.033018,02,750,0,0,Node 02: Network 1
8152,2025-07-22,00,31,19,317433,0.013534,02,1259,0,1,
8153,2025-07-22,00,31,19,358843,0.04141,03,185,0,1,
8154,2025-07-22,00,31,19,432630,0.073787,B01,250,0,0,Node 01: Network 2
8155,2025-07-22,00,31,19,467500,0.03487,01,281,0,0,Node 01: Network 2
8156,2025-07-22,00,31,19,598153,0.130653,02,780,0,0,Node 02: Network 1
8157,2025-07-22,00,31,19,696627,0.098474,03,1250,0,0,Node 03: Network 1
8158,2025-07-22,00,31,19,809848,0.113221,02,750,0,0,Node 02: Network 1
8159,2025-07-22,00,31,19,872855,0.063007,01,250,0,0,Node 01: Network 2
8160,2025-07-22,00,31,19,926098,0.053243,01,250,0,0,Node 01: Network 2
8161,2025-07-22,00,31,19,983812,0.057714,02,781,0,0,Node 02: Network 1
8162,2025-07-22,00,31,20,017259,0.033447,02,750,0,0,Node 02: Network 1
8163,2025-07-22,00,31,20,061891,0.044632,03,1250,0,0,Node 03: Network 1
8164,2025-07-22,00,31,20,161741,0.09985,01,251,0,0,Node 01: Network 2
8165,2025-07-22,00,31,20,411344,0.249603,03,1250,0,0,Node 03: Network 1
8166,2025-07-22,00,31,20,487657,0.076313,02,765,0,0,Node 02: Network 1
8167,2025-07-22,00,31,20,790250,0.302593,BB,0,1,0,
8168,2025-07-22,00,31,20,849784,0.059534,03,1795,0,1,
8169,2025-07-22,00,31,20,862683,0.012899,02,870,0,1,
8170,2025-07-22,00,31,22,108735,1.246052,03,1250,0,0,Node 03: Network 1
8171,2025-07-22,00,31,23,653451,1.544716,02,750,0,0,Node 02: Network 1
8172,2025-07-22,00,31,24,110003,0.456552,03,1250,0,0,Node 03: Network 1
8173,2025-07-22,00,31,25,154626,1.044623,01,250,0,0,Node 01: Network 2
8174,2025-07-22,00,31,25,654886,0.50026,02,750,0,0,Node 02: Network 1
8175,2025-07-22,00,31,26,111744,0.456858,03,1250,0,0,Node 03: Network 1
8176,2025-07-22,00,31,27,157988,1.046244,01,250,0,0,Node 01: Network 2
8177,2025-07-22,00,31,27,656894,0.498906,02,750,0,0,Node 02: Network 1
8178,2025-07-22,00,31,28,203958,0.547064,03,1250,0,0,Node 03: Network 1
8179,2025-07-22,00,31,29,204104,1.000146,01,250,0,0,Node 01: Network 2
8180,2025-07-22,00,31,29,748465,0.544361,02,750,0,0,Node 02: Network 1
8181,2025-07-22,00,31,30,205406,0.456941,03,1250,0,0,Node 03: Network 1
8182,2025-07-22,00,31,31,207085,1.001679,01,250,0,0,Node 01: Network 2
8183,2025-07-22,00,31,31,750525,0.54344,02,750,0,0,Node 02: Network 1
8184,2025-07-22,00,31,33,297550,1.547025,01,250,0,0,Node 01: Network 2
8185,2025-07-22,00,31,33,752922,0.455372,02,750,0,0,Node 02: Network 1
8186,2025-07-22,00,31,34,344425,0.591503,03,1250,0,0,Node 03: Network 1
8187,2025-07-22,00,31,34,787936,0.443511,BB,0,1,0,
8188,2025-07-22,00,31,34,852738,0.064802,03,1783,0,1,
8189,2025-07-22,00,31,36,174737,1.321999,BB,0,1,0,02:870:0:1
8190,2025-07-22,00,31,36,211801,0.037064,03,1795,0,1,
8191,2025-07-22,00,31,36,225813,0.014012,01,1196,0,1,
8192,2025-07-22,00,31,36,239326,0.013513,03,1169,0,1,
8193,2025-07-22,00,31,36,361498,0.122172,02,750,0,0,Node 02: Network 1
8194,2025-07-22,00,31,36,441493,0.079995,03,1250,0,0,Node 03: Network 1
8195,2025-07-22,00,31,36,485840,0.044347,02,781,0,0,Node 02: Network 1
8196,2025-07-22,00,31,36,519433,0.033593,03,1250,0,0,Node 03: Network 1
8197,2025-07-22,00,31,36,581531,0.062098,02,765,0,0,Node 02: Network 1
8198,2025-07-22,00,31,36,663368,0.081837,03,1250,0,0,Node 03: Network 1
8199,2025-07-22,00,31,36,728512,0.065144,02,750,0,0,Node 02: Network 1
8200,2025-07-22,00,31,36,788536,0.060024,03,1250,0,0,Node 03: Network 1
8201,2025-07-22,00,31,36,844301,0.055765,01,250,0,0,Node 01: Network 2
8202,2025-07-22,00,31,36,983661,0.13936,02,750,0,0,Node 02: Network 1
8203,2025-07-22,00,31,37,016305,0.032644,02,750,0,0,Node 02: Network 1
8204,2025-07-22,00,31,37,050653,0.034348,03,1250,0,0,Node 03: Network 1
8205,2025-07-22,00,31,37,173478,0.122825,03,1250,0,0,Node 03: Network 1
8206,2025-07-22,00,31,37,499200,0.325722,01,251,0,0,Node 01: Network 2
8207,2025-07-22,00,31,38,787076,1.287876,BB,0,1,0,
8208,2025-07-22,00,31,40,788600,2.001524,BB,0,1,0,
8209,2025-07-22,00,31,40,833789,0.045189,02,629,0,1,
8210,2025-07-22,00,31,40,846327,0.012538,03,1096,0,1,
8211,2025-07-22,00,31,40,883385,0.037058,01,1606,0,1,
8212,2025-07-22,00,31,41,604661,0.721276,02,750,0,0,Node 02: Network 1
8213,2025-07-22,00,31,44,786356,3.181695,BB,0,1,0,
8214,2025-07-22,00,31,44,847525,0.061169,02,841,0,1,
8215,2025-07-22,00,31,44,861447,0.013922,03,1774,0,1,
8216,2025-07-22,00,31,44,874994,0.013547,01,1165,0,1,
8217,2025-07-22,00,31,46,785919,1.910925,BB,0,1,0,
8218,2025-07-22,00,31,46,829191,0.043272,03,1773,0,1,
8219,2025-07-22,00,31,46,891111,0.06192,02,839,0,1,
8220,2025-07-22,00,31,46,905133,0.014022,01,1160,0,1,
8221,2025-07-22,00,31,50,785112,3.879979,BB,0,1,0,
8222,2025-07-22,00,31,50,844627,0.059515,02,835,0,1,
8223,2025-07-22,00,31,50,879732,0.035105,01,1152,0,1,
8224,2025-07-22,00,31,50,905198,0.025466,03,1769,0,1,
8225,2025-07-22,00,31,51,100551,0.195353,01,250,0,0,Node 01: Network 2
8226,2025-07-22,00,31,51,646317,0.545766,02,750,0,0,Node 02: Network 1
8227,2025-07-22,00,31,52,192637,0.54632,03,1250,0,0,Node 03: Network 1
8228,2025-07-22,00,31,53,236373,1.043736,01,250,0,0,Node 01: Network 2
8229,2025-07-22,00,31,53,647427,0.411054,02,750,0,0,Node 02: Network 1
8230,2025-07-22,00,31,54,281819,0.634392,03,1250,0,0,Node 03: Network 1
8231,2025-07-22,00,31,55,326611,1.044792,01,250,0,0,Node 01: Network 2
8232,2025-07-22,00,31,56,284562,0.957951,03,1250,0,0,Node 03: Network 1
8233,2025-07-22,00,31,56,785235,0.500673,BB,0,1,0,
8234,2025-07-22,00,31,56,841630,0.056395,02,828,0,1,
8235,2025-07-22,00,31,58,785484,1.943854,BB,0,1,0,
8236,2025-07-22,00,31,58,828547,0.043063,01,1774,0,1,
8237,2025-07-22,00,31,58,842053,0.013506,03,1824,0,1,
8238,2025-07-22,00,31,58,857075,0.015022,02,826,0,1,
8239,2025-07-22,00,32,00,784717,1.927642,BB,0,1,0,
8240,2025-07-22,00,32,00,831324,0.046607,03,1761,0,1,
8241,2025-07-22,00,32,00,861683,0.030359,02,824,0,1,
8242,2025-07-22,00,32,00,901340,0.039657,01,1132,0,1,
8243,2025-07-22,00,32,03,685861,2.784521,BB,0,1,0,
8244,2025-07-22,00,32,03,737118,0.051257,02,1722,0,1,
8245,2025-07-22,00,32,03,759700,0.022582,BB,0,1,0,02:629:0:1
8246,2025-07-22,00,32,03,771929,0.012229,01,28,0,1,
8247,2025-07-22,00,32,03,784047,0.012118,03,660,0,1,
8248,2025-07-22,00,32,03,885618,0.101571,02,1787,0,1,
8249,2025-07-22,00,32,03,926690,0.041072,BB,0,1,0,02:841:0:1
8250,2025-07-22,00,32,04,093811,0.167121,BB,0,1,0,03:1773:0:1
8251,2025-07-22,00,32,04,115370,0.021559,03,312,0,1,
8252,2025-07-22,00,32,04,138080,0.02271,BB,0,1,0,02:835:0:1
8253,2025-07-22,00,32,04,150193,0.012113,01,248,0,1,
8254,2025-07-22,00,32,04,185931,0.035738,03,1096,0,1,1606:0:1
8255,2025-07-22,00,32,04,197975,0.012044,02,140,0,1,
8256,2025-07-22,00,32,04,242645,0.04467,01,1165,0,1,1774:0:1
8257,2025-07-22,00,32,04,278206,0.035561,02,839,0,1,1160:0:1
8258,2025-07-22,00,32,04,298245,0.020039,01,435,0,1,
8259,2025-07-22,00,32,04,362423,0.064178,03,167,0,1,
8260,2025-07-22,00,32,04,459766,0.097343,01,1152,0,1,1769:0:1
8261,2025-07-22,00,32,04,499358,0.039592,01,250,0,0,Node 01: Network 2
8262,2025-07-22,00,32,04,512391,0.013033,01,479,0,1,
8263,2025-07-22,00,32,04,544543,0.032152,02,750,0,0,Node 02: Network 1
8264,2025-07-22,00,32,04,661025,0.116482,02,750,0,0,Node 02: Network 1
8265,2025-07-22,00,32,04,770869,0.109844,03,1250,0,0,Node 03: Network 1
8266,2025-07-22,00,32,04,912275,0.141406,01,251,0,0,Node 01: Network 2
8267,2025-07-22,00,32,05,073297,0.161022,02,750,0,0,Node 02: Network 1
8268,2025-07-22,00,32,05,106950,0.033653,01,250,0,0,Node 01: Network 2
8269,2025-07-22,00,32,05,138954,0.032004,02,750,0,0,Node 02: Network 1
8270,2025-07-22,00,32,05,262639,0.123685,02,750,0,0,Node 02: Network 1
8271,2025-07-22,00,32,05,295187,0.032548,02,780,0,0,Node 02: Network 1
8272,2025-07-22,00,32,05,304697,0.00951,BB,0,1,0,
8273,2025-07-22,00,32,05,377892,0.073195,03,1250,0,0,Node 03: Network 1
8274,2025-07-22,00,32,05,491255,0.113363,01,250,0,0,Node 01: Network 2
8275,2025-07-22,00,32,05,524795,0.03354,02,750,0,0,Node 02: Network 1
8276,2025-07-22,00,32,05,600492,0.075697,02,781,0,0,Node 02: Network 1
8277,2025-07-22,00,32,06,069660,0.469168,03,1250,0,0,Node 03: Network 1
8278,2025-07-22,00,32,06,812319,0.742659,01,250,0,0,Node 01: Network 2
8279,2025-07-22,00,32,07,356073,0.543754,02,750,0,0,Node 02: Network 1
8280,2025-07-22,00,32,07,902675,0.546602,03,1250,0,0,Node 03: Network 1
8281,2025-07-22,00,32,08,816024,0.913349,01,250,0,0,Node 01: Network 2
8282,2025-07-22,00,32,09,360598,0.544574,02,750,0,0,Node 02: Network 1
8283,2025-07-22,00,32,09,904659,0.544061,03,1250,0,0,Node 03: Network 1
8284,2025-07-22,00,32,10,820432,0.915773,01,250,0,0,Node 01: Network 2
8285,2025-07-22,00,32,14,783014,3.962582,BB,0,1,0,
8286,2025-07-22,00,32,14,826449,0.043435,01,1102,0,1,
8287,2025-07-22,00,32,14,867814,0.041365,02,808,0,1,
8288,2025-07-22,00,32,14,900998,0.033184,03,1749,0,1,
8289,2025-07-22,00,32,15,599962,0.698964,02,750,0,0,Node 02: Network 1
8290,2025-07-22,00,32,16,101368,0.501406,03,1250,0,0,Node 03: Network 1
8291,2025-07-22,00,32,17,146030,1.044662,01,250,0,0,Node 01: Network 2
8292,2025-07-22,00,32,17,645778,0.499748,02,750,0,0,Node 02: Network 1
8293,2025-07-22,00,32,18,192207,0.546429,03,1250,0,0,Node 03: Network 1
8294,2025-07-22,00,32,19,150943,0.958736,01,250,0,0,Node 01: Network 2
8295,2025-07-22,00,32,19,397949,0.247006,BB,0,1,0,
8296,2025-07-22,00,32,19,471230,0.073281,01,479,0,1,
8297,2025-07-22,00,32,19,487074,0.015844,01,1709,0,1,
8298,2025-07-22,00,32,19,524901,0.037827,03,1250,0,0,Node 03: Network 1
8299,2025-07-22,00,32,19,658572,0.133671,01,250,0,0,Node 01: Network 2
8300,2025-07-22,00,32,19,671078,0.012506,03,361,0,1,
8301,2025-07-22,00,32,19,811275,0.140197,02,750,0,0,Node 02: Network 1
8302,2025-07-22,00,32,19,878494,0.067219,02,780,0,0,Node 02: Network 1
8303,2025-07-22,00,32,19,912030,0.033536,02,781,0,0,Node 02: Network 1
8304,2025-07-22,00,32,19,947553,0.035523,03,1250,0,0,Node 03: Network 1
8305,2025-07-22,00,32,19,979593,0.03204,02,781,0,0,Node 02: Network 1
8306,2025-07-22,00,32,20,016864,0.037271,01,250,0,0,Node 01: Network 2
8307,2025-07-22,00,32,20,057490,0.040626,02,750,0,0,Node 02: Network 1
8308,2025-07-22,00,32,20,177442,0.119952,03,1250,0,0,Node 03: Network 1
8309,2025-07-22,00,32,20,230819,0.053377,01,250,0,0,Node 01: Network 2
8310,2025-07-22,00,32,20,335691,0.104872,02,750,0,0,Node 02: Network 1
8311,2025-07-22,00,32,20,436783,0.101092,03,1250,0,0,Node 03: Network 1
8312,2025-07-22,00,32,20,569345,0.132562,01,250,0,0,Node 01: Network 2
8313,2025-07-22,00,32,20,780267,0.210922,BB,0,1,0,
8314,2025-07-22,00,32,24,780214,3.999947,BB,0,1,0,
8315,2025-07-22,00,32,24,831740,0.051526,03,1745,0,1,
8316,2025-07-22,00,32,24,854863,0.023123,01,525,0,1,
8317,2025-07-22,00,32,24,902794,0.047931,02,1744,0,1,
8318,2025-07-22,00,32,25,596969,0.694175,02,750,0,0,Node 02: Network 1
8319,2025-07-22,00,32,26,099220,0.502251,03,1250,0,0,Node 03: Network 1
8320,2025-07-22,00,32,27,142522,1.043302,01,250,0,0,Node 01: Network 2
8321,2025-07-22,00,32,27,599692,0.45717,02,750,0,0,Node 02: Network 1
8322,2025-07-22,00,32,28,100171,0.500479,03,1250,0,0,Node 03: Network 1
8323,2025-07-22,00,32,29,144962,1.044791,01,250,0,0,Node 01: Network 2
8324,2025-07-22,00,32,29,600588,0.455626,02,750,0,0,Node 02: Network 1
8325,2025-07-22,00,32,30,147820,0.547232,03,1250,0,0,Node 03: Network 1
8326,2025-07-22,00,32,31,147303,0.999483,01,250,0,0,Node 01: Network 2
8327,2025-07-22,00,32,31,602849,0.455546,02,750,0,0,Node 02: Network 1
8328,2025-07-22,00,32,32,193783,0.590934,03,1250,0,0,Node 03: Network 1
8329,2025-07-22,00,32,33,149861,0.956078,01,250,0,0,Node 01: Network 2
8330,2025-07-22,00,32,33,692811,0.54295,02,750,0,0,Node 02: Network 1
8331,2025-07-22,00,32,34,239851,0.54704,03,1250,0,0,Node 03: Network 1
8332,2025-07-22,00,32,36,240768,2.000917,03,1250,0,0,Node 03: Network 1
8333,2025-07-22,00,32,38,777572,2.536804,BB,0,1,0,
8334,2025-07-22,00,32,38,849432,0.07186,02,779,0,1,
8335,2025-07-22,00,32,38,862582,0.01315,03,1727,0,1,
8336,2025-07-22,00,32,38,876248,0.013666,01,1052,0,1,
8337,2025-07-22,00,32,39,182404,0.306156,BB,0,1,0,
8338,2025-07-22,00,32,39,234453,0.052049,01,1455,0,1,
8339,2025-07-22,00,32,39,258531,0.024078,BB,0,1,0,03:1745:0:1
8340,2025-07-22,00,32,39,321282,0.062751,03,131,0,1,
8341,2025-07-22,00,32,39,357739,0.036457,01,525,0,1,02:1744:0:1
8342,2025-07-22,00,32,39,371382,0.013643,01,1527,0,1,
8343,2025-07-22,00,32,39,401586,0.030204,02,488,0,1,
8344,2025-07-22,00,32,39,436543,0.034957,03,1250,0,0,Node 03: Network 1
8345,2025-07-22,00,32,39,504652,0.068109,03,207,0,1,
8346,2025-07-22,00,32,39,619769,0.115117,01,250,0,0,Node 01: Network 2
8347,2025-07-22,00,32,39,668541,0.048772,01,250,0,0,Node 01: Network 2
8348,2025-07-22,00,32,39,723589,0.055048,02,781,0,0,Node 02: Network 1
8349,2025-07-22,00,32,39,829019,0.10543,03,1250,0,0,Node 03: Network 1
8350,2025-07-22,00,32,39,915487,0.086468,01,250,0,0,Node 01: Network 2
8351,2025-07-22,00,32,39,999574,0.084087,02,750,0,0,Node 02: Network 1
8352,2025-07-22,00,32,40,079678,0.080104,03,1250,0,0,Node 03: Network 1
8353,2025-07-22,00,32,40,138874,0.059196,01,250,0,0,Node 01: Network 2
8354,2025-07-22,00,32,40,175654,0.03678,02,782,0,0,Node 02: Network 1
8355,2025-07-22,00,32,40,243015,0.067361,02,750,0,0,Node 02: Network 1
8356,2025-07-22,00,32,40,402815,0.1598,03,1250,0,0,Node 03: Network 1
8357,2025-07-22,00,32,40,451549,0.048734,01,250,0,0,Node 01: Network 2
8358,2025-07-22,00,32,40,715573,0.264024,03,1250,0,0,Node 03: Network 1
8359,2025-07-22,00,32,40,777078,0.061505,BB,0,1,0,
8360,2025-07-22,00,32,40,858054,0.080976,03,1725,0,1,
8361,2025-07-22,00,32,42,096162,1.238108,03,1250,0,0,Node 03: Network 1
8362,2025-07-22,00,32,43,141761,1.045599,01,250,0,0,Node 01: Network 2
8363,2025-07-22,00,32,43,640632,0.498871,02,750,0,0,Node 02: Network 1
8364,2025-07-22,00,32,44,097109,0.456477,03,1250,0,0,Node 03: Network 1
8365,2025-07-22,00,32,45,187992,1.090883,01,250,0,0,Node 01: Network 2
8366,2025-07-22,00,32,45,641977,0.453985,02,750,0,0,Node 02: Network 1
8367,2025-07-22,00,32,46,098524,0.456547,03,1250,0,0,Node 03: Network 1
8368,2025-07-22,00,32,48,776561,2.678037,BB,0,1,0,
8369,2025-07-22,00,32,48,827717,0.051156,01,1032,0,1,
8370,2025-07-22,00,32,48,848107,0.02039,02,768,0,1,
8371,2025-07-22,00,32,48,875170,0.027063,03,1719,0,1,
8372,2025-07-22,00,32,49,093801,0.218631,01,250,0,0,Node 01: Network 2
8373,2025-07-22,00,32,50,140386,1.046585,03,1250,0,0,Node 03: Network 1
8374,2025-07-22,00,32,52,776073,2.635687,BB,0,1,0,
8375,2025-07-22,00,32,52,831114,0.055041,01,1023,0,1,
8376,2025-07-22,00,32,52,844879,0.013765,03,1715,0,1,
8377,2025-07-22,00,32,52,856564,0.011685,02,763,0,1,
8378,2025-07-22,00,32,53,092612,0.236048,01,250,0,0,Node 01: Network 2
8379,2025-07-22,00,32,54,138700,1.046088,03,1250,0,0,Node 03: Network 1
8380,2025-07-22,00,32,55,096781,0.958081,01,250,0,0,Node 01: Network 2
8381,2025-07-22,00,32,56,140232,1.043451,03,1250,0,0,Node 03: Network 1
8382,2025-07-22,00,32,56,171277,0.031045,BB,0,1,0,
8383,2025-07-22,00,32,56,241206,0.069929,01,412,0,1,
8384,2025-07-22,00,32,56,254972,0.013766,03,1725,0,1,
8385,2025-07-22,00,32,56,292124,0.037152,02,750,0,0,Node 02: Network 1
8386,2025-07-22,00,32,56,452227,0.160103,02,781,0,0,Node 02: Network 1
8387,2025-07-22,00,32,56,486700,0.034473,03,1250,0,0,Node 03: Network 1
8388,2025-07-22,00,32,56,528212,0.041512,02,782,0,0,Node 02: Network 1
8389,2025-07-22,00,32,56,587472,0.05926,03,1250,0,0,Node 03: Network 1
8390,2025-07-22,00,32,56,659121,0.071649,03,1250,0,0,Node 03: Network 1
8391,2025-07-22,00,32,56,692123,0.033002,02,813,0,0,Node 02: Network 1
8392,2025-07-22,00,32,56,725228,0.033105,01,250,0,0,Node 01: Network 2
8393,2025-07-22,00,32,56,860187,0.134959,02,750,0,0,Node 02: Network 1
8394,2025-07-22,00,32,56,894180,0.033993,03,1250,0,0,Node 03: Network 1
8395,2025-07-22,00,32,56,958466,0.064286,03,1250,0,0,Node 03: Network 1
8396,2025-07-22,00,32,56,991483,0.033017,01,250,0,0,Node 01: Network 2
8397,2025-07-22,00,32,57,047550,0.056067,02,750,0,0,Node 02: Network 1
8398,2025-07-22,00,32,57,058056,0.010506,BB,0,1,0,
8399,2025-07-22,00,32,57,137797,0.079741,03,1250,0,0,Node 03: Network 1
8400,2025-07-22,00,32,57,159332,0.021535,03,1995,0,1,
8401,2025-07-22,00,32,57,359868,0.200536,02,780,0,0,Node 02: Network 1
8402,2025-07-22,00,32,57,849768,0.4899,03,1250,0,0,Node 03: Network 1
8403,2025-07-22,00,32,58,592611,0.742843,01,250,0,0,Node 01: Network 2
8404,2025-07-22,00,32,58,774416,0.181805,BB,0,1,0,
8405,2025-07-22,00,32,58,863676,0.08926,01,1009,0,1,
8406,2025-07-22,00,33,02,774406,3.91073,BB,0,1,0,
8407,2025-07-22,00,33,02,839464,0.065058,03,459,0,1,
8408,2025-07-22,00,33,02,862533,0.023069,01,1002,0,1,
8409,2025-07-22,00,33,02,926489,0.063956,02,418,0,1,
8410,2025-07-22,00,33,03,090254,0.163765,01,250,0,0,Node 01: Network 2
8411,2025-07-22,00,33,04,138259,1.048005,03,1250,0,0,Node 03: Network 1
8412,2025-07-22,00,33,05,183270,1.045011,01,250,0,0,Node 01: Network 2
8413,2025-07-22,00,33,05,682994,0.499724,02,750,0,0,Node 02: Network 1
8414,2025-07-22,00,33,06,229538,0.546544,03,1250,0,0,Node 03: Network 1
8415,2025-07-22,00,33,07,188503,0.958965,01,251,0,0,Node 01: Network 2
8416,2025-07-22,00,33,08,231174,1.042671,03,1250,0,0,Node 03: Network 1
8417,2025-07-22,00,33,10,233131,2.001957,03,1250,0,0,Node 03: Network 1
8418,2025-07-22,00,33,11,278544,1.045413,01,250,0,0,Node 01: Network 2
8419,2025-07-22,00,33,11,822393,0.543849,02,750,0,0,Node 02: Network 1
8420,2025-07-22,00,33,12,324192,0.501799,03,1250,0,0,Node 03: Network 1
8421,2025-07-22,00,33,12,773460,0.449268,BB,0,1,0,
8422,2025-07-22,00,33,12,822364,0.048904,01,981,0,1,
8423,2025-07-22,00,33,12,848498,0.026134,02,740,0,1,
8424,2025-07-22,00,33,12,899292,0.050794,03,1698,0,1,
8425,2025-07-22,00,33,13,089061,0.189769,01,250,0,0,Node 01: Network 2
8426,2025-07-22,00,33,16,773512,3.684451,BB,0,1,0,
8427,2025-07-22,00,33,16,827116,0.053604,01,973,0,1,
8428,2025-07-22,00,33,16,843141,0.016025,03,1695,0,1,
8429,2025-07-22,00,33,16,860258,0.017117,02,736,0,1,
8430,2025-07-22,00,33,17,090260,0.230002,01,250,0,0,Node 01: Network 2
8431,2025-07-22,00,33,17,246415,0.156155,BB,0,1,0,1032:0:1
8432,2025-07-22,00,33,17,280545,0.03413,BB,0,1,0,
8433,2025-07-22,00,33,17,295564,0.015019,BB,0,1,0,
8434,2025-07-22,00,33,17,342982,0.047418,01,1446,0,1,
8435,2025-07-22,00,33,17,355528,0.012546,03,517,0,1,
8436,2025-07-22,00,33,17,384255,0.028727,BB,0,1,0,03:459:0:1
8437,2025-07-22,00,33,17,425428,0.041173,03,235,0,1,
8438,2025-07-22,00,33,17,504252,0.078824,02,768,0,1,1719:0:1
8439,2025-07-22,00,33,17,517338,0.013086,02,470,0,1,
8440,2025-07-22,00,33,17,529068,0.01173,01,68,0,1,
8441,2025-07-22,00,33,17,575250,0.046182,02,1276,0,1,
8442,2025-07-22,00,33,17,588862,0.013612,03,1995,0,1,
8443,2025-07-22,00,33,17,676220,0.087358,01,1009,0,1,
8444,2025-07-22,00,33,17,802840,0.12662,01,1002,0,1,02:418:0:1
8445,2025-07-22,00,33,17,821445,0.018605,01,1590,0,1,
8446,2025-07-22,00,33,17,844544,0.023099,02,1347,0,1,
8447,2025-07-22,00,33,17,901998,0.057454,01,250,0,0,Node02:813:0:0:Node 02: Network 1
8448,2025-07-22,00,33,17,955523,0.053525,03,1250,0,0,Node 03: Network 1
8449,2025-07-22,00,33,18,015869,0.060346,02,780,0,0,Node 02: Network 1
8450,2025-07-22,00,33,18,134416,0.118547,03,1250,0,0,Node 03: Network 1
8451,2025-07-22,00,33,18,187310,0.052894,03,1281,0,0,Node 03: Network 1
8452,2025-07-22,00,33,18,234413,0.047103,01,250,0,0,Node 01: Network 2
8453,2025-07-22,00,33,18,268097,0.033684,01,250,0,0,Node 01: Network 2
8454,2025-07-22,00,33,18,365493,0.097396,01,296,0,0,Node 01: Network 2
8455,2025-07-22,00,33,18,466338,0.100845,02,750,0,0,Node 02: Network 1
8456,2025-07-22,00,33,18,572197,0.105859,03,1250,0,0,Node 03: Network 1
8457,2025-07-22,00,33,18,615829,0.043632,02,779,0,0,Node 02: Network 1
8458,2025-07-22,00,33,18,658269,0.04244,01,251,0,0,Node 01: Network 2
8459,2025-07-22,00,33,18,693839,0.03557,03,1250,0,0,Node 03: Network 1
8460,2025-07-22,00,33,19,058024,0.364185,BB,0,1,0,
8461,2025-07-22,00,33,20,772097,1.714073,BB,0,1,0,
8462,2025-07-22,00,33,20,811833,0.039736,01,1160,0,1,
8463,2025-07-22,00,33,20,836892,0.025059,02,1404,0,1,
8464,2025-07-22,00,33,20,900678,0.063786,03,815,0,1,
8465,2025-07-22,00,33,22,089856,1.189178,03,1251,0,0,Node 03: Network 1
8466,2025-07-22,00,33,23,632982,1.543126,02,750,0,0,Node 02: Network 1
8467,2025-07-22,00,33,24,091991,0.459009,03,1250,0,0,Node 03: Network 1
8468,2025-07-22,00,33,25,181046,1.089055,01,250,0,0,Node 01: Network 2
8469,2025-07-22,00,33,25,635072,0.454026,02,750,0,0,Node 02: Network 1
8470,2025-07-22,00,33,26,227000,0.591928,03,1250,0,0,Node 03: Network 1
8471,2025-07-22,00,33,27,184257,0.957257,01,250,0,0,Node 01: Network 2
8472,2025-07-22,00,33,27,771167,0.58691,02,750,0,0,Node 02: Network 1
8473,2025-07-22,00,33,28,230908,0.459741,03,1250,0,0,Node 03: Network 1
8474,2025-07-22,00,33,29,773291,1.542383,02,750,0,0,Node 02: Network 1
8475,2025-07-22,00,33,30,769687,0.996396,BB,0,1,0,
8476,2025-07-22,00,33,30,836560,0.066873,03,1682,0,1,
8477,2025-07-22,00,33,30,850127,0.013567,01,943,0,1,
8478,2025-07-22,00,33,31,086916,0.236789,01,250,0,0,Node 01: Network 2
8479,2025-07-22,00,33,32,132759,1.045843,03,1250,0,0,Node 03: Network 1
8480,2025-07-22,00,33,33,091279,0.95852,01,250,0,0,Node 01: Network 2
8481,2025-07-22,00,33,33,634891,0.543612,02,750,0,0,Node 02: Network 1
8482,2025-07-22,00,33,34,134327,0.499436,03,1250,0,0,Node 03: Network 1
8483,2025-07-22,00,33,35,095019,0.960692,01,250,0,0,Node 01: Network 2
8484,2025-07-22,00,33,35,677835,0.582816,02,750,0,0,Node 02: Network 1
8485,2025-07-22,00,33,36,137174,0.459339,03,1250,0,0,Node 03: Network 1
8486,2025-07-22,00,33,36,263807,0.126633,BB,0,1,0,
8487,2025-07-22,00,33,36,336094,0.072287,BB,0,1,0,1160:0:1
8488,2025-07-22,00,33,36,371937,0.035843,02,1476,0,1,
8489,2025-07-22,00,33,36,397953,0.026016,02,1404,0,1,03:815:0:1
8490,2025-07-22,00,33,36,420164,0.022211,03,103,1525,0,1
8491,2025-07-22,00,33,36,433185,0.013021,01,1554,0,1,
8492,2025-07-22,00,33,36,540278,0.107093,250,0,0,Node 03, Network 1
8493,2025-07-22,00,33,36,671090,0.130812,03,1250,0,0,Node 03: Network 1
8494,2025-07-22,00,33,36,683332,0.012242,02,363,0,1,
8495,2025-07-22,00,33,36,800581,0.117249,03,1281,0,0,Node 03: Network 1
8496,2025-07-22,00,33,36,841953,0.041372,01,296,0,0,Node 01: Network 2
8497,2025-07-22,00,33,36,903427,0.061474,02,779,0,0,Node 02: Network 1
8498,2025-07-22,00,33,36,927815,0.024388,BB,0,1,0,
8499,2025-07-22,00,33,36,995223,0.067408,03,1251,0,0,Node 03: Network 1
8500,2025-07-22,00,33,37,049494,0.054271,02,750,0,0,Node 02: Network 1
8501,2025-07-22,00,33,37,147810,0.098316,03,1250,0,0,Node 03: Network 1
8502,2025-07-22,00,33,37,179846,0.032036,02,781,0,0,Node 02: Network 1
8503,2025-07-22,00,33,37,212949,0.033103,01,250,0,0,Node 01: Network 2
8504,2025-07-22,00,33,37,252146,0.039197,02,750,0,0,Node 02: Network 1
8505,2025-07-22,00,33,37,321955,0.069809,03,1250,0,0,Node 03: Network 1
8506,2025-07-22,00,33,37,598822,0.276867,03,1250,0,0,Node 03: Network 1
8507,2025-07-22,00,33,38,579321,0.980499,01,250,0,0,Node 01: Network 2
8508,2025-07-22,00,33,38,769131,0.18981,BB,0,1,0,
8509,2025-07-22,00,33,38,847003,0.077872,03,1675,0,1,
8510,2025-07-22,00,33,40,088037,1.241034,03,1250,0,0,Node 03: Network 1
8511,2025-07-22,00,33,42,768170,2.680133,BB,0,1,0,
8512,2025-07-22,00,33,42,806986,0.038816,01,918,0,1,
8513,2025-07-22,00,33,42,830039,0.023053,02,705,0,1,
8514,2025-07-22,00,33,42,873759,0.04372,03,1672,0,1,
8515,2025-07-22,00,33,44,087331,1.213572,03,1250,0,0,Node 03: Network 1
8516,2025-07-22,00,33,45,631511,1.54418,02,750,0,0,Node 02: Network 1
8517,2025-07-22,00,33,46,088163,0.456652,03,1250,0,0,Node 03: Network 1
8518,2025-07-22,00,33,47,177449,1.089286,01,250,0,0,Node 01: Network 2
8519,2025-07-22,00,33,47,632949,0.4555,02,750,0,0,Node 02: Network 1
8520,2025-07-22,00,33,48,179524,0.546575,03,1250,0,0,Node 03: Network 1
8521,2025-07-22,00,33,49,635068,1.455544,02,750,0,0,Node 02: Network 1
8522,2025-07-22,00,33,50,181891,0.546823,03,1250,0,0,Node 03: Network 1
8523,2025-07-22,00,33,51,179973,0.998082,01,250,0,0,Node 01: Network 2
8524,2025-07-22,00,33,52,227940,1.047967,03,1250,0,0,Node 03: Network 1
8525,2025-07-22,00,33,53,185404,0.957464,01,250,0,0,Node 01: Network 2
8526,2025-07-22,00,33,54,228830,1.043426,03,1250,0,0,Node 03: Network 1
8527,2025-07-22,00,33,55,273901,1.045071,01,250,0,0,Node 01: Network 2
8528,2025-07-22,00,33,55,772363,0.498462,02,750,0,0,Node 02: Network 1
8529,2025-07-22,00,33,56,320427,0.548064,03,1250,0,0,Node 03: Network 1
8530,2025-07-22,00,33,56,766308,0.445881,BB,0,1,0,
8531,2025-07-22,00,33,56,826435,0.060127,03,1659,0,1,
8532,2025-07-22,00,33,57,214446,0.388011,BB,0,1,0,
8533,2025-07-22,00,33,57,277363,0.062917,03,107,0,1,
8534,2025-07-22,00,33,57,297966,0.020603,BB,0,1,0,918:0:1
8535,2025-07-22,00,33,57,324400,0.026434,03,1675,0,1,
8536,2025-07-22,00,33,57,336433,0.012033,01,260,0,1,
8537,2025-07-22,00,33,57,349974,0.013541,02,171,0,1,
8538,2025-07-22,00,33,57,482687,0.132713,02,1201,0,1,
8539,2025-07-22,00,33,57,552533,0.069846,02,705,0,1,03:1672:0:1
8540,2025-07-22,00,33,57,564704,0.012171,03,249,0,1,
8541,2025-07-22,00,33,57,641545,0.076841,01,1432,0,1,
8542,2025-07-22,00,33,57,746919,0.105374,01,250,0,0,Node 01: Network 2
8543,2025-07-22,00,33,57,833872,0.086953,02,750,0,0,Node 02: Network 1
8544,2025-07-22,00,33,57,911822,0.07795,0,,0,0,0:1:0
8545,2025-07-22,00,33,58,006895,0.095073,02,781,0,0,Node 02: Network 1
8546,2025-07-22,00,33,58,117816,0.110921,03,1250,0,0,Node 03: Network 1
8547,2025-07-22,00,33,58,181500,0.063684,02,812,0,0,Node 02: Network 1
8548,2025-07-22,00,33,58,215877,0.034377,01,250,0,0,Node 01: Network 2
8549,2025-07-22,00,33,58,353740,0.137863,03,1250,0,0,Node 03: Network 1
8550,2025-07-22,00,33,58,408257,0.054517,03,1250,0,0,Node 03: Network 1
8551,2025-07-22,00,33,58,493755,0.085498,02,750,0,0,Node 02: Network 1
8552,2025-07-22,00,33,58,530492,0.036737,03,1250,0,0,Node 03: Network 1
8553,2025-07-22,00,33,58,567546,0.037054,01,250,0,0,Node 01: Network 2
8554,2025-07-22,00,33,58,765852,0.198306,BB,0,1,0,
8555,2025-07-22,00,34,00,765531,1.999679,BB,0,1,0,
8556,2025-07-22,00,34,00,815857,0.050326,01,1707,0,1,
8557,2025-07-22,00,34,00,828958,0.013101,02,1926,0,1,
8558,2025-07-22,00,34,00,868546,0.039588,03,1709,0,1,
8559,2025-07-22,00,34,01,081491,0.212945,01,250,0,0,Node 01: Network 2
8560,2025-07-22,00,34,01,582517,0.501026,02,750,0,0,Node 02: Network 1
8561,2025-07-22,00,34,02,085007,0.50249,03,1250,0,0,Node 03: Network 1
8562,2025-07-22,00,34,03,128616,1.043609,01,250,0,0,Node 01: Network 2
8563,2025-07-22,00,34,03,628440,0.499824,02,750,0,0,Node 02: Network 1
8564,2025-07-22,00,34,04,086196,0.457756,03,1250,0,0,Node 03: Network 1
8565,2025-07-22,00,34,06,764483,2.678287,BB,0,1,0,
8566,2025-07-22,00,34,06,824906,0.060423,01,868,0,1,
8567,2025-07-22,00,34,06,857647,0.032741,02,677,0,1,
8568,2025-07-22,00,34,06,961710,0.104063,03,1651,0,1,
8569,2025-07-22,00,34,08,764436,1.802726,BB,0,1,0,
8570,2025-07-22,00,34,08,806447,0.042011,02,675,0,1,
8571,2025-07-22,00,34,08,853900,0.047453,01,864,0,1,
8572,2025-07-22,00,34,08,886543,0.032643,03,1648,0,1,
8573,2025-07-22,00,34,10,082313,1.19577,03,1250,0,0,Node 03: Network 1
8574,2025-07-22,00,34,11,626570,1.544257,02,750,0,0,Node 02: Network 1
8575,2025-07-22,00,34,12,084508,0.457938,03,1250,0,0,Node 03: Network 1
8576,2025-07-22,00,34,13,173415,1.088907,01,250,0,0,Node 01: Network 2
8577,2025-07-22,00,34,13,717586,0.544171,02,750,0,0,Node 02: Network 1
8578,2025-07-22,00,34,14,220257,0.502671,03,1250,0,0,Node 03: Network 1
8579,2025-07-22,00,34,15,265195,1.044938,01,250,0,0,Node 01: Network 2
8580,2025-07-22,00,34,15,719441,0.454246,02,750,0,0,Node 02: Network 1
8581,2025-07-22,00,34,16,221559,0.502118,03,1250,0,0,Node 03: Network 1
8582,2025-07-22,00,34,16,762779,0.54122,BB,0,1,0,
8583,2025-07-22,00,34,16,814144,0.051365,01,847,0,1,
8584,2025-07-22,00,34,20,763427,3.949283,BB,0,1,0,
8585,2025-07-22,00,34,20,803496,0.040069,01,839,0,1,
8586,2025-07-22,00,34,20,846467,0.042971,02,1862,0,1,
8587,2025-07-22,00,34,20,872995,0.026528,03,1863,0,1,
8588,2025-07-22,00,34,21,079628,0.206633,01,250,0,0,Node 01: Network 2
8589,2025-07-22,00,34,21,632024,0.552396,02,750,0,0,Node 02: Network 1
8590,2025-07-22,00,34,21,698185,0.066161,BB,0,1,0,
8591,2025-07-22,00,34,21,742857,0.044672,BB,0,1,0,01:1707:0:1
8592,2025-07-22,00,34,21,766461,0.023604,BB,0,1,0,01:868:0:1
8593,2025-07-22,00,34,21,836005,0.069544,03,1010,0,1,
8594,2025-07-22,00,34,21,891594,0.055589,BB,0,1,0,02:675:0:1
8595,2025-07-22,00,34,21,904757,0.013163,01,941,0,1,
8596,2025-07-22,00,34,21,931848,0.027091,02,1926,0,1,03:1709:0:1
8597,2025-07-22,00,34,21,943886,0.012038,02,965,0,1,
8598,2025-07-22,00,34,21,955264,0.011378,02,44,0,1,
8599,2025-07-22,00,34,21,967770,0.012506,02,677,0,1,
8600,2025-07-22,00,34,21,981970,0.0142,01,1864,0,1,
8601,2025-07-22,00,34,22,075576,0.093606,03,1651,0,1,
8602,2025-07-22,00,34,22,131583,0.056007,01,864,0,1,03:1648:0:1
8603,2025-07-22,00,34,22,203722,0.072139,02,1809,0,1,
8604,2025-07-22,00,34,22,229447,0.025725,03,171,0,1,
8605,2025-07-22,00,34,22,356630,0.127183,02,750,0,0,Node 02: Network 1
8606,2025-07-22,00,34,22,466233,0.109603,03,1250,0,0,Node 03: Network 1
8607,2025-07-22,00,34,22,499465,0.033232,02,812,0,0,Node 02: Network 1
8608,2025-07-22,00,34,22,539039,0.039574,01,250,0,0,Node 01: Network 2
8609,2025-07-22,00,34,22,575018,0.035979,02,750,0,0,Node 02: Network 1
8610,2025-07-22,00,34,22,728139,0.153121,03,1250,0,0,Node 03: Network 1
8611,2025-07-22,00,34,22,762348,0.034209,01,250,0,0,Node 01: Network 2
8612,2025-07-22,00,34,22,794875,0.032527,03,1280,0,0,Node 03: Network 1
8613,2025-07-22,00,34,22,826708,0.031833,02,750,0,0,Node 02: Network 1
8614,2025-07-22,00,34,22,965300,0.138592,02,750,0,0,Node 02: Network 1
8615,2025-07-22,00,34,23,022059,0.056759,03,1250,0,0,Node 03: Network 1
8616,2025-07-22,00,34,23,079271,0.057212,03,1250,0,0,Node 03: Network 1
8617,2025-07-22,00,34,23,140178,0.060907,02,750,0,0,Node 02: Network 1
8618,2025-07-22,00,34,23,183291,0.043113,03,1281,0,0,Node 03: Network 1
8619,2025-07-22,00,34,23,481146,0.297855,03,1250,0,0,Node 03: Network 1
8620,2025-07-22,00,34,23,902206,0.42106,01,250,0,0,Node 01: Network 2
8621,2025-07-22,00,34,24,446119,0.543913,02,750,0,0,Node 02: Network 1
8622,2025-07-22,00,34,24,761849,0.31573,BB,0,1,0,
8623,2025-07-22,00,34,24,839133,0.077284,01,830,0,1,
8624,2025-07-22,00,34,25,078267,0.239134,01,250,0,0,Node 01: Network 2
8625,2025-07-22,00,34,25,621312,0.543045,02,750,0,0,Node 02: Network 1
8626,2025-07-22,00,34,28,761230,3.139918,BB,0,1,0,
8627,2025-07-22,00,34,28,812475,0.051245,01,821,0,1,
8628,2025-07-22,00,34,28,834301,0.021826,03,1631,0,1,
8629,2025-07-22,00,34,28,864509,0.030208,02,651,0,1,
8630,2025-07-22,00,34,30,080310,1.215801,03,1250,0,0,Node 03: Network 1
8631,2025-07-22,00,34,32,081170,2.00086,03,1250,0,0,Node 03: Network 1
8632,2025-07-22,00,34,33,124418,1.043248,01,250,0,0,Node 01: Network 2
8633,2025-07-22,00,34,34,170781,1.046363,03,1250,0,0,Node 03: Network 1
8634,2025-07-22,00,34,35,215377,1.044596,01,250,0,0,Node 01: Network 2
8635,2025-07-22,00,34,35,716202,0.500825,02,750,0,0,Node 02: Network 1
8636,2025-07-22,00,34,36,261064,0.544862,03,1250,0,0,Node 03: Network 1
8637,2025-07-22,00,34,37,717305,1.456241,02,750,0,0,Node 02: Network 1
8638,2025-07-22,00,34,38,263355,0.54605,03,1250,0,0,Node 03: Network 1
8639,2025-07-22,00,34,38,760203,0.496848,BB,0,1,0,
8640,2025-07-22,00,34,38,817461,0.057258,03,1623,0,1,
8641,2025-07-22,00,34,38,862174,0.044713,02,640,0,1,
8642,2025-07-22,00,34,39,577096,0.714922,02,750,0,0,Node 02: Network 1
8643,2025-07-22,00,34,40,079489,0.502393,03,1250,0,0,Node 03: Network 1
8644,2025-07-22,00,34,40,153171,0.073682,BB,0,1,0,
8645,2025-07-22,00,34,40,219781,0.06661,02,33,0,1,
8646,2025-07-22,00,34,40,232824,0.013043,03,1015,0,1,
8647,2025-07-22,00,34,40,255885,0.023061,BB,0,1,0,01:821:0:1
8648,2025-07-22,00,34,40,298072,0.042187,01,830,0,1,
8649,2025-07-22,00,34,40,351415,0.053343,02,651,0,1,1631:0:1
8650,2025-07-22,00,34,40,474308,0.122893,03,1250,0,0,Node 03: Network 1
8651,2025-07-22,00,34,40,488150,0.013842,01,1495,0,1,
8652,2025-07-22,00,34,40,520902,0.032752,01,250,0,0,Node 01: Network 2
8653,2025-07-22,00,34,40,554546,0.033644,03,1280,0,0,Node 03: Network 1
8654,2025-07-22,00,34,40,588761,0.034215,02,750,0,0,Node 02: Network 1
8655,2025-07-22,00,34,40,663570,0.074809,03,1281,0,0,Node 03: Network 1
8656,2025-07-22,00,34,40,729185,0.065615,03,1250,0,0,Node 03: Network 1
8657,2025-07-22,00,34,40,815669,0.086484,01,250,0,0,Node 01: Network 2
8658,2025-07-22,00,34,40,877038,0.061369,03,1311,0,0,Node 03: Network 1
8659,2025-07-22,00,34,40,910554,0.033516,02,750,0,0,Node 02: Network 1
8660,2025-07-22,00,34,40,959403,0.048849,01,250,0,0,Node 01: Network 2
8661,2025-07-22,00,34,40,969911,0.010508,BB,0,1,0,
8662,2025-07-22,00,34,41,012033,0.042122,02,750,0,0,Node 02: Network 1
8663,2025-07-22,00,34,41,096977,0.084944,03,1250,0,0,Node 03: Network 1
8664,2025-07-22,00,34,41,245905,0.148928,02,780,0,0,Node 02: Network 1
8665,2025-07-22,00,34,41,437241,0.191336,03,1281,0,0,Node 03: Network 1
8666,2025-07-22,00,34,42,554807,1.117566,01,250,0,0,Node 01: Network 2
8667,2025-07-22,00,34,42,758984,0.204177,BB,0,1,0,
8668,2025-07-22,00,34,42,828035,0.069051,03,1620,0,1,
8669,2025-07-22,00,34,44,759327,1.931292,BB,0,1,0,
8670,2025-07-22,00,34,44,802468,0.043141,03,1617,0,1,
8671,2025-07-22,00,34,44,855880,0.053412,02,629,0,1,
8672,2025-07-22,00,34,44,921149,0.065269,01,523,0,1,
8673,2025-07-22,00,34,45,575937,0.654788,02,750,0,0,Node 02: Network 1
8674,2025-07-22,00,34,47,577645,2.001708,02,750,0,0,Node 02: Network 1
8675,2025-07-22,00,34,48,123683,0.546038,03,1250,0,0,Node 03: Network 1
8676,2025-07-22,00,34,49,124496,1.000813,01,250,0,0,Node 01: Network 2
8677,2025-07-22,00,34,49,668056,0.54356,02,750,0,0,Node 02: Network 1
8678,2025-07-22,00,34,50,125207,0.457151,03,1250,0,0,Node 03: Network 1
8679,2025-07-22,00,34,51,214181,1.088974,01,250,0,0,Node 01: Network 2
8680,2025-07-22,00,34,51,671292,0.457111,02,750,0,0,Node 02: Network 1
8681,2025-07-22,00,34,52,261136,0.589844,03,1250,0,0,Node 03: Network 1
8682,2025-07-22,00,34,52,757965,0.496829,BB,0,1,0,
8683,2025-07-22,00,34,54,757086,1.999121,BB,0,1,0,
8684,2025-07-22,00,34,54,804005,0.046919,03,1820,0,1,
8685,2025-07-22,00,34,54,838522,0.034517,02,1906,0,1,
8686,2025-07-22,00,34,54,898858,0.060336,01,1772,0,1,
8687,2025-07-22,00,34,55,573025,0.674167,02,750,0,0,Node 02: Network 1
8688,2025-07-22,00,34,56,120020,0.546995,03,1250,0,0,Node 03: Network 1
8689,2025-07-22,00,34,57,164174,1.044154,01,250,0,0,Node 01: Network 2
8690,2025-07-22,00,34,57,664857,0.500683,02,750,0,0,Node 02: Network 1
8691,2025-07-22,00,34,58,209470,0.544613,03,1250,0,0,Node 03: Network 1
8692,2025-07-22,00,34,59,168188,0.958718,01,250,0,0,Node 01: Network 2
8693,2025-07-22,00,34,59,665723,0.497535,02,750,0,0,Node 02: Network 1
8694,2025-07-22,00,34,59,720825,0.055102,BB,0,1,0,
8695,2025-07-22,00,34,59,759973,0.039148,BB,0,1,0,03:1620:0:1
8696,2025-07-22,00,34,59,774026,0.014053,01,1721,0,1,
8697,2025-07-22,00,34,59,815927,0.041901,02,1586,0,1,
8698,2025-07-22,00,34,59,877361,0.061434,BB,0,1,0,03:1617:0:1
8699,2025-07-22,00,34,59,891843,0.014482,03,890,0,1,
8700,2025-07-22,00,34,59,930303,0.03846,02,629,0,1,01:523:0:1
8701,2025-07-22,00,35,00,009243,0.07894,02,157,0,1,
8702,2025-07-22,00,35,00,107243,0.098,03,1250,0,0,Node 03: Network 1
8703,2025-07-22,00,35,00,120877,0.013634,01,1780,0,1,
8704,2025-07-22,00,35,00,147368,0.026491,01,1877,0,1,
8705,2025-07-22,00,35,00,240691,0.093323,01,250,0,0,Node 01: Network 2
8706,2025-07-22,00,35,00,309420,0.068729,03,1311,0,0,Node 03: Network 1
8707,2025-07-22,00,35,00,354838,0.045418,03,1282,0,0,Node 03: Network 1
8708,2025-07-22,00,35,00,389203,0.034365,02,780,0,0,Node 02: Network 1
8709,2025-07-22,00,35,00,427810,0.038607,01,260,0,0,Node 01: Network 2
8710,2025-07-22,00,35,00,530375,0.102565,03,1281,0,0,Node 03: Network 1
8711,2025-07-22,00,35,00,583021,0.052646,01,250,0,0,Node 01: Network 2
8712,2025-07-22,00,35,00,687877,0.104856,02,750,0,0,Node 02: Network 1
8713,2025-07-22,00,35,00,729192,0.041315,02,750,0,0,Node 02: Network 1
8714,2025-07-22,00,35,00,811868,0.082676,02,750,0,0,Node 02: Network 1
8715,2025-07-22,00,35,00,872368,0.0605,03,1250,0,0,Node 03: Network 1
8716,2025-07-22,00,35,00,947400,0.075032,01,250,0,0,Node 01: Network 2
8717,2025-07-22,00,35,01,010783,0.063383,02,750,0,0,Node 02: Network 1
8718,2025-07-22,00,35,01,091982,0.081199,BB,0,1,0,
8719,2025-07-22,00,35,02,755181,1.663199,BB,0,1,0,
8720,2025-07-22,00,35,02,805928,0.050747,03,1918,0,1,
8721,2025-07-22,00,35,02,858005,0.052077,01,1783,0,1,
8722,2025-07-22,00,35,02,872533,0.014528,02,363,0,1,
8723,2025-07-22,00,35,03,572377,0.699844,02,750,0,0,Node 02: Network 1
8724,2025-07-22,00,35,06,754859,3.182482,BB,0,1,0,
8725,2025-07-22,00,35,06,800144,0.045285,01,741,0,1,
8726,2025-07-22,00,35,06,812746,0.012602,02,607,0,1,
8727,2025-07-22,00,35,06,872625,0.059879,03,1598,0,1,
8728,2025-07-22,00,35,07,070289,0.197664,01,250,0,0,Node 01: Network 2
8729,2025-07-22,00,35,08,072914,1.002625,03,1250,0,0,Node 03: Network 1
8730,2025-07-22,00,35,09,074725,1.001811,01,250,0,0,Node 01: Network 2
8731,2025-07-22,00,35,09,617790,0.543065,02,750,0,0,Node 02: Network 1
8732,2025-07-22,00,35,10,164025,0.546235,03,1250,0,0,Node 03: Network 1
8733,2025-07-22,00,35,11,163880,0.999855,01,250,0,0,Node 01: Network 2
8734,2025-07-22,00,35,14,753996,3.590116,BB,0,1,0,
8735,2025-07-22,00,35,14,822393,0.068397,02,599,0,1,
8736,2025-07-22,00,35,14,847949,0.025556,03,1591,0,1,
8737,2025-07-22,00,35,14,905843,0.057894,01,725,0,1,
8738,2025-07-22,00,35,15,571237,0.665394,02,750,0,0,Node 02: Network 1
8739,2025-07-22,00,35,16,073526,0.502289,03,1250,0,0,Node 03: Network 1
8740,2025-07-22,00,35,17,118546,1.04502,01,250,0,0,Node 01: Network 2
8741,2025-07-22,00,35,17,618465,0.499919,02,750,0,0,Node 02: Network 1
8742,2025-07-22,00,35,18,165086,0.546621,03,1250,0,0,Node 03: Network 1
8743,2025-07-22,00,35,19,208971,1.043885,01,250,0,0,Node 01: Network 2
8744,2025-07-22,00,35,19,710132,0.501161,02,750,0,0,Node 02: Network 1
8745,2025-07-22,00,35,20,200327,0.490195,BB,0,1,0,
8746,2025-07-22,00,35,20,254924,0.054597,02,40,0,1,
8747,2025-07-22,00,35,20,279042,0.024118,BB,0,1,0,03:1918:0:1
8748,2025-07-22,00,35,20,361619,0.082577,BB,0,1,0,01:741:0:1
8749,2025-07-22,00,35,20,379935,0.018316,02,120,0,1,
8750,2025-07-22,00,35,20,417576,0.037641,03,1250,0,0,Node 03: Network 1
8751,2025-07-22,00,35,20,431637,0.014061,01,1347,0,1,
8752,2025-07-22,00,35,20,457994,0.026357,01,1783,0,1,02:363:0:1
8753,2025-07-22,00,35,20,505633,0.047639,03,1348,0,1,
8754,2025-07-22,00,35,20,597457,0.091824,03,1250,0,0,Node 03: Network 1
8755,2025-07-22,00,35,20,687826,0.090369,01,250,0,0,Node 01: Network 2
8756,2025-07-22,00,35,20,699943,0.012117,01,321,0,1,
8757,2025-07-22,00,35,20,717640,0.017697,03,1194,0,1,
8758,2025-07-22,00,35,20,806763,0.089123,03,1282,0,0,Node 03: Network 1
8759,2025-07-22,00,35,20,926520,0.119757,01,260,0,0,Node 01: Network 2
8760,2025-07-22,00,35,21,044792,0.118272,02,750,0,0,Node 02: Network 1
8761,2025-07-22,00,35,21,076741,0.031949,BB,0,1,0,
8762,2025-07-22,00,35,21,144642,0.067901,02,750,0,0,Node 02: Network 1
8763,2025-07-22,00,35,21,239023,0.094381,02,780,0,0,Node 02: Network 1
8764,2025-07-22,00,35,21,272622,0.033599,01,250,0,0,Node 01: Network 2
8765,2025-07-22,00,35,21,306619,0.033997,03,1250,0,0,Node 03: Network 1
8766,2025-07-22,00,35,21,448819,0.1422,01,281,0,0,Node 01: Network 2
8767,2025-07-22,00,35,21,482586,0.033767,01,250,0,0,Node 01: Network 2
8768,2025-07-22,00,35,21,530678,0.048092,02,750,0,0,Node 02: Network 1
8769,2025-07-22,00,35,21,593926,0.063248,03,1250,0,0,Node 03: Network 1
8770,2025-07-22,00,35,21,763546,0.16962,03,1250,0,0,Node 03: Network 1
8771,2025-07-22,00,35,23,139643,1.376097,02,750,0,0,Node 02: Network 1
8772,2025-07-22,00,35,23,318879,0.179236,01,250,0,0,Node 01: Network 2
8773,2025-07-22,00,35,23,691943,0.373064,03,1251,0,0,Node 03: Network 1
8774,2025-07-22,00,35,24,753379,1.061436,BB,0,1,0,
8775,2025-07-22,00,35,24,822364,0.068985,03,1583,0,1,
8776,2025-07-22,00,35,26,752542,1.930178,BB,0,1,0,
8777,2025-07-22,00,35,26,788915,0.036373,03,1580,0,1,
8778,2025-07-22,00,35,26,833988,0.045073,02,433,0,1,
8779,2025-07-22,00,35,26,900592,0.066604,01,1750,0,1,
8780,2025-07-22,00,35,30,751706,3.851114,BB,0,1,0,
8781,2025-07-22,00,35,30,803508,0.051802,01,691,0,1,
8782,2025-07-22,00,35,30,815668,0.01216,02,579,0,1,
8783,2025-07-22,00,35,30,830687,0.015019,03,1577,0,1,
8784,2025-07-22,00,35,32,751341,1.920654,BB,0,1,0,
8785,2025-07-22,00,35,32,807279,0.055938,03,1574,0,1,
8786,2025-07-22,00,35,32,819951,0.012672,01,687,0,1,
8787,2025-07-22,00,35,32,890078,0.070127,02,577,0,1,
8788,2025-07-22,00,35,34,750457,1.860379,BB,0,1,0,
8789,2025-07-22,00,35,34,792444,0.041987,01,683,0,1,
8790,2025-07-22,00,35,34,806996,0.014552,02,575,0,1,
8791,2025-07-22,00,35,34,890648,0.083652,03,1573,0,1,
8792,2025-07-22,00,35,36,070616,1.179968,03,1250,0,0,Node 03: Network 1
8793,2025-07-22,00,35,38,071531,2.000915,03,1250,0,0,Node 03: Network 1
8794,2025-07-22,00,35,40,750426,2.678895,BB,0,1,0,
8795,2025-07-22,00,35,40,805455,0.055029,02,569,0,1,
8796,2025-07-22,00,35,40,818217,0.012762,01,671,0,1,
8797,2025-07-22,00,35,40,837420,0.019203,03,1569,0,1,
8798,2025-07-22,00,35,41,566073,0.728653,02,750,0,0,Node 02: Network 1
8799,2025-07-22,00,35,44,749443,3.18337,BB,0,1,0,
8800,2025-07-22,00,35,44,785188,0.035745,02,563,0,1,
8801,2025-07-22,00,35,44,819792,0.034604,03,1564,0,1,
8802,2025-07-22,00,35,44,863396,0.043604,01,662,0,1,
8803,2025-07-22,00,35,45,065276,0.20188,01,250,0,0,Node 01: Network 2
8804,2025-07-22,00,35,45,566570,0.501294,02,750,0,0,Node 02: Network 1
8805,2025-07-22,00,35,46,067327,0.500757,03,1250,0,0,Node 03: Network 1
8806,2025-07-22,00,35,47,112277,1.04495,01,250,0,0,Node 01: Network 2
8807,2025-07-22,00,35,47,657000,0.544723,02,750,0,0,Node 02: Network 1
8808,2025-07-22,00,35,48,198487,0.541487,03,1250,0,0,Node 03: Network 1
8809,2025-07-22,00,35,49,203452,1.004965,01,250,0,0,Node 01: Network 2
8810,2025-07-22,00,35,49,742881,0.539429,02,750,0,0,Node 02: Network 1
8811,2025-07-22,00,35,51,745350,2.002469,02,750,0,0,Node 02: Network 1
8812,2025-07-22,00,35,53,745521,2.000171,02,750,0,0,Node 02: Network 1
8813,2025-07-22,00,35,54,292247,0.546726,03,1250,0,0,Node 03: Network 1
8814,2025-07-22,00,35,54,748124,0.455877,BB,0,1,0,
8815,2025-07-22,00,35,54,828032,0.079908,03,1556,0,1,
8816,2025-07-22,00,35,55,121216,0.293184,BB,0,1,0,599:0:1
8817,2025-07-22,00,35,55,167293,0.046077,BB,0,1,0,
8818,2025-07-22,00,35,55,179814,0.012521,02,108,0,1,
8819,2025-07-22,00,35,55,192325,0.012511,01,107,0,1,
8820,2025-07-22,00,35,55,205251,0.012926,03,1928,0,1,
8821,2025-07-22,00,35,55,253547,0.048296,BB,0,1,0,03:1583:0:1
8822,2025-07-22,00,35,55,401374,0.147827,02,1011,0,1,
8823,2025-07-22,00,35,55,428908,0.027534,BB,0,1,0,1580:0:1
8824,2025-07-22,00,35,55,440419,0.011511,03,14,0,1,
8825,2025-07-22,00,35,55,503530,0.063111,BB,0,1,0,01:691:0:1
8826,2025-07-22,00,35,55,554742,0.051212,BB,0,1,0,01:687:0:1
8827,2025-07-22,00,35,55,577049,0.022307,BB,0,1,0,01:683:0:1
8828,2025-07-22,00,35,55,611111,0.034062,02,1232,0,1,
8829,2025-07-22,00,35,55,647264,0.036153,BB,0,1,0,02:569:0:1
8830,2025-07-22,00,35,55,667284,0.02002,BB,0,1,0,563:0:1
8831,2025-07-22,00,35,55,681972,0.014688,02,1057,0,1,
8832,2025-07-22,00,35,55,694480,0.012508,01,149,0,1,
8833,2025-07-22,00,35,55,728173,0.033693,02,433,0,1,01:1750:0:1
8834,2025-07-22,00,35,55,745931,0.017758,02,143,0,1,
8835,2025-07-22,00,35,55,800409,0.054478,02,579,0,1,1577:0:1
8836,2025-07-22,00,35,55,823935,0.023526,02,1380,0,1,
8837,2025-07-22,00,35,55,865983,0.042048,03,230,0,1,
8838,2025-07-22,00,35,55,923549,0.057566,03,144,0,1,
8839,2025-07-22,00,35,55,937063,0.013514,01,1401,0,1,
8840,2025-07-22,00,35,55,963544,0.026481,03,1574,0,1,02:577:0:1
8841,2025-07-22,00,35,55,976357,0.012813,02,575,0,1,
8842,2025-07-22,00,35,55,997382,0.021025,03,43,0,1,
8843,2025-07-22,00,35,56,053323,0.055941,01,89,0,1,
8844,2025-07-22,00,35,56,070976,0.017653,02,99,0,1,
8845,2025-07-22,00,35,56,084458,0.013482,03,1573,0,1,
8846,2025-07-22,00,35,56,098642,0.014184,01,1321,0,1,
8847,2025-07-22,00,35,56,145206,0.046564,03,99,0,1,
8848,2025-07-22,00,35,56,168018,0.022812,01,671,0,1,1569:0:1
8849,2025-07-22,00,35,56,252646,0.084628,03,1564,0,1,662:0:1
8850,2025-07-22,00,35,56,326967,0.074321,01,108,0,1,
8851,2025-07-22,00,35,56,404670,0.077703,01,250,0,0,Node 01: Network 2
8852,2025-07-22,00,35,56,464347,0.059677,02,780,0,0,Node 02: Network 1
8853,2025-07-22,00,35,56,564208,0.099861,01,281,0,0,Node 01: Network 2
8854,2025-07-22,00,35,56,632622,0.068414,03,1250,0,0,Node 03: Network 1
8855,2025-07-22,00,35,56,693533,0.060911,02,750,0,0,Node 02: Network 1
8856,2025-07-22,00,35,56,727317,0.033784,01,250,0,0,Node 01: Network 2
8857,2025-07-22,00,35,56,867362,0.140045,03,1251,0,0,Node 03: Network 1
8858,2025-07-22,00,35,56,902188,0.034826,03,1250,0,0,Node 03: Network 1
8859,2025-07-22,00,35,57,311862,0.409674,03,1250,0,0,Node 01:311:0:0:Node 01: Network 2
8860,2025-07-22,00,35,57,509017,0.197155,03,1250,0,0,Node 03: Network 1
8861,2025-07-22,00,35,57,571847,0.06283,02,750,0,0,Node 02: Network 1
8862,2025-07-22,00,35,57,680594,0.108747,01,250,0,0,Node 01: Network 2
8863,2025-07-22,00,35,57,794725,0.114131,02,750,0,0,Node 02: Network 1
8864,2025-07-22,00,35,58,747205,0.95248,BB,0,1,0,
8865,2025-07-22,00,35,58,820831,0.073626,02,548,0,1,
8866,2025-07-22,00,36,00,747086,1.926255,BB,0,1,0,
8867,2025-07-22,00,36,00,815255,0.068169,01,1383,0,1,
8868,2025-07-22,00,36,00,831275,0.01602,03,1093,0,1,
8869,2025-07-22,00,36,00,912571,0.081296,02,546,0,1,
8870,2025-07-22,00,36,01,063149,0.150578,01,250,0,0,Node 01: Network 2
8871,2025-07-22,00,36,02,067302,1.004153,03,1250,0,0,Node 03: Network 1
8872,2025-07-22,00,36,03,611245,1.543943,02,750,0,0,Node 02: Network 1
8873,2025-07-22,00,36,05,156279,1.545034,01,250,0,0,Node 01: Network 2
8874,2025-07-22,00,36,05,613331,0.457052,02,750,0,0,Node 02: Network 1
8875,2025-07-22,00,36,06,204600,0.591269,03,1250,0,0,Node 03: Network 1
8876,2025-07-22,00,36,07,162398,0.957798,01,250,0,0,Node 01: Network 2
8877,2025-07-22,00,36,08,205081,1.042683,03,1250,0,0,Node 03: Network 1
8878,2025-07-22,00,36,09,748296,1.543215,02,750,0,0,Node 02: Network 1
8879,2025-07-22,00,36,10,294042,0.545746,03,1250,0,0,Node 03: Network 1
8880,2025-07-22,00,36,10,744817,0.450775,BB,0,1,0,
8881,2025-07-22,00,36,10,820056,0.075239,01,608,0,1,
8882,2025-07-22,00,36,11,061208,0.241152,01,250,0,0,Node 01: Network 2
8883,2025-07-22,00,36,11,605459,0.544251,02,750,0,0,Node 02: Network 1
8884,2025-07-22,00,36,12,151296,0.545837,03,1250,0,0,Node 03: Network 1
8885,2025-07-22,00,36,13,195175,1.043879,01,250,0,0,Node 01: Network 2
8886,2025-07-22,00,36,16,242096,3.046921,BB,0,1,0,
8887,2025-07-22,00,36,16,307515,0.065419,01,94,0,1,
8888,2025-07-22,00,36,16,320057,0.012542,02,548,0,1,
8889,2025-07-22,00,36,16,343600,0.023543,BB,0,1,0,01:1383:0:1
8890,2025-07-22,00,36,16,357665,0.014065,03,1034,0,1,
8891,2025-07-22,00,36,16,392754,0.035089,03,1093,0,1,
8892,2025-07-22,00,36,16,474478,0.081724,01,160,0,1,
8893,2025-07-22,00,36,16,492502,0.018024,02,546,0,1,
8894,2025-07-22,00,36,16,514580,0.022078,02,24,0,1,
8895,2025-07-22,00,36,16,615863,0.101283,01,311,0,0,Node 01: Network 2
8896,2025-07-22,00,36,16,628180,0.012317,02,154,0,1,
8897,2025-07-22,00,36,16,694446,0.066266,03,1250,0,0,Node 03: Network 1
8898,2025-07-22,00,36,16,748688,0.054242,01,251,0,0,Node 01: Network 2
8899,2025-07-22,00,36,16,806124,0.057436,02,750,0,0,Node 02: Network 1
8900,2025-07-22,00,36,16,915042,0.108918,01,250,0,0,Node 01: Network 2
8901,2025-07-22,00,36,16,925551,0.010509,BB,0,1,0,
8902,2025-07-22,00,36,16,958867,0.033316,02,750,0,0,Node 02: Network 1
8903,2025-07-22,00,36,17,103814,0.144947,01,250,0,0,Node 01: Network 2
8904,2025-07-22,00,36,17,136123,0.032309,02,781,0,0,Node 02: Network 1
8905,2025-07-22,00,36,17,183778,0.047655,03,1250,0,0,Node 03: Network 1
8906,2025-07-22,00,36,17,221948,0.03817,02,750,0,0,Node 02: Network 1
8907,2025-07-22,00,36,17,303880,0.081932,01,279,0,0,Node 01: Network 2
8908,2025-07-22,00,36,17,336841,0.032961,01,250,0,0,Node 01: Network 2
8909,2025-07-22,00,36,17,369976,0.033135,02,750,0,0,Node 02: Network 1
8910,2025-07-22,00,36,17,454877,0.084901,03,1250,0,0,Node 03: Network 1
8911,2025-07-22,00,36,17,697170,0.242293,03,1250,0,0,Node 03: Network 1
8912,2025-07-22,00,36,18,524945,0.827775,01,250,0,0,Node 01: Network 2
8913,2025-07-22,00,36,18,743892,0.218947,BB,0,1,0,
8914,2025-07-22,00,36,18,797102,0.05321,01,592,0,1,
8915,2025-07-22,00,36,22,743795,3.946693,BB,0,1,0,
8916,2025-07-22,00,36,22,790881,0.047086,02,561,0,1,
8917,2025-07-22,00,36,22,802415,0.011534,03,561,0,1,
8918,2025-07-22,00,36,22,815975,0.01356,01,584,0,1,
8919,2025-07-22,00,36,23,060935,0.24496,01,250,0,0,Node 01: Network 2
8920,2025-07-22,00,36,23,560422,0.499487,02,750,0,0,Node 02: Network 1
8921,2025-07-22,00,36,25,107820,1.547398,01,250,0,0,Node 01: Network 2
8922,2025-07-22,00,36,25,562714,0.454894,02,750,0,0,Node 02: Network 1
8923,2025-07-22,00,36,26,108449,0.545735,03,1250,0,0,Node 03: Network 1
8924,2025-07-22,00,36,27,110891,1.002442,01,250,0,0,Node 01: Network 2
8925,2025-07-22,00,36,28,110316,0.999425,03,1250,0,0,Node 03: Network 1
8926,2025-07-22,00,36,30,111187,2.000871,03,1250,0,0,Node 03: Network 1
8927,2025-07-22,00,36,32,112193,2.001006,03,1250,0,0,Node 03: Network 1
8928,2025-07-22,00,36,33,157431,1.045238,01,250,0,0,Node 01: Network 2
8929,2025-07-22,00,36,33,657607,0.500176,02,750,0,0,Node 02: Network 1
8930,2025-07-22,00,36,35,162811,1.505204,01,250,0,0,Node 01: Network 2
8931,2025-07-22,00,36,35,659787,0.496976,02,750,0,0,Node 02: Network 1
8932,2025-07-22,00,36,36,146008,0.486221,BB,0,1,0,
8933,2025-07-22,00,36,36,197713,0.051705,BB,0,1,0,01:592:0:1
8934,2025-07-22,00,36,36,252765,0.055052,BB,0,1,0,02:561:0:1
8935,2025-07-22,00,36,36,266821,0.014056,01,1356,0,1,
8936,2025-07-22,00,36,36,280670,0.013849,02,1908,0,1,
8937,2025-07-22,00,36,36,361827,0.081157,03,1250,0,0,Node 03: Network 1
8938,2025-07-22,00,36,36,375505,0.013678,03,1284,0,1,
8939,2025-07-22,00,36,36,396586,0.021081,03,561,0,1,584:0:1
8940,2025-07-22,00,36,36,417224,0.020638,02,152,0,1,
8941,2025-07-22,00,36,36,450491,0.033267,01,250,0,0,Node 01: Network 2
8942,2025-07-22,00,36,36,518793,0.068302,03,1250,0,0,Node 03: Network 1
8943,2025-07-22,00,36,36,532927,0.014134,03,126,0,1,
8944,2025-07-22,00,36,36,621974,0.089047,02,781,0,0,Node 02: Network 1
8945,2025-07-22,00,36,36,709024,0.08705,01,279,0,0,Node 01: Network 2
8946,2025-07-22,00,36,36,795533,0.086509,03,1250,0,0,Node 03: Network 1
8947,2025-07-22,00,36,36,875512,0.079979,01,310,0,0,Node 01: Network 2
8948,2025-07-22,00,36,36,908711,0.033199,03,1282,0,0,Node 03: Network 1
8949,2025-07-22,00,36,36,941649,0.032938,01,250,0,0,Node 01: Network 2
8950,2025-07-22,00,36,36,977448,0.035799,01,250,0,0,Node 01: Network 2
8951,2025-07-22,00,36,37,013728,0.03628,02,750,0,0,Node 02: Network 1
8952,2025-07-22,00,36,37,047037,0.033309,01,250,0,0,Node 01: Network 2
8953,2025-07-22,00,36,37,112668,0.065631,02,750,0,0,Node 02: Network 1
8954,2025-07-22,00,36,37,146798,0.03413,03,1250,0,0,Node 03: Network 1
8955,2025-07-22,00,36,37,157495,0.010697,BB,0,1,0,
8956,2025-07-22,00,36,38,740245,1.58275,BB,0,1,0,
8957,2025-07-22,00,36,38,776605,0.03636,01,549,0,1,
8958,2025-07-22,00,36,38,858545,0.08194,03,331,0,1,
8959,2025-07-22,00,36,38,950873,0.092328,02,1656,0,1,
8960,2025-07-22,00,36,39,059106,0.108233,01,250,0,0,Node 01: Network 2
8961,2025-07-22,00,36,41,060738,2.001632,01,250,0,0,Node 01: Network 2
8962,2025-07-22,00,36,43,065589,2.004851,01,250,0,0,Node 01: Network 2
8963,2025-07-22,00,36,44,112930,1.047341,03,1250,0,0,Node 03: Network 1
8964,2025-07-22,00,36,45,068667,0.955737,01,250,0,0,Node 01: Network 2
8965,2025-07-22,00,36,46,114617,1.04595,03,1250,0,0,Node 03: Network 1
8966,2025-07-22,00,36,47,072796,0.958179,01,250,0,0,Node 01: Network 2
8967,2025-07-22,00,36,47,618424,0.545628,02,750,0,0,Node 02: Network 1
8968,2025-07-22,00,36,48,116983,0.498559,03,1250,0,0,Node 03: Network 1
8969,2025-07-22,00,36,49,076496,0.959513,01,250,0,0,Node 01: Network 2
8970,2025-07-22,00,36,49,619182,0.542686,02,750,0,0,Node 02: Network 1
8971,2025-07-22,00,36,50,122827,0.503645,03,1250,0,0,Node 03: Network 1
8972,2025-07-22,00,36,51,080975,0.958148,01,250,0,0,Node 01: Network 2
8973,2025-07-22,00,36,53,083584,2.002609,01,250,0,0,Node 01: Network 2
8974,2025-07-22,00,36,55,088543,2.004959,01,250,0,0,Node 01: Network 2
8975,2025-07-22,00,36,55,631771,0.543228,02,750,0,0,Node 02: Network 1
8976,2025-07-22,00,36,57,092250,1.460479,01,250,0,0,Node 01: Network 2
8977,2025-07-22,00,36,57,170319,0.078069,BB,0,1,0,
8978,2025-07-22,00,36,57,239850,0.069531,BB,0,1,0,549:0:1
8979,2025-07-22,00,36,57,259869,0.020019,02,912,0,1,
8980,2025-07-22,00,36,57,272379,0.01251,03,331,0,1,
8981,2025-07-22,00,36,57,317889,0.04551,02,1656,0,1,
8982,2025-07-22,00,36,57,426575,0.108686,01,250,0,0,Node 01: Network 2
8983,2025-07-22,00,36,57,438575,0.012,01,466,0,1,
8984,2025-07-22,00,36,57,470156,0.031581,03,426,0,1,
8985,2025-07-22,00,36,57,538209,0.068053,03,1250,0,0,Node 03: Network 1
8986,2025-07-22,00,36,57,619791,0.081582,01,310,0,0,Node 01: Network 2
8987,2025-07-22,00,36,57,737852,0.118061,03,1282,0,0,Node 03: Network 1
8988,2025-07-22,00,36,57,770034,0.032182,01,252,0,0,Node 01: Network 2
8989,2025-07-22,00,36,57,803061,0.033027,01,250,0,0,Node 01: Network 2
8990,2025-07-22,00,36,57,875701,0.07264,01,250,0,0,Node 01: Network 2
8991,2025-07-22,00,36,58,010795,0.135094,01,250,0,0,Node 01: Network 2
8992,2025-07-22,00,36,58,043655,0.03286,01,281,0,0,Node 01: Network 2
8993,2025-07-22,00,36,58,102569,0.058914,03,1250,0,0,Node 03: Network 1
8994,2025-07-22,00,36,58,196136,0.093567,01,250,0,0,Node 01: Network 2
8995,2025-07-22,00,36,58,231203,0.035067,03,1250,0,0,Node 03: Network 1
8996,2025-07-22,00,36,58,269246,0.038043,01,250,0,0,Node 01: Network 2
8997,2025-07-22,00,36,58,472489,0.203243,03,1250,0,0,Node 03: Network 1
8998,2025-07-22,00,36,58,737563,0.265074,BB,0,1,0,
8999,2025-07-22,00,36,58,773820,0.036257,03,1499,0,1,
9000,2025-07-22,00,37,00,056704,1.282884,03,1250,0,0,Node 03: Network 1
9001,2025-07-22,00,37,01,602730,1.546026,02,750,0,0,Node 02: Network 1
9002,2025-07-22,00,37,02,058516,0.455786,03,1250,0,0,Node 03: Network 1
9003,2025-07-22,00,37,03,604431,1.545915,02,750,0,0,Node 02: Network 1
9004,2025-07-22,00,37,05,150240,1.545809,01,250,0,0,Node 01: Network 2
9005,2025-07-22,00,37,05,694719,0.544479,02,750,0,0,Node 02: Network 1
9006,2025-07-22,00,37,06,197577,0.502858,03,1250,0,0,Node 03: Network 1
9007,2025-07-22,00,37,07,154910,0.957333,01,250,0,0,Node 01: Network 2
9008,2025-07-22,00,37,08,198323,1.043413,03,1250,0,0,Node 03: Network 1
9009,2025-07-22,00,37,09,158349,0.960026,01,250,0,0,Node 01: Network 2
9010,2025-07-22,00,37,09,742982,0.584633,02,750,0,0,Node 02: Network 1
9011,2025-07-22,00,37,10,288312,0.54533,03,1250,0,0,Node 03: Network 1
9012,2025-07-22,00,37,10,735665,0.447353,BB,0,1,0,
9013,2025-07-22,00,37,10,787529,0.051864,01,482,0,1,
9014,2025-07-22,00,37,10,818040,0.030511,02,463,0,1,
9015,2025-07-22,00,37,10,832040,0.014,03,1489,0,1,
9016,2025-07-22,00,37,11,052188,0.220148,01,250,0,0,Node 01: Network 2
9017,2025-07-22,00,37,11,551904,0.499716,02,750,0,0,Node 02: Network 1
9018,2025-07-22,00,37,13,055794,1.50389,01,250,0,0,Node 01: Network 2
9019,2025-07-22,00,37,14,103441,1.047647,03,1250,0,0,Node 03: Network 1
9020,2025-07-22,00,37,15,752926,1.649485,BB,0,1,0,1499:0:1
9021,2025-07-22,00,37,15,818973,0.066047,02,750,0,0,Node 02: Network 1
9022,2025-07-22,00,37,15,831973,0.013,02,1476,0,1,
9023,2025-07-22,00,37,15,871499,0.039526,01,1490,0,1,
9024,2025-07-22,00,37,15,905538,0.034039,03,1250,0,0,Node 03: Network 1
9025,2025-07-22,00,37,15,977066,0.071528,01,252,0,0,Node 01: Network 2
9026,2025-07-22,00,37,16,055110,0.078044,01,281,0,0,Node 01: Network 2
9027,2025-07-22,00,37,16,088980,0.03387,03,1280,0,0,Node 03: Network 1
9028,2025-07-22,00,37,16,123002,0.034022,03,1250,0,0,Node 03: Network 1
9029,2025-07-22,00,37,16,162516,0.039514,03,1250,0,0,Node 03: Network 1
9030,2025-07-22,00,37,16,196521,0.034005,02,750,0,0,Node 02: Network 1
9031,2025-07-22,00,37,16,306600,0.110079,01,250,0,0,Node 01: Network 2
9032,2025-07-22,00,37,16,339109,0.032509,03,1280,0,0,Node 03: Network 1
9033,2025-07-22,00,37,16,374139,0.03503,03,1250,0,0,Node 03: Network 1
9034,2025-07-22,00,37,16,407592,0.033453,02,750,0,0,Node 02: Network 1
9035,2025-07-22,00,37,16,440592,0.033,01,250,0,0,Node 01: Network 2
9036,2025-07-22,00,37,16,474237,0.033645,02,750,0,0,Node 02: Network 1
9037,2025-07-22,00,37,16,665358,0.191121,02,750,0,0,Node 02: Network 1
9038,2025-07-22,00,37,16,894163,0.228805,BB,0,1,0,
9039,2025-07-22,00,37,20,734003,3.83984,BB,0,1,0,
9040,2025-07-22,00,37,20,826066,0.092063,03,1844,0,1,
9041,2025-07-22,00,37,20,839578,0.013512,01,1873,0,1,
9042,2025-07-22,00,37,20,852094,0.012516,02,986,0,1,
9043,2025-07-22,00,37,22,734471,1.882377,BB,0,1,0,
9044,2025-07-22,00,37,22,774489,0.040018,02,450,0,1,
9045,2025-07-22,00,37,22,809064,0.034575,01,457,0,1,
9046,2025-07-22,00,37,22,835576,0.026512,03,1479,0,1,
9047,2025-07-22,00,37,23,050760,0.215184,01,250,0,0,Node 01: Network 2
9048,2025-07-22,00,37,23,549969,0.499209,02,750,0,0,Node 02: Network 1
9049,2025-07-22,00,37,24,097422,0.547453,03,1250,0,0,Node 03: Network 1
9050,2025-07-22,00,37,25,053182,0.95576,01,250,0,0,Node 01: Network 2
9051,2025-07-22,00,37,25,552723,0.499541,02,750,0,0,Node 02: Network 1
9052,2025-07-22,00,37,27,100190,1.547467,01,250,0,0,Node 01: Network 2
9053,2025-07-22,00,37,27,645385,0.545195,02,750,0,0,Node 02: Network 1
9054,2025-07-22,00,37,28,147031,0.501646,03,1250,0,0,Node 03: Network 1
9055,2025-07-22,00,37,29,191223,1.044192,01,250,0,0,Node 01: Network 2
9056,2025-07-22,00,37,29,645189,0.453966,02,750,0,0,Node 02: Network 1
9057,2025-07-22,00,37,30,148319,0.50313,03,1250,0,0,Node 03: Network 1
9058,2025-07-22,00,37,31,693246,1.544927,02,750,0,0,Node 02: Network 1
9059,2025-07-22,00,37,32,149017,0.455771,03,1250,0,0,Node 03: Network 1
9060,2025-07-22,00,37,33,693698,1.544681,02,750,0,0,Node 02: Network 1
9061,2025-07-22,00,37,34,150821,0.457123,03,1250,0,0,Node 03: Network 1
9062,2025-07-22,00,37,36,732219,2.581398,BB,0,1,0,
9063,2025-07-22,00,37,36,775883,0.043664,03,1467,0,1,
9064,2025-07-22,00,37,36,789019,0.013136,02,434,0,1,
9065,2025-07-22,00,37,36,877042,0.088023,01,428,0,1,
9066,2025-07-22,00,37,37,049384,0.172342,01,250,0,0,Node 01: Network 2
9067,2025-07-22,00,37,37,138244,0.08886,BB,0,1,0,
9068,2025-07-22,00,37,37,201225,0.062981,BB,0,1,0,
9069,2025-07-22,00,37,37,251945,0.05072,01,472,0,1,
9070,2025-07-22,00,37,37,271925,0.01998,BB,0,1,0,450:0:1
9071,2025-07-22,00,37,37,284948,0.013023,03,475,0,1,
9072,2025-07-22,00,37,37,297393,0.012445,02,431,0,1,
9073,2025-07-22,00,37,37,321140,0.023747,01,1873,0,1,1844:0:1
9074,2025-07-22,00,37,37,333683,0.012543,02,986,0,1,
9075,2025-07-22,00,37,37,467135,0.133452,01,457,0,1,1479:0:1
9076,2025-07-22,00,37,37,494758,0.027623,01,958,0,1,
9077,2025-07-22,00,37,37,563106,0.068348,03,6,0,1,
9078,2025-07-22,00,37,37,592169,0.029063,02,973,0,1,
9079,2025-07-22,00,37,37,722099,0.12993,03,1250,0,0,Node 03: Network 1
9080,2025-07-22,00,37,37,764570,0.042471,01,250,0,0,Node 01: Network 2
9081,2025-07-22,00,37,37,796694,0.032124,01,250,0,0,Node 01: Network 2
9082,2025-07-22,00,37,37,830364,0.03367,01,250,0,0,Node 01: Network 2
9083,2025-07-22,00,37,37,920024,0.08966,03,1280,0,0,Node 03: Network 1
9084,2025-07-22,00,37,37,993723,0.073699,02,750,0,0,Node 02: Network 1
9085,2025-07-22,00,37,38,072293,0.07857,01,250,0,0,Node 01: Network 2
9086,2025-07-22,00,37,38,169381,0.097088,02,750,0,0,Node 02: Network 1
9087,2025-07-22,00,37,38,230819,0.061438,03,1250,0,0,Node 03: Network 1
9088,2025-07-22,00,37,38,271788,0.040969,01,250,0,0,Node 01: Network 2
9089,2025-07-22,00,37,38,325918,0.05413,02,750,0,0,Node 02: Network 1
9090,2025-07-22,00,37,38,363909,0.037991,01,250,0,0,Node 01: Network 2
9091,2025-07-22,00,37,38,466919,0.10301,02,769,0,0,Node 02: Network 1
9092,2025-07-22,00,37,38,751049,0.28413,03,1250,0,0,Node 03: Network 1
9093,2025-07-22,00,37,38,804787,0.053738,BB,0,1,0,
9094,2025-07-22,00,37,40,731474,1.926687,BB,0,1,0,
9095,2025-07-22,00,37,40,781672,0.050198,03,1474,0,1,
9096,2025-07-22,00,37,40,848601,0.066929,02,1172,0,1,
9097,2025-07-22,00,37,40,906947,0.058346,01,117,0,1,
9098,2025-07-22,00,37,42,050812,1.143865,03,1250,0,0,Node 03: Network 1
9099,2025-07-22,00,37,44,730998,2.680186,BB,0,1,0,
9100,2025-07-22,00,37,44,787700,0.056702,01,412,0,1,
9101,2025-07-22,00,37,44,814901,0.027201,02,424,0,1,
9102,2025-07-22,00,37,45,547583,0.732682,02,750,0,0,Node 02: Network 1
9103,2025-07-22,00,37,48,729917,3.182334,BB,0,1,0,
9104,2025-07-22,00,37,48,781743,0.051826,01,403,0,1,
9105,2025-07-22,00,37,48,794874,0.013131,03,1456,0,1,
9106,2025-07-22,00,37,48,848585,0.053711,02,420,0,1,
9107,2025-07-22,00,37,50,049541,1.200956,03,1250,0,0,Node 03: Network 1
9108,2025-07-22,00,37,51,093762,1.044221,01,250,0,0,Node 01: Network 2
9109,2025-07-22,00,37,52,050669,0.956907,03,1250,0,0,Node 03: Network 1
9110,2025-07-22,00,37,53,096577,1.045908,01,251,0,0,Node 01: Network 2
9111,2025-07-22,00,37,53,638555,0.541978,02,750,0,0,Node 02: Network 1
9112,2025-07-22,00,37,54,051789,0.413234,03,1250,0,0,Node 03: Network 1
9113,2025-07-22,00,37,55,099156,1.047367,01,250,0,0,Node 01: Network 2
9114,2025-07-22,00,37,55,640658,0.541502,02,750,0,0,Node 02: Network 1
