Rel Start (s),Rel End (s),Interval Duration,Max Data Gap,Min Data Gap
0.8999701226329163,0.901036715805134,0.6965371609686909,0.23639375775308918,-0.07261354834774954
-0.09580251849760159,-0.09454034991189622,0.8218351861633912,0.9462680496701549,-0.16321337630416702
1.438333845842599,1.4371378440231435,-0.7759401248307967,0.9437074606902339,-0.16319833898832353
-0.5810625733673973,-0.5806768943342345,0.24997557971984735,0.9433901094436336,-0.08868242405799476
-0.64892554729153,-0.6502076270294466,-0.8363570959156764,0.9433465514293945,4.581204130517092
-0.5718436396334836,-0.568593713811929,2.1154440219623187,0.9445926217653099,-0.13603793911199485
1.4973156745615184,1.4963574307175582,-0.6209681612513948,-0.6109356263127226,0.06561547381101757
1.074498689631412,1.0757564530403598,0.8214082055502218,0.9454108901756617,-0.20153146453629034
-0.1426361160239299,-0.1428920848935782,-0.16700705883106579,0.9457282414222613,-0.06869783130213102
1.0955355495666197,1.0945870332602676,-0.6154711251271466,0.2359908461213762,-0.06806626403670873
-1.2198289652552963,-1.2171211326863032,1.761033113803428,0.24662211288248181,-0.08827040160388591
0.17184562667289657,0.171999025707426,0.10026552008360376,0.943780575928421,-0.30971893710313525
-1.3981488994873865,-1.3990948558164564,-0.6190073931361838,0.9678634908726234,0.1042734053812014
0.034437887204603536,0.03524283053801303,0.5243216946071889,-0.4248962362102032,-0.18340849148183808
-0.4773669872388785,-0.47829016212150277,-0.6022487254832566,0.23776739084499082,-0.16976363108554723
0.11833565965234197,0.11783976999889054,-0.3227199887672794,0.9457577986462093,0.2071918024765231
0.783396589021007,0.7839047296588175,0.3325805433705802,0.9422622680035107,-0.19080384341361684
1.5576270330231137,1.5566687126313592,-0.620892164701978,0.15982032436387333,0.09296534386697307
1.2542424612239331,1.255199154281484,0.625699805873016,0.9458169130941054,0.07735961748470419
-0.7522762497986458,-0.753466477092411,-0.7767503737561556,0.9436981268300398,4.581883817193213
0.12439075385081091,0.12410519252168972,-0.18572306618344067,0.9459398089199953,-0.05592814268792535
-1.3646141375027039,-1.3650214558640437,-0.2681290388692538,0.23324513558093846,-0.05594318000376867
-0.9694534644349107,-0.96665323789449,1.8217306435782592,0.944752853031976,-0.06525127851082636
1.3793302532536256,1.3774930915995607,-1.1936428735426288,-2.1689669045661457,-1.4357071325297504
-0.07696062511251031,-0.07769440144456642,-0.47806022133990694,0.9474550055581743,0.07056575818666111
-0.939522279153041,-0.939785104122584,-0.1731352091570479,-0.545094576503382,-0.18488515589765891
-1.4428475941915244,-1.4436950497404486,-0.5549483017055794,-0.4758466677231868,-0.04143818514123594
-0.5753542839575437,-0.5769839566945328,-1.0625866812230533,-0.7488745235481972,1.309700732945271
-1.6044337790436425,-1.6060425606549118,-1.0511279157879927,-1.3967890958533118,0.05711337543316548
1.559576012963662,1.5579428883215038,-1.060379924276836,-1.3971468938274199,-0.1377852752129966
-1.0890014562048353,-1.0849626389266458,2.628160313776995,0.9676674798085464,-0.18464155138099603
1.5931986305676162,1.5914703348347674,-1.1222935416929896,-2.1689669045661457,-1.4357071325297504
0.823332458846509,0.8216981802093624,-1.0626678203961144,-2.1689669045661457,-1.4357071325297504
0.2035223232012347,0.20535995368334253,1.1972511405991897,0.9450562034882846,-0.1306545800400616
1.58380264939803,1.5837495421160472,-0.03128322130061177,0.9427445174468737,-0.08735914026377656
0.4286846793002494,0.43193946620954266,2.120697783418039,0.16981533298841278,-0.200975083850085
-1.5978215687259307,-1.5981173137608815,-0.1959493161516471,0.9445801766183848,-0.04163367024719994
1.4900541059973484,1.4891067960521989,-0.6138621981796294,0.23497812229031398,1.476593886564706
-0.7615108342788125,-0.7617547019142448,-0.16041707233165528,0.2318061654676778,0.19707168891392227
0.6770772587551039,0.677706678866613,0.4113465384705206,0.23838809254790003,-0.08172616174884308
1.4451089599098874,1.4448278385056528,-0.18007546546692735,0.9422591567167795,0.057387054581515176
-1.649184816397021,-1.6503687756050252,-0.7745396169915479,0.2469985785769782,-0.1847137304970442
0.45856186396930315,0.4599195460237671,0.8851987377460458,0.14989220840405815,-0.2164635191687754
1.2089601887842543,1.2094582039180604,0.32687394533280906,0.176825061994199,0.0534623151463907
1.1247498587277749,1.1230233935412304,-1.122078837155822,-2.1689669045661457,-1.4357071325297504
0.9223205952902009,0.9205946959866427,-1.122132691853435,-2.1689669045661457,-1.4357071325297504
0.6073489117449874,0.6066073125753576,-0.48172719769991446,0.9431863201627291,-0.03919762508057103
-1.2281897101519177,-1.2271177368727073,0.6956003463614089,0.9426651796352236,-0.06580765919703173
-0.6836561956176144,-0.6834614246690012,0.12542537771348466,-0.47390989173290643,-0.33940560604115344
0.21776988458649402,0.2164947300964173,-0.8300382399628687,0.3526687654780052,-0.2917162625754302
-0.25895441207644704,-0.26033713124189617,-0.9010885853878295,0.23878633724951598,3.219106016643924
-0.4291061526384775,-0.4307080860646045,-1.0442152296548752,-0.5441627461273354,1.7054618337010834
-1.6623692134100878,-1.6613130978187116,0.6843664278601485,0.9425998426138646,-0.0881230359086208
1.7193796522822595,1.7180902502366608,-0.8361841037702938,0.9440512578740511,0.1039967187696831
-0.7600445169480845,-0.7617650453453583,-1.1221452627112332,-2.1689669045661457,-1.4357071325297504
0.7927459414729713,0.7936473196805726,0.5887109139056538,0.9445801766183848,-0.09301317102089073
-0.3984307562221939,-0.4002612023335954,-1.1929787608391742,-2.1689669045661457,-1.4357071325297504
0.2600054648234025,0.25928956714790063,-0.46571292481956217,-0.5389731198594035,0.07838816988839184
-0.7310788014285196,-0.7319087149861941,-0.5420381735974501,-0.4234401540199201,-0.16318029420931146
-0.35497094217352804,-0.35668888353163414,-1.119615091878025,-1.3727015139790129,0.10368093513697188
-0.5302243283398244,-0.5319363252596575,-1.1161092510588857,-1.3232693903909398,0.19924608478487638
-1.1873418055084444,-1.188628974948467,-0.8407954658223937,-0.52626351356174,0.05883063690248061
-0.5882560311911188,-0.5886608650615308,-0.2648909001809543,0.23383316877316818,-0.0702797569288556
-1.495092574045882,-1.4962698244127433,-0.7698486871236115,0.9436234559484867,1.4545251218329482
-1.564600935237028,-1.5648715567473328,-0.17951734795081714,0.16529930029782333,-0.06965119712660191
1.4735306473303855,1.4719050910643767,-1.0556302827889554,-1.4461527711332949,-0.03831944583531708
1.052568412148809,1.0509616937909043,-1.0442397999678446,-1.3211739387773593,0.20329713767308527
0.3200276416685864,0.3210832833042006,0.6881943969103674,0.23781561578932697,-0.08369905758749582
-0.5532454978204111,-0.5546365302772049,-0.9071170259553666,-0.6012330786409325,1.5505263536403109
-0.8633474508464943,-0.85877995396218,2.9729538014669523,0.27140040041114577,-0.28086533546284087
-0.0827791806152905,-0.08352200915061285,-0.48396795310244956,-0.4758575572267467,-0.1357582450373078
0.7759227239127792,0.7763021943938906,0.24876363474757202,0.09952047622311029,0.08811129831272715
1.125142355667738,1.1253328265337565,0.12639919064087762,0.9432532128274533,-0.18588363366965993
-0.467796502496769,-0.4672286795710002,0.36884003988433134,0.9433792199400743,-0.08830348369874148
0.0655946102529146,0.06642735523198277,0.5424935838078198,0.9487664129154487,-0.24762384505944568
1.6501671052198363,1.650546869933569,0.2507795432163071,0.9459569209970176,-0.3056829215307697
-1.1106428856816366,-1.1119227460633792,-0.8358751177996395,0.94629138432064,4.586897258295399
-1.1646217681860618,-1.163235993036435,0.9001083464973784,0.9482406054578462,-0.06222877802630529
1.4324017499936503,1.4310038384358064,-0.9074538678040966,0.9479808130157767,4.590163363296584
-0.7922286494705475,-0.7898620266803184,1.5396995919071497,-0.4767598303788453,-0.2799300144173821
-1.4369664771583053,-1.4385745139669182,-1.0502933822509781,-2.1689669045661457,-1.4357071325297504
-1.4582784925881196,-1.4564611353534416,1.180579754697566,0.9680455011464086,-0.08867039420532004
-0.8536897184855141,-0.8532018228046223,0.31597915429078755,0.2457291735905773,-0.04261410324018887
0.043097661043034814,0.04170413362445934,-0.9074975801050769,-0.4925745008344201,1.3438564921519442
0.1677835538408483,0.16991646606548882,1.3894899835240828,0.25517348446366356,-0.10247765761271965
0.2993574040011541,0.3025996657801189,2.112270451770892,0.2328235562288374,-0.07630370565571708
-0.23079595176173598,-0.2310517024373354,-0.16704891407350753,0.2309987865608863,-0.19833453118798577
1.7281397150410918,1.7265132228253082,-1.0557085649488809,-0.6747776743971553,1.4529492111325613
-1.2853786040317638,-1.2863266057300349,-0.6201042004790798,-0.5444427619331591,0.06538991407336676
-1.4235321520612094,-1.4211776427916971,1.5304928670765112,0.24594696366177354,-0.13709656614736931
-1.3040686284797511,-1.3056770720037592,-1.0502809542438365,-1.3857844746844414,0.07838816988839184
1.4476093181303964,1.4468825558980856,-0.4703107160592661,-0.3505007035329491,-0.3285727237075762
-0.2563303689835984,-0.2580525759580764,-1.1221874036549886,-2.1689669045661457,-1.4357071325297504
-1.3497003596780497,-1.3490750632608266,0.4044315667268943,0.23387983807413873,-0.06609336819805615
-0.23737526381821186,-0.2392068918458632,-1.1934124554332135,-2.1689669045661457,-1.4357071325297504
1.7558643637796447,1.7560157581827984,0.10226528642812054,0.23798829220291853,-0.16534566769075962
-0.4177201273742752,-0.41271397024452083,3.259577787455435,0.9476961302798556,-0.17679808743708444
0.5966974665554556,0.5960082983892679,-0.4476017471480703,0.2471914783543231,0.1993543534589489
-0.15571291341624727,-0.15653793198526295,-0.5376495157192984,0.23627241757056555,0.0884541491139566
-0.8894041040029786,-0.8910042439643769,-1.0440076676505476,-1.3203618929404706,0.07215670620289165
0.549120408244415,0.5492927383498137,0.11338235309212004,0.9493124437368045,-0.054857485799875996
-0.5179147947724497,-0.5184091453407816,-0.32304525971280873,0.9467891901976604,-0.05394020953342928
0.4155034385374605,0.41431281482821364,-0.7745717583893275,-0.4758373338629927,-0.32865392521313047
0.8129203252029797,0.8112045032906045,-1.1157976937764091,-1.3222286649792951,0.2012580776447219
1.2311181172337404,1.2354479288542977,2.822522774565849,0.945647347967246,-0.29082304601433295
1.1694851214098552,1.176561099142936,4.610938858187329,0.9476214593983026,-0.07022562259181934
-0.5201128162394438,-0.5203736681806,-0.17097502152494687,0.23618685718545288,-0.07033689872906045
-0.10202239571961415,-0.10139051823690134,0.4113212539042672,0.23494078684953745,-0.06694748773796065
0.7962177606285678,0.7946026188256508,-1.0502608123012283,-1.3852151092126,0.07948890140812817
-1.1347985181095783,-1.1355287143635886,-0.4779359412684926,-0.42039420430990454,-0.1628464657975883
-1.0085446444796429,-1.0071513923741071,0.9053036820344688,0.03633646528236332,-0.058000284811144304
-1.3239996635586413,-1.3258280706706098,-1.1935821620134897,-2.1689669045661457,-1.4357071325297504
1.0033270988180514,1.0038199185011432,0.32306111845221075,0.968266402504336,-0.1839678796312122
1.0816925817411345,1.0824940743155123,0.5242595545714815,0.9694098003781163,-0.0402351998737648
0.4102343822600108,0.4088474103564151,-0.9024619516022866,0.2213817992742088,3.1854585187127573
-0.30500521939529796,-0.3054096936840436,-0.26406565193663156,0.23844565135243057,-0.16535769754343416
-0.25413540133680035,-0.2548688403127956,-0.478210214529545,-0.409430029868542,-0.19381431404546318
-1.0036221828665715,-1.00300713388564,0.39847969411140094,0.23630819736797617,-0.06775649533033502
0.14110887661153015,0.13927681545988,-1.192904764198953,-2.1689669045661457,-1.4357071325297504
1.143170637480147,1.1428647117492836,-0.19686027479004875,0.17536275723045322,-0.03780516963347325
-1.527758055792018,-1.529476038715938,-1.122089408104425,-1.390414069340726,0.0694379594984069
-1.3582061843933007,-1.3598157301196816,-1.0511117736637745,-2.1689669045661457,-1.4357071325297504
0.7500563884806625,0.7498163473260556,-0.15477075727105305,-0.5433320325700588,-0.0657294651546462
1.2801808451422414,1.281895828980274,1.119619522564883,0.9465278421122251,-0.05944988205844693
-1.0271015030216202,-1.0288210426458504,-1.1220585523625566,-2.1689669045661457,-1.4357071325297504
1.541138307146735,1.5438092005547834,1.7427363731287555,0.9448493029206482,-0.0871095208207763
-0.026587982273693276,-0.027875261757901313,-0.8384450011154376,0.2466812273303779,-0.13693416313626072
1.4811625796020276,1.4818118365010642,0.42594387568609243,0.25519837475751456,-0.1132654279987668
0.39662201152744986,0.39489804394465833,-1.1219715563125665,-2.1689669045661457,-1.4357071325297504
0.7323189725686041,0.730706456521015,-1.0486840267514905,-2.1689669045661457,-1.4357071325297504
1.4573968076909536,1.4584639659568446,0.6980683771589098,0.9434803367588436,-0.03954649080813766
-0.7720196165171095,-0.772862483152139,-0.5505597866780845,0.09532023913575491,0.20605798886193138
-1.0272674072926566,-1.0270806288692826,0.1195029323332918,0.9441041497484842,-0.08522384141401539
-0.6713465473373215,-0.6713119867914724,0.021107971333379633,0.945561787582133,0.06849361606344231
1.184780603070673,1.18514982237478,0.24294032772319693,-0.5406361026173231,-0.05450260514597217
-0.6627193997830347,-0.661901721003511,0.5311613840546824,0.24552382866630656,-0.04016602822088523
0.48750793002136317,0.4902839268651308,1.8089903649010626,0.9484319495918255,-0.06564525618592314
1.1920450269556293,1.191355759530897,-0.44642408633342673,-0.611873679262232,0.07507695293967791
-1.532590540803178,-1.5307935805756834,1.167140364906,0.9454326691827809,-0.06577457710217632
0.9829897380801206,0.9813744095628152,-1.049992681618418,-2.1689669045661457,-1.4357071325297504
0.09589917577527073,0.09594215715566426,0.028193363910565955,0.22233540865737497,-0.08776214032837945
-0.5415507048605014,-0.5432716507959291,-1.1219612710652773,-1.3950592204306678,0.060457674476735154
1.3149118906864807,1.3132948402626994,-1.050421519290126,-0.6094157627444462,1.579310783627726
-0.10863122518661116,-0.11046246951482476,-1.1928939075490363,-2.1689669045661457,-1.4357071325297504
0.1885127734692596,0.1877977727296048,-0.46527794456961186,0.17227480514956414,0.06301401817011129
0.019758632374453,0.021147845645399337,0.9048189897559529,0.9439283620481619,-0.07006622704387952
1.0637877988038285,1.0620615221370573,-1.1220832655261828,-2.1689669045661457,-1.4357071325297504
1.7650748074415805,1.7650152968888368,-0.03507533483597441,-0.48808335843768136,-0.03463530345368689
1.0687347515153036,1.0683198177862148,-0.2680111870773954,0.950552291499257,0.06996125808975685
1.5166484374651619,1.515043611304879,-1.0420390427492128,-1.29736792835225,0.05448184516057256
-0.9074472730517574,-0.9087176590499069,-0.8292805600792116,-0.5503962090936437,0.05779306210928666
1.5683698660247227,1.5676302426050137,-0.47843506146334513,0.946345831838439,4.582701847175095
1.370814820289613,1.3711926896448403,0.24896219716052148,0.2404275410003159,-0.07567514585346355
-0.8295437649326426,-0.8287152485834253,0.537871650807117,0.9431894314494602,-0.0414141254358865
-0.47389731143823105,-0.47483095865187464,-0.6090619875592426,0.3526034284566465,-0.2897674264421271
1.3064117759547935,1.306591084852316,0.11950778925562311,0.2466330023860414,-0.09032149148492419
0.6457922991662277,0.6474805814829224,1.1009053722710467,0.2325622081434017,-0.18965198502001318
-1.0369749825263368,-1.0381427514412447,-0.7627175823362498,-0.5516313899259991,0.09194882131596015
1.368547035821341,1.3690440674177475,0.3265663878687228,0.2309334495395273,-0.2008758375655186
1.1236158713016569,1.1224408114853224,-0.7629575714396706,0.24616630937633535,1.4544108382325385
1.7641976705744755,1.7623595234557559,-1.193481595151104,-2.1689669045661457,-1.4357071325297504
1.3492897325230213,1.3487772305694472,-0.33097075700262485,0.9434149997374845,1.5010776442209113
-0.6898112076193564,-0.688289640401323,0.9895388573805819,0.947966812225485,-0.07117898841629024
-1.7040748313696161,-1.7038962428373994,0.11275666721534415,0.9456862390513882,-0.20580506969898146
-0.6410089925291386,-0.6414933543104152,-0.3167965434324889,0.23239886559000453,0.20591663809300348
-0.65580663635512,-0.657637183663796,-1.1935817334615193,-2.1689669045661457,-1.4357071325297504
-1.4437817299995415,-1.443603732189249,0.11291508859373345,0.9461809336416767,-0.188906134154181
-0.016490011781089522,-0.016885794562401166,-0.2578029362919455,-0.5495001585150081,-0.18413930503182677
-0.5209154112045719,-0.5213270187476637,-0.26916199196856094,0.22096488685220445,-0.18493026784518904
-1.2610852592936592,-1.2608975746860618,0.11960521340355934,0.23428741663594874,-0.1938895006246801
0.013403650312973123,0.018611253507916977,3.3916767895696367,0.9481612676461961,-0.16652760071604988
-1.653636707414019,-1.6538770815298027,-0.16000337682956786,0.9475747900973324,0.07059282535517931
-0.6111169171143329,-0.611033160194803,0.0532746536792081,0.2363144199414391,0.06319145849706322
-1.157487666511156,-1.1574092764911805,0.04863914986610927,0.24623942461452283,-0.1838355512517904
0.07395773933581273,0.074590448839735,0.4122303554841306,0.24717436627730055,-0.0890312897855614
1.1598363673635983,1.1586513678931358,-0.7693555666563444,0.9477536890843865,1.4688045569578303
-0.6313372160607715,-0.6317414653339655,-0.2646000562437133,0.9416866799582064,-0.06278515871251064
-0.7038793691864391,-0.7036852890552128,0.12493325720081529,0.9459071404093155,-0.05790705345291529
-1.0817299168288945,-1.0798018445311632,1.2534728735952225,0.9449488640960523,-0.07461952628125769
0.7992233226570252,0.7976084107389905,-1.0501048193840046,-2.1689669045661457,-1.4357071325297504
-1.3722530396259847,-1.3734201585231018,-0.7629938555064972,-0.600424144090775,0.05865018911235993
-0.704989890911655,-0.7044933209732687,0.32193888369240475,-0.47455703937303223,-0.08606893856441376
1.268931709238164,1.2679737338872947,-0.6212698618385523,-0.4761406843193016,-0.327444925019322
-1.1628373464492838,-1.1644462420320931,-1.050280668542523,-1.3874459017989953,0.07517619922424412
-0.17895800141681092,-0.1783266233971172,0.41083541882049684,0.2326026548709097,-0.06964217473709594
1.1417668902339766,1.1443693978139529,1.6973641475165389,0.9461109296902206,-0.06828881631119094
0.3518455410259838,0.35099240315098,-0.5549041608526287,0.24785107114137472,-0.4266791797330134
-1.697037091836187,-1.6968479240439889,0.1196614965623378,0.96828662586809,-0.18357089449294667
1.1784481299648755,1.1781887616681506,-0.16646436918588964,0.23992506819319886,-0.06963315234758982
-0.9761734917357088,-0.9757794354874906,0.25460708371455554,0.24600452246630405,-0.27959317854249016
1.1035190315304395,1.1037072344356254,0.12487697404203683,0.9471905461860077,-0.05459884396736978
0.20650798199001388,0.20615021765815164,-0.23257665310665343,0.24715103162681543,0.20064154769514292
-0.4616510325042061,-0.46028267230947423,0.8902330805929249,0.9444837267297118,-0.08966887197732104
-0.15653410854371483,-0.1581461436047016,-1.050225528188999,-2.1689669045661457,-1.4357071325297504
-0.7170346135453581,-0.716003201505515,0.670249925955359,0.23578861248383695,-0.06453249481351242
1.6647265574312902,1.6630912111410754,-1.0616074399707023,-2.1689669045661457,-1.4357071325297504
0.12135728434074386,0.1197462805303284,-1.048974013584791,-2.1689669045661457,-1.4357071325297504
1.6702098702425465,1.6711111998546488,0.5905102607786828,0.2465256629938092,-0.18431373789561006
1.211782246772492,1.2106044332209114,-0.7645670697898149,-0.5424453158516168,0.06746205619658573
0.5623328895242004,0.5614054131578238,-0.6028806967889313,-0.47920063481960823,-0.054974776863454464
0.007448975759378255,0.007211856954293574,-0.15441705904482098,0.23586795029548702,0.06356137646681069
-1.4780719127421929,-1.479679693487869,-1.0502123859285735,-2.1689669045661457,-1.4357071325297504
1.4466055471942014,1.4463176759847263,-0.18446840886478294,-0.4880024649826657,-0.06006941947119467
-0.6089187603168026,-0.6097328289463895,-0.5314636537279698,-0.5493788183324845,0.06516736179888455
0.36263948488381315,0.36369943965592133,0.6910924081848306,0.943822578299295,-0.18866252963751812
-0.4845024950792139,-0.486223812861394,-1.1220844083314372,-2.1689669045661457,-1.4357071325297504
1.017351947594663,1.0191665901598814,1.183977600420166,0.9445490637510708,-0.20392841268172648
0.5094512556049239,0.5090398215376962,-0.26689895186356527,0.24725214844558507,-0.18417238712668232
0.49925890182351956,0.4996514825164545,0.2567248447015875,0.9438801371038251,-0.08359379637659207
-0.9250142617576173,-0.9213056717422542,2.4134294920885817,0.9457469091426501,-0.059254396952482934
-0.4502363064187656,-0.45142402035607226,-0.7744831909821127,0.9425220604455804,-0.13457631201201734
1.6644890753699,1.6626512312620105,-1.1934923089503635,-2.1689669045661457,-1.4357071325297504
0.1463721382415799,0.1469935594616289,0.40502953957625126,0.23171749379583367,-0.05450260514597217
0.42667607803322133,0.4281755776508025,0.9774962613111873,0.9466242920008973,-0.061161128601424704
-0.6810186071882707,-0.6805151479519934,0.3264758205523128,0.36575172618343366,-0.3242449842078488
0.6792041314536718,0.6798240225123968,0.4051448200562873,0.09998716923281636,-0.20297504685725562
-0.016589277278016318,-0.018200037613801345,-1.049103293429193,-1.3213932844919212,-0.03407290784114401
1.3150470951046571,1.3173819133382285,1.5233829041863556,0.9439999216429832,-0.4257408512243858
-1.1343275994266957,-1.1341404602220044,0.11951450323649242,-0.5404525367001719,-0.0674377042344552
-0.7324526684818229,-0.7324075513966001,0.02785580780855216,0.9450577591316505,-0.06931736871487876
-1.344508470320181,-1.3422354017720026,1.4776164107613765,0.943822578299295,-0.08732906563208975
0.5725572115806575,0.5713836431572132,-0.7631361347606683,-0.5257065932368239,-0.18417238712668232
0.7230250317202854,0.7220701060856791,-0.6204227574437395,-0.4867175035626082,-0.058030359442831116
-1.6649163358980918,-1.6634225449420192,0.9694137711495503,0.2349361199194404,-0.09143726032050367
-0.10817448967036959,-0.10944860467749222,-0.8300413826773183,-0.5450027935448067,0.06466812291288405
0.41329753565689914,0.41437614142033125,0.7033452804210321,0.23221218838612223,-0.057931113158264734
-0.29282028292020107,-0.29354412594137375,-0.4720412089157185,-0.6823100995738122,0.08271891685128781
0.9370720071780427,0.9392125269758679,1.3960499713855659,0.23418318853044764,-0.27840523059086253
0.8808963619780166,0.8791705284981094,-1.1221762613037582,-2.1689669045661457,-1.4357071325297504
0.23857859215189023,0.2372937963322067,-0.8362740996840767,0.22304167074539685,-0.04085172982334378
0.9887907234241264,0.9907044254770441,1.2484342452286397,0.9444992831633687,-0.30833550404554344
-0.6989647863548991,-0.6987965294423077,0.10812516322063596,0.9433372175692004,-0.04088481191819918
1.2292537666938859,1.2307586754235207,0.9826938824587867,0.23928725441326712,-0.07077899581485611
-0.24217113150074782,-0.24380003546057766,-1.0613907355243395,-2.1689669045661457,-1.4357071325297504
0.7697710581066064,0.7689272486104874,-0.5479566191592525,0.9687082052201914,-0.08505843093973803
-0.009299586063263835,-0.00952743954775108,-0.14841761716061383,0.9599234871341561,0.07665887856640216
0.7747641877027935,0.7733604491516444,-0.9126212046124548,-0.5424390932781542,1.708794102891978
-0.9132118128075124,-0.9123864366471858,0.535651894451131,0.9490417617911752,-0.05193723906308989
-0.347776617532496,-0.34757409665707456,0.13117368814304078,-0.40588471863814124,0.06741995171222419
0.4687825639050451,0.4685416402991281,-0.1559324188121353,0.23284066830585992,0.06702898150029603
-1.655333983303999,-1.656159723767985,-0.5412489237186404,0.24675434256856504,1.4510996212838243
-1.043573430803226,-1.0438707024542504,-0.19578703780552448,-0.5450183499784633,-0.05751909070415589
1.1020889694039984,1.102013447691934,-0.04688665569201285,0.1603850229056176,0.08353093190683111
0.8823850575399539,0.8819864935120525,-0.25773865349638636,0.9481908248701442,0.11360255613043996
0.23488630332130433,0.23493081758270531,0.029481733984228174,0.943827245229392,-0.1637847943062157
-0.4101859945553029,-0.4114584916034841,-0.8296178304799119,-0.47269026733420755,-0.0698105926745419
-0.5728688612274048,-0.571347780986252,0.9894657178443012,0.9454233353225868,-0.20649377876460862
-0.31700225347806804,-0.31735874628211425,-0.23284092682172997,0.2315681520327279,0.06732371289082657
0.1758961944353076,0.17604840463355434,0.099499697712509,-0.5432853632690882,-0.08089008698795065
-1.652606674457617,-1.6506627829954759,1.2625844598884337,0.23883922912394914,-0.07076696596218139
0.9012181715484034,0.9018363098803015,0.40446656513781,0.2361713007517959,-0.0624844123956429
1.3041286976005324,1.3059367350713673,1.180274197142675,0.23405718141782697,-0.06212050935223278
-1.0608591879585236,-1.0598057514557384,0.6838767358086445,0.9443654978339197,0.1989393235416711
0.985698373505817,0.9893898339012782,2.406260246175855,0.9468716392960416,-0.20458103218932946
-0.5260493060537723,-0.5273213469992006,-0.829562547275731,-0.4845893834383482,-0.2971056365737008
1.2890497316380705,1.2887542932379947,-0.18972559873626704,0.23283289008903144,-0.1634449509681552
1.2565726863683082,1.2553041090274222,-0.8235869614512092,-0.42676767517912456,-0.15732175595672734
-1.2436854081872102,-1.2421872132194303,0.9731610295786782,0.9442628253717844,-0.0901079615999481
0.4312268770288729,0.43227954066892676,0.6864869030096596,0.2207999886554417,-0.04279755849347831
-0.6729123876658674,-0.6745231459744799,-1.0504715170200054,-2.1689669045661457,-1.4357071325297504
-0.31919820572580404,-0.32080960995189445,-1.0501541028605998,-1.3862667241278044,0.07745585630610198
0.1954142842836919,0.19369068017137736,-1.1221546908545819,-2.1689669045661457,-1.4357071325297504
0.4665896966232687,0.4667716554693742,0.1194812190334585,0.165042619142485,-0.2041720171983894
-1.5817114439535105,-1.582008737131656,-0.1969239861829807,0.232426867170587,-0.19544736654605524
1.7841000976114099,1.7871954642916261,2.0196976549901002,0.9452522145523615,-0.0717624362710138
-0.8779736791366215,-0.8787865968635757,-0.5312755194129667,0.23381761233951118,0.07086951196669761
1.6282997108147819,1.6275724321707825,-0.47027000362207866,0.16826435655282287,-0.15802850980136657
-1.0353604861541563,-1.0334103105994306,1.2679652155780479,0.9438645806701681,-0.06966322697927663
0.37599095259870013,0.37481469848517884,-0.7652954652888285,-0.5503013148483367,0.05433447946530729
-1.5644550269849518,-1.5656427402742978,-0.7768077997201883,0.9432267668902364,1.3569870763463912
1.5962760263519644,1.5975405769133497,0.8269173839802977,0.9460984845432948,-0.05495673208444238
0.38169948766528117,0.38051975151315676,-0.7675513628609844,0.2453013716650133,0.1063665997466012
-0.36155450979413817,-0.35885638617244764,1.7565007481645374,0.22149691688326953,-0.13663943174573032
1.0687417161028694,1.0706704099929183,1.2583650800385875,0.9445101726669287,-0.03893597578489605
0.14067922606553337,0.14722111319143974,4.260945320888607,0.9433092159886183,-0.1851798872881893
0.21953587636595076,0.21881225723285086,-0.47082626407965045,-0.4185616564251253,-0.17005234754974025
-0.985134488756935,-0.984954638150607,0.11507884749225429,0.22170226180754024,-0.041026162687127096
-0.8988419334541339,-0.895604401056196,2.106689990863073,0.9210386255654418,-0.16967641465365557
1.0733508833563532,1.0733940862373534,0.030377264751695485,0.24631565113944145,-0.32790506688412974
-0.6221554727814008,-0.6203232458325646,1.1920089500466693,-0.5254374669345601,-0.08865234942630795
1.3966835337665886,1.397310978617594,0.41156167155965845,0.944631512849452,-0.04418700647740732
-1.174608269306446,-1.1762360299618064,-1.062591823846698,-0.7246624902046434,1.3565088897025714
1.797504564668611,1.8010778427410719,2.330983521218865,0.9425749523200135,-0.08901925993288667
-1.6079445174630027,-1.6081876963223332,-0.161734726789961,0.2465381081407347,-0.3299952537863608
0.4927689612199268,0.4911358908387931,-1.0625706819494918,-2.1689669045661457,-1.4357071325297504
1.3870200438260536,1.3857244025460052,-0.8409411734923279,0.23518813414468173,3.2121497543347726
-0.4479065412227461,-0.4479599934759173,-0.03574744717620945,0.9478968082740297,-0.043934379571238476
-0.24535831697944005,-0.24576299290178194,-0.26407250876815785,0.20045995164908303,-0.16967641465365557
0.017557919869609084,0.016622926826789314,-0.6089129943242021,-0.6144140448783989,0.07150107923212007
1.7000440772670935,1.7010722355751045,0.6731745074519869,0.9447684094656329,-0.1866324919986607
-0.7859379847271005,-0.7867779196531138,-0.5486794434826511,-0.5462799767480357,0.07384389304051997
-0.603891385514768,-0.601760689403997,1.3864364078843665,0.2220927282923277,-0.1360138794066454
0.020846747354732017,0.02136021696073804,0.33446002946207287,0.9434383343879704,0.059456189241565545
-0.2505098199326058,-0.25144242138312656,-0.6079147539344968,0.23864477370323836,1.5940293083752348
1.677607887958759,1.6780035150623136,0.2611677858293225,0.23420030060747016,0.06610268284434336
0.9284423208053427,0.9272656677344099,-0.7644025058331836,0.9435441181368367,4.581586078339514
-0.9703306631548706,-0.9721602321363686,-1.1936008754495302,-2.1689669045661457,-1.4357071325297504
0.4635193891321957,0.4632520550740562,-0.17314420874842615,0.9454031119588329,0.07136875085269812
-0.973796788557794,-0.9747378808389388,-0.6149540057495373,-0.5405349857985531,-0.19858415063098603
0.6148393027515604,0.6134533361143718,-0.9013802864290114,-0.5453139222179441,1.7032363109562614
-1.247927958217655,-1.248765614132029,-0.5481591813905923,0.09702211297781682,-0.18562198437398497
-0.7677067242180491,-0.7664463656246036,0.81925430334702,0.23730692040874735,-0.1886144102268194
-0.2891170553464698,-0.2898663658907596,-0.4886201704423937,-0.4256304998788076,-0.18411223786330871
1.158737033766974,1.1610797939912638,1.5282292555688883,0.9445008388067346,-0.04105022239247654
-0.43526331545260494,-0.4369845438031924,-1.1219234156412257,-1.3906178586216311,0.06904398182331013
-0.09195145316980019,-0.09198531976072175,-0.022248774362072104,0.9690597806208368,-0.04053293872746395
-1.0793425883394987,-1.0810618182372418,-1.1219658422862948,-1.3956005843219268,0.059411077294035414
1.4177860509456768,1.4163970897082478,-0.9016551310926909,0.23443364711232337,3.2106911346979636
0.8104451485517485,0.8117212184087663,0.8327799749352923,0.22196827682307263,-0.1842896781902608
-0.8359039079787673,-0.8366338318407308,-0.4771348347851687,0.9442861600222695,-0.04016001329454787
-0.5924770972247102,-0.5932077354317905,-0.47709212243878607,0.9427678520973588,-0.18169123001252313
-1.0064671038193829,-1.004549182902861,1.2470184523691132,0.9426138434041563,-0.2805405294406237
-0.6922110472742912,-0.6908287540215674,0.8988264047032721,0.9453439975109368,-0.06504075608901888
-0.06543616548283497,-0.066385012569574,-0.6181091482062372,-0.5412879171875459,-0.04842452208207427
-0.5738544695773063,-0.5748143624688535,-0.6263640591106298,-0.4867361712829966,-0.16813057858495514
-0.9658772087082699,-0.9662577145025981,-0.24983429810377644,-0.42250365671377643,-0.16227504779553947
0.22435287272043059,0.22272209634663884,-1.0616367243553457,-2.1689669045661457,-1.4357071325297504
1.0551598594452678,1.0534430175091278,-1.1159565437067684,-1.3237843083449823,0.19825061447604414
-0.8149039296725021,-0.8165310264827139,-1.0614088775577528,-2.1689669045661457,-1.4357071325297504
-0.2431443232190834,-0.2411954025496105,1.2688010347709737,0.9461778223549449,-0.05641835918441989
-0.7970789989898821,-0.7986892370860151,-1.050391806353512,-2.1689669045661457,-1.4357071325297504
0.018081896676951984,0.02177621292391581,2.4061011105441823,0.23678422423787665,-0.06676403248467137
-1.2239359901978002,-1.2181586471719748,3.7601594873777384,0.9495193443044408,-0.06655050259969512
0.13189307522023086,0.1328520534752631,0.6248461303479904,0.9433947763737313,-0.23176549177100778
-0.6393538651922095,-0.6370056815384499,1.528009408408076,0.9490806528753172,-0.15756836793655882
-0.1824725227304411,-0.1809821342854118,0.9702911598836041,0.2303314155570065,-0.32328861092020933
-0.2834290005935404,-0.28471139705043996,-0.8358006926074478,0.23885945248770313,-0.06584675621822467
-1.058871650659212,-1.0605909729036949,-1.121983270066424,-2.1689669045661457,-1.4357071325297504
1.7027966124273715,1.701170480843165,-1.05552657321212,-1.3215115133877136,-0.16880425033473898
-0.17546206600865677,-0.17709120519565877,-1.0614047348887057,-2.1689669045661457,-1.4357071325297504
-0.007270003079655839,-0.008452192309602372,-0.7699606820385413,0.17249259522076038,0.05442771082353631
0.05638438175995163,0.060376371701801136,2.600052304292114,0.234102295075432,-0.1999224717410477
0.0635096459340791,0.061906539744923425,-1.0439510987904554,-1.323308281475082,0.07542581866724454
-0.8048096723252046,-0.8065299063943803,-1.122046981459356,-2.1689669045661457,-1.4357071325297504
-0.593970984917056,-0.5939265900760291,0.027674387474418576,0.9415871187828023,-0.06654749513652652
-0.9764515749321021,-0.9768546577213738,-0.2645604866117803,0.94303075582616,0.07492357231807528
-1.4441633754922323,-1.4455514175076956,-0.9070284585481518,-0.5506264443117654,-0.037323975526484664
0.0037548131382347505,0.003243697146185077,-0.3328758133616844,0.2327955546482549,-0.16527649603787986
-1.1716388729930387,-1.1686350500060536,1.9539086421056702,0.23868055350064898,-0.19294816465288395
-0.8044942354880135,-0.8021229175614214,1.542731882799003,0.1653708598926449,-0.07958184050957594
-0.919296172837693,-0.9204683846143645,-0.7653656049613163,0.1720010119172033,0.056006628987092126
0.8058179459270626,0.8055199976273734,-0.19236862158834567,0.9446548474999378,-0.06809032374205817
-0.07552910023185774,-0.07578528871484363,-0.16701005869485847,0.9449239738022013,-0.07091733912061525
0.09185803969584752,0.09234954101539251,0.3203005295095872,0.1030751213137051,-0.1895978506829769
0.7514282001328987,0.749593064280905,-1.1936337311005938,-2.1689669045661457,-1.4357071325297504
0.2683925919365584,0.2694634055153816,0.6979679531471809,0.9440745925245362,-0.08929594654440513
1.5337197316911346,1.5333292128133158,-0.2511398102562544,0.9465605106229041,-0.0630678602503663
-0.2496043250669996,-0.2479069560007583,1.1049550455406163,0.9683488516027179,-0.18357991688245281
0.5078188526119868,0.5071024353445592,-0.4655342186479077,0.9432283225336023,1.713413566319067
-0.7913900201728512,-0.7901131048178057,0.82998810169883,0.10092988911242257,-0.07446313819648628
0.36896536627386356,0.3702258834597392,0.8217294766773608,0.9444495025756667,0.10275162901785044
-1.6561240684196066,-1.6575123670102792,-0.9076378594500526,0.94649361795818,4.587288228507328
-1.4336991643771269,-1.4326650401026508,0.670520913651305,0.24665322574979542,-0.37906502284650706
1.07255903170567,1.0718130022718344,-0.48364182505297953,-0.48392512372119983,-0.06820159987929927
-0.6045977484048833,-0.6048441471976442,-0.16173815520572415,0.2448175665782847,-0.08602683408005239
0.5037910975861223,0.5053085041053165,0.9893197244730536,0.9466585161549423,-0.0690707567350471
-0.14510381659519442,-0.14448160626331447,0.40493525814276454,-0.5447336672425426,-0.07302857826502715
1.190935211274169,1.19230175621191,0.8924992634123701,0.23197261930780644,-0.06768732367745545
0.19348149399884312,0.19186834715735887,-1.0502192427600998,-2.1689669045661457,-1.4357071325297504
1.1681567087472813,1.1681047664775546,-0.03139178779977828,0.24616630937633535,-0.18464155138099603
1.3528003149942267,1.3549418869994307,1.3976027580249615,0.2460667482009316,-0.18434982745363424
0.7849882621284953,0.783375420506322,-1.0487861649711012,-0.599876557626053,1.597752547778058
-0.29789649537637936,-0.2997272214817277,-1.1929513335130693,-2.1689669045661457,-1.4357071325297504
-0.7481231896627207,-0.7497313476062388,-1.048934872504828,-1.373580452480626,0.10198171844666916
0.3974997610010195,0.40018564725269523,1.7501146095523776,0.29664693659288166,-0.18522499923571942
0.9028400426671507,0.904760463525172,1.252630768973398,0.23755271206052606,-0.15854880092954776
-0.5375976305765321,-0.5392275841795159,-1.062690819351859,-1.3234607345249194,-0.2803269995556476
0.7423090705860216,0.7417937281198964,-0.3340873297819892,0.9464842840979852,-0.16222993584800935
0.010526393477362816,0.01234547302931873,1.1847664217470053,0.9443141616028516,-0.0673625176552381
-0.7147633890055529,-0.7159363475572931,-0.7654251736852012,0.17174277511849906,0.055964524502730595
0.6149515152353812,0.6150138270933271,0.04186617167534056,0.23590995266636056,-0.036487900765592246
-1.5224947244130047,-1.5224370528742495,0.034383797122912244,0.23738936950712888,-0.06523323373181429
-0.22907608883232772,-0.22734773901327796,1.1251752703090754,0.944676626507057,-0.054577791725189104
-0.7553506505449435,-0.7561932714126063,-0.5503649383822119,0.2967916114258904,-0.18604002175443116
-0.002281706560249167,8.869293717897762e-05,1.5438076910953498,0.15794888539495167,-0.06444828584478936
0.4673016694795658,0.46648450407302317,-0.5312348069757792,0.2314763690741523,0.0674169442490556
-1.207136412930256,-1.207818161078443,-0.4465332242352205,-0.5432324713946547,-0.06640313690443002
1.4172821552598032,1.4159857737100743,-0.8413601544687167,-0.5451925820354204,0.0689387206124064
-1.64347867736088,-1.6451961737128902,-1.1220139829576357,-2.1689669045661457,-1.4357071325297504
0.18675841002647647,0.1860336882484742,-0.4716127997959809,0.10372849152729381,0.19284018823559287
-1.031216965834047,-1.0319394811874327,-0.47271732107434394,-0.549430154563552,-0.041492319478272026
0.14373434977747201,0.142798681592579,-0.6090894148853476,-0.481160745460374,-0.057771717610324735
-1.572062538784499,-1.573248614485996,-0.7757571331394382,0.9443048277426577,4.583056727828997
-0.9131521794175327,-0.9125339653223163,0.4007298776572849,0.9424240549135422,-0.08755161790657195
-1.3735693977813297,-1.374729751877819,-0.7585907697120091,-0.5254016871371491,1.4035817032187157
-0.9926980729661828,-0.9908790121443504,1.182660803065801,0.23838809254790003,-0.16841328012281082
0.33724130449639284,0.33562756041004915,-1.0503082387192852,-2.1689669045661457,-1.4357071325297504
-1.2462853560837919,-1.2461959964046958,0.05559826246268617,0.247197700927786,-0.04021715509475272
0.022175221870160633,0.024397229112100648,1.4472126483710936,0.9442534915115903,-0.16266601800746763
-0.6008168139054426,-0.6013301166121078,-0.3355615485601457,0.24612275136209624,-0.18267166300551205
-1.5873185414351523,-1.588477993548515,-0.758449347561779,0.9441352626157982,1.6943221901243006
-0.70730299202742,-0.7072191166581986,0.05315108786107784,-0.5247498725669263,-0.08689899839896882
1.078460215384159,1.0770637345972074,-0.9072605908654489,-0.6832201509427392,0.13541869395602835
-0.5138923568987213,-0.5148444482174954,-0.6211578669236226,0.9448539698507452,0.05621113648256225
1.1523545587696122,1.154293308898161,1.2650890604540743,0.2218391584237205,-0.04028933421080106
0.2862441994044495,0.28542666875965533,-0.5318504933065791,0.23579327941393396,-0.0636483006419211
0.5472045382246937,0.5453710737538492,-1.192971332605021,-2.1689669045661457,-1.4357071325297504
-0.186058299848643,-0.18553597207228695,0.33979750140267756,0.9451184292229124,-0.07119703319530232
0.732031544765759,0.7335477659899515,0.9890240236134813,0.9450950945724266,-0.06935646573607153
1.5185312069955197,1.5166938239487626,-1.1934965944700677,-2.1689669045661457,-1.4357071325297504
-1.2084525326669735,-1.2097319721973654,-0.8358051209778086,0.1723696993948712,0.06508315283016167
0.12930093942692542,0.12903416908277093,-0.1734744794669435,0.23733492198932982,-0.06738657736058755
-1.6132857533897895,-1.612239503952239,0.6780431435369801,-0.04303245923499229,-0.4689490745687792
-1.6856319992231896,-1.6847055843071295,0.5998454083497825,0.2470094680805378,-0.08908542412259765
1.3532493217550103,1.3516248198377012,-1.0551945882857212,-0.6644668701693812,1.4728826770145573
-1.4646107290299804,-1.4658894443509052,-0.8358679752667996,0.23647620685147036,-0.06457459929787394
1.5404429659089103,1.5428244843301533,1.5542685018420188,0.9465994017070463,-0.06709786089639452
-1.1355371756472559,-1.1347283030437474,0.5244394035483906,0.8952725044995663,-0.18320699144953673
-1.4503111498326355,-1.4515975425336447,-0.8408383210194332,-0.5265217503604439,0.05648481563091195
-0.6774984906039949,-0.6756578068565492,1.1974012766394846,0.9444572807924956,-0.07247821250515898
0.052889507281790024,0.052641191441045204,-0.16161473223825057,0.9442270455743734,0.19910172655277972
1.2575361316559732,1.2598675951707006,1.5210780088389182,0.2458380686261754,-0.08801777469771706
-0.15150211144714543,-0.15322454615327175,-1.122116978281187,-2.1689669045661457,-1.4357071325297504
-0.7522360855816796,-0.7516032761419735,0.4105714308067341,0.2353825895653925,0.1953814946131255
0.7095385045685583,0.7092793794271584,-0.16728447480656766,0.943942362838453,-0.05791006091608405
-0.43430961549892877,-0.4354718877386003,-0.7578800876944385,0.09477887524449577,0.20883086990345254
-0.4576977336198003,-0.4570805104946272,0.4010348638095488,0.2461880883834549,-0.13611914061754915
0.7501113464967074,0.7487110495669651,-0.9104311611930829,-0.5436742741105097,-0.18959484321980832
-0.43838078640335537,-0.44001103573889855,-1.0626763914355224,-2.1689669045661457,-1.4357071325297504
-0.35799179896531974,-0.3588961528245114,-0.5897417219286114,0.23705646182687193,0.19997389087169629
1.145332990028955,1.1455304318352673,0.13098141115899056,0.24561250033815069,-0.08721478203168005
0.5254210051043864,0.5284525839646014,1.975526946252213,0.9437696864248618,-0.06314605429275201
0.7817099316430807,0.7820888269083798,0.24840107978061848,0.9433978876604624,-0.06907977912455322
-1.0277847535617157,-1.027204934503935,0.37548445248398177,0.9454544481899008,-0.05614167257290143
0.5640916100838543,0.5622570722549172,-1.1936351596071617,-2.1689669045661457,-1.4357071325297504
0.280457407974567,0.27906335234452506,-0.9073463012595276,0.1686423778906848,0.06799136971427304
-0.6183780325295748,-0.615141203294898,2.10681727079828,0.9194332016120526,-0.18510770817214114
-0.7456445453035746,-0.744132260461598,0.9833768514489384,0.9459164742695095,0.07723631149478853
0.49290612650519805,0.491291963076601,-1.050256526781524,-0.6087452804538354,1.5806070002534258
0.5862811786811928,0.5875299907033208,0.81455951651135,0.9677343724732713,-0.041429162751729816
0.6282780509857725,0.6306638985342025,1.5551846031040648,0.9474970079290481,-0.06655050259969512
-0.6744239619845969,-0.6738193373179322,0.39237739975429936,0.10249797762503533,-0.05258384364435567
-0.2378661010943184,-0.23902930979842726,-0.7580800786139559,0.9436436793122408,0.20913462368348873
-0.1271204410519412,-0.12487518689769572,1.4620415465013352,0.944771520752364,-0.040277304358126334
-1.5550089149540194,-1.5543632650547945,0.4172591271553944,0.9464189470766269,0.2018234807204332
0.2563488681606569,0.2546254166835541,-1.1219281297129,-2.1689669045661457,-1.4357071325297504
0.5277873606506568,0.5274004726906734,-0.25087410803460997,0.9442534915115903,-0.08894106589050113
-1.3967408205673633,-1.395665981862731,0.6971148490247823,0.9437447961310107,0.06089676409936221
0.1639463435524878,0.1625530893608745,-0.9070674567774577,0.1708047221689899,0.05754344266628641
-0.45724501897778347,-0.4579779019544349,-0.4782719260132817,0.16153153206612897,0.07640925912340207
-1.518555986173123,-1.5173164804716637,0.8041062768494913,0.22196205424961005,-0.03819914730857001
-0.1666308799244166,-0.16757405604328937,-0.6146268777454698,0.9438241339426608,3.2298246153770913
1.5877524002974115,1.5888118923060242,0.6933474486530458,0.14773297541248454,-0.04046376707458438
0.7094288372639057,0.7124268279613053,1.9540353506382504,0.9472045469762989,-0.06859557755439605
0.3438853495133116,0.3435094635067163,-0.24409241595377637,0.22187649386449704,-0.042090804648838916
-1.5470955379368692,-1.5480353439319992,-0.6153125608981006,-0.6141511411495978,-0.05448756783012868
-0.37109856932978624,-0.37148240337415633,-0.2507608274637691,0.22206939364184225,0.056238203651080294
1.1198761483503203,1.12203278135469,1.4069257632902332,0.9433434401426634,-0.08984330484110437
-1.6624102593592371,-1.6632573766350034,-0.5551861480491482,0.23248131468838606,-0.06648734587315291
-1.4578488488415497,-1.4594567053476242,-1.0502195284614135,-2.1689669045661457,-1.4357071325297504
1.2786067851834544,1.277659266588138,-0.6144393148330938,0.9437696864248618,3.2336651458434926
-0.4282268011321051,-0.4289210340690414,-0.4530390716977768,-0.5405349857985531,-0.05746495636711963
0.33284488474253143,0.3315795242568388,-0.823419397630785,-0.6836495085116687,0.0754739380779431
-1.1808860550572717,-1.180691788956388,0.12405901118121095,-0.4764207001251254,-0.08579826687923282
-0.25926225307601647,-0.25581283599457116,2.2460225216855614,0.9435176721996205,-0.3261517158567906
0.4249218328127385,0.4246737916978912,-0.16065948989624168,-0.5413797001461215,-0.06210547203638946
0.6361912172206768,0.6344663320453735,-1.1220692661618166,-2.1689669045661457,-1.4357071325297504
-0.43220427351585977,-0.42874155191677216,2.254326716066549,0.9458495816047853,-0.06655351006286389
0.7293152080016496,0.7302654012392031,0.6203711906731328,0.23125857900295607,-0.05884237449837409
0.9313367328153265,0.9319412258464981,0.39564239436607684,0.238403648981557,-0.1680132875213767
0.5715027693383152,0.5714490258018193,-0.033809963718056724,0.9481939361568753,-0.03333307190164938
-0.16393329466473813,-0.16510435908913307,-0.7630421390284952,-0.5504226550308603,1.4547416591810929
0.19816197890975312,0.19764741829426186,-0.3347135870613921,0.10363048599525564,0.08153999128916628
-1.6303913695893364,-1.6303326838204066,0.03481920592483285,-0.5389482295655526,-0.06289041992341439
-0.03387926367708466,-0.035263569031116805,-0.9016519883782412,-0.618783847092614,0.06555532454764396
-0.5054360037197061,-0.5039790953959511,0.9478120376791965,0.943181653232632,-0.07190378703994155
-0.0557916891536855,-0.056048191794277266,-0.1671734798462355,0.23834142324692947,0.07778968471782513
-0.8085092369816571,-0.8078850263749614,0.4048536904177327,0.9443826099109425,-0.067019666854009
0.8174667732231784,0.8197258349825207,1.4730053344105902,0.9436639026759948,-0.04011490134701774
0.548524481871581,0.5476915781525488,-0.5413154921247084,-0.5014276672285455,-0.2787811634869472
-0.17192387654666041,-0.17353605377968606,-1.0503502368123838,-2.1689669045661457,-1.4357071325297504
0.7242180416846096,0.7238290813619164,-0.2518139225056847,0.10234708021856367,-0.033745094355758225
-0.33203375702538845,-0.3322985924016721,-0.17317692154883293,0.12121081167088549,0.10379221127421315
-0.8537940173133218,-0.8538482723343883,-0.03711724212424655,0.9460860393963696,-0.05802133705332499
-0.5391370215716165,-0.5395405761681266,-0.26395522837892654,0.23810807674207626,-0.1957962322736219
-0.7567421713241756,-0.7572156434028964,-0.30994571163376516,-0.34969643591288907,-0.30034166694319797
0.5743126105104149,0.5758143149775318,0.9792403249800354,0.943901916110945,-0.08544338622532884
1.036157128678485,1.0344311456177457,-1.1219497001620764,-2.1689669045661457,-1.4357071325297504
-0.7698995423684799,-0.7704110219841951,-0.33472701502313107,0.9513052228882498,-0.02236485372548156
0.34525879763415945,0.3457223534952489,0.30262876045840653,0.22215650967032083,-0.18608814116513006
1.355569900924769,1.3546219686099732,-0.614548167033574,-0.5490505775823246,-0.08930797639707985
-1.1466522876014678,-1.1451449190099514,0.9793381776799422,0.9435752310041506,-0.0890613644172482
-0.8571767341417537,-0.8566047846626629,0.3707150976054633,-0.42317102771765625,-0.16619978723066395
-1.256496499314818,-1.2574276650041365,-0.6090788439367446,-0.5452392513363911,-0.046589969549180835
0.7689605396153286,0.7722139706834824,2.1205247912726564,0.946327164118051,-0.19436768726849996
0.6753185882041407,0.6746013800664894,-0.4656997825591367,0.2363595335990441,-0.05593415761426271
-0.3720898047541061,-0.37248444141329823,-0.25779850792158476,0.9440481465873193,-0.038851766816172986
1.504771904587408,1.5030441090920277,-1.1221522623934161,-2.1689669045661457,-1.4357071325297504
0.8339719769632392,0.8331344505970132,-0.5437305253285373,0.0841258294762706,-0.300501062491138
-1.0635401784482388,-1.0648277405940099,-0.8407928945105714,0.24683834731031215,3.2346726460049995
-0.5498912859458442,-0.5495057333234339,0.24995829479037476,0.24689435047147712,-0.08945534209234496
-0.8093911766571245,-0.8105423116887555,-0.7514092386427976,-0.5435980475855912,0.07443937074791826
-1.0848121088415146,-1.0852146681035606,-0.2644456346837145,0.9451775436708085,-0.15829015909704153
0.5165405369905287,0.5161528836122603,-0.2513960843345503,0.9447637425355359,0.06816881004122512
-0.9478754856781685,-0.9478301797910847,0.027529251207111707,0.22569404268389345,-0.09548530574554397
0.5069414424517722,0.5052167989880031,-1.1221815467780598,-1.3925608571853743,0.06528766032563162
-1.1435383376573682,-1.1437809457647394,-0.1603939305252539,0.9485781800682005,-0.06315507668225796
-1.4974157556416,-1.4982460931158934,-0.5439133741692389,0.22935136023662378,-0.055756717287310624
-1.629867082640375,-1.6308085632444915,-0.6165759321068232,0.22278343394669262,-0.04016302075771647
0.9730532452120549,0.9767336435699934,2.3990292887793916,0.9438396903763171,-0.18476485737091186
0.34911129961514487,0.35061884118084247,0.9825720308485378,0.9449519753827834,-0.06654148021018917
-0.5771091580153823,-0.5774009339654591,-0.1912343873733687,0.9685137497994802,0.0562712857459357
0.09005709578944256,0.0906610538599484,0.3935384898927543,0.9461171522636835,-0.04544412608191471
0.3490405428008014,0.351286796352859,1.463686043262395,0.944586399191847,-0.06577758456534492
1.6806852159681704,1.6808334214895573,0.10003153070776848,-0.3414390809278218,-0.32247659586466637
1.5381060027514337,1.536817145745198,-0.8362073884273519,0.9451448751601287,4.584680757940084
-0.7394544412382837,-0.7384244953481689,0.6692482571498908,0.2313908086890393,-0.15690071111311235
-0.49633334589509276,-0.49571612027610534,0.4009558673963394,0.9434118884507534,-0.04168479712106743
-0.7202308547645108,-0.7196269891912929,0.39178742654172316,0.9440357014403942,-0.08694411034649911
-1.622869046498211,-1.621791961978693,0.6981056611803341,0.24530603859511033,-0.3281997982746601
-1.0481749465076515,-1.0495537304531317,-0.9001724841257833,-0.42521981003026615,-0.1838355512517904
-1.0551439407605314,-1.0559659345937988,-0.5375563770910661,0.23410696200552902,0.06227718969378526
-1.0288569517407322,-1.0306852621910987,-1.192903335692385,-2.1689669045661457,-1.4357071325297504
1.0661231722113391,1.064502109300923,-1.053553948492395,-0.6509887760490682,1.4989393379079814
1.6992880504827508,1.698879029865491,-0.26284427882100764,0.9442426020080305,-0.16506597361607253
0.2739457982542296,0.2767564156111596,1.8310926470728368,0.9491102100992652,-0.04582908136750535
-0.8480785876274748,-0.8487910236725562,-0.4657706364849085,0.0942406226399681,0.06581095891698158
-0.8903284791234614,-0.8920486188308614,-1.1221639761472737,-2.1689669045661457,-1.4357071325297504
-0.20798849968617322,-0.2069364165528113,0.684774980738591,0.9449768656766344,-0.06995495090663842
1.3363467287773878,1.3360858309424681,-0.1671310532011665,0.2312881362269041,-0.20017209118404797
-0.48886883197340747,-0.4904952776986341,-1.0603044991300465,-2.1689669045661457,-1.4357071325297504
-1.6219965988232317,-1.6224945066038248,-0.3276659070576005,-0.4239815179111792,-0.1609307117591406
-0.608063446101897,-0.608906212279084,-0.5501522337542395,0.14894171030762346,-0.16744186951932785
0.1523776027622942,0.156077846396477,2.4102417796821323,0.9471267648080139,-0.16229309257455155
-0.8133453838134137,-0.813738728663963,-0.2578779328867646,0.09322012059207739,-0.06110097933805109
1.1671952813541646,1.16558861444968,-1.043967098064017,-1.3179879811644322,0.2094564222425375
0.3328143737382816,0.33375434832202494,0.6128885304193908,0.23533436462105636,-0.06289643484975176
-0.6372570964096,-0.6344351127716894,1.836593968716789,0.24641832360157664,-0.1375837751806951
-1.461350532397795,-1.4629596458834562,-1.0510454909590201,-2.1689669045661457,-1.4357071325297504
0.40066931600343736,0.3992458878198812,-0.926225444061966,0.6045414271730369,-1.0853647405473097
1.4209687023030524,1.4198102460684878,-0.7515233763175793,-0.5483474267810338,0.10233058417423546
1.1547871885529555,1.1566066541808775,1.18740558763135,0.943022977609332,-0.1834355586503563
-0.910323309280502,-0.9112707564152346,-0.6189603952700973,0.24670456198086302,-0.1350635210453431
0.2548207677242458,0.25872538406393714,2.5435610121067036,0.9690628919075679,-0.08768695374916251
0.6708734077831994,0.6695978166591129,-0.8293771271232071,0.2458380686261754,3.23273884718754
1.396389780522342,1.396895220852944,0.332100993715709,0.22266209376416898,-0.03953145349229417
-0.02420440728749428,-0.024141221931294487,0.04110134925884339,0.9464967292449111,-0.19905030742213115
1.2306424907151408,1.229354721673975,-0.8361403914693137,0.9451666541672485,0.06746807112292309
-1.1619599101880418,-1.1635687732690687,-1.0502576695867785,-2.1689669045661457,-1.4357071325297504
0.8502920292276497,0.8489058697118139,-0.9010145887476081,-0.5454554857642214,1.5842159560558393
1.3416098517868549,1.3397730509401522,-1.1934865949240916,-2.1689669045661457,-1.4357071325297504
1.5256031693624867,1.5275235671870309,1.2539152820793265,0.15399910688947238,-0.17662666203646973
0.6298732641821756,0.6282412675035811,-1.0615852981188985,-2.1689669045661457,-1.4357071325297504
0.6790273287973811,0.6844660477112504,3.5435886063791093,0.9466865177355245,-0.1573638604410887
1.6129819040021547,1.6136079447585385,0.41109854973031895,-0.5431437997228106,-0.34416642023717037
-0.9009235414879275,-0.9012040586928919,-0.18457740391591992,0.9450842050688674,0.07032816859633574
0.47213452648519905,0.4727028429060988,0.371122793379965,-0.5254561346549481,-0.08744034176933085
-1.265290808814852,-1.2660209971362302,-0.478203071996705,-0.6069469567231008,1.5682162519984737
1.098243725482634,1.0970760284625796,-0.7582152153352869,0.9440792594546332,0.07532055745634081
-1.5438766059321885,-1.5429009375905864,0.632219366998625,0.2680106535173137,-0.07050832412967517
-0.4282460750957549,-0.4283175045801409,-0.047414774570195314,-0.482448818167163,-0.19401280661459594
1.1398322748512428,1.1384449882878322,-0.9011444399946376,-0.4238508438684615,-0.1593758533009342
-0.857127044585172,-0.8575090823444366,-0.2506051202478591,-0.539232912301473,0.05359464352581249
-0.19948365803650567,-0.19934137883879324,0.09224845552278009,0.24735170962098915,-0.0885140061205488
-0.17763648403151203,-0.1794685725838744,-1.193587733189105,-2.1689669045661457,-1.4357071325297504
1.0429192244745609,1.042190993024973,-0.4721120628414903,0.9462462706630357,0.20650910833723302
0.14812872970314833,0.14832995629215848,0.1313655365751207,0.9455446755051108,0.061835092607989604
0.695910255637935,0.6965294676258263,0.40473740998309904,0.09896822282829121,-0.06700763700133426
-1.0472306852557272,-1.0467156474117723,0.3332526557108152,0.22974027107804534,-0.061591195834545635
0.9541764843638517,0.9528894620461715,-0.8362309587857237,0.9444059445614276,4.583252212934962
0.7722984855051416,0.7705733932358622,-1.1219201300761192,-2.1689669045661457,-1.4357071325297504
-0.5983673680417444,-0.5978445639108217,0.3392473835233481,0.9461015958300266,-0.06559412931205565
-1.179439528227331,-1.1786026713975153,0.5425735801756267,0.9680315003561176,0.1991318011844667
0.850550085697992,0.855881939996414,3.474346893119869,0.9452226573284135,-0.08631555054424542
-0.1692638813723799,-0.16933972325055163,-0.04974809719833575,0.021506517077268236,-0.28112999222168444
-1.1276337130724314,-1.1293528830009998,-1.1220275537700315,-2.1689669045661457,-1.4357071325297504
-0.8863787468676705,-0.8879197702079468,-1.0054994160974806,-0.9980761455843441,0.20108965970727577
0.5038620864583389,0.5024764280097117,-0.9014111421708797,0.23438386652462134,3.2105948958765658
-0.22625702566280423,-0.22787006364097626,-1.0510242062111572,-2.1689669045661457,-1.4357071325297504
1.4806593724130006,1.4815052159940771,0.55397734810782,0.9449208625154701,-0.08635164010226959
-0.6011713011695433,-0.6015622559925883,-0.2558785950942181,-0.4217989502691201,-0.1643291451397465
-0.11138639304126614,-0.11213682991833428,-0.4889828682600042,0.9483370553465191,1.4499447554270521
-0.32912720496699377,-0.3309586221545495,-1.19346659583214,-2.1689669045661457,-1.4357071325297504
1.6454157981323465,1.6442203615517679,-0.7751398754514136,0.9504869544778987,4.595008386461324
1.108284739146908,1.106897803264097,-0.9009818759472014,-0.544364979764875,1.7050708634891547
-1.5939916123298004,-1.5947280744191517,-0.48297499818704587,0.1029071118302109,-0.16629602605206173
-0.2645539507883126,-0.2592279547509724,3.468204600578864,0.9489499788325999,-0.280648798114696
0.39024758661331954,0.3889625731018052,-0.8360993933308126,-0.49348299655998124,-0.061380673412738146
-1.1571389587602463,-1.1588584105355808,-1.122272685497097,-1.3923508453310065,0.06569366785340311
-1.269685427378492,-1.2712939567181791,-1.050265097820932,-0.6076905542518992,1.5826460602817898
-0.4338608756705003,-0.43323704422439685,0.405388523276785,0.9448337464869913,-0.039883326683029574
1.2425882049141355,1.2409563178516463,-1.0602353594121563,-1.3961295030662606,-0.1358544838587054
0.407967862265877,0.40725131900628164,-0.4658246340331783,0.22233851994410608,0.10464633081411748
0.9183548174827016,0.9185341883520888,0.11873839561810827,0.23253731784955067,-0.06346183792546306
1.4299283802353855,1.4295207218400652,-0.26251915072613524,0.2344709825530999,-0.0645535470556931
-1.2049018581404658,-1.2062943289845673,-0.9094136359647099,0.9433418844992975,4.581195108127586
-0.652879169916409,-0.6541609494380783,-0.836169818704614,0.943152096008684,4.580828197621008
1.3377726752762948,1.3359356430417804,-1.1936453020037943,-2.1689669045661457,-1.4357071325297504
-1.5904785307400633,-1.5894110114804445,0.6919435123980341,0.237971180125896,0.07408148263084532
1.4536840442494614,1.4519566058909055,-1.1220262681141202,-2.1689669045661457,-1.4357071325297504
0.15594182547667002,0.15431136698926148,-1.0615724415597867,-1.5086600772099679,-0.15916232341595812
0.21923458409220128,0.220495109874493,0.8214226334665585,0.9433434401426634,-0.1855046933104065
-0.006619180762968177,-0.007124205246996783,-0.3289301353702638,0.9465511767627102,1.7056934083650712
1.4467517144825233,1.4491176071231602,1.5438961156519078,0.22222184669167983,-0.040638199938367696
-0.9917169987375978,-0.9912284377603162,0.31612443340875135,0.9686273117651755,-0.04111037165584999
-0.088001787592264,-0.08917317074861335,-0.7630912796544338,0.9436234559484867,4.581739458961117
0.9927904413405901,0.9933921497552357,0.39395704231717293,0.2231287867738754,-0.08742530445348753
0.38851762828908576,0.3881335229053381,-0.24935246283839643,-0.5406018784632777,-0.06008746425020675
-0.4431576983793057,-0.44477710644031015,-1.055625568717281,-1.4452598318413903,-0.03659316197649599
-0.786967122571801,-0.7863813280965517,0.3798786815377485,-0.479073072063622,-0.3147624528370078
0.18938942779636372,0.18910183180691711,-0.1869125836025986,0.2455876100442997,-0.08713658798929451
0.3979433231752393,0.4038161139286941,3.825707796905464,0.9437416848442789,-0.181841603170957
-0.5757165023898028,-0.5721548695416286,2.3184469475782628,0.9452475476222645,-0.14860913515706775
-1.507822445575911,-1.50700555621922,0.5288837731826934,0.9462073795788929,-0.1369612303047789
-0.15339756783146957,-0.15257794703658492,0.5334889926565509,0.24635143093685208,-0.0867215580720169
-0.9628049901394575,-0.9604273065381642,1.5465474238420809,0.9509660926345302,0.0919969407266587
0.7566509437564267,0.7552553694465111,-0.90734173003851,0.16864704482078186,0.06989208643687728
-1.7049231132220195,-1.703866668274843,0.6844921364381308,0.9443483857568974,-0.061275412201834405
-1.6562700442272829,-1.6571093726070936,-0.5501005218164786,-0.543389591374589,-0.08144346021098742
0.1744772594619484,0.17422087336436415,-0.16661707653800686,0.2342703045589262,-0.058099531095710685
1.2050235890739212,1.2036375699893636,-0.9001829122237295,-0.5508955706140293,0.10572300262850402
0.35023274582664243,0.34951770685127426,-0.46496538733253756,-0.3500013420125639,-0.30883775039471273
-1.546179447370191,-1.546660119864043,-0.3162825667693293,0.947982368659142,0.20785645183680065
-1.6461826977301421,-1.6460515843271335,0.08195749420704421,0.9441974883504254,-0.16300886880869692
-1.3010470397625127,-1.3009190414896823,0.08064883934011662,0.9433449957860293,-0.13484698369719844
0.07096583121535047,0.06968200275455408,-0.8359938266954389,0.9451619872371515,0.06985298941568469
1.60513864728522,1.604189211078703,-0.6150068604925527,0.9470380931361698,0.07226798234013292
0.9436377394622146,0.9458682553338486,1.4546770237407654,0.9434398900313355,-0.1359687674591151
-1.0602396164676418,-1.0614272249865995,-0.7756874220189208,-0.4891676418635655,-0.16960423553760723
1.7182689704414977,1.7177609146705874,-0.3273050662985284,-0.4907435085930064,-0.1520045610745049
0.6137701551026945,0.6135310087940851,-0.15447234224900183,0.23088055766509413,-0.2019284496745557
0.581334165432881,0.5799499888875534,-0.9002843361900562,-0.551040245447038,1.692165839032359
-1.0955923088634392,-1.0968730575220074,-0.8364222358151764,0.16750364694700196,0.06108322681582025
-1.2646073580206563,-1.2642229279104022,0.24773582427190968,0.9434523351782614,-0.08610502812243793
-0.5900153871682191,-0.5894211460707819,0.385790841670652,-0.4025074168912343,-0.20542312187655926
0.05859449041529275,0.05964512130266684,0.6843854269975026,0.24592829594138546,-0.08818619263516302
0.4181334475794102,0.41808514517788425,-0.030586252946093677,0.9450857607122326,-0.05883635957203672
-0.32535292008810035,-0.3234033537246231,1.269050023465773,0.943912805614505,-0.05168461215692104
1.0845340141490765,1.085118215378863,0.38274626562231395,-0.4949997488415264,-0.07649016837217512
-0.7399845149385369,-0.7389631997437139,0.6636260838502873,0.1715327632641313,-0.18499041710856268
0.40846178384993415,0.4075160244684029,-0.6151092844134769,0.9448959722216191,1.706201669640578
-0.2246797636124395,-0.22295101333458067,1.1254452580504237,0.2335920440514868,-0.05791306837925265
-0.7399840712210725,-0.739920844903025,0.0396344158641837,0.22097422071239847,-0.18503853651926155
1.6463939729535355,1.6465806106689653,0.12499039746353466,0.29800345760776076,-0.19089406730867708
1.7492305986194339,1.7484919876698424,-0.47739825139630443,-0.501012310449907,1.3546863670223526
-1.4349466761378589,-1.4330135824539092,1.2560061871428805,0.9443592752604567,-0.1827257973425483
1.653754140451422,1.6523647730252373,-0.9014272842950979,0.23424852555180664,0.06788610850336929
0.3923365463633619,0.3924911458610183,0.10150746369380656,0.23811429931553918,-0.06480015903552476
-1.0075155399740698,-1.0091263257617515,-1.0511876273625342,-2.1689669045661457,-1.4357071325297504
-0.5327712154799097,-0.53326340405329,-0.32166817938127495,0.9435456737802026,-0.1384048126257442
1.214948845778732,1.2155251634191366,0.3778839149662197,0.2469519092760073,-0.18352578254541654
1.4287304755607624,1.429313410817767,0.382639984733656,0.22161047884896468,-0.4233529254684556
-0.9489555948811618,-0.9472556649007979,1.1051636074995412,0.9441694867698432,-0.23206323062470693
-0.32825010363237966,-0.3281137276442295,0.08813507086027839,0.9460191467316454,-0.20322466630025587
-0.5391988413064726,-0.5385677277574558,0.40991146077232665,0.27075791970111696,-0.08610502812243793
-1.316950635879239,-1.315874698201046,0.6979970946811674,0.9436390123821438,-0.0406231626225242
-1.4696886496777615,-1.4715156334871933,-1.1929591902991932,-2.1689669045661457,-1.4357071325297504
-0.18730842741485187,-0.18736457852488872,-0.03696139205767998,0.9466351815044572,1.7020032510571033
-0.8701377774259806,-0.8700916932381184,0.028198363683553954,0.9433076603452524,-0.08861024494194658
0.3459630459023895,0.3470323208172685,0.6971277055838941,0.9458698049685392,-0.05577476206632271
-1.6926715355601127,-1.6935009243639034,-0.5437029551517751,0.2346078791692805,1.4446035008394806
1.1648515863250042,1.1646014881648044,-0.16045521345702038,-0.5434487058224851,-0.05345901542644086
0.14988585612610847,0.15050070334607346,0.400755305074195,-0.5497272824463983,-0.03998858789393315
-1.5930235780867277,-1.5937442061461882,-0.4726604665129383,0.9447792989691922,0.2028791002926391
-0.23898700006158785,-0.2379322143157254,0.686470475184128,0.9445926217653099,-0.08575916985804005
0.039102468693769245,0.037837960731456594,-0.8234771092961315,-0.5462193066567738,0.2014655926033606
-0.7073965256071465,-0.7083387194891158,-0.615115569842376,0.9453004394966976,1.7011070270328377
0.5620662115993987,0.5637492792171392,1.0973343915524076,0.9476432384054224,-0.3058423170787097
-0.012974469676021236,-0.013939055266484,-0.6282499734816785,0.09610895032215831,-0.1850174842770807
1.6311186847144055,1.6351242057062823,2.6121508978189736,0.9449099730119102,-0.28152998482311875
-1.120172715551334,-1.1206630752009605,-0.3217027492402201,0.17116407578646375,-0.13469961800193317
-1.4525056884575056,-1.4530089295687503,-0.33078576540207116,0.22189671722825102,-0.18565205900567178
0.4036255163831772,0.4029095204605541,-0.4654772212358452,0.9482312715976522,1.6972304070084117
-0.5493841804916199,-0.5511051688843945,-1.122005269067571,-1.3927926480468615,0.06483954831349877
0.6934966078815411,0.6916619353182174,-1.1934528821690875,-2.1689669045661457,-1.4357071325297504
-0.5825406519526355,-0.5842617979746497,-1.1221771184076992,-2.1689669045661457,-1.4357071325297504
0.7737413454697488,0.7809469992335791,4.6945694895538725,0.9686319786952725,-0.04176299116345313
-0.30675963833018116,-0.30794965328193336,-0.7756824222459329,0.35689544850257715,-0.2991446966020642
-1.0520687203542414,-1.0532385237210597,-0.7640740921732045,-0.6073685360752022,-0.05335676167870588
-1.3448633991083827,-1.3433492123867774,0.9833651376950812,0.9449348633057613,-0.07345864549814791
-1.605391160338852,-1.6066501535562725,-0.8233169737098607,0.23331669517576004,0.07156423595866211
-1.2120953657535416,-1.2128259519613542,-0.47835120812780463,0.23202862246897105,-0.3199382969503023
-1.6974834884942387,-1.6959922833466365,0.9676617078439214,0.2403699821957854,-0.1570570991978836
0.07798358679331963,0.07713885571194655,-0.5500003835060632,-0.5457495023603363,-0.06952187621034889
-1.2477037060870684,-1.2453219003661342,1.5486376146523506,0.9458993621924874,-0.19744131462688852
1.7961878704899563,1.7947962468452834,-0.9025995167847832,0.2216804828004207,3.1860359516411436
0.3228170922356067,0.3255063604079127,1.7521613737629813,0.9431614298688781,-0.18241602863617443
-1.1106631672765426,-1.1122698519853917,-1.0487318817215179,-2.1689669045661457,-1.4357071325297504
-0.7289356640612159,-0.730087999792013,-0.7520233536163728,-0.6148947386783963,-0.0645535470556931
0.1073136627840741,0.10548165507656607,-1.1929404768631526,-2.1689669045661457,-1.4357071325297504
-0.20049993640952138,-0.19943892157473087,0.6906077159063149,0.9450064229005825,-0.07513981740943888
-0.8702019929719407,-0.8707039623757771,-0.3287424296072311,0.23667221791554705,0.06855075786364716
-1.2327580507926161,-1.2344769543151775,-1.1220734088308637,-2.1689669045661457,-1.4357071325297504
1.4622241459743321,1.4612760879906666,-0.6144074591366279,0.24702502451419478,-0.08847190163618744
-0.7591666503488964,-0.7609587646032219,-1.1687664316158353,-2.1689669045661457,-1.4357071325297504
0.3006807723660288,0.30262673311673144,1.2680080707750874,0.9422731575070706,-0.20771180134792305
0.11682868218512894,0.11851496434440661,1.0984989101066256,-0.48420513952702365,-0.18099951348372723
-1.4268927150395323,-1.4271319833008238,-0.15881000244267646,0.12612197777635942,-0.03710142325200262
-1.0040591401648624,-1.0049079401545353,-0.554908303521676,-0.5439262883357511,-0.15849466659251166
-1.3734849730214638,-1.3726547955065795,0.537818510362788,0.24628142698539637,-0.18394381992586276
0.44228249750373216,0.44486565413378326,1.6833015003093625,0.9437385735575479,-0.13598981970129595
0.4896932997282091,0.4891767610242137,-0.33539355618775113,-0.5010325338136608,-0.13642590186075423
0.019316332919680743,0.018920125495466577,-0.2580047842700013,0.9436141220882928,3.2109166944356144
0.7692282811021595,0.7679710944950019,-0.8171852521174586,0.23398873310973686,0.19674086796536788
0.6529978987930508,0.6531785148753358,0.11899566965100172,0.2387645582423961,-0.07126620484818189
1.2710556788006178,1.2694217675246828,-1.061494302250518,-2.1689669045661457,-1.4357071325297504
0.7878647841872863,0.7880449043366078,0.11895410010987363,0.23927325362297605,-0.07124214514283245
1.04549111727616,1.0445410357958453,-0.6165949312441773,0.9435363399200085,3.185825429219336
-1.5241132484588373,-1.523907387903667,0.13089412940768702,0.9444821710863459,0.05671639029490012
-0.3882557218980999,-0.388111122679922,0.09336554765894141,0.9439221394746989,-0.004160679165475167
1.5721662810653978,1.5710077005510352,-0.7512888155391169,0.23404940320099885,0.21050301942523705
-0.8680077774295348,-0.8689666065769985,-0.6262850626974203,-0.5438842859648775,-0.18440997671700787
-0.4190652931676676,-0.41891886445956866,0.09449278219173517,0.2471463646967184,-0.18043110294484713
-1.6106577942654978,-1.6101599628076724,0.3208706464808686,0.28734885619616973,-0.16606745885124216
-0.20228671316083954,-0.2034597017626598,-0.7643753642083919,0.9442706035886126,4.582990563639287
-0.8742326445538282,-0.8740765061063079,0.0998668239004802,-0.5416752723856019,-0.06333251700921004
1.2412715846518354,1.239639648289826,-1.060270214972415,-2.1689669045661457,-1.4357071325297504
1.1680745606988732,1.1691401222616482,0.6964247375017907,0.9453253297905487,0.06418392134272703
-0.2664449776747658,-0.266720103202974,-0.17974190918330382,-0.5463982056438279,0.05710134558049076
1.7584960130189238,1.7617411416525537,2.117182371604895,0.945636458463686,-0.18421749907421245
-1.60116969138436,-1.601408628941959,-0.15895828142443294,-0.5289221080736992,0.04300536570889812
-1.4567161164581066,-1.457025025843633,-0.2042286545183521,-0.5377519398173392,-0.06145285252878632
1.2287249923422532,1.2293329271666589,0.398504550125684,0.1715343189074972,-0.0896117301771162
-0.6329993375956756,-0.6337121047873695,-0.46553750421301404,0.23762427165534764,0.060132868454517964
0.26120107107226753,0.25957883908142476,-1.0559949805157611,-2.1689669045661457,-1.4357071325297504
-1.2555350524007654,-1.2572537653831175,-1.12199684087882,-2.1689669045661457,-1.4357071325297504
-0.34267501162811237,-0.34348034020461116,-0.5252157945515907,0.24739526763522826,-0.18180250614976423
0.4783632223450624,0.47987998652612635,0.9888483173056197,0.9462027126487959,-0.06910083136673391
-1.2119614530072127,-1.2133404704328685,-0.9006663188463343,-0.5417701666309089,1.7100873120545093
1.3662915920942524,1.3651062682712056,-0.7691360051968458,-0.25032038206943175,-0.7543723665921419
-0.27084111075599937,-0.27020954867357605,0.41076356494012733,0.23289356018029309,-0.18428065580075467
0.6141391341397006,0.6143379951390436,0.1307972766623778,-0.4843155902059873,-0.05505297090584016
-0.7548737049374508,-0.7557062142045526,-0.5437783802985646,-0.6803235429958298,0.07206648230783139
-0.44439680319654185,-0.4452298895999292,-0.543506392648021,0.24588318228378045,-0.08695012527283648
-1.5833316860610822,-1.5829530997619925,0.2432647415647855,0.944857081137477,-0.1844971931488995
1.6631701573398505,1.6618902218390283,-0.8301359498121187,-0.6140469130440969,-0.05433117974535744
0.5661535008752064,0.566763961024165,0.3987666810809085,0.23277221999776945,-0.19922474028591444
0.8436263688313956,0.8451236960163373,0.9769514289061593,0.9465885122034863,-0.06828280138485357
0.13628971803917417,0.13899692034520994,1.7634524325269605,0.9421191488138675,-0.040668274570054334
-1.6654454943076977,-1.6632793084464437,1.4073353161232738,0.23719958101651512,-0.1630870628510826
-0.5407754602626182,-0.5410206538682811,-0.16082005403448274,-0.5413594767823674,-0.1971195160678401
1.3936756316384638,1.3956107023896929,1.2631962892514996,0.9466880733788904,-0.05688752343873359
0.3099334720558342,0.3083026827151531,-1.0614665892230992,-1.3888895388423528,-0.16229008511138296
-0.507995873598513,-0.5056333879024699,1.5375982587456494,0.9475794570274293,-0.19528496353494665
-1.557583274851041,-1.5589714533411858,-0.9073540151949947,-0.68120714842754,0.06846955635809286
-0.8901298171857985,-0.8906493461429983,-0.3402203370303026,0.9437727977115928,-0.1862986635869374
0.9563525300818638,0.9547180689374448,-1.0625091133164117,-1.3965930847892354,-0.18368818555652514
1.5495094939896374,1.5501080050878828,0.3930363698341089,0.9482328272410181,-0.06854445068052856
-0.007544882649116737,-0.007482637881892201,0.040523518352095084,0.23282200058547148,-0.05933559845803723
-0.10775355270010518,-0.10758710116573712,0.10818301773663905,-0.5500166321124161,0.05671037536856276
0.08658027028133787,0.08808832595293879,0.9823590405192518,0.23197728623790345,-0.0702015628864699
-0.07377461264469268,-0.07359133528996102,0.11921237409736443,0.09660675619917834,-0.1949090306388618
1.1453632538411231,1.143739296687034,-1.0552735846989307,-1.320867477034319,-0.16790802631047294
1.2691900887909704,1.2684805903061545,-0.45943935252495943,0.16557464917354975,0.07287548990020559
-0.9873938386453297,-0.9872075310157108,0.11927951390605954,-0.39957814043364576,-0.2065418981753075
-1.048109756888899,-1.049829302023247,-1.1221059787806136,-2.1689669045661457,-1.4357071325297504
-0.14248485947395417,-0.142560339267259,-0.04945639615715383,0.370264647587292,-0.32812160423227443
1.1308474633842955,1.1305991939824067,-0.15933512145706638,-0.4752181878034491,-0.08786439407611442
-0.17737873265805207,-0.17744228175114707,-0.04175888851558768,0.23699423609224438,-0.16643436935782088
0.23989509331454495,0.2390422755197102,-0.5549293025682253,0.3705244400293618,-0.32801333555820206
-1.218979037064145,-1.21803370721859,0.6131382333674741,0.9439610305588411,-0.06437309926557241
-0.6665107439863108,-0.6674442542025826,-0.6093746876469736,-0.5472398087046645,-0.06668884590545444
-1.1405493539486473,-1.139966695106147,0.37709866490580046,0.9470038689821249,-0.07048426442432573
-0.7060627696914091,-0.7050052275957287,0.6872910093567762,0.9473538887394043,-0.18507161861411697
-1.215002043491673,-1.2154008749796619,-0.2622894468700039,0.29555487495016936,-0.18626558149208197
0.3230999122201171,0.3241453036689884,0.6815249854457772,0.9490977649523401,-0.15901796518386146
1.4297699456835617,1.4303871479298882,0.4049598284557337,0.23795251240550755,0.0722890345823136
0.464734585408411,0.4666627226325479,1.256742153726704,0.9454886723439458,-0.0703910330660967
-1.201992159482593,-1.199192992375118,1.8205554112247808,0.9500731533426254,-0.0692933090095293
1.0852033633697584,1.0858329182183695,0.41228592438962486,0.24564205756209873,-0.08862828972095867
0.552477465788968,0.5515215725055703,-0.6214088555276168,-0.5510386898036724,0.008903740839261057
1.3571862309489529,1.355578843462442,-1.044039951898984,-1.3175788469592564,0.21024738505589977
-0.7220362869509321,-0.7227688573875464,-0.4786209101678395,0.9453206628604517,-0.06349792748348723
-1.1940551351540314,-1.195433661392083,-0.9003090493536823,-0.5512222557208236,1.6918139658416234
1.1644090523996586,1.167180721348191,1.8075841430355424,0.9519694826053985,-0.06835498050090191
0.8708020026393095,0.8735102052495387,1.7656366190694037,0.9503842820157629,-0.16080740576922475
0.5605747953892022,0.5598675148486563,-0.45947349383193425,0.23115435089745498,0.07812652059271703
-1.2340299981596519,-1.2316598178294678,1.54109467142144,0.19902253717918794,-0.06627682345134543
-0.11916799233225406,-0.11778867101821337,0.8980865811517147,0.2331704646993854,-0.19876760588427547
-0.4123538647296838,-0.4139559573296979,-1.0442839408207951,-1.322552238799358,0.20063252530563697
-1.5565562424160986,-1.5581794223982897,-1.0604054945444028,-1.372566173006198,-0.18530620074127374
-0.3475009540548703,-0.3473531947198627,0.0955087360628835,0.9499689252371244,-0.2908200385511642
0.09728242450287106,0.09600828554151848,-0.829628258577858,0.2330475688734962,1.5822851647015481
-1.0933943319217272,-1.0932040643177736,0.12163740684716938,0.2204841930522073,-0.13661837950354966
0.42604691298911457,0.4260884670132301,0.027952660553861114,0.23082611014729507,-0.183616006440477
-0.10512032862573227,-0.10449427181729146,0.40752385489460324,0.9423011590876531,-0.0397359609877643
0.41330931358097295,0.41279277987330554,-0.33554969195563145,0.24642610181840513,0.05471341982456073
0.4264766703519209,0.42475252376884837,-1.12202583956215,-2.1689669045661457,-1.4357071325297504
-1.3326565366736585,-1.3318298556766224,0.535626467034221,0.22154358618424008,-0.08837867027795841
0.23737362243364646,0.23841372860528737,0.6779038641466019,0.233714939877376,-0.30639569030174646
1.0612443021652576,1.0596285823303564,-1.0500842488894255,-1.386164051665669,0.07765434887523474
0.9438625059365747,0.94290504853582,-0.6216108463563295,-0.6829619141440352,-0.056451441279275295
0.40955790175612616,0.40904231048965645,-0.3349437194694939,0.9479434775749999,1.3418475067552673
-0.04750780388639949,-0.04912018672648434,-1.0502245282344014,-1.3856553562850893,0.07863778933139226
-0.4642094402868105,-0.46604054904143016,-1.1935475921545444,-2.1689669045661457,-1.4357071325297504
-0.7674326046490895,-0.7691530459873193,-1.1221039788714184,-2.1689669045661457,-1.4357071325297504
-1.063309562492387,-1.064149135798297,-0.5490227136109369,0.23435586494403884,-0.06196111380429295
-1.1571658338255906,-1.1579975349540017,-0.5440915089382661,0.9444852823730777,-0.06665877127376764
0.3904364602270666,0.39049775428080125,0.04073479447349946,0.9441990439937913,0.07342585566007376
-1.1632941030218162,-1.1645356322808378,-0.8110203891726794,-0.5481747503674426,0.19777844275856152
1.177811495420893,1.1768852349184884,-0.6008045053430277,0.24671856277115442,1.6941056527761562
-0.20958067638995334,-0.20942452563905176,0.10126176056411372,0.9439641418455722,-0.5691156428647606
-1.2603626806468171,-1.2575237217409692,1.8463495257708455,0.948806859642956,-0.15499999439050796
-1.1338385672888647,-1.131448881119566,1.5540076565427052,0.9458262469543002,-0.058586740129036474
-0.8858850652375956,-0.8858495275794035,0.02129667705101005,0.23477899993950582,-0.0639400245692829
-1.0688060247380016,-1.0700863659324888,-0.8361009646880374,-0.5497319493764954,0.20105958507558913
-1.0204128482783101,-1.0220220405052314,-1.050176673264374,-2.1689669045661457,-1.4357071325297504
-1.0824167300495506,-1.083254829176788,-0.5481024696798436,0.24610875057180517,-0.03936002809167962
1.3008991924864255,1.2992653150015088,-1.0614100203630072,-2.1689669045661457,-1.4357071325297504
0.28895347945972005,0.290441873845924,0.9699761741853643,0.09345657838366206,-0.06021377770329118
0.920547554478678,0.9196001094379208,-0.6151385687981206,0.9454171127491239,1.7064302368413975
-1.6460120189451344,-1.644488459565558,0.9888410319221231,0.9458433590313223,-0.3353665830056193
-1.3668449381312882,-1.3651519770326648,1.0997528531719993,0.9445817322617499,-0.19874354617892603
0.3482739696660689,0.34889869226468934,0.4076009942492741,0.2206070888780965,-0.08717568501048728
-0.5979249352304628,-0.5995365733776499,-1.0508880695352287,-1.3938287065284092,0.06283657784315938
-1.416790426252594,-1.4168320618024914,-0.030073133386874947,0.948847306370464,0.07677015470364343
0.2916551660900689,0.29072844795081504,-0.60295169356536,0.22195894296287857,0.058578009996311596
1.4112608884314082,1.4113275997038257,0.046393108989272624,0.943841246019683,-0.05736571008255325
-1.6650416640384706,-1.66666667093292,-1.0618217159558994,-2.1689669045661457,-1.4357071325297504
-1.7023109276723447,-1.7026083992455237,-0.19729182662423575,0.948892420028069,-0.06412347982257217
-0.7882887108027454,-0.7872167879390474,0.6964854490309299,0.9445739540449218,-0.06815047300543178
0.9541430410517512,0.953635296512094,-0.3286968602477125,0.9481239322054199,0.08375348418131298
0.647867031663019,0.6526389502453275,3.1092446132542375,0.9470505382830957,-0.28864564268021026
1.0445960744463076,1.043740708042891,-0.5549100177295575,0.24598429910255007,-0.03996452818858387
1.4511978571320936,1.451833763663785,0.4171864161710843,0.09993116607165174,-0.20364571114387084
-1.0110787772101617,-1.0111401429754232,-0.04207658837630668,0.10373315845739083,-0.07000307031733731
0.8872212328854379,0.8882982838129763,0.7033215672120036,0.23063787730004687,-0.07015945840210853
-0.40896754859151885,-0.4083926890145541,0.37354568336991784,0.9441072610352154,-0.18458140211762242
0.14184441036071183,0.14055292174251513,-0.84083489260367,0.23311135025148932,3.2081347910045874
1.4920521585012865,1.490214682630099,-1.193612303502074,-2.1689669045661457,-1.4357071325297504
-0.08487384705885084,-0.08248626821309808,1.5548240480463063,0.23261976694793224,-0.06666779366327359
0.6740819520176814,0.6732485793411906,-0.541358918724375,0.24556427539381456,-0.18417238712668232
-0.1074366866671662,-0.10594927835468626,0.9685068123295391,0.2355179305382072,-0.15924352492151242
-0.5293425049126297,-0.5295973852599583,-0.1671050543816293,0.23268977089938825,-0.056667978627420144
-0.6472534702984004,-0.6481031395241116,-0.554729883051335,-0.4918837951800552,-0.1636073539792638
-0.8274161934284189,-0.8265829751978511,0.5409383687072586,0.22998139579972704,-0.05458380665152646
-1.656210562179394,-1.6520645572065553,2.6967867692574052,0.9680657245101627,-0.136016886869814
-1.277775412500578,-1.2764236216806024,0.8777386478960779,0.2325715420035961,-0.43104300879076474
-1.3106477655058084,-1.310461220131036,0.1187598232166282,0.950608294660422,-0.2036697708492201
1.1177327892339526,1.1178673387700517,0.0899628450140103,-0.47275093742546953,-0.17081022826824696
-1.6908551973116643,-1.6903395048061414,0.33233598304614187,0.2347027734145872,-0.06776551771984099
0.5750117574534909,0.57339731604802,-1.0502662406261865,-2.1689669045661457,-1.4357071325297504
0.16614150004789535,0.1645200770948539,-1.0556664240051254,-1.4457903062290896,-0.03761870691701521
-1.210336710336788,-1.2088141000508525,0.9891320187100208,0.9454466699730719,-0.05603941882516645
-1.3523340121163412,-1.3535209819803016,-0.7758809846588822,0.9438132444391009,-0.30075368939730684
1.5201627317656554,1.5192110208917275,-0.6166656423192924,0.22138957749103697,-0.039344990775836135
-0.9159465031998885,-0.9172273672677906,-0.8361225351372139,0.22260142367290733,-0.035387169245856255
-0.7461596732046484,-0.7471020052170173,-0.6152864192279066,-0.6138524576233859,0.06607260821265655
0.7740528441225246,0.7742344015253478,0.11986134463119825,0.23253731784955067,0.07397622141994159
0.9333113963860901,0.9354552406398672,1.398207302004531,0.9456893503381192,-0.1971646280153702
-0.5712228354722361,-0.5719713761787866,-0.4887074521936974,0.2887738255191393,-0.16650354101070045
-0.8102264371676062,-0.8106263962078543,-0.26217916616295567,0.24667033782681794,-0.04269229728257457
1.315421322202845,1.315021505422013,-0.2576509431931124,0.9457873558701574,-0.06279117363884801
-1.1256277556859349,-1.1250358077516733,0.3831796745150393,0.9481068201283971,-0.1652343915535185
0.719282267012253,0.7188838050905044,-0.25801249820546834,0.23140480947933073,-0.05708902347103495
0.3072753228163934,0.30588098517710566,-0.9074740097467051,-0.6127510621204796,0.06246064494707454
0.8604583087407749,0.8606376280056286,0.11858397405810962,0.9447201845212961,-0.05800329227431307
0.6896928845532176,0.6891890483462039,-0.326703236481438,-0.5372261323597366,-0.049798932750160126
-1.2358336548182072,-1.2338818422709492,1.2686130433066274,0.2363330876618272,-0.06757905500338295
-0.6302322279726829,-0.627529690064908,1.7588150716553235,0.9425671741031855,-0.1819528793081981
1.052077150895511,1.0504528501909538,-1.0556919942726923,-0.6497831524406608,1.5012701218637066
-0.41643190371367633,-0.41407374123779883,1.5349736636282976,0.9449037504384473,-0.13505750611900574
-0.35129373249863055,-0.3497744283629865,0.9887713208016056,0.16939686492304318,-0.2046532113053778
-1.6909174287408757,-1.6902903222934755,0.40489840267331056,0.23426097069873214,-0.0607791807790025
-0.2497389774155482,-0.2510220165538219,-0.8361489625087215,0.23496723278675402,-0.06490241278325974
1.328796612259562,1.3285476292396798,-0.15938683339482732,0.9437059050468687,0.10489895772028633
-0.22511655355708454,-0.22449475957114878,0.4044971351783648,-0.5380677354205735,-0.07533530251540288
1.7795478112958745,1.780787776930231,0.8112879507693596,0.23313624054534035,-0.19648193387608026
1.5323582411308425,1.5318311368674702,-0.3400990568226809,0.9436032325847328,1.4518815617076806
0.17710149798349747,0.1779409814284396,0.5471149454058956,0.9434165553808505,-0.0414442000675733
-0.08417604486702233,-0.08589886658341597,-1.1222285446441465,-2.1689669045661457,-1.4357071325297504
-1.0802225112170993,-1.0820508637091537,-1.193037901011089,-2.1689669045661457,-1.4357071325297504
-1.2274825006234376,-1.2256411319140772,1.196699737063949,0.9417551282662969,-0.20252091991878524
-1.2415507279914293,-1.2424911321690775,-0.6150645721578992,0.9442021552805224,1.7042889230652987
-0.17271023601478896,-0.17297556628227898,-0.17316677915220025,0.17080627781235544,0.0560758006399717
1.2743724030198686,1.2771849810763036,1.8344572085924027,0.9444339461420097,-0.08849896880470548
0.6356807721509742,0.6338460062702054,-1.193634302503221,-2.1689669045661457,-1.4357071325297504
1.3272314490223716,1.325394729995015,-1.1934633102670338,-2.1689669045661457,-1.4357071325297504
-0.7432922683005,-0.743116871680091,0.11268267057512278,0.1722856946531241,-0.08824934936170523
1.6381613097460062,1.6364333678470893,-1.1219692707020579,-2.1689669045661457,-1.4357071325297504
0.5104564127469394,0.5090711463988297,-0.901142011533472,0.23486456032461883,3.2115242019956876
0.9589858515415824,0.9584817620681109,-0.326306254506196,0.9435627858572255,-0.08790649856047596
-0.02053909375897096,-0.021822829954348446,-0.8361246778970658,-0.5431375771493476,-0.03131205665229791
-0.49988960735746424,-0.49850818406370573,0.8986611264933565,0.23144058927674135,-0.11598718216642014
1.564622505342519,1.5643514139837964,-0.17329363053543706,0.944777743325827,0.07260782567819325
-1.6904538795404864,-1.6913920253604136,-0.614530453552131,0.9443826099109425,3.2317824738999006
-0.8198861374144443,-0.8188646480312991,0.6635728005553017,0.3212323243442004,-0.1849663574032132
-0.34381747596602624,-0.3423173516832194,0.9762953158394856,0.9448819714313281,-0.05741082203008355
-0.7549878271829927,-0.7532800433156941,1.1106834997288773,0.9446781821504229,-0.06458061422421131
0.3340053083419295,0.33638749903633286,1.5521888819803518,0.23467632747737063,-0.067503868424166
0.35262838913826117,0.3532578115282505,0.4106709977145222,0.9460938176131978,-0.05124852999746275
-1.4573333068334209,-1.4552033017054102,1.3842055091771506,0.22093844091498785,-0.3289426416773235
-1.2970509753318638,-1.2975517405394625,-0.32884885334654557,0.9477536890843865,1.7079129161835551
1.2232738963141498,1.2216384678874288,-1.0625821100020356,-1.3210790445320524,-0.3292193282888418
-0.7898175640015579,-0.7909795142381185,-0.7584122063910115,-0.5493881521926784,1.4511357108418486
-1.445979692026381,-1.4462125052801582,-0.15464576294635476,-0.4786266024176696,-0.05440636632457438
-1.3726041398979527,-1.372553023979093,0.030426976780261322,0.968146617965178,-0.18518890967769544
0.542989481568803,0.5416039186291061,-0.9012672915594839,0.23474010885536373,3.211283604942193
0.7332785268291719,0.733907641853498,0.4112651135961457,0.1682099090350238,-0.05629505319450406
1.6019672371358356,1.6029059601562383,0.6147217328980811,0.2378669520203949,-0.1597337414180068
1.6693119935868712,1.6689038991967717,-0.2623035890850268,0.9676457008014272,-0.08538022949878661
1.5247337349304764,1.5255608799673612,0.5418911825881023,0.2932291881184671,-0.17050045956187326
-1.7172326823218849,-1.7158613707654191,0.889535255134466,0.28847980892302444,-0.19609096366415227
0.28707719899569134,0.28724258642491796,0.10831386893826614,0.2341614095233281,-0.0682948312375283
-0.9308131798563923,-0.9311761109856054,-0.23831496399023355,0.23271466119323928,0.07465891555923171
-0.2957002757576157,-0.29652330542026195,-0.5366462755566054,-0.42624809029498534,-0.18444606627503204
-0.2347884377196062,-0.23383037205411,0.6234866206472427,0.23501234644435903,-0.059416799963591525
1.5251257175266657,1.5235085136338815,-1.0500828203828576,-2.1689669045661457,-1.4357071325297504
0.34070922758015565,0.33887572371246677,-1.1934278833041476,-2.1689669045661457,-1.4357071325297504
1.2864059662580443,1.2879102266641511,0.9823908962157178,0.942980975238458,0.19960397290194898
-0.8023544386135334,-0.8024250335719332,-0.04765190666048009,0.2348350031006708,-0.16669902611666446
-0.4084317673204019,-0.4073700768517149,0.6906138584845571,0.9492548849322743,0.08496549183829025
1.4994114808961625,1.5046428423402007,3.410251089070468,0.24718681142422605,-0.1835017228400671
-0.009402405467296503,-0.008029718487005047,0.8939947669383895,-0.4811716349639336,-0.17748980396588035
-0.08668526954070951,-0.08651900855529977,0.10810287851817539,0.9421378165342559,-0.04146224484658539
-0.11037559193593222,-0.10952394011639911,0.5544401842358461,-0.5383306391493744,-0.054974776863454464
-0.8876433857277215,-0.889243090465688,-1.0437205378303833,-0.5374594788645899,1.7184209924949156
-0.43825699559155196,-0.4367454549916206,0.9835335586194459,0.9467814119808315,-0.0681805476371186
-0.5041796588449234,-0.5050229923300297,-0.5503049411063567,-0.42515447300890713,-0.157799942600547
0.09070345570780493,0.09019751447950124,-0.329324117481713,0.9440030329297143,-0.06277012139666716
-0.23555590662404932,-0.23718647920885763,-1.06246368680755,-2.1689669045661457,-1.4357071325297504
-0.6602545591386205,-0.6607565135855058,-0.32829459279816897,0.9454155571057588,-0.08210510210809652
1.6368448515732794,1.635548579853049,-0.8408304642333092,0.2453947102669548,3.231881720184467
-0.08922419191940921,-0.08952635402312786,-0.19698069789372952,0.9443903881277707,0.08804814158618511
1.4804373395277448,1.4854122489274153,3.2431873887957328,0.9445646201847278,-0.47290088117242174
-1.4640010632079694,-1.4656260601668076,-1.0613957352973273,-2.1689669045661457,-1.4357071325297504
0.6929618206428261,0.6928938059846906,-0.04285112463746595,0.22161203449233022,-0.18222054353021044
-0.06873038820383949,-0.06678437674823015,1.2672702471327248,0.9435658971439566,-0.28175554456076957
-1.1830420808486601,-1.1797896727871011,2.115785292181409,0.9460160354449136,-0.06447535301330756
-0.8995442647225426,-0.898589058443224,0.6202371967570562,0.9440030329297143,-0.18357991688245281
0.33143846839214747,0.3341221950628369,1.7485702511017331,0.9510469860895456,-0.15758641271557092
0.8240540906182674,0.8246431314809692,0.3853547186154474,0.9444790597996148,-0.33158319433942257
0.07568166854207305,0.07528658535418765,-0.2571549657127093,0.9469883125484678,0.08925112685365609
-0.46384327401933595,-0.4654734194021935,-1.062661820668529,-2.1689669045661457,-1.4357071325297504
-1.5624076828005964,-1.5637861560227535,-0.9010431588789677,-0.543509375913747,1.7067249682319277
0.3716031345590255,0.3739547989472921,1.5323859239804,0.2457369518074058,-0.18609415609146743
-0.3785589658692463,-0.3799329679503183,-0.8956608318321285,-0.5507648965713116,0.20180242847825253
1.4597717987292111,1.4615549557370995,1.1643946324316832,0.9451293187264723,-0.07011133899140964
-0.14693506160094924,-0.1483278193918074,-0.9073928705736438,0.16796878431334247,0.07075222090311914
-0.0715819043817802,-0.07185763603599128,-0.17973005257878957,-0.5455146002121175,-0.06073707629464113
-0.3396027140982088,-0.3412331360292177,-1.0625826814046628,-1.3976369214876112,-0.1841784020530197
-0.09427023465871988,-0.09335441537096657,0.5962652851891083,0.9482748296118912,-0.19264441087284745
1.3330065588168438,1.331618212907354,-0.9014312841134882,-0.6154532146466779,0.06702898150029603
-0.5139551042070607,-0.5128839925188435,0.6965295898838805,0.9447761876824611,-0.1895677760512901
-0.5392068709914223,-0.5359585164338954,2.1144887796203093,0.9446548474999378,-0.18616032028117824
-1.2566989511655144,-1.2579784354930785,-0.835934972224838,-0.543479818689799,-0.06412648728574093
-0.8530189861297209,-0.8538613717180854,-0.5504155075147185,0.17227947207966118,-0.03914349074353477
-1.6417969410136164,-1.6399879106935986,1.1747735897520066,0.9451122066494495,-0.19577217256827245
-0.7641426914489649,-0.7653135890552001,-0.7641859442374775,0.9453393305808397,4.5850566908361685
0.7964019068856614,0.7963618020320951,-0.024457959769454755,0.9445755096882877,-0.08640276697613708
1.5736328486589173,1.5755582645338304,1.2572837005666258,0.23508546168254618,-0.08323891572268809
-0.24301847152280381,-0.2433011661498228,-0.18462268757412492,0.22152025153375499,-0.13616425256507927
0.08931768066396382,0.08861250506365283,-0.4590859400000408,0.24659255565853377,0.055299875142452895
0.4787363194223026,0.47778124429910207,-0.6210298727351315,0.16993978445766786,0.06607561567582532
1.1575234171512518,1.15624585425619,-0.8296458292086443,0.9450577591316505,0.2056730335763406
-0.3548574555647688,-0.3540163752262705,0.5470449485840646,0.9675445839826572,0.05837049503767287
-1.0974940408998102,-1.0988727350429408,-0.9002169106800475,-0.5255572514737178,1.7414310931984693
-0.21623942659405984,-0.21795100623561597,-1.1151822931469229,-1.3228524779689357,0.20005208491408216
0.5603122451554343,0.5593585100369948,-0.6199869200898485,0.23834920146375796,3.211782843828194
-0.8727708740659259,-0.8721350507979835,0.41228278167517535,0.2217956004094814,0.056235196187911694
0.6370785056327167,0.6372564439649241,0.11721846462977656,-0.5253565734795445,-0.08612006543828142
0.3465184549267112,0.34568285509069857,-0.543492964686282,0.22313034241724097,-0.04298101374676759
-0.904614396516702,-0.90445594872753,0.10130747277428917,0.9449037504384473,-0.08607796095391988
1.4073043523616062,1.4054670756370877,-1.1936594442188175,-2.1689669045661457,-1.4357071325297504
0.05624809031075474,0.055980684138788525,-0.1740410251718047,0.23483189181393932,0.2003738834731306
-0.350134391324189,-0.35097567209440034,-0.5486465878315875,0.2405224352456226,-0.06956698815787901
-0.2611473918777781,-0.26165143614595265,-0.3288228545270084,0.9478485833296928,-0.16966438480098084
1.4336822345899818,1.4324034355211122,-0.8298746759608349,0.23149503679454042,3.205010036772331
0.9060541293122145,0.9075316434871217,0.9641777231752723,0.9474845627821223,-0.18870162665871107
-0.6726303160570309,-0.6730132410370869,-0.25079796863453657,0.9444946162332717,0.057161494843864374
-1.336605199664675,-1.3355675046715354,0.6730490845753181,0.17196367647642677,-0.3281997982746601
1.1903471079714296,1.1925002628814294,1.404807573751231,0.9449115286552762,-0.08803581947672914
0.5581192265315666,0.5564870820530615,-1.061831286949905,-0.7339123456570187,1.3386265137016138
0.32360333172674444,0.3237948252418484,0.12539266491307802,-0.5448192276276556,-0.06670388322129776
0.3732918754130734,0.3739129951056067,0.4053066698504395,0.24739526763522826,-0.08830949862507867
0.3240523915669277,0.32355538000982687,-0.32302140365312343,0.945471560266923,-0.05298985117212716
-0.3416218176290179,-0.3415581585788482,0.04074750818195437,0.09993894428847988,0.07860771469970562
0.6323756288917427,0.6336314165939888,0.8191988772921822,0.24621608996403738,-0.08781326720224693
0.46689485031370653,0.46506073488183286,-1.193562877174822,-2.1689669045661457,-1.4357071325297504
1.0395560277051796,1.0379420592242001,-1.0489888700530978,-2.1689669045661457,-1.4357071325297504
-0.8123893172203697,-0.8142190981083695,-1.193409312718764,-2.1689669045661457,-1.4357071325297504
-1.5935486950044906,-1.595376075090714,-1.193475738274175,-2.1689669045661457,-1.4357071325297504
1.1036981990714065,1.102310988360552,-0.9011704388141749,0.23722447131036614,3.2160865236225717
1.5721237931989918,1.5712841235821875,-0.5435861033145143,0.09690077279529319,0.20185355535211985
0.31650769485065655,0.31582027695522386,-0.44704648664509605,-0.5466611093726291,0.07236722862469913
-0.6933250261792764,-0.6913741898285564,1.2691093064883436,0.9470505382830957,-0.07800893727235748
-0.42210599112694636,-0.4217205761649005,0.25013528675414765,0.9421922640520549,-0.16407050330724013
0.5341351204043429,0.5329598804788436,-0.7643049388345904,-0.5421590774723305,-0.2031043677735088
-0.34443390985022104,-0.34536581403344213,-0.6076566227976626,-0.550290425344777,0.006894755442584308
1.0529549420429898,1.051758875612469,-0.7767863721216687,-0.49959667498713184,1.355179590982016
1.225653036099732,1.2267104975794727,0.6912694001486035,0.9678977150266684,-0.1830506033647655
0.7713840186855659,0.7704555709440205,-0.6030771164420288,-0.5255261386064042,0.057877271078009725
1.2600840012036327,1.2586863201965586,-0.9076632868669626,0.16600711802921075,0.06829211603114078
1.3883358295134884,1.3866087270837937,-1.1219438432851478,-2.1689669045661457,-1.4357071325297504
0.9605524349817294,0.9596061758074217,-0.6142827505132431,0.9443017164559265,1.741349891692915
-1.0176643769821843,-1.016604687870765,0.6880391182464278,0.9469214198837436,-0.067308383318202
-0.031383286042437404,-0.032554853014129026,-0.7630928510116584,-0.6012626358648805,-0.042364483797188615
0.7210575077675068,0.7209928343793771,-0.040616368962516296,0.24522825642682616,-0.08579826687923282
0.933541028618349,0.932703504564952,-0.543521249116328,-0.6250639793598928,-0.0391886026910649
0.9186139188714822,0.916779381330758,-1.1928951932049476,-2.1689669045661457,-1.4357071325297504
-0.9267707882956221,-0.9275021781229442,-0.4782792113967785,-0.5481747503674426,-0.06584976368139325
0.942117315798543,0.9405038279557717,-1.0488791607486767,-1.3727684066437376,0.05824718904775704
0.3139409454867928,0.3134535657707749,-0.3167694018076973,0.09293077092605956,-0.06941060007310777
0.25986605199840973,0.258252483876139,-1.0503550937347148,-2.1689669045661457,-1.4357071325297504
1.6256067555264109,1.6272966234988173,1.1039826611197912,0.9456209020300291,-0.06744973408712976
0.33409275994361853,0.3384368122174081,2.8299257241530973,0.94640339064297,-0.06772942816181682
0.4985153813793157,0.4982669147493291,-0.16078305571437193,0.23555682162234964,-0.05977468808066412
-0.26137199472721095,-0.26161589740809515,-0.1593962615381759,-0.5250983366808402,0.05670135297905663
0.580627740689911,0.5790130705095595,-1.0504035201073696,-2.1689669045661457,-1.4357071325297504
0.7324556684740559,0.7306217267164007,-1.1928956217569178,-2.1689669045661457,-1.4357071325297504
0.7797220184012412,0.780650992598576,0.6066566705165735,-0.5493197038845884,-0.08740425221130668
1.0788847931187293,1.0779371114341356,-0.6149622910876317,0.9497262448720771,3.2163662176972583
-0.799669620265594,-0.799165091286499,0.32692494301728614,0.23331669517576004,-0.06316710653493268
0.12831148194317224,0.13023709555737803,1.2543965459420792,0.23796651319579862,-0.16929446683123336
1.2755149259205913,1.274230299197421,-0.8340002029291643,0.2217178182411972,-0.13523494644595782
0.14155919105571574,0.13993781527874252,-1.0556869944997045,-1.4468885904452646,-0.03974197591410166
1.2543785195185748,1.253430631543248,-0.6147304444716484,0.23712957706505908,0.20029869689391347
-0.8755974216501983,-0.8763269753123548,-0.47697655625743646,0.22098044328586142,-0.03751946063244883
0.054049941628669766,0.05367289550571461,-0.24545278275846477,0.2338782824307732,-0.06569638305979063
-0.4572609254702369,-0.45731126082236495,-0.033736967032432966,0.9446330684928179,-0.18318593920735604
0.4727558458675655,0.47952838882910703,4.4118616114708535,0.9507965275076702,-0.16325848825169717
-0.522673452918179,-0.5200795144932633,1.6883099871873615,0.943022977609332,-0.13573418533195833
1.3464346593672658,1.346622820732261,0.12535680939822164,0.23733336634596425,-0.06655952498920126
1.423044520734182,1.4214188307778863,-1.0558227026236626,-1.3727995195110512,-0.03902920714312507
0.8361651414457888,0.8379932601447095,1.1923763619359542,0.9427476287336048,-0.06507985311021182
-0.2989774156852466,-0.298785777770371,0.12418757677232921,-0.6140531356175597,0.05944415938889082
-1.0942733267871718,-1.0952048639599496,-0.6089822768927491,0.23420341189420163,3.2067724101891764
1.3898035402881366,1.3884132195544612,-0.902598945382156,-0.5758278668358964,0.008121800415404891
1.3869183954588682,1.3860624626266762,-0.5545646048414196,0.9500031493911694,0.0686139145901892
1.1201232829664172,1.1209387164328195,0.5334192815360334,0.24528425958799077,-0.32856971624440745
1.409872651775554,1.409591962180617,-0.1798677606119429,0.16084393769849553,-0.05150717182996896
1.2674853517358962,1.2658683771547343,-1.0504710884680348,-2.1689669045661457,-1.4357071325297504
0.4348784932208008,0.4365814442512287,1.1100188156227955,0.9469992020520278,-0.17090947455281336
1.7358240744064748,1.7366245913257645,0.5249890928757497,0.945692461624851,-0.2896050234310185
-0.9382278888505685,-0.9358663305899705,1.536096469790731,0.948876863594412,-0.1643652346977705
0.9698007606657643,0.9697510864332116,-0.030328550361229892,0.23625841678027448,-0.34421754711103786
-0.8355308574008361,-0.8373604919831465,-1.1933623148526775,-2.1689669045661457,-1.4357071325297504
0.26755525606540054,0.2689173731153941,0.8876886246940369,-0.4771829653743119,-0.18434982745363424
-1.1074624327326372,-1.1056201248704383,1.1975618407777258,0.23258865408061863,-0.055678523244925095
0.019968927474189414,0.018137268485938256,-1.1928956217569178,-2.1689669045661457,-1.4357071325297504
0.3820687270545517,0.38180514051964737,-0.17087345470796342,0.9680875035172819,-0.040773535780958076
-0.18342651703351806,-0.1848191078991742,-0.9073603006238938,0.9470987632274318,4.588458131679943
0.6800892692726628,0.6783642498110829,-1.1220651234927694,-2.1689669045661457,-1.4357071325297504
-1.036556207993285,-1.036187969517478,0.23766628147421084,0.945527563428088,-0.173321460014093
1.6004045826679762,1.602531234391082,1.3884020329219087,0.9440559248041481,-0.2793285217836466
0.6955948648613806,0.6939611806079499,-1.062547254441777,-0.7496336775106526,1.3082330909189561
0.938147161572573,0.9385269806451476,0.24932918049783573,0.16897217428421066,-0.1937120602977282
1.2819591798562453,1.2803425523898886,-1.0502148143897392,-1.386720971990585,0.07657767706084787
-1.2869630168862674,-1.2872152584184269,-0.16696734634847582,0.9463333866915139,-0.06352198718883668
-1.0023472531829944,-0.9996442775532599,1.7583236653959382,0.237110909344671,-0.0690045925453363
0.768624203093358,0.7727363696659699,2.6798081115930086,0.24397907480417927,-0.1762868186984092
1.4545611850646207,1.4532648123862366,-0.8412765868344898,0.23335091932980512,1.335682207259478
0.44930707444262147,0.44855543904269024,-0.48859345736957255,0.24584117991290688,-0.0402021177789094
0.7245715009191723,0.7255917460833115,0.6659852624473082,0.09644496928914671,-0.18447012598038132
0.07734813754304809,0.0759543896232692,-0.9075697196867599,-0.6152820938764524,-0.054475537977453956
1.2964469077606542,1.2946102127911958,-1.193511879490345,-2.1689669045661457,-1.4357071325297504
-0.553402421144687,-0.5552884397295866,-1.2294958170871326,-2.1689669045661457,-1.4357071325297504
-0.11087804504653981,-0.10653698474964807,2.8270485690745266,0.9678946037399366,-0.13720784228461042
0.051228507871724,0.05054301422268448,-0.4463468041280989,0.23884545169741206,0.20283398834510893
0.8471433870701934,0.8473033737603716,0.10596511843919164,0.9435550076403967,-0.06712492806491256
1.1855367088161064,1.1847825035749044,-0.4887308797014122,-0.47529285868500215,-0.18447012598038132
1.5885457285204974,1.5882845005858797,-0.1668197816200034,-0.5401771878244451,-0.0658768308499113
1.6656041386738687,1.6670570266896363,0.9497239508697825,0.9430183106792349,-0.16392013014880627
-0.28736147919293015,-0.28777022652002743,-0.2668118129629184,0.24791329687600192,-0.04251184949245389
-1.3235334702583843,-1.3253608014872431,-1.1928804795872974,-2.1689669045661457,-1.4357071325297504
-1.4306273500452331,-1.4316467633284924,-0.6669167892637913,0.09680121161988911,-1.0955059063520913
1.3824102782229688,1.383885262936943,0.9635243242710777,0.9491055431691682,-0.0641956589386205
-0.38833341281225486,-0.3878469877098559,0.3159924394018697,0.24783862599444922,-0.13809203645620172
-0.26864031095528257,-0.2680183303643892,0.4045278480695762,0.9463084963976629,-0.19275568701008855
-1.3074958175106741,-1.308297634167125,-0.524941806991852,-0.5425013190127818,0.0626591375162073
-1.7141551759920093,-1.7153231076732243,-0.764236656220641,-0.5462535308108188,1.4504169271445346
-0.20313508208977907,-0.20173488384828558,0.9115082574618381,0.94729788557824,-0.05695669509161316
-0.6168857510374224,-0.6171424506011588,-0.16847256371915756,0.24553471816986652,-0.08529301306689496
-1.3417872041906274,-1.3402745455664333,0.9823763254487244,0.9419915860578812,-0.06665877127376764
1.2578894351617174,1.2574830831426551,-0.26202731591477924,0.3005640465876818,-0.18997979850539895
1.5188073043204735,1.5176287152265753,-0.7644315045165135,-0.5435887137253971,-0.06814746554226303
-1.176922646959849,-1.1758583567640344,0.6907034258463695,0.9462478263064009,0.20630159337859427
1.4278080586753372,1.4278408876957929,0.024360537938015875,0.23382227926960822,-0.16302390612454024
1.3535642328429367,1.3532694249460695,-0.18918033777926868,0.9470287592759759,-0.1586239875087647
-1.116694889430737,-1.118075553103599,-0.901539707761998,0.23425319248190365,3.210342268970397
1.2771031556665018,1.2775009990196968,0.2617754725233416,0.2361028524437058,-0.06233103177404027
-1.1194149432882068,-1.1196678532368278,-0.16705305674255475,0.23642642626376867,-0.06675200263199665
-1.4991754919479556,-1.4985301545114489,0.4171721311054043,0.9446252902759897,-0.1881001340249754
-0.8247132201709588,-0.8261068928882795,-0.9094030650161068,-0.4998611343592987,-0.28380964190497643
-0.013852147645936367,-0.015483797725625456,-1.0627028188070302,-0.726036123296545,1.353853299724629
0.7487948363412619,0.7476117712557627,-0.7689534420574577,-0.5419926236322021,-0.19066850757102627
1.276734001160404,1.2751172439190186,-1.0503102386284802,-2.1689669045661457,-1.4357071325297504
-1.5435774879398152,-1.54427783913768,-0.459351213669715,-0.5398520583610167,0.06763348159720028
-1.3880755997296688,-1.3868238116682583,0.8123779012807292,0.23443520275568894,-0.054749217125803655
-0.2030714596293472,-0.20390186534756807,-0.5412569233554211,0.2466687821834524,0.05586828568133298
1.7941942338850347,1.7928045818753917,-0.9013195748998721,0.23576216654662002,0.06982592224716647
0.5690462402260783,0.5694281387417784,0.2499132968334833,0.24553938509996354,-0.08554864743623257
0.4936467990860516,0.49245251521746736,-0.776792514699911,0.9440248119368342,-0.18459042450712854
1.5464077564749492,1.5508549368901186,2.8996215596502983,0.9676970370324944,-0.18470170064436964
-1.4213590441344566,-1.4216208065472207,-0.17344862349806298,0.2320504014760906,-0.06249042732198026
-0.6585973244179061,-0.6571047812204701,0.970700998417958,0.23425474812526922,-0.1898384477364712
-1.6746606789251417,-1.67446830617033,0.1217955425242448,0.220579087297514,-0.18279496899542788
0.6471720904947225,0.6472411384442578,0.046320540855619194,0.969031779040254,0.056677293273707186
-1.4244834167232365,-1.4216585781221098,1.8368106731631517,-0.5249225489805175,-0.0891455733859711
-0.04624312730049391,-0.04763608553295972,-0.9073133027578072,0.9466258476442632,4.587543862876665
1.0674215827300273,1.0667275180916576,-0.4498085040942875,0.22141757907161944,0.10473655470917774
1.2355841964621164,1.23482980718319,-0.48874630757234644,0.9678494900823323,1.310193956904934
1.4796584515335194,1.4806624421846213,0.656974528717797,0.9692869045522271,-0.18349871537689852
0.19538719273335656,0.19465413421634092,-0.4770244112274638,-0.4926180588486592,-0.1551022481382431
0.04541350079264051,0.04457176666278147,-0.5481164690442096,0.24636543172714348,-0.0389961250482695
0.10907210917327322,0.11166335761613537,1.6878762925933222,0.9437992436488098,-0.18267166300551205
-1.0740484165130166,-1.0730127219267345,0.67229411885414,0.9465698444830982,-0.1755650275379265
-0.6216596550344767,-0.6192827299577043,1.5467652710936977,0.2936554344006652,-0.1688493622822691
1.564252820919766,1.5648791882253343,0.41120954469065124,0.2312305774223736,-0.06885722685007102
1.7176028950353852,1.7192910484973465,1.103057988818337,0.944606622555601,-0.1378213647710206
-0.39316402885825696,-0.3931970200884845,-0.022307200280702454,0.2212277905810057,-0.3284794923493472
-1.5850903868804633,-1.5868080049434055,-1.1219714134619099,-2.1689669045661457,-1.4357071325297504
1.6965501332137878,1.6952605569021209,-0.8363452393111622,0.9424271662002733,4.579426719784403
1.6583340824504211,1.6587104232688674,0.24856664369184742,0.9453408862242056,-0.05560333666570816
-0.855444968266544,-0.8562873693317716,-0.5504306496843391,0.944611289485698,0.10234862895324771
1.4275770575648306,1.4270622743926387,-0.3322931255326049,0.9468125248481455,0.009249599103659094
1.105891256079138,1.1067034922664414,0.5313072345752733,-0.47944953775811805,-0.17320416895051452
0.278489507201915,0.2767730133986536,-1.1173504804158045,-1.3213435039042192,0.20296932418769933
-0.630137172637263,-0.6314189208386359,-0.8361019646426349,0.9370026377841227,4.568939695715224
-1.4634811500454423,-1.4638791547126735,-0.26226944777805217,0.24612430700546178,-0.08552759519405188
-0.4562400829268229,-0.4566245204283049,-0.25133151583767754,0.23227752540748123,-0.05457478426202034
-0.22819417854793303,-0.22712358213485312,0.696790292332537,0.9450282019077024,-0.07054441368769918
-0.5869451654376646,-0.5854613528214718,0.9651643926617769,0.9451619872371515,-0.07303158572819575
-0.6374950452187728,-0.635991312009761,0.9780329512287779,0.9436078995148298,-0.08049610931285389
-0.21412878456709117,-0.2143745711450818,-0.1605246388762242,0.23479300072979725,0.0804994090328039
1.6638484116169108,1.6620104868721293,-1.1935461636479765,-2.1689669045661457,-1.4357071325297504
-1.4988099630719547,-1.499978686698795,-0.7643030817760521,0.9466974072390845,4.587682206182424
0.853002038356994,0.8511667137139737,-1.1935447351414086,-2.1689669045661457,-1.4357071325297504
-0.10710888123307294,-0.10805329231432868,-0.6153069897224855,0.2443664300022356,-0.08070362427149279
1.31914184730025,1.3189000255967303,-0.15474290139297747,-0.5267395404316401,0.05809380842615441
1.4350009372317216,1.4362847399427137,0.8391195442333356,0.944821301340066,-0.20876140599379156
0.9045679414229267,0.9045168202085944,-0.03140707282005566,0.2968491702304209,-0.18510770817214114
1.649804651000986,1.6497329001604917,-0.04328781909529779,0.2391410239368925,-0.06946774187331263
0.21715054427614,0.2154268501237946,-1.122167975965664,-2.1689669045661457,-1.4357071325297504
0.29408630570215527,0.2929311359797358,-0.7517343667376701,-0.5465288796865456,-0.056445426352937936
1.4319400313745552,1.4319996153191619,0.04179431779497109,0.09595494162895553,-0.08719673725266797
0.30817798451418565,0.3069028173823333,-0.8298578195833327,0.9456815721212911,0.1996701370916598
-0.44145534441382633,-0.44328569610520985,-1.1930070452692205,-2.1689669045661457,-1.4357071325297504
1.087470948022603,1.087834896131718,0.23930420710505781,0.24093001380743262,-0.2963718155605434
1.6882292842857591,1.6872794987330704,-0.6150610008914792,-0.5428435605532328,-0.1899497238737123
-0.41152084145011475,-0.40915092691212035,1.5426378870668298,0.9458246913109343,-0.0733293245818949
1.5321598555569984,1.5303223253183482,-1.1935640199800763,-2.1689669045661457,-1.4357071325297504
0.3943224732950888,0.39407326355550887,-0.16148445243925078,0.2342267465446871,-0.05494470223176765
0.38872445809360745,0.3902229642036468,0.9767700085720257,0.09578537650209543,-0.1860189695122505
-1.6424956641988373,-1.641420432693687,0.6968578606932027,0.23421585704112713,-0.07044817486630156
1.459111455020962,1.4578326282154677,-0.8298396775499194,0.23109212516282743,3.2042311038116433
-0.8143965989598321,-0.814898804627109,-0.3287798564793121,0.9416851243148409,0.05616301707186336
0.5113769279860884,0.5105338606106966,-0.5480124737660607,-0.4223356472302822,-0.16719525753949635
0.33033563374848063,0.33182042741300033,0.9677174196000725,0.9679288278939824,-0.2809736041369132
0.4272772568539639,0.42875841018803534,0.9655488037792206,0.94295141801451,-0.0404788043904277
0.7073013679704275,0.708690348683474,0.9061022172059704,0.24639965588118856,-0.08767793135965639
0.8331465416251826,0.8318598375515599,-0.8362762424439286,-0.615403434058976,-0.0679369431204557
-1.405092732130598,-1.4053734854167623,-0.1857832063099527,0.9479590340086569,-0.056334150215696835
0.08185069350543828,0.0818900337412945,0.025792615772417034,0.9444806154429807,0.20178137623607184
0.8130889920155204,0.8130308415931334,-0.036175999146603806,-0.5401165177331835,-0.06266486018576359
1.0974914050441702,1.0976712859263515,0.11944436356400477,0.9447139619478339,-0.039609647534679875
0.6212764576464573,0.6223461680212096,0.6979858094792805,0.9691188950687328,-0.23413838021109448
0.8889083633719012,0.887293094578389,-1.0501501030422096,-2.1689669045661457,-1.4357071325297504
0.4001085992584431,0.39838435181862597,-1.1221465483671444,-2.1689669045661457,-1.4357071325297504
0.5594348810558563,0.5577103201065792,-1.1220182684773397,-2.1689669045661457,-1.4357071325297504
0.49382201594043024,0.4924365535033909,-0.9013044327302514,0.23732403248576986,3.2162790012653666
-0.6974743966388861,-0.696072506647528,0.9115785399849827,0.9459009178358525,-0.07250828713684579
-1.2872727307990492,-1.2866284657758298,0.41691585702710865,-0.47822835771605365,-0.06694147281162328
0.09980373066215988,0.09797091025052453,-1.1934854521188374,-2.1689669045661457,-1.4357071325297504
-1.1619752264463397,-1.1617789552314817,0.1254043786669356,0.9463489431251708,0.20121296569719177
-1.3395874387802034,-1.3404083953730497,-0.5374743808140638,-0.5437442780619658,-0.06555803975403147
0.40242370795994786,0.40247752944427945,0.03589301431198425,0.9440621473776104,0.05565776325952549
0.02491192577035817,0.025104363116608696,0.12538409387367022,0.9468700836526757,0.07021989992226323
0.07075570763665072,0.07037883741441649,-0.24530336097145397,0.9420958141633823,0.20090921191715527
-1.5869696141285425,-1.5870305793150343,-0.043017402801979104,0.9442923825957324,-0.06380468872669234
-0.33766273265132984,-0.3383864054600776,-0.4720239239862459,0.9437727977115928,-0.056661963701082785
-1.3000219587632007,-1.3016302610595527,-1.0501805302321077,-2.1689669045661457,-1.4357071325297504
1.6357605144425338,1.6341251115903859,-1.0617047212679815,-2.1689669045661457,-1.4357071325297504
-0.3909697727386236,-0.3873018015068493,2.3880893569298216,0.9445335073174138,-0.32758026086191255
0.3509069211053414,0.34975189723952343,-0.7515208050057571,-0.5519067388017259,0.056944957495719525
-1.0863579810068185,-1.0877479859982917,-0.9075602915434113,-0.6141729201567175,0.07140183294755352
0.2319347186560083,0.23065055957880562,-0.8358732607411012,0.1657022119295363,0.06988005658420256
-1.5040116392183849,-1.5057296365912327,-1.1220492670698647,-2.1689669045661457,-1.4357071325297504
0.04481764745881589,0.04632673708917977,0.9829452996147513,0.943956363628744,-0.06820761480563664
-0.004913346148728386,-0.004750811782291958,0.10584640954339243,0.23413963051620854,-0.0688451969973963
-0.4383334437458685,-0.43990523984069924,-1.0246064056975122,-1.7986708916581842,-0.719828644636709
-0.917979552575393,-0.9177931677329202,0.11947464790324588,0.24552538430967247,-0.08575014746853393
-0.8176910179868824,-0.8122488411763586,3.5427175030739546,0.9456504592539772,-0.18700541743157678
-0.9180395956857007,-0.9156590394256588,1.5485117632237115,0.238338311960198,-0.1631682643566369
1.4444112417238861,1.4430058996378174,-0.9122682206395066,-0.5453745923092057,1.703119019892683
1.134611830969491,1.1363010484384362,1.1025344411611722,0.9440870376714614,-0.18441899910651383
-1.63941826534378,-1.6388048215942026,0.3961075161046116,0.9449146399420072,-0.1767860575844097
-1.322882697511715,-1.3247111658876618,-1.1936197317362276,-2.1689669045661457,-1.4357071325297504
-0.43659295464412645,-0.4348787023388203,1.1155607068532782,0.9507327461296771,0.08551285013498965
1.367608119796607,1.3659736127194424,-1.0616808652082963,-2.1689669045661457,-1.4357071325297504
0.9379328765250391,0.938755753003892,0.5378866501260807,-0.4020313900213342,-0.1833874392396574
-0.7637593035481984,-0.7596371871866452,2.6830906768355725,0.9501042662099394,-0.17381167651058735
-0.8645835998868894,-0.8661933593764416,-1.0502209569679815,-2.1689669045661457,-1.4357071325297504
-0.7182742612200953,-0.719885860763496,-1.0511140592742834,-0.6004132545872151,1.5967149729848642
0.18161171207503685,0.17977856748301294,-1.1935258788547112,-2.1689669045661457,-1.4357071325297504
-0.7711552211187253,-0.7683743302544112,1.8095513394303089,0.943836579089586,-0.1821634017300056
1.4310442746048375,1.4296560315448428,-0.901159725014915,-0.5453777035959372,1.7031130049663457
-1.1847060366935764,-1.1802492331993173,2.900189962413698,0.24695502056273874,-0.18339646162916337
-0.81510398417674,-0.815786575366807,-0.4462642364484696,-0.4779187846862821,-0.05493868730543029
-1.5447542308227036,-1.546379040556138,-1.0614423046114434,-1.506202160692182,-0.1544105316094472
0.028310741668570834,0.02850458810426816,0.12630890902578104,0.22093999655835342,-0.03866831156288371
0.3608851718883937,0.35994949031712514,-0.6086450064920488,-0.5441160768263648,-0.05757322504119214
-0.9224795986717701,-0.9227227108380145,-0.16026093656377494,0.23712491013496206,0.07005749691115463
0.9072009437482355,0.906686304327772,-0.33328536619472465,0.968351962889449,-0.03772697559108755
0.0529828866680526,0.051699168244871384,-0.8359596853884641,0.16626224354118352,0.06848158621076758
0.8744004459938594,0.8754667085195748,0.6962684588832535,0.9444230566384498,-0.07007825689655424
-1.383551958743271,-1.383366006902142,0.11822113338984246,0.23437919959452433,-0.05208761222152376
0.8145512244258053,0.8206414218707793,3.968171471274309,0.24710747361257598,-0.329414813394806
1.0226272626352593,1.023693738086817,0.6967164385429724,0.2285470926165634,-0.055302590348840414
-1.5067142992635174,-1.508339996575651,-1.0619409962543258,-0.736525826511373,1.333573975578235
1.654817063334278,1.656329791069334,0.9886743252056396,0.9456333471769549,-0.07213536170392972
1.2099097441579965,1.2099873345313275,0.05305837778481572,0.247539942468237,-0.06801814462601
0.11389688692393844,0.11217354311166138,-1.122155262257209,-2.1689669045661457,-1.4357071325297504
-1.6944259097503778,-1.6946765867578095,-0.16679863972279727,0.24407552469285188,-0.07640595940345223
-0.108521442072358,-0.11024388727156625,-1.1220341249002441,-2.1689669045661457,-1.4357071325297504
-1.2242421032654942,-1.2246239616883297,-0.2512543764830065,0.9482717183251601,-0.06743168930811784
0.7964219099233852,0.7956946059808022,-0.47202235262902115,0.23399495568319978,-0.06387987530590927
-0.2338001881212093,-0.23255195748297594,0.8124696114023935,0.9440076998598113,-0.0885109986573802
-0.862144640494754,-0.8630766930670021,-0.6088335693590222,0.2346981064844902,0.06907706391816554
-1.3659121806329826,-1.3658344695529736,0.04776204683336908,-0.5483069800535257,-0.05955213580618208
-0.8140258323314591,-0.8147533096322294,-0.4754957663490672,0.2373862582203974,-0.032133094097347006
0.5625722363833574,0.561736127467864,-0.5433736843878555,0.09688054943153919,-0.2800172308492737
-0.3798696669010913,-0.38098476052953073,-0.7270396308463238,-0.22690328248574396,0.06547111557892106
0.05596158393997489,0.05592367967777093,-0.024569811833727705,-0.5259834977559162,0.05706525602246675
-0.7365103335303002,-0.7364645726351737,0.028266646297503355,0.23655243337638934,-0.06511895013140458
1.5816085196161425,1.5806599442398988,-0.6144953122905586,0.9442379350779334,3.233541839853577
1.3794576854877436,1.3804775594805772,0.6671100685189366,0.9468887513730645,-0.06767830128794933
0.9572304188340247,0.9563928228291307,-0.5435186778045056,0.22194649781595308,-0.28149690272826317
1.105599974317041,1.1095995483550987,2.6071811234689672,0.94557734401579,-0.08852302851005493
-1.0810845913008251,-1.0826937542984802,-1.050284239808943,-2.1689669045661457,-1.4357071325297504
1.3418072402575887,1.3400800278675886,-1.1221125499108264,-1.397430020919975,0.05587430060767034
-0.5854512463802186,-0.586842258560397,-0.9071710235036363,0.9436903486132117,4.581868779877371
0.38103116493878275,0.3794000491038491,-1.0615308720186585,-2.1689669045661457,-1.4357071325297504
-0.40840413488659294,-0.40736260452440726,0.6774838832156154,0.9677483732635623,-0.18299646902772923
0.4902334174985783,0.48862897328092897,-1.0439320996531014,-1.3171012644459905,0.06849361606344231
-0.03633876260369014,-0.036402287184248205,-0.041448616889022204,0.9505165117018467,1.4726180202557138
-0.830051354900895,-0.8298665895038617,0.1186034017474341,0.09999494744964485,-0.06849933873299842
-1.333432700948916,-1.3332558607755436,0.11239139808591145,-0.4796408818920977,-0.19239779889301595
0.7488878343015873,0.7493783842383962,0.32105192396434523,0.9474394491245173,-0.07152785414385687
0.857694595980051,0.8564374838873522,-0.8169521198455642,-0.5445485456820258,0.07786487129704223
-1.0553572341883637,-1.056528898829493,-0.7652931796783198,0.9434290005277763,4.581363526065033
0.05506887616505339,0.053890215910913836,-0.7675322208729733,-0.5749162598236037,-0.1350484837294998
1.2971959120526304,1.2955777414347387,-1.0511880559145046,-0.6250297552058477,1.5491248758037073
0.6868148087156242,0.6873926888418556,0.37779949022805204,0.246398100237823,-0.13685596909387518
-0.14912971164869224,-0.14963480177481292,-0.32927026278410004,0.2859021078660809,-0.1603953833151159
-1.25977954728675,-1.2565371378731836,2.10911316655434,0.22087621518036032,-0.3298809701859509
-0.822734873942644,-0.8203543510576121,1.548688898038141,0.9438505798798771,-0.040932931328898074
0.3318123289792711,0.3315010141535706,-0.20206318141194957,0.9480041476662618,-0.1692222877151852
1.4385179585412289,1.4386861807357658,0.1125628188740693,-0.5450572410626058,-0.05749202353563784
-0.7781771765493922,-0.7784699182120474,-0.19228291119426688,0.9468483046455565,-0.05955213580618208
-1.5853438629495162,-1.5851759910180072,0.10602483001373321,0.23448187205665985,0.06228621208329122
0.4119926007587275,0.4107005207697567,-0.8406563292826724,0.24659411130189932,-0.18371826018821194
-0.8960335787245732,-0.8969564088830796,-0.6028978388677472,-0.5258590462866611,-0.0863817147339564
-0.6390123433392572,-0.6398518387641715,-0.5480866132569389,0.24624720283135132,-0.04217802108073058
-1.1316425490208828,-1.131585760171,0.034624500479617085,0.23057254027868787,0.0799249835675863
1.5373654297492891,1.536086161180885,-0.8299641004719905,0.10046630738944795,0.19378753913372623
0.17392374791651175,0.1758392182913527,1.247885555855878,-0.34489260919964737,-0.3106512506854255
-0.4237829762098933,-0.424275812930268,-0.32186288482649084,-0.4641357844662944,-0.06609336819805615
-0.48043711816417856,-0.479830806074478,0.39388118861841304,0.2915210917029426,-0.16841929504914818
1.568776133778963,1.5701414707666288,0.8925009776202516,0.17159654464212476,-0.18531823059394845
-0.5245088815457407,-0.5236852530474766,0.5353247664470634,-0.5389606747124781,-0.06080324048435194
0.9135886830376693,0.9124212556577423,-0.7584249200994665,-0.550265535050926,1.5482286517794412
-0.6343149085528104,-0.6355869886518036,-0.8298139644316956,0.23242997845731847,3.206817522136707
-1.1694508497548612,-1.169485585007883,-0.02506293230099469,0.9431100936378102,0.062737331558593
1.5048328623303535,1.5035545020790893,-0.8294404099641686,0.2326679918922687,3.2072776640015146
-0.8788529290902574,-0.8805729511524003,-1.1220634092848878,-2.1689669045661457,-1.4357071325297504
-1.1056851045532072,-1.1054910486851535,0.12407901027316269,0.41940897715271286,-0.425449127297024
-1.421614900222395,-1.4214465820900875,0.10665708702072173,0.9441337069724323,-0.06979555535869841
1.4873173071245056,1.486158094798792,-0.751877360245125,0.23468255005083322,1.7116271331968724
-0.09745952598584277,-0.09696074678947235,0.3246454750867587,0.9461093740468547,-0.06791589087827486
-1.457142199498143,-1.4587500514688785,-1.0502151000910527,-2.1689669045661457,-1.4357071325297504
1.020019625463765,1.0191812485814589,-0.5438962320904231,0.2840991172052494,-0.1627021075654918
-0.610913360905044,-0.612195413064387,-0.8362598146183969,0.1719621208330612,0.05456605412929546
-0.16261674459007444,-0.16377734521885656,-0.7562244485821483,0.17094317442853604,0.05779907703562403
0.5771188422833083,0.5772995093399921,0.1188705324756466,0.9437945767187128,0.0744965125481231
1.7632800301770495,1.7616429159053668,-1.0625532541693623,-2.1689669045661457,-1.4357071325297504
-0.9716037934029172,-0.9705452926148564,0.6873612918799209,0.9451619872371515,-0.13983335763086613
-1.050968658560888,-1.0512628110338111,-0.19377098648613272,0.1726652716343516,-0.08875761063721169
-0.979540573829442,-0.9782907564280903,0.8119469208491693,0.9432687692611103,-0.1695801758322578
1.6173276447730964,1.6157205849704026,-1.0432837005218947,-1.3232242767333349,0.09143454511411615
0.43312410630902676,0.43228024583307745,-0.5486923000417628,0.30273883601291235,-0.19317372439053476
0.05429875921268776,0.05356386725787529,-0.4785129150713001,0.9451682098106144,4.582355988910696
1.0740640404096795,1.076447043433282,1.5542622164131192,0.9423758299692061,-0.07400600379484731
0.03401691711454813,0.03414256061028597,0.0819010681976088,0.9457080180585073,-0.16815163082713583
1.3123098397928408,1.3105827366064233,-1.1221029789168209,-1.391821926586673,0.06671620533075356
1.2364438127404656,1.2361462231929858,-0.19123638728256392,0.1470360471846567,-0.1848550812659721
1.1411666933821358,1.1398892717240845,-0.8295879746926411,0.23338825477058164,3.208670119448612
1.8080416130034727,1.80686058731163,-0.7654148884379118,-0.6262151554505013,-0.08814408815080148
1.5898691499647721,1.5891136861124495,-0.4887068807910702,-0.5257532625377944,-0.184548320022767
1.4871194277789894,1.4894645908589916,1.530479439114772,0.146875815917991,-0.0876598865806443
-0.14877677860206684,-0.14828447054972393,0.32032381416664535,0.9461264861238776,-0.19953751645545692
0.6563879471587855,0.6547752346221389,-1.0489704423183708,-0.5997396610098727,1.5980172045369014
-1.3187061012679149,-1.320312432629657,-1.0489358724594255,-0.6016157669088914,1.5943902039554758
0.26614604207969383,0.2662985755074231,0.0998985367462895,0.9458838057588304,-0.06616554731410448
0.5350050536072455,0.5337195155445722,-0.8361389629627457,-0.5465428804768366,-0.06369040512628264
-0.7009128108662459,-0.7017275112256492,-0.5320670549022851,0.22200094533375211,-0.039399125112872385
1.4411558810198546,1.4409148690333073,-0.15396093689766455,0.23229774877123488,0.19618448727916254
1.7632607956939452,1.7627577166013166,-0.3239699320142629,0.9439454741251841,0.20114379404431218
1.5705537668359388,1.5729156975202492,1.5415740782256544,0.2453931546235889,-0.18583250679579244
0.7835356684547264,0.781903083380989,-1.061647866706576,-1.5116935817730577,-0.1650268765948796
-0.4080660125279463,-0.4096851566408403,-1.0553804369902156,-1.4424550068530564,-0.03117070588336999
0.2576679921475521,0.2578694038349812,0.13171466358033537,0.0933694623551835,0.06972366849943148
-0.6448413462717273,-0.6465524951809971,-1.1157961224191844,-1.3225740178064778,0.20059042082127526
1.2715820722560194,1.2734922162731026,1.2467070379372935,0.24506024694333195,-0.1860309993649252
1.301776923097068,1.3001426468990807,-1.0616678657985277,-1.511015321265618,-0.16371562265333614
-1.4492602632520901,-1.4510881942423375,-1.1935334499395214,-2.1689669045661457,-1.4357071325297504
0.8677299909046883,0.8663360825395734,-0.9060249326841451,-0.5434813743331646,-0.027107623142486367
1.1315173602878783,1.132574843500985,0.6910871227105293,0.23976950385663018,-0.08463137116978586
-0.8768643580586621,-0.8771375763090109,-0.17977347917845618,0.9467005185258163,-0.06147991969730453
1.4109343900227078,1.4115457309929644,0.4011031464234984,0.9445552863245337,-0.06314605429275201
0.16615339356223305,0.16454013051569144,-1.0503519510202652,-2.1689669045661457,-1.4357071325297504
1.5787606779803076,1.577930097644641,-0.5376525155830911,0.23209240384696417,0.21006392980261016
1.5066610815909673,1.5090433925748235,1.5547141958912287,0.9462618270966919,-0.05901379989898864
0.3727276534536464,0.37111354058356477,-1.0504743740331415,-1.3872996713226204,0.07545890076209995
-0.4154799222604119,-0.4170913577559723,-1.0503753785279804,-2.1689669045661457,-1.4357071325297504
-1.0882781408071467,-1.0872026888114408,0.6981579445207222,0.24560472212132256,-0.08772304330718668
-0.2921893476123005,-0.29401993868741766,-1.1928514809039672,-2.1689669045661457,-1.4357071325297504
1.541666461873139,1.543073747465044,0.919765025424769,0.24712769697632997,-0.09062223780179193
1.3621525931739507,1.3605378233872978,-1.0488375912075485,-2.1689669045661457,-1.4357071325297504
-0.11521404355420178,-0.11415230925764687,0.6912542579789831,0.17116096449973228,-0.08754861044340335
1.2820097439069102,1.2821776647768748,0.1120399854701882,0.2355894901330288,-0.07017148825478325
1.1806474119579533,1.1833115502382578,1.7375846070419882,0.9433372175692004,-0.06856249545954064
-1.4665534901266002,-1.4675130840407564,-0.6280321262300613,-0.5514073772813404,-0.0385239533307872
1.7782320613602665,1.7769530784852827,-0.8292754174555669,0.23539659035568358,-0.04856286538783358
1.0621236427048117,1.0622932866728925,0.11270338392035849,-0.5407449976529212,0.07165445985372237
0.047925152642531686,0.05027029401616544,1.5274621475418826,0.9485501784876177,-0.16285849565026303
-1.3866282874562086,-1.388456441049522,-1.1935477350052015,-2.1689669045661457,-1.4357071325297504
-0.7988400774154489,-0.7996629781928273,-0.5376122316978741,0.9420304771420234,0.20054530887374514
1.4418425400470467,1.4414518913436665,-0.251416083426502,0.2881251222356476,-0.16795313825800307
1.0933586664223696,1.0928501292929511,-0.32892256428545347,0.9455244521413568,-0.07075192864633806
-1.7067001764431216,-1.7060618703776451,0.4121596444090154,0.9422109317724431,-0.08810198366643995
0.8187908647400455,0.8169556760280744,-1.1935275930625928,-2.1689669045661457,-1.4357071325297504
0.7600962662019068,0.7607151955544368,0.4046872694025631,0.9442005996371565,-0.06608133834538142
-1.0916348083716447,-1.0934665316788073,-1.1952570859644476,-2.1689669045661457,-1.4357071325297504
0.24052239531557557,0.24203091012028374,0.9829792980710694,0.9452911056365036,-0.19791348634437098
-0.3597983418710886,-0.35755252954195077,1.4619195520404296,0.24651788477698072,-0.1846295215283213
-0.7083749057271724,-0.7093057269911274,-0.6077107631965891,0.24614608601258134,0.004864717803726879
-0.8716912708719246,-0.8697914433354127,1.2355156889317591,0.9449535310261493,-0.18379645423059748
0.2557033057493143,0.2562123391450401,0.33206085268114854,0.9434507795348955,0.19320409127900265
0.006803520603517459,0.007425867584364494,0.4053412397093847,-0.476104904521891,-0.18494530516103252
-0.6381350189395608,-0.6371135297604316,0.6639519261984438,0.17229502851331815,-0.0852869981405576
0.0015618756688217097,0.0010414828822924197,-0.3389222531119781,0.1142119721686592,-0.16079537591655002
0.6933495862780816,0.6921935852208899,-0.7514426656964884,-0.5407574427998463,-0.07167221237595338
0.8347467780629941,0.8356512261961728,0.590797962001474,0.9446035112688699,-0.1858114545536116
-1.0286360135632693,-1.027726660345278,0.5901042792120624,0.9507311904863112,-0.06266786764893217
-0.33606163378293497,-0.3376731754595363,-1.0502788114839847,-2.1689669045661457,-1.4357071325297504
0.508039226217649,0.5085091704896253,0.30712912755017424,0.17246926057027492,-0.0858975131637992
-0.6036123927304731,-0.6038669291819296,-0.1670360575143958,0.943822578299295,0.2090895117359586
1.4372262103645967,1.4374044427906925,0.11907966583719909,0.943877025817094,0.07670098305076385
-0.7109104321209484,-0.709837477568868,0.69731883976269,0.9448150787666032,-0.07066170475127764
-1.0305243698101543,-1.032233935583961,-1.115569846978816,-1.3211770500640907,0.2032911227467481
-1.1387453169608373,-1.1400256143674874,-0.8362183879279255,0.9452242129717787,4.5848341385616855
-1.0793259297426532,-1.0810452904178236,-1.1220509812777464,-1.3909134308611117,0.0684725638212613
1.1657790983941645,1.1652707255730963,-0.3286644331486193,0.9440403683704912,-0.18469568571803227
-0.763555454963536,-0.7620597657960437,0.9725309153315418,0.22576404663534913,-0.15958336825957292
0.27786698848830993,0.2793398547751869,0.959839777280284,0.2893603030680031,-0.17376656456305722
1.0683486642419056,1.0678583765707033,-0.3170891015776115,0.23689934184693734,-0.05838824755990371
-1.6266684848713275,-1.6256942087885664,0.6311398445852016,0.23516791078092772,-0.20190438996920643
-0.6194696954948778,-0.6180936933525176,0.8948808695625081,0.23232886163854882,-0.18545657389970777
-1.0953453477424062,-1.0965224714010577,-0.7689320144589381,0.09996694586906237,-0.15467218090512216
0.3359861319744756,0.3345921548367603,-0.9071793088417306,-0.5995872079600355,0.05552242741693494
0.5867682580673751,0.5876078256914233,0.5480246183883859,0.9445957330520417,-0.06228892728967874
-1.368326264430068,-1.3691642202379866,-0.5486057325437432,-0.545965736788167,-0.030728608797574337
-1.585342724593787,-1.5785613505901135,4.413318545319538,0.9428114101115986,-0.0711007943739047
0.5166435463398524,0.515248445994335,-0.9075338641719036,0.9463893898526788,4.587086728475026
-0.9826064344950713,-0.98377652248733,-0.7641145189090786,0.2307981085667126,-0.05318834374125992
0.9214880389777508,0.921531717671733,0.03037026506951254,0.9436078995148298,-0.18404607367359774
0.39772810331612196,0.396123890557195,-1.0439743834475135,-0.5404012004691042,1.7127338796429457
-1.2054987895125193,-1.2072178371802318,-1.1221104071509744,-1.391110997568554,0.06809061599883925
1.3426850134194857,1.3408489899629765,-1.1929780465858904,-2.1689669045661457,-1.4357071325297504
0.4396754417929386,0.4419307155351126,1.4697499107928182,0.23601418077186131,-0.2062200996162589
-0.6637014871262851,-0.6645237553478354,-0.5369182632071489,-0.5398209454937027,0.20321292870436222
-1.4012207989217893,-1.4030478321134148,-1.1928484810401745,-2.1689669045661457,-1.4357071325297504
0.8634809722061968,0.8629724999868188,-0.3293599729965693,0.9454062232455647,1.436889357811822
1.2845769758107748,1.2846542245245363,0.052991666528090946,0.9435581189271278,-0.0664241891466107
-0.421634799808963,-0.42188043896160615,-0.16086162357561098,0.23560660221005134,-0.06967525683195135
1.0332696836687671,1.031892214923443,-0.8949725773676752,-0.4777912219302956,-0.060352121009050325
0.22057973387403906,0.21895094624216166,-1.0603493542362812,-2.1689669045661457,-1.4357071325297504
-1.6277595766847388,-1.6293672673792816,-1.050466088695047,-1.3893095625510883,0.07133867622101148
0.7304677528195165,0.734010343583524,2.308770672638729,0.9448057449064091,-0.4255634108974339
0.5157136092878518,0.5166641188482609,0.6201314872710255,0.9492844421562223,0.07828290867748844
-1.50890722949483,-1.5091958943343982,-0.19115253394702336,0.23711246498803656,-0.06289041992341439
1.4704555054465136,1.468822716788896,-1.0603470686257723,-0.7247713852402413,1.3562983672807642
0.6348723325297547,0.633596588503674,-0.8295518334764712,0.23237864222625088,3.2067182758521406
0.28925033806820805,0.2907480210265542,0.9760263280527348,0.9441508190494552,-0.07166018252327866
-0.14334798250209074,-0.14474077130663232,-0.9074055842820988,0.9469898681918337,4.5882476092581355
-0.8977552198138844,-0.8978187176038696,-0.04322867892338348,0.9459506984235546,-0.19047302246506212
-0.8786189147367819,-0.8797895958122496,-0.7642837969373844,-0.5448565630684321,-0.06010250156605008
1.3093389188723679,1.308830056483,-0.32868371798728696,0.24590029436080296,-0.08600578183787155
1.5589572984199545,1.5576784658023857,-0.8296351154093844,-0.48762911057490077,0.1967919948392352
0.8341422056700281,0.83298538525624,-0.7516825119492524,0.23823719514142835,1.708400125216881
1.4784651024751763,1.4768464883846195,-1.051098631403349,-2.1689669045661457,-1.4357071325297504
0.09625225709327813,0.09720184660272575,0.6186569827915553,0.2360546274993693,-0.2064125772590543
-0.3541260797750397,-0.3553161188744477,-0.775796988472685,-0.5455363792192374,1.4448741725246612
0.8444057838909037,0.8436702829525216,-0.4772608290644647,-0.4264052102749196,-0.1833874392396574
-1.118166966973056,-1.1166790045646489,0.9667586059916439,0.27907594477744585,-0.1524887626446621
0.5728841697183764,0.5732650123384797,0.24923361340843778,-0.5439807358535501,-0.05653865771116696
-1.3450658713573609,-1.3444930476408858,0.3702664036924603,0.23163193341072102,-0.28419158972739844
-0.7482822905584186,-0.7498924136783821,-1.0502151000910527,-2.1689669045661457,-1.4357071325297504
-0.604243728985247,-0.6052030739957843,-0.6260706438615664,0.9460782611795415,-0.1628133837027329
1.0889337357925613,1.0888575999768633,-0.04731406485715265,-0.3519894542339118,-0.3265727607004054
-1.4727973761263522,-1.471721452807659,0.6976625384429463,0.9454217796792209,-0.20868020448823726
1.3536690710188637,1.3551831843017756,0.9889483127653784,0.942256045430048,-0.06645125631512874
-0.8091303418530595,-0.8094217497029915,-0.19147880484715019,-0.550315315638628,-0.18545657389970777
-0.7452539302696145,-0.7452858241296255,-0.02232719937265419,-0.3511167383057613,-0.32893361928781756
-0.351890084603347,-0.3535188302642382,-1.0615165869529786,-2.1689669045661457,-1.4357071325297504
-1.1339221013237564,-1.135195277878657,-0.8315705989583421,0.2217162625978313,3.1861051232940225
-1.2435410157687457,-1.245369417024453,-1.1934104555240184,-2.1689669045661457,-1.4357071325297504
0.36545422888165685,0.3637373564310183,-1.1174156203153045,-1.3223453382317216,0.2010325179070709
-0.7236597046103819,-0.7232659902178711,0.2549113556135357,0.2349096739822235,-0.053059022825006734
-1.0234902069948129,-1.0228558781411765,0.4109949830041404,0.2304558670262616,-0.06510391281556126
1.2121079959281724,1.2108201844987898,-0.8362066741740679,-0.615124973896518,-0.06585277114456202
0.554788364548302,0.5531744393302908,-1.049972253974496,-2.1689669045661457,-1.4357071325297504
-0.5658346624408995,-0.5652116335861826,0.4045904166572539,0.23535458798481002,-0.060980680811304026
-0.0901011713030049,-0.09173113868163459,-1.061766004199748,-2.1689669045661457,-1.4357071325297504
1.0102471760170233,1.0084112457972467,-1.1936110178461627,-2.1689669045661457,-1.4357071325297504
-0.6063093807372325,-0.6044934336426753,1.1814391442488634,0.9443748316941136,-0.19843377747255217
-1.3619825628377884,-1.3616208549350608,0.23273393399628542,0.9447855215426552,-0.06401220368533123
0.9480029349299699,0.947586689483802,-0.26911742256363996,0.23309734946119826,-0.1655591975757357
1.330552023472156,1.3289338198991854,-1.0511399152431637,-2.1689669045661457,-1.4357071325297504
-1.5961803933751153,-1.5973195232828565,-0.7452322333921906,-0.5423597554665042,-0.1010160305127423
-0.6014194866261602,-0.6014546097787508,-0.02413026036276001,-0.4762791365788478,-0.06604825625052602
0.1962913481117878,0.1968764766945312,0.3814967509273007,0.09985493954673279,-0.06074008375780973
1.5428750510800615,1.5447040095565154,1.194397984430961,0.9689633307321638,-0.1356078718788739
0.06737160438306204,0.06800425668577731,0.41217935779965353,0.24662211288248181,-0.1864730964507207
-0.5478071211080556,-0.5465360570007409,0.8266855373643146,0.2330040108592571,-0.07364510821460596
1.705310667545803,1.7043619180215193,-0.6143506045752222,0.22242719161595056,0.19765212930547707
0.6578381974428414,0.657868422365055,0.021057830752843464,0.09667831579399994,-0.1359868122381272
-0.891338280493648,-0.891701977681115,-0.23873151650545685,0.2340945168586035,-0.19504436648145237
1.102984936517289,1.1036039512467613,0.40545837724795925,0.9442161560708136,-0.1856460440793344
-0.29194363648920574,-0.28955692735919686,1.5538255219552877,0.24182762002943414,-0.20218107658072473
-1.6176749920710936,-1.6146372842524404,1.9750466823440571,0.9474830071387564,-0.06945270455746914
-0.7074997069161797,-0.7092166810993711,-1.1197208013640556,-1.3716498990638084,0.10571398023899807
0.24074157331871782,0.2409349810646287,0.12646647330022945,0.221459581442493,-0.0883185210145848
-1.5214801491868557,-1.523078705533104,-1.044295226022682,-1.3231807187190956,0.19941751018549095
0.6990590425573913,0.6974442747758088,-1.0502199570133839,-2.1689669045661457,-1.4357071325297504
1.036255828726265,1.036415022855649,0.10584355253025632,0.23492056348578344,-0.17933337888827974
0.8563191343513815,0.8568019311447506,0.31622657162836193,0.23216396344178575,-0.08706140141007741
0.8942551890859246,0.894424651913253,0.1122351194673743,0.23410073943206644,-0.06770536845646737
-0.29439382458715957,-0.2946485893476087,-0.16653950863136555,0.9492299946384233,0.20450012294055625
-1.3703616718908218,-1.3695164693619197,0.5476106371849849,0.2327177724799704,-0.19164593310084643
1.1798103735069048,1.1786174926984925,-0.774446906915286,-0.5512487016580402,-0.13612214808071774
0.9778875605851722,0.9780146842469994,0.08483464928561481,-0.5426024358315514,-0.1643682421609393
0.7047534997387858,0.7049341967515131,0.11915637663989961,-0.47315851598727954,-0.06659260708405666
1.5587202760875831,1.558459875854557,-0.16634294612761127,0.23939614944886525,-0.2000548001204695
-0.5977449929934581,-0.5968083650004462,0.6087671461201086,0.9442472689381275,-0.0884809240256934
-0.7564614747350052,-0.7549483164965967,0.9839231123605344,0.24703435837438883,-0.08889595394297084
-0.19711454587081248,-0.19499184914967782,1.3820753201829772,0.9476183481115714,-0.19002491045292927
0.2707858477718551,0.26918199501062806,-1.0440048106374116,-1.3201347690090803,0.07081838509282995
-0.7128255004662591,-0.7118812992429924,0.6134593616439562,-0.5336481526186564,-0.1948970007861871
0.5758908769019903,0.5747347691990939,-0.7517572228427579,0.9445179508837569,0.2034715705368686
-0.6878247924448829,-0.6894353650128174,-1.0503816639568793,-2.1689669045661457,-1.4357071325297504
-0.8823701535052375,-0.882633612541253,-0.17342891010742487,0.9440248119368342,-0.05696872494428789
1.2074886749363907,1.208538907625099,0.6865234727777999,0.222319852223718,-0.13329513270216065
0.007109964430448413,0.007056164605851087,-0.03502433715149758,-0.41546437048404217,-0.17729431885991617
1.0542713506456984,1.056210189331204,1.2649420671282292,0.22266209376416898,-0.04149532694144079
-0.1247488212135983,-0.12369092544919018,0.6887343723930645,-0.4749848412985962,-0.19086700014015903
0.4323796161787582,0.4341924108378624,1.181553424774302,0.28756664626736594,-0.4183545216821132
-0.33510586461000075,-0.3349035659409212,0.13105540779921193,0.24596252009543051,-0.32776973104153917
1.6972030190469882,1.6973461883399938,0.09678596378531543,-0.5444085377791141,-0.18060553580863045
-0.9680155796770479,-0.9669407117142633,0.6980285218256631,0.9689508855852387,0.20300842120889226
-0.3628618315106229,-0.3646935029567522,-1.1937025851171703,-2.1689669045661457,-1.4357071325297504
0.39659152640489054,0.3975194555950402,0.605176594861488,0.9436654583193607,-0.4294851428693896
0.9563356363564363,0.9549313507151134,-0.9125986342086805,-0.5432215818910947,1.7072813489181333
0.8699243174312944,0.8682915834456376,-1.0615645847736626,-1.3918172596565759,-0.16051868930503174
-1.6096751552912922,-1.6106239360340573,-0.6212882895732792,-0.47513573870506787,-0.32887046256127517
1.4318542063713413,1.431115203266445,-0.4783159240155755,0.9459320307031664,4.583543936862323
-0.31886841946500766,-0.3204778965679174,-1.0488983027366878,-2.1689669045661457,-1.4357071325297504
1.663979265059635,1.6623615000396115,-1.0501585312309607,-2.1689669045661457,-1.4357071325297504
-0.6291391570872593,-0.6304111557260428,-0.829750110188107,-0.5452454739098537,0.068195877209743
0.9373387291894537,0.9375370742807652,0.13113568986833252,0.2343216407899938,-0.20348030066959347
1.601991215864493,1.601031861513471,-0.6214729954725192,0.9466896290222563,4.5867107955789415
0.09185612927611748,0.09058171225518895,-0.8298206784125652,-0.6077901154273033,0.20437380948747183
-1.2063799593173492,-1.2061739387108037,0.13166138028534946,0.23453787521782446,0.06668913816223553
-0.9097008146938972,-0.9042707504685926,3.534636727120199,0.9508323073050812,-0.09395450699268688
-1.6904149701468592,-1.692022164871073,-1.0502738117109967,-2.1689669045661457,-1.4357071325297504
1.04453833085844,1.046034949628183,0.9769092879624038,0.944566175828093,-0.19284891836831758
-1.3800686255252468,-1.3787814724314673,0.8354274261577317,0.3707748986112372,-0.32961631342710734
-1.1614383265597665,-1.1630660721643116,-1.0625545398252736,-1.3222302206226608,-0.2803811338926837
-1.2414579116416133,-1.241828709300445,-0.2440865590768476,0.2466330023860414,-0.038638236931196904
-1.0132753639979988,-1.010008724532434,2.125408283825957,0.23415052001976847,-0.13016135608039847
0.6096848788960351,0.6083917158734752,-0.8409491731291084,-0.5438485061674668,0.0657718618957888
-0.9155922876935427,-0.914981240688501,0.3960569469721051,0.9438785814604599,-0.5707577177548586
-0.3005294143538698,-0.3008329526480845,-0.19831792289201666,-0.42533648328269275,-0.18360698405097084
-0.1736800644293193,-0.17392574766837315,-0.1603729314787046,0.9471656558921567,0.08065880458074373
-1.0540406400270912,-1.0538572202709358,0.11725960561893432,-0.5252616792342374,0.056187076777212804
1.7373598439388531,1.7379486044648595,0.38707792608840297,0.2468694601776261,-0.18326714071291034
0.1384587950022297,0.13908868270913113,0.41052714710312654,0.23724780596085124,-0.07096846599448274
0.2765720853774185,0.2767725992929254,0.13116940262333676,0.2317672743835357,0.07214768381338568
0.3905821548455239,0.3891973991248005,-0.9010595867044995,-0.487031743522477,-0.03231654935063628
0.5927669867683513,0.5931395835874645,0.24390471250724116,0.23672044285988353,-0.29691015146773664
1.1302015265657794,1.128484640944241,-1.1158284066676205,-1.3216592995074536,0.2023588091644579
-0.5643059156202237,-0.5634800009128133,0.5367307026112705,0.2367266654333461,-0.17018768339233079
1.7062078940884955,1.7058275695765621,-0.24414041377446052,0.9444308348552787,0.19880098023591197
-0.08927039973054875,-0.08920797537001243,0.040469949355795794,0.9431240944281012,-0.061052859927352196
0.5779369081388708,0.581201486147667,2.127386051169327,0.2963078063391618,-0.18234384952012625
-0.27463039692617197,-0.27590300059975875,-0.8294044115986554,0.34531212800167094,-0.2806187234830092
0.6512512062009257,0.6516155434293877,0.23864737978510014,0.9685790868208393,-0.037651789011870614
-1.069852127811784,-1.0697759173602062,0.047402491730208086,0.9469323093873036,-0.06634900256739376
-1.2509972664122535,-1.252257606747665,-0.8234548245936709,0.23296823106184614,0.2051948469325211
-1.1491463144584937,-1.146881018673398,1.4729617649602669,0.9436779034662859,-0.18431975282194743
-1.3506556362215103,-1.347188887996551,2.2550326840124453,0.9686942044299004,-0.1851167305616471
-0.6501671130627705,-0.648811700965103,0.8814067670613399,0.3686281107665891,-0.3211292523650987
-1.4482017380633325,-1.4446068283036209,2.33829918905481,0.948223493380824,-0.15977584590236835
0.5800482088329403,0.5792035795428625,-0.5488864340843516,-0.5562438725052616,-0.032169183655371004
-0.33766517803245205,-0.33639337380968043,0.8276060669967216,0.9451993226779277,-0.05759728474654142
1.0423401036539368,1.042090481361525,-0.160400930207437,0.23224174561007027,-0.07036998082391585
-1.1923118501716574,-1.1941404563593037,-1.1934370257461828,-2.1689669045661457,-1.4357071325297504
-1.4231176126940102,-1.4233700702983845,-0.16739218420179341,0.2352581380961374,-0.20572687565659575
0.030370072585218753,0.0298567874111839,-0.3342330374519233,0.9436607913892636,3.208919738891612
0.9313669119636582,0.9308587403121924,-0.32902255974521216,0.9469323093873036,3.213737694887834
0.10122995396355847,0.10008516696621218,-0.7453746554970183,-0.5411447979979027,0.20571814552387105
-0.5474704772958388,-0.5464166443060195,0.6852062468714646,0.23119946455506,-0.06809633866839554
-0.34821391348613295,-0.34846061674483203,-0.161401456207651,-0.5431889133804155,-0.07023163751815671
-1.3875088143861556,-1.387751201666456,-0.16075919965468674,0.2348225579537453,1.700580720978319
-0.0690493916696455,-0.06647502967963823,1.6765066659681036,0.9462151577957217,-0.06927526423051723
0.9297583080628962,0.9302715719476078,0.3362226637163049,0.25350116784555005,0.0658199813064877
1.4580162221369986,1.4568211142177525,-0.7753168674151865,-0.4896576695237567,-0.1656524289339647
1.0291513771603806,1.0324144379987301,2.1273394818552105,0.9466351815044572,-0.19030761199078491
-1.4422295856915728,-1.4424810207140046,-0.1667660697730473,0.09411928245744447,0.06845752650541814
1.4354716889996315,1.4338545602559742,-1.0502209569679815,-2.1689669045661457,-1.4357071325297504
0.7040296831575054,0.7035148726168338,-0.33382077045640396,0.9488395281536358,-0.024728719776062304
0.08303520769503933,0.08140504026247762,-1.0615350146877054,-2.1689669045661457,-1.4357071325297504
-0.5016000568088023,-0.5009897117640943,0.3964636427920092,0.22184538099718343,-0.08847791656252463
-0.391289140302794,-0.3928982825051631,-1.0488313057786496,-1.372835299308462,0.10342229330446549
-0.7364093232125978,-0.737561204222952,-0.7517427949264212,0.2373535897097179,1.7108512076993534
1.2300087961557813,1.2330277600858093,1.9687812525368922,0.23824030642815983,-0.19151661218459343
0.1449166405543514,0.1463083693320226,0.9067184749393973,0.23894812415954725,-0.15915029356328342
1.197124413428331,1.1952887975582402,-1.1930163305619124,-2.1689669045661457,-1.4357071325297504
1.3017929298262396,1.3012925862646418,-0.3231512549001529,0.2306627675938979,-0.05462591113588783
-0.13411555234369124,-0.1323868259552279,1.1256186787477769,0.9469509771076916,-0.0580484042218432
-1.5369687986287548,-1.5367802358077827,0.11960149928648257,0.24019575013882827,-0.06091451662159305
0.2655098828376121,0.2646837232815042,-0.5375136647446834,-0.5427253316574406,0.07576566200530489
-0.830637581123031,-0.8306901725396362,-0.03598543637043513,0.24541648927407436,-0.08799371499236762
0.35387610663650265,0.3542858186903497,0.26757892330642163,0.9440185893633712,0.20431666768726697
1.4187347767892904,1.4171179273662,-1.0500739636421363,-2.1689669045661457,-1.4357071325297504
0.3420772719110036,0.343556257454031,0.9639591616703711,0.23050409197059774,-0.3147624528370078
1.5888009384435073,1.5901807172560634,0.9019485486582516,0.946422058363358,-0.16085251771675488
-0.5381378367394563,-0.5385321052333756,-0.25790521736221306,0.23105790100878237,0.06892669075973168
1.26838107012175,1.2693173047486324,0.6124049809461293,0.9438925822507509,-0.0574980384619752
-0.09894493259900203,-0.09743535538273586,0.9829628702455375,0.9476230150416685,0.06002459978044562
0.7430092519193905,0.7425935832045005,-0.2691695630533713,0.24525470236404273,-0.23283915612222572
1.2656728806068809,1.267177123215792,0.9823360415635073,0.9452957725666007,0.06552825737912592
0.6029968407072444,0.6036261178404138,0.41109883543163256,0.23833675631683243,-0.1962353218962488
0.4154282272209007,0.4150311647810955,-0.25773508222996644,-0.6753828196664075,0.05796749497306998
-1.5319680955672548,-1.5333559161397274,-0.9070674567774577,-0.5508566795298871,-0.03823523686659402
0.4708202550960207,0.4700649426973821,-0.49094335067390144,0.9442379350779334,4.580879324494875
-0.7232233559705011,-0.7232487166572048,-0.01802625179777661,0.23173616151622212,-0.06976548072701177
-0.7173965334608257,-0.7174529376263055,-0.03823233435121268,0.2466174459523848,-0.4738572544600612
0.961598859602622,0.965599701071103,2.6077060996327,0.23759782571813107,-0.32575172325535645
-0.07531624986348069,-0.07703885277489324,-1.122067551953935,-2.1689669045661457,-1.4357071325297504
-1.2063808748273328,-1.2050110896868926,0.8896071090148354,0.23473699756863228,-0.30645884702828863
-1.6174361139337463,-1.6154816901385518,1.2695174308148163,0.0979617215706919,-0.05559130681303343
0.840471064989892,0.8440430149565168,2.328121508309915,0.24714792034008398,-0.08711553574711367
0.24453504903277887,0.24403091313533837,-0.3278273282997824,-0.48900896624026535,-0.16645542160000157
-1.381263296304519,-1.3815055511568408,-0.160659918448212,-0.5445423231085632,0.0629658987594124
1.3115329813179917,1.3103395964458526,-0.7745003330609285,0.22138957749103697,-0.040223170021090084
0.3182165492879556,0.32191287964646403,2.4080391654049618,0.2348738941848129,-0.16033523405174246
-0.24960724136329532,-0.24899786314711356,0.396359790364517,0.9433418844992975,-0.1838535960308025
-0.45361273399629626,-0.4525395038439355,0.6980352358065326,0.9440683699510733,0.05629233798811655
-1.1996350985340831,-1.194398708088928,3.407894338934613,0.9678790473062804,-0.1848430514132974
-0.4189946313259696,-0.4161577638485963,1.8467430793303243,0.23344736921847772,-0.053804873690838896
1.6695539292731325,1.669145398945932,-0.2625870047881143,0.2145074112412373,-0.1544887256518329
-0.8821276442543844,-0.8837375423038241,-1.050347808351218,-2.1689669045661457,-1.4357071325297504
0.6339934822069742,0.6349342967421221,0.6140640484741825,0.9500093719646323,-0.1645727496564094
0.939231080648209,0.9379442450542768,-0.8361405343199704,0.171769221055716,0.06008474904381924
-0.2878148544760752,-0.28808015044140844,-0.17338462640381735,-0.5439138431888255,-0.06037317325123101
-0.5993316435175473,-0.5982649077648124,0.6935014416610741,0.9428783027763228,-0.08504640108706348
0.4053840597190489,0.40554611935079254,0.10639338470827235,0.9476572391957135,-0.05790103852657792
1.1769337698549867,1.1750983597074682,-1.192924477589591,-2.1689669045661457,-1.4357071325297504
1.0378006053064308,1.037432959440197,-0.23727772537122252,0.24734393140416067,-0.04145021499391067
-0.9094452610708046,-0.9089780203499213,0.30241048465481896,-0.5250765576737206,-0.18585355903797313
-0.4172038451059177,-0.41903514021566274,-1.1935708768116027,-2.1689669045661457,-1.4357071325297504
-0.7076211949154975,-0.708341746979248,-0.4707634097906594,0.23268199268255976,-0.06009047171337535
1.4919505939205924,1.4907532832798764,-0.7766806626356381,-0.5500026313221248,-0.18465959616000813
1.0827863545029226,1.081399398763161,-0.9010480158012989,-0.5439542899163335,0.07134168368417991
-1.4093340415945677,-1.410045157778276,-0.46608219376738524,-0.54227108379466,1.4428170677172856
1.1354692036561727,1.1381632700551463,1.756982154877947,0.9434165553808505,-0.13566802114224735
0.2094311663248904,0.21038287455950327,0.6202730522719127,0.9433029934151553,-0.1591743532686327
-0.7403660068957728,-0.7419761036158697,-1.0501813873360484,-2.1689669045661457,-1.4357071325297504
0.06428900966887814,0.06266090220069119,-1.0602325023990202,-2.1689669045661457,-1.4357071325297504
1.345756039456487,1.3470018634619016,0.8141982472003076,0.9474907853555852,-0.0703639658975785
1.3839711345713157,1.3827846365887662,-0.7698638292932322,-0.47668360385392633,1.3080526431288355
1.3100757061288695,1.3086875839335328,-0.9013334314135816,0.23640620290001468,3.214504597995847
-1.4525901450211443,-1.4507602771199855,1.1887396699151878,0.9490697633717573,-0.06963916727392719
0.5328068959323695,0.5311926915207638,-1.050199957921432,-2.1689669045661457,-1.4357071325297504
-1.7045136865854649,-1.7005067898627355,2.606086458885923,0.9487508564817917,-0.19998863593075852
0.903056419525588,0.9035741010603676,0.3390441070387243,-0.5500679683434838,-0.32801333555820206
-1.5606597173995511,-1.5598408898129594,0.53003586372977,0.23670955335632357,-0.06717605493878022
0.4951385776399212,0.4966081624908099,0.9581559965886047,0.23527369452979438,-0.156344330426907
-0.22198301665634396,-0.22316245993077147,-0.7686203143258046,0.23414896437640256,0.0846707604477597
-0.6388316779502604,-0.6384460217581838,0.24984015729720258,0.24724592587212213,-0.08921474503885084
0.25327143048306344,0.251547684428008,-1.1221264064245358,-2.1689669045661457,-1.4357071325297504
-0.11658370483272533,-0.11820425155964873,-1.0556857088437932,-0.6754092656036242,1.451728181086078
-0.17588043696279884,-0.17448202655311204,0.9104007363196822,0.9425018370818264,-0.07077899581485611
-0.6499864619306371,-0.6517073089510041,-1.1221231208594293,-2.1689669045661457,-1.4357071325297504
1.2105604605352203,1.2109331351262596,0.24524450881735052,-0.5247887636510684,-0.1359326779010911
-1.2305599060585857,-1.2299367592064325,0.4032801904331017,0.23324824686766993,-0.0578559265790478
-0.535939701217553,-0.536004010378746,-0.043002117781701724,0.9467020741691815,0.07773855784395747
1.180706146288177,1.1788706718522788,-1.192958476045909,-2.1689669045661457,-1.4357071325297504
-0.8696185597790638,-0.8701220190253148,-0.32971152846294943,0.2350590157453296,0.08090541656057539
-0.7093166595257837,-0.7104881286925612,-0.7644437896729982,0.23410385071879755,-0.062099457110052096
-0.36857959844476473,-0.36976395781874843,-0.7721280122034823,-0.5502748689111201,-0.1346124015700415
0.8473155077724583,0.8479422877941596,0.40998231469809854,0.22199783404702067,-0.08686892376728217
-1.2624127189397314,-1.2640402456508353,-1.0626226795885663,-2.1689669045661457,-1.4357071325297504
-0.38822053442323284,-0.3900517975919636,-1.1934895947878845,-2.1689669045661457,-1.4357071325297504
0.008534978311135638,0.012197374081468964,2.3852917696670874,0.94394702976855,-0.041642692636706065
-1.5492499665208552,-1.5486133964871664,0.411357537971094,0.9474627837750024,0.06797332493526095
1.6644842131213826,1.6641780998387805,-0.1958946043500935,0.9444557251491297,-0.1848430514132974
-0.14166870842484924,-0.14239023722387906,-0.4702185773856314,-0.3523519191381168,-0.29397486741510725
1.3053101803422469,1.3036915840970988,-1.0514483298111907,-2.1689669045661457,-1.4357071325297504
-0.7211087182929898,-0.7228291323626087,-1.1219895554953232,-2.1689669045661457,-1.4357071325297504
-1.6716193304142073,-1.67187001271798,-0.1667544988698467,0.23439942295827831,-0.060899479305749724
0.5183699597497717,0.5212033361586285,1.8464253794696057,0.9452024339646595,-0.3448611442291349
-0.45974882253389815,-0.4596039135401271,0.09341811670064311,0.9458246913109343,-0.05953409102716999
-1.6865114737772624,-1.6856905907128394,0.5311119577274303,0.9446844047238858,-0.1715771313762598
-1.0755479073721173,-1.0740338456777763,0.9838456873045499,0.9433869981569024,0.05642767383070693
-0.7579851862507729,-0.759610792113834,-1.06031906989704,-1.496638065279938,-0.1359206480484164
1.575608681511837,1.574210366837903,-0.90741758373727,-0.48911941691922906,1.3401633273808078
1.4944428094979243,1.495044003814154,0.39466900999065474,0.2874997536026414,-0.30556863793036
-0.5031713643155573,-0.5048925115191703,-1.1220122687497542,-2.1689669045661457,-1.4357071325297504
-1.2088515528897383,-1.2053811600526385,2.257702277086688,0.9436405680255097,-0.18257241672094568
0.229741577861786,0.2299336120581419,0.1255489435316152,-0.4702914652643182,-0.06806024911037137
0.3224298255905795,0.3233463963337762,0.5976242234872287,0.2216027006321362,-0.04176900608979049
0.5468548627617464,0.546597228094319,-0.16665321775417677,0.23717624636602966,0.2047016229728578
0.9352965174760157,0.9345430152899532,-0.48879516249697136,0.2205728647240514,-0.13358986409269105
1.009710756257751,1.0094415099232998,-0.17324991823445682,0.9438988048242138,0.20244903305951814
0.4378130771245236,0.43801276100185815,0.13096526903477226,0.2473734886281087,-0.08990946903081534
-0.025267718176378046,-0.026449781967888858,-0.7699165411855906,-0.5742426662462611,-0.040716393980753225
-1.4477371577626963,-1.4486774805955345,-0.615441840742503,0.2364824294249333,0.05704420378028591
1.6563875035850497,1.6595956181305596,2.092862475836986,0.9484552842423113,-0.16114123418094806
0.7918213777232156,0.7924485572934945,0.4101267367121214,0.2367391105802716,-0.06966021951610803
1.1206648571302438,1.1194878680608908,-0.7642202283951091,0.9467876345542945,4.587856639046207
0.0010721664396352573,-0.00019413732730980387,-0.8247260525885173,0.22230118450332992,0.20031974913609416
0.41234742360746496,0.4129767261642883,0.41071756702863854,0.9434896706190377,-0.2048938083588721
-0.7799363765783377,-0.7811229905264601,-0.7744547637014098,0.2727351424189053,-0.13837774545722614
-1.4837871369098667,-1.4836649020375916,0.07651388422843855,-0.5463157565454464,-0.6682235841253674
0.38082193559443894,0.3790978392176745,-1.1220884081498275,-2.1689669045661457,-1.4357071325297504
-1.6693131258917355,-1.6674603879090442,1.203182442720104,0.9443577196170915,-0.060691964347110834
0.29723490794039326,0.2974256599204162,0.12485468933957626,0.23038741871817112,-0.06568435320711606
0.7176347532791907,0.7160025352961155,-1.0615462998895926,-2.1689669045661457,-1.4357071325297504
-0.26325280404848356,-0.2650846680799316,-1.193620160288198,-2.1689669045661457,-1.4357071325297504
-0.8216410693770828,-0.82016266813985,0.9611502892057499,0.22168981666061474,-0.18538138732049067
-1.2159356145085527,-1.2166730909056733,-0.4828467182972413,0.22800728436866982,0.004133904253738204
-1.4195827580220919,-1.4119313396226214,4.980313801197792,0.9679272722506165,-0.1833092451972717
-1.456969725883669,-1.4554467813975847,0.9888350321945375,0.2365135422922469,-0.07217746618829124
0.7182762066430903,0.7173267824663606,-0.6168496339652483,0.22013261765156192,0.1029982409976821
0.90385585209902,0.9039358978656354,0.05401890560112625,0.2339389525220348,-0.056129642720226705
0.012376266281839216,0.01252307350095004,0.09563958726451059,0.949808693970459,-0.05674617266980568
1.2862212778014588,1.2858635667865703,-0.23028889983803164,0.24592674029801956,0.056617144010333735
0.7902814122861942,0.7904720791247879,0.12582807371499863,0.2416502766857459,-0.07032486887638573
0.8117730339297033,0.8104969354401587,-0.8294135540406905,0.9489048651749948,0.19943254750133443
1.4701220819307932,1.468394377930717,-1.1221649761018713,-2.1689669045661457,-1.4357071325297504
0.3663321380320997,0.36504691403402245,-0.8362863848405613,0.2963715877171549,-0.18609415609146743
0.870812878213582,0.8718368838390562,0.6687395659610327,0.9451697654539797,-0.16986588483328222
0.7433505298703056,0.742642854767445,-0.4593490709098631,-0.5411432423545368,0.20294827194551865
0.7641247849569908,0.7625094689573113,-1.0504412326807642,-2.1689669045661457,-1.4357071325297504
0.40443422425277,0.4030393520378562,-0.9076194317153256,-0.6146645034602747,-0.055446948580936926
-1.5101653029594977,-1.5117632669419028,-1.0438858160402988,-0.5386511016827062,1.7161172757077083
1.0019645718934393,1.0010168414313196,-0.6151545680716819,0.9465994017070463,1.7039400573377321
1.2168516391837683,1.2158942112420297,-0.6210220159490075,0.10015517871631056,-0.16266902547063639
-0.21105861284522756,-0.21066592271130002,0.2553139087643927,-0.5408554483318848,-0.06525428597399513
0.4990260089368732,0.4974117905874592,-1.0502795257372686,-1.386850090389937,0.0658229887696563
0.575742391447637,0.5753481339183806,-0.255573751792611,0.24605585869737165,-0.0403976028848734
0.673903899582789,0.674405387641655,0.32801932189901634,0.23854210124110284,-0.06586179353406799
0.6946626144687484,0.6955823014470675,0.6004305246400277,-0.6809675793492243,-0.05844839682327732
0.13365336666692373,0.13269201389401467,-0.6258385115442695,0.9439236951180642,1.6954169067176994
0.9436169066750257,0.941983739618831,-1.0616928646634674,-1.5121478296358382,-0.16590505584013357
0.5631642919080394,0.568820603964368,3.685062611397658,0.9475467885167494,-0.19062640308666473
0.49145229774836324,0.49312969082201163,1.0934912803325678,-0.5493088143810284,-0.1371476930212368
-1.6474964639876737,-1.648325834344245,-0.5435966742631175,0.9448244126267972,0.07221084053992773
1.1874667019043053,1.1870617401882746,-0.2612687789271813,0.2370580174702375,-0.0647460246984885
-0.08329836974848011,-0.08425038164653582,-0.6202076243546016,-0.48994546354640894,-0.034087945156987494
-1.4028946582422128,-1.4042834637284716,-0.9074395827384169,0.945628680246858,4.585616078985543
-0.19597287487252704,-0.19735453947278475,-0.9002703368256899,0.24550671658928405,3.232098257532612
1.3668582361851476,1.366805585782931,-0.03143835711389464,-0.5466688875894573,0.05668932312638191
1.7361285913634479,1.7454031734800117,6.044045645869317,0.23754648948706314,-0.21063204808470917
0.8132498756771851,0.8122862612885221,-0.6258933661964801,-0.3515009822170862,-0.5692660160231945
-0.16972610972918498,-0.17144832286086392,-1.1220106973925292,-2.1689669045661457,-1.4357071325297504
1.6904030116184041,1.6908898902740015,0.320625514753803,0.24679323365270747,-0.13683491685169433
-0.6005627980495979,-0.600479043799237,0.05329493847247348,0.23562838121717122,-0.19019032092720645
0.9521274144409841,0.9523166950417693,0.12526295651670524,0.23693978857444534,0.06932066843482844
1.3650299682318612,1.3660959134068151,0.6970855646401387,0.9426200659776186,-0.06816851778444387
0.3699688003094035,0.3691155721261041,-0.554925159899178,0.23423763604824668,-0.0666166667894061
-1.0429047441976997,-1.0438552934660401,-0.6212574338314109,0.9445039500934658,-0.18320699144953673
1.4019701281797037,1.4091668901077767,4.690089264404714,0.9429623075180699,-0.1352439688354638
-1.10932685938221,-1.1096897114103743,-0.23863594941605887,-0.6128832918065629,0.19696943516618728
1.2706870441217029,1.2699398181776858,-0.48400766558503955,0.9435207834863516,-0.1858415291852984
-0.09630450288639922,-0.09434639445734774,1.2750913205924217,0.9467005185258163,-0.06260771838555856
-1.197585578094324,-1.198526367693223,-0.615223850640229,0.9446906272973481,0.20909853412546456
-1.5851243973964009,-1.5831872278589139,1.2583473665571447,0.9425313943057745,-0.08795461797117485
1.109838466624752,1.1108515647827222,0.6621344372920015,0.9470754285769467,-0.16072620426367046
0.5126545399340608,0.5112692228954725,-0.9011704388141749,0.23528147274662287,3.212330202124893
-0.6480432498784529,-0.6489857234140922,-0.6151738529103497,0.9454093345322958,0.0760634008590042
-1.327277840947274,-1.3289967155837248,-1.1222518293012045,-2.1689669045661457,-1.4357071325297504
-0.8468751486577153,-0.8481562653915421,-0.836142962781136,-0.6006263777283143,0.056893830621852035
1.6153317389141528,1.6136038679666027,-1.1219706992086258,-2.1689669045661457,-1.4357071325297504
1.067000827150936,1.0693818961112616,1.5529878457038233,0.9435876761510759,-0.13459134932786082
-0.6880497032425708,-0.6852210511528165,1.840831062048078,0.9433698860798803,-0.05221091821143959
1.3056795256709812,1.3076138222558176,1.2625084633390165,0.23496567714338845,-0.19166999280619587
0.23462840828252599,0.23655992531059186,1.2584632184398077,0.9426651796352236,-0.041098341803175266
-1.093098563195632,-1.093351306979202,-0.16688992129249133,0.9455602319387671,0.06814174287270691
0.7639651190508195,0.7626980590229139,-0.8236266739337992,-0.6133842089703142,0.19667169631248832
0.20153141667603547,0.20101996158612107,-0.3326839649296045,0.23637197874596963,-0.29098244156227276
-0.026843920832104712,-0.02678080532187577,0.041050351574366574,0.9445288403873168,0.06545307079990897
0.6340029645566625,0.633169976913827,-0.5411917834559212,0.9688528800532005,3.1851938619539135
-1.614063912309941,-1.6125652792618588,0.9726734802870263,0.9450188680475083,-0.18481899170794794
0.062632468051074,0.06101946780864211,-1.0503968061264999,-0.6118410107515526,1.5746221485477572
-0.4835069907112415,-0.48312975742660197,0.24467853451511648,-0.4740950132934232,-0.06271297959646231
-0.5584355826980129,-0.5598075887042917,-0.8947361595306742,0.23923280689546805,0.1964882410591987
-1.4391592643823088,-1.4389725026916427,0.11863254328142092,0.9452366581187046,-0.06721214449680422
1.1130988062642464,1.1125799427342147,-0.3356068322183507,0.9440403683704912,0.05642165890436974
0.4503733733507921,0.4487521605392624,-1.054936457148887,-0.6611626836606619,1.479270528784829
-0.32379785202639944,-0.3238695330290891,-0.04736063417126875,0.24730348467665267,-0.1838566034939711
-0.8720887642942595,-0.872581444271119,-0.32269627555825103,0.2887971601696244,-0.1681456159007985
-0.36417835745828653,-0.3653676561158843,-0.7753357237018839,0.9493280001704615,4.592767826400658
0.054487062771224455,0.054549660859273395,0.04088307345525582,-0.4847807275723278,-0.0500635895090037
-0.46194207431232065,-0.46377321380037556,-1.193562877174822,-2.1689669045661457,-1.4357071325297504
-0.44713347814433935,-0.4475186184027115,-0.2517702102047046,0.2307156594683314,-0.20029840463713242
-0.8662521063033497,-0.8634644469317654,1.8137611482861493,0.948137932995711,-0.34092136747816704
0.7245657499197085,0.7233609409773031,-0.7831655110516451,2.2939156747914216,7.192205459520737
0.5538727051969153,0.5546937653923418,0.535902311652498,0.23765071759256423,-0.0697835255060237
0.5798415022954555,0.5802052159784089,0.23809226213278273,0.15469914640403132,-0.29319292699125105
-1.299142666038974,-1.2985172337480688,0.4046255579188263,0.9432501015407222,-0.20141116600954312
0.4401413137654225,0.4424858196580499,1.5278667006019346,0.9449675318164403,-0.07859840005341825
0.9993934333895959,1.0003355184087568,0.6156539762843455,0.1463188955930749,-0.040602110380343524
0.1679829251123124,0.16636964150856004,-1.0503615220142708,-2.1689669045661457,-1.4357071325297504
-0.8480763813229893,-0.8488079824865489,-0.47825264117461397,-0.5464044282172905,-0.18132732696911316
-1.6609599176119172,-1.659893200340614,0.691274114220278,0.9475172312928014,-0.19048204485456824
0.32625067579888584,0.326731577965773,0.31388653501935193,0.020871814584067956,-0.18362202136681433
0.3446565780623697,0.34439883539674115,-0.1671454811175031,0.2354852620275277,-0.05674617266980568
-1.378420116443765,-1.37165737886982,4.401612648248217,0.951518346029349,-0.16097883116983946
-0.16840431839276748,-0.16922899690602292,-0.537454524572769,0.945480894127117,0.20071673427435968
-0.8258068674723469,-0.8252027991886709,0.39169914483582174,0.22060242194799945,-0.08681478943024593
-1.618315303569882,-1.6199226746829911,-1.050238241897454,-2.1689669045661457,-1.4357071325297504
-1.570199847524238,-1.5673674958973445,1.841399750512791,0.9448135231232373,-0.08680275957757119
-0.34746523973405713,-0.3473009105816111,0.10630053178135354,0.2339918443964683,-0.19257223175679927
-0.7027375494780993,-0.7021231780630637,0.39866625706917946,0.9437603525646677,-0.3321064929307725
-0.10033985353054906,-0.09667722605632179,2.385215487416357,0.24640587845465114,-0.1880159250562525
1.6227762631776323,1.6262375476596374,2.2576788495789737,0.944847747277283,-0.18577235753241883
-0.2777033379889673,-0.27061366980405344,4.616835447598643,0.9442612697284185,-0.2827510148696018
0.41594000256565095,0.4143071145137134,-1.06261225149062,-2.1689669045661457,-1.4357071325297504
0.8242814371462777,0.8247821975282817,0.3278591863127457,0.23584772693173303,-0.1653306303749161
-1.535526884661885,-1.5368059134336458,-0.8362201021358071,0.943962586202207,0.05757351729797322
-1.1444991243689655,-1.1456856445836148,-0.775154446218407,-0.546024851236063,1.456338622123661
1.4712272042527366,1.4707096663080559,-0.33399619106295203,0.21921945499590376,-0.03186542987533467
-0.402808536991179,-0.4031002427751163,-0.1908249773909853,-0.42270744599468124,-0.16402539135971
-1.5193984569278984,-1.520228691289779,-0.5438920894213759,0.9424084984798853,0.08144976739410603
1.3252858681374562,1.3262234400018713,0.6133946502964266,0.24651477349024925,-0.08990044664130921
-0.8030541746940832,-0.8035736123983874,-0.33997920512162727,0.16790344729198345,0.06607561567582532
-0.051901373144874106,-0.05329471090417694,-0.9075722909985823,-0.681501165023655,0.0692424743924429
0.9481799156873878,0.9465638143375055,-1.050568655466628,-2.1689669045661457,-1.4357071325297504
0.13760363717415156,0.13809230024001445,0.31854746624936087,0.9439034717543109,-0.18413930503182677
-0.21967408753755863,-0.21950037952857346,0.1126755280422829,0.24592362901128842,-0.08647494609218524
0.8854989087826893,0.8836644823854063,-1.192891907639841,-2.1689669045661457,-1.4357071325297504
-0.42201190065219174,-0.42225532242910263,-0.15941826053932284,-0.4770880711290052,-0.0872177894948488
1.8063027570802972,1.8051077222882441,-0.7745424740046839,0.9433854425135365,4.581279317096309
1.4023985600928621,1.4034639565202935,0.6968061487554417,0.23485211517769333,-0.07452027999669131
0.9506625138038313,0.9514783750622506,0.5333442849412143,0.9435658971439566,-0.13637778245005536
-1.5457758164777187,-1.546485405191707,-0.4653720831524418,0.9456255689601262,-0.07387367541542553
-1.690020419121847,-1.6885149402711053,0.9769735707579631,0.22186560436093744,0.05806674125763636
-0.985832621488664,-0.9862149647677644,-0.2510726704475593,0.9677514845502935,-0.1839378049995254
-0.7648718392199084,-0.7662700280877097,-0.9122195085655384,-0.5434564840393135,-0.29861839054754563
0.4836953944159432,0.48241013436254554,-0.8360649663225243,-0.6137155610072055,-0.06641215929393597
1.3223111320802674,1.3219307763729709,-0.24496180505104967,-0.5423441990328471,-0.06689034593775581
-0.33898433206842893,-0.3403764600675445,-0.9073834424302951,-0.6061053536622643,1.5654283336411092
-1.0220828749151092,-1.022045167915361,0.022425340090371986,0.2310641235822453,-0.06509489042605514
-1.4716280226855667,-1.4728971731061797,-0.8296531145921411,0.23656798981004595,-0.06322424833513754
-1.4495013849811045,-1.4510969132735438,-1.0421728938146326,-1.29874933966098,0.24664971924957502
1.1795048704136393,1.17865762871181,-0.5493369850558928,-0.615790789257032,-0.04303214062063508
1.009474830168527,1.0117408962458625,1.4779678233771,-0.27647385833336324,-0.42552431387624096
-0.24176116332271044,-0.23959991152118187,1.4070926128573735,0.24251210311033647,-0.07360601119341319
0.5432075431498523,0.5422521020072744,-0.6211337251626237,-0.48556788311536536,-0.3034724361017916
1.4604688130648202,1.4595207764973153,-0.6143971738893383,0.9439485854119152,0.10466136812996096
-0.6313082075106146,-0.6284961112826971,1.8301668319661282,0.9451759880274426,-0.16545393636483194
0.4330633157003908,0.43167635751103534,-0.9024053827421945,-0.42518714151958664,-0.1847588424445745
1.5240169417189073,1.524486858376888,0.30923117496495833,0.9428829697064198,-0.23306170839670795
-0.20404114503656806,-0.2042964017289843,-0.16667135978759012,0.23913635700679545,-0.06396408427463234
1.7735671861797095,1.772287414166202,-0.8297991079633886,0.2873332997625131,-0.16342991365231171
0.49860792158464984,0.4969934556287897,-1.0504416612327345,-2.1689669045661457,-1.4357071325297504
1.345664492186873,1.3443865585550003,-0.8294946932137519,0.10103722850465512,0.20283398834510893
0.20477486149342028,0.20615815980244573,0.9013527185687468,0.9443966107012336,-0.13645898395560965
1.1745033022895197,1.1728696652685282,-1.0615171583556058,-2.1689669045661457,-1.4357071325297504
1.656662196060592,1.6550429116770253,-1.0511633427508786,-2.1689669045661457,-1.4357071325297504
1.1525926483927307,1.1521934585873765,-0.25758237487784924,0.9439143612578702,0.20209715986878274
1.6646402018534117,1.6665682737975855,1.2592034705433357,0.9469478658209606,-0.06907977912455322
1.7619634963332766,1.7606914525023325,-0.8247900496827629,0.2228052129538125,0.2008250029484322
-0.9755936519304832,-0.976544067458254,-0.6210298727351315,-0.48780178698849197,-0.17092451186865684
1.0723054819395987,1.0720261678016023,-0.17967634073183344,0.9450515365581875,-0.06535052479539274
1.0006937935892237,1.000175444611145,-0.33550626535596484,-0.4749801743684992,-0.18357089449294667
-0.9298892692903288,-0.9289622763183796,0.6017988910814966,0.23769271996343777,-0.28850729937445113
-0.7509595720702184,-0.7456298168012623,3.469637964069176,0.9439859208526921,-0.23296847703847892
-1.152838216160397,-1.1546670308509923,-1.1934904518918255,-2.1689669045661457,-1.4357071325297504
-0.03035949188957307,-0.031532929565266335,-0.7643090815036375,-0.5432900301991852,-0.057609314599216144
-0.9709069133011629,-0.9699721042666489,0.6068038066930752,0.34637152113370373,-0.2784954544859228
0.36237876347664827,0.36155358390952386,-0.5366732743307402,0.09655386432474483,-0.13379437158816115
1.4397269752347246,1.439326517599988,-0.2578089360195311,0.2950321787792983,-0.18415133488450147
1.552533989133035,1.5552194814212608,1.7522682260542661,0.9436794591096518,-0.18124612546355887
-1.3063152110177338,-1.307693143768693,-0.9001567705535354,-0.42567561353641226,-0.1364860511241277
1.4753774895643204,1.4768822300079636,0.9830978641162117,0.23552104182493866,-0.191519619647762
1.4220285990020942,1.4233807858551188,0.8836302375344026,0.2318575016987454,-0.06470993514046433
0.9363376194613631,0.9345018828347265,-1.193639159425552,-2.1689669045661457,-1.4357071325297504
0.5341966861476899,0.5334702267474094,-0.4720194956158852,0.9453082177135258,-0.059684464185603865
-1.5293348392504365,-1.528725381497496,0.39374119497475085,0.09611983982571827,-0.18392577514685068
-0.44845010761876675,-0.4501716990518793,-1.1221874036549886,-2.1689669045661457,-1.4357071325297504
0.6872502414068488,0.6859640707972017,-0.8362332443962324,0.9445272847439509,0.05552242741693494
-0.4405775293586838,-0.43866164897316706,1.2468703162380141,0.9686226448350784,-0.18513176787749042
-0.8611544427507722,-0.8596793918237071,0.9588858205941861,0.9440341457970283,-0.04243365545006819
1.0472466289448088,1.0495891962845534,1.5278709861216389,0.9432267668902364,-0.04056000589598199
0.5401823748631538,0.5438437485202323,2.385735463807102,0.9443017164559265,-0.42486567944230064
-0.6977246857505702,-0.6979694423000091,-0.16086290923152208,0.23680911453172765,0.07021689245909447
-1.1049747238595762,-1.1008585621748725,2.678500456680679,0.9459149186261443,-0.20874035375161087
-0.8163755481438114,-0.8166634155138264,-0.1891880517147357,0.9427647408106277,-0.08947639433452581
0.9620614448196915,0.9674911123162839,3.5382841329402246,0.9697738209256868,-0.08725688651604158
0.3819087025334249,0.3841311092276756,1.4482234596185972,0.21594638135449795,-0.06825272675316676
-0.33730015889416115,-0.3378069052895461,-0.3307416245491206,0.9441445964759922,-0.03969084904023417
-1.3213663688579593,-1.3181382112988678,2.0997025938364504,0.9479341437148059,-0.15853376361370444
-1.4094902542690244,-1.4112086580097654,-1.1221166925798736,-2.1689669045661457,-1.4357071325297504
-0.15741602650488246,-0.15825049846760636,-0.543809950293717,0.23159770925667594,0.08027384929515294
-0.5056021110962154,-0.5060071751303317,-0.2648683297771802,0.17262793619357508,0.05235556870031735
-1.1144967378972788,-1.1125357683996986,1.2748300467411378,0.9469758674015427,-0.188776813237928
-0.11175301596705049,-0.11159715759451602,0.10127547422716648,0.9435472294235685,-0.1377431707286351
0.2927672350139966,0.2914924850832652,-0.8296182590318824,-0.5456903879124402,0.0669537949210791
-1.0622236847430204,-1.0635041558174614,-0.8361718186138093,0.22292188620623876,-0.0425419241241407
-0.6024035045680864,-0.6017792645024773,0.4053029557333628,0.943982809565961,0.05835245025866079
-0.972898947873282,-0.9732821790074976,-0.25162393113214326,0.10378293904509286,0.09449614261983
-1.1799429218522672,-1.1801953000955643,-0.16683306673108558,0.3084324907313271,-0.20227430793895373
0.9611802234708157,0.9595492261803199,-1.0602430733476234,-2.1689669045661457,-1.4357071325297504
0.24033741229025363,0.23861375505160348,-1.1220955506826675,-1.37278551872076,0.10351853212586327
-0.498784982271058,-0.49950844987070475,-0.4722264862175856,0.944561508897996,-0.060722038978797646
-0.34091937778910897,-0.3400044038367216,0.5952000478413646,0.9425236160889463,-0.1831318048703198
-0.230446779017735,-0.23216899061901938,-1.1221364059705117,-1.3912121143873237,0.06789513089287526
0.0634016872597017,0.06287924800010682,-0.3401260555968157,0.1162545319078062,-0.17285831068611665
-0.20574438775299436,-0.20559778600790757,0.09505061400653199,0.9453128846436228,-0.15612779307876215
-0.02114168291253392,-0.02095844171215419,0.11929865589407063,0.9493264445270956,0.06311326445467767
-1.3970528824759219,-1.3966661910811293,0.24893219852259374,0.1673045245961938,-0.06329041252484852
0.3055169117403489,0.30481072299986595,-0.459294644809623,-0.47530530383192765,-0.062309979531859586
0.16087991348965758,0.16050207764443836,-0.24574419809833292,0.942996531672115,-0.05724240409263759
-0.9957274700579795,-0.9952112364691283,0.33413890118559075,0.23787317459385748,-0.06937451051508361
-0.5481365934985153,-0.5495171249596725,-0.9002671941112405,-0.5508520125997902,0.05828628606894981
0.2152848878075741,0.21390197355349988,-0.9002260531220826,0.24636543172714348,3.233758377201722
0.4113248616862938,0.4097112024442821,-1.0500983911044488,-2.1689669045661457,-1.4357071325297504
1.649981062141867,1.648691731323368,-0.8362825278728278,0.23681533710519023,-0.06954292845252956
1.0516427240808515,1.0499163178764621,-1.1221929748306037,-2.1689669045661457,-1.4357071325297504
-1.422068397675895,-1.4220158212997143,0.03127493827901494,-0.47221268482094186,-0.06945270455746914
1.5576408788504277,1.556252136086686,-0.9012210079466814,0.2366955525660325,0.07267098240473564
0.9403619866177494,0.9395244722947029,-0.543500678621749,0.9426340667679096,3.1873472055826864
-0.7535928612874913,-0.7548815257170455,-0.8408640341376568,-0.500867635616898,0.008199994457790426
-0.3386932102025415,-0.33849982546586205,0.12524238602212648,0.9477396882940947,-0.0692933090095293
0.5261310357371802,0.5249401744889375,-0.7744956189892542,-0.5501441948684024,-0.18582649186945507
-0.5716805391391883,-0.5712846022263701,0.2566759897769626,0.9435674527873225,-0.04063519247519893
-1.173730540231158,-1.1740241436532597,-0.1936695625198061,-0.47633047280991536,-0.08728696114772838
-1.1150513924045085,-1.115542033639395,-0.32187545568428905,0.9434850036889406,3.186745712948951
-1.1909367322430704,-1.1892424686371228,1.1009682265600376,0.9458900283322933,-0.33118320173798843
0.5903989397000415,0.5910353638909719,0.4157273395625482,0.9462867173905429,-0.16106604760173113
-1.34880653219099,-1.348619709267922,0.11886096148164119,0.9458589154649794,-0.056057463604178535
1.5359130760295026,1.5354225837293316,-0.316246711254473,0.24025642023009025,-0.06690237579043053
-1.194805512930319,-1.1951026242199498,-0.19599817107627215,0.9437276840539879,-0.039053266848474516
-1.4042927593317012,-1.405003535027623,-0.46584991859943153,0.9422544897866821,0.20115582389698658
-0.5775484505879406,-0.577931972798979,-0.25098853141070526,0.2453947102669548,-0.1816491255281616
0.3496512355556686,0.34871001161345866,-0.6122781272463951,-0.5255743635507403,-0.03951942363961945
-0.21061155466870207,-0.2120043519060668,-0.9075514348026897,0.9470754285769467,4.588413019732413
-0.5384788892125895,-0.5401051198399172,-1.0602679293619062,-0.7242424664959077,1.3573209047581147
0.7587955864291966,0.7614977904578499,1.7614960927821106,0.943830356516123,-0.18429870057976674
-0.01733661856168081,-0.016714059784358873,0.4054288071620021,0.9434694472552836,-0.04247575993442972
0.7395785572353617,0.7406313524223422,0.6872160127619573,0.9455197852112598,-0.16333668229408285
0.5201546800033409,0.5202097774168147,0.03696967971227151,0.9463178302578569,-0.058472456528626766
1.6794364430233455,1.6802716460531475,0.547462072501915,0.23794628983204497,-0.06584675621822467
0.012508576776029387,0.011343957009050607,-0.7584766320372275,-0.5250796689604521,-0.08669749836666746
0.9588807707796368,0.9599417780126729,0.6930220348568595,0.2309785631971323,-0.1175390331614579
-1.6768831934645667,-1.6727512299274552,2.6875986150121505,0.9478096922455508,-0.06474903216165727
1.2540219560164527,1.253608103484182,-0.2669203794620851,0.27174886452505964,-0.1366905586195978
-0.5645764071463863,-0.5652989451908654,-0.4717583646152583,0.10237508179914614,0.07958514022952562
-0.4770153985048281,-0.4768476757023236,0.10824044370067204,0.24681190137309555,-0.08635464756543819
0.7166443962970087,0.7167949112540064,0.09952398232416476,0.10144169577973365,-0.05883034464569936
-0.5006687471498354,-0.5013797043879523,-0.4640825702735253,0.15537740691147106,-0.08544639368849759
-1.292371369740437,-1.2921838180476237,0.11945336315538291,-0.5259866090426477,0.05359464352581249
-0.8221381022474633,-0.8235284203609656,-0.9072128787460781,0.17051537250297205,0.06319145849706322
0.5256644768032044,0.5318506482766616,4.0300753748458,0.9443032720992924,-0.07356992163538902
0.18061768296344843,0.1812290081099477,0.3985255491722333,0.9438023549355409,-0.06360018123122238
-1.204587447797458,-1.2059693902211595,-0.9025559473344597,-0.5499264047972061,0.05691187540086412
-0.5922099067108255,-0.5939211632730983,-1.1157564099365944,-1.3215721834789753,0.20252722710190368
0.6910741476287147,0.6902561294983482,-0.5313232315323373,0.230816776287101,0.20752563088824627
-1.6820624198761327,-1.6832213142251458,-0.75828378365055,-0.6152198681418248,-0.0665023831889964
1.2898526632845173,1.289782114184117,-0.04325624910014544,0.1706336013987642,-0.052776321287151075
0.5337870645211075,0.53209928213754,-1.098118353640418,-1.3217853066200742,0.202115204647795
1.7088218321357185,1.7109590931893788,1.3955379946316016,0.9673236826247298,-0.18425058116906787
-0.06473920466529873,-0.06657058808584836,-1.1928929075944388,-2.1689669045661457,-1.4357071325297504
-0.041166257931905266,-0.04278651725467901,-1.0553411530595962,-1.4415169539035473,-0.02935720559265741
-0.002854547561435967,-0.002221620030020303,0.41221207060006043,0.22063820174541007,-0.08915459577547721
-1.1838312390487935,-1.181909720402917,1.248991505640809,-0.4252166987435347,-0.2834156642298797
0.6644016887673821,0.662686617309021,-1.1156188447540978,-1.3202125511773646,0.20515574991132815
1.545278760705803,1.5454726064580275,0.1294739081778001,0.23801318249676956,-0.06391295740076484
0.15298558079098443,0.15204034954112552,-0.6152984186830777,0.9441010384617532,1.7067941398848077
1.332636638168827,1.3313593408964794,-0.8291074250831721,-0.5445874367661683,0.067804906997815
-0.38789685119676465,-0.38830105793113523,-0.26406436628072033,0.223159899641189,-0.03936905048118558
-0.7852030269552109,-0.786821549025508,-1.055762276795837,-1.4461807727138771,-0.03837358017235333
-1.4111037002393578,-1.40872769027332,1.54452194437934,0.9479279211413429,-0.19732402356331005
0.21996423129204565,0.22175778886661726,1.1685812994811224,0.9484366165219226,-0.16122845061283972
1.5753628091765146,1.5762823229166323,0.6021554463208648,0.2717426419515971,-0.18431373789561006
-0.463332373168669,-0.4646222746472258,-0.8410640250571741,0.23400740083012528,3.209867089789746
-0.7019196810252641,-0.7011013133961581,0.53152822454134,0.9482732739685253,0.08465572313191655
-0.3917377645409586,-0.39078750511107024,0.61807500921576,0.2340836273550439,-0.0702015628864699
1.5813285336767913,1.5804978095644138,-0.5377407972889925,-0.6104720445897479,0.19674387542853633
-0.7382650018506292,-0.7392071189845537,-0.6151299977587127,0.16260181470172172,0.0745506468851592
0.31540850689337724,0.3135756826548635,-1.1930380438617456,-2.1689669045661457,-1.4357071325297504
1.6962177451850415,1.696586751992374,0.24386914269369842,0.23776116827152824,-0.06791889834144361
0.10863029686456534,0.10968437551151966,0.6867353203018316,0.24679323365270747,-0.0877080059913432
0.18984821827499965,0.19506984219179554,3.401176501097368,0.9682555130007761,-0.1821634017300056
-0.1290392609264217,-0.12952436024574934,-0.3162085701291079,0.2379571793356046,-0.06253253180634163
0.35570581870040957,0.35409223435174,-1.0501656737638005,-2.1689669045661457,-1.4357071325297504
-0.05991186572391101,-0.06163440612895908,-1.121994698118968,-2.1689669045661457,-1.4357071325297504
-0.49417176606829494,-0.49290042109698373,0.8269803811199458,0.23511657454986012,-0.0641625768437651
-1.2312860642748882,-1.2322349608970886,-0.6205741791399455,0.17177544362917857,0.06314634654953308
1.178950859658638,1.1780036320612757,-0.6144577425678207,0.09695522031309226,-0.03686082619850833
1.729017382044189,1.729072808578167,0.039706555445866556,0.2714206237748997,-0.08607194602758253
-0.44493557073225465,-0.44653684303062763,-1.0438176762770062,-1.3162907742524674,0.21273756455956477
1.5312104252049832,1.5312875568595108,0.05343007519380435,0.9453922224552729,0.06268921214789411
1.0248392698661675,1.0236434218281183,-0.7767028044874417,0.9437899097886158,4.5820612575201665
-0.6615085915501178,-0.6631189646134062,-1.0501968152069825,-2.1689669045661457,-1.4357071325297504
0.8665989283289841,0.8661001892292501,-0.32301440397094033,0.237110909344671,-0.0653264650900433
0.1147744999702898,0.11481722610508703,0.028066512527329265,0.9439781426358632,-0.22990988699593368
-1.542699498950936,-1.5423031946151013,0.2548890709110751,0.943877025817094,-0.06512195759457318
1.2271336054687199,1.2266251459582593,-0.32859286496956336,0.9494088936254774,0.07236121369836193
-1.0696836195794344,-1.071311759836221,-1.062620108276744,-1.521739926628665,-0.18444907373820063
1.0389716838277192,1.037575077981907,-0.9074244405687962,0.9482514949614061,4.590686661887934
-1.0006313802013838,-1.0000066297164218,0.40480440694113745,0.2350714608922551,-0.06931135378854139
0.6227339387924251,0.6210091221764589,-1.122052695485628,-2.1689669045661457,-1.4357071325297504
-0.014703467745653532,-0.014628521783477844,0.04878071486699632,0.9444977275200028,0.056003621523923526
-1.0562923480172277,-1.0518407260655187,2.8970832463296525,0.9467020741691815,-0.17232899716842934
1.1337340606589665,1.1320990597072484,-1.062490542731028,-1.5212110078843313,-0.18342653626085018
-0.4462278782166147,-0.44740782669615575,-0.7694172781400812,0.9439952547128861,1.4748495579268728
-1.2812927731234403,-1.2784862825333434,1.8251596307440412,0.9436794591096518,-0.18490921560300838
0.9142321170089356,0.9132829340078417,-0.6162836596630142,0.22307900618617338,-0.03011508631116413
-0.4698367840502037,-0.46977242292838234,0.040937213854182385,0.9442954938824636,-0.06304680800818563
0.2628724788701504,0.2635118617552721,0.4169708545299759,0.23422207961459007,-0.06341672597793294
1.3975817646504918,1.3988209250094268,0.8099664393433204,0.9434507795348955,-0.08495316972883445
0.7263163425317214,0.7272652076492815,0.619499944517321,0.3172607668316012,-0.22074614672097248
-0.7737780677317084,-0.7741326296461863,-0.23253651207209314,0.09886866165288748,0.1968731963447895
-0.5024242364461748,-0.5040340302056691,-1.04948756169598,-0.59956387330955,1.598357047874962
-0.3272892941098007,-0.3262260420345906,0.6918002331892654,0.9450297575510683,-0.0761533324972832
1.0791376725928723,1.0786200255175853,-0.33488543640152024,0.9480632621141579,0.2010355253702397
-0.8541070480306,-0.8540509593222756,0.03474763774577701,0.28933852406088356,-0.1670268396020504
-0.8229577262685557,-0.8241371261714717,-0.7698461158117892,0.29616157586278713,-0.1821784390458489
0.28579534595978473,0.2840714257317683,-1.1221719757840545,-1.3915745792915286,0.06719439197457339
-1.5170442839812932,-1.5175441583454585,-0.32872771598958084,0.24553938509996354,0.20040696556798598
1.5992920941535846,1.598973701647835,-0.20402794934555074,0.23561282478351425,-0.16905386977773923
-1.217756525481518,-1.2171233330616569,0.40984946358727625,0.24729726210319009,-0.03575107228926621
-1.264720403324651,-1.2645223866693778,0.1263267653578809,0.24606363691420013,-0.08993653619933338
0.4725771284048173,0.4708526900148138,-1.1221196924436663,-2.1689669045661457,-1.4357071325297504
-1.1855838804817829,-1.187415244437858,-1.1952190876897393,-2.1689669045661457,-1.4357071325297504
-1.2440911396640406,-1.244581202302727,-0.32176788913972,0.2452002548462437,-0.039378072870691706
-0.8496706551017458,-0.8512710633998191,-1.0440995206228687,-1.3199045337909585,0.20575122761872644
0.5705397440797875,0.5702813443746194,-0.1671020545178365,0.23779539242557332,-0.06948277918915595
0.5798477086372108,0.5800384625325692,0.12544566250675004,0.23530325175374242,-0.20487877104302862
-0.6959686035880389,-0.6971565694245737,-0.7751600173940221,0.23431230692979974,-0.05194024652625866
1.7709340057532732,1.7710837176040883,0.10120090618431785,0.9455586762954019,-0.032969168858239424
1.2789556054539186,1.2784487339358253,-0.32745048826714895,-0.4786794942921031,-0.05911906110989238
1.4222854096418889,1.4233314313832945,0.6842291483789654,-0.45122550017445706,-0.37727558226114377
0.7042632671730348,0.7037456593542916,-0.3356421163305798,0.945586677875984,0.0642561004587752
-0.0870311274542415,-0.08512754092694233,1.239601217716185,0.24178406201519503,-0.07348872012983472
-1.058009945860005,-1.058711895122082,-0.45937878384647707,0.23670177513949509,-0.06695049520112925
-1.2726511917010481,-1.2735819066600282,-0.6088189985920288,0.23562838121717122,0.07059583281834808
1.725088028549313,1.7282394458039285,2.056079574516727,0.9425391725226033,-0.18330022280776576
-0.47597755563851335,-0.47402729239082037,1.2691895885574644,0.23458143323206357,-0.1999435239832284
0.1094526171875803,0.10859998811769528,-0.5550785815045792,0.23488011675827547,-0.06277613632300452
0.46546393672350034,0.46563559807714955,0.11277223793693517,0.9440450353005881,-0.037699908422569504
0.731592795270038,0.7317247122389499,0.08744253087612128,0.9443126059594864,-0.04176900608979049
-0.1398514441382719,-0.14124373835750045,-0.9070761706675224,-0.5499761853849082,-0.18367615570385043
-0.16225206257177527,-0.163425072845343,-0.764305938789188,-0.5462597533842818,1.4455297994954333
-0.3398609918789424,-0.3416923463817186,-1.193448168097413,-2.1689669045661457,-1.4357071325297504
0.42084393705539147,0.42235678570298885,0.9861781528287494,0.23504968188513556,0.07472507974894252
1.0410815452365685,1.0425926082455208,0.9863094325823468,0.2219838332567296,-0.2800172308492737
-0.937322002250216,-0.9353609952639216,1.275224171703244,0.23101900992464028,-0.06634900256739376
0.23429625055696213,0.2334990650121166,-0.5187083757318096,0.2311870194081345,-0.05845741921278328
-1.640406827057823,-1.6381400570980507,1.4728967679114238,0.2964400360252454,-0.18365510346166974
1.6957029892784412,1.6962091579747756,0.3331999438184568,-0.539800722129949,-0.05802735197966235
0.980520937098318,0.9788978390677067,-1.0550580230578224,-0.66150959213121,1.478599864498214
-0.5505406724866932,-0.5521514537258171,-1.050231099364614,-2.1689669045661457,-1.4357071325297504
-1.713724018824528,-1.714443318777575,-0.47204735149396077,0.944807300549775,0.06554329469496924
0.072954026962427,0.07266740522482336,-0.18652102995231493,0.9445490637510708,-0.06983765984305995
0.4509784732477135,0.4492542251319306,-1.1220408388811136,-2.1689669045661457,-1.4357071325297504
-1.0037087310217774,-1.0039813860445428,-0.17967134095884557,0.9459787000041374,0.07673707260878802
0.04877447327195481,0.050602806001285146,1.1908727159224974,0.9451479864468605,-0.06242125566910069
1.1973726699499299,1.197068136176604,-0.19584060680182377,0.24593918544494506,-0.13631161826034438
-0.04926352282791197,-0.050986215790938136,-1.122071837473639,-2.1689669045661457,-1.4357071325297504
1.066104724707109,1.064810492169948,-0.8406933276027831,0.2211873438534977,3.185082585816672
0.36934214513130986,0.3693068139598513,-0.022240060472007345,0.24658788872843676,-0.088483931488862
0.9050222605104458,0.9046540980122605,-0.2378912689421704,0.9486590735232158,0.08831580580819712
1.2527054943343436,1.2513192536081144,-0.9002277673299642,-0.40155847443816517,-0.17949277443621975
1.1121829907453686,1.1126852264836449,0.32942082969286274,0.23498590050714246,-0.09703414927741298
-0.5571198729009598,-0.5565196916501595,0.3897282343239784,0.9487866362792027,0.20204603299491541
0.7987648556995264,0.8033095938085609,2.961599602712668,0.9439330289782589,-0.18465959616000813
-1.5231878843506892,-1.5222482901914816,0.6087678603733926,0.9438023549355409,-0.18627159641841934
1.1949227038203765,1.1941685959409678,-0.4886478834698126,-0.5451925820354204,-0.032803758383962066
0.7545003706670474,0.7541975462332927,-0.19565147253222315,0.9452071008947566,-0.16239233885911794
0.5060643577867218,0.5042306279099321,-1.1932300351444824,-2.1689669045661457,-1.4357071325297504
-1.0432738035118156,-1.043676871801693,-0.26469048070946644,0.9426807360688806,-0.06816551032127512
-0.6304610506344225,-0.6281001884805661,1.5362853183590177,0.9473850016067182,-0.05846042667595205
-0.7698447710076809,-0.7707863533351119,-0.6148475820102228,0.9448881940047903,3.215151202577112
0.26575945471938567,0.26638110230465517,0.4054260929995229,0.9445257291005856,0.05809380842615441
0.31052910758864966,0.30869302825008954,-1.195168232855919,-2.1689669045661457,-1.4357071325297504
-0.9307064132751534,-0.930081037119693,0.4053578103855733,0.24644476953879357,-0.0418321628163327
0.21092181354179493,0.21043763609404859,-0.31489877245692605,0.24632187371290404,0.05743818145538267
0.8494931640773915,0.8476580588261591,-1.193409169868107,-2.1689669045661457,-1.4357071325297504
-0.43306532469270204,-0.43179481947266174,0.8265609715915865,0.9448773045012311,-0.06775348786716626
1.0320954407817553,1.031166368077659,-0.6029401226621594,0.24625653669154537,0.0579464427308893
1.0190397018737456,1.0172037768222066,-1.1935893045463295,-2.1689669045661457,-1.4357071325297504
0.40516912521654114,0.40687470695443867,1.1116701692153816,0.9440885933148273,-0.1642359137815175
-1.0442213258567998,-1.0454984500817013,-0.833954490718989,0.24728015002616754,1.4991648976456324
1.0599795200785609,1.0582533999361758,-1.1219892697940097,-1.3730266434424416,0.10305237533471817
-1.384979632077372,-1.3839035626368292,0.6979409543730459,0.24727859438280164,-0.1851768798250207
1.40604452157399,1.4062129340105969,0.11261895918219081,0.9435487850669337,-0.08616517738581154
-0.4672797925225015,-0.4669102098935855,0.23972961636100268,0.9486046260054167,-0.16532762291174752
-0.18599210259863425,-0.185520420515897,0.30681271334536625,0.9436607913892636,-0.07337142906625625
-0.33833750079622055,-0.3364121844746609,1.2532291703747251,0.9469478658209606,-0.18460846928614064
-1.3589126029948524,-1.3563486742140447,1.6670200967007978,0.9450826494255015,-0.33858456859610436
-1.5699556816258278,-1.5697685230233394,0.11861811536508446,0.946468727664329,0.19616042757381308
0.5517113791422911,0.5523408473502864,0.4111162632117621,0.23346603693886617,-0.0581296057273975
1.3304096838227217,1.329216138234241,-0.7745656158110852,0.24695035363264173,-0.18328819295509102
-0.6239107995494944,-0.624852176958426,-0.6144096018964798,0.24721947993490556,0.1050493308787202
1.572100181858744,1.5715811007774916,-0.33479072641606306,-0.4818483398280078,-0.06423776342298204
0.2506750007417602,0.25015998367029746,-0.33490129282442477,0.9483650569271013,1.4685789972201795
0.4097233158103892,0.4090243841860621,-0.45435072642849705,0.2454896045122615,-0.08584337882676295
-0.21053243587481746,-0.21127508210795348,-0.4841158035322357,-0.47604112314389757,-0.08873355093186225
-0.588253305278787,-0.5876292173661265,0.4052333874635021,0.3075551078730796,-0.20201265864327878
-0.4145721050613837,-0.41307985919522056,0.9710165555188252,0.9490993205957053,-0.06205434516252197
-1.3119635404457615,-1.313342635125633,-0.9009253070871093,-0.5439994035739385,1.705777617333794
-1.6505034554312152,-1.651789190276612,-0.8408276072201734,0.24502135585918988,3.2311599290239847
-1.3699744282761128,-1.3702499611521763,-0.18230993544056348,0.9668289880344413,0.19976637591305757
-1.3913676157075152,-1.3899985198963931,0.8887721469258506,0.9468560828623845,-0.03551949762527804
-1.0470445559785666,-1.0477265766606143,-0.4463766599153697,-0.5431437997228106,0.07193415392840943
0.8569701889452788,0.8571229727521293,0.10129447336452063,0.9428425229789118,-0.03750743077977411
-1.2720505090191607,-1.273759388909738,-1.115627130092192,-1.3221228812304284,0.20146258514019186
-0.7472420292893546,-0.7470383899791695,0.1310685500596374,0.9428565237692029,0.05750133818192505
-0.2101331546417795,-0.2087590774736435,0.8944813162754439,0.9495769031089717,-0.054102612544537874
-0.13571342696753522,-0.13656554273408542,-0.5552558591696657,0.9450266462643365,3.207133305769418
-1.4358934167680417,-1.4357054126956796,0.11944850623305185,-0.5253270162555964,-0.04077052831778948
0.9958081548229494,0.9948511455696375,-0.6212105788159811,0.10066698538362165,-0.16092469683280322
-0.22897249517093035,-0.22750650886038365,0.9543013144655643,0.9443188285329494,-0.18395284231536888
0.2749181676805367,0.27555009009181,0.41213707400524124,-0.39370558672817685,-0.22226491562115483
-0.18858131003214365,-0.1879651899721517,0.4008780137883846,0.945431113539415,-0.2785014694122601
-0.5607947060663534,-0.556697049755885,2.6675836666375106,0.9500327066151174,-0.43686545748532485
-1.2527517103514823,-1.2534520229986155,-0.4587192423640401,0.9479045864908578,0.20141747319266173
-1.4367023003260622,-1.437430354315367,-0.47717069030002507,-0.47550131489600433,-0.08566593849981104
-0.13474126305940137,-0.1337897681287037,0.6194159483311239,0.23334469675634253,-0.08587646092161852
-0.5937106098420099,-0.5953384866278756,-1.0614553040212122,-2.1689669045661457,-1.4357071325297504
-1.6886985439989382,-1.6887554328309091,-0.0405747994213882,0.24652255170707774,-0.04205170762764615
1.407984496221442,1.406586950224889,-0.9072667334436911,-0.4890183001004594,-0.16047056989433284
1.4832801355498622,1.4825804230937998,-0.4526190907667904,0.31016858872743375,-0.20136003913567563
-1.1190011360657903,-1.1192913791471157,-0.19136680993222055,0.944651736213206,0.05802162931010624
-0.8734474782755197,-0.874735671621035,-0.840807322426908,0.22077820964832215,3.1842916230033103
-1.4095589883634192,-1.4098342086353648,-0.18218894093425544,0.2951488520317249,-0.18274684958472898
0.07008875927180916,0.06836587275846027,-1.1219488430581357,-2.1689669045661457,-1.4357071325297504
-0.02036704872775178,-0.02111727999198602,-0.48865902582104276,0.9463411649083421,-0.1628645105766004
0.3762975300014763,0.3760202909847486,-0.17977719329553293,0.23178127517382677,-0.06667380858961096
0.24887512324875696,0.24862653458501824,-0.16138345702489446,0.9440745925245362,-0.06630689808303224
1.404912401358339,1.4055050071076738,0.388888558163319,0.3520029501174913,-0.4137801702025543
0.3915640825119014,0.39173225938790157,0.11034863369369839,-0.34686672063070423,-0.30593855590010727
-0.38043106161478657,-0.38081509430610966,-0.2509096778481527,0.943956363628744,-0.08538022949878661
-1.492240982854905,-1.4870219157066271,3.396001307502886,0.9488504176571958,-0.06141676297076232
-0.3404474306380152,-0.3421594177243189,-1.1157068407586854,-1.3219222032362548,0.20185054788895143
-0.81458226148921,-0.8143970181520592,0.11894695757703375,0.17581856073659935,-0.06178968840367823
1.1601612334710778,1.1585448119968706,-1.0503348089414495,-2.1689669045661457,-1.4357071325297504
-1.1263669795501041,-1.1268492109529151,-0.31642184615970753,0.23050875890069475,-0.20117056895604898
0.5944262209593597,0.5928113975595921,-1.0504745168837981,-0.6092804217716316,1.5795724329234009
1.4521305207544353,1.4549424365043855,1.8343967827645775,0.9448757488578652,-0.08692005064114966
0.11119956925462367,0.10936687573639899,-1.1933790283795227,-2.1689669045661457,-1.4357071325297504
1.0036526922449136,1.002093603401545,-1.013321346661118,-0.2108039292942483,2.3499311161170398
0.12304857388334163,0.12299449800865433,-0.03496219711579022,0.23692423214078837,0.2025603091967594
0.8642888952902789,0.8644476948364826,0.10522772334879973,0.9430105324624061,-0.07000307031733731
-0.7125691120489651,-0.7139597314264557,-0.907180451646985,-0.6006854921762104,0.05553445726960966
1.6099045687546432,1.610540612303371,0.4176068256540409,0.30907341579798997,-0.20566371893005356
-0.9360049696355518,-0.937724879211697,-1.1221094071963766,-2.1689669045661457,-1.4357071325297504
1.5155088661738891,1.5143140706272242,-0.7749934535281955,0.9502644974766055,4.594578319228203
-1.7172326823218849,-1.715983804808874,0.8097954471071328,0.29689428388802597,-0.18496334994004446
1.0072921275918674,1.0139382726230746,4.330655584302145,0.949693576361398,-0.31269031071378883
-0.5299262113986162,-0.5293031118153504,0.40471141116356196,0.9449721987465374,-0.0650978978892239
1.207467110881764,1.2092654666537748,1.1737669211735504,0.9447544086753412,-0.18669865618837167
1.2232899563420576,1.2269731744060628,2.401387895973785,0.943805466222272,-0.1841784020530197
-0.7177086949480931,-0.7158026830893105,1.2398647771779776,0.3767719037859612,-0.33904170299774333
-0.43299387521412097,-0.43281003475966057,0.11882953433714552,0.9470412044229016,-0.06427084551783745
-0.45284622556579107,-0.452223651060295,0.404530276530742,0.22703500726511558,-0.20016607625771063
0.7416756541451713,0.7427066062127382,0.6729942299231076,0.22122467929427422,-0.08554563997306397
0.4748460154769911,0.47591594342904403,0.6978219597759331,-0.5384177551778531,-0.07350977237201557
0.15560487569022508,0.15509977779706843,-0.3286394342836796,-0.5007182938537922,-0.09091696919232231
-0.6058387103431134,-0.6031300846267552,1.762830889319232,0.9455788996591559,-0.06791589087827486
-1.0793450152963664,-1.0805307063649467,-0.7744784769104383,0.9434305561711416,-0.28161118632867305
-1.4961884629649105,-1.4973556642473167,-0.763306127042258,0.9444728372261518,-0.03227143740310615
-0.9742510506178587,-0.9736464064905634,0.3917644275859786,0.21211483174481083,-0.06961510756857774
0.9266879825862416,0.9249716088557233,-1.1159196882373146,-1.323928983177991,0.19797092040135708
-0.7705774542614757,-0.7722045564452266,-1.0613198815985676,-1.5093305595005788,-0.16045854004165813
-1.4802245921186759,-1.4813913567459596,-0.7629884271815389,-0.550985797929239,-0.08643584907099248
-0.4045626881163617,-0.4049276441975952,-0.23853566825498665,-0.4189101205390392,-0.17065083272030712
0.3763638454737854,0.376307341925367,-0.0360147207550789,0.2466734491135494,-0.08761477463311416
1.1635847683581766,1.163094095059404,-0.3171415277686564,0.2449171277536888,-0.18282805109028327
-1.2981058794965885,-1.2990629840823962,-0.6260593586596794,-0.544011848720864,-0.050253059688630336
1.5865733223595921,1.5878139306201464,0.8113038071922641,0.9468218587083396,-0.17090045216330738
0.7801933663253884,0.7808216910156188,0.41084827537960866,0.23656021159321747,-0.06465580080342824
-0.8479815725216426,-0.8460646840351865,1.2466767535980527,0.29636225385696086,-0.18548965599456319
0.07515229825353947,0.07609262087905477,0.6125775445395414,0.24018797192199978,-0.1821934763616924
0.05375274633886314,0.05367870000465397,-0.048113314281938026,0.23615574431813893,-0.2901072697801876
1.8054250712142725,1.8035875860002601,-1.1929644757734945,-2.1689669045661457,-1.4357071325297504
-0.15632682120353794,-0.15673943280589403,-0.269055139677276,0.9465900678468522,1.3423046411569066
0.994564808479106,1.0029674254898655,5.474597929915152,0.9471936574727389,-0.16641933204197756
0.3279380293504314,0.32898749239894615,0.6841868645845534,-0.4793842007367594,-0.06495955458346458
-1.0497134522611709,-1.0499547264891078,-0.15932940743079443,0.23369938344371902,-0.6508284171577352
-1.2159087811171176,-1.217288200001474,-0.9009360208863691,-0.5438080594399589,1.7061475353035416
1.2749417159956404,1.2759983220696847,0.6908151350599857,0.2344989841336824,-0.19872850886308271
-1.5179692469232315,-1.519238053002295,-0.8295255489556204,0.24503535664948095,3.2311869961925024
0.6898867307416725,0.6909314098234436,0.6818264003316212,0.2975974346893163,-0.28099766384226266
-0.6278202500240281,-0.6286436535566386,-0.5375828044625737,0.10022673831113216,0.19733935313593462
0.2969214260482146,0.29574887673519235,-0.7630475673534535,0.9433698860798803,4.581249242464623
1.1931683438869751,1.192320040251968,-0.5500000978047496,-0.5529459085700048,-0.03672549035591794
0.34112708462919666,0.33984165427638174,-0.8364733763503102,0.9433434401426634,4.581198115590755
-0.4821179787013407,-0.48338027669682443,-0.8231254109790945,0.23246109132463208,0.07015674319572085
1.0994703853739132,1.0978388987293117,-1.0602732148362077,-2.1689669045661457,-1.4357071325297504
-0.927634301961823,-0.9274477451532194,0.1195665008755671,0.9435378955633744,-0.0397359609877643
0.9395371717822664,0.9381503098113475,-0.9012858621448677,-0.5445547682554888,1.7047039529825763
-0.21528569988134696,-0.21401294980834318,0.8284774560031901,0.22176604318553336,-0.18465358123367076
-1.5521645188731266,-1.5537909036020296,-1.0624835430488448,-0.7493863302155083,1.308711277562776
-0.2904337133346244,-0.2916220631955394,-0.7745639016032035,-0.5260675024976633,1.451093606357487
-1.4700687924970226,-1.4700281110960243,0.02342772314912425,0.9437354622708167,-0.18375134228306736
-0.699594963855662,-0.6998867836263994,-0.19151851732974015,-0.5495903858302178,-0.0408998492340425
-1.5624139312549339,-1.5631611665134202,-0.4899255397442149,0.9454404473996098,-0.17056963121475283
-1.0582234619142468,-1.0585780628623185,-0.23315548396799934,0.2333991442741416,-0.06507684564704305
-1.157623570612334,-1.1587950402956668,-0.7653796043256827,-0.6002094653063103,1.5480030920417904
1.750989370065124,1.7518973545434087,0.595013056331616,0.2461009723549767,-0.183194961596862
-0.3842638715770125,-0.38586618139054574,-1.044366794201738,-0.5509842422858734,1.6922741077064312
0.10725955184506725,0.10674498988231729,-0.3349041498375607,0.9486590735232158,0.19748671883119973
0.7953154746539669,0.7959193416860372,0.39495085433651733,0.23354381910715033,-0.06853843575419119
-0.31809038490857433,-0.3199700963477074,-1.2248970258928311,-2.1689669045661457,-1.4357071325297504
0.7858953824958953,0.7863949588435596,0.32700793924888594,0.23304601323013066,-0.06465880826659684
1.105829445556409,1.1042259020798435,-1.0420608988997029,-0.526616644605751,1.7393830107805992
-1.6341422955841372,-1.633646076451803,0.31977155352746384,0.16888816954246355,-0.06284831543905287
0.7946671679060378,0.7944084545635531,-0.16683863790670073,0.2383460901770265,-0.06761213709823835
1.6148106906859419,1.6145489612040271,-0.16709162641989017,-0.5444272054995022,-0.06332048715653532
-1.3624484420483722,-1.359627022051493,1.8347136255213556,0.1616653173955781,-0.078863056812262
1.1863432296828136,1.1849462707657163,-0.9073468726621547,0.9469556440377886,4.588181445068424
0.2751822837566073,0.27797966638614546,1.8224756097534613,0.9452879943497718,-0.3054844289616371
-1.21988269696173,-1.2216017213550812,-1.1221252636192813,-1.3894386809504404,0.07132363890516799
-0.28139220802364784,-0.2794521481406759,1.2629503004204936,0.9444059445614276,-0.1857302530480573
-1.0268684230410554,-1.0281487781860972,-0.8360225396774552,0.9453626652313248,0.0714649896740959
-1.5289440709003579,-1.5298720275381035,-0.6075573415911879,0.24702658015756035,3.1863246681053363
0.12223500244921362,0.12404712757274983,1.180470188243802,0.9440683699510733,-0.04167577473156147
-0.9698269712324791,-0.9715468915440046,-1.1221869751030182,-1.391086107274703,0.06813873540953815
-1.472321821769416,-1.4721266280653245,0.12405501136282056,-0.5505471065001154,0.10339823359911639
-1.0663319509100084,-1.0670438951745247,-0.46590577320623955,0.9423556066054521,0.1038824351692734
1.639457416136191,1.6390600584681665,-0.25537318947046644,0.24707169381516536,-0.18565506646884036
-1.4110884076693873,-1.4119187194873442,-0.543716525964171,0.9428331891187178,1.5783844849717734
1.4734201191305039,1.4752195382616327,1.1750144359593686,0.16774010473858628,-0.16412463764427637
-0.8179075121902745,-0.819736445212795,-1.1928686229827832,-2.1689669045661457,-1.4357071325297504
-0.393144125179906,-0.3917804536610742,0.8873223556100066,0.943953252342013,-0.1621547492687924
-1.5499692432780736,-1.5494750715472312,0.31861374895411504,0.9450033116138513,-0.18379946169376626
1.4979539519348675,1.4978738240424827,-0.049060556987166375,0.9473570000261361,-0.1644644809823369
-1.6030892148898963,-1.603827508674766,-0.4841869431593211,-0.4256476119558301,-0.18370322287236862
-0.7333346853636904,-0.7333985493945685,-0.043124112242607364,0.9452428806921674,0.07104093736731217
1.4366900505189155,1.4358600938197272,-0.5375428062786702,-0.6815525012547226,-0.05262294066554844
-1.1348440663762716,-1.128103534353024,4.387658710390863,0.9476105698947432,-0.16592610808231442
-0.9976881465488107,-0.9994078337104271,-1.1220932650721587,-2.1689669045661457,-1.4357071325297504
-0.6714995318191729,-0.6711244872627775,0.24286075990736056,0.9450095341873143,-0.03971190128241485
-0.24842839307064887,-0.24825988221387799,0.10923068445359642,0.23773783362104278,-0.16792306362631643
-1.5140330841309357,-1.5109977808780746,1.9736968864879718,0.2872881861049081,-0.16625692903086897
-0.8097896415202158,-0.8103021672146461,-0.33549155173831463,0.9441212618255072,1.4519567482868974
1.7747234099264095,1.7735264268404767,-0.7758772705418054,0.23372894066766706,-0.060998725590316105
0.6695568028744449,0.6687691864904376,-0.5115678428010991,0.22137090977064888,0.19959795797561178
0.8604035619456486,0.8608915441272371,0.31961227504513384,0.24179650716212053,-0.07626160117135572
-0.8511560957120413,-0.8500838299531035,0.6965775877045647,0.24152738085985637,-0.07761195213409196
-0.08003807902099482,-0.0816409338791326,-1.0440869497650704,-1.3198049726155547,0.07028004918563685
-1.4536333061362767,-1.4552412548902267,-1.050270811847204,-2.1689669045661457,-1.4357071325297504
-1.5126525510068578,-1.511284676309709,0.8877237659556093,0.24696746570966427,-0.32780582059956337
-1.2830154396102529,-1.2835161800382169,-0.32880342683768377,0.9485315107672296,1.708150505773881
0.657265321786509,0.6558812274559395,-0.9000723458153677,0.246790122365976,3.234579414646771
-1.4631232115236539,-1.4626409165126184,0.3110598062226309,0.23380050026248866,-0.15966456976512722
0.298922423581512,0.2971984520829434,-1.12217797551164,-2.1689669045661457,-1.4357071325297504
-1.618893983524415,-1.6197128546800643,-0.5366989874489638,0.22285032661141718,0.20013629388280488
0.39348240602819023,0.39388230576144295,0.2612709240035307,0.9433309949957375,-0.038298393593136394
-0.3071247171279629,-0.3057775617004149,0.8767451215780471,0.9436716808928229,-0.06434603209705438
-1.0736110306314706,-1.074313401699514,-0.45968605560924974,0.0936541450911043,0.20441290650866475
1.5637671255460406,1.5621416572051847,-1.0553847225099195,-1.3208161408032513,-0.16553513787038623
-0.5438502172111711,-0.5430365802136715,0.5287770637420652,0.22977760651882187,-0.057007821965480654
0.7565791635186091,0.7557514900427593,-0.5374749522166912,0.23629886350778212,-0.06573247261781479
-1.263532558731699,-1.263146404138705,0.2488612017461652,0.9464438373704779,-0.0715218392175195
1.3602668590932971,1.360400808347754,0.09007798264338969,0.9458542485348823,-0.038096893560834864
-1.6514439719533973,-1.6528123450758772,-0.8946508776885659,-0.5426771067131044,0.07477620662281016
0.5975037939674901,0.597245550675526,-0.16694391884076096,0.23167549142496013,-0.056776247301492486
0.6010858941308859,0.6021662016935775,0.7048454980187259,0.9444712815827866,-0.18628663373426282
0.18688742126307942,0.19147795424591912,2.9901484493244275,0.9495660136054117,-0.06648433840998431
-0.9870027465547778,-0.9846032663693187,1.5606927815795433,0.9428705245594947,-0.06649636826265903
-1.6482105523432018,-1.6487011828033433,-0.32298097691724964,0.23593328731684568,-0.06490241278325974
0.08401495625464049,0.0822918090768752,-1.122089550955082,-2.1689669045661457,-1.4357071325297504
-1.3124600295812956,-1.3116230786351009,0.5423573042812344,0.9443701647640166,-0.08762078955945153
0.5163774443923426,0.5174370340302719,0.6911754044164304,0.94376657513813,-0.18298443917505453
-0.5952902124307148,-0.5960850062984038,-0.5188817964291624,-0.5387911095856179,0.1973062710410792
-0.9137539796181944,-0.9137153124578908,0.023276730004888727,0.164117011339901,-0.03894499817440201
-1.6277623199246434,-1.6295897866976596,-1.1936035896120092,-2.1689669045661457,-1.4357071325297504
1.7799625151653469,1.783650807648373,2.4058544074598913,0.943836579089586,-0.1364018421554048
-0.14687665057252594,-0.1478371194570914,-0.6258482253889317,0.9433045490585212,1.6942620408609272
-0.14549823711506985,-0.14677115033674953,-0.8293365575366763,0.24623475768442582,3.2335057502955533
-1.0005519065212625,-1.0015019367688802,-0.6208310246208685,0.17264038134050058,0.06600042909660837
-1.4078034301954616,-1.409072411139352,-0.8294095542223001,0.222360298951226,-0.04032542376882506
-1.3518973022294694,-1.3528375458779782,-0.6151902807358814,-0.5433195874231332,0.06680943668898258
-1.1712709364617706,-1.1712391742776225,0.018242244307352697,0.1724210356259388,-0.2879358813724023
1.4723212728992798,1.472061247746414,-0.1662789490333658,-0.5261950652536496,-0.08698320736769188
-0.05512228290554916,-0.05165561353359853,2.257684706455902,0.9434585577517244,-0.18456937226494768
-1.6205134741856035,-1.6217725838923565,-0.8234243974037729,0.23285622473951656,0.06724551884844088
-0.09668005126684366,-0.09830971308874127,-1.061580726897881,-2.1689669045661457,-1.4357071325297504
0.2266713028324951,0.22505808386900197,-1.0501969580576394,-1.387948374606112,0.07420478862076132
-0.8960957737439482,-0.8929507527663366,2.046444154865038,0.23687911848318335,-0.1589908980153434
1.0996856335274214,1.099426744374596,-0.16631666160676042,0.9432034322397512,0.19825362193921256
0.3641395466754693,0.3646236764846526,0.31606772169800235,0.969302460985884,-0.18381750647277834
-0.2431653770973272,-0.23871087894342455,2.900653227093694,0.1915227805132105,-0.1659110707664709
0.4831109821055372,0.4890011832660504,3.8372247025578408,0.942960751874704,-0.18748059661222782
-1.644796021213845,-1.6420756295489596,1.768325925534285,0.9688264341159836,-0.08860723747877783
-0.284742069580771,-0.28248875737242884,1.4669607517188348,0.9451619872371515,-0.16344194350498642
-1.5339061858960035,-1.5355314618192393,-1.0617232918533654,-1.5143148408442404,-0.17009445203410178
-0.9259884815054911,-0.9250243727680625,0.6259800788616537,0.9466367371478231,0.06629816795030735
-1.3014838779611577,-1.2973638144029065,2.68063164562945,0.944782410255924,-0.18297842424871716
0.5963734111151778,0.5985037556588318,1.3887120188471604,0.943917472544602,-0.13499134192929493
0.7386259046128234,0.7401323863845608,0.9826945967120707,0.23944437439320138,-0.07256843640021941
-0.4348214123386425,-0.4364328768894027,-1.0504346615505513,-0.6121645845716155,1.5739965962086722
0.6041579019174526,0.6069760281047238,1.8366721080260577,0.9440108111465432,-0.0871095208207763
-0.9188576200866906,-0.9198087688035247,-0.621388999286322,-0.6159167963696527,-0.058261934106819284
1.1135346116079534,1.1128447767270329,-0.4469574906859108,-0.5417001626794529,0.20684293674895649
-1.4476782192303175,-1.4485152127833034,-0.5481446106235989,0.24656144279121983,-0.03989836399887289
0.6357619893358529,0.6346127293871633,-0.7471724310128225,-0.5254016871371491,0.05777802479344334
1.034498178747404,1.0327721588894045,-1.1219771274881818,-2.1689669045661457,-1.4357071325297504
0.1920916695670499,0.19114638606214973,-0.6152508494143638,0.9453844442384448,0.07619272177525739
-0.3493018898458299,-0.34384959793173225,3.550282731007326,0.23634864409548417,-0.19832550879847982
-1.285208521183657,-1.286927341321282,-1.1221285491843878,-2.1689669045661457,-1.4357071325297504
-0.1271859921370215,-0.12890857493810493,-1.1221626904913626,-2.1689669045661457,-1.4357071325297504
0.8811103897439954,0.88072219977079,-0.2509848172936285,-0.5495981640470462,-0.18742946973836033
-1.2032709538729036,-1.202233919010027,0.6728973771777984,0.944017033720006,-0.08780725227590958
-0.6970952901839451,-0.697586984075451,-0.32168889272651063,0.23771138768382621,-0.06924218213566183
0.09059365592398785,0.08887065414418774,-1.121981127306572,-1.3910207702533441,0.06826504886262257
0.7425827595976985,0.7408576508941637,-1.1219928410604296,-2.1689669045661457,-1.4357071325297504
0.041300417121753925,0.04226119773086543,0.6258309427759567,0.944611289485698,-0.05570258295027454
0.9786643056631211,0.9779719655562708,-0.4488705466817512,-0.5208109835650065,0.08004227463116477
-0.08058478083033878,-0.07977570538984251,0.5267728690271877,0.9436685696060918,-0.0878794313919579
0.5299817904846902,0.5323612226543154,1.5508012307002146,0.9684639692117782,-0.08775913286521068
0.8550239515866259,0.8569242263487319,1.2394100835373891,0.23572949803594084,-0.07598792202300601
-0.6150161243613317,-0.6166267268801859,-1.0502492413980276,-2.1689669045661457,-1.4357071325297504
-0.7325229616190928,-0.7294965993458443,1.969504505412261,0.943962586202207,-0.18242805848884916
-0.0743225855082658,-0.0737013825712824,0.40442685265521994,0.9453175515737199,-0.0679399505836243
1.7448420808967582,1.7431139867043686,-1.1218458477345843,-2.1689669045661457,-1.4357071325297504
1.6524377368934495,1.6512610821192013,-0.7628928600921411,0.23640464725664878,1.4746630952104147
-1.3665706792837375,-1.36785745982267,-0.8409161746273881,0.23373983017122701,-0.16172167457250286
-1.1606743567283382,-1.161861931228148,-0.7758748420806398,-0.5439527342729676,1.438717895418378
-0.2031110943683305,-0.2049431712694802,-1.1936333025486234,-2.1689669045661457,-1.4357071325297504
-1.3933421939564328,-1.3920634315716898,0.8299349612545011,0.9481052644850312,-0.17244027330567044
-1.658858369709273,-1.6597964928348743,-0.61444974293104,-0.5247203153429782,-0.09030645416908087
0.418335578102333,0.420697616268042,1.5392397556429163,0.9477116867135126,-0.1788521847812913
-0.8924793026949687,-0.8918647749696325,0.39837212756683205,0.23095522854664718,-0.3132948108106931
1.163096913837284,1.1623984406447347,-0.45248009707772585,0.23926080847605055,0.20382043626443525
-1.5987288772839308,-1.5992176777836073,-0.321685892862718,0.9434196666675816,-0.08834859564627161
0.6696034930062487,0.6697739524071986,0.1124153969962536,0.9433652191497826,-0.19071662698172517
-0.8773968705599463,-0.8786780230792266,-0.8362299588311262,0.9448057449064091,4.584025130969312
-1.5150022141784827,-1.516830121847691,-1.193655444400427,-2.1689669045661457,-1.4357071325297504
0.10380268792011349,0.10395055332153351,0.09651954731038688,0.9676721467386434,-0.1858385217221298
-0.8155118647112648,-0.814484164596989,0.6676269021952321,0.2403684265524195,-0.1769965800062172
0.17538601980734192,0.17421206550221524,-0.7642162285767188,-0.6079783482745515,-0.05432817228218885
0.7640529827855365,0.7639743080930645,-0.049645530426754576,0.9451308743698376,0.07310405710102533
1.510547799167391,1.5104948480678626,-0.03133436183574553,0.9432423233238934,0.06900187733894877
1.245404860647728,1.246023152797889,0.4052849565506062,0.9441617085530144,-0.04247275247126112
-1.2325619274540303,-1.2332874200373756,-0.4750764996713647,0.24703902530448585,-0.18549266345773177
-1.486751187118738,-1.4884693843353516,-1.1221434056526947,-2.1689669045661457,-1.4357071325297504
-1.1605605437470694,-1.1609524899057826,-0.25769151277964303,0.9425018370818264,-0.3286839998448173
0.20372588335857814,0.20388141308750238,0.10171973976980854,0.3535990402106862,-0.2928260164846723
1.6300552788528762,1.6337511796009878,2.4104967681045166,0.2855676445424581,-0.16075627889535726
-1.1180115811966913,-1.1178641602446453,0.09368053335718125,0.9452226573284135,-0.3191112445789159
0.5832058450973389,0.5835806593263811,0.2453289335555182,0.9432003209530202,-0.13750558113830955
-0.7983731927669726,-0.7974463662974587,0.6019648835446961,0.9678448231522353,-0.18436486476947772
-0.713322590144758,-0.7100660358560074,2.119465839353812,0.23634397716538713,-0.06422874103347591
1.7432847409489989,1.7433348278856025,0.03625871199338753,0.23244864617770655,-0.1601487713352844
1.4208634125135522,1.424564109205001,2.4131837889588894,0.9449395302358583,-0.19830445655629914
1.582388627339888,1.5811909137633495,-0.7767543735745459,0.9442659366585155,4.58298154124978
-1.1355391849876866,-1.1344991861086788,0.6749691402533415,0.9435954543679046,-0.1844159916433452
-1.1315862414281903,-1.1332141596640364,-1.0626046804058098,-2.1689669045661457,-1.4357071325297504
0.6099884296763248,0.6091518295296168,-0.5435946743539223,0.296566043137866,-0.18432877521145358
-0.07960109781504045,-0.08121319972937138,-1.0501085335010814,-2.1689669045661457,-1.4357071325297504
-0.8563233362686603,-0.8546269689850939,1.1030365612198176,0.9443281623931434,-0.18553777540526206
-0.34871364397445415,-0.34863075717195274,0.053255511691197265,0.22188116079459405,-0.04237651364986334
-0.2133419822588436,-0.21506410609480217,-1.1220435530435928,-2.1689669045661457,-1.4357071325297504
-0.7922455925466572,-0.7931785336587691,-0.6092664068491205,0.945602234309641,0.19886413696245434
1.2855387442719373,1.286571524835158,0.6753199814664376,0.9478236930358418,-0.061657360024256445
0.26516832611017777,0.2683279001910166,2.0583456144855155,0.9459180299128754,-0.06445430077112672
0.7855931222907714,0.7850753622473396,-0.33557154810612155,0.9430432009730859,-0.04092390893939195
0.682281713454593,0.6824323753561791,0.09954798123450691,0.0943977426199027,-0.056114605404383386
-1.2053822196924915,-1.2067618387791545,-0.901044444534879,-0.5437458337053314,1.7062678338302888
-0.41160082157790073,-0.41298171701492087,-0.9002193391412131,-0.5261063935818054,0.056668270884201226
-0.3644805231294377,-0.3657631876231958,-0.836144391287704,-0.5471246910956038,-0.06362123347340307
0.25394447157342404,0.25322136993568817,-0.47041742549989435,0.2208839933971888,-0.13618229734409135
0.9833761515066919,0.9848837163162151,0.9839106843533931,0.24608386027795415,-0.1855858948159608
-1.3768771434665201,-1.3773674147653503,-0.32218087038852333,0.9480850411212779,-0.06859557755439605
0.8973326943191183,0.8975019411107631,0.11210083984998408,0.9446641813601319,-0.06803618940502192
-0.9089294069470295,-0.910117693271186,-0.7758131305969032,0.9443017164559265,4.5830507129026605
1.6833781984542506,1.6815412391633213,-1.1928766226195637,-2.1689669045661457,-1.4357071325297504
-1.6992338056197789,-1.6987256125535235,0.32743420560877146,0.29522663420000944,-0.13671762578811603
1.0617791593722727,1.0601630748231983,-1.0503206667264267,-1.3884617369167889,0.07321232577509751
0.17052965783959753,0.16914595787302514,-0.9008311685042792,0.23746870731877895,3.216558695340054
-1.666743769276513,-1.6659156294383994,0.5358794555474105,0.9698656038842627,-0.13516577479307826
1.0770710537868577,1.0752350608085575,-1.193512450892972,-2.1689669045661457,-1.4357071325297504
1.1597917670686708,1.1603085900660821,0.33902067953100945,0.2363455328087527,-0.06348289016764391
0.6604746869970013,0.6653813000110662,3.196995771816123,0.9445599532546307,-0.18225061816189725
1.560453568982559,1.5591681653193286,-0.8339116355219496,0.29595467529515085,-0.18497237232955058
-1.2259761423427802,-1.2276844642503413,-1.1151675795292726,-1.3226113532472543,0.20051824170522692
0.06166662782965047,0.06161113101893294,-0.036015720709676506,0.9436732365361888,0.05676751716876761
-0.9286201849208523,-0.9284154887457102,0.13137839313423255,0.23856076896149125,-0.06486632322523557
1.0314226218791318,1.0319856628819206,0.3688540392486975,0.9445397298908768,-0.08791852841315068
0.2575969469058901,0.257100153971206,-0.32301768953604665,0.9472543275640009,-0.055474015749454965
-0.3211648858915905,-0.3167079284633185,2.902092161759622,0.9682384009237539,-0.18414531995816413
-0.7799323969393493,-0.7788779163196732,0.6851429640305031,0.9442612697284185,-0.19710147128882802
-1.5359180609776006,-1.534651383400517,0.8217667606987852,0.9683566298195461,-0.1829543645433679
0.6277751361721188,0.6277963045376281,0.01509667284465835,0.23355315296734439,-0.07046922710848223
-0.6924577065884875,-0.6900722495337317,1.5521743112133581,0.24011641232717817,-0.16098785355934545
-0.9943500767339521,-0.9937139975081658,0.41219578562518544,0.9427554069504336,-0.042791543567140954
-1.0042739897841972,-1.0054600801753462,-0.7745819007859601,-0.5517636196120828,1.45242892000438
-1.6411762684541873,-1.6427834397653112,-1.0501558170684815,-2.1689669045661457,-1.4357071325297504
-1.2089761464726339,-1.208353387249072,0.40307277127943075,0.9424785024313413,-0.09050795420138223
-0.6256066962524177,-0.6242513406921101,0.8814211949776765,0.23777828034855078,-0.16435320484509577
1.238415653452224,1.237238165822998,-0.7642992248083185,-0.5442825306664935,-0.05998821796564037
-0.20570401428913718,-0.20553401526107618,0.11028906496981375,0.27088081552700616,-0.13752061845415287
0.917924310866876,0.9198797404724546,1.2754630180014104,0.23392961866184078,-0.18914071628133794
-0.5812433153047853,-0.5810592406976053,0.11867268431598135,0.9447932997594839,0.20902635500941655
-0.042295880783716086,-0.040374494831985235,1.2512871156955545,0.9482732739685253,-0.16687045151727917
0.416149430409404,0.41633050660634124,0.11880110705644266,0.94558823351935,0.19850925630855018
1.2418505830827686,1.2406650100445145,-0.7695579860370274,-0.5453170335046752,-0.19086700014015903
-0.9125170212266162,-0.9141456801709366,-1.062629964972063,-1.371279655942775,-0.18491222306617697
-1.3282663609874075,-1.32632632803487,1.2607482575459505,0.24716347677374095,-0.08796664782384957
0.253640138420324,0.25513797758429174,0.9760537553788401,0.9436219003051216,-0.06985269715890344
0.6717307287064994,0.6732281510757083,0.9766547280919896,0.945496450560774,-0.0586318520765666
1.3769283331932778,1.3760822364534337,-0.5481793233332009,0.24602474583005807,-0.0866704311981494
0.35140645441027124,0.3502160792734578,-0.7745436168099382,-0.501270547248611,-0.2810608205688049
-1.329036231844373,-1.3297468187602868,-0.46556993131210717,0.23175327359324463,-0.06675801755833402
1.7036737376696494,1.7060256597276606,1.5353333615821154,0.23763671680227316,-0.16990798931764373
0.19684986425504197,0.1959162343816551,-0.6076510516220476,0.9426651796352236,0.058758457786432274
-1.4156450798348572,-1.4172438430116026,-1.044209087076633,-1.3203230018563286,0.2049422200263519
1.4894363521469154,1.4880492239783127,-0.9003117635161614,0.24561405598151662,0.057711860603732366
-0.48535770883806484,-0.48254266122344985,1.8323935880042974,0.9440574804475134,-0.184743805128731
-0.22247891533838618,-0.22420123033243952,-1.122187117953675,-2.1689669045661457,-1.4357071325297504
-0.3023735960377096,-0.297382008920788,3.2503292073823546,0.9480041476662618,-0.20693286838723549
1.3663913844371256,1.364759199197584,-1.060171219467254,-0.723396196504974,1.3589569647218753
-1.6268853372510022,-1.6249377643987022,1.2650357771590888,0.9477023528533185,-0.07645407881415112
-1.0325702821667255,-1.0325239679542229,0.02800922941395321,0.9441057053918501,0.07131160905249327
0.312638115998379,0.3114635284908251,-0.7643422228560147,0.9423400501717951,0.07289654214238628
1.0051989228058362,1.003592566779476,-1.0441026633373183,-1.318520011195497,0.06866504146405686
-0.5301376115149544,-0.5306301355557318,-0.321881169710561,-0.5506746692561015,-0.04134796124617552
0.1977516823851788,0.1974469117221831,-0.19808079080173177,-0.4257658408516223,-0.18482801409745406
0.34244586118729137,0.34352450247566585,0.7032205717976472,0.2401537477679547,-0.18965198502001318
-0.5876457602200795,-0.5880289623114906,-0.2508011113489861,0.24664855881969838,-0.089091439048935
0.8758096553735029,0.8751206747102741,-0.4468972077087421,0.23147792471751788,-0.055332664980527226
1.6930652032270335,1.6932327261137161,0.11263852972217221,-0.4799691226422576,-0.05898974019363936
-0.5552808587818557,-0.55711176282478,-1.1936043038652933,-2.1689669045661457,-1.4357071325297504
1.6671174782116556,1.6654805226720601,-1.062650535466642,-2.1689669045661457,-1.4357071325297504
-0.8111471706464376,-0.8127570182152348,-1.050166816569055,-0.6073856481522247,1.58323552306285
-0.037910117487099576,-0.03953045984247703,-1.0553884366269963,-0.665159131467112,1.4715443559044956
0.49378348007663075,0.4921688244991794,-1.0505752265968407,-0.6134931040059123,1.5714282226626213
-0.01861255148978662,-0.02024295343164468,-1.061899855265168,-0.7366922803515017,1.3332521770191863
-0.23602696217282326,-0.23609986819009932,-0.04797532054747105,0.23626930628383408,-0.062147576520750994
0.11741154378744158,0.11612716908084841,-0.836252672085557,0.2962549144647286,-0.18379043930426028
-1.391123761486078,-1.3918240056412066,-0.4589633741365082,0.2472505928022195,-0.042343431555007936
-0.7397815447960122,-0.7401571808327123,-0.24619089210214062,0.9435690084306877,-0.08798469260286149
-0.6225473169763447,-0.6230601372699259,-0.3352927036240516,0.9458495816047853,0.32800761288864594
-1.608644151332807,-1.6066902698293803,1.2691825888752812,0.16464437444086905,-0.06932639110438471
-1.6325841568133401,-1.6330740038641043,-0.3224381444214168,0.0945019707254038,-0.0628122258810287
1.090699665499827,1.0908587931072158,0.10591383505340117,0.16461170593018956,-0.4555387962996451
0.5238377009952024,0.5253396487740953,0.9792934654243645,0.2959531196517853,-0.18329721534459698
-0.2554511403055899,-0.25662382828604696,-0.7642905109182538,0.9455788996591559,0.07691451293573977
-1.623590935112852,-1.6240907775898648,-0.328929278266323,-0.5428373379797702,-0.05535070975953914
-1.1777792739028934,-1.1771580001758144,0.40217038368043695,0.23656798981004595,-0.06180773318269032
0.9984993266873446,0.9981812169233871,-0.20509747221299823,0.9435347842766426,-0.23030085720786167
0.7632452893466274,0.7615199804273634,-1.1220801228117332,-2.1689669045661457,-1.4357071325297504
-1.5422321436066224,-1.5440668434956084,-1.1981359552508999,-2.1689669045661457,-1.4357071325297504
1.2175649980265495,1.2194965965926539,1.260567408614444,0.1467529200921018,-0.08785837914977707
-1.3396806944607564,-1.341399329983012,-1.1221219780541751,-1.3980102758953763,0.054752516845753496
1.5719538200190668,1.5721288157013364,0.11725274878740807,0.943891026607385,-0.0863335953232575
-0.15829548658275494,-0.16012732959404144,-1.1933874565682738,-2.1689669045661457,-1.4357071325297504
1.4596204072873715,1.4592588296198055,-0.2324453733530559,0.23253731784955067,-0.055416873949250114
-0.49812829226796057,-0.49995936911587446,-1.193597589884424,-2.1689669045661457,-1.4357071325297504
1.1534372306986826,1.1553839706079114,1.2702949669397683,0.9499860373141472,-0.15630222594254548
-1.7106497784131123,-1.7122550042532074,-1.0490337251593325,-2.1689669045661457,-1.4357071325297504
-1.445312845872285,-1.4425126403622668,1.820723974999803,0.9457189075620672,-0.07311880216008741
-1.1549727485234684,-1.1532666461313268,1.1087537302061918,0.9444821710863459,-0.07151582429118214
0.8453472439981236,0.8445226956869472,-0.5352543387567644,-0.544304309673613,-0.023194913560036615
0.07403630342803275,0.07288180451768594,-0.7517566514401306,0.23655398901975488,0.06499292893510124
-0.10204847415528413,-0.10121513700349065,0.5425294393226762,0.24578828803847338,-0.08839671505697033
1.0885717410833937,1.0885211958804348,-0.03064796442983046,0.2348785611149099,-0.06640313690443002
0.8001744410216973,0.8012424512702537,0.6972518428046517,0.943751018704473,-0.14783020219638018
0.8594099875183431,0.8576844259844527,-1.1220439815955632,-2.1689669045661457,-1.4357071325297504
1.1987085393908707,1.1978597400729676,-0.5503113693859126,-0.4016564799702037,-0.18361901390364557
-1.3001212141706548,-1.2991667201994006,0.6189373986308501,0.9455182295678939,-0.06825874167950413
-0.692378605341512,-0.6930810151999667,-0.4589158048677944,-0.5494161537732609,0.055302882605621495
-1.257585579594435,-1.2575281450832496,0.034782207604722164,0.9445972886954069,0.058268241289937725
1.3008193843183489,1.3008971462203012,0.053359792670659746,0.23419096674727613,-0.06317612892443882
-0.5849328661595394,-0.5830223604471988,1.243068631708646,0.27510594290821255,-0.16370058533749282
0.6528770569586613,0.651601521739235,-0.8293782699284614,0.09712011850985498,0.20031974913609416
1.6118212779552927,1.6119608751946806,0.0942813632196741,-0.5001053703677115,-0.041314879151320115
-1.264155329901459,-1.2649852068481915,-0.5431266956022516,0.1005923145020686,0.20292120477700043
1.4743881691657947,1.476280622996134,1.2356088275599917,0.9431707637290722,-0.2305865662088861
0.7123683759760909,0.7114121311838099,-0.6213041459961839,0.9464656163775972,0.06826805632579133
-0.8008598615469953,-0.8008280802326508,0.019027637218428876,0.9435378955633744,-0.28605020196564135
-1.368561468025309,-1.3695016554313586,-0.615188423677343,-0.4889996323800713,-0.06603021147151393
0.3259407798369221,0.3269556806682895,0.6616727439692299,0.9421347052475244,-0.18453027524375493
-1.5528098645801418,-1.5513245087462535,0.9641540099662438,0.23275355227738137,-0.31570378880880395
0.7655539111751669,0.7642678873403044,-0.8359742561554575,0.9444199453517187,4.58327928010348
-0.4576590064946911,-0.4583802245324901,-0.47067555663672844,0.23791517696473102,0.09245708259146661
1.4010737566101579,1.400224313092302,-0.5503086552234335,0.9445646201847278,-0.08931098386024845
1.3304434181941773,1.3301548966190968,-0.1851343786267757,0.9456037899530069,-0.04835234296602609
1.6182057015369122,1.6183952388172045,0.12682002867580483,0.23374916403142107,-0.1704643700038491
-0.1648755323193684,-0.16342089362365358,0.9470445011002202,0.9435923430811736,-0.13647702873462172
0.8681814893265669,0.8678765075955585,-0.19681927665154766,-0.5548609055531656,-0.056289038268166704
1.2728112319238394,1.2732929866732439,0.31641699155387365,0.9502753869801647,-0.16200136864718992
1.5831571418207782,1.5830951671114972,-0.03705981616021381,0.09722590225872164,0.07597317696394361
-1.07756728814409,-1.0756170159641052,1.2679400738624516,0.9441959327070595,-0.05547702321262373
-1.2129726851085016,-1.2132546189456828,-0.1861511896018647,-0.4751046258377539,-0.06717304747561145
-0.8384045013278585,-0.8402345348868331,-1.1936281599249787,-2.1689669045661457,-1.4357071325297504
0.6547663660027113,0.653136257447503,-1.0603036420261058,-0.7242097979852283,1.3573840614846566
-0.7970814524864497,-0.7984725626243383,-0.907676429127388,-0.6833710483492107,0.06425309299560661
0.07228155088254003,0.07154667983399182,-0.47846177453616634,0.235777722980277,-0.06495955458346458
0.9142255735471887,0.9130300579759391,-0.7767170895531216,0.9437090163335998,-0.18563100676349092
-0.9404221598850745,-0.9407299460013405,-0.20241973665131763,0.28611056407708313,-0.30779416067518156
0.6657379014697328,0.6710773300086113,3.478894258077724,0.2958551141197468,-0.18523702908839415
1.6513001942442076,1.6505604992322238,-0.4783086386320788,0.9460518152423245,-0.05424095585029719
0.3965542960311294,0.396617289855894,0.04185460077213995,0.24660655644882484,-0.1816491255281616
-0.39436102964772407,-0.39340724673972755,0.6203643338416065,0.9440403683704912,-0.08715463276830643
-1.0863601627456312,-1.0857158424127797,0.41737112207032406,0.9469385319607665,0.06700492179494676
-0.32334186576317714,-0.325063542193052,-1.1219816987091993,-2.1689669045661457,-1.4357071325297504
1.4283104187873266,1.426677787313214,-1.0603326407094358,-2.1689669045661457,-1.4357071325297504
1.7729376184340386,1.7766049153653827,2.392165600421556,0.9440574804475134,-0.04036752825318659
0.6050470601719953,0.6040930213912331,-0.6200913439199679,0.2361028524437058,3.211479090048157
-0.25272636940027576,-0.25433814079154365,-1.0502545268723291,-2.1689669045661457,-1.4357071325297504
-0.6709525170168374,-0.6714563721672416,-0.32955482129244196,0.9460658160326156,-0.02796174268239087
-1.009540007814333,-1.0069731909227642,1.6696301210511564,0.9185107050962004,-0.18495733501370726
-0.8669829298041143,-0.866568966870956,0.26779991327248837,-0.47313051440669707,-0.05374472442746528
1.046790978924233,1.045496459523579,-0.8409204601470922,0.23187461377576826,-0.15223914320166185
-1.3946588515059148,-1.3958445579393834,-0.7751464465816262,0.9495100104442468,1.3393573272516024
1.7242068078584467,1.7225733649942496,-1.0602436447502506,-0.7243093591606323,1.3571915838418616
0.25262634556698493,0.2521209703805849,-0.3286175781331895,0.9441290400423353,1.5966758759636712
-1.0016393321273493,-0.9979519011378704,2.3994889821929677,0.9689555525153357,-0.08965684212464632
1.21950915015439,1.2190006580450043,-0.3286300061403309,0.9443997219879646,-0.08655013267140235
-0.9429975570237612,-0.9410626624072963,1.258205658705601,0.9443763873374795,-0.0886583643526453
-0.8481916281060696,-0.8494729198192019,-0.8362596717677401,0.17062271189520462,0.05708029333831007
0.3132143512297987,0.3114905519603057,-1.1220359819587826,-2.1689669045661457,-1.4357071325297504
1.1263799597855721,1.1259899030956457,-0.25168878533032957,0.2302302987382369,0.06834023544183968
1.0257048446361805,1.025635066619129,-0.04330524687542731,0.2414682664119603,-0.07547665328433079
1.175380759826389,1.17730486088686,1.2555963486085266,0.946532509042322,-0.15885856963592163
1.5131859197067534,1.5115683406207212,-1.050352093870922,-2.1689669045661457,-1.4357071325297504
-0.5360665919101889,-0.5359015516726325,0.10637010005121417,0.23807385258803118,-0.2004908822799278
-1.2606705174789958,-1.259183923150202,0.9655702313777403,0.10690822656675812,-0.16575468268169968
1.3242139491736309,1.3261480745139786,1.2624356095040496,0.9476012360345486,-0.0670226743171776
0.1943609793003974,0.19454289550370762,0.11888538894395365,0.2326991047595823,-0.0584032848757472
1.5578040150965502,1.5573824012627684,-0.27134132158867297,-0.4250891359875485,-0.18483402902379142
-1.6574428140512738,-1.6587217059822785,-0.8363853803457224,0.1600178910713156,0.07806937879251219
1.52022012024795,1.5204162547774906,0.13091227144110024,0.23057254027868787,-0.06455956198203046
-0.5375345169764648,-0.5379191160167411,-0.25160636050135704,0.9440030329297143,-0.41716657373048555
1.424799783236721,1.4256174531453454,0.5355116151061553,0.2218391584237205,-0.04114646121387416
0.47785290141974185,0.4793592687514826,0.982075910517478,0.9449301963756642,-0.06808731627888957
0.37535929501615295,0.37597024714094085,0.3986889703236104,0.9469136416669155,-0.06890835372393851
1.3600312767041554,1.3619660571558732,1.2629370153094108,0.9453051064267947,-0.19954653884496304
-0.30184829641275546,-0.30279052496013353,-0.6142918929552782,0.296128907352108,-0.18360999151413962
0.4076866607643967,0.4067316680802943,-0.6211244398699318,0.17223902535215352,-0.16531559305907279
1.0485656669518495,1.048277021349103,-0.18580334825256126,-0.5399780654736374,-0.055735665045129945
1.0065148023692352,1.0051184312375894,-0.9073393015773445,0.9475716788106006,4.589372400483221
0.3420249718130177,0.3420862479187349,0.04062208530528586,0.23531258561393648,-0.06748281618198533
0.26623872945972776,0.26495380795071743,-0.8362982414450755,0.29508973758382884,-0.1823107674252707
-0.351019000761879,-0.3514279023088175,-0.26704508808546973,0.22039552138036317,-0.08576217732120865
-1.2114883460054262,-1.211437717998651,0.030445404514988193,0.9434196666675816,-0.039687841577065404
0.2831301518556685,0.282847296517459,-0.1836294469574076,-0.543543600067792,0.07059583281834808
0.7833989289013382,0.7815613169663137,-1.195179660908463,-2.1689669045661457,-1.4357071325297504
-0.8431424675003447,-0.8439920789422358,-0.5551010090576965,0.2312710241498816,-0.06348289016764391
-1.122555493030513,-1.1207373016787643,1.1818235553663075,-0.4892423127451182,-0.15755934554705286
-0.10150406463028033,-0.10147827070626306,0.016587462299003493,0.15753663990304465,-0.0620182556044978
-1.0452637508790947,-1.0459754639098264,-0.4657112106116806,0.17159654464212476,0.056683308200044545
1.1464300148910125,1.1448234254841139,-1.043959955531177,-1.319176492695817,0.06903195197063541
0.01687619963932515,0.01635397787763009,-0.3400814861918948,-0.426333650680098,-0.18455433494910436
0.5012394675165016,0.500064016485555,-0.76451107233235,0.9447077393743709,0.06799136971427304
0.6315060775534498,0.6316572554872077,0.09977811364260873,0.2333649201200962,-0.061985173509642395
-1.1628564190621515,-1.161353846748921,0.9761806067620767,0.23254820735311063,-0.20216303180171263
0.46913112491992703,0.46930207659802725,0.11231768714700373,0.2341551869498655,-0.19151360472142465
0.008683391823161479,0.007080706730995926,-1.0437912489054983,-1.3165894577786794,0.21216013163117872
1.092733818795252,1.0959440673831649,2.0930761804195566,0.9450919832856954,-0.1621427194161177
-1.2703194862555525,-1.2715066565983386,-0.7758404150723516,0.2335920440514868,-0.05904086706750685
0.8326565194030046,0.8308212886789099,-1.193526021705368,-2.1689669045661457,-1.4357071325297504
-0.7535952761808589,-0.7535638309803442,0.0189073569654048,0.9441025941051183,-0.038722445899919966
-0.6731024285877434,-0.6731567304266799,-0.03677068643085436,0.945451336903169,0.07884831175319976
-1.1153757573283962,-1.1169849321902816,-1.050363521923466,-1.3228338102485475,-0.05491763506324961
-1.3233210491312715,-1.3229149403974023,0.26173233162498866,0.23227441412074978,-0.06363927825241515
0.4809167775299497,0.47953292885795945,-0.9002803363716659,-0.4017482629287793,-0.18337540938698269
-1.013378594657714,-1.0152077862014002,-1.1934448825323065,-2.1689669045661457,-1.4357071325297504
1.0858808133403717,1.0863698041019474,0.32073965242858454,0.09756658815580707,-0.08619825948066695
0.28272701710205134,0.28280849998702495,0.05365877909533824,0.945502673134237,-0.06702868924351495
0.19363171528118098,0.19190814714844293,-1.1221349774639435,-1.3913770125840863,0.06757633979699543
0.7185122928478603,0.7217367520709561,2.1015505099327907,0.9455197852112598,-0.07903147474970795
0.7064615088537383,0.7070806050044413,0.4046839838374567,0.23417074338352212,-0.05581085162434688
-0.15647296348751433,-0.15542867697217236,0.6798046349859576,-0.47607845858467407,-0.18368818555652514
-1.0117370172633433,-1.0090361836303605,1.7569090153416662,0.22217984432080629,-0.18536033507830998
0.3926738315151068,0.3937091450822667,0.6751065625851813,0.9433356619258345,-0.18228971518309
-0.44009693180073023,-0.4413695731884178,-0.8297742519491058,-0.5426319930554995,0.06345912271907556
0.5116489857932265,0.5099244735436266,-1.1220862653899755,-2.1689669045661457,-1.4357071325297504
0.7030568250497794,0.7014231636071236,-1.062516827251879,-0.7253143047748662,1.3552487626348955
-0.7205823553253429,-0.7196395906830391,0.6125075477177104,-0.5414870395383536,-0.19848189688325105
0.7386033517898679,0.7389849005077063,0.25003929111277906,0.9673827970726259,-0.18109274484195623
1.1896599850478278,1.1906009002798568,0.615289135706883,0.23685578383269823,-0.06732943556038269
-1.598531861685016,-1.597046518597985,0.9640503003894083,0.9431692080857063,-0.07087824209942249
0.5503637326546217,0.5494168658839096,-0.6155344079681081,0.17116407578646375,0.06118548056355523
-0.13367341146910997,-0.1350565533037424,-0.901102441901539,-0.5453450350852577,1.703176161692888
0.1635177135785927,0.1631213555975078,-0.2578019363373479,0.9448197456967001,3.2081047163729
-0.3715144707758061,-0.3704530681346285,0.6905034349268521,-0.5466548867991663,-0.06470392021412698
-0.9228068943681534,-0.9217322107319972,0.6980028087074394,0.9427522956637018,-0.08841776729915118
1.0104622945427406,1.0088466382709562,-1.0501488173862983,-2.1689669045661457,-1.4357071325297504
0.2991156679109838,0.29817114015924545,-0.6145353104744622,0.9432609910442822,1.6923853838436724
-0.7127667417896989,-0.711738547040557,0.668163449262166,0.24604185790708058,-0.1824521181941986
1.0942221296412067,1.0923834525352059,-1.1952248017160112,-2.1689669045661457,-1.4357071325297504
-0.3833862725681884,-0.3827625892412023,0.4053973800175064,0.2464292131051366,-0.18626558149208197
-0.7679440711682392,-0.7696546879201683,-1.115706412206715,-1.3209545930627973,0.20372118997986902
0.4749231437933725,0.4733088682154887,-1.0503670931898859,-2.1689669045661457,-1.4357071325297504
-0.39699404820392376,-0.3968197507957109,0.11268938455599235,-0.47473438271672047,-0.08796664782384957
0.6288745296475708,0.6286157954279706,-0.1671981930098616,-0.4743470275186645,-0.06452347242400629
-0.04438792506104506,-0.04566167723488834,-0.8296719708788383,-0.6091513033722794,0.1981573831178151
-1.4972866968090062,-1.4980323206843507,-0.4887401649941041,0.9669969975179354,-0.18531221566761108
-0.9821305353413711,-0.9823837489344455,-0.16696434648468314,-0.4743314710850075,-0.07007224197021687
-0.12606475495307898,-0.12745561633777935,-0.906114214344644,-0.5429477886587338,1.4727744083404848
1.694569655036015,1.6941998483282787,-0.23731458084067636,-0.27649719298384867,-0.4445765930498147
0.8005424172528472,0.8016081568563406,0.6957737670587617,0.9453502200843997,0.06156742838597727
-1.2392967268396071,-1.2374705577458212,1.1867757590855275,0.2328360013757629,-0.0664211816834421
-1.539600658211607,-1.5394121602164086,0.11955378716711193,0.23800073734984403,0.06809663092517679
-0.5251015376133875,-0.5251470622804054,-0.03074538857776694,0.3093892114012247,-0.20716444305122367
0.4256679811259193,0.42714366017253486,0.96198010867109,0.9480819298345461,-0.16859673537610026
1.5907385854934646,1.5891773539908558,-1.0134917674946782,-1.3228742569760554,-0.652353200984255
0.50320843865061,0.502733922373298,-0.3079966572724117,0.24713080826306144,0.2503579213365548
0.46132620161932764,0.46082943895825923,-0.32257285259077745,0.033316961509564716,-0.05065605975323322
-1.6478683123829938,-1.6494839792762293,-1.055702850922609,-0.6751245828677034,1.4522785468459463
0.4600104740560293,0.45872510564589425,-0.8361849608742347,-0.6047068302765116,-0.06668884590545444
1.1320250125476579,1.1326521555928708,0.4108128484167229,0.09046352054808003,-0.18655429795627498
-1.0762732395676728,-1.0757808116685528,0.3184664699269563,0.29575866423107416,-0.18335134968163325
1.3437208184316423,1.3450938559645762,0.8970466283702244,0.9441368182591634,-0.23246623068930966
1.3421687741410555,1.3420983590091689,-0.04305982944704811,-0.543559156501449,-0.18992566416836287
0.09147084850252951,0.09558689501775218,2.6809220610147206,0.23461099045601164,-0.3344583291286785
1.5078422090077719,1.5066637699773393,-0.7643566507723513,-0.5426304374121339,-0.06489339039375377
-1.2751208915232701,-1.275802561350305,-0.4466240772529441,-0.5440476285182747,-0.19704432948862316
-1.0247145673636524,-1.0246581908540426,0.03457907397075528,0.2883911372511803,-0.16587798867161552
1.141178247363782,1.1407825043604187,-0.2553613328659522,0.24712925261969587,-0.0407524835387774
1.3557584345671516,1.3544704969376604,-0.8359891126237644,0.9448913052915221,4.58419054144359
-0.8519343645197113,-0.8535598523005724,-1.0604382073448095,-0.7257141051198477,1.3544758446005456
-1.4257556358480272,-1.4269245400191222,-0.7642682262157934,0.9460798168229066,0.07714308013655952
-0.9731012742635783,-0.9733989473914868,-0.19590146118161977,0.24670767326759446,-0.08618622962799223
-0.804520231014538,-0.8063493212030706,-1.1929430481749748,-2.1689669045661457,-1.4357071325297504
-1.486864562743297,-1.48624778606306,0.3985965459486619,0.9449893108235603,-0.2016397332103627
-0.039757958798172725,-0.03938441058638158,0.24320445858761663,0.09684321399076266,-0.18573326051122607
1.249476966802411,1.2481990059859984,-0.8297131118679962,0.23340692249096973,0.07793705041309024
1.6978666563100786,1.6971178478531659,-0.4841469449754176,0.9431894314494602,0.055462278153561494
1.5888723427387976,1.588571951594744,-0.19232562354064953,0.9471687671788879,-0.057326613061360485
1.1727479544651351,1.1717828947927442,-0.6260845003752759,0.9478734736235438,1.705828744207662
-1.4795223584549493,-1.4794839309268077,0.021940076409228598,0.9477723568047746,-0.16115025657045404
-0.6965231056564956,-0.6973556391287357,-0.5436723851112204,-0.3756181213153329,-0.2809284921893831
-0.7487914362795007,-0.7495045021112784,-0.4659736272682186,-0.40305811464268787,-0.1978262699124793
0.7517892905182374,0.7528059355980841,0.6636973663280298,0.24573850745077136,-0.08891700618515169
-0.5314540848218907,-0.5328347293922132,-0.9003060494898895,0.24650388398668965,0.05625624843009238
-0.7346507555303896,-0.7349050906002603,-0.1671783367685667,0.23113723882043247,0.06907405645499712
0.3987486133456083,0.3971367446958004,-1.0489584428631997,-2.1689669045661457,-1.4357071325297504
-0.8247220065663642,-0.825653757036917,-0.6085587246953427,0.947272995284389,-0.30367393613409294
0.28177677323146244,0.284144498284658,1.5426586004120655,0.9468249699950706,-0.06470091275095838
-0.055421221700113155,-0.054571234143904045,0.5534709425294707,0.23553348697186416,-0.06594900996595963
1.1723493382599528,1.1706227372367324,-1.1220679805059053,-1.373188430352473,0.10273959916517571
-0.14202907280682328,-0.14319280483260602,-0.7582209293615588,-0.542664661566179,0.07948890140812817
1.4245068040305033,1.4245655859920083,0.04125648507212626,0.2371980253731492,-0.06738657736058755
1.352719920320713,1.3527874993151463,0.0468360888760037,-0.5469286800315271,-0.0643911440445845
0.5833648933523093,0.5835455296495322,0.1188635327934634,0.23546348302040815,-0.06469189036145225
0.7212704794288929,0.7203252209323212,-0.6141303288624395,-0.48928120382926066,-0.034740564664590474
0.20635887537507816,0.206055877442204,-0.19690827261073288,0.944777743325827,-0.06737454750791282
1.1956137583483029,1.1946560282130028,-0.6212631478576828,0.14656779853158508,0.10508241297357594
1.5345523290194842,1.5360052627316019,0.9494802476492848,0.9445739540449218,-0.567226955994831
-1.1127361744734945,-1.112330830150584,0.2616739057063583,0.1699257836673768,-0.055904082982575896
1.3703540057750103,1.3696069351457505,-0.48369853676372837,-0.48932631748686567,-0.05838524009673511
-0.8735752020076659,-0.8731810772619971,0.2548657862540169,0.9478019140287226,-0.06596404728180295
-1.6496459333764697,-1.6503725183487485,-0.4766582849940902,0.24033731368510589,-0.15933074135340408
0.6550245266578266,0.6537484928074697,-0.8296985411010029,0.23026296724891637,3.2026281259427387
1.3929269357334153,1.3913099996701364,-1.0501842443491842,-0.6080639086596642,1.5819242691213071
-0.26444395469845017,-0.2638101467167848,0.4122396407768224,0.24662211288248181,-0.089091439048935
-1.3756385497030121,-1.3732558927823322,1.5489250301738287,0.23191972743337294,-0.059245374562976974
-1.1974384865225642,-1.1990485664222517,-1.051124201670916,-1.3971328930371287,0.056448726072887784
-0.862910093698012,-0.8647389801390378,-1.1929321915250581,-2.1689669045661457,-1.4357071325297504
-0.6423424560695026,-0.6417110682037909,0.4098748910041863,0.9450935389290613,-0.08966887197732104
0.21898030240068342,0.2187129644176719,-0.17365704260633139,-0.409952726039413,-0.19860219540999813
0.19714269847992347,0.19630966443399628,-0.5421335978361911,0.9487866362792027,-0.02993463852104345
1.540524721783899,1.53868877664244,-1.192514210503267,-2.1689669045661457,-1.4357071325297504
1.5734152772946415,1.572565201765592,-0.550360652862508,0.09620851149756239,0.06106818949997676
1.2225812746279021,1.2226203426185673,0.027995658601557394,0.9436794591096518,-0.08910046143844097
-1.054968690347689,-1.0522726076332984,1.7537245885003228,0.23606862828966038,-0.0729233170541234
-0.5338735724089758,-0.5324117331120707,0.9509641802721037,0.23417074338352212,-0.3343169783597506
0.2815615761833271,0.28107365031751186,-0.31719266830379017,0.22236807716805412,0.05744419638172003
0.4740461010215675,0.47232170574022864,-1.1220885510004843,-2.1689669045661457,-1.4357071325297504
0.016436626096884645,0.021928987669392424,3.577142797154418,0.24634365272002393,-0.9061710625679829
0.6664549681937475,0.6664048796635069,-0.031231366512194037,0.1022288513227715,0.07974754324063421
1.1567431014966332,1.1563646620231574,-0.24405927460139928,0.24550516094591848,-0.04045474468507825
-0.06938876885163045,-0.07100118774473435,-1.0502936679522918,-0.6088821770700156,1.5803423434945825
-0.5829978397404595,-0.584718756627252,-1.1220288394259426,-1.3902725057944485,0.06971163864675677
-0.6126722235946617,-0.6136136835105497,-0.614439886235721,0.22216739917388076,-0.1366484541352363
-0.5623174132409104,-0.5612546796370075,0.6909721279318068,0.232386420443079,-0.05652061293215487
-0.13157445678029706,-0.12966307053061907,1.2445881341450071,0.9487493008384258,-0.18552574555258733
-0.5137419691400832,-0.5137884698365237,-0.031357360791490076,0.9434585577517244,0.10515158462645552
0.8242102383691603,0.8254550105465234,0.8124248991468157,0.24569183814980078,-0.08829746877240412
0.7847874561778745,0.7834106596316663,-0.8950532879887662,-0.546099522117616,0.21074060901556274
0.9259086730275244,0.925639572362495,-0.17332991460226377,0.23372894066766706,0.07563934855222046
-0.9983588528035766,-0.9978440583992803,0.3331960868507231,0.10317779377584063,-0.06503474116268153
1.4648265598696542,1.464106550214476,-0.46587691737356635,0.9451184292229124,0.20746247416170388
-1.5967743101881824,-1.5975944361879812,-0.53747009529436,0.2347105516314157,0.20209114494244554
1.2130980125003177,1.2145855186988737,0.9713261128921067,0.9441150392520442,-0.06636704734640585
0.3886782698034043,0.38784216443166863,-0.543734239445614,0.94729788557824,0.0624666598734119
-0.8177417991805477,-0.8177868214057742,-0.031028804280854423,0.9432952151983272,0.20003704759823868
-0.9615040465051015,-0.9622973887063023,-0.5187005189456857,-0.40830218842841903,-0.19063542547617088
1.3117846693570052,1.310516236446623,-0.823377685239,-0.5465008781059632,0.06788009357703194
-1.285512268050656,-1.2872308172128937,-1.1219527000258693,-2.1689669045661457,-1.4357071325297504
-0.18737409189683263,-0.18851814065756667,-0.7454960785552966,-0.540984566731237,0.2045542572775927
1.029686404353078,1.0283921248738646,-0.8407998941927545,-0.5513451515467128,0.10516962940546744
1.2127372493648338,1.2111018095138202,-1.0626115372373361,-1.5216839234675001,-0.18434080506412828
1.6829208814773082,1.6824110057352655,-0.328564151987547,0.2977561103126165,-0.18549266345773177
1.115289116303355,1.1172158829038175,1.2572069897639255,0.23580728020422503,-0.19450603057425908
-0.7490727492038539,-0.7486908176938963,0.2471842778860121,0.2333586975466336,-0.06771138338280473
-1.6561238374584153,-1.6563654338592915,-0.16080462616354854,0.9446346241361838,-0.20075553903877139
-0.36764126497741373,-0.36847467231423553,-0.543555247572646,0.23558793448966323,-0.06366333795776459
1.028342526941488,1.028970622680424,0.41121697292480475,0.9436219003051216,-0.20019013596306007
0.16027721861596728,0.1612194927887322,0.6140261930501312,0.23549615153108763,-0.1544225614621219
-0.6087192997754383,-0.6083373415533684,0.24749454951257757,0.9422187099892715,-0.3306238135886143
-1.2676879787075643,-1.2679773525740305,-0.19111096440589515,0.2356470489375593,-0.16910198918843813
-1.4832380785506283,-1.4833162649333276,-0.0540169033754337,0.9444541695057638,-0.18344458103986225
1.2395160699124779,1.238551175330639,-0.6258376544403287,0.9443343849666057,1.6931101824673236
-0.9351257501696705,-0.9369549838430705,-1.1933090315576917,-2.1689669045661457,-1.4357071325297504
-0.8940793340532799,-0.8928187815696589,0.8191168810151801,0.3711622538092935,-0.32975465673286647
-0.2922862396704325,-0.29035198666956774,1.2591456160273324,0.2387178889414255,-0.16293668969264857
-1.5754660750206015,-1.5743997338774145,0.6912075458142101,0.9679988318454378,-0.08749146864319834
1.4454828430886562,1.4446524658263329,-0.537798366103682,0.9449270850889324,1.7108151181413296
-1.3514380627692963,-1.351680341018638,-0.16061292058212545,-0.5382232997571422,0.07189806437038526
-0.6397094116316119,-0.6415425451578363,-1.1952325156514783,-2.1689669045661457,-1.4357071325297504
-0.6913937477799844,-0.6872719920238338,2.683006823500032,0.9441585972662834,-0.16157731634040637
1.3760906075614012,1.377156076214644,0.6967982919693178,0.9449441971659552,-0.05815366543274694
1.1800109914862618,1.1799324056010019,-0.048719715320046146,0.16331896629330353,-0.1661396379672905
1.6144340285154413,1.6131379777465382,-0.8407333257866866,-0.5495421608858816,-0.13563794651056055
1.3208974148996715,1.3196090858070153,-0.8363168120304594,0.9432127660999453,4.580945488684586
-1.0209563418546577,-1.0175049563564416,2.2457151070721313,0.24539159898022334,-0.18357089449294667
-0.29911658767891175,-0.2991813270438711,-0.042788127497818185,0.17069116020329475,0.05729983814962352
0.10731395406276556,0.10749730198832375,0.11963621199608442,0.9444277235685475,-0.08844182700450064
0.4615144113019007,0.4620230491506545,0.33223270202127675,-0.5517091720942837,-0.1832942078814284
-0.4554868261414214,-0.4548645142744597,0.4043537131189395,0.9471594333186938,-0.07052937637185586
1.4376450726321943,1.4358088210382096,-1.1929284774079814,-2.1689669045661457,-1.4357071325297504
-1.3084546308530043,-1.3073796536687956,0.6973892651364916,0.9451495420902256,-0.06535353225856151
0.5989072084803962,0.5977333902538833,-0.763243844155894,-0.6014555356422253,-0.032593235962154576
1.4713366473956255,1.4708271668344826,-0.32874828648415977,0.22149847252663507,0.1990415772894064
0.5713501976475011,0.5753730467207929,2.6212250572401032,0.9446175120591609,-0.18590769337500937
0.9873259006513828,0.9857087370972493,-1.0511787706218128,-1.3966366428034747,0.05740810682369603
-0.5786116627754605,-0.5781068561404387,0.32756705671959374,0.24094712588445513,-0.06775048040399767
0.5270916327228224,0.527282359998416,0.1253182397208861,-0.544284086309859,-0.05910402379404906
-0.7355329064267757,-0.7371430238959239,-1.0501848157518117,-2.1689669045661457,-1.4357071325297504
1.2662982607826907,1.2662181719126182,-0.049518536192861194,0.2725173523477091,-0.136531163071658
0.22754863052223684,0.22773114840960235,0.11934651086409796,0.24064221978478068,-0.06964217473709594
-1.4189836286803346,-1.4187957660816222,0.11939165167164613,0.2384752085763786,-0.06844520439596218
-0.15960613804458143,-0.1581513622580899,0.9471447822612925,0.24560783340805367,-0.08747041640101766
-0.7718211454020834,-0.7698796010679533,1.2628937315604012,0.9433667747931485,-0.08659223715576371
0.6121802651998451,0.6136717161301506,0.9726413388892469,-0.42454621645292345,-0.4249950003585538
-0.687743076927785,-0.6841803782336229,2.3189073552451234,0.945462226406729,-0.42582506019310884
0.579311937455567,0.5780462544875803,-0.823115125731805,-0.6818371839906433,0.07363938554504967
1.1754216340351655,1.1740214492470002,-0.9094706333767724,0.9424551677808563,4.5794808541214405
-0.40718814285804916,-0.4074889175190318,-0.19674056593965195,0.9479792573724108,-0.29545153183092804
-0.759301972770037,-0.7610222067852328,-1.1219519857725853,-2.1689669045661457,-1.4357071325297504
0.3868996942580725,0.38640084246551504,-0.3240887837607189,0.22166492636676371,0.05663819625251442
-0.9544660492514445,-0.9552136281213967,-0.48888073004039345,0.9483168319827652,-0.15835331582358375
-0.30381092719058994,-0.30420606928336247,-0.25798521373002,-0.6114692119871532,-0.05549807545480442
-0.7671834604732254,-0.7657244354557229,0.9486444284563591,0.09877532305094598,-0.514879052080826
1.1047679005445918,1.106272726678506,0.9823803252671148,0.986039627957311,-0.06638809958858653
0.05319188834125052,0.05269650789481365,-0.322524283367466,0.09843774844059203,-0.03255413894096181
1.6293630144655658,1.6281756855160854,-0.769892970827219,-0.5762074438171239,-0.13655221531383868
1.1122188123216636,1.1109417529746024,-0.8294124112354363,0.9476852407762957,0.20040997303115476
-1.2600155964236741,-1.2589409755663417,0.6972582710842076,0.9448244126267972,-0.05460786635687574
-0.8879323120366054,-0.8864680589695266,0.951797428153207,0.9436561244591666,-0.18618738744969643
-0.49885717332588564,-0.49672100902083655,1.3902169505165287,0.9451650985238826,-0.1871828577585287
-1.2822744586424717,-1.2807702557003182,0.976993426999258,0.9442161560708136,-0.08829145384606676
-0.19390259095587029,-0.1957347962809555,-1.1936977281948393,-2.1689669045661457,-1.4357071325297504
1.8071636977116117,1.8055263535693917,-1.0626113943866793,-2.1689669045661457,-1.4357071325297504
-0.7338408184998132,-0.7316857063299559,1.402067126751216,0.9436467905989726,-0.18764600708650503
0.20433511379790667,0.20349270730596883,-0.5482227499328675,0.1484345705704094,-0.04135397617251288
1.5293787158641459,1.5282196629050506,-0.7516857975143587,-0.5505299944230928,0.055408143816525236
1.1657627475262375,1.1692114445159612,2.2485271222512027,0.9435783422908818,-0.3286629476026364
-1.366020920364152,-1.3649796292114493,0.6753298381617568,0.2472692605226076,-0.08523286380352134
0.27798839116578217,0.2776126164917905,-0.24415741300261948,0.10190372185934271,-0.1969089936460326
0.15681915470176602,0.15606667168320737,-0.4897558331639387,0.2332186896437219,-0.06412347982257217
-0.7816945444103544,-0.7829658592804349,-0.8296231159542133,-0.5501581956586935,0.0761776844594139
0.883038078923027,0.8813123429849482,-1.1221082643911224,-2.1689669045661457,-1.4357071325297504
0.8959855481376955,0.8943698601103862,-1.0504083770297006,-2.1689669045661457,-1.4357071325297504
0.1664214511127645,0.16855788847754397,1.3917830222670065,0.9501353790772533,-0.050253059688630336
-1.138676570583606,-1.1398267839585319,-0.751496091842131,0.23143592234664434,0.0816482599632388
1.0484952051449152,1.050880266304006,1.5555493008308703,0.9466165137840692,-0.20643964442757234
-1.0413806631001588,-1.041669387466569,-0.19021571933974135,0.30034625651648555,-0.19114368675167734
0.08654624375384587,0.08627321127553216,-0.17764214737902834,0.9463644995588278,-0.16314721211445604
-0.14298524928738554,-0.14437813027840424,-0.90746486730467,-0.5584155506437607,1.4738510801548717
0.7372100493413511,0.7362635064508268,-0.6149335781056152,-0.5449763476075898,0.06833722797867091
1.0950669358895861,1.093433638042028,-1.0614620180020817,-0.7313719800408517,1.3435377010560645
-1.6093384627864025,-1.6104874956539459,-0.7517093678727306,-0.47579844277885064,0.20028065211490156
-0.2657604058524135,-0.2674824507928255,-1.122101550410253,-2.1689669045661457,-1.4357071325297504
-1.6316460211873893,-1.6310079036088594,0.41219350001467664,0.9439703644190351,-0.04233741662867057
1.3306447555968082,1.3303932620616576,-0.16101804504480494,-0.5515862762683942,0.08751882806849763
1.1271888819467921,1.125901238628605,-0.8362743853853903,0.9412806570397624,0.07015674319572085
-1.1096586782330917,-1.110160465837398,-0.3291236980102253,0.9470007576953937,1.700797258326464
-1.2529017048400197,-1.2540878709391947,-0.7751500178480464,0.9485019535432816,4.59117086345809
0.4625091802350448,0.46177526455745677,-0.4770252683314046,0.9443981663445987,-0.0673565027289009
-1.2439728541949735,-1.2405198445787946,2.2463075087458737,0.9435985656546357,-0.1857783724587562
0.9370346044058994,0.9367308358704114,-0.19588546190805844,0.22086221439006926,-0.1348048792128369
0.9462885117617252,0.9473222316516428,0.6752238429744125,0.9423556066054521,-0.18632573075545558
-1.0098026966686828,-1.0115224334082002,-1.1221508338868482,-1.3913630117937954,0.06760340696551363
0.9854615928821189,0.9881354486485128,1.7435061953182405,0.9458573598216135,-0.08593059525865461
1.3516978418168881,1.3511796390714368,-0.3346785886504766,0.949727800515443,0.07074319851361319
-1.0904722633509343,-1.0917421511197414,-0.8293379860432443,0.2215638095479941,3.1858103919034924
-0.8120034444579356,-0.8114122405690888,0.3833495239459723,0.9462540488798639,-0.06052354640966488
0.6430395514690128,0.643505617663266,0.30488508658253255,0.9444012776313305,-0.054084567765525955
-1.2922485576074898,-1.2882233415677287,2.618877878098253,0.9452833274196748,-0.16978167586455914
-0.5439617161937997,-0.543328149907583,0.41149896012132403,0.2383943151213626,-0.057422851882758266
-0.03912461100960451,-0.04073743964010407,-1.0504973729888858,-2.1689669045661457,-1.4357071325297504
1.3938041033076114,1.3942819722178668,0.3141386664286007,0.02800288377237747,-0.21877024341915113
-1.5877234227642356,-1.5876716663072183,0.030395263934452025,0.24634365272002393,-0.18367314824068182
-1.2672257553954955,-1.2662698830137833,0.6199037833240892,0.9501011549232082,0.20819629517486132
-1.5240691037255374,-1.5256921570536677,-1.0602552156534513,-2.1689669045661457,-1.4357071325297504
-1.4064869919823437,-1.408092954364543,-1.0488787321967066,-2.1689669045661457,-1.4357071325297504
-0.5680327356712754,-0.56830693791823,-0.17976990791203623,0.23453943086119003,-0.06464978587709089
1.03721695036449,1.0364789638069536,-0.47847734525775737,0.9443266067497775,-0.19296620943189605
-1.0066380835338822,-1.0055735411968996,0.6912229736851442,0.9433574409329544,-0.08808694635059663
-0.7878365010730387,-0.7877028555045976,0.08539776657471301,-0.5491548056878253,-0.18600393219640698
0.4343997650666777,0.43400245518843256,-0.25785664813890163,0.9441523746928204,0.0645297796071249
1.2655954114417902,1.266203144129787,0.39844983832413017,0.24628298262876194,-0.23025574526033155
1.7917953805857285,1.7913974727630233,-0.2554136162063404,0.24636543172714348,-0.0870764387259209
-1.0009873525920052,-1.0012785453719129,-0.19173907874383644,0.21206193987037733,-0.02805798150378849
0.14243676791156715,0.14414002773230464,1.109609691341726,0.968201065482977,-0.0893831629762968
0.989520124309234,0.9901289308143583,0.398573118440947,0.22081865637582979,-0.23155797681236906
-0.5424282192054888,-0.5441494209261521,-1.1221296919896422,-1.3978111535445683,0.0551374721313443
-0.5315432134694189,-0.5327054957239236,-0.7580895067573046,-0.6159836890343773,-0.0698948016432648
-0.3848228062140492,-0.38644961403014805,-1.060323212566087,-1.4959986958566405,-0.13468458068608982
0.1582416076110674,0.15695707028346303,-0.8362733854307928,0.9434725585420155,4.5814477350337555
0.0325646533226706,0.03249172900116617,-0.047426774025366256,0.9484863971096246,-0.15620297965797908
1.2280460061397462,1.22752182194514,-0.3388322571981953,0.23253420656281956,-0.0326022583516607
-0.03226088877997955,-0.033983613188291205,-1.1220568381546752,-2.1689669045661457,-1.4357071325297504
-0.6768598081163817,-0.6771338369364112,-0.1798840455868179,-0.5406438808341512,-0.1993330089599868
1.698710212341183,1.6970923435024754,-1.0501536743086295,-2.1689669045661457,-1.4357071325297504
1.044673693198799,1.0457330382578436,0.6921185044526117,0.9493295558138274,0.05506830047846473
0.22117844099329564,0.21956550656013757,-1.050023108808316,-2.1689669045661457,-1.4357071325297504
0.06516826466725027,0.06520765067596813,0.025787615999429036,0.2463109842093444,-0.08736515519011392
-0.833336747797894,-0.8350565044370821,-1.1217955643033912,-2.1689669045661457,-1.4357071325297504
1.4116279291929656,1.4120912137377848,0.3046772388768913,0.22252364150462317,-0.08985834215694785
0.7217869634867051,0.7199530087538428,-1.1929263346481296,-2.1689669045661457,-1.4357071325297504
-0.7429281337457652,-0.7419802626586784,0.615786684544511,0.9450406470546275,-0.1653697273961089
1.4907528175577422,1.4906860242186881,-0.040390950626089085,-0.5241416160109426,-0.04130284929864539
-0.875842832721147,-0.8756670068097716,0.11268567043891559,-0.47521663216008353,-0.08868543152116352
-1.3848697996124368,-1.38423460397634,0.4108054201825693,0.23662088168447945,0.0708033477769868
1.079778982291453,1.0778948388721417,-1.224866598702933,-2.1689669045661457,-1.4357071325297504
0.450666474508028,0.4504078868429991,-0.1674746090307659,0.234922119129149,0.06516435433571596
-0.758864761041564,-0.757927535455904,0.6088201437137806,0.9439952547128861,-0.4258521273616269
-1.3884904823582778,-1.3869755000442048,0.9837922611589073,0.29740142362524,-0.18671970843055236
0.7196501978407758,0.7189204021229276,-0.4738054145271751,-0.6090221849729277,-0.05735969515621589
0.24447915313444157,0.24397303900842413,-0.32911584122410126,-0.5431578005131016,0.05931183100946903
-0.8615131371056708,-0.8608989033643399,0.39824527618359534,0.9480088145963589,-0.08261336338360314
0.9117693201407613,0.9101537462641723,-1.0503010961864452,-2.1689669045661457,-1.4357071325297504
-0.8280044656201584,-0.8279271189639361,0.048647149502890064,0.22220162332792584,0.0580306516996122
-1.12636496077821,-1.1279737415981337,-1.0501298182489442,-2.1689669045661457,-1.4357071325297504
-1.6635982035308983,-1.6638879157752375,-0.1921574883175981,0.9446190677025268,-0.06055963596768905
-0.1807166947787557,-0.18143182788290638,-0.46613461995843014,0.23366671493303953,0.06953720578297345
-0.8929212490181949,-0.894641053389028,-1.1219509858179877,-2.1689669045661457,-1.4357071325297504
0.8767218983416836,0.8773414658273325,0.4053462394823727,0.24633120757309843,-0.03986828936718609
-1.6505238521777124,-1.652241051568447,-1.1218352767859814,-1.3892084457323186,0.07176874345413241
-1.2808224826199035,-1.2824309460087402,-1.050245384430294,-1.3871207723355665,0.07580475902649782
-0.5891352712746183,-0.5907460271210884,-1.0502950964588598,-2.1689669045661457,-1.4357071325297504
1.473630972002614,1.4728011132116512,-0.5374019555310673,0.9501882709516865,0.1966175619754519
-1.6847448834288683,-1.6795209551440098,3.3987656105625863,0.9444448356455697,-0.0878493567602711
-0.5468190406179955,-0.5457593525758465,0.6890209308106013,0.967592808926994,-0.1368409317780317
1.5045590476389399,1.5033827227759076,-0.7629865701230006,0.2358415043582701,-0.16959822061126986
0.5897902582596319,0.5901616490577898,0.243113034167266,0.2472941508164586,-0.1848550812659721
-0.32511597298810185,-0.32541589440474616,-0.19601359894720635,0.24656766536468275,-0.18479793946576725
0.4171833934347762,0.41634701534355695,-0.5438523769387861,0.23118390812140302,-0.059669426869760546
0.3467989804335178,0.34629259945556096,-0.32907612874151143,-0.4946263944337615,-0.06586179353406799
-0.5413299768072748,-0.541695180117373,-0.23898207655748074,0.23684489432913827,-0.06864971189143229
-0.43618523641851104,-0.4370288647409265,-0.5503550816868928,0.2216555925065697,-0.13858826787903347
1.1543248277169866,1.1540752776260836,-0.1601202286668288,0.2376911643200722,-0.06968127175828871
-1.5548485024268648,-1.5564734381791405,-1.0615454427856519,-0.7310686295845428,1.3441241563739565
-1.0771258910391195,-1.0782958012174224,-0.7641959437834536,0.945516673924528,4.585399541637398
-1.1408725886322513,-1.140247982344259,0.40441785306384176,0.2332186896437219,-0.0589055312249163
-0.23083461308593586,-0.23208828891382427,-0.8169855468992548,-0.5442996427435159,0.0811339837613948
1.445559828397728,1.4470567878126315,0.9779679541799349,0.9485299551238644,0.06457789901782379
1.097293836498282,1.0978773577021632,0.3823299988084042,-0.4269216838723277,-0.18454531255959825
-1.0709728478005804,-1.0695694406907639,0.9117872447945649,0.947333665375651,-0.04911924607403894
-0.532706792880422,-0.5327489717806905,-0.028582201081873114,0.2371855802262237,-0.052060545053005725
-1.2626513073337418,-1.261137697445941,0.9831610041065164,0.9464205027199921,-0.05654166517433555
-1.3806148197902444,-1.3810034490577745,-0.25599044715849106,0.9449846438934633,-0.15335491203724133
-1.6268824512231246,-1.6271634971482083,-0.18643660521414726,0.9432781031213043,0.04401587333357385
0.6603081521339187,0.6617705395475528,0.9538130509206284,0.948897086958166,-0.0406231626225242
0.29652875429716924,0.30020836070730883,2.397101804867215,0.9443717204073825,-0.23305569347037058
0.0768909214608331,0.0750577897458629,-1.1937360121708613,-2.1689669045661457,-1.4357071325297504
0.3025504418127104,0.3027229545746458,0.11298679962344597,0.2361199645207283,-0.3368492623477773
1.5701982833460728,1.5694675865130177,-0.47261746846524205,-0.5257968205520336,1.4067485619353335
1.1411488501495881,1.1395153300839174,-1.061510587225393,-2.1689669045661457,-1.4357071325297504
-1.6974965510713966,-1.699102619848228,-1.0495552729073023,-0.6031465199807273,1.5914308601974974
-0.1855075223309833,-0.1851057348639595,0.26129220875139364,-0.47525085631412856,-0.042021632995959346
1.1966769821606502,1.1981378412412642,0.9539369024400723,0.9470583164999239,-0.06534150240588679
-0.384703585494726,-0.38608621168783974,-0.9012904333658853,0.2364295375504998,3.214549709943377
1.5738792217391582,1.572701779669163,-0.7635695436533937,-0.5509064601175893,-0.05255677647583763
-0.14711649971195648,-0.14136647618084647,3.744613621801027,0.9451044284326213,-0.2054652263609208
1.3630303437442022,1.362201864267281,-0.5367344144118498,0.17126519260523337,0.056012643913429486
0.37730756825493655,0.3759135944943243,-0.9070908842851726,0.0971123402930265,0.24893839872093884
0.4756663913831393,0.4742716561380489,-0.9073815853717567,0.16988378129650325,0.06966351923605787
-1.5128030107078232,-1.514072124397654,-0.8297151117771914,0.2325715420035961,3.2070912012850563
1.0284451621029747,1.027707223389988,-0.4784644886986455,0.9461887118585048,4.580280839324309
-0.3071136573111447,-0.3069402205603079,0.1123164014910925,0.1634387508324616,-0.06426483059150008
0.24955622692452142,0.24972133252666825,0.10805202368435526,-0.5509951317894334,-0.04120360301407901
-1.6153804448376954,-1.6167786058920484,-0.9139761430921848,-0.5501504174418653,1.693886107964842
0.37260016199870943,0.37229776781570695,-0.19616816335786183,-0.5410499037525957,-0.16690954853847192
-1.0944219306831613,-1.0948141808674303,-0.25775151005549823,0.9445708427581907,0.05609384541898378
-1.6077640578115153,-1.6080444424992406,-0.18596605515065434,0.17008290364731105,0.06261402556867718
0.9015232789588687,0.9003486550103932,-0.7631371347152659,-0.6215762269340224,-0.036400684333700584
-0.17421590250855423,-0.17381297733481726,0.2620567454665772,0.9475390102999214,0.19523112145469165
1.3479865461743434,1.3463523256860255,-1.0615351575383623,-1.3909741009523735,-0.16204948805788866
1.6573847744880976,1.6556567714368995,-1.1219689850007442,-1.389917819107072,0.07039734024921532
1.1420267663187946,1.1468068844489114,3.115616038248747,0.949802471396996,-0.15808865906474
0.3784955269027977,0.37732094048920667,-0.764204086270891,0.9469680891847145,0.07001238496362451
-1.6378472447289893,-1.6395647968495417,-1.122038553270605,-2.1689669045661457,-1.4357071325297504
-0.5212059274827583,-0.5221582142662334,-0.6213004318791071,0.9435223391297175,0.05708630826464744
-1.0641867454201284,-1.0658136173236237,-1.0617825748759366,-0.7355551050511844,1.3354506325954898
0.23920313994619852,0.23802921739893973,-0.7640623784193473,0.9450733155653074,0.0641418168583655
1.0122164570734145,1.0136841229089872,0.9579851472030741,0.1673698616175528,-0.06985871208524079
-0.4532703345785516,-0.44957261067144805,2.407336911576142,0.9482343828843832,-0.18904146999677157
-0.7965993548871029,-0.7978805910281079,-0.8361158211563443,0.945597567379544,4.58555592972217
0.6677640360470258,0.6718840281465112,2.684694318308788,0.9460953732565637,-0.20573589804610187
1.5956516327511203,1.5942537594293422,-0.9070883129733504,0.9445397298908768,4.583510854767469
1.629381316549787,1.6307603011965996,0.9015159968694668,0.2222762942094789,-0.18500846188757475
0.7424162580737432,0.7427870179561893,0.24302060979231752,0.9669129927761884,-0.03826831896144959
1.690385237257475,1.6898753358453502,-0.32856529479280144,0.2206724258994555,-0.04019911031574064
1.1163654906467417,1.1174125274135729,0.6842518616333964,0.2466345580294073,-0.08815010307713884
0.2971637780348944,0.2964476740105516,-0.46576977938096775,0.94649361795818,0.061814040365808925
1.630197744401383,1.630254850938664,0.04059451512852365,0.23200995474858296,-0.07629468326621112
-0.8512636674770727,-0.8503013628945585,0.6249609822760562,0.24632187371290404,-0.08685990137777605
-1.5780656899645829,-1.5743770473319638,2.39907528669088,0.9428643019860318,-0.1854385291206957
-1.3756373626546101,-1.37611878115163,-0.3164125608670156,0.23705646182687193,-0.05579581430850356
1.2938795170572621,1.29314098277484,-0.4782984962354461,0.22948203427934147,-0.05467703800975532
0.2934106082290903,0.29422492444537424,0.5309665357588097,0.09626918158882403,-0.08567796835248576
-0.2452159788653606,-0.24573039655182008,-0.33554569213724117,0.2221440645233953,-0.13651011082947714
-0.1157750009111874,-0.11740446600444897,-1.0614924451919796,-2.1689669045661457,-1.4357071325297504
-1.600291136726998,-1.601560073197314,-0.8297822515858865,0.2311232380301414,3.2042912530750174
-1.1874724121977591,-1.1890790811163408,-1.048881874911156,-2.1689669045661457,-1.4357071325297504
-1.4239968018914733,-1.4257154320075742,-1.1222943987969305,-2.1689669045661457,-1.4357071325297504
0.8802327036586348,0.8786230421220235,-1.0465162680345792,-2.1689669045661457,-1.4357071325297504
-0.5120147229099901,-0.5096597293460902,1.5327103378219886,0.9493373340306556,-0.1748522587669499
1.030894208335818,1.0336955854922034,1.8266541343154628,0.9500047050345353,-0.17466880351366063
-0.7803742085900481,-0.7808937617302043,-0.340007060999703,0.24504624615304088,-0.08803281201356038
-0.20606989629668387,-0.205236075840226,0.542627149171926,0.22223895876870237,-0.03974799084043902
-0.674463721964644,-0.6743236259742054,0.08983542222814635,0.9457982453737174,-0.1635261524737095
-0.054099756736205054,-0.05437582602927102,-0.17991347282211836,-0.5432666955486998,-0.057753672831312816
-1.1413142037575679,-1.1406798744401505,0.4107494227251045,0.9455057844209681,-0.20118259880872372
-1.5474991936143507,-1.5452360236433818,1.4707460084226713,0.23546970559387106,-0.07672174303616329
0.5537912702110273,0.5582355967729422,2.8956915952311255,0.943796132362078,-0.08736214772694532
-0.1620281949378345,-0.16076470235613766,0.822559296142701,0.9488457507270988,-0.06807528642621485
1.0824167483832519,1.0852298322261762,1.8343860689653173,0.943912805614505,-0.33882516564959864
-0.18160620770019925,-0.17805428527332015,2.3129450545316836,0.2968771718110034,-0.1819829539398849
-0.33740839195833006,-0.33815752299483093,-0.48860402831817557,0.9686522020590265,1.4039125241672703
-0.682123135986013,-0.6815000174922509,0.4044061393099842,0.9436825703963828,-0.06931436125170999
-1.304220362963664,-1.3058302860785653,-1.0512449104759103,-1.3972371211426298,0.05624722604058642
1.3346927150111787,1.335093559920322,0.263850521163991,0.2374064815841514,0.07098680303027607
1.211859296127782,1.2102240321455202,-1.0624988280691223,-2.1689669045661457,-1.4357071325297504
-0.29394486103563994,-0.2947959089958541,-0.5548905900402329,0.9438101331523691,3.2344440788041804
0.08360686713123344,0.0885093398773745,3.193095520333564,0.9451495420902256,-0.1838566034939711
-1.0562552571413943,-1.0580843854460011,-1.1934931660543044,-2.1689669045661457,-1.4357071325297504
-0.5385746753767743,-0.5375025848745498,0.6971157061287232,0.9454575594766319,-0.06999104046466258
1.3323992909993005,1.331880920221601,-0.334828296138801,0.10478632901596105,0.19626869624788526
0.556581191035212,0.5567462073966245,0.10863456866277793,0.23719646972978364,-0.0367375202085925
1.5674783762246305,1.5678499533302495,0.24527450745527826,0.94313187264493,-0.13383948353569128
-1.5242492060780881,-1.5251789008588839,-0.6086795763509939,0.9475530110902124,0.2094594297057059
-0.8102679970218564,-0.8120976910501252,-1.193348315488311,-2.1689669045661457,-1.4357071325297504
-0.7413916781292401,-0.74267321946405,-0.8361993887905713,-0.48696018392765544,-0.06957901801055373
0.8196678989577322,0.8192696464174251,-0.2576666567653601,0.9461280417672429,3.2097738584315167
-0.7749660768269334,-0.7732617065173006,1.1084186025653429,0.9476712399860046,-0.0714887571226641
0.8424846372962737,0.8412084410664019,-0.8294131254887203,-0.47618268669017516,-0.08768093882282514
0.4857433492327357,0.4845491847813811,-0.7767312317681445,0.29705762644142314,-0.18465658869683935
-0.04981494014974539,-0.04975395185562439,0.03961698808405418,-0.4759851199827329,-0.0870794461890895
1.0213282980729157,1.0203676522813678,-0.6235257594107081,0.9449224181588354,4.5801846005029105
1.1280259401381134,1.1310317881717498,1.9600262214830493,0.943726128410622,-0.08866738674215144
-0.2119278481198198,-0.2113157930000391,0.39818185049197696,0.23085722301460868,-0.06638208466224917
0.5658499987875892,0.5672477494728592,0.9115188284104411,-0.4771207396396847,-0.07810818355692387
-0.4720301608503537,-0.4718457483196446,0.11912066397570016,0.9501556024410073,-0.1872610518009144
1.3872251402152906,1.3869654278443078,-0.16625280736317163,-0.5376368222082781,0.053696897273547636
-1.096168882750205,-1.0955733022490401,0.3856069928753529,0.944802633619678,-0.06585577860773062
0.8337075158710681,0.8347767037690859,0.6980888048028319,0.9668492113981952,0.053543516651945
0.30071720238139765,0.3022404641543947,0.9927094277082159,0.9451557646636886,-1.0501262945999126
0.30462050529632134,0.3063234641666947,1.1097521134465533,0.9486061816487826,-0.06346785285180043
-0.47994727733317344,-0.4807698052898901,-0.5367039872219517,-0.5495359383124186,0.058316360700636616
-0.8032043611019393,-0.8043874292945087,-0.7721940092069229,0.2203286287156386,0.009421024504273647
-1.419601760885996,-1.4189653173731567,0.4115456722860971,0.24286212286761594,-0.3277607086520332
0.596993258750542,0.5976123507465624,0.40445285147475724,0.945412445819027,-0.05881831479302464
-0.2949178691694389,-0.29620069841426894,-0.8361065358636526,0.9442597140850533,4.582969511397107
-0.7395804907759637,-0.7409617834377045,-0.9011624391773942,0.23765382887929568,3.2169165834571265
0.9370551910976879,0.9354381561465405,-1.0511999125190188,-0.6006154882247543,1.5963240027729362
-0.28516718008336966,-0.28523891795928896,-0.047317064720945455,0.18355944212425848,-0.1811288343999804
-1.710198548239607,-1.7107080728241668,-0.3354158408902117,0.94647183895106,-0.0547762842943217
0.8370087749026296,0.8401203892316847,2.0283032642569316,0.9476930189931245,-0.2988920696958954
0.905689476246315,0.9058771763894169,0.12413672193850908,0.9437541299912048,-0.04089383430770531
-1.5761104955668332,-1.5759133552382518,0.12510624934619774,0.235329697690959,-0.04972073870777442
0.686233157192032,0.688162758362997,1.2581578037355736,0.9438754701737281,-0.041369013488356365
1.5593813247429058,1.5601824931742418,0.5250452331838712,0.9461731554248478,-0.1907015896658817
-0.5457849435781051,-0.546716193869959,-0.6076509087713907,-0.5505968870878174,0.2026475256286509
-0.22282523890301897,-0.22401387468793824,-0.7746090424107518,-0.5249692182814881,-0.1851287604143218
0.31979641025489725,0.32042163447111693,0.4078682678281433,0.943726128410622,-0.0895275212083933
1.7004688048084007,1.7009444238599065,0.3133132753336213,0.9439812539225951,-0.20183221085315808
1.6710134912631853,1.6713897949668546,0.24856892930235625,0.9433325506391034,-0.0664723085573096
-1.6294574068377108,-1.627663661636043,1.1648443262992836,0.9491879922675495,-0.04938089536971391
0.21443278928310092,0.21500916856605978,0.3758362936516756,0.9447341853115878,-0.08753958805389724
-0.9759899047863435,-0.977819467918731,-1.193608875086311,-2.1689669045661457,-1.4357071325297504
-0.41632655448402145,-0.4166114109713851,-0.18639232151053986,-0.4698605520520227,-0.34440400982749586
-1.290348234149249,-1.2898622457035893,0.31382582349021276,0.9468451933588247,-0.0636182260102343
0.8743215610125389,0.8758212545265526,0.9785566417365998,0.2377705021317223,-0.19336620203333016
0.3640587488617184,0.3629030544614779,-0.7519300721374836,0.9453019951400635,0.19857241303509257
-0.5091191378891315,-0.508945202852455,0.11221940589512659,-0.47726541447269344,-0.06777454010934711
0.24772434781733826,0.24611845191612125,-1.045383605176827,-2.1689669045661457,-1.4357071325297504
-0.9140233634957189,-0.9156333771532921,-1.0504896590534187,-2.1689669045661457,-1.4357071325297504
-0.8141777503999088,-0.8141392961180568,0.023345869722779036,0.24679323365270747,-0.09035156611661099
0.530525538929893,0.5308862074405579,0.23600607114090308,0.9425765079633794,-0.184743805128731
-0.8308611245778257,-0.8294949372893268,0.8880474655439137,0.9445895104785788,-0.18407915576845332
-1.5453371608579614,-1.5453792621129783,-0.030644678864724276,0.9458433590313223,-0.0607761733158339
-1.4825815004090765,-1.4817354689555318,0.547916337590533,0.943887915320654,-0.06424979327565676
-0.30117579971525027,-0.3027873494184299,-1.050211243123319,-2.1689669045661457,-1.4357071325297504
1.6140867852734342,1.6164524462193535,1.5440943923635433,0.22208183878876778,-0.18495733501370726
-0.44321092034802956,-0.44492198488264584,-1.1153204297320465,-1.3232693903909398,0.19924608478487638
1.6666956075264896,1.6650728744048138,-1.0533885274318229,-1.422371651002036,0.007655643624259791
0.0025431183477343322,0.001608152574647736,-0.6089265651365979,-0.5429633450923909,-0.06418062162277718
-1.5921126401699126,-1.5921905207141303,-0.05404490210416599,0.942921860790562,-0.18300549141723535
-0.31326275227579536,-0.3149844901702537,-1.1220006978465533,-2.1689669045661457,-1.4357071325297504
0.20210947766334914,0.20116482401695365,-0.6148197261321471,0.23940859459579075,0.07183190018067445
-1.0984173261379,-1.0979289931325251,0.31575330740238977,0.9429996429588461,-0.29432674060584246
1.0652270787603029,1.0635008849970844,-1.1220262681141202,-1.3973522387516906,0.05602467376610421
0.28375578536497864,0.2828185431476181,-0.6098223816053788,0.22227940549621,0.1992731519533946
-0.2702705725672982,-0.2693391653297527,0.6060502694784653,0.9444712815827866,-0.06047241953579739
1.5444744461435813,1.5445029028820674,0.02175637046458643,0.9455804553025211,-0.0740240485738594
-0.5816614945589452,-0.5834922035345503,-1.1935323071342672,-2.1689669045661457,-1.4357071325297504
-0.5271468103851213,-0.5279805631804657,-0.5441130793874427,0.23523324780228638,-0.06764521919309392
1.1776160616758353,1.1771076831721121,-0.32864343410207,0.2469207964086937,-0.08866437927898267
-0.5165929192108683,-0.5163988807068154,0.12529695497302337,0.23366982621977098,-0.06891737611344463
1.6155194592572977,1.6208453927446076,3.472086995729323,0.9462291585860128,-0.1668644365909418
0.6401480621160793,0.6402085876915349,0.040755364968078474,0.9463147189711258,0.08083022998135829
0.25434935553454374,0.2547498308893589,0.2613554915923553,-0.4751652959290159,-0.042196065859742664
1.002250176572427,1.0019707091918728,-0.1799223295628398,-0.47450259185523314,-0.32556526053889845
1.1322060126439462,1.1304793867028307,-1.122167975965664,-2.1689669045661457,-1.4357071325297504
-0.5406730363220499,-0.5409616688062426,-0.18911105521072155,0.2457431743808687,-0.04182314042682658
-0.9541031736874391,-0.9546039124895062,-0.3281160294771714,0.23643576012396272,-0.06786476400440737
-0.8348876234643337,-0.8357202575765001,-0.5440266547400797,0.2300669561848397,-0.06085737482138819
1.0528911724078578,1.0552659624696414,1.5488690327163634,0.9454171127491239,0.06253282406312288
-1.231876778338368,-1.2328271584090502,-0.6215415637877824,-0.5428124476859192,0.06816580257805635
-0.20929302223198074,-0.20868065356929041,0.3983915552561565,0.946523175182128,-0.19189856000701547
-0.46160880126134574,-0.4602434678147102,0.8882618843797677,0.9476681286992734,-0.15770370377914938
-1.1501175479417713,-1.1497115719215065,0.262007319139325,0.9504449521070248,-0.05274323919229567
-0.27508687230948575,-0.27604720590094994,-0.6260276458138703,0.9478796961970067,1.701552131581802
-0.19434521722182502,-0.1919565936576262,1.5552760275244157,0.9460471483122276,-0.05739277725107146
-0.16130015503486542,-0.16022810051224126,0.6978795285906227,0.24647899369283863,-0.2324542008366351
-0.5689119060058112,-0.5705224364657819,-1.0501061050399159,-0.6070822976959158,1.5838219783807421
0.4823199895953921,0.48225173804407134,-0.043444954817775855,-0.5455052663519234,-0.19704132202545438
1.669464580192558,1.6677363048458294,-1.1221211209502344,-2.1689669045661457,-1.4357071325297504
0.8461613938222433,0.8445271920680026,-1.0625701105468646,-1.5206711996364377,-0.18238294654131904
-0.23328190111848504,-0.23002222397162092,2.1225014158107722,0.9433294393523722,-0.08855009567857297
-0.10685846161625238,-0.10547843158734893,0.898573844742053,0.9449099730119102,-0.061714501824461296
-0.6956463399065185,-0.6968226431631104,-0.7675636480174689,-0.5764563467556341,-0.1362574839233083
0.710517849768586,0.7096740917157749,-0.5480467579236922,0.29663604708932173,-0.2808112011258046
-0.3623180600351021,-0.3636008988103858,-0.8362533863388409,0.9427367392300455,4.580025204954971
0.3160778804603955,0.3152321360563172,-0.5501635189561266,0.21885854573506433,-0.031456414884394414
0.29540509059503145,0.2946896907895105,-0.4653148000390657,-0.543081573988183,0.06272830916908688
-0.25149470469184254,-0.2514129751319318,0.05270467955858364,0.23536703313173554,-0.05852358340249426
1.429307059756337,1.4292576738975362,-0.029181888139111673,0.9435596745704937,1.6934349884895408
-0.36843705371583046,-0.3671555003518559,0.8338913530451817,0.23416452081005953,-0.05773562805230073
-0.7737919207971219,-0.7751730810363622,-0.9011475827090871,0.23932303421067774,3.2201435914371173
0.1542780069363173,0.15300378647790772,-0.8295624044250742,-0.6759630746418089,0.10707034612807168
0.7885268869731743,0.786911903825494,-1.0501735305499245,-2.1689669045661457,-1.4357071325297504
0.31870569416467753,0.3171014450662495,-1.0441629463144873,-1.318639795734655,0.20819629517486132
1.1628905613086904,1.16307040724666,0.11955807268681597,0.09815773263476824,-0.03964573709270404
0.5011078400357489,0.5021185546807525,0.6593118511643276,0.9437883541452499,-0.4241017837974564
-1.5741590349320083,-1.5744348896552074,-0.182945620863315,-0.35384378112581094,-0.29565303186322944
0.45550235462676625,0.4556925113534207,0.1247972633755435,0.9440123667899091,-0.05537777692805735
0.8786631245224285,0.8770321753473412,-1.0603839240952262,-0.7261839094162853,1.3535675907236047
0.5735481059369313,0.573255953117663,-0.18907877096228523,0.9446175120591609,-0.0864478789236672
-0.6655176477122787,-0.6645931404295878,0.6007316538245581,0.9467160749594732,-0.080802870556059
1.5435901562789733,1.5428596258511285,-0.4725646137222267,0.23422363525795561,-0.3318358212455916
-1.3257552660325445,-1.3273808838047427,-1.0615115871799907,-2.1689669045661457,-1.4357071325297504
-1.2549494093940212,-1.2562291627491526,-0.8361065358636526,0.9439096943277732,4.582292832184153
-0.3830664430816356,-0.3846930483754854,-1.0601876472927856,-2.1689669045661457,-1.4357071325297504
-1.2615351532700347,-1.2619337909239545,-0.2622603053360171,0.24722725815173405,-0.0884027299833077
0.8484194103648816,0.847571953128942,-0.5501682330278009,0.9449224181588354,4.583020638270973
-1.444422589181231,-1.4446938756088317,-0.1796996253888915,0.9452879943497718,-0.06829182377435954
1.4506815706963452,1.449926735938858,-0.48858760049264377,-0.5504662130450997,1.452362755814669
0.00700672499727873,0.0057224862215073625,-0.8363945227877575,0.16909973704019685,0.06192230903988127
-0.22995275917098665,-0.23065331561838573,-0.4567437606311791,-0.7427375104705616,0.19446121088351004
-0.4642421306171733,-0.4647532945851406,-0.3338836247453951,0.9464842840979852,3.21010768684324
1.1694637260248926,1.1690641829916657,-0.2577772231737219,0.23127724672334418,-0.057452926514444905
1.6873311038492194,1.6864946021212281,-0.541282493622988,0.22122312365090865,-0.040981050739596965
-0.4849395004121685,-0.4848857170568325,0.03401652808428435,0.23039675257836553,-0.05905590438335017
-0.07475096982543346,-0.07107853909770366,2.391653623667591,0.28995455883369575,-0.1669757127281829
-1.1396306216948011,-1.141458707956309,-1.1929884746838366,-2.1689669045661457,-1.4357071325297504
0.8420369956850201,0.8415392422333635,-0.32242371650508017,-0.5438547287409294,0.07597919189028114
-1.1707925579298115,-1.1701558561451468,0.4122330696466098,0.2470965841090164,-0.039552505734475024
0.7073848129547556,0.7068684892151481,-0.334799297455471,-0.5417001626794529,-0.06144984506561772
1.0383837404211895,1.0381139442471703,-0.17354819040585123,0.9458978065491214,-0.07014442108626505
-0.6430870310829444,-0.6448074819356128,-1.1218507046569153,-2.1689669045661457,-1.4357071325297504
-1.1519604837950639,-1.1509368870837362,0.6642523411296902,0.23796651319579862,-0.1602480176198508
1.7457200117615008,1.7438826542319636,-1.193005902463966,-2.1689669045661457,-1.4357071325297504
-0.5812193876815005,-0.5796972423506872,0.9901419728535835,0.946548065475979,-0.05451463499864672
0.7860168810233584,0.787030158427924,0.6615754626719504,-0.3514200887620702,-0.2793255143204778
1.5864357907825934,1.585167928152103,-0.8224331566962509,-0.6005081488325221,0.05593144240787519
1.257517151603051,1.2615203417994785,2.609853287855033,0.944670403933594,-0.18455433494910436
1.5477553415484366,1.5468060192268853,-0.6150524298520713,0.9457437978559183,1.7060182143872884
1.530695057130591,1.529996123620203,-0.4520128325793392,-0.5505797750107949,-0.18309872277546438
-0.6577056852497498,-0.6577517764573613,-0.03139107354649432,0.24641832360157664,-0.08869746137383824
0.44847433630032585,0.4489489125234919,0.3100215676490222,0.9449084173685443,1.331008609495353
1.6862312100675207,1.687710459091073,0.9669355979554167,0.2200952822107854,-0.16058485349474272
0.8795442925725673,0.879036862056106,-0.3286480053230875,0.2467730102889535,-0.03964874455587264
-1.0103036407451063,-1.0105472381059541,-0.16076019960928434,0.2324533131078036,-0.056725120427624995
0.19190556397821684,0.19293931669210582,0.673671056335017,0.23362471256216596,-0.16572460805001288
-0.15184667746949362,-0.15256071668504356,-0.4653619407558091,-0.5390166778736427,-0.19599773230592324
0.5586209198610095,0.5569911730879042,-1.0602686436151902,-1.4972478774792874,-0.13709957361053807
1.4103815345123356,1.408544387864842,-1.19356830549978,-2.1689669045661457,-1.4357071325297504
0.21678201334332525,0.2150583028248804,-1.1221794040182078,-2.1689669045661457,-1.4357071325297504
0.5433580302678632,0.5421830413229648,-0.7641222328445456,0.9442130447840824,4.582879287502046
-1.1636345933358485,-1.164577913396922,-0.6168010647419371,0.22215806531368637,-0.13556576739451237
0.3116377063919623,0.31288899117265595,0.8155968979810179,0.9482017143737042,-0.06943165231528846
-0.06553006579296206,-0.06500946849088801,0.338921969727162,0.2353390315511534,-0.058270956496325244
1.373862810524986,1.3774391122159833,2.3320687576585604,0.9452366581187046,-0.16648549623168837
-1.617138616179094,-1.6148717746918742,1.4729919064488513,0.9419698070507617,-0.18535732761514137
1.2600289909855336,1.2632722086262702,2.1148976182000654,0.23127724672334418,-0.0746856904709685
-1.2943051279566606,-1.2951459878266458,-0.5503426536797515,0.23567038358804476,-0.06732041317087674
1.2239079229487642,1.2248142657751286,0.5928440119587935,0.9424162766967135,-0.3375259415607299
-0.9915410299981633,-0.9878087081296442,2.4287469394650727,0.9679148271036906,-0.18493327530835782
1.3874511391406799,1.3866014633446997,-0.5504883613496855,-0.6159992454680342,-0.060670912104930155
-1.591498753658249,-1.5919995390124773,-0.32947639628185976,0.9435036714093287,1.4369795817068822
-1.5739124315485846,-1.5738750261677565,0.021077401292824878,0.9443826099109425,-0.07666159377278985
1.8098168344571264,1.8079794803723472,-1.1928699086386942,-2.1689669045661457,-1.4357071325297504
0.3597452922101934,0.3589027543022475,-0.5479840464853578,0.969248013468085,0.05539310650068192
0.10204738703371088,0.10109293887821054,-0.6214075698717058,-0.550718227270341,-0.0414171328990551
1.4932849056346762,1.4945624964563367,0.8351954366910915,0.24584117991290688,-0.08752755820122252
-0.34338039934875336,-0.34521184456661874,-1.1935145936528242,-2.1689669045661457,-1.4357071325297504
-1.5271852843204585,-1.5279165018471095,-0.47941987389131135,0.9448648593543052,-0.18445809612770675
-0.7838925378022937,-0.7842474956730973,-0.2328154994048199,-0.5404120899726639,0.20609407841995556
1.5291196783022476,1.5305677763994463,0.9463195340169698,0.9434896706190377,-0.06179871079318436
-0.6986008263919101,-0.6966601939602871,1.262452608732209,0.2342065231809331,-0.05965438955391706
-0.005075561620795004,-0.002279614352876909,1.820955964466443,0.9684779700020694,-0.18665354424084138
1.10835525776196,1.106748639880283,-1.0440579510817405,-0.5423053079487051,1.7090527447244843
-1.399386376828802,-1.393602416031052,3.764103451161277,0.9431536516520492,-0.18373931243039263
0.1687747432045318,0.1696883986515598,0.5954048956832131,0.24618186580999232,-0.08775011047570472
1.7369398584497355,1.7388590249016174,1.2535542984695975,0.9430572017633769,-0.08839671505697033
0.15462630891495344,0.15333432159071236,-0.8411330219244076,0.2324704251848261,1.3379438195623237
-1.0644169812660613,-1.0656028636087866,-0.7745719012399844,-0.42561961037524765,-0.18267166300551205
1.3281095033734873,1.3282895790795282,0.1200524788099942,0.234987456150508,-0.06835498050090191
-1.2931033625233583,-1.2947122353256755,-1.050537656874103,-0.6099555709923399,1.5782671939081945
0.11647736169945175,0.11655808140434092,0.05281481741497503,0.23361382305860637,-0.07109778691073594
-1.2308031906634853,-1.228435740872691,1.53932303757583,0.24531537245530471,-0.1841272751791522
-1.4321555211079535,-1.4324539565069796,-0.19735582371848137,0.9435145609128887,-0.16460282428809603
0.6446645941915832,0.6442597730661697,-0.26230987451392596,-0.5501068594276258,-0.18519191714086403
-1.594575123606423,-1.5955243681506242,-0.6215588487172549,-0.6072891982635522,1.5669952219519905
0.8655355305829003,0.86513764849798,-0.25732967206597346,0.9449799769633662,-0.04862000718803843
1.7689663442765942,1.7682102515531906,-0.48874273630592646,0.9433185498488124,-0.28191193264554076
-0.06245259017017734,-0.06405508507219551,-1.0438158192184677,-1.3162176590142802,0.21287891532849268
-1.1514260415724489,-1.1531452012917038,-1.1220705518177276,-1.3903300645989791,0.0696003625095155
-1.2677924554171633,-1.2671835794479773,0.39390804454189104,0.9427227384397537,-0.08742229699031877
1.318163183797642,1.324482490388283,4.1184383627707515,0.9475047861458763,-0.3269607234491648
1.7667720034931242,1.7662722402534194,-0.32180303040129243,1.0178727581493658,0.05637053203050208
0.1797820092232571,0.17998357153282582,0.13165023793411942,0.23373671888449554,-0.06477609933017531
1.096613555333882,1.0948977983339097,-1.1151634368602255,-1.322359339022013,0.20100545073855272
-0.7996930936432689,-0.8008796464852833,-0.7744561922079779,-0.5517713978289113,1.4550754875928165
0.2290208701541292,0.23096695368285822,1.2679385025052266,0.9419013587426712,-0.07095342867863942
-0.03308588171658993,-0.03225267975700983,0.5425852939294843,0.23776116827152824,-0.1663952723366281
1.4473106914514784,1.446799858238373,-0.3296793870651698,0.23541992500616904,-0.060282949356170755
-0.21539969907918882,-0.21478545417466027,0.3996007860659527,0.28588188450232693,-0.16291864491363664
1.2506222197828565,1.2516540683983417,0.6746401551907354,0.10019406980045265,-0.1656103244496032
0.38025436042067906,0.3804172447725338,0.10687807698678846,-0.5445174328147122,-0.20010893445750577
-1.336983826869661,-1.3363649108734816,0.4003026113428018,0.2860607834893811,-0.16675616791686945
-0.8826664271436425,-0.8843864007971576,-1.122039838926516,-2.1689669045661457,-1.4357071325297504
-0.27787253910489085,-0.27881666605197963,-0.6154782676599865,0.23676866780421965,-0.07122710782698913
-0.6935268687135536,-0.6946985485850086,-0.7645480706524608,-0.5447725583266849,1.4446726724923602
0.7523060121173321,0.7518909821512154,-0.2687341542514507,0.2329946769990627,-0.16068109231614033
-1.2782161779168204,-1.2718770226285558,4.125947736097315,0.9444261679251816,-0.18599791727006965
-0.6561327460997831,-0.6521267686629445,2.6076753867414886,0.9452771048462125,-0.08625840874404056
0.3346034664622671,0.33299005149615213,-1.0500993910590464,-2.1689669045661457,-1.4357071325297504
0.6864878981738959,0.6882562988811235,1.1531704277750854,2.4599168227005257,-0.07406013813188357
1.1253771966999695,1.1276429732445248,1.4780211066720859,0.9451946557478307,-0.07000006285416854
1.3524979326187483,1.3519785058295515,-0.3354741239581852,0.09722745790208755,-0.08634261771276346
1.8054046654749847,1.8041079019519726,-0.8407990370888136,-0.5490396880787646,0.05686676345333399
0.1204320206886507,0.12150222480706241,0.697262270902598,0.9435472294235685,-0.19959766571883053
1.347954929934155,1.347435695143046,-0.3353585577768356,0.9429280833640249,3.1873502130458555
1.0525221881067783,1.0520130130437595,-0.3294232558375309,0.23605307185600374,-0.06426483059150008
-0.6423279794308061,-0.6437193875497773,-0.9075475778349561,0.9461902675018707,4.586701773189436
0.941443530938572,0.9410551678400906,-0.250971675033203,-0.476129794815742,-0.08936211073411594
-1.2961958394374222,-1.2974638178656277,-0.8285237372994952,-0.5448036711939985,-0.03393155707221626
1.2063928002742261,1.2079070336080304,0.9887191803118741,0.23202862246897105,-0.06892940596611935
0.45457668278969954,0.4541792615471933,-0.2578870753287997,0.9687719865981845,-0.18323405861805478
0.6433486797537025,0.6435300018667349,0.11943536397262637,0.9486590735232158,1.7087219237759297
0.5779400240312578,0.5802737098993699,1.5211072932235619,0.24588318228378045,-0.1833242825131152
0.9106947355821045,0.911721711763792,0.6707574743389627,-0.476084681158137,-0.18165514045449896
0.7342293074158437,0.7345928640061109,0.23831210929359492,0.9440917046015584,-0.18184761809729436
1.2840270938434892,1.2832900301889776,-0.47736125307619376,-0.54987817985287,-0.1872129323902155
-0.33326899581987307,-0.3348806418549496,-1.0503409515196918,-1.3865451842902623,0.07691752039890853
0.4186510974099972,0.41789736840891323,-0.490020963982956,0.9452382137620705,4.5817214141821045
0.3727805106659967,0.3722829174754261,-0.3232985339273118,0.23067210145409195,-0.05823787440146984
-0.6897455238357758,-0.6891313824558284,0.39854354835498984,0.9444588364358607,-0.08739823728496933
0.07043771004741002,0.06915348562313157,-0.8362528149362137,0.2967900557825248,-0.18480395439210462
-1.1913466795841532,-1.1920573310506966,-0.4653246567343848,0.2379571793356046,0.07252963163580772
-1.3687422011892423,-1.3679116642446358,0.5380624992845994,0.9684468571347561,-0.041329916467163434
-0.81906040575296,-0.8203314767608355,-0.8295422624824658,0.23327313716152093,3.20844756717413
1.678531939777441,1.6771408106599908,-0.9025229488327394,-0.4265654415415853,-0.18163709567548686
-0.24623564203714532,-0.24795765258749372,-1.1220384104199481,-2.1689669045661457,-1.4357071325297504
1.4966646280830667,1.4948271247123048,-1.1936205888401683,-2.1689669045661457,-1.4357071325297504
1.1720311623502482,1.1730975668646975,0.6969819979139602,-0.684021307276068,-0.1869362457786972
-0.45844015913687486,-0.4593643584209394,-0.6028764112692274,0.2464089897413826,0.05722765903357535
-1.5153497241335085,-1.5167285205246774,-0.9011554394952112,-0.4242724232205626,-0.15770370377914938
0.48548346722583596,0.48463048286023935,-0.5545253209108002,-0.5328096608445513,0.0704574895125886
1.133853807566227,1.1326963131255376,-0.751496091842131,-0.5387693305784984,0.07675511738779994
-1.0847649100686823,-1.0847177800518337,0.02843163880610527,0.9456660156876341,0.0680334741986344
0.883704713636868,0.884524034714941,0.5354579032591993,0.2724006790952825,-0.13505750611900574
-0.4860653634000277,-0.4858912111679888,0.11240896871669767,-0.5424437602082512,-0.18730616374844453
-1.5558354873317868,-1.5557869976169294,0.028334214658169043,0.28784043949972715,-0.16710202618126735
0.4459847080147434,0.44591737235820655,-0.04292426417374666,-0.4926071693450996,-0.16211865971076822
-0.3693184479017607,-0.3686952992045282,0.40507853735153315,0.23436053187413622,0.06792520552456206
0.4360876899894518,0.4343630831539616,-1.1223055411481606,-2.1689669045661457,-1.4357071325297504
0.8449366232944032,0.8453174266518332,0.24977573165098663,0.9463193859012228,0.08500759632265162
-0.7746663341645953,-0.7736410091597002,0.6661652542748738,0.22082332330592716,-0.1837633721357421
-1.2023118999185822,-1.2039206117804264,-1.0502433845210988,-1.38610960414787,0.07775961008613848
-0.3133382419302013,-0.3142989172999182,-0.6263300606543118,-0.5433413664302528,-0.03751946063244883
-0.7650195999869149,-0.7666300794197854,-1.0504820879686083,-1.3908807623504322,0.06853572054780367
-1.219005846986589,-1.218625062042941,0.24545692774400946,0.103443808791373,-0.025576824389629445
0.11120707626101778,0.10981512040251554,-0.9063319187456043,-0.5425013190127818,1.4662151311695986
1.6427825339194189,1.6433831356185278,0.39459258488926763,0.23052431533435172,-0.16158333126674373
0.5055000404159761,0.5108468275950417,3.483352484225736,0.9433714417232455,-0.08913354353329654
1.4139437777160262,1.4136839961901326,-0.16624209356391179,0.24599207731937855,0.05428034512827103
-0.2840273563359418,-0.28440320785480383,-0.24538021462481133,0.23179216467738673,-0.07336842160308765
0.16789936256369334,0.16760486033390234,-0.19145537733943532,0.94384591294978,-0.08904933456457348
-0.47877097465836754,-0.4797232940940651,-0.6212331492197553,-0.5512253670075551,0.10223434535283801
0.3449695927680933,0.3447128538762468,-0.16649108225871095,0.23653221001263533,-0.04002166998878872
0.14109443418930653,0.14236286009831606,0.8264048358237063,0.9439859208526921,-0.06505880086803097
-0.5055498506981115,-0.5064951417040369,-0.6167114973801245,0.14746540475358627,0.057275778444274075
-0.9017139437639172,-0.9007504666233539,0.6256193809532388,0.23646065041781375,-0.06571743530197147
1.0608571686574033,1.060001608024802,-0.5550025849551626,0.24568717121970376,-0.18366713331434448
-1.2345164728354787,-1.2354571912669334,-0.6152545635314406,-0.5410374586056701,1.4376803206251842
-0.6115537125423872,-0.6128357005780857,-0.8362193878825231,0.16060747990691085,0.06627110078178931
0.09009942003092125,0.08941390800001862,-0.4462776644102086,-0.5441611904839698,-0.20130891226180814
-0.5861556571766944,-0.5868549969175957,-0.4566946200052405,0.24565450270902425,-0.0396577669453786
0.2758529305712183,0.27647455108158714,0.40542952141528604,0.2224100795389277,-0.08614412514363069
1.3061892699610007,1.305255169463563,-0.6056427142381229,0.9443717204073825,0.20217836137433703
-1.201434753400677,-1.202814354427818,-0.9010244454429273,-0.5439527342729676,1.7058678412288548
-1.7128361340369143,-1.7127684876797362,0.04048309161622128,0.9410224202410581,-0.07163612281792921
1.642272793138781,1.6405443796553594,-1.1222678285747658,-2.1689669045661457,-1.4357071325297504
1.7334257253614698,1.733477191045463,0.037136100727441355,0.22142224600171648,-0.041426155288561216
-1.595746110664447,-1.596693886513987,-0.6206047491805002,0.23480700152008832,3.2026672229639317
1.6530584609969243,1.652118262772231,-0.6088902810697712,0.23508079475244917,0.07177776584363836
0.2520019048088226,0.25016894616408764,-1.193257891022558,-2.1689669045661457,-1.4357071325297504
-0.7263005848398764,-0.7256866090631365,0.39835941385837714,-0.5453481463719891,-0.06283327812320953
-1.494722474858065,-1.492922374655881,1.1692644113219308,0.23333380725278258,-0.06820159987929927
0.8669268182075776,0.8674247009183034,0.3260739816547397,0.1730541824757735,-0.19720973996290034
-1.081694581301982,-1.0819672698439293,-0.17985590400742865,-0.5456126057441559,-0.05819877738027707
-0.6541144517008208,-0.6558351580613104,-1.1220401246278298,-2.1689669045661457,-1.4357071325297504
0.12568004787286602,0.12395673364401968,-1.122111407105572,-1.393015105048155,0.06440948108037783
-0.907128312795215,-0.90738125147193,-0.16662879029186428,0.9486155155089767,0.20134830153978214
0.15867708153752838,0.15993114538284245,0.8170876874353628,0.22220629025802285,-0.04197952851159798
-0.21276651602071608,-0.21272851688599986,0.024304397629894364,0.23410851764889493,-0.04974780587629247
-1.2815556556517995,-1.2820476826029694,-0.3231253989312725,0.9416540114475269,0.0789054535534046
0.3257964372078121,0.3286025135689688,1.8282433478723417,0.9461793779983108,-0.06836400289040788
-1.5558881989047915,-1.557486072104742,-1.0439221001071255,-1.3178370837579605,0.20974814616989926
-1.288591670762735,-1.2899808973035662,-0.9074752954026163,-0.6088541754894334,1.5685079759258354
-0.7492863729522503,-0.7502358939819141,-0.6199750634853343,0.23675933394402562,-0.16762231730944852
1.5666152170059937,1.5663545254238422,-0.16651622397430738,-0.5438173933001529,-0.2048938083588721
-0.7799867149318841,-0.7776272121773108,1.5350879441537362,0.24100001775888866,-0.19551653819893483
-1.2033026585056468,-1.203675841517221,-0.2455604921536906,0.9422342664229285,-0.06456256944519922
-0.6704643828420808,-0.672184948425994,-1.12198255581314,-2.1689669045661457,-1.4357071325297504
-1.643814769761478,-1.6451936767957225,-0.9014955669090474,0.2351103519763972,3.211999381176338
1.4961098182856913,1.4971748319970561,0.6967524369084857,0.9449581979562464,-0.0558228814770216
1.5386844131415751,1.5368467747029986,-1.1936208745414818,-2.1689669045661457,-1.4357071325297504
0.47424097699425133,0.4741772227044452,-0.040532801328289514,0.0967965446897921,0.10269448721764558
-0.8604829047725142,-0.8598894684493578,0.38470231966585045,0.9423151598779441,-0.08892302111148905
-0.43750336023158615,-0.4380063948712869,-0.3285332962456786,0.24660344516209337,-0.18341450640817544
-0.4487835796078237,-0.4503949853870648,-1.0504255191085163,-2.1689669045661457,-1.4357071325297504
0.6407146257105283,0.6421777023234218,0.9542210323964437,0.2963280297029158,-0.18438892447482702
0.20124178081401414,0.20142121051611447,0.11728031896417003,0.9430680912669369,0.20065658501098607
0.977714356361269,0.9792304596239784,0.9894598609673725,0.9457453534992842,-0.06501068145733224
-0.2800706526931577,-0.28146321949120434,-0.907546292179045,0.16943575600718525,0.06402753325795563
-0.7737809008995221,-0.7750524999405735,-0.8297916797292351,-0.6133795420402172,0.04853609047609662
0.8335148720845607,0.8317890421415055,-1.1222728283477539,-2.1689669045661457,-1.4357071325297504
1.0371315456097496,1.0367430652186636,-0.2508483949163863,0.9439050273976761,0.10420423372832183
-0.9783691987653899,-0.9749177167796294,2.245866814469651,0.944561508897996,-0.18483102156062267
0.7689831586778662,0.7672577853142868,-1.122110121449661,-2.1689669045661457,-1.4357071325297504
1.011126501203032,1.0120434022351799,0.5992764341837556,0.9448290795568942,-0.07078200327802471
-0.10290173560115914,-0.10451407892418102,-1.0503143812975275,-1.387282559245598,0.07549198285695535
-1.6610387440304286,-1.661446790361659,-0.26922170354310265,0.9434149997374845,-0.08743733430616225
-0.985393550226497,-0.9813866775320169,2.60757139146334,0.9439688087756692,-0.08783732690759638
-0.9023509160859003,-0.9032820048285299,-0.6082897369085918,0.9458604711083453,0.20512868274280996
-0.3848055841420846,-0.3862052859476358,-0.9124117855495886,-0.5436524951033902,1.7064482816204094
-1.173405538135133,-1.1746759609846635,-0.8298595337912142,-0.6143518191437716,-0.060995718127147346
1.461657143707155,1.4649084104656955,2.120560646787513,0.24693479719898476,-0.18517387236185195
0.07261198615963761,0.07219827519770655,-0.2692934145728153,0.2330024552158912,-0.30865429514142345
1.4387058953693648,1.4419285358105376,2.1018687811961367,0.9468078579180484,-0.16210963732126227
-1.3984982257668424,-1.3979729593925294,0.3391813865199073,0.232406643806833,-0.05803336690599971
1.784772998545834,1.7870084396246375,1.4596399412592456,0.9684935264357263,-0.0884809240256934
1.0248559898771945,1.0256574787756674,0.5241385600651736,0.9435052270526946,-0.13675672280930878
0.8036539615157063,0.802461240538554,-0.7751277331455858,0.9490510956513691,4.592232497956633
0.4480286888952934,0.44708301067372164,-0.6149738619908324,-0.5383726415202483,-0.058472456528626766
-0.99576817208771,-0.9953983769453462,0.2387652315769587,0.9483635012837354,-0.06568435320711606
1.6940248785612744,1.6935075396597863,-0.3334016466293583,-0.5446154383467504,-0.03466537808537354
-0.2602872454634374,-0.2620094505077421,-1.1221944033371718,-2.1689669045661457,-1.4357071325297504
-0.7843252145321047,-0.7851677522175837,-0.550371223811111,0.22155914261789708,-0.08642682668148652
-0.18111916801389888,-0.17897283319300536,1.397503905370457,0.943181653232632,-0.18552273808941858
-0.47336445699155544,-0.4737307178957904,-0.23952905172236066,0.22082176766256126,-0.03787434128635282
1.379168038439568,1.3793444938267723,0.11780115245885592,0.23523013651555527,-0.07101057047884428
-1.4360890985825272,-1.435882427760431,0.13160552567854159,0.2306752127408234,-0.06396408427463234
-1.338269949507229,-1.3398779840588566,-1.0500859630973072,-2.1689669045661457,-1.4357071325297504
-0.28182925678520243,-0.28251365920805804,-0.4463310905558511,-0.5452174723292715,-0.20301414387844838
-0.25662914897863476,-0.2521647671930853,2.907062221810942,0.24697213263976128,-0.1819498718450295
-1.3782764160315288,-1.3780702342180657,0.13140767751887608,0.4356125584497096,-0.45110880305218276
0.15912141796911305,0.15818597268043227,-0.6089121372202613,-0.5461570809221462,0.07926033420730844
-0.9445667968466129,-0.9439868434691251,0.3757455834846087,0.22189049465478844,-0.041420140362223856
-1.6325295870226595,-1.63346851853129,-0.6149212929491306,0.2368713402663552,-0.1646058317512648
-1.1469516988465596,-1.1451174717839734,1.1922165120509973,0.9690426685438139,-0.4224747462232018
0.004371648407975731,0.003975612571044214,-0.2579242164995672,0.948923532895383,0.20032877152560047
-0.11368811586381226,-0.11541061228399362,-1.122078265753195,-1.391537243850752,0.06726657109062173
1.4432206049790204,1.4450322617546345,1.1829216483651146,0.9686522020590265,-0.23160609622306796
-1.1043659211261576,-1.1020157924771494,1.5283058235209321,0.24686479324752908,-0.28287131339634886
1.3034510230294825,1.3025023906669146,-0.6151128556798968,0.2387272228016199,-0.06680012204269538
1.1835318803538752,1.1826926332560426,-0.5441217932775073,0.22709412171301166,-0.06475805455116322
0.950195729830746,0.9505871892663071,0.2569355494203649,0.9485750687814687,-0.06351597226249932
-1.592671512076749,-1.5930719296229736,-0.2641105070428661,0.23851876659061771,-0.07111282422657943
-0.1407099084620372,-0.13965810471236004,0.6847334111974629,0.9451666541672485,-0.04840046237672498
-1.4299629562910232,-1.429455945526223,0.32722607220181654,0.29791478593591664,-0.18180250614976423
1.4608700209484793,1.4592527867030025,-1.0502366705402293,-1.384916425686388,0.08006633433651421
-0.2572125852422209,-0.2580466679327048,-0.5437646666355119,0.9459615879271145,3.205124320372741
0.6089340883287107,0.6107303821422693,1.1711750388566056,0.9449084173685443,-0.07066471221444641
-0.0022255384654841616,-0.0017332772956558838,0.32059908738229537,0.9449644205297093,-0.19070760459221905
1.2469972294901628,1.2504765418706507,2.268636066358016,0.9426807360688806,-0.13599583462763332
0.9114007626682463,0.9104824486081919,-0.5961850008034902,0.235737276252769,0.20021749538835917
0.8552146917528305,0.854286245205156,-0.6029014101341672,0.22146424837259002,0.057504345645093644
0.6994019800072369,0.6995727435650029,0.11267567089293984,0.2463856550908975,0.05751938296093696
0.35864866632098197,0.3620899971247517,2.2420454165496446,0.949878697921915,-0.41445985687867554
-0.13015874539347963,-0.13086381088669047,-0.459472208176023,-0.543529599277501,-0.1889241789331931
-1.2708956675302268,-1.2711640521021017,-0.17744758478446926,0.23522546958545826,-0.30961066842906293
0.3026729819685664,0.3022763257543457,-0.25770579784532277,-0.550684003116296,-0.13803790211916547
-0.7058080133559996,-0.7047634260406985,0.6788542495662797,0.2406779995821913,-0.32763439519894866
0.6553281952217438,0.6539248163068813,-0.9126362039314184,-0.5457775039409187,1.7023400869319956
-0.1516980867336857,-0.15018969007145946,0.9820839101542588,0.9453859998818107,-0.06348289016764391
-1.0558464529814404,-1.0574636113487415,-1.055438862908846,-1.4445504584666369,-0.03522175877157906
-1.454523230313403,-1.4561487996171294,-1.0617487192702755,-2.1689669045661457,-1.4357071325297504
-0.6788524476181926,-0.6770469618096943,1.1744744604766715,0.9467658555471745,-0.06883316714472157
0.5929088179960934,0.5912944335232772,-1.0501918154339946,-2.1689669045661457,-1.4357071325297504
-0.35719640590970353,-0.3562346288490635,0.6256483796365686,0.948078818547815,-0.1614720551295026
1.1285780617490115,1.127180840463673,-0.9076382880020231,0.9459009178358525,4.586142385040061
-1.453012579620102,-1.4532551546853965,-0.16101818789546163,0.944670403933594,-0.05429509018733328
-0.7812481810914298,-0.782529456985341,-0.836109678578102,0.09745302619011192,0.06722446660626019
-1.229531764000978,-1.2313602022454944,-1.1934053129003737,-2.1689669045661457,-1.4357071325297504
-0.6550727397325593,-0.6545780025991434,0.3208493617330056,0.2222482926288964,-0.08844483446766922
0.849948625249358,0.8501083107966023,0.1057748413643366,0.22242096904248762,-0.037913438307545594
-0.21851505475004493,-0.21836120252523877,0.0997461150954858,0.9441305956857012,-0.06451445003450033
1.0353758639554191,1.0344363837920076,-0.6097115294957035,0.2216089232055991,0.20169415980418
-1.0780260724813078,-1.0772067628109012,0.5313569466038391,0.9442597140850533,0.10469745768798513
-0.5126390197834978,-0.5131335304813175,-0.3231385411916979,-0.5448145606975585,0.0671432651007059
-0.1532566981743471,-0.1541010888811346,-0.5502612288053765,0.15670437070240215,0.08660455926521968
0.3622295544316306,0.36579168165128845,2.320726129807477,0.9459615879271145,-0.2020276959591221
0.5041853082010974,0.5058767117793284,1.1026427219590254,0.24599207731937855,-0.1865212158614196
-1.026130150000024,-1.027959530771518,-1.193594732871288,-2.1689669045661457,-1.4357071325297504
1.463979509152262,1.4625820927946298,-0.9070654568682625,0.9432392120371622,4.580996615558454
0.9925921215676552,0.9938607279338287,0.828299178383506,0.24698302214332124,-0.08864934196313935
-1.6605204585630589,-1.6585659191001663,1.2695028600478226,0.9468171917782425,-0.07781946709273069
-0.7663249108276146,-0.7675887515086622,-0.8247231955753814,-0.42726859234287606,-0.18209122261395724
-1.3709363360158662,-1.371215379128651,-0.18459811726115563,0.9437852428585187,-0.0389931175851009
-0.717155064522347,-0.7167794003617102,0.24316903162473083,0.2218360471369894,-0.041696826973742156
-1.2840299003428202,-1.284972607870697,-0.6166533571628077,0.22311323034021843,-0.04270432713524929
0.2174604830086949,0.2176433087035358,0.11952593128903634,0.23638131260616366,-0.06224381534214861
0.1212171154633046,0.12004526179556917,-0.7629611427060906,-0.4918822395366893,-0.061651345097919086
0.3512357497435726,0.350959546010917,-0.17915522153583394,0.23728203011489632,-0.061332554002039255
-0.833933206280747,-0.834775668591761,-0.5504256499113511,0.9449473084526864,-0.04031038645298174
0.9838691380598291,0.9838090889206454,-0.03705624489379399,0.9455057844209681,-0.07560597420058397
0.9471256739184827,0.9454924631587076,-1.0617140065606736,-2.1689669045661457,-1.4357071325297504
0.9113945087304998,0.9115470782456505,0.10126847454498329,-0.10266338072851001,-0.3283622012857687
0.7604562134061168,0.758731251199821,-1.1218601328002642,-2.1689669045661457,-1.4357071325297504
0.9051965144781869,0.9066836828279485,0.9704635806263596,0.9476136811814744,-0.1915346569636055
-1.6281352524996107,-1.6297371800426872,-1.0467134019409607,-2.1689669045661457,-1.4357071325297504
0.5486337831038423,0.5490335697971254,0.26152105550358423,0.23543859272655712,-0.18228370025675264
1.1464447338963915,1.1501289219760606,2.4018593031412188,0.9687377624441394,-0.18518590221452666
-1.2005137352232453,-1.200140398068419,0.24064486051910808,0.9436125664449269,0.056677293273707186
-0.11237207596553138,-0.1124282140542764,-0.03679654239973501,0.2381454121828528,0.06797633239842955
1.116170548434476,1.1176528447241834,0.967730704711155,0.2966127124388366,-0.23187075298191154
0.8698829815194721,0.8704674842295848,0.38249470561569243,0.17157943256510189,-0.18528514849909306
0.9364596299198998,0.934853424820488,-1.0441478041448664,-1.3198765322103763,0.20580536195576254
-0.2253791371299796,-0.22619540274761085,-0.5320941965270767,0.24679634493943858,0.2035858541372783
-0.726814026044311,-0.7235980999413881,2.092977042063738,0.9436514575290696,-0.18643700689269668
1.1716618788743685,1.1744746311588519,1.8343563560287037,0.9468343038552653,-0.1843227602851162
-0.5542115580362078,-0.5527257060713174,0.9665609006826352,-0.3588062834623528,-0.2931297702647089
-0.8557190294920308,-0.8552463123558351,0.3060893176193407,0.23485833775115592,-0.29765900979673743
-0.8034254582982661,-0.7999602894363435,2.255145964583286,0.967491692108224,-0.08868843898433212
1.647819096063732,1.6478393036741175,0.016599461754174434,0.9434538908216273,-0.040538953653801314
1.4538357701792561,1.4520030109560929,-1.1906201536447807,-2.1689669045661457,-1.4357071325297504
0.35900419038807546,0.36004669593415156,0.6797203530984468,0.9477568003711175,-0.06250847210099235
-1.1980048597330495,-1.1961708946100496,1.1919393817768087,0.9437323509840849,-0.18620843969187711
0.05780771113736322,0.05786036640948394,0.034414367163467,0.23845965214272163,-0.06255358404852247
-1.2046197431030294,-1.2039847064860296,0.4110779792357402,0.23689934184693734,-0.06628885330402015
-0.3650652504068621,-0.36425913894795814,0.5242488407722219,0.24656922100804832,-0.1828250436271147
1.2509303724593992,1.2492985356558686,-1.06018521883162,-2.1689669045661457,-1.4357071325297504
-1.3523153509784924,-1.3539236107509398,-1.0502619551064825,-2.1689669045661457,-1.4357071325297504
-0.2153616863326174,-0.21323627894180472,1.38380267032498,0.9434025545905594,-0.08495918465517181
-1.6123080586959009,-1.6122563353322124,0.03032241009948521,0.9432672136177443,0.20322495855703696
1.1087100080103611,1.1075524502448666,-0.7515898018729904,-0.5403047505804317,0.06687560087869356
-0.4137190508883726,-0.4139648794657265,-0.16096847586689592,0.2356019352799543,-0.06617757716677922
-0.1393886391461658,-0.1391965873873739,0.12479012084270362,-0.3461884601232645,-0.326641932353285
-1.6768415761441895,-1.6760309413747096,0.5244575455818038,0.9432578797575504,-0.18373630496722404
-0.09438929065643362,-0.09168143173740265,1.7633987206800046,0.9486201824390738,-0.08405694570456841
1.6359128845632294,1.6382669747140963,1.5366040181743346,0.9453082177135258,-0.06040024041974922
-0.6963318327222631,-0.6979400445219957,-1.0488618758192043,-2.1689669045661457,-1.4357071325297504
0.6949558222234574,0.6941207238325968,-0.5424392982417392,0.9465822896300241,-0.03395260931439695
-0.00035133467814963516,0.004208984617941149,2.970079931953488,0.9502318289659256,-0.06524225612132041
1.470102019233578,1.4698404524619786,-0.16728761752101715,0.16707584502143796,0.07162137775886697
1.4495073131137972,1.4501350203728203,0.4118428016522371,0.9502100499588064,-0.06886023431323979
-0.8443084881250792,-0.8434966639488098,0.526969431530942,0.23350492802300823,-0.15814880832811362
-0.3343361883043903,-0.33250104404239483,1.1945095507939203,0.22181893505996686,-0.08573511015269061
1.3595194430159325,1.3576835384593127,-1.1928654802683334,-2.1689669045661457,-1.4357071325297504
-0.3227176890859969,-0.3212069237807893,0.9832697134563398,0.9481612676461961,-0.07556687717939105
0.9558033096330525,0.9561826569338658,0.24905876420451706,0.9482297159542863,-0.059952128407616205
1.7125635664015126,1.7107256358209095,-1.1934483109480698,-2.1689669045661457,-1.4357071325297504
0.3342849905004163,0.33265594208941135,-1.0602819287262726,-1.3972697896533093,-0.13728002140065876
-0.7737882063357977,-0.7754171777197518,-1.0625439688766707,-2.1689669045661457,-1.4357071325297504
0.8681090738906387,0.8664780501783486,-1.0604544923196846,-2.1689669045661457,-1.4357071325297504
1.3269346939406477,1.3273976705725807,0.30429997029228745,0.9449488640960523,-0.16050064452601964
-1.2027071920811683,-1.2043138744796578,-1.0489224444976866,-1.3221586610278393,-0.1349372075922587
-0.2518492669689797,-0.25302208624691735,-0.7643685073768656,-0.54473833417264,-0.030217340058899107
-1.2954435115415222,-1.2959438386219777,-0.3285601521691566,0.22186249307420597,0.05551641249059758
0.8057895861738705,0.8107872189497526,3.256579066467929,0.3449761090346825,-0.2801796338603823
-0.8944086647524484,-0.8935649696046674,0.5476220652375289,0.946457838160769,-0.06167841226643729
-1.5066482601550268,-1.5069195930901826,-0.17985976097516224,0.9429374172242189,0.06843948172640589
-1.0922732386224394,-1.0936626965014715,-0.9072163071618413,0.9481861579400471,4.590560348434849
1.162653754145292,1.1623865414657757,-0.17160627857733776,0.9483541674235413,-0.2958846065272176
1.2816821400429357,1.2857861862619582,2.6755900173990743,0.9436327898086808,-0.3310147838005425
0.3683842073797449,0.3700916548604356,1.1128085460994062,0.9460751498928097,-0.07721496699582643
0.9030474714792825,0.9014417061628369,-1.0439310996985038,-1.3186086828673413,0.20825644443823493
1.7105997088753946,1.708878395049199,-1.1175013307093833,-1.3226502443313963,0.20044305512601016
-0.5152769093616693,-0.5151026187929251,0.1124381102506845,-0.60757854792957,-0.0651821068579468
0.6898835753687399,0.6962022905419952,4.116742154071931,0.9685433070234283,-0.18444907373820063
0.4553669962344621,0.4551313853699038,-0.15250028893190384,-0.5264361899753313,-0.08880873751107934
-0.2512748963159904,-0.25133973939331017,-0.042755843249381614,0.17160587850231881,-0.08602683408005239
1.1330418300494562,1.1327548103850655,-0.18456811862322803,-0.5249863303585106,0.05323976287190866
0.6183296830276236,0.618458353278511,0.08509163761719463,0.9433356619258345,-0.04253891666097193
1.4056465162205816,1.4067136924594026,0.6979720958162279,0.9511823270623606,-0.06510692027872986
1.452456420374862,1.4512625482398502,-0.7745236177179865,0.9433636635064173,1.3579524720235367
1.2664110380576488,1.270845329005002,2.8906425387665964,0.27422078183313653,-0.13750558113830955
0.8538089902196566,0.8539892197560064,0.11916294777011248,-0.5053027748524718,-0.05706195630251691
0.6652073265858881,0.6651679296217907,-0.024270682558392515,0.9455151182811621,0.0700334372058052
0.6023398368338101,0.6031581869213568,0.5342383872021137,0.23214529572139767,-0.05734465784037257
1.5677700251558007,1.566929905373977,-0.5438883753042991,-0.5451288006574274,-0.055840926256033686
0.6688159828995547,0.6714967300612517,1.747333735816489,0.9424645016410502,-0.1847588424445745
0.9324625769402588,0.9334297922754147,0.6318813823446406,0.24634365272002393,-0.08785837914977707
-0.05477152501764537,-0.051973634888921705,1.8221176260075251,0.2330553470903247,-0.075539810010873
1.1012258770829528,1.0994995186309864,-1.1220584095119,-2.1689669045661457,-1.4357071325297504
-1.3999042192367166,-1.400734364222064,-0.5435845319572896,0.22215339838358936,-0.08923880474420011
-0.502293864008097,-0.502558492315031,-0.1733973401122724,0.9443950550578677,0.07207550469733734
-0.8642286724147061,-0.8658539244998457,-1.0603103560069753,-2.1689669045661457,-1.4357071325297504
-0.7026703489835615,-0.7020983665937268,0.37105893913637633,0.9669767741541815,-0.04148329708876607
-0.6335654853283788,-0.6336221925197512,-0.03825476190432994,-0.5504942146256818,-0.08806890157158455
-0.12738020132715885,-0.1287732231208804,-0.9075240074765846,0.9456520148973431,4.585661190933073
-0.16641421902538792,-0.1655901915268544,0.53633186357749,0.23760404829159365,-0.3020108090018142
-0.39228644827368747,-0.393576101421202,-0.8407540391319224,0.22130246146255875,3.1853051380911546
0.11112319172661629,0.11259381787491898,0.9580328593224448,0.22941825290134835,-0.16169460740398467
-1.6584048779585183,-1.6587952446234486,-0.2577016551762757,-0.40154914057797114,-0.2785405664334529
0.7666906894371804,0.7676477430637745,0.6249172699750759,0.9453859998818107,-0.206788510155139
0.9752543661212083,0.9745188648820815,-0.47698798430998024,0.9431754306591691,1.4812133499917948
-1.276281844161978,-1.2748989626912839,0.897990728361003,0.23263843466832032,-0.1001017617094642
0.1296642813000407,0.13004606889191433,0.2489241988858132,0.2380536292242772,-0.0666497488842615
-0.333896044268067,-0.33199087082966566,1.2401196227497056,-0.4880678020040247,-0.06876399549184199
-0.026552494088671302,-0.025484079951733112,0.695789766332323,0.9452879943497718,-0.18573626797439466
-0.9195418499636514,-0.9181898698346556,0.8786094654999194,0.943786798501884,-0.041257737351115265
1.5560654798431384,1.5568652281717459,0.5241134183495771,0.9439501410552811,-0.1859197232276841
-0.08760696875755156,-0.08262422178993667,3.2450198770211394,0.9440885933148273,-0.32592014119280244
0.02433994785776364,0.023586181328702525,-0.49086821122842567,-0.42503157718301793,-0.4245378659569147
1.0835239293963077,1.0848821220344167,0.8868353777209819,0.9476665730559075,-0.17536954243196248
-0.30469040284134435,-0.3064123131820236,-1.122095122130697,-2.1689669045661457,-1.4357071325297504
-1.3393321398066291,-1.3374098709275104,1.2491556410454703,0.9426185103342534,-0.08953955106106802
1.222659123244903,1.2209321954333983,-1.122175832751788,-2.1689669045661457,-1.4357071325297504
-1.5290705942045841,-1.5284439133074637,0.40495897135179304,0.2314592569971298,-0.19631953086497167
1.7348127096066852,1.7335233666855487,-0.8361133926951788,0.9454046676021988,4.585183004289253
0.016678760501891716,0.01484604674185264,-1.1935894473969864,-2.1689669045661457,-1.4357071325297504
-0.6625330873600105,-0.663365651870291,-0.5436216731280571,0.2462534254048139,-0.18474079766556242
-0.2591741342531081,-0.2605591252513653,-0.9025686610429149,-0.5505611072904064,1.6930921376883117
-0.10184564285267805,-0.10300928472703094,-0.7580783644060743,-0.5415819337836607,1.443439612593202
1.4384486811506603,1.436831485402936,-1.0502583838400625,-2.1689669045661457,-1.4357071325297504
0.2836010110983968,0.28309609553809034,-0.3282535946596679,-0.5450292394820233,-0.04253590919780334
1.11571606506402,1.117974547628581,1.4732504661376562,0.24608230463458824,-0.1834355586503563
-0.020408588183720124,-0.02167141487063604,-0.8225062962325315,-0.5268157669565587,0.20034982376778113
0.9104594925063177,0.910519069986873,0.04070193882243587,-0.5436976087609952,-0.06915797316693877
-1.12909654427099,-1.1303666026381247,-0.8295296916246675,-0.6857558496288091,0.08635493982221926
-0.7391991277885097,-0.7399394410577288,-0.48369953671832594,-0.5429929023163389,-0.06009648663971271
-1.6816223392280187,-1.6821133844381206,-0.32332081862977224,-0.5437147208380178,-0.18980235817844704
-1.3067553280756845,-1.3061288389812598,0.405297955960375,0.221957387319513,-0.08795461797117485
0.30794497099253937,0.30631233858461304,-1.062671105961221,-2.1689669045661457,-1.4357071325297504
-0.6231152272960689,-0.6243873404268783,-0.8298121073731572,0.9467736337640034,0.19664763660713888
1.2646564879596198,1.2629300120943636,-1.1217938500955098,-2.1689669045661457,-1.4357071325297504
-0.24568214189719947,-0.24562587214244921,0.03613514617525702,-0.5451319119441584,-0.06323026326147489
-1.0411491458911875,-1.039772032663639,0.8947245909439709,0.9437447961310107,-0.32782085791540666
-0.5974717597627454,-0.5955307091113645,1.2629360153548133,0.9453393305808397,-0.19877362081061284
-0.24050373163624403,-0.23987177302858706,0.4110851217685801,-0.4777958888603926,-0.06216261383659431
0.9662837944096847,0.967341029477378,0.6905807171321799,0.24033731368510589,-0.07404810827920884
1.1028211244958293,1.1010947670741735,-1.1220544096935094,-2.1689669045661457,-1.4357071325297504
1.8019144753635488,1.8027310085202988,0.5355581844202714,0.22169759487744323,-0.08647494609218524
-1.5561652540716469,-1.5575439907567956,-0.9012017231080136,0.23740959287088287,3.2164444117396442
-1.1176935614544778,-1.114248709288016,2.2412581665800304,0.944760631248804,-0.06354905435735472
-0.7929598116266582,-0.7883973781472547,2.9698029445299565,0.9466398484345543,-0.1887286938272291
1.2883399813171497,1.286723878236829,-1.0498599733582525,-1.383419896768597,0.07114018365187871
-1.2343559730124514,-1.2333072126681113,0.6804691762413824,0.9483323884164214,-0.1664253469683149
-1.446615460411062,-1.4469866866869412,-0.24479381267865508,-0.4759960094862929,-0.0624062183532572
1.1872748424646353,1.186099601718607,-0.7629425721207068,0.22122156800754275,1.5015257562330442
-0.851475477971748,-0.8519761942117328,-0.3278871827249808,0.23250309369550562,-0.0589055312249163
1.681165310368505,1.6795282288855478,-1.0627032473590003,-2.1689669045661457,-1.4357071325297504
1.5295220975806454,1.529260925398502,-0.16690663481933662,0.9458760275420015,0.061546376143796586
1.4059853040457566,1.4046968104685364,-0.8362463866566577,-0.6158530149916596,-0.06598209206081504
-1.0503682763698197,-1.0520878954221866,-1.122158833523629,-2.1689669045661457,-1.4357071325297504
1.535698227287513,1.5389005215351301,2.0888199451002567,0.9459055847659495,-0.3347290008138595
0.7887324180870847,0.7875397034633194,-0.7751547319197206,0.23419718932073905,-0.05054177615282352
0.011403098909839897,0.010897827616051339,-0.3290532726364237,0.1705387071534575,0.0592697265251075
-1.0861290098543603,-1.0874167145756721,-0.8409328881542334,0.23154481738224245,3.205106275593729
-0.6196040986773169,-0.6182389260219463,0.8878274755324448,0.23835231275048907,-0.06938654036775833
-1.55567484208875,-1.5524137669271074,2.1206524997598346,0.9436421236688749,-0.08942225999748955
0.18458184009455406,0.1828584601948225,-1.1220312678871083,-2.1689669045661457,-1.4357071325297504
0.3676487600490908,0.36626529073194397,-0.900269622572406,-0.550290425344777,0.10506136073139492
-0.599226338593838,-0.6009405102383494,-1.1176696087830915,-2.1689669045661457,-1.4357071325297504
0.6098664084703062,0.6100374292849399,0.11265638605427207,0.9684546353515842,-0.18392276768368207
-1.6724664684274722,-1.6728355903708156,-0.243894567794111,0.09519734330986572,0.20017839836716658
0.3195849373188862,0.32008442650948954,0.32597812886402816,0.16865793432434179,-0.20209386014883307
-0.6496662078088836,-0.6514967526382623,-1.1935673055451825,-2.1689669045661457,-1.4357071325297504
0.45343131619301724,0.45303417388645933,-0.25770779775451796,0.9444075002047935,0.061756898565604075
-1.0838894232690437,-1.085496507190196,-1.0489360153100824,-2.1689669045661457,-1.4357071325297504
0.6629377959808219,0.6639859863318889,0.6840570133375239,0.23185594605537982,-0.18579340977459968
1.2032682973996458,1.2023210723867017,-0.6144053163767759,-0.5500010756787592,1.4526785394473802
0.6279874366642313,0.62834785103614,0.23604392656495465,0.9437152389070627,-0.18651219347191364
-1.0995470512004566,-1.0984833822212068,0.6904602940284992,0.9433745530099773,-0.06244531537444997
-0.7825696844392017,-0.7824327130698816,0.08757481058431629,0.944667292646863,1.3588035841002728
-0.5291955980220883,-0.5292586491867792,-0.042168727049941526,-0.482800393567808,-0.04802452948064014
-0.6843161846589626,-0.6841306410210698,0.11941436492607703,0.23926858669287904,-0.0626167407750647
1.0240591599490578,1.0246680948688303,0.3987288256568569,0.9455337860015509,0.08042722991675556
-0.00561755581375849,-0.003033172724110607,1.6831656493347473,0.23747492989224153,-0.42411982857646846
0.5456090545865535,0.5443260081993678,-0.8344940376497154,-0.4895145503341135,-0.16206753283690073
0.7289445144122859,0.729069595277503,0.08298473328007926,0.09833507597845649,-0.13517178971941562
0.16086055749420758,0.15924619345176433,-1.0510800608179653,-0.6254451119844862,1.5483218831376702
0.9484682002180707,0.9470653452865099,-0.9116832471999183,-0.5260114993364987,1.7405529139532148
1.125627360131917,1.1237911111260759,-1.1935778764937857,-2.1689669045661457,-1.4357071325297504
1.5083500244538066,1.507949301771345,-0.25783836325483145,0.9450297575510683,0.19775739051638083
0.5140102884876798,0.5128571496949514,-0.7499527333460841,-0.42378550684710253,-0.1639471973173243
-0.023951053827468916,-0.02050919270804487,2.241592437116938,0.9436810147530177,-0.18418742444252564
-1.236188303733208,-1.235993623345028,0.12421343274120959,-0.47506573475361186,-0.08887490170079015
-1.4597862057094972,-1.4591951657764377,0.3818910187400635,0.9453019951400635,-0.06223780041581125
-0.2992185428976702,-0.29903496062840945,0.11894052929747782,0.9475156756494363,-0.2037359350389311
-1.3053845988484045,-1.3061755508970374,-0.5178614141876536,-0.5443976482755541,0.06722446660626019
0.42779407101300404,0.43410208073580936,4.109222924050049,0.9932904816847786,-0.1857302530480573
1.6056740901203272,1.6066140775783841,0.6155529808699894,0.24590340564753443,-0.08875761063721169
-1.3606487902524875,-1.3596913139398559,0.6207534590307244,0.9519352584513534,0.19903255489990013
-1.1471325679990385,-1.147860663638204,-0.47659357364656074,0.10299733914542092,-0.16564942147079595
-0.8704978777269724,-0.8721074899561329,-1.0501373893337547,-1.3831601043265271,0.08346176025395154
-0.8951173056700402,-0.8960596026108161,-0.6155744061520116,0.09452374973252335,0.20747149655121017
-1.1215307465191564,-1.121455146720954,0.04689694325579957,0.9452553258390927,0.06556434693715009
1.0454741325261414,1.0442808089485913,-0.7750155953799992,-0.49184334845254724,-0.2823630521208424
-1.4006963382584274,-1.4024148177702431,-1.1221476911723987,-2.1689669045661457,-1.4357071325297504
-1.1588977534555913,-1.16050653861334,-1.0502005293240593,-2.1689669045661457,-1.4357071325297504
0.26821831800920853,0.26924358972836454,0.6683067284709343,-0.5377161600199282,-0.05817772513809622
0.162630357830289,0.16365287148609098,0.6662901057489153,0.24693635284235066,-0.1843438125272969
0.8833046923629381,0.882017898650038,-0.8362299588311262,0.9437525743478389,4.581989078404117
1.3137269959482878,1.312452872731134,-0.8270796600099231,-0.5502390891137094,0.19890323398364695
0.16349373945599852,0.1618791678202007,-1.0512097692143378,-0.626395610080921,1.5464843231416079
1.5788739119135757,1.5797865191491247,0.5976646502231024,0.9452911056365036,-0.040006632672945235
1.2357466104335924,1.2381345680789733,1.5578264831508892,0.24596252009543051,-0.08801476723454829
1.671945242446253,1.6715477839790058,-0.25537104671061456,0.2466812273303779,-0.13752663338049023
0.9626538227688284,0.9617066477154709,-0.6148748664856712,-0.6125161599722608,-0.06519413671062152
-0.6908149765815242,-0.6907663477618844,0.030229842873880034,0.9424753911446102,-0.04095097610791016
-0.9523051230470115,-0.9508112663935476,0.9709435588332012,0.9449441971659552,-0.06217464368926903
1.0872530647620178,1.0860762437175742,-0.7641805159125192,0.23254042913628215,-0.05896267302512115
-0.6871122637902393,-0.6888328433712806,-1.122026410964777,-2.1689669045661457,-1.4357071325297504
1.1837638349195563,1.1851586036973143,0.9108661437595306,0.9437572412779359,-0.13787549910805688
0.7156428891314265,0.7151432709543036,-0.323901935101627,0.9425251717323115,-0.03959160275566779
1.5030743782153002,1.5021247529204305,-0.6153429880879987,0.23661465911101653,-0.06904669702969765
1.3628983269414037,1.3657051588108704,1.8308995129848458,-0.4005566401106629,-0.20283971101466505
-1.5030613144126779,-1.5046862640887202,-1.0614464472804908,-2.1689669045661457,-1.4357071325297504
-1.1067290680007593,-1.108009214433734,-0.8360532525686669,0.9442208230009105,4.582894324817889
-1.324244670173335,-1.3254044157254767,-0.7580915066664998,0.9451650985238826,0.20680985465410107
-0.39974755348893976,-0.4011319385884979,-0.9024673799272449,-0.42602718893705765,-0.18297541678554854
1.603380106362048,1.6024304226764494,-0.6151717101504978,0.9458698049685392,1.7005386164939575
0.6445446485655771,0.6442667668030645,-0.17963605684661635,0.23576061090325445,-0.0673113907813706
0.7231034977691508,0.7244922804594544,0.9060062215646021,0.22219384511109735,-0.08847190163618744
-1.1514240557010091,-1.1508999744272965,0.33892511244161144,0.9428222996151578,-0.06630389061986364
-0.46208129916604945,-0.4602413534189357,1.1973701351963024,-0.47404523270572113,-0.05680030700684193
-1.5697226516539537,-1.570558972336782,-0.5479610475296133,0.24768617294461165,-0.040223170021090084
0.8703069683618778,0.8698908433187333,-0.26920113304852367,0.24689123918474565,-0.08594262511132933
-0.6925705277307184,-0.686482597056915,3.9635502525268898,0.9690053331030377,-0.18230475249893333
0.9495778294636216,0.9484015144466226,-0.764138232118107,-0.5459455134244129,-0.05437929915605634
1.6518348218060497,1.6524590759541222,0.410016027453103,0.2471665880604724,-0.04081564026531961
1.6376012685570132,1.6367710160153888,-0.5373162451369885,-0.5474124851182557,0.06810565331468274
-0.7724759054645137,-0.7729781623152343,-0.32872571608038564,0.2380940759517852,-0.06818656256345595
1.1244717549137635,1.1245054575451332,0.024296540843770257,0.943751018704473,-0.16310510763009453
0.3196560441940666,0.3210338266219585,0.8980000136536951,0.9436467905989726,-0.05652662785849223
-0.22801226118697038,-0.22895497963374448,-0.61445688546388,0.24637632123070308,-0.03858711005732941
0.9804226750652563,0.9791354379321314,-0.8363160977771754,0.23509635118610614,-0.06664373395792414
-1.6075875911785344,-1.6071069867488768,0.30965729847418716,0.9469027521633555,-0.30355063014417727
0.09370604178047565,0.09383314607165158,0.08297701934461235,0.09618362120371136,0.20062951784246819
-0.11521150363910683,-0.11374045259706822,0.9578372967732881,0.945426446609318,-0.06009047171337535
-1.6079198936660986,-1.6064603036266316,0.9472580628321334,0.9442068222106195,-0.18414231249499552
0.564900114189965,0.5652713465362843,0.24295789835398315,0.9467347426798614,-0.31424216170882663
1.6947741899241604,1.6939377720427289,-0.5412123539505,0.2468570150307006,-0.08896512559585058
0.4872042943579006,0.4873858805246832,0.11928151381525474,0.30303129696566133,-0.2008457629338318
0.5927478242275743,0.5941370030755877,0.9059922222002357,0.9435954543679046,-0.04074646861244004
1.1889747896521925,1.190047717756648,0.7012660891113356,0.23799451477638112,-0.0711669585636155
-0.8574109719989841,-0.8579128898249183,-0.32868214663006223,0.9425485063827973,-0.08724786412653546
-0.09243764446304469,-0.09426892663714218,-1.1928847651070011,-2.1689669045661457,-1.4357071325297504
-1.3158487371438372,-1.3163400341598945,-0.32272156012450426,-0.5412085793758957,-0.06649336079949027
-0.5444695700236981,-0.5460978335616516,-1.0616044401069094,-2.1689669045661457,-1.4357071325297504
-1.4174801851606185,-1.4151019710588206,1.545944165518422,0.9492984429465134,-0.16245850304882892
-1.3774378661335962,-1.3786228482232408,-0.7746387553473658,0.9428534124824718,4.580250764692622
-1.4555805103296222,-1.457207484819497,-1.062666106188233,-2.1689669045661457,-1.4357071325297504
1.4934722585894111,1.4921934677712907,-0.8297445390124917,0.23122124356217955,0.08088436431839438
-0.43036229572380547,-0.43086527603694197,-0.3284830128144856,0.948847306370464,-0.064406181360428
-1.2035855206027388,-1.203893079890883,-0.20282114699692033,0.9435223391297175,-0.038370572709184564
-0.9408391009854595,-0.9424487872382813,-1.050332380480284,-2.1689669045661457,-1.4357071325297504
1.7134413182877823,1.7126955201016318,-0.4821538926117704,0.21531790143476026,-0.03232557174014224
1.422545080208534,1.421139468210202,-0.9124896391575437,-0.5437536119221598,1.7062527965144454
0.944494027969249,0.9444266409932589,-0.04191745274463367,0.9442037109238883,-0.06130247937035245
1.6393658585577677,1.6377405862352667,-1.0550993068976369,-2.1689669045661457,-1.4357071325297504
1.5639482927766382,1.5652085055865474,0.8240248010307928,0.9437541299912048,-0.1850355290560928
1.0318807175001663,1.0304951380048848,-0.9002579088185486,-0.5497132816561069,0.10442678600280403
-1.2509984199021917,-1.2517447135534006,-0.488662454236806,0.24708725024882233,-0.039236722101763793
0.8695646533903308,0.8719532850551487,1.5575013550560164,0.9447652981789011,-0.06780762220420251
-0.3741545923208175,-0.3726543574600375,0.9763040297295503,0.9466647387284053,-0.05529356795933429
0.930233992924969,0.930632283260688,0.26134277788390015,0.23553970954532674,-0.05858072520269911
1.506876043949193,1.5074693527934013,0.3895592419969861,0.9436607913892636,-0.18410020801063398
-1.3147831754251862,-1.3157231460325454,-0.6149350066121831,-0.4906610594946249,-0.02974817580458541
0.34014517560641044,0.3396398865242507,-0.32837887468567983,0.9485859582850287,-0.07011133899140964
-0.5279400449515795,-0.5295698456936668,-1.0625711105014621,-1.3210277083009847,-0.2812833728432871
1.0515073487996471,1.0547316724236147,2.1021570538215553,0.9482748296118912,-0.060929553937436536
0.15149993203047915,0.1497862187455499,-1.1158045506079353,-1.3216841898013048,0.202310689753759
-1.6013338155214663,-1.6008539759924767,0.3091721776437007,0.9440325901536624,-0.18373029004088667
0.8584701294439256,0.8594827424015709,0.6612939040274014,0.9437105719769657,-0.08867941659482616
1.7238483543348762,1.7259835280807205,1.3942099120753495,0.23876922517249347,-0.17572743054903509
-0.7645487262679866,-0.7639343840449924,0.3985182637887365,0.9459009178358525,-0.056824366712191376
0.44307915262078656,0.4436616592751704,0.3803040907936934,0.9436685696060918,-0.08796965528701817
-0.35217059826598973,-0.3524169872611483,-0.16120503655455368,0.23167393578159456,-0.05009065667752174
-0.1577895025953597,-0.15905191522211892,-0.8225232954606905,-0.700014876718697,0.10359672616824882
1.005895206312681,1.0073977211495249,0.9806686886973599,0.948025926673381,-0.19979014336162593
1.1859140717662904,1.1871741225170458,0.8231304130685797,0.9470940962973349,-0.16407050330724013
-1.1307087718278213,-1.1324278174108509,-1.1219529857271828,-2.1689669045661457,-1.4357071325297504
0.7236904789470515,0.722060088806694,-1.060343211658039,-2.1689669045661457,-1.4357071325297504
1.504799615324299,1.5057470541684324,0.6201954843652712,0.09767859447813665,-0.08991548395715271
-0.849740325323742,-0.8504774633296024,-0.4818621915705886,-0.4998175763450592,-0.040707371591247266
1.5772199174489663,1.5773984769136118,0.11958478575963727,0.24631409549607555,-0.03783223680199129
-1.2641715094676855,-1.2651109083349923,-0.6144570283145367,0.9433527740028573,0.057266756054768116
1.5488555182740444,1.54766851526033,-0.7698486871236115,0.9441181505387753,1.4689699674321075
1.3601938950971226,1.360710273199596,0.339149102271471,0.2276805992618758,-0.31142717618294424
1.1584730479767038,1.157185140362647,-0.8363812376766753,0.9436327898086808,4.581757503740128
1.613931302769733,1.6122033913452951,-1.1219999835932695,-2.1689669045661457,-1.4357071325297504
-0.02439103599355564,-0.021687019067584717,1.7610425419467768,0.24646810418927867,-0.09005984218924921
-0.7770907015471067,-0.778919922608174,-1.1929710469037074,-2.1689669045661457,-1.4357071325297504
-0.2720253205067273,-0.2727494591402776,-0.47219034500141577,-0.6768217897796681,0.06042459238187975
0.213116178671601,0.21128385961478502,-1.192922477680396,-2.1689669045661457,-1.4357071325297504
-1.4648829596741733,-1.462604476305193,1.4808918334711005,0.23968394347151717,-0.07098951823666359
-0.40448678545158256,-0.4029760992295174,0.9830475806850189,0.9450406470546275,-0.06980457774820455
0.6034025636299567,0.6029136076995126,-0.31719195405050615,0.22163381349945013,-0.1820130285715717
0.3563727247333329,0.3565182806579431,0.09554244881788775,0.2326353233815892,-0.0622949422160161
1.3781411808157076,1.3768530227635163,-0.8360859653690735,0.9454077788889299,4.58518901921559
-0.9649437824533905,-0.9643182231257846,0.40540566535560063,0.9436810147530177,0.19994983116634685
1.1821999835331594,1.1805961611531124,-1.0420831836021633,-1.297719503752895,0.24864065986723985
0.8419392723420684,0.8402235098928236,-1.1156984125699343,-1.3218755339352841,0.20194077178401168
-1.4718234377870334,-1.4722285908535075,-0.2669425213138887,0.24498402041841336,-0.03963972216636668
-0.16851380145487463,-0.17023608865813586,-1.1220564096027048,-2.1689669045661457,-1.4357071325297504
-0.6946441710031261,-0.6957960184736843,-0.7516337998752843,-0.5403576424548648,1.701549124118633
-0.5662714635716993,-0.5657687384890218,0.32623711710480313,0.230343860703932,-0.05782284448419239
-1.5496951721824503,-1.5500935230991735,-0.26267485794204515,-0.5440336277279836,-0.3005551968281742
0.48268881224557075,0.48286983010486473,0.11890195962014226,-0.408202627253015,-0.19070459712905044
0.05638568220525375,0.05695541225607618,0.371175933824294,0.9444883936598089,-0.1817784464444148
0.44834541323694116,0.448857613177152,0.3345251693615728,0.9437634638513989,-0.08673058046152286
-1.4674358572886412,-1.4664053073500227,0.6681225939743216,0.24625809233491092,-0.18530018581493637
-0.253253082209423,-0.2541974286300936,-0.615569834930994,0.23621641440940092,-0.0712481600691698
-1.4744568748370155,-1.4757430517756116,-0.8407481822549936,-0.4747639399406685,-0.18432877521145358
1.1986415167781241,1.1992548359518334,0.40194853661042956,0.301169191856934,-0.18548063360505704
-0.9804060665676554,-0.9806595319997831,-0.1671247677722674,-0.5461586365655121,-0.20491185313788401
0.21396813440810117,0.21280308390508876,-0.7583367812442221,-0.550240644757075,-0.08738921489546336
-0.16361250404623812,-0.16454572563607064,-0.6081373152577882,0.23252176141589406,0.09064358230075387
0.5240143926672928,0.5231780381471501,-0.5436141020432468,0.9457437978559183,3.2061438503869226
-1.2378284227600942,-1.2370227991275302,0.5221099378879835,-0.5502670906942916,-0.08575014746853393
-0.07124549767217266,-0.07062380363136374,0.404753123555347,0.23567038358804476,-0.06187690483556989
1.725291034882338,1.7257578494514778,0.3076308190568491,0.9444883936598089,-0.1549879645378334
-1.5673176391702106,-1.5663524056316724,0.6253743920768299,0.948053928253964,-0.060728053905135006
-0.16005397003979932,-0.16088845987097275,-0.5438270923725328,0.09920468061987588,0.06613877240236753
0.6556440735830357,0.6542490845611727,-0.9071713092049499,0.9423540509620862,4.579285369015476
1.4906520800944765,1.4892648567871118,-0.9003711893893895,-0.4018524910342804,-0.1829513570801991
-0.5609960261414116,-0.5615006378221542,-0.32981809505292087,0.15962742458652812,-0.06783468937272057
-0.15565763889782905,-0.1538497797831959,1.177111912153135,0.9443017164559265,-0.35063848097616485
-1.6584034259517888,-1.655160397594959,2.1086844717332887,0.9493357783872897,-0.1603623012202605
-0.38866237546500454,-0.388708683826144,-0.030971092615507786,0.9442550471549556,0.07068605671340833
-0.2041318893157536,-0.20418738993131977,-0.03657283827118911,-0.4796362149620007,-0.3084377577932786
0.5406219277879761,0.5401087170771012,-0.3331198022834956,0.9437121276203309,-0.041651715026212024
-0.46647882196248536,-0.4678700753877953,-0.9070798847845992,-0.5011149829120423,1.3559555164795347
0.4431217218609838,0.4436312014479058,0.3327425360153893,0.9453424418675709,0.19602208426805395
0.36878008209971364,0.36895147878316403,0.11239811206678102,-0.5398893938017931,-0.06563924125958577
0.9813985883091965,0.9813316399862131,-0.041554754927023194,-0.4898692370214904,-0.15569471838247262
-0.5907213688517339,-0.5901323077360375,0.3824157092024831,-0.4765155943704321,-0.08936511819728471
-0.9208601325762541,-0.91893908821116,1.249231351893573,0.24616475373296978,-0.13774617819180368
-1.2343173151976332,-1.2354849637676972,-0.7630509957692166,0.9441523746928204,0.05559761399615187
-0.03317121650302998,-0.030796894797353022,1.5462977208939974,0.9686288674085414,-0.08830348369874148
-0.522173679220594,-0.5213398303629733,0.5419860354242161,0.9471112083743577,-0.16549604084919348
0.20974809267532957,0.21189545999801246,1.398991980662323,0.9459989233678914,-0.19951044928693887
1.2215183324434462,1.2206905316211634,-0.536587706787318,0.9436561244591666,0.055504382637923025
-0.05995024081415595,-0.05771238269985286,1.4573647588484218,0.9439516966986471,-0.18393179007318805
1.4528069931428744,1.4510792553498022,-1.122223116319188,-2.1689669045661457,-1.4357071325297504
1.0670424578508315,1.0667828990301105,-0.16682092442525784,-0.4766540466299783,-0.061597210760882995
-1.0391876120145094,-1.041016834702693,-1.1935190220231848,-2.1689669045661457,-1.4357071325297504
-1.2666079263126895,-1.2650856399894732,0.9888036050500418,0.9459833669342345,0.0662079440552471
0.41937801277542797,0.418001245558748,-0.8957966828067435,-0.5509251278379773,0.057323897854972966
-1.1710972194294487,-1.164326433655839,4.407286962037551,0.9440870376714614,-0.18538740224682804
0.041297931163404425,0.0408120750919193,-0.31634599246094774,0.2328826706767335,-0.05771758327328865
0.8106760393360645,0.81116961554099,0.32315182861927766,0.9479108090643207,-0.15912623385793395
-1.030526422579185,-1.0314678610425538,-0.6152978472804504,-0.6135117717263006,-0.07058351070889211
-0.9865610243933156,-0.9883904586840602,-1.1935470207519172,-2.1689669045661457,-1.4357071325297504
-0.8087594903415137,-0.8086194275308697,0.08953357879033198,0.285513197024659,-0.15373385239649479
0.6468625351621315,0.6478761559800235,0.6615087514152259,0.9690877822014189,-0.32886444763493783
-1.2584632294892957,-1.2601821800618795,-1.1221576907183746,-2.1689669045661457,-1.4357071325297504
-1.1109526871096276,-1.1112500370102407,-0.19597860053629076,0.22049819384249836,-0.08363590086095345
0.18589476870651145,0.1863903982210864,0.3231853985236252,0.22166492636676371,-0.039732953524595535
0.1766703011161341,0.17584459442774605,-0.5374040982909193,0.2373504784229868,0.07308901978518184
-1.1258782779521737,-1.1266071883075384,-0.47707983728230147,0.9449721987465374,1.4996881962369824
-0.7509622060806136,-0.747943499641561,1.964479876410044,0.9678152659282873,-0.18552273808941858
-1.0841601343509064,-1.0857689293195516,-1.0500509646863918,-2.1689669045661457,-1.4357071325297504
0.7939167675381045,0.7922018715719594,-1.1152342907859973,-1.3225257928621414,0.2006836521795043
0.8863766014481406,0.8852091853641285,-0.7584743464267187,-0.5246736460420076,-0.23006326761753615
0.8602868309133931,0.860448436302307,0.10704678361246689,0.9478843631271038,-0.06474000977215114
-0.5032097396251386,-0.5030245354120514,0.11957121494724146,0.24652721863717475,-0.08529301306689496
-0.45149083036305465,-0.44868784746233714,1.8246066558515757,0.9457282414222613,-0.17094857157400611
1.057113403994887,1.0577324705026188,0.40539638006290885,0.24527181444106527,-0.23365718610410607
1.6301275293478585,1.6298558175181854,-0.17356104696496308,-0.4810938527956494,-0.051230485218450666
-1.2796735208808792,-1.281271181502233,-1.0432072754205077,-1.3233938418601947,0.09059546289005496
-1.704503359790775,-1.7034860173761335,0.6590260070000745,0.22257964466578778,-0.04118856569823569
-0.27991446458437386,-0.27976304964109916,0.09803062155799741,0.2359146195964576,-0.15615786771044896
-0.5006118640185238,-0.5014625939663684,-0.5551147227207491,0.945491783630677,3.2121708065769528
-0.8051808137994236,-0.8064516099240465,-0.8293342719261676,0.22204605899135715,3.186742705485783
0.4347411217593478,0.4352322814272074,0.3207935071261975,0.12126992611878157,-0.18252730477341553
-1.51236455994823,-1.5121570505633297,0.13199250810780758,0.9459787000041374,0.06499292893510124
0.15209372996323692,0.15125860544074235,-0.5435891031783071,-0.550225088323418,-0.1865843725879618
1.1341267201271754,1.1371464733580297,1.9690952382805345,0.9474814514953912,-0.16372464504284226
0.1767047801345454,0.1777652143836008,0.6910166973367278,0.9448399690604542,-0.06912789853525195
1.4045849192260462,1.4050660530614967,0.31628756885881476,0.2718313136234412,-0.13762587966505663
-1.579854596910668,-1.5794763575548834,0.2430460372092276,-0.47680494403644996,-0.08958767047176674
-1.1839194320073931,-1.1856380487289049,-1.1217847076534746,-2.1689669045661457,-1.4357071325297504
1.1815838571585466,1.183037862103466,0.949441392270636,-0.4500478781466321,-0.09032750641126155
1.3527826220070887,1.355802489946783,1.9696262141718528,0.24640743409801705,-0.18542349180485218
0.45344568667291346,0.4540119349772709,0.36973685630770986,0.9453828885950789,-0.04606967842099965
0.2690983988089912,0.2706169025053683,0.9895445714068538,0.2305274266210832,-0.19234667201914848
-0.5312994851470548,-0.5315354737658824,-0.1548051842793414,0.24683523602358104,0.05592542748153783
-0.5939683265603243,-0.5948116465369191,-0.5504835044273543,0.15894138586226025,-0.07884501203324991
0.8073730773769728,0.8071257739629651,-0.1593809765178985,0.9691780095166289,0.05772990538274445
-0.3754712073190448,-0.37573525867721724,-0.17275694061784652,0.9446937385840799,-0.1892971043661092
0.805193966213937,0.8058138714424062,0.40541695055748783,-0.5389575634257466,-0.19225344066091946
-1.014370345961162,-1.014439626435861,-0.04723821115839279,0.24724592587212213,-0.08737718504278864
-1.6711507081830554,-1.667904860001787,2.1104943895549204,0.9491568794002362,-0.15832324119189695
-0.4013824514330174,-0.39954058225661954,1.198749501138345,0.9439159169012361,0.056614136547164975
0.3383910654971277,0.3376661090355414,-0.4714492357939471,0.943852135523243,-0.07001209270684326
-1.5979349454471714,-1.5988834089198412,-0.62105715721058,0.1731366315741547,0.06195839859790543
-0.5163785150636887,-0.5158634860863984,0.33435460567735587,0.220619534025022,0.05473146460357282
0.3732909557356994,0.37156688919051867,-1.1220846940327507,-2.1689669045661457,-1.4357071325297504
-1.5282048865167341,-1.529820397897465,-1.055351866858856,-0.6658436145480143,1.4702210721102775
0.8744938400756583,0.87322719600715,-0.8231251252777809,0.232471980828192,0.07353713179731469
1.1861697385669465,1.1859181505901066,-0.16138102856372893,-0.4799068969076301,-0.06659561454722542
1.293801842373998,1.2939904053061955,0.12550851679574138,0.23908502077572785,-0.06146488238146104
-0.2777269927578153,-0.2771135446018811,0.39895181553211884,0.2330429019433992,-0.06949480904183067
0.1301426530325725,0.128949499595464,-0.7768147994023715,0.24617253194979827,-0.08786740153928319
0.8181991075128185,0.81725142976906,-0.6155036950768965,-0.5442965314567845,-0.0751217726304268
0.7280822340744598,0.7290250727702964,0.6155786939882129,-0.42592296083155656,-0.18345360342936837
0.6167769158043809,0.6178356957459282,0.6908575617050547,0.9453455531543027,0.0752453708771237
-0.4882585366560319,-0.4891015298567423,-0.5500500955346289,0.23974772484951062,-0.07184664523973669
0.005248017378470442,0.004303084003332607,-0.6154126992085162,0.23553504261522973,0.0776152518540418
0.13584268420898513,0.13646465701633795,0.4053668099769517,0.9450530922015534,-0.22970237203729477
0.16131917250375236,0.15948627760856673,-1.1934055986016872,-2.1689669045661457,-1.4357071325297504
-0.08430138046483747,-0.08569388644119028,-0.9070981696686694,0.9483977254377804,4.590969363425788
-1.0850391627748148,-1.086868160692923,-1.1934683100400214,-2.1689669045661457,-1.4357071325297504
0.5937447985878581,0.5967734227685908,1.97374517000997,0.9426682909219547,-0.1831438347229945
-0.43747066134710527,-0.43919179050449675,-1.1218634183653706,-2.1689669045661457,-1.4357071325297504
1.6726259103006624,1.6720983131987208,-0.3401273412527269,-0.5450463515590458,-0.21281245888200062
1.3497123697887796,1.3515466858950922,1.1974842728710844,0.9464547268740372,0.20296330926136213
-0.2317110849251854,-0.2326522149363927,-0.6134300749428151,0.23455032036475,0.07011764617452826
0.03149126173449766,0.030207497456782268,-0.8360343962819694,-0.6795737228935687,0.06627410824495791
-0.18719571418611217,-0.18836689950703367,-0.7631694189637022,0.2216167014224276,-0.04150134186777815
1.278450361726752,1.2799481552866172,0.9781625167744937,0.17004401256316895,-0.20402765896629288
-1.3955121761206626,-1.3963351607084016,-0.5389118869734234,0.9678370449354065,0.2010325179070709
-0.11860881467052614,-0.11978142191896403,-0.7639523834136126,0.943953252342013,0.08794288037528138
-0.31809657392275725,-0.3181686217164028,-0.04758762386492108,-0.557116588433412,-0.03031658634346549
1.5620550398454267,1.5615440774154317,-0.32952410840123025,0.9452257686151446,-0.06846324917497426
0.6480279348456197,0.6489707681443686,0.6154081303039959,0.23728047447153075,-0.16228707764821418
-0.6585944508922015,-0.6597559100015885,-0.7578185190613586,0.9461653772080197,0.2121150196836486
-1.6874092850707014,-1.6882483597084161,-0.5500002406554064,0.9447761876824611,-0.16433215260291512
-0.714083033047453,-0.7119202039059075,1.4071343252491588,0.9427834085310157,-0.4736316947224104
1.5525798637722374,1.5511820060608041,-0.9071680236398436,0.9492144382047664,4.592548281589345
-1.2688078882484957,-1.2672858740910158,0.9886217561639379,0.943953252342013,-0.07059253309839807
-0.19610103047797403,-0.19590897160690052,0.12467641171989241,0.9472994412216053,-0.3159504007886356
0.3417487692066095,0.34280164692963017,0.6864396194422595,0.24599052167601265,-0.08759071492776473
0.3942192461447557,0.3943613043579665,0.09334340580713778,0.9467518547568835,-0.06736552511840686
-1.6017714521044764,-1.6002625117196307,0.9794121743201637,0.2962891386187737,-0.1828701555746448
0.7323854687740773,0.7336638184623426,0.8341019149133021,0.9444417243588386,-0.06269794228061899
-0.1587847571392135,-0.15841057029119718,0.24337202240804104,0.9069927216166528,-0.07885704188592463
1.5872361305312268,1.5859470132462647,-0.8362743853853903,-0.5505299944230928,-0.18281301377443995
0.9166052169290629,0.915429002729166,-0.7641413748325566,0.9477147980002437,4.589649087094739
0.00897569810541444,0.009542072658730775,0.3688916089714354,0.968316183092038,-0.03988031921986081
1.6842594287959172,1.684307563033731,0.034863775329753745,-0.4254764911856045,-0.18375735720940473
1.292121071106736,1.2905043191805816,-1.0502746688149376,-2.1689669045661457,-1.4357071325297504
1.106078373905291,1.1061381526255363,0.041241200051848885,0.9498600302015262,0.06384407800466635
0.716595749026829,0.7180932943630767,0.9768284344906563,0.24061888513429522,-0.19482181420697015
-0.4462832485850239,-0.44532897580091513,0.6205750385603837,0.9433201054921783,-0.1844851632962248
0.004736286120329337,0.003352435870951272,-0.901275005494951,-0.5452952544975557,1.7032724005142859
-1.408603066751712,-1.4045036164150644,2.666982979625674,0.9449146399420072,-0.18399193933656166
-0.5528026190983013,-0.5491314580737261,2.3898291350789655,0.9443234954630464,-0.19918564326472168
-1.5908362828259421,-1.592554172002414,-1.1221599763288834,-1.3932080048255,0.06403655564746176
-0.9390806245471788,-0.9400127335231977,-0.6090308461160605,-0.4784632598642724,-0.055732657581961345
0.6690927744241004,0.66914279320505,0.033972815783304106,0.23667221791554705,-0.07257144386338801
-0.5585116753080834,-0.5570201774647378,0.970229019847897,0.9678199328583843,-0.33132755997008495
1.2451621226290472,1.2465342616965491,0.89625580713419,0.23146547957059238,-0.1623502343747564
-1.684776928252312,-1.6850274473265596,-0.16667564530729415,0.9486901863905297,0.19876789814105655
-1.6342851250116717,-1.6351322819516618,-0.5551532923980846,0.2328064441518145,-0.1622690328692021
-1.6830004763216562,-1.684279153230532,-0.8362986699970459,0.944847747277283,4.584106332474867
-1.049490736581814,-1.050230656015022,-0.4840905189659823,-0.5486741118878281,-0.08852904343639229
-0.04135021007631653,-0.042962507144549675,-1.0501558170684815,-1.3850486553724715,0.0798106999671766
-0.9164678332753269,-0.9167586158140251,-0.19129552745447823,0.24733770883069772,0.007517300318500643
-0.6132617835101941,-0.6111096793882737,1.4003596328505084,0.9497215779419801,-0.06872189100748047
-0.46947271288367814,-0.46997582714388186,-0.328651862290821,0.23491589655568643,-0.06263478555407677
1.0402874710505088,1.0403273608606256,0.02815050871352662,0.23703934974984942,-0.19332409754896865
0.7390564092546219,0.7403187547992505,0.8236925304030803,0.9695918106519016,-0.13682589446218837
0.33233429140144716,0.33072074398883133,-1.0501903869274267,-2.1689669045661457,-1.4357071325297504
1.5350835829687122,1.5356941184266018,0.40083758705251077,0.17124030231138238,-0.23182263357121263
0.02503446197815947,0.025216699604226574,0.11874139548190107,0.2353514766980789,-0.06609336819805615
-1.5548363933048812,-1.5533313236689397,0.9769891414795542,0.9681808421192237,-0.09059216317010513
0.19692770870465204,0.19565298070227605,-0.8298039648857198,0.2319866200980975,3.205960395133633
-0.8874390624991676,-0.8878396786945613,-0.2627682822715911,-0.4030347799922024,-0.19922774774908322
1.12367145135563,1.1228429046382757,-0.5372776754596529,0.2323117495615263,-0.20062621812251835
-0.7238486611332742,-0.7219282984295977,1.2491984962425096,0.22524135046447843,-0.19744432209005727
-1.2695479012849027,-1.2704767414353222,-0.6075914828981628,0.24520803306307218,3.1858494889246853
0.9967437562365508,0.9959130034623448,-0.538979312483432,-0.42460533090081953,-0.18642798450319056
0.6354479740176372,0.6360158487838535,0.371175933824294,0.9438023549355409,-0.040448729758740885
-0.5450632137629918,-0.5449955396044422,0.042937980153296765,0.22159803370203915,-0.052665045149909974
0.005022155099635476,0.006076683704119556,0.6868121739551891,0.9449784213200003,-0.1837332975040553
1.6754799933720712,1.6769835333920602,0.9827335949413766,0.235843060001636,-0.18980235817844704
-0.8180911408135491,-0.8175659868046101,0.34031933485196103,0.23416452081005953,-0.08573511015269061
-1.165937236493778,-1.1671245701898927,-0.7757289915600489,-0.48793557231794116,-0.16377577191670975
-1.1598177868127488,-1.1601010547503994,-0.18690915518683549,0.9435798979342477,-0.18596483517521423
-0.16093328425898984,-0.16254539186283898,-1.0502819541984343,-1.3210277083009847,-0.057107068250047036
-0.5055493278002197,-0.503398371113094,1.3998370851479405,0.9424147210533482,-0.0883666404252837
1.1740620881110766,1.174240803113115,0.1188448193574229,0.9250101830780407,-0.06699861461182814
0.8238427326145112,0.8238831529355949,0.028044370675525634,0.9449877551801944,-0.06460467392956058
1.5385053195169625,1.5386593036322946,0.10349837329760189,0.2453542635394468,-0.040981050739596965
1.5158932127939027,1.5142759220143334,-1.0501586740816173,-2.1689669045661457,-1.4357071325297504
-0.35229008723368616,-0.3516671435586738,0.40498054180096965,0.9450282019077024,0.06894774300191235
0.8157206114250544,0.8138617348671616,-1.2089616065750313,-2.1689669045661457,-1.4357071325297504
0.6542162201737802,0.6583474672414033,2.6919962724816804,0.94737722338989,-0.07203010049302613
0.44466808424306153,0.44348559415316796,-0.769213573103487,0.9473025525083371,-0.03340525101769755
-0.4312278446121278,-0.43294920301739104,-1.1219996978919557,-2.1689669045661457,-1.4357071325297504
-1.429071296066576,-1.4293325668040748,-0.17314449444973978,-0.47183466348307995,-0.0652121814896336
1.0573930253972013,1.0565549488003125,-0.5436226730826547,0.23150125936800334,-0.0683790402062512
1.2987154982900642,1.2988944453766134,0.11925608639834467,-0.5395331514710507,-0.06918804779862557
-1.7018818838107306,-1.7013740086316382,0.3272216438314558,0.9474347821944202,-0.055101090316538884
0.47740103297741754,0.48062394764616617,2.1000414355943753,0.9682788476512618,-0.32891858197197404
-1.5996062797673727,-1.601215268764395,-1.051252910112691,-2.1689669045661457,-1.4357071325297504
-0.12104168945258778,-0.11977062863040938,0.8275739255989419,0.9432672136177443,-0.06720913703363562
-0.6024880758446436,-0.6036578470241674,-0.7631149928634621,-0.4902192567787698,-0.2941493002788905
0.09238942283419388,0.09389994562462946,0.9839779670127449,0.22107378188780255,-0.0427704913249601
1.109149246187501,1.1083917359593016,-0.49104277473103286,0.9440870376714614,-0.1860821262387927
1.2370261202991222,1.2373878641664897,0.2381806866893408,0.9459740330740404,-0.0659219427974416
0.15516276903211682,0.15510527237471866,-0.03712309900117546,0.9465636219096353,-0.05054478361599212
1.6443709165427747,1.6458764006281572,0.983934826114392,0.24608852720805116,-0.08832754340409076
-1.5229158583473241,-1.5219708996707275,0.6122622731399879,0.9439190281879671,0.20356179443192884
0.8161591187734294,0.8156518025087317,-0.32870585983909073,0.23679666938480215,-0.06323026326147489
-0.540232342409462,-0.5418620555138404,-1.0625396833569667,-2.1689669045661457,-1.4357071325297504
-0.7571075615795944,-0.7574059561307825,-0.19592060316963072,0.9433558852895885,-0.13411917761037837
0.9554931702077244,0.9549749607859694,-0.33550969377172796,0.2952919712213681,-0.18469869318120088
-0.16313164218796608,-0.16485376041940128,-1.121935129395083,-2.1689669045661457,-1.4357071325297504
0.7439016633708843,0.74321326588751,-0.44679264102796584,-0.5445687690457798,0.07082440001916748
1.0055366189939277,1.0037006753528877,-1.1936295884315467,-2.1689669045661457,-1.4357071325297504
-1.538610327111116,-1.5398959936289134,-0.8405496198420442,0.2335547086107103,3.2089919180076607
0.7817105025756363,0.7804350333904905,-0.829066426944671,0.23338047655375316,1.5910007929643764
1.2058831103796246,1.2064622864961907,0.3797266884389154,0.23196328544761238,-0.06799709238382916
1.6091846868483963,1.6077971530789694,-0.9003260485818412,-0.5017652418388995,-0.0382171920875821
-1.5023282821947275,-1.5032582707120299,-0.6088251411702713,0.23654465515956086,0.19857842796142974
0.533258219762502,0.5314236925491622,-1.1936925855711946,-2.1689669045661457,-1.4357071325297504
0.4850111684785509,0.4847540543784336,-0.1664432272886836,-0.5390757923215388,-0.07178950343953185
0.31079239654729135,0.31098381990476587,0.1253202396300813,0.23358893276475534,0.06599140670710225
0.165266601727721,0.16434123474470885,-0.6023354358319329,0.9490790972319513,0.20108665224410702
0.17228602294603826,0.1711067425751688,-0.7676914993553032,-0.5257050375934583,-0.0414141254358865
1.0950998159459036,1.0939808653826983,-0.7264737993947464,-0.07816666464903542,-1.098017138097937
1.5167977851307617,1.5159330911080495,-0.5599996437806174,0.9428394116921808,0.025841773405254266
-1.049702256455807,-1.051328371778974,-1.0612595986213988,-2.1689669045661457,-1.4357071325297504
-0.7808122594994498,-0.7819538467327617,-0.7451312379778343,-0.545229917476197,0.19993780131367211
0.09620156538884933,0.09447848159559405,-1.1220228396983571,-1.3896875838889504,0.0708424447981794
-1.354508110566114,-1.3544313793868148,0.04714764615848041,0.23760560393495922,-0.6997899175438091
-1.4811493225640684,-1.480542608233091,0.392054985821906,0.16003967007843514,-0.0677143908459735
-0.007498333989267466,-0.009221393919532306,-1.1222236877218152,-2.1689669045661457,-1.4357071325297504
1.4193955280245034,1.419136384845121,-0.1658149701000855,0.23595351068059967,-0.16482236909940964
1.2778141355870793,1.2797349748420244,1.253685721073852,0.9460735942494445,-0.30079278641849977
-0.04574665329916884,-0.04735893847478965,-1.0501572455750494,-2.1689669045661457,-1.4357071325297504
-1.1505871381042976,-1.1513152378093658,-0.4766034303418798,0.23448498334339096,0.08554292476667628
-1.4137200472578666,-1.413541163139835,0.11355505953618887,-0.535827608973984,-0.07095342867863942
-1.200118729733287,-1.1979558214623907,1.4061716546729963,0.9461078184034896,-0.06560916662789897
-0.04570370351038012,-0.04709678980847186,-0.907395584736123,-0.6125877195670825,0.06730566811181449
-0.24513088337489347,-0.24361953931954664,0.9838085461337823,0.9437230171238908,-0.08844784193083799
0.7122734105685802,0.7170438646869433,3.108425221886844,0.9444417243588386,-0.08740425221130668
-1.2435662938460237,-1.2405308618090594,1.9743451427685217,0.2896978776783574,-0.1705606088252467
1.3148550215926962,1.3166707203079733,1.1852862552870935,0.945683127764657,-0.06152202418166589
-0.39308034896468297,-0.3928971279222424,0.118509406015261,0.23705490618350603,-0.06932639110438471
-0.8387056668251899,-0.840315944388207,-1.0505043726710688,-1.3911872240934726,0.06794325030357415
-0.8406027153721801,-0.8409868149698329,-0.251913489413473,0.23542614757963162,0.06723950392210351
0.6174468289388544,0.6259567911805992,5.543723648441072,0.9453066620701606,-0.1846295215283213
1.0137897250085905,1.0139337534311101,0.095919431701178,0.23694912243463936,-0.06714898777026201
0.22101615445624717,0.22161351469402824,0.38951467259206524,0.9432345451070652,-0.28082323097847933
-0.9111223319142695,-0.9124936422156799,-0.8950190038311346,-0.35318107705202817,-0.2937072031930949
0.16378791031668188,0.16382331108705375,0.023397867361853456,0.9446050669122358,-0.1866806114093596
0.1848541192120834,0.18455346732213282,-0.1954251970918549,-0.5468415640030485,-0.15842850240280068
-0.8230195955734301,-0.8237315196998961,-0.46538493971155365,0.9466398484345543,-0.060078441860700625
0.42428230324808763,0.42390279350955995,-0.24628474498365704,0.9434305561711416,0.05883665182881797
0.33247526217263335,0.33266476684040625,0.12411586574261643,0.17146120366930973,-0.1837122452618746
-0.8282954624643185,-0.8298863913466955,-1.0378810886817902,-1.319470509291932,0.19770927110568193
-0.623863373982862,-0.6250256545776326,-0.7582810694880708,0.23056476206185972,-0.054051485670670384
0.09804946701742265,0.09720658556902287,-0.5487538686748429,0.1571897314324963,0.08569029046194174
0.16527418659852436,0.1634410779008839,-1.1935365926539712,-2.1689669045661457,-1.4357071325297504
-1.171609502318545,-1.1715430555015358,0.04083121866683809,0.30450137994623594,-0.19661726971867083
-0.2733137957461357,-0.27459331446605684,-0.8339053500930504,0.2225003068541377,1.5001032261542597
0.5063668877755734,0.5100169858161733,2.378321229017967,0.23316735341265393,-0.10559338945546975
1.5228578201001661,1.5225860852276774,-0.17379989326312953,-0.5458132837383297,-0.2057689801409573
0.07044700990924334,0.07149741397377478,0.6842624325819996,0.9438739145303628,-0.18366713331434448
-1.6953035499944382,-1.6955908835137083,-0.19067441279872013,0.23590995266636056,-0.1825122674575722
-0.8488622628571808,-0.8469728970778492,1.2287497104231735,0.9687393180875054,1.4513823228216802
-0.37868661042096513,-0.38007868228085895,-0.9074297260430977,0.9462073795788929,4.58673485528429
-0.5598282832875471,-0.5611103427344196,-0.8361579621000998,-0.5505968870878174,-0.18347766313471767
-0.17597002380399152,-0.17735280903219408,-0.9009584484394866,0.23759782571813107,3.216808314783054
-0.1456185187643856,-0.14611372722451527,-0.322827126759878,-0.4255262717733065,-0.16051568184186296
0.9816711214182351,0.9803940377196276,-0.8297006838608548,0.23228685926767528,-0.057777732536662095
-1.6241616066580624,-1.624239510856447,-0.05412718408248178,0.9429296390073908,0.20022050285152795
-0.8523023047796977,-0.8521269140013991,0.11245139536176667,0.23651198664888134,-0.06545879346946509
1.1755481944072368,1.1767960280343568,0.8151519181850917,0.9473461105225761,-0.19702628470961106
1.5538959321842458,1.552626654471596,-0.8234226831958913,-0.6760673027473099,0.062490719578761345
1.0915705207928037,1.0970277320659854,3.55649330616228,0.24612275136209624,-0.18511372309847848
-1.419652503476461,-1.419576688111947,0.046415250841076255,0.943206543526483,-0.18567611871102122
0.5270148643374145,0.5251780201059809,-1.1952146593193784,-2.1689669045661457,-1.4357071325297504
-0.560190042648796,-0.5604437978907051,-0.16643665615847086,0.23931058906375258,-0.06300169606065549
-1.464422283999489,-1.464672989252712,-0.16633708925068263,0.2466298910993103,-0.03799163234993112
1.4457277687682315,1.4440934891129604,-1.06136973647779,-2.1689669045661457,-1.4357071325297504
-1.0659409779191023,-1.066882614372769,-0.6155006952131037,-0.49447238574055835,-0.025315175093954468
-1.186550533783108,-1.1873884885578843,-0.5482257497966603,-0.4869337379904389,-0.167123078423448
0.8940625413513625,0.8942157164910479,0.10162674399223304,0.2878808862272348,-0.16409155554942098
1.508945045625466,1.5117391434415388,1.8229107328540686,0.9483199432694963,-0.19663230703451431
0.9333822674746792,0.933442010368425,0.04085750318768906,0.9459506984235546,0.07390704976706201
0.4411569494828913,0.44196974565802594,0.5302848524245692,0.9494555629264477,-0.10720238225071238
-0.6027637989817604,-0.6003853050016724,1.547826508623051,0.9441477077627234,-0.07321504098148503
0.830508900335775,0.8305582797781288,0.03389324796746747,0.22933735944633238,-0.06732041317087674
-0.792705738304686,-0.7938825982800336,-0.7681287652157623,-0.5431593561564675,-0.034184183978385116
-1.1140263193013058,-1.1136356233443547,0.25213091042961705,0.9440994828183873,0.05696300227473161
-0.8452848365323654,-0.8447653966051848,0.33654107783030784,0.945401556315467,-0.06634298764105641
0.6660461421001572,0.6669647574077759,0.5996728447563704,-0.526212177330672,-0.08792454333948804
0.5722943384837614,0.5717973439920316,-0.3224922848203432,0.9451588759504204,0.07298676603744686
-0.37866123890639625,-0.3750953078437584,2.3216575160898003,0.279576861941197,-0.1511143519765764
-0.1499492053839844,-0.1516715174121839,-1.1220338391989306,-1.3961341699963576,0.058379517427178826
-1.4472390573822322,-1.4477457791162438,-0.333041662974227,-0.42710058285938185,-0.18084613286212475
-0.9142734128727572,-0.912338316596463,1.2583969357350533,0.9688653252001257,-0.0876568791174757
0.7715267173886278,0.7703350313026717,-0.7745207607048507,-0.4251886971629522,-0.18430772296927272
0.4771163560912497,0.4762799664912736,-0.5437348108482412,0.23323891300747554,-0.0673113907813706
-0.9097598271426305,-0.9095840252610945,0.1125992457915527,0.09370859260890337,-0.06442723360260867
-1.369642820865486,-1.3708285609498185,-0.7751161622423851,-0.5425526552438494,-0.05246354511760861
1.7033472855409217,1.7025275592718656,-0.5303234197854072,-0.4273230398606751,-0.1552135242754842
-0.3892126103444997,-0.39040240783983604,-0.7757128494358309,0.945631791533589,4.58562209391188
-1.0738401829557653,-1.0730291857001395,0.525951906302569,0.23074210540554796,-0.1868099323256126
1.4846097819794835,1.48479744843689,0.12532281094190376,0.23258709843725273,-0.058150657969578176
1.4652971543733913,1.4645774441389805,-0.46568092627243934,-0.5446854422982064,0.06689966058404301
0.21187520730190706,0.2125059794951012,0.41125639970608097,0.9442970495258295,-0.07122710782698913
1.609379277683807,1.6101967545231664,0.5357710318989006,0.9441865988468655,-0.17443722884967247
-0.7460003176594321,-0.7455205889579712,0.31088481416805325,0.23404162498417036,-0.17542066930582997
-0.6378238190229131,-0.6377678080379549,0.03514833383809577,0.23744070573819648,-0.06638208466224917
0.3937585840689257,0.3978865993650581,2.6893479641553,0.23534214283788452,-0.1060866134151329
-1.003706841219665,-1.0048770065882215,-0.7642089431932221,0.9457422422125531,4.585835623796857
-0.4348237934542101,-0.43506998518833634,-0.16124903455684744,0.23267265882236574,0.0804903866432976
-1.5785037108249025,-1.578013055084773,0.3162642842017566,0.9440076998598113,-0.04068030442272906
-1.3935605619503826,-1.3949493473340557,-0.9074070127886668,0.9474487829847114,4.5891348108928955
-0.13956604804816647,-0.14139804582057774,-1.1934491680520107,-2.1689669045661457,-1.4357071325297504
-0.46775319299634327,-0.469474576944524,-1.1220925508188746,-2.1689669045661457,-1.4357071325297504
-1.3387186823168937,-1.3387795139995655,-0.042412430270439165,0.9504542859672188,1.7014859673920912
0.18704850430149855,0.18762678786018827,0.3770193827912775,0.9500031493911694,-0.05383194085935694
1.461749065164606,1.461906829139045,0.10579998307993302,0.9441865988468655,0.2052760484380754
-1.247049730152139,-1.2470822528509884,-0.023783847520024506,0.9457017954850451,-0.06075211361048445
-1.5258242521731673,-1.5274475132914942,-1.0603942093425158,-2.1689669045661457,-1.4357071325297504
-1.1403663113921374,-1.1389996601871777,0.8877037668636576,0.9443063833860236,-0.23234893962573136
-1.3090779012323286,-1.310906164014786,-1.1934570248381344,-2.1689669045661457,-1.4357071325297504
0.4922371567364258,0.49141153610569066,-0.5366895593056151,-0.5502826471279486,-0.09076058110755109
0.5200577787330817,0.521894751034301,1.1974829872151733,0.9458838057588304,-0.06510992774189846
1.2458970788655823,1.2458463520240788,-0.03043797396433732,-0.5392064663642564,-0.05594919493010603
1.7206961091389685,1.7198384166515113,-0.5550141558583633,0.24676367642875943,-0.0864147968288118
-0.41147599966585025,-0.4112946204475691,0.11727146222344859,-0.5506248886683999,-0.08626442367037793
1.6402390758840484,1.6406446151752103,0.26754549625273105,0.23348937158935126,-0.05807246392719265
-1.1206495749596357,-1.120473068884993,0.11261781637693652,0.23734892277962089,-0.19428949322611425
1.2336500952038196,1.2351542598987724,0.9822184754729626,0.23636420052914114,-0.07260452595824358
-0.8949570129005404,-0.8966770829444506,-1.1221282634830743,-2.1689669045661457,-1.4357071325297504
-1.0246342608633565,-1.024879205310449,-0.1616674441306091,-0.5493259264580509,-0.08835461057260897
-1.3998183225105119,-1.4016465625936916,-1.1936315883407418,-2.1689669045661457,-1.4357071325297504
1.0448222580529156,1.043095957048486,-1.1221386915810203,-2.1689669045661457,-1.4357071325297504
-0.0792247328453129,-0.07971858797095943,-0.3218071730703395,0.24671700712778852,-0.08870648376334421
0.7788444590922989,0.777119143841926,-1.1220516955310305,-2.1689669045661457,-1.4357071325297504
1.4537728583686436,1.461812096750935,5.238892060587759,0.9678245997884813,-0.08994555858883951
0.9909030591664978,0.9927378837605098,1.1970667204012635,0.9454902279873117,-0.06744672662396116
-0.1686066496084635,-0.16944069376420315,-0.5435546761700188,0.10162526169688482,-0.16801930244771404
0.275894036399195,0.27426518757181634,-1.060273786238835,-1.3973071250940856,-0.13697326015745348
1.2645608630076626,1.2631710635214322,-0.9025208060728875,0.22248630606384664,3.1875938175625187
0.34987117750736635,0.35036311312733665,0.3211217779355195,0.9478516946164246,-0.16156528648773164
0.2885832420899934,0.28897653857290495,0.25675141492375214,0.9427460730902396,-0.08644186399732984
-0.6566837300129614,-0.6584048711996562,-1.122328682954562,-2.1689669045661457,-1.4357071325297504
0.15779916142026762,0.15607590374052552,-1.1220075546780799,-2.1689669045661457,-1.4357071325297504
0.6007660034494873,0.6008983001000229,0.08741681775789757,0.24663611367277288,-0.18265662568966873
0.38696904052025916,0.3861226300940381,-0.5504493631203796,0.9426231772643504,-0.03893296832172728
1.7674229990855395,1.768023063919806,0.3945030175274552,-0.4215096006031023,-0.16398027941217988
-0.633535308373411,-0.6333508971176879,0.11878282217237249,-0.5433475890037154,-0.06556104721720024
-1.6877775293308883,-1.6882677162998576,-0.3227747005688331,0.23754804513042904,-0.06804220433135928
-1.0745147815536467,-1.0744364685263517,0.048762144281612504,0.9435145609128887,-0.08776214032837945
1.3267817283217236,1.3254031336215402,-0.8950934290233264,-0.6169030742634983,0.2023377569222772
-0.9361215960443616,-0.9348449567962749,0.82950626643345,0.9463582769853649,-0.1700102430653787
-1.1387529428475407,-1.1401315539305446,-0.9002489092271703,-0.5499248491538405,1.6943221901243006
-0.8661014230986293,-0.8641508067784532,1.268605472221817,0.944670403933594,-0.05867395656092813
-1.2987015281895855,-1.3003003791561694,-1.044022238417541,-1.3208612544608562,0.07133566875784271
1.264978169303094,1.263784958375012,-0.7744841909367103,-0.5508815698237383,1.3597689797774184
-1.4020198877951389,-1.4032992576785897,-0.8361636761263717,0.22201339048067764,-0.04092390893939195
1.3896516483207144,1.389592787219816,-0.035435747043076046,0.23645909477444785,-0.16601933944054326
-0.6757022569460067,-0.675305887832786,0.25674041542317855,0.9435596745704937,-0.23259254414239425
-1.3611907980443054,-1.3566253604479908,2.970573766674039,0.9437214614805249,-0.18417539458985094
-0.9118255600490708,-0.9134351078606027,-1.0501816730373619,-2.1689669045661457,-1.4357071325297504
1.3448067139472544,1.3440769866673559,-0.47245633292437383,0.9422716018637051,0.06425910792194396
-0.6159582058484707,-0.6176788688611066,-1.1219322723819471,-2.1689669045661457,-1.4357071325297504
-0.9185782993945315,-0.9186303149246579,-0.035793873639668856,0.9442332681478364,-0.17187487022995895
-1.161082651150582,-1.1587000414147286,1.549342011241022,0.9485392889840584,-0.06444828584478936
0.28844210374582546,0.289263124302586,0.5353226236872115,0.1045763171615933,-0.07054140622453058
0.22557477981203847,0.2250781875177054,-0.32295383529245797,0.9469323093873036,1.5784987685721832
0.0272323296903622,0.03182396706386722,2.990534574649753,0.9462369368028409,-0.085124595129449
-1.6860655585625295,-1.6869017982053371,-0.5481510389031548,0.22197449939653555,-0.1369822825469596
0.6936969470843796,0.6942048851191769,0.3322614150032932,0.047474871780682645,-0.08591856540597989
0.27349475210393415,0.2736562260159291,0.10573670023897137,0.9456769051911941,0.06222907028308637
1.2996810470134597,1.3059968516860825,4.1161190395069776,0.9436265672352185,-0.0894192525343208
-1.0511873985493112,-1.0527966114948193,-1.0502543840216723,-1.3867365284242419,0.0702890715751428
-1.62811152732379,-1.6283896010414758,-0.18450340727569844,0.2221954007544629,-0.08783131198125901
-1.0909402001559487,-1.0898814887602473,0.6872494398156479,0.29198156213918613,-0.1686869592711605
-1.3814689923593753,-1.3795149949287164,1.2697321353519837,0.2466252241692133,-0.08982526006209228
1.2912438734834581,1.2902859626337184,-0.6211812944313375,-0.48983034593734825,-0.16227805525870823
0.8225955485423069,0.8248497099221582,1.469824478835667,0.9424318331303704,-0.34721598789020963
-1.3966306404542914,-1.396159657524363,0.3038311344366762,0.9469058634500866,-0.17018467592916203
-1.6435412792492103,-1.643801833006706,-0.1731250667604152,0.2334551474353062,-0.33173958242419377
0.14593633092384528,0.1449923746660319,-0.6144827414327605,-0.5498875137130641,-0.18367615570385043
1.4345731282338368,1.4350434189799397,0.3092881723770207,0.9424287218436392,-0.18342352879768156
-0.739486835903228,-0.7413604031911265,-1.2217747390871947,-2.1689669045661457,-1.4357071325297504
-0.6335380882424883,-0.63303501538174,0.3263232560508524,0.15697660829139742,-0.06621366672480321
-1.3853105382696431,-1.3870288486184201,-1.122005411918228,-2.1689669045661457,-1.4357071325297504
1.1964468886640176,1.19595730611413,-0.31636256313713623,-0.4257860642153763,-0.1594269801748017
1.1356784591015439,1.1342889168193213,-0.9026222300392142,0.22062108966838756,0.1048688830885997
-1.3734393600505432,-1.372375067745019,0.6902947301172702,0.23168793657188563,-0.052764291434476356
-0.856596756373955,-0.8583169021649079,-1.1220975505918624,-2.1689669045661457,-1.4357071325297504
-0.45636326332552546,-0.4549629639633566,0.9110457070351259,0.2357512770430604,-0.06814746554226303
0.9839397687557634,0.9831112865518453,-0.5375272355570793,0.9445739540449218,0.21078872842626165
0.5959791263645118,0.5965987357325482,0.40478769341429216,0.23490345140876093,-0.06886925670274574
0.12878469400707693,0.12717178033228696,-1.0502023863825978,-2.1689669045661457,-1.4357071325297504
-0.39525698228481465,-0.3968680068345436,-1.0500655354533852,-2.1689669045661457,-1.4357071325297504
-0.5485063564436865,-0.5489169015171943,-0.26852759220172057,0.9486808525303357,0.06500495878777596
0.25877514113749867,0.2613343804385495,1.6673415106785934,0.9434538908216273,-0.18228370025675264
-0.8199398474065781,-0.8216598340620374,-1.1219174159136402,-2.1689669045661457,-1.4357071325297504
-0.23567050022343758,-0.23460921851107225,0.6907081399180438,0.09401038742184635,-0.06783468937272057
0.574487265425029,0.5745287831835255,0.02823879041942776,0.9429840865251898,-0.06980758521137313
-0.5108779371905401,-0.5117117923383503,-0.5441457921878494,0.23418318853044764,-0.06354604689418612
-0.16488698343225996,-0.164375372234023,0.3328621020151291,-0.4828221725749276,-0.11245341294322382
0.6008037769000859,0.6002977042255917,-0.3283453047813323,0.10444097618877861,0.19727018148305503
1.0529350453834023,1.0548774172418125,1.2672403913454542,0.9470178697724159,-0.18145664788536636
-0.5183515829624039,-0.5197337033096592,-0.9012398642333788,-0.6146225010894011,0.20737525772981238
1.0586595459439192,1.0574845962011357,-0.7630214256832594,0.9669861080143755,0.05668030073687595
0.35843113816597005,0.35715655357359327,-0.8293735558567871,-0.5505299944230928,0.05765772626669628
1.54068057891411,1.540273015970782,-0.2622258783277287,0.14777031085326106,-0.13674469295663408
-1.4670821833237782,-1.46737274124056,-0.19229819621454425,0.9432314338203341,-0.07068877191979585
-0.9063734971862747,-0.9042106340732134,1.4067551996060166,0.9436701252494577,-0.08803281201356038
-0.39088746940007024,-0.39070387308144083,0.11875839471006001,0.9464593938041342,-0.0648603082988982
-0.3619842583834899,-0.35941555546253057,1.6722097182116167,0.2592586039419579,-0.1039362772495284
1.0037851729441223,1.0047272748187128,0.6156741182269542,0.31937333052220424,-0.1842144916110437
1.6326239851357793,1.635758294136187,2.04474423204914,-0.4171211306684991,-0.1692222877151852
1.0534457014546872,1.0522684583735982,-0.7645259288006572,-0.6060462392143682,-0.06223178548947389
0.7857285556961119,0.7856793926988902,-0.03037969089636366,0.23640464725664878,-0.0681805476371186
0.9743536758186555,0.973386155648726,-0.6281009802466381,0.9436747921795547,1.6933417571313114
1.0481074877636598,1.0476093712729917,-0.3222301538651187,0.23773938926440835,0.06664101875153663
-1.3914831831603596,-1.3905437332970216,0.6089487093048989,0.9677421506900994,-0.04231034946015253
0.8076576163005676,0.8069249405807509,-0.47549748055694874,-0.4184092033752881,-0.17294552711800815
0.9300125667240959,0.9309623064440595,0.6204946136406063,0.9439890321394232,-0.47310538866789187
-0.19465622565782698,-0.19206719980621237,1.6857949585237737,0.9441834875601344,-0.23212638735124913
1.3273205294158996,1.3300174863366911,1.7592650512242376,0.9437230171238908,-0.23159406637039323
-0.9860119057165768,-0.9876192646289833,-1.0489108735944859,-1.3719874736741626,0.10506136073139492
0.5407202595700012,0.5413594367922953,0.41741669142984283,0.945636458463686,-0.055516120233816496
-1.0613450112053493,-1.059837688702038,0.979486170960385,0.3460572811738352,-0.2800232457756111
1.1990627792435529,1.198822142622771,-0.15422163934632113,0.23795562369223902,0.07201535543396373
-1.2783247380115081,-1.2799242151055235,-1.0443875075469737,-0.550607776591377,1.6930019137932515
-0.518662640310415,-0.5189543425105713,-0.19106439509177892,0.9504153948830768,0.0684184294842252
-0.16884650949537594,-0.1683348016054711,0.332916813816683,0.24114158130516627,-0.07096846599448274
-0.7426209088620421,-0.7425825713252883,0.023419152109716432,0.22147669351951552,-0.041206610477247774
-1.5929902940128273,-1.594616951077076,-1.0627461025560399,-1.3209530374194318,-0.3319440899196639
1.7318741074607744,1.7331087713999038,0.8077355406361041,-0.5438002812231304,-0.18393179007318805
0.7970970285677855,0.7972673508044803,0.11259210325871281,0.1661611267224139,-0.06164533017158172
-0.70586689749296,-0.7074948770763181,-1.061756290355086,-1.3901947236261643,-0.1656253617654465
-0.014532536723827198,-0.014827639083478289,-0.19222691373680192,0.23068765788774892,-0.056225881541624494
0.3709731643311264,0.37025738773744366,-0.46540251034233987,0.9465542880494413,1.7072783414549642
-0.48052647294749795,-0.48136642088007625,-0.5480506148914258,0.29615379764595867,-0.184193439368863
1.3692421537747468,1.367405440302827,-1.1933720286973395,-2.1689669045661457,-1.4357071325297504
0.8727394531638843,0.8719017835065362,-0.5437429533356787,-0.5438531730975639,-0.19368499312921
-1.379070140595424,-1.3802194929572476,-0.7514369516702164,-0.5465662151273222,-0.06410844250672884
-1.1267592479415762,-1.12750591113481,-0.4886438836514222,0.22134757512016343,-0.03877056531061869
-1.5965343638827425,-1.5954785280941002,0.6843215727539139,0.22145024758229895,-0.08749447610636711
-0.5344622376514796,-0.5360906106778791,-1.061654866388759,-2.1689669045661457,-1.4357071325297504
-0.28077515254019725,-0.2798220182529631,0.6201789136890825,0.2215949224153077,-0.1844881707593934
-0.35321165660340065,-0.3531637819785958,0.03044311890447961,0.2223322973706435,-0.08821325980368105
1.0165084327987945,1.0166334069372462,0.0835152806194275,0.9478828074837379,-0.42040260409998287
1.3071248220239198,1.3116932387620837,2.9780819971953476,0.9431863201627291,-0.13365602828240203
-0.8918247139342383,-0.8929833039331522,-0.7564365818074936,-0.4888751809108162,-0.06763619680358779
-0.7799356494782911,-0.7812074194025469,-0.8299158169499927,0.16471437839232475,0.07259579582551853
0.6625352242636514,0.6612490769090034,-0.836269671313716,0.170954063932096,0.05837049503767287
-1.0773443164991967,-1.0763148389504573,0.6682381601556713,0.9453859998818107,-0.19671050107689983
-1.3604005025851247,-1.3616623841684985,-0.8246869115085548,-0.5503666518696957,0.05686977091650259
0.27043488436577806,0.2714779542134835,0.6799030590884914,-0.4228334531073019,-0.42754232166242384
-1.0445928195852194,-1.0459827857728703,-0.907447868076511,-0.6157270078790389,0.06626809331862071
-1.4367040365927193,-1.4380993221601313,-0.9117305307673185,-0.5517122833810152,-0.1355296778364882
-1.1241686510122004,-1.124412040819316,-0.16086262353020858,0.9450624260617474,-0.05077034335364292
-0.03386151585585532,-0.03280032142274399,0.6910724090928789,0.946408057573067,-0.19178728386977434
1.2882645789586167,1.2899673514848022,1.1116833114758073,0.9428160770416956,-0.04115849106654888
0.8003515983448886,0.8012908312337348,0.6133810794840309,0.09699877832733136,-0.03761569945384645
-0.5332990438338044,-0.5320182703787163,0.8330393917280376,0.9445039500934658,0.06549216782110175
1.618697372510538,1.6174181326626775,-0.8297756804556737,0.23262754516476072,3.2071994699591286
1.4335093595899613,1.4347754383977247,0.8275730684950011,0.9492626631491025,-0.06559412931205565
0.9420393213228602,0.9417802382376333,-0.1667719266499761,0.9491133213859964,-0.06560916662789897
0.4937504274025946,0.4961362493134872,1.554887188036611,0.9454342248261468,-0.06717004001244287
-0.7073793702134364,-0.7085673040965343,-0.7751630172578149,-0.543554489571352,1.4496079195521603
-0.9830076092589397,-0.984617288278807,-1.0504156624131973,-2.1689669045661457,-1.4357071325297504
1.631886171385094,1.6304877454918265,-0.9073725857803785,0.9472605501374631,4.588770907849486
-1.3229963405073015,-1.3223801131983413,0.39858068952575726,0.2222358474819709,-0.47182721682120377
-1.4845571507741413,-1.4812971051416193,2.120130380609237,0.96747146874447,-0.18564002915299704
0.7296861450543773,0.7298884937422246,0.13330987686479967,-0.40202827873460273,-0.2327308874481534
-1.0312932670329997,-1.0324813339270595,-0.7759255540638033,0.23453476393109302,-0.06671290561080372
1.1100256291955233,1.10998571598436,-0.02367870943662112,0.2333384741828796,-0.05871606104528966
1.043718820234248,1.0428707743371732,-0.550144091266802,0.15380465146876127,-0.1613998760134543
0.036462191858612034,0.03607341740012269,-0.2531280056975706,-0.5450167943350978,-0.060454374756785306
-0.5435923199790291,-0.5453136673375613,-1.1222269732869217,-2.1689669045661457,-1.4357071325297504
0.3746100523055486,0.37333468746306536,-0.8298479628880135,-0.5459859601519209,0.06521848867275204
-1.5562674913569696,-1.5563176495423428,-0.03591486814597689,0.9486621848099476,1.7041295275173585
-0.8269111063074162,-0.8281889401621115,-0.8339632046090536,0.24561094469478514,1.454591286022659
-0.19351440726550512,-0.1951264808879266,-1.0503278092592665,-2.1689669045661457,-1.4357071325297504
1.161573992151763,1.1601740500101398,-0.9093414963830269,0.14794143162348675,0.10249900211168159
-0.462526823742718,-0.459972214963765,1.6628205730922467,0.9437121276203309,-0.13575523757413901
-0.29263969561494974,-0.29245580059508725,0.11915794799712448,0.9474067806138381,0.19116503125063927
0.5021605846146336,0.5031952683971325,0.6749248565497341,0.23798362527282116,-0.28747573950759453
-0.6137650975160304,-0.6141666583228874,-0.26281242312454167,0.15932251848685333,-0.16480733178356616
0.06516665254497492,0.06486577569014068,-0.19582146481381282,0.09737368837846185,-0.1837633721357421
1.1578260881733857,1.1566504634085135,-0.7632541294031835,0.23599706869483877,-0.06425580820199413
1.5479165474152197,1.5481031703275465,0.12477526437439657,0.2344460922592489,-0.06791288341510626
-1.5447428784111756,-1.5441154052883532,0.40544223512374095,0.9423711630391091,-0.03914349074353477
-0.9470053173466839,-0.9430191911202692,2.5941395727565837,0.9498164721872872,-0.29168017301740606
0.3842665688850635,0.3844665098634541,0.1310209807909237,0.12231842974725443,-0.09190341711164861
0.9866459434467925,0.9858994299338364,-0.4841363740268146,0.2455938326177626,0.0537359942947404
-0.6309325244576427,-0.6318738313348335,-0.614378317602641,-0.5262448458413516,0.05521265871056124
1.0568847826839298,1.0600326626644008,2.0523814567135377,0.9659811624001421,-0.06741965945544312
-1.5641683129026351,-1.5649784701607263,-0.5309095360302499,0.1592151790946211,-0.2942274943212761
1.0786205969848859,1.0795662272774416,0.6181282925107456,-0.5494892690114481,-0.18460245435980327
-1.2428697945121974,-1.2442590319940354,-0.9073870136967152,-0.6145556084246765,-0.06073707629464113
-0.6541979594153491,-0.6554797529165473,-0.8361816753091283,-0.6841364248851288,0.06969660133091328
0.9036867720567693,0.9020558104819736,-1.0603397832422756,-0.7254107546635388,1.3550622999184374
1.75801062822549,1.7593714488191254,0.8899543789615119,0.24549582708572443,-0.08737417757962004
1.6925796484479174,1.6921787322818074,-0.2575799464166837,0.9441710424132085,-0.18612423072315423
-1.5026927207496628,-1.5017570091350398,0.6062819732437917,-0.5453185891480411,-0.21224404834312055
1.3573251930377175,1.3569250062132887,-0.2578045076491704,0.14550529411282082,-0.08827942399339203
1.084122047158754,1.0823993715377167,-1.1196955167978024,-2.1689669045661457,-1.4357071325297504
-0.6529584091259574,-0.6498125067765,2.047525534336999,0.946502951818374,-0.18137243891664329
-0.5269110711704793,-0.5262869486152685,0.4053839520557673,0.9456877946947541,-0.09174101410054
0.5888196950682827,0.5892948869457337,0.31071539328909087,0.9470894293672378,-0.16596821256667577
-1.5974194997277062,-1.5950462833064651,1.542313758926555,0.9503500578617178,-0.1830506033647655
-0.5531726680580913,-0.5529774577886204,0.1259837809309085,0.23850321015696074,-0.06707680865421384
-0.5768227319217115,-0.5759889080055723,0.5418557556252163,0.9461171522636835,0.0709567283985891
-0.5071593525619473,-0.5056575540862914,0.9770448532357053,0.24677612157568493,-0.08981924513575491
-0.6071601921959215,-0.606546977150649,0.39811256792342997,-0.4682411273083427,-0.07416239187961855
-1.611897743747072,-1.6122565555452162,-0.23705330698939264,0.171708550964454,0.05687578584283995
0.44271890317106727,0.4417740392468938,-0.6144545998533713,0.9435954543679046,-0.13654920785067007
-1.0538825969906769,-1.052870630042416,0.6568826757454758,0.2223509650910316,-0.28251342527927625
-1.4288016906593237,-1.4304249827604438,-1.0602119319044414,-2.1689669045661457,-1.4357071325297504
0.06429959703516833,0.06490064786692357,0.3915912925899392,-0.4000712793805684,-0.23287223821708114
-0.45590332023429675,-0.4559830171370358,-0.05285695604223305,-0.5451770256017635,-0.03152558653727399
0.14286431370581504,0.1434967302753267,0.4121833576180439,0.9436390123821438,-0.08639975951296831
0.5383830759794783,0.5371920333468453,-0.7745881862148594,-0.5459424021376814,1.3395407825048917
0.7983090185850317,0.8008848580329337,1.6792788258139277,0.2725500208583886,-0.42610475426779576
1.3814653697094341,1.3807737887412765,-0.44753560729397274,0.22193560831239312,-0.04008482671533093
1.1560792569606788,1.155599763559566,-0.3098758576625909,0.23666288405535302,1.7078888564782064
0.061084054435320334,0.06216369282222052,0.7032828546840113,0.9451853218876366,-0.18926101480808502
1.6622908211870235,1.660562568166628,-1.1221215495022046,-2.1689669045661457,-1.4357071325297504
-1.057830358289901,-1.0537951004636268,2.6259071303673185,0.968322405665501,-0.18354382732442864
-1.323121860786335,-1.324307853667103,-0.7751837306030506,0.9488333055801729,1.3452519550622106
1.1271482514207163,1.1253094839553432,-1.1952149450206921,-2.1689669045661457,-1.4357071325297504
-0.667546665027404,-0.668930420441358,-0.9026160874609719,0.22016373051887553,3.183103675051682
0.6363285178364841,0.6377177877954021,0.9061425010911872,0.943737017914182,-0.3269577159859962
-0.322046264504639,-0.32069896607757437,0.8768071187630975,0.9489562014060621,-0.051456044956101475
0.5078186264761955,0.5084470107632256,0.4103187279948583,0.23709379726764845,-0.06855347307003451
-0.09498807059536317,-0.09593244242755249,-0.6152561348886655,-0.614498049620146,-0.06991585388544565
1.573485336400011,1.5735331067891292,0.03439565372742649,-0.6805724459343396,-0.05901079243582004
1.114879180367763,1.1132630443496543,-1.0502433845210988,-0.6079083443230955,1.5822250154381747
1.5254289757122461,1.5266855077782777,0.8215471992392864,0.12110969485211551,-0.18403705128409178
1.265350465363933,1.2637166458446427,-1.0614464472804908,-0.7289669553974996,1.3481872391148402
0.04178074840536156,0.040406426946568166,-0.8949917193556861,0.23701290381263249,0.19682808439725938
1.225623251756856,1.2275157259491065,1.2351029933842692,0.9448679706410363,-0.20194348699039918
1.0456999318554396,1.0466208513293238,0.6019657406486367,0.9432314338203341,-0.0875125208853792
0.8596033037901423,0.8609813585711503,0.899304097299605,0.9442550471549556,-0.08925985698638096
-1.261535051497962,-1.26227419087746,-0.4840249505145121,0.9434258892410445,-0.1813092821901011
-1.117660776590142,-1.1188203211595364,-0.757529532182656,0.9488379725102699,1.7161804324342507
-0.1387835489000443,-0.1392876114674591,-0.3285794370078244,0.9480585951840609,-0.1628494732607569
1.1369948369971616,1.1371817528411359,0.12410858035911984,0.9689462186551416,-0.18513778280382778
0.8281602009281334,0.8308586691783151,1.7592077681108615,0.9432843256947673,-0.27943077553138157
-1.4160837108889417,-1.4178017789772621,-1.121911844738025,-2.1689669045661457,-1.4357071325297504
-1.1254854281000009,-1.1233328766849286,1.3995820967255561,0.2252164601706274,-0.06392799471660816
-0.14330398165344563,-0.14502642200838928,-1.122103550319448,-2.1689669045661457,-1.4357071325297504
1.2463993727379896,1.2465776022038777,0.1186795411475076,0.23571083031555243,-0.07070982416197653
1.5987271343466287,1.5984456696868952,-0.17997846987096144,-0.5258326003494446,-0.08798770006603025
-0.942700016059845,-0.9417755513408844,0.6001255384877636,0.9453082177135258,-0.21710410882370365
0.03794895287381907,0.03631734892375941,-1.0625646822219064,-2.1689669045661457,-1.4357071325297504
-1.5004277948922227,-1.496737389479917,2.400385370064376,0.9493886702617235,-0.1612675476340325
0.8745276413447048,0.874269525129922,-0.16628309170241287,0.24554405203006058,0.05558558414347732
1.3619025933669309,1.360268257008252,-1.0615815840018217,-2.1689669045661457,-1.4357071325297504
0.505180804892297,0.5053891779548826,0.1367650057007758,0.9461591546345568,0.0600125699277709
0.5232058857098096,0.5269174361246259,2.4183795530479504,0.9455804553025211,-0.31336698992674145
-0.588087443339669,-0.5899170565434665,-1.1928320532146428,-2.1689669045661457,-1.4357071325297504
-1.4847746115928897,-1.4845870165744643,0.11908009438916942,0.23286555859971095,-0.2017299571054231
1.685081660068368,1.6854776858861762,0.2614430590449725,0.2346981064844902,-0.06988577925375884
0.07646858249252998,0.07485586823943353,-1.0501816730373619,-2.1689669045661457,-1.4357071325297504
-0.3747239800902895,-0.37468658724446435,0.02357157376051988,0.9441959327070595,-0.18388367066248915
-0.7008021379043641,-0.7010952009499503,-0.1923307661642942,-0.5444909868774956,-0.18505056637193612
-0.3351844576546208,-0.33600813155757414,-0.5371482527645939,0.2369086757071314,-0.20038261360585546
-1.329507776074566,-1.3281121186310452,0.9062004984578472,0.9453206628604517,-0.0720722049773875
1.4763263930703892,1.479036699285114,1.7682702137781339,0.9461684884947508,-0.06971736131631288
0.1728191204174055,0.1710954671868305,-1.122233830118448,-1.3914065698080345,0.06751919799679058
-1.0850250739228098,-1.0854595221529884,-0.2852149773769056,0.2214269129318135,-0.1844671185172127
-1.3045287213777161,-1.3045904618623436,-0.04293297806381142,0.23984884166828024,-0.06762416695091307
-0.6800906463569093,-0.679455575098205,0.41219507137190126,0.2470965841090164,-0.0879305582658254
-1.443340901414426,-1.4432831998792757,0.03456850302215226,0.9464251696500892,0.19852730108756242
-1.2714458420922217,-1.2708300343776675,0.3984149827638716,0.9469774230449086,-0.06397611412730705
0.7762460671678834,0.7777525196502676,0.9827540225852986,0.26439378269209096,-0.12025777986594265
-1.4505761763739526,-1.4517627496630725,-0.7758277013638966,0.23261043308773818,-0.16274120458668456
0.7197379986259564,0.7183323658471313,-0.9139697148126289,-0.5507228942004381,1.692779361518769
-0.5333017173247453,-0.5349127268523959,-1.0503438085328278,-2.1689669045661457,-1.4357071325297504
1.3786585277427759,1.3790360241008255,0.24873563601883972,0.09954069958686428,0.07072515373460093
-0.30448231360742056,-0.30610954398991275,-1.0604307791106562,-2.1689669045661457,-1.4357071325297504
1.77862525381584,1.7772373228067795,-0.9002311957457273,-0.5497537283836149,0.1048688830885997
-1.6010087974138865,-1.6008678007192056,0.08848862623585378,0.9498351399076752,-0.16180287607805716
-1.2314393275332582,-1.233047663348715,-1.050059250024486,-2.1689669045661457,-1.4357071325297504
1.5181551221183287,1.5220462545435116,2.537415291149935,0.2361775233252585,-0.19302635869526966
0.7141238209664847,0.7142519160505647,0.0849169312639306,-0.5444054264923827,-0.15564359150860513
-1.0531850419909305,-1.0544553367750522,-0.8295252632543066,-0.5446045488431908,0.06990110882638324
-1.689535849601678,-1.6891388910067469,0.2550087797614719,0.23810963238544217,-0.07150379443850742
-1.038000388362804,-1.0391700883135628,-0.7639773822785523,-0.5455706033732824,-0.1844851632962248
1.58502188102467,1.5849405110684096,-0.049687814221166894,0.17109407183500772,-0.04034647601100591
1.1003656563135846,1.104263363952779,2.54082585058099,0.968232178350291,-0.1806777149246788
1.2015566747180968,1.2016245226438629,0.046695809531027886,0.9462944956073718,-0.0682647566058415
-0.38562415337460254,-0.3873359625974184,-1.115685270309509,-1.3229178149902947,0.1999257714609974
1.142261112089516,1.1432976878020134,0.6774927399563371,0.24674034177827397,-0.23057754381938014
-0.9473860955833914,-0.9481088799650723,-0.47271760677565755,0.09687899378817363,0.058307338311130656
0.19963659636716702,0.19936957764108604,-0.17348947878590723,0.23275821920747838,-0.1892459774922417
0.47185277730081754,0.47145546849840964,-0.2577777945763491,0.9432454346106252,-0.06600013683982713
-1.4688408330377862,-1.470219893372841,-0.9012302932393733,-0.5483287590606457,0.06845151157908061
1.5475467877600935,1.5490598477779198,0.9886668969714861,0.23217951987544272,-0.19432558278413842
0.16703255709734136,0.16800140407529032,0.6313468351869022,0.23424074733497816,0.06128472684812161
-1.6310648041691342,-1.632672016650275,-1.0501615310947534,-0.6093893168072296,1.5793619105015935
-0.008377857016676368,-0.009990597503483259,-1.0503758070799507,-2.1689669045661457,-1.4357071325297504
-0.42298331333327915,-0.42461208410928586,-1.0616812937602669,-2.1689669045661457,-1.4357071325297504
0.9392326111773569,0.9414636899406109,1.4550344360840741,0.24666567089672092,-0.13561990173154864
1.3079477363098084,1.3062206694715748,-1.1220884081498275,-2.1689669045661457,-1.4357071325297504
-0.5236271228227736,-0.5210281677678056,1.6915752675004525,0.9457329083523583,0.07498973650778609
-0.7885008386771395,-0.7887466846639568,-0.16176186841475265,-0.6002265773833327,0.05476454669842822
0.4795071897950787,0.4787903844269557,-0.46584606163169795,-0.549321259527954,0.056184069314044044
-0.7863067099919339,-0.787918075990176,-1.0511039168776506,-2.1689669045661457,-1.4357071325297504
1.4240100350217688,1.422393177909131,-1.0500679639145507,-2.1689669045661457,-1.4357071325297504
-0.35101195984525835,-0.3527334987097795,-1.1219498430127333,-1.3889999895213165,0.07217174351873513
0.3986054053435092,0.3992158320348837,0.3983952693732333,0.9440605917342452,-0.17846121456936315
-1.541190218451901,-1.543016980631544,-1.1929640472215242,-2.1689669045661457,-1.4357071325297504
-0.8018876359968571,-0.8036079178118216,-1.1220719803242958,-1.3968699893083276,0.056956987348394245
1.3990676171744794,1.3973401491638624,-1.1221595477769128,-2.1689669045661457,-1.4357071325297504
-0.7830106204991354,-0.7830808251639599,-0.047357348606162565,0.246296983419053,-0.13436278212704125
-0.039318281509632035,-0.04059167617837523,-0.8294285533596543,0.34461364413047757,-0.2790819098038149
1.6582639698269785,1.65997724463429,1.1192953944246085,0.23534680976798153,-0.06604524878735726
-0.9321740672416836,-0.930387386966474,1.1616980405833053,0.9470645390733868,-0.07330827233971404
1.4266993471331337,1.4250824276668463,-1.0501029623254663,-2.1689669045661457,-1.4357071325297504
1.600824989940922,1.604283136750251,2.2555895158726442,0.24588784921387746,-0.18626558149208197
-1.5598450253759395,-1.5614526818677326,-1.0503020961410428,-2.1689669045661457,-1.4357071325297504
1.4986781374399119,1.4970608357964892,-1.0502016721293137,-1.3235042925391587,-0.05396727670194749
1.1948919315865167,1.193714621350037,-0.7642745116446923,-0.6107396152486462,-0.059633337311736374
-0.12927689016251218,-0.1302207792645338,-0.6150132887721086,0.9452257686151446,1.5836174708852722
0.17853432484480664,0.17872602543384639,0.12522481539134026,-0.5402969723636032,-0.060667904641761555
-0.914468906496642,-0.915749913260816,-0.8362123882003399,0.2457820654650108,-0.08879370019523586
0.07878517807524595,0.07896842724145782,0.11951236047664053,0.24831154157761787,-0.08803281201356038
1.392049833302119,1.3902127938615965,-1.1935367355046278,-2.1689669045661457,-1.4357071325297504
0.23795631492762226,0.23754223366833271,-0.269189562145323,0.9438132444391009,-0.028376772599668483
0.8883241688625049,0.8902566665702939,1.2604659846481177,0.9452351024753387,-0.18486410365547823
0.2267267953712589,0.2259019580854705,-0.5367334144572522,0.24674656435173656,-0.08708245365225827
-1.3461748899704742,-1.3461177912471203,0.03437865449926755,0.9454155571057588,-0.06947977172598735
-0.8905090067692216,-0.8900140980854526,0.3204698075378929,0.945697128554948,-0.16798020542652128
1.5424920623714777,1.5429893424965442,0.32709122118179906,0.23345670307867178,-0.07033389126589186
-1.3038114973895285,-1.3050719749228878,-0.823654386961218,0.2364108698301117,0.19807317414909206
0.5882713089749996,0.5866569678741501,-1.050173244848611,-2.1689669045661457,-1.4357071325297504
1.0265137075765824,1.0265623846752299,0.03384482159481287,0.24445199038734827,-0.08469452789632807
-1.277313766262483,-1.2771263411162563,0.11940236547090609,0.9450204236908742,0.08162420025788934
1.4183357184019982,1.418960625038359,0.40995374456673894,0.944676626507057,-0.039675811724390685
1.0595562816118291,1.0600548747868161,0.32693865668033867,0.9493062211633416,0.08208434212269691
0.32106167378491307,0.31933773356378914,-1.122111407105572,-2.1689669045661457,-1.4357071325297504
1.0959774121033548,1.0943422866853139,-1.0626503926159852,-2.1689669045661457,-1.4357071325297504
-0.7066185145197044,-0.7033848327576498,2.1045832293766145,0.9439283620481619,-0.1862926486606002
-1.0597962828419132,-1.060295992540251,-0.32766633560957087,0.23843165056213914,-0.0660392338610199
-0.05150596999808805,-0.049256390662753044,1.465016268578499,0.9469743117581768,-0.17562216933813135
0.9603202145803753,0.9634493311774611,2.039959592150344,0.9680190552091917,-0.28052549212478034
0.40357587727395927,0.403308728691555,-0.1731484942681302,-0.47482927696202754,-0.0880779239610905
0.9155422725512433,0.9160246087173036,0.31605015106721634,-0.5494690456476942,-0.1838235213991157
0.3948665612729831,0.3941430581369413,-0.4703848555501444,0.3454054666036121,-0.278745073928923
0.8111652590064867,0.8108772088621948,-0.18591091479713032,0.946442281727112,-0.0664241891466107
-0.8782745849396979,-0.8799034031648119,-1.0626622492204993,-0.7248756133457425,1.3560968672484628
0.9133479339611371,0.9116223814422151,-1.1219255584010777,-1.3713029905932603,0.10638464452561312
-0.7338787606200754,-0.735708874425229,-1.1934623103124362,-2.1689669045661457,-1.4357071325297504
1.1762552194738352,1.1758747123179618,-0.2453652153058476,-0.5442218605752318,0.073834870651014
-1.7172326823218849,-1.7190597426793752,-1.1935255931533975,-2.1689669045661457,-1.4357071325297504
0.7698610733117179,0.7713374569079271,0.9631571980831065,-0.41397561978307984,-0.18372126765138055
1.3492030924658789,1.347366276064266,-1.1934808808978197,-2.1689669045661457,-1.4357071325297504
1.1416966495180974,1.1453782104736643,2.4001383812787718,0.945412445819027,-0.19613908307485117
-0.9475245139373099,-0.9478045609471789,-0.18436841340502425,0.9482903860455483,-0.1663020409783991
1.4678051042641307,1.4705858032927677,1.8140984186868496,0.37136137616010134,-0.32886444763493783
0.5125265426894688,0.5108933701836885,-1.062595966515745,-2.1689669045661457,-1.4357071325297504
1.0955516479783916,1.0953017766768718,-0.16045207074257076,-0.5370254543655633,-0.20536898753952315
0.301191383692695,0.3017122032070249,0.339831928410966,0.946406501929701,1.701618295771513
-0.7768633929642876,-0.7780220845809601,-0.7562628754088271,0.24571517280028624,-0.0874613940115117
0.5898385194978112,0.5886725193748952,-0.7581709316316795,-0.5467855608418839,-0.06340168866208962
-0.93378176418658,-0.9351714896912686,-0.9070598856926475,0.9433403288559322,4.581192100664419
0.11383961315456245,0.1135917236302029,-0.16120989347688472,0.9449473084526864,0.07613257251188378
1.191858233308622,1.1924662658539351,0.3984912650146018,0.9675150267587092,-0.18388367066248915
-1.200951748845465,-1.2023405189927603,-0.9069951743451179,-0.5003496063761242,-0.28046835032457534
1.6919363943324695,1.691180570342471,-0.4887284512402467,0.9529199807018328,-0.15969464439681405
-0.2435812469589105,-0.24475387953287928,-0.7642296565384578,0.9439283620481619,4.582328921742178
-1.1211952877813143,-1.1216964190190335,-0.32872028775542733,0.24423575595951794,-0.08752154327488515
-0.9886449964344404,-0.988019631610283,0.40522953049576865,0.09760703488331506,-0.18460846928614064
-1.4056092633457284,-1.4067694524968746,-0.7585502001254785,-0.5264921931364959,-0.08882978975326003
-0.9777705085350332,-0.9789411522450736,-0.7644663600767723,0.9439703644190351,4.582410123247732
0.9473835584291156,0.9501936703830234,1.8321687410704974,0.9428580794125688,-0.08869445391066948
0.34760126130897256,0.34737007075731446,-0.14984626657925174,-0.41986372992220533,-0.6824518923763818
-0.7729695781017978,-0.7724906230073972,0.3103246967427478,0.9466616274416741,-0.03985625951451136
-0.6256245936610472,-0.6250104993607827,0.39864668652919805,0.2335204844566652,-0.05846343413912064
0.08391276678464522,0.08396556630731612,0.0345627889958803,0.9433107716319842,-0.06772341323547945
0.027982519714722376,0.029039381086966045,0.6883793885109211,0.2326073218010067,-0.0695038314313368
1.6462198942355495,1.6474676350094077,0.8160735906227532,0.9485688462080064,-0.1677666755415452
-0.9291995599523224,-0.9309193384556805,-1.1220098402885885,-2.1689669045661457,-1.4357071325297504
1.355358052484903,1.3559546536231073,0.3913873018520317,0.9450204236908742,-0.07632475789789793
0.43081203541616364,0.4340765248412383,2.1270213534425215,0.9480337048902099,-0.0701985554233013
-1.2147311832610825,-1.2154615708598584,-0.47822735660836074,0.9462602714533267,1.5862159190630098
0.7288083600483166,0.7271920850878608,-1.0511394866911934,-2.1689669045661457,-1.4357071325297504
-0.3943776059934331,-0.3917896109249317,1.6847068650709427,0.9454995618475058,-0.0787367433591774
1.2641004553620152,1.2623735858160603,-1.1220514098297167,-1.3963301810604343,0.05800057706792555
1.0828320859154796,1.082572422110391,-0.16685635138814378,0.2501720910429796,-0.09542515648217036
-0.6829116282809452,-0.683761592320834,-0.5549962995262636,0.9429249720772938,0.007983457109645743
-1.5869741664547772,-1.587354036027379,-0.25071597235753446,0.9447497417452442,-0.06510992774189846
-1.6944037153230413,-1.6956612354270557,-0.8225432945526422,-0.4255122709830151,-0.1352439688354638
-1.6676249208764249,-1.6693390467595441,-1.1198692231964689,-2.1689669045661457,-1.4357071325297504
-1.7075779042023913,-1.709404109815874,-1.192948762201247,-2.1689669045661457,-1.4357071325297504
-1.4942677309160084,-1.4958769784512682,-1.0512014838762436,-1.3976524779212682,0.05544423337454941
-0.1926374098963277,-0.19356152598959345,-0.6022675817699539,0.23794162290194762,0.20063854023197417
0.04892456448782869,0.05160039328118902,1.7428369399911412,0.9432143217433112,-0.18161905089647495
0.7236067396133231,0.7242438446586781,0.41644873537937876,0.9451806549575396,-0.07231280203088179
0.18282261001652642,0.18119399117162843,-1.0603182127930992,-2.1689669045661457,-1.4357071325297504
-0.9646290821477097,-0.9655707271365832,-0.6152948474166577,-0.42313680356361116,-0.1699140042439811
0.3529432471467878,0.35264015660343,-0.19666271233169688,0.9464345035102831,-0.034908982602036426
-0.45368357130708525,-0.45420432643621533,-0.34010819926471597,0.9497091327950549,1.705594162080505
-1.5486923985687027,-1.547187501056076,0.9768898602730794,0.24572295101711472,-0.08805085679257246
0.11307233134403773,0.11367563399678655,0.3931596499509258,0.17010779394116207,-0.05735969515621589
1.294850464306585,1.2970729565855548,1.450184227733808,0.9442643810151503,-0.13840180516257541
-1.65708915763332,-1.658473343658949,-0.9049614095442832,-0.5266539800465274,1.4540078381679358
-0.5567500395488156,-0.5559435626687412,0.5240868481274128,0.9444930605899058,-0.034578161653481876
1.2572007937724674,1.2608596777835137,2.3856101837810906,0.942161151184741,-0.16976062362237845
-0.005953515515856094,-0.007676118694069635,-1.1219229870892553,-2.1689669045661457,-1.4357071325297504
1.193643472073356,1.1964665131532712,1.8411031925492785,0.9448617480675741,-0.21084257050651664
1.4842398519000028,1.4848659903923607,0.41089355903781377,0.9460549265290557,0.06868007877990034
0.36614834841593413,0.3657513442878343,-0.25779993642815285,-0.5445641021156827,-0.19689094886702052
-1.303191474723746,-1.3025648478994671,0.4053950944069976,0.9437199058371597,-0.07377743659402791
-0.9171008904432126,-0.9173738080380414,-0.1796616271141832,0.2323693083660565,-0.07027073453934964
0.07263180166477014,0.07676443548136665,2.6916858580044583,0.2458334016960784,-0.2328752456802499
0.28705211568910477,0.28664496561939623,-0.2645729146189217,0.9442846043789036,-0.06556405468036884
1.7595232119301665,1.7605274951475025,0.6577490649789562,0.9505740705063769,-0.18067470746151001
0.5359553334489978,0.5352194558435388,-0.4781497887017193,0.94639250113941,4.5857333700491205
1.655070928067368,1.6534356416655802,-1.0615885836840049,-2.1689669045661457,-1.4357071325297504
-1.540310269473273,-1.5386118309281047,1.102958279059892,-0.4993586615521816,-0.04272838684059874
0.10072688956250414,0.09989546114010048,-0.5412890647532007,0.3707873437581627,-0.2814728430229137
-1.0441550818881455,-1.0446380811654996,-0.31675040267034316,-0.4091826825733977,-0.18683699949413082
-0.0861958053102416,-0.08615189286024648,0.02841978220159102,0.9447497417452442,-0.061007747979822065
-0.6422729189846792,-0.643462085762902,-0.775830129825062,0.943797688005444,4.582076294836009
0.25218923012717587,0.2513432585469984,-0.5504447918993621,0.271260392508234,-0.13644394663976633
-0.6647274851709348,-0.6649840996657047,-0.16851699027342176,-0.4762262447044146,-0.18504154398243017
-1.4358671422456624,-1.434792043729628,0.6972024164773997,0.23618063461198996,-0.07911568371843085
-1.6478598567468254,-1.6494862919514415,-1.0627161039181123,-2.1689669045661457,-1.4357071325297504
1.6215472662573942,1.6199316412571625,-1.0488533047797963,-1.3719019132890498,0.10522677120567228
1.1073903751631016,1.1065556841576787,-0.5413133493648564,0.24529981602164774,0.05797050243623875
0.6345764977834142,0.6334110059686581,-0.7577465223303322,0.9489904255601072,1.7121504317882221
0.5513146367276662,0.549938441918996,-0.8951485693768505,0.2346063235259146,0.19982051025009365
-0.8804687612208946,-0.8814268968237623,-0.625859367740162,0.17248170571720045,-0.18406411845260984
-0.32755360166651687,-0.3288365801195658,-0.8362718140735679,0.9434741141853806,4.581450742496924
1.461379068187534,1.4624349058444595,0.6907037115476832,0.9445583976112648,-0.059070941699193656
0.2626876392908104,0.26151167340158354,-0.7653441773627966,0.9440419240138571,4.582548466553492
0.4057529670330644,0.40391901306081507,-1.1935853047279392,-2.1689669045661457,-1.4357071325297504
0.8143948027237939,0.8134592791523604,-0.6075957684178667,0.9440325901536624,0.0564607559255625
1.1298970894472427,1.1309618648402846,0.6958330500813329,0.234962565856657,-0.06522721880547692
-0.31158402193340035,-0.31330578275327353,-1.1220121258990974,-2.1689669045661457,-1.4357071325297504
-0.09590105448178173,-0.09762357082302929,-1.122054123992196,-2.1689669045661457,-1.4357071325297504
0.39685097544180803,0.3950172783194868,-1.1934365971942125,-2.1689669045661457,-1.4357071325297504
1.6200861099113113,1.6197035826166593,-0.24575476904693605,0.2335593755408073,-0.06802415955234736
0.21908645155005788,0.2173627621619519,-1.1221608334328241,-2.1689669045661457,-1.4357071325297504
-1.7009917517027315,-1.700813217135005,0.1127279542333279,-0.5262868482122252,-0.18440095432750173
-0.017735567938799993,-0.015799302423571412,1.2610292447878726,0.28757598012756036,-0.16659977983209806
1.7904785607273375,1.7886411628815642,-1.192938762655271,-2.1689669045661457,-1.4357071325297504
0.2352466981910331,0.23341324861863688,-1.1936125892033878,-2.1689669045661457,-1.4357071325297504
1.803648989742736,1.802682290779899,-0.6258356545311335,0.22276943315640155,-0.13778828267616522
-0.20123904161271777,-0.20195347245227824,-0.46572006735240207,0.9439299176915271,1.6939402423018786
0.8395934484341587,0.8378679179297218,-1.1220651234927694,-2.1689669045661457,-1.4357071325297504
-1.3268962998586924,-1.3286050860578273,-1.1156805562378347,-1.3209779277132827,0.20367607803233856
0.5229600149098419,0.5212356570229997,-1.121962128169218,-2.1689669045661457,-1.4357071325297504
-1.45364594429757,-1.4532664458659021,0.24412941659038442,0.9444666146526896,-0.062153591447088354
-0.014295772111683652,-0.009740603103498127,2.9666965141472246,0.9440605917342452,-0.1849513200873699
1.3436007429585086,1.3446604350991256,0.6929683230099036,0.23696312322493043,-0.06227990490017278
0.6155285106866385,0.6154794797728704,-0.030648821533771367,0.9469976464086626,-0.06043031505143603
-1.0101521286682662,-1.009982895345629,0.10811173525889685,0.9437307953407197,-0.03719164714706288
-0.9006652764287032,-0.8975406613993835,2.0331444730158195,0.9435332286332767,-0.18551371569991262
0.8582653736840619,0.8584552405888355,0.1254489480718565,-0.54228197329822,-0.1991706059488782
0.15384923921918564,0.1530247071519494,-0.5366867022924792,0.29563265711845355,-0.18509267085629763
0.14153630506082346,0.14125976775930002,-0.17981004894659652,0.16146463940140474,-0.06317612892443882
-1.4310322930078352,-1.4300874721156043,0.6123642685089419,0.9453113290002576,-0.07003013748585535
-0.9331524078811639,-0.9318953738135093,0.8167438459044498,0.24613830779575321,-0.08592458033231724
0.042792713090106425,0.04385379243188714,0.6911574052336739,0.29558909910421444,-0.1863558053871424
-1.6295166853414536,-1.630473657429965,-0.6266646168925329,-0.5440040705040355,-0.17333048240359894
0.3314550708388841,0.32984145693317496,-1.0502355277349749,-2.1689669045661457,-1.4357071325297504
1.1228628785972379,1.1212469231753086,-1.0501091049037086,-1.3865716302274789,0.07686639352504121
-1.4196748630640799,-1.4201844507791095,-0.33485072369191826,0.9478734736235438,0.20269263757618103
1.0573580046179711,1.0571266682575966,-0.14846018665633964,0.23689934184693734,0.06790716074554998
-0.5418354644364782,-0.5416501285725513,0.11957635757088615,0.22159025548521066,-0.08943128238699552
-1.498656430029857,-1.4993455585204152,-0.45194826408246647,-0.5240965023533376,-0.08932902863926054
-1.6724526618613675,-1.6703324901307999,1.377352248917261,-0.47673494008499423,-0.32912910439378157
0.739677789393161,0.739711985503298,0.023814991279703886,0.9485672905646405,-0.1813513866744626
0.3788366572403401,0.3784324711097825,-0.26245101096284257,0.23101745428127438,-0.054246970776634554
-1.2625227490267303,-1.2605692083642754,1.2696828518753884,0.9442597140850533,0.05539310650068192
-0.22114661669345134,-0.2219903264283195,-0.5499593853675622,-0.6130979705910277,-0.07207821990372486
-1.214733249190295,-1.2154443834981068,-0.46568792595462244,-0.5424157586276688,-0.1880520146142765
-0.3293098206949394,-0.32779989143265886,0.982711453089573,0.9432687692611103,-0.06938353290458957
-0.10070065044383292,-0.1001890433257005,0.33299338176872656,0.23909746592265338,-0.06938654036775833
0.8120431260443474,0.8104104820959185,-1.0616267248093698,-2.1689669045661457,-1.4357071325297504
-1.6171360530143442,-1.6178810268446053,-0.48856688714740804,0.1714643149560412,-0.18592573815402147
-0.3962161678409545,-0.39560836958936957,0.39502485097673873,0.23571083031555243,-0.18520093953037015
1.6429884811144118,1.642232983058704,-0.4886183133838553,0.9437836872151528,1.452446964783392
-1.4763146729223322,-1.475249308997267,0.6907779938892181,-0.48219058136845877,-0.07495636215614944
0.026095477073321268,0.028912412059378837,1.8346900551629841,0.3712680375581602,-0.3283862609911182
-1.6939702204685927,-1.6956874203763035,-1.1219262726543615,-2.1689669045661457,-1.4357071325297504
0.6208043049771903,0.6223114574948091,0.9828855880402096,0.9461187079070488,-0.044496775183781194
0.6014601854946282,0.5998457255891783,-1.0502230997278335,-2.1689669045661457,-1.4357071325297504
-0.8036424593879954,-0.8027964800496178,0.5492991319483387,0.29504306828285826,-0.1830205287330787
-0.47819189112492505,-0.4775678825509138,0.4054113793818726,0.9431412065051241,-0.08800875230821094
0.40167563124145467,0.4014279971190562,-0.16044292830053566,0.23650887536214987,0.06436737659601631
0.7449406579724462,0.7462809429190012,0.8744657964981766,0.9462431593763039,-0.07808412385157443
-0.9146309642658628,-0.9162484390919255,-1.0553502955016314,-1.4437088554058004,-0.03359472119732435
-0.7891654287373954,-0.7889521521700218,0.13725769761607245,0.9440948158882903,0.20171821950952948
-0.5502616981266529,-0.5518899303854695,-1.061596154768815,-2.1689669045661457,-1.4357071325297504
0.9437939087080709,0.9452804631786433,0.9701443094084158,0.9447326296682219,-0.06889933133443255
-0.582213054230079,-0.5793840465992474,1.8412834700781577,0.9429887534552869,-0.08310357988009753
-1.1289533068778181,-1.1296825695041313,-0.47731568371667515,0.2975414315281517,-0.18510169324580378
1.0681733989141904,1.0698635028281331,1.102973135528199,0.2846902616842105,-0.17196208666185062
-0.8102703603711785,-0.8118708341497103,-1.0440599509909356,-1.3191547136886974,0.2072008248660291
1.3435625887399825,1.345346652816305,1.1647429023329572,0.9440714812378052,-0.087542595517066
1.1812635376745568,1.180086307293106,-0.7642509412863208,-0.5457355015700451,0.0719371613915782
1.4398581809316493,1.4382407459788058,-1.0504112340428364,-2.1689669045661457,-1.4357071325297504
-1.1320260840963496,-1.13164920695906,0.2430933207766279,-0.425106248064571,-0.1839708870943808
0.3704982162199007,0.36953725941102,-0.6250864028362275,-0.5445952149829963,-0.028548198000283038
1.6896390981564213,1.6905595995011233,0.6030371205746227,0.23574038753950047,0.0893984925489212
-1.4824187635744728,-1.4837963681042414,-0.9003104778602503,-0.5498159541182425,0.1036598828947912
-0.7073933015819321,-0.7050039734344178,1.5546643410120062,0.9437385735575479,-0.20129988987230218
1.3980720079637248,1.3991280609552175,0.6907118540351206,0.16130596377810458,-0.17904466242408673
-0.30623717757578617,-0.30795885836096476,-1.1219488430581357,-2.1689669045661457,-1.4357071325297504
0.2963556733403029,0.29474220237884263,-1.05021567149368,-2.1689669045661457,-1.4357071325297504
0.18105130985838852,0.18066534616751542,-0.25099567394354516,0.24614764165594724,-0.04043970736923493
1.361582889340778,1.362070594944719,0.32047795002533036,0.9463287197614169,-0.19205194062861808
-0.42332842506450075,-0.42505000201379917,-1.122125549320595,-1.3966942016080048,0.05729683068645492
0.015009551112384785,0.015165608272189296,0.10166945633861568,0.9481208209186881,-0.05105304489149875
0.9203721496530352,0.9204516027172543,0.05366735013474606,0.23835697968058608,0.07048756414427557
-0.9579847162416907,-0.9591266236946857,-0.7457094974365529,-0.48206457425583815,-0.05101996279664318
0.3090062214356196,0.30785918008603275,-0.7464093228042069,0.3587124399536997,-0.29752968888048437
1.3576355035454095,1.3578161259891985,0.1204701741304719,0.9449753100332692,-0.16413065257061374
-0.15258249218855732,-0.1525387370584293,0.028178793143572543,0.2959577865818823,-0.1830806779964523
-0.8089333161646721,-0.808409870730736,0.3392256702235146,0.049338532532775835,-0.3135955571275608
-1.1109544683402393,-1.1127826368278393,-1.1929821892549377,-2.1689669045661457,-1.4357071325297504
1.110904588528477,1.1104068448406823,-0.3218563136962781,0.2455502746035235,-0.03850590855177512
-1.2313610202839205,-1.2311945715789048,0.10583655284807338,0.24679790058280449,-0.18245512565736738
-1.0983959204441285,-1.09349505189484,3.1895842511894665,0.9469463101775947,-0.3324493437320018
1.4278526727884562,1.4262200070292246,-1.0603559253664938,-1.496826298127186,-0.13628455109182633
-0.6734119663734248,-0.6750401188120436,-1.0618011454613203,-2.1689669045661457,-1.4357071325297504
-0.4550643707055091,-0.45501961090724624,0.028201934949974024,0.096777876969404,-0.0879305582658254
-1.551286776637657,-1.5512422528285628,0.025760760075951045,0.24705924866823983,-0.09047787956969543
-1.3334749642148855,-1.334854437198719,-0.9012165795763206,-0.486558827939308,-0.03806381146597946
-1.2654951877548426,-1.2663345082923512,-0.5492799876438302,0.9442830487355384,-0.031140631251683187
1.5131054798499486,1.5141705046894853,0.6967951492548683,0.9458838057588304,-0.06388288276907804
1.5403497764679392,1.5390715118879383,-0.8293039875869265,0.22135846462372336,3.185413406765227
1.1161332140952782,1.1153879421349475,-0.4830575658666752,0.167175406196842,-0.1601066668509229
1.3385394499811458,1.337142163989204,-0.9072423059813787,0.1706724924829063,0.0675312278494653
0.7262446702073947,0.7254259899567238,-0.5316810724276165,-0.3440136706980339,-0.3141699825927783
1.5330391412624613,1.531311090479285,-1.1222595432366715,-2.1689669045661457,-1.4357071325297504
-1.1865911629931654,-1.18596487728837,0.40541623630420387,0.04713729717032868,-0.038800639942305495
-0.15176309320657436,-0.1534857189952328,-1.1222419726058854,-2.1689669045661457,-1.4357071325297504
-0.42609027960754847,-0.4266074301895805,-0.33770302275620623,-0.5245289712089986,-0.1862986635869374
-1.526880862336131,-1.5277010464530378,-0.5373621001978206,-0.4728084962300001,-0.06761213709823835
1.0345857036074386,1.0347556174155306,0.11282166426418737,0.09639518870144469,-0.05499883656880391
-1.3628418825733732,-1.3626543656675718,0.11928365657510688,0.23675622265729415,-0.056655948774745425
-1.1927493904660038,-1.191026636588076,1.119519812806438,0.9449846438934633,-0.06489639785692237
1.2169438830656745,1.2168925319803847,-0.030904952761410275,0.23480233458999128,0.07717315476824615
-0.8927610450799226,-0.8930624737980891,-0.19817978630689287,0.9444588364358607,1.5025482937103947
-1.0360478246854041,-1.036538602795595,-0.321799744836186,0.24599829989284114,-0.08893204350099501
-0.2158835794445023,-0.21439948986955704,0.9661190636011585,-0.529181900515769,-0.21774169101546348
0.053170698913133994,0.051558223587620466,-1.0500746778954202,-1.3859975978255406,0.07797614743428316
-0.00019210766404238473,-0.0014281256795924218,-0.8050039480603133,0.26266235162608137,-0.7301352209157677
-1.1523030472764084,-1.15401252402571,-1.1157659809306,-1.3211179356161946,0.20340540634715779
0.682283360232014,0.6841114679265805,1.1920480911266322,0.9448430803471853,-0.18214234948782473
-0.6134597347980377,-0.6134217455054134,0.023461864456099074,0.2205075277026924,-0.057338642914035204
1.6748201383452412,1.6735504725398969,-0.8234231117478618,0.23772694411748282,0.1967138007968497
-0.9456307558744523,-0.9455635962133412,0.041767033319522515,0.17084205760976642,0.05409688987498176
-0.03659440374199205,-0.03556123121169107,0.6728163808553941,0.9449286407322983,-0.06807829388938345
1.3909681931313052,1.3904781281590584,-0.31627085301547186,-0.5381906312464627,-0.19054219411794185
-0.49021500934611073,-0.49058994231202463,-0.24521222225241673,0.23409296121523795,-0.06409641265405412
-0.22066614591191624,-0.22249805075839063,-1.1935578774018338,-2.1689669045661457,-1.4357071325297504
1.011158154072393,1.0113102822188693,0.10118919243046029,0.23563149250390233,-0.29505153922949395
-1.3748019769030644,-1.375298621068185,-0.32632711070208864,-0.50132499476641,-0.03851192347811248
0.016139867505778758,0.017211534691318843,0.697997523233138,0.9462369368028409,-0.07011133899140964
-0.9742532167837895,-0.9747559271191397,-0.32944211212422825,0.23456587679840696,-0.07049930174016905
0.6372078982952565,0.6378181797015794,0.3987985367773745,0.23798984784628407,-0.06480316649869336
1.6142556137368753,1.612629686433783,-1.0555782851498812,-0.6661314085706664,1.469664691424072
0.1218446359233539,0.12290976710736182,0.6939612779253074,0.2371606899323727,-0.13996869347345667
-0.9144610193803289,-0.9147055241375135,-0.16115118185694075,0.23143592234664434,-0.2002141956684095
-1.2827453891695182,-1.2821464196215828,0.38742491033376547,0.232426867170587,-0.15672627824932905
1.427112802320686,1.4265931158518859,-0.33548755191992435,0.9427647408106277,-0.0874162820639814
-0.54236206538408,-0.5402272378206844,1.3892555655962773,0.9477956914552597,-0.15940893539578962
0.9644082895190388,0.9645876935681498,0.11885610455931013,-0.6103880398480008,-0.06574149500732092
-1.5036347785484745,-1.505013267239372,-0.9009305925614108,-0.5437084982645548,0.07407246024133937
-0.9145847114907688,-0.915516361797348,-0.6086810048575618,0.9451713210973456,1.7081384759212062
0.9010538160114335,0.9009886696705289,-0.04054880060185086,0.9448353021303572,-0.08661930432428193
-1.6698296941747117,-1.669303884621017,0.3389689675932484,0.09748413905742587,0.055230703489573325
-0.26751587255710757,-0.2677596853659243,-0.15935054932800058,0.24623320204105992,-0.0896448122719716
-0.3298395667066644,-0.3292160661265782,0.4053900946340096,0.9431256500714671,-0.039020184753618944
-1.573372970471289,-1.5731954780093647,0.11231554438715158,0.23633619894855865,-0.19945030002356526
1.4419039776979568,1.4407171070083578,-0.769985680903481,-0.5493912634794099,-0.18546559628921372
-1.290177280097104,-1.2893295239075409,0.5494411255011961,0.9440434796572222,0.05629835291445391
0.2620783687129272,0.26377081294632004,1.1028152855524374,0.2363470884521186,-0.06847828649081758
1.5848454806312708,1.5834470545509252,-0.9074708670322555,-0.6154298799961926,0.06179900304996544
-1.4903181638204996,-1.487914574999543,1.5623184220539055,0.9434694472552836,-0.08701328199937869
-0.03721660661123257,-0.03893957680913329,-1.1222272589882354,-2.1689669045661457,-1.4357071325297504
-1.5860086629146724,-1.5876333378390854,-1.061440590403562,-2.1689669045661457,-1.4357071325297504
-1.370298164362645,-1.3705692243860137,-0.1793974962497635,-0.41078343959669,-0.18625655910257602
-1.1330439908225314,-1.131546835987211,0.9727144784255273,0.9477832463083345,-0.06756101022437086
-1.0176126206190448,-1.0166465068466113,0.6270947425366495,0.9439283620481619,-0.0870463640942341
1.5276935576502675,1.5260856822106892,-1.0440019536242757,-1.3179942037378949,0.20944439238986276
1.5599984683995745,1.5613674099977028,0.8948303004300017,0.2213755767007459,-0.04118856569823569
-1.1659072898419924,-1.1657105112077617,0.125726649748672,0.30569455840771786,-0.19920368804373378
1.3632714363014804,1.3623313012597285,-0.6094538269108397,-0.5452205836160026,-0.19540826952486232
0.24165077803958443,0.24091725194379357,-0.47723240178376186,0.27110949510176235,-0.13602290179615137
-0.4971576516508745,-0.4905057590918784,4.331259556879088,0.9474783402086594,-0.18245512565736738
1.4129271497208462,1.4183553717904969,3.538283561537598,0.22124801394475968,-0.23294441733312948
1.1381796641797541,1.1377792341491768,-0.2584201939799701,0.2335189288132993,-0.067503868424166
1.2603970751301747,1.2591089635656219,-0.8363013841595252,0.9426107321174245,4.579781600438308
0.14505131373985466,0.14376666623496157,-0.8363726666372675,0.0941457283946614,0.20508357079527983
0.7864738104329457,0.7861862162174006,-0.1856654973687511,0.09959981403476037,-0.05943183727943485
1.088952671978211,1.0875668558902032,-0.9002929072294641,0.2465458863575632,3.2341072429292885
-1.5585261604252902,-1.5602439769951297,-1.1220452672514745,-2.1689669045661457,-1.4357071325297504
1.5883623385351866,1.5878519480703122,-0.3290966992360903,0.9454528925465349,0.07487545290737638
1.3085145512637313,1.3097551748217537,0.8107335473703261,0.9459942564377943,-0.05951303878498915
-1.4606632708536114,-1.462491213343742,-1.1935647342333604,-2.1689669045661457,-1.4357071325297504
0.30734636081995537,0.3092833138130922,1.262155336515412,0.9589652108208929,-0.19879467305279352
0.975038114065162,0.9738598743972118,-0.7653386061871816,-0.5513824869874894,1.453343188807658
-0.3751780800607811,-0.37645054736227507,-0.8295254061049635,0.16982311120524127,0.06868308624306878
0.6066653374644183,0.6070455717661595,0.24890791391093822,0.9443452744701656,0.07656564720817313
0.06910322439958967,0.07012849887677904,0.6678930329688471,0.9470567608565587,-0.16213670448978032
0.8323875603800172,0.8306620222558674,-1.122085122584721,-1.391289896555608,0.06774475773444139
1.6266805460874303,1.6276348796655697,0.6249402689308204,0.2372104705200747,-0.07173837656566436
0.4168146313214337,0.41554879847700676,-0.8235518201896369,0.23072188204179397,1.7135398797721517
1.1416330022726566,1.1450915799995083,2.2549119752074507,0.944586399191847,-0.1850174842770807
0.9197535844773913,0.9205723956912919,0.5352010577782762,0.9460207023750106,0.06928758633997303
-0.40580804643267193,-0.4034282603532014,1.549079023181857,0.9453984450287358,-0.06611742790340559
0.7584500796731836,0.7597018051401396,0.8168162711874465,0.2841582316531458,-0.1583773755289332
-0.784551335627849,-0.7843545981538305,0.12649561483421626,0.9433232167789093,0.20101146566489023
-1.7124056491353887,-1.714028204763091,-1.0603240696700278,-2.1689669045661457,-1.4357071325297504
0.7965500236355865,0.7957973511392891,-0.48854431674363397,0.9433683304365144,1.454341666579659
1.4212891731291335,1.420327134461822,-0.6235983275443615,-0.5752740577977117,-0.04107728956099459
-0.8201705140291299,-0.8173985711844093,1.8036213229653055,-0.4903685985418759,-0.17054256404623463
-1.24286767396823,-1.2422328115680557,0.41088470229709234,0.23569682952526136,-0.07138951083809772
1.3815233049972837,1.3799062754045808,-1.0502689547886657,-2.1689669045661457,-1.4357071325297504
-0.29360236620657715,-0.2948929332222883,-0.8411433071716972,0.23256531943013317,3.2070791714323814
0.23331273270194555,0.23524709324550064,1.2603124201920597,0.24542271184753695,-0.08917865548082667
0.8334301268742668,0.8320310891331407,-0.9094372063230816,-0.5768608140307125,-0.13598079731178983
-0.6745713314555299,-0.674003078310736,0.3686887610387822,0.9434025545905594,-0.18393179007318805
1.6455845820705053,1.6455227199003628,-0.036856253974276595,0.23399651132656535,-0.05668903086960083
1.329329007854564,1.327712018055578,-1.0503519510202652,-2.1689669045661457,-1.4357071325297504
0.511775284716352,0.5101611316774005,-1.0502103860193783,-2.1689669045661457,-1.4357071325297504
0.7452032759811503,0.7456757942942492,0.3093004575335056,0.9446097338423328,-0.13534923004636754
0.4602674588488969,0.46177386673128756,0.9820656252701886,0.9465527324060761,-0.05283045562418733
1.1043241229820624,1.1036056991326457,-0.4655963586836148,-0.5422135249901295,-0.3374988743922117
-0.13659063029355856,-0.13822057747248181,-1.0618498575352886,-1.3210821558187837,-0.3048829363279014
0.807648181985543,0.8085861851503889,0.6125954008716412,0.9465573993361731,-0.0679369431204557
-0.8036758726510141,-0.8017343890031025,1.262787736373057,0.9454031119588329,-0.21465603380440001
-0.60520873375446,-0.6046125715098131,0.3870103577277375,0.9436576801025318,-0.13709957361053807
-1.1106763675969369,-1.1096284463541368,0.6801807607653069,0.16691872504150335,-0.16570054834466344
0.9565133273250009,0.9558047225073212,-0.45950977789876096,-0.5446418842839673,-0.0621776511524378
1.2468707467631643,1.2479287302754236,0.6916536684153907,0.9454497812598038,0.07996408058877923
-1.1443192626284062,-1.1437390460733698,0.3755001660562297,0.9443888324844047,-0.23211435749857443
-0.38338446589455816,-0.3836400340966397,-0.1672484764410546,0.23699734737897585,-0.05304699297233201
-1.5250050010238938,-1.5268327759696394,-1.1935898759489567,-2.1689669045661457,-1.4357071325297504
0.10068088354081978,0.0992794670249067,-0.912515495126424,-0.5445423231085632,1.3348461324985856
-1.3625108465339748,-1.363899473021866,-0.9072387347149585,0.9421938196954205,4.578975600309102
-1.6203034488695947,-1.6205547833892173,-0.1670721987305657,0.9446735152203258,-0.20125778538794065
1.555434090728301,1.5549068386150229,-0.3401471974940219,0.9484023923678775,-0.16445846605599954
0.8869879208470001,0.8862419308345176,-0.4840033800653355,0.9441181505387753,1.4518484796128253
-0.9353468480240066,-0.9294616340896522,3.8310166987147083,0.9441041497484842,-0.28003527562828584
0.5399037795163503,0.542277227565278,1.5469245495760278,-0.49125998219041456,-0.17845519964302578
-1.033047823491783,-1.0337889668596365,-0.4848533414732843,-0.5509873535726049,1.4301827149456707
-0.3855805942693946,-0.38685267094399706,-0.8292927023850395,-0.6006699357425533,0.05784418898315415
0.5502798024982566,0.5498681981381296,-0.26692466498178896,0.9439548079853781,-0.03834049807749776
-0.36360359923794194,-0.3613365017898492,1.4757743515419648,0.9457795776533292,-0.20377803952329263
-0.3769205089733266,-0.37454527388396697,1.5461752978811214,0.9676845918855692,-0.23337749202941901
-0.029482893493241548,-0.027973094455583113,0.9832522856762106,0.9436872373264799,-0.05844538936010856
-0.9562960883458702,-0.9566770790817499,-0.25013014181400534,0.9501384903639845,-0.037648781548701854
-1.2553833824017435,-1.2547659951704737,0.3994772202478222,0.949038650504444,-0.06300470352382409
-0.3205170178163896,-0.32167969806991775,-0.7579083721244846,-0.5391800204270398,0.06957931026733481
-1.6099630961218927,-1.6116808476882678,-1.1221102643003176,-2.1689669045661457,-1.4357071325297504
-1.5526544013780408,-1.5520712337149607,0.37657011747564745,0.9493186663102674,-0.16407050330724013
-0.3825077181301629,-0.3827535168602458,-0.16088390827807142,-0.4770398461846687,-0.06923616720932446
-1.494872675303448,-1.4947321906223832,0.08837663132092413,-0.5425153198030729,-0.19165495549035255
1.5067519438731165,1.5051265665235465,-1.0554444340844613,-1.3915948026552827,-0.032969168858239424
1.6770146907883021,1.6801322257787423,2.0339121524454526,0.9498802535652802,-0.1919557018072203
0.16208207570244249,0.16519425109087388,2.027260311611649,0.2360935185835114,-0.06462873363491003
-0.8964381626335473,-0.8959346973124657,0.3260302693537595,0.9436219003051216,0.06038549536068698
1.385287711624352,1.3838834472763388,-0.9116896754794742,-0.5499124040069151,-0.13571614055294626
0.8427140727838145,0.8428862147714717,0.11387247369559424,0.9470940962973349,-0.1713485641754404
1.7516234682033933,1.7499877792347762,-1.061649295213144,-0.7308492838699808,1.3445482086807403
-0.9324616516506926,-0.9333950364335288,-0.6098479518729457,-0.5262043991138435,0.05669533805271927
0.17406675105844654,0.1726727801143256,-0.907513150826668,-0.6161703662382597,0.06693274267889841
0.2669001889320605,0.26595425668365785,-0.6155172658892923,0.16579088360138042,0.06651771276162097
1.584144144711282,1.5825073725435996,-1.0627042473135981,-0.7255647633567418,1.3547645610647385
-0.758390893381267,-0.7586267007765028,-0.1551610252654255,0.230273856752476,0.07778066232831916
0.6156913800004062,0.6139664201306615,-1.1221606905821673,-2.1689669045661457,-1.4357071325297504
0.16788218282364675,0.16693838304557138,-0.6143350338536311,0.9438350234462201,0.054914919856862095
1.1525704528687126,1.1509541908257277,-1.0502468129368618,-2.1689669045661457,-1.4357071325297504
-1.013224197430342,-1.0148313217624574,-1.0488148779531177,-0.5993087477975773,1.5988502718346254
-0.32424081431566365,-0.325953128593354,-1.1158861183329671,-1.3214990682407879,0.2026685778708316
0.12350942700114427,0.12178616820003227,-1.1220798371104197,-2.1689669045661457,-1.4357071325297504
-0.4014115073598288,-0.39946188133132643,1.268930171764719,0.9452724379161155,-0.05426200809247787
0.8909903091836954,0.8915640742451464,0.3755454497144346,0.21772448172147849,-0.06756101022437086
1.7817009929526308,1.78074835288047,-0.6167250681925204,0.9440994828183873,3.186081063588673
1.0034445102317078,1.0017183518888086,-1.1221321204508077,-2.1689669045661457,-1.4357071325297504
-0.5561625098106684,-0.5550904162565289,0.6970809934191213,0.9461420425575345,-0.057446911588107545
0.2644430086101586,0.2630598967176694,-0.9002521947922767,0.24810775229671306,0.05446380038156048
-0.34645534799728833,-0.3458327375438068,0.40477569395912094,0.23641864804694018,-0.0701684807916145
1.0009337126969544,0.9996465568024551,-0.8362203878371207,-0.6251619848919311,-0.038409669730377335
0.8108959709789532,0.8092805922031527,-1.0503845209700153,-0.6112218646920089,1.5758191188888913
1.3001814436263186,1.301412831118862,0.8047008212830852,0.9496640191374499,0.009968382800973046
0.7454882004980732,0.7474247656709768,1.2628170207577005,0.943822578299295,-0.040499856632608376
-0.4699904153549926,-0.4707392240355367,-0.4886707395749002,0.9444355017853756,-0.04217501361756198
-1.0487743820429731,-1.047271093698341,0.9768850033507483,0.9448539698507452,-0.18360698405097084
-1.3520622506326312,-1.350125920154108,1.2582872264306328,0.22177382140236185,-0.18416637220034496
0.8385282598066631,0.8382783339936776,-0.1610239019217336,0.9453502200843997,-0.06059271806254462
1.216196547265419,1.2150119478014503,-0.7689774409677999,0.9489950924902042,-0.028009862093089765
0.429932763748228,0.42832842850575337,-1.0439869543053117,-1.3182493292498676,0.20895116843019945
0.8259827012293645,0.826567358631109,0.3825038480577275,0.2223634102379571,-0.0892207599651882
0.4306239829977637,0.42990778937031754,-0.46554964651884195,0.16478282670041522,0.07276421376296466
-1.4253612429645337,-1.4269669667740856,-1.0487627374633863,-1.3715783394689869,0.10585232354475721
-0.11696929333523183,-0.11869182771587708,-1.1221098357483472,-2.1689669045661457,-1.4357071325297504
1.0256313603741505,1.0279816272170432,1.5328404747703315,0.946320941544588,-0.17537856482146846
1.2758834695749155,1.2754772428298713,-0.2619081784670097,0.23208929256023306,-0.050165843256738674
-0.30689102826965164,-0.3086130390341188,-1.1221651189525281,-2.1689669045661457,-1.4357071325297504
-0.46282853823896847,-0.4628858819513356,-0.038313044972303596,0.2474326030760048,-0.0892057226493447
1.1477800578477946,1.149588762288403,1.1803823350898712,0.1719621208330612,-0.1823077599621021
0.674489614312524,0.6735431449408991,-0.615016574337215,-0.61182389867453,-0.06452647988717505
-0.5930858427113377,-0.5944672239673863,-0.9009144504371926,0.23871011072459739,3.2189586509486587
-1.086957928253877,-1.0867522957525222,0.13165780901892965,-0.349999786369198,-0.29971611460411307
1.5923892587668498,1.5940846286042702,1.1074966444263683,0.9475296764397273,-0.07746157897565809
-1.3663686500942145,-1.3672071269550217,-0.5489410030352484,-0.5420610719402923,-0.03619918430139923
-0.5538413276852447,-0.5519044096098117,1.2603355619984609,0.9440668143077081,-0.18420546922153774
-0.9098065319699709,-0.9115261877075906,-1.1218894171849076,-1.3897295862598238,0.0707612432926251
0.22009245533043822,0.2184791580861659,-1.050261669405169,-2.1689669045661457,-1.4357071325297504
-0.8405199305903077,-0.837946046914607,1.674585324634169,0.9694689148260124,-0.13792963344509312
-1.2402299287133862,-1.2413995198585712,-0.764328509192962,-0.5451972489655175,-0.19444287384771688
1.4335799192209138,1.4367006255800538,2.035469653156523,0.943861469383437,-0.13531013302517478
-0.9561632507863973,-0.9553305344675168,0.5403428243190674,0.943866136313534,0.15216424887922617
-0.10209527680664293,-0.10303146701979639,-0.6099423761570892,-0.425905848754534,-0.1858716038169852
1.0388937983622095,1.0395307890115346,0.4170321374617421,0.23440875681847237,0.0679522726930801
-0.16532958776457807,-0.16514596465138098,0.11924651540433925,0.9448601924242082,-0.06841512976427536
0.09107297869899394,0.08978866622685264,-0.8362671000018936,0.9434834480455754,4.581468787275937
1.1589407496531359,1.1591276798471448,0.12416372071264375,0.17099451065960364,-0.18276790182690983
0.1160309860976909,0.11464745547789132,-0.9008345969200425,-0.41733425380959827,-0.16847342938618443
-1.5087029902721036,-1.5098771107598297,-0.7678386355318053,-0.4247562283072912,-0.13710859600004402
0.625804050416125,0.6264260773747067,0.4064244762398848,0.23414585308967112,-0.06307688263987243
-1.4138852503105472,-1.4147065402265777,-0.537846506775023,0.2310827913026334,-0.05596723970911811
0.633043198417167,0.6327746388605686,-0.17358861714172516,0.9448710819277681,-0.19033167169613435
0.8669981352069948,0.8676261083019426,0.41080042040958137,0.9428596350559347,-0.34185969598679444
1.04058184172662,1.0396531701950955,-0.6026611353294327,-0.40905045288731445,-0.19179931372244907
-1.1961993643777553,-1.194270105888007,1.2540065636490203,0.2416580549025744,-0.1646058317512648
1.5320116624780185,1.5302840926998995,-1.1219484145061653,-2.1689669045661457,-1.4357071325297504
-0.7213497562355131,-0.721283142980233,0.0418791710851091,-0.5500088538955877,-0.08677268494588439
0.495843930266744,0.49720531479535934,0.8876879104407529,0.9449395302358583,-0.039329953459992816
-0.683789516375097,-0.6855029516534374,-1.1173664796893659,-1.3223468938750875,0.20102951044390216
0.3064671156917196,0.30474309304207475,-1.122195546142426,-2.1689669045661457,-1.4357071325297504
-1.2660681320634568,-1.2659062880947645,0.10276512087625708,0.23626930628383408,-0.1544736883359894
-1.6284267253036806,-1.630034072574426,-1.0502438130730691,-2.1689669045661457,-1.4357071325297504
0.12219252357559823,0.12146720655272915,-0.4721352046478916,0.9462649383834237,0.07867989381575363
-0.16092485165313952,-0.1626470929835783,-1.1220106973925292,-2.1689669045661457,-1.4357071325297504
-0.812468502692509,-0.8128523528990705,-0.2516923565967495,0.9425329499491404,-0.054192836439598296
-0.18105185521914283,-0.18265122229829614,-1.042026186190101,-1.32219444082525,0.2013242418344327
0.5607082563026213,0.5590923637589149,-1.0512411963588335,-2.1689669045661457,-1.4357071325297504
-0.09243815507809998,-0.09295977721780355,-0.33991906499511526,0.24623942461452283,-0.08727493129505366
0.39652059017340124,0.39580420597955257,-0.4657449233666848,-0.5418883955267011,-0.054526664851321446
0.4449165188657878,0.4435191277244099,-0.9091755039198275,-0.5733590608145509,1.4974536511026546
-1.2252825073225313,-1.2257841988631866,-0.32930240418187967,0.22610784381916602,-0.05323044822562145
0.24560321888013423,0.2461018242989772,0.3252481620077898,0.9669783297975474,-0.08552158026771453
-0.9637018966703952,-0.965082634225537,-0.9012685772153952,-0.545581492876842,1.7027190272912491
-0.879106014521246,-0.8781901859135613,0.5946336449871603,0.9451728767407115,-0.06458662915054868
-0.954665382797054,-0.9556234138146616,-0.6259460780888385,0.1722001342680111,0.0568156365794665
-0.9076137313664491,-0.9088017282155092,-0.7756218535674504,0.9442488245814934,-0.1596044205017536
-1.5479737280571944,-1.548445146733446,-0.3102594116760938,0.23560971349678278,-0.06795198043629902
0.19012065246333817,0.18839705522209615,-1.1221612619847945,-2.1689669045661457,-1.4357071325297504
1.5879232218703923,1.586085711029002,-1.1934350258369875,-2.1689669045661457,-1.4357071325297504
-1.48806570197128,-1.4876947269701835,0.23850638618684036,0.9442161560708136,-0.18534229029929788
-0.25053341043589916,-0.24640601969855405,2.687596757953612,0.9458355808144943,-0.1998142030669754
0.8319522105979379,0.8317046479204533,-0.15949854260844343,0.24617408759316384,-0.08714561037880048
1.1067107294161482,1.1050930984765088,-1.0512340538259937,-2.1689669045661457,-1.4357071325297504
0.9008619942976183,0.9003618140533901,-0.32388150745770494,0.9435752310041506,-0.038743498142100645
-0.9202863379005566,-0.9201198396310785,0.1065179504810002,-0.5376897140827116,-0.2037148827967504
-1.5153361838417498,-1.5146983685069697,0.41223935507550874,0.9441165948954094,-0.08637569980761903
-1.7080002721230945,-1.7074736702024649,0.3394053763497666,0.2323739752961535,0.06631320526615084
0.6541937498212975,0.6539361737267567,-0.16639108679895226,0.245884737927146,-0.18296338693287384
-1.020297561795348,-1.0202506900916506,0.028397926051101023,0.9469291981005717,-0.038954020563908134
1.5284561691315937,1.5295037863447758,0.6854898054252088,-0.5352240193480976,-0.06510992774189846
0.5032968610350465,0.5042482173139508,0.6206570348373858,-0.4700892316267789,-0.16670804850617058
-1.3018972761212555,-1.3017436056138696,0.09736708025717017,0.2918244421592515,-0.16821478755367805
1.1494875039263008,1.1508411046488194,0.8839823644034098,0.9497153553685178,-0.06387987530590927
1.4135416804234109,1.4137099304387195,0.11252882041775115,0.23767560788641523,-0.19562179940983856
0.9061250653243674,0.904838310576736,-0.8361569621455022,0.9469323093873036,4.588136333120895
1.0995624579541194,1.10149786960984,1.2628045927505593,0.2325622081434017,-0.05494470223176765
-1.46268591359599,-1.4611814142521746,0.9768100067559291,0.23135347324826278,-0.07222859306215873
-0.8399198565668307,-0.8379826566684984,1.2599221521976869,0.23918302630776603,-0.1618810701204427
0.412356432190607,0.412984389313621,0.40984132109983873,0.9434570021083585,-0.039116423575016726
0.8635528577254693,0.8619396762135988,-1.0488435909351341,-2.1689669045661457,-1.4357071325297504
-0.19302346075988921,-0.1938578758849064,-0.5438472343151413,0.23089766974211667,-0.05032223134151007
-0.8061260302612132,-0.8075166218635625,-0.9073575864614147,-0.48773333868040186,1.3378054762565645
-0.39922109203926537,-0.40094218231518414,-1.121758280281967,-2.1689669045661457,-1.4357071325297504
0.17842481019826315,0.17815776884798187,-0.17354847610716487,0.9445412855342427,-0.2003164494161445
-0.9043515716738064,-0.9046060947351062,-0.1676548865596452,0.23404162498417036,-0.060388210567074496
-0.4260600596626534,-0.42292472302312684,2.0411176824250066,0.9453828885950789,-0.19649697119192375
0.9508967086711346,0.9509464185283241,0.03435965536191341,0.9418593563717976,-0.05739277725107146
0.6427856503260865,0.6420494646583699,-0.47812750399925885,0.9460487039555935,0.0704514745862514
0.9536051205930762,0.9533362643609797,-0.17311292445458742,0.9477972470986256,0.07086951196669761
0.1580828350619064,0.1577733707172769,-0.20122050538749744,0.9477287987905354,-0.02974817580458541
-0.9259392225061918,-0.9259811153611274,-0.029216457998056573,0.23371027294727897,-0.1843438125272969
0.831316524245057,0.8297111398729998,-1.04383267559597,-0.5391769091403084,1.7151007531566953
0.9670399111219362,0.9670800485541211,0.028158936902277748,0.9459444758500923,-0.059467926837459016
-0.7935618019919474,-0.793396622177454,0.10592369174872023,0.9472481049905379,-0.338644717859478
-1.1738644268764598,-1.1732558753165683,0.3938927595216137,-0.45129239283918166,-0.08908843158576624
1.563346187259758,1.5616183655265556,-1.1220471243100127,-1.391135887862405,0.06804249658814036
-1.0410756932135938,-1.0400032054318604,0.6963258848472865,0.9442550471549556,0.002624157743061962
-0.17455909175654552,-0.1763911046278002,-1.1935320214329534,-2.1689669045661457,-1.4357071325297504
1.532186227903396,1.5322107106087466,0.01914248914649437,0.9464562825174031,-0.15641650954295536
0.40505498542409024,0.4050986835945949,0.029305313423082586,0.23622419262622907,-0.08387048298811037
-1.5715257487854444,-1.5683142247207946,2.0883473951275686,0.9481814910099501,-0.18841291019451786
-1.3181683843533858,-1.314905371663088,2.1224099913904215,0.944721740164662,-0.3288103132979017
1.2087119359913734,1.208321888587098,-0.2515109362626159,0.094176841261975,-0.06395205442195762
-0.4409649802462567,-0.440928401878041,0.02290288983604796,0.15809822715805777,-0.0633114647670292
-0.07048567505271505,-0.07143228584553218,-0.6166632138581267,0.9440232562934683,3.1867787950438067
1.553871184462296,1.5526771466374953,-0.774419908141151,0.24614297472585023,-0.038244259256100144
-0.1861500903622847,-0.18577289406686118,0.2452749360072486,-0.3514123105452421,-0.296179337917748
0.49487040800850773,0.4966706700835684,1.1735215037451716,0.969176453873263,-0.0423795211130321
-0.9856816845117705,-0.9856167434212021,0.04023853129178273,0.2370642400437004,-0.07127221977451925
-0.549891892630227,-0.5506228431852254,-0.47720668866553817,0.9447808546125581,-0.03849688616226899
-0.9056685597631888,-0.9070588820064579,-0.907389870709851,-0.6078212282946173,1.5676027295120634
0.06868137893810544,0.0736784160665316,3.2546530110623197,0.9685557521703542,-0.18588363366965993
-0.13395905518997045,-0.13535174993214846,-0.9073247308103511,0.09951580929301326,0.20404900346525465
-0.011458092987602066,-0.012851678327596632,-0.9076491446519397,0.9445335073174138,4.583498824914793
0.7702079474106243,0.7683727676201642,-1.1936231601519907,-2.1689669045661457,-1.4357071325297504
-0.48343384554323043,-0.4847159920514542,-0.8360552524778619,0.9459491427801894,4.586235616398291
0.9085451788974352,0.9067095962396475,-1.1935968756311397,-2.1689669045661457,-1.4357071325297504
1.4806533345215722,1.478762442851624,-1.2284251514144306,-2.1689669045661457,-1.4357071325297504
-0.16656628075915594,-0.16605225258494474,0.33443274498662456,0.943926806404796,-0.08607796095391988
-1.290947345944097,-1.292118106838197,-0.7651961840823539,-0.5988513886480652,1.5484602264434293
0.11383845725192426,0.11343268750960446,-0.2640353675973903,0.288864052834349,-0.16736066801377356
-0.645497795443497,-0.6433581077186632,1.392205717360472,0.29606512597411455,-0.17661763964696375
-0.22123630267468058,-0.21712395528370132,2.6778603428875662,0.23648398506829885,-0.3019596821279467
1.1060569923385193,1.1050889624639446,-0.6281581205093573,-0.5503604292962331,-0.08877264795305519
1.0404337267313857,1.042249995414529,1.1850848358610082,0.9437992436488098,-0.03929687136513741
-1.402456117993383,-1.4026989763314965,-0.161097184308671,0.2337911664022946,-0.06865873428093826
0.045420064433333074,0.043789573582299714,-1.0618241444170649,-2.1689669045661457,-1.4357071325297504
0.9759555871089426,0.974678446051798,-0.8297499673374501,0.23214996265149468,3.2062761787663443
0.199125713502082,0.19784099517545892,-0.8363059553805426,0.9425998426138646,4.579760548196127
0.5288720570543667,0.5298216861549161,0.6195855120607432,0.9453113290002576,-0.06839107005892592
1.6350895671371037,1.6343340143315772,-0.4886704538735867,0.9431038710643472,-0.03948032661842668
1.2279349692988368,1.2266666324212427,-0.8234901087059001,-0.6153412083243485,0.20244301813318094
-1.6426011033564016,-1.6429810866390384,-0.2509061065817327,0.2223276304405465,-0.08591255047964252
1.2431662330009945,1.2419708731576404,-0.7759292681808799,-0.4870239653056485,1.3308071094630514
-0.4304391972463863,-0.4309408172126991,-0.32759719589168057,0.9457640212196723,-0.05879726255084396
-1.1641753114298463,-1.165445885803157,-0.8299389587563941,0.2322308561065103,3.2064325668511153
-0.1799175844104424,-0.17885443711907392,0.6920395080394024,0.9485797357115657,-0.06449941271865701
-0.6959658866684981,-0.692699228800539,2.1260823960753874,0.2356299368605368,-0.07147973473315797
-0.023041515715328673,-0.022412169303308332,0.4098376069827622,0.9435192278429857,-0.1831648869651752
0.21646616634713325,0.2169420031055543,0.31035840949775234,0.945536897288282,-0.06166638241376257
0.8054498552023303,0.8050603902773257,-0.2519730581373578,0.22962204218225318,-0.05265903022357261
-1.002387695957143,-1.0032094703751404,-0.5373033885778766,0.9458480259614194,0.0773114980740053
-0.9738393075699637,-0.9755589682735595,-1.1220262681141202,-1.3903891790468752,0.0694860789091058
0.514852964760628,0.5163497428516282,0.9759077620075923,0.943996810356252,-0.06523624119498304
-1.7001165689032933,-1.6999726726532098,0.09017026416768123,0.9495769031089717,-0.07390074258394357
0.5138225606870984,0.5156472622725092,1.189478207810834,0.9482577175348691,-0.06737154004474422
0.8672312976580324,0.8656004057274593,-1.0603704961334872,-2.1689669045661457,-1.4357071325297504
-1.2691403036942874,-1.2690899638614095,0.03013741849893155,-0.5454399293305647,-0.166190764841158
1.3763855667169769,1.3745485583817243,-1.1935491635117694,-2.1689669045661457,-1.4357071325297504
0.7021217825052336,0.7018627543847253,-0.16723676268719703,-0.5414932621118166,0.07212362410803624
0.08368570517457206,0.08230179455218946,-0.9011495826182824,-0.5445143215279807,1.704782147024962
1.332307469778568,1.3316195280439789,-0.4452679959679595,0.24533559581905837,0.05686375599016522
-1.4042167965687584,-1.4020594268822981,1.4021385520796152,0.9450250906209713,-0.039723931135089575
-1.2461707008508853,-1.2465657325028938,-0.25987969914047643,0.9438350234462201,-0.18143860310635426
-1.0576021184048803,-1.059321371458766,-1.1219355579470536,-1.391876374104472,0.06661094411984982
-0.3909665324825183,-0.3910204483567493,-0.03593058171822485,0.9425189491588493,0.0587193607652395
0.37479334534418635,0.3757163426441228,0.601919028483864,0.94547622719702,-0.29274481497911803
0.024360954578688945,0.025422128726550846,0.6911806898907321,0.968257068644142,-0.08622532664918499
-0.835249910329538,-0.8365311048871038,-0.8361693901526436,-0.5511662525596587,0.0591103309771675
1.1438114977585185,1.1438510253955347,0.028130652472231572,0.9434756698287465,-0.08749146864319834
0.04441417383051657,0.04546802393788481,0.6864524760013714,0.9479185872811489,-0.29220647907192476
-0.646220085443684,-0.6447249108325767,0.9724406337164455,0.9440948158882903,-0.17882812507594187
-0.9228141682199926,-0.9244239541168459,-1.0503596649557325,-0.6090004059658077,1.5801137762937632
-0.7330013998105427,-0.7284123882978917,2.9872380100428226,0.9493326671005585,-0.0695850329368911
1.2581314908249697,1.2591886504047125,0.6911405488561717,0.2468570150307006,-0.08841475983598242
-0.0006838106607778704,-0.00030746828281574194,0.2451058008295996,0.1718516701540972,-0.18483703648696004
-1.564241320546746,-1.561849677879254,1.5543837823220545,0.9450406470546275,-0.2026893378562312
0.20737279763687153,0.207564269840877,0.12513624798412548,0.9466351815044572,0.06944998935108163
0.3890938005709692,0.3885986483019517,-0.3216747505114877,0.24669522812066896,-0.08661328939794456
0.6879968847622031,0.6886061815926078,0.39826327536635187,0.9462307142293787,-0.05587400835088909
0.5614085931454723,0.5601228748569225,-0.8362012458491096,-0.42519958666651214,-0.15747814404149857
0.4617842182792716,0.46006943124124206,-1.1158564053963531,-1.3234187321540458,0.19895736832068336
-1.3440695357045689,-1.3431406930443217,0.6021393041966465,-0.47524618938403157,-0.18344157357669366
-0.4168713675879348,-0.41360773433116266,2.1246948876459073,0.24622542382423143,-0.18537236493098472
-1.7009893054442637,-1.7023695984216751,-0.9025175205077811,0.22175982061207078,3.186189332262746
0.25174836995762406,0.25002488386974725,-1.1219602711106795,-1.3972402324293611,0.05624121111424906
-1.0489913550576477,-1.0497033226381633,-0.4658847741596902,0.23563304814726824,-0.06554901736452552
1.4375116511993205,1.4371043731819004,-0.2622555912643427,-0.4750050646623502,-0.08724786412653546
-0.7166257736335772,-0.7151140581632487,0.983066579822373,0.24043687486050996,-0.1855317604789247
1.007609264724552,1.0063220426974662,-0.8362495293711074,-0.6155543314654477,-0.06586179353406799
0.6181665138810464,0.6164412620414237,-1.122345682182721,-2.1689669045661457,-1.4357071325297504
-1.3844311942207068,-1.3861495464286033,-1.122030839335138,-2.1689669045661457,-1.4357071325297504
-1.6343384491911412,-1.6350482601625624,-0.4657016396176751,0.9447450748151471,0.07110409409385454
-1.4317028648094097,-1.431535548523446,0.1059835461739185,0.23740492594078585,-0.34715884609000464
-0.29527104984681934,-0.2969931520169841,-1.1222004030647572,-1.3916819186837612,0.06698687701593467
-0.7112526604563291,-0.7098590775254527,0.9061395012273947,0.9436934598999428,-0.08880272258474199
-1.534345306947525,-1.535513734891761,-0.7641846585815663,0.9452211016850476,4.584828123635349
0.027438279956064324,0.031452587922230595,2.6145273613454667,0.9488239717199789,-0.16604640660906148
1.6844754520841356,1.6836179438591166,-0.554969729304099,0.23261198873110372,-0.05227407493798181
-1.4527559666023713,-1.4500624929560455,1.7511952747710553,0.9488784192377779,-0.06814145061592566
1.3894182698233581,1.3896071140058737,0.12589121370530335,0.23770049818026626,0.20201896582639722
-1.668987826375601,-1.6686000968013572,0.2490409078724172,-0.5316491508937485,-0.06853542829102242
-1.1431831055269757,-1.144133280210245,-0.6212227211218089,0.09860264663735475,0.20377532431690512
-0.19685036377449644,-0.1984532106628769,-1.0443255103619233,-1.3217293034589095,0.2022234733218675
1.1258700474838976,1.1247026139843221,-0.7579859400311258,0.09410839295388487,0.2080068249952345
1.0064144270303068,1.0047814702479165,-1.0614248768313141,-1.5083987291245324,-0.15865706960362025
1.5905205173323245,1.5919822206203393,0.955308554446648,0.9423167155213097,-0.15949013690134392
1.688159039402489,1.688307220100803,0.1000309593051412,-0.5416348256580938,-0.05796419525312014
0.9124778976701438,0.9115208399978373,-0.6214159980604568,-0.4864981578480464,-0.29794171133459324
0.3867366224968408,0.3882225558562906,0.9685773805539973,0.23160704311687,-0.42960243393296804
-0.3065769412284445,-0.3082987871814698,-1.1220571238559887,-2.1689669045661457,-1.4357071325297504
1.5137691467234482,1.5152291670809441,0.9540523257707654,0.941748905692834,-0.06569638305979063
1.007734518290567,1.0060085475528486,-1.122000983547867,-2.1689669045661457,-1.4357071325297504
-0.07915868562137704,-0.08099111601161676,-1.1936048752679205,-2.1689669045661457,-1.4357071325297504
0.5446771603961768,0.5448391630610757,0.10664694462408904,0.9453315523640116,-0.06862565218608285
0.6249270056702928,0.6232018407415685,-1.1222749711076059,-2.1689669045661457,-1.4357071325297504
0.9142057795370195,0.9169916278441053,1.8162968902949725,0.24724748151548803,-0.18445208120136938
-1.0573420804498257,-1.057624592318648,-0.1862029015396256,-0.5411759108652163,-0.052433470485921806
-1.514123052398065,-1.5149340030012124,-0.5313218030257694,0.2315992649000415,0.21169397484003363
-1.5254297739678282,-1.526112073422455,-0.4475564634898653,-0.40170781620127133,-0.18246715551004192
0.7519578467852507,0.7519899020957701,0.022446339136921328,0.9437432404876448,-0.17363122872046668
1.6082159535803318,1.6087117547114371,0.3262651158335357,0.23335247497317102,-0.0614708973077984
0.2372620407612087,0.23563333435220815,-1.060261643933007,-2.1689669045661457,-1.4357071325297504
0.4831101481886815,0.4832395637903709,0.08529491410181846,-0.47657004188823116,-0.0883666404252837
0.21443253463358228,0.21435912763417656,-0.04736163412586635,0.9450484252714564,-0.32854264907588937
1.5462280482698445,1.5449389610395092,-0.836340382388831,-0.5461446357752211,-0.06862865964925145
-1.0655018421720441,-1.0666791178169561,-0.7689687270777351,-0.49193513141112283,-0.026304630476449355
0.9273896286478492,0.9274303789459074,0.028475351107085514,0.23301956729291373,-0.19257824668313664
-0.7290103035678749,-0.7301797097347109,-0.7631412773843129,0.24681967958992404,-0.1843047155061041
-0.6520006810599562,-0.652236406005915,-0.15488532349780518,-0.4758155548558732,-0.04024722972643953
-0.9961594161783621,-0.9961099470136029,0.030139989810754022,0.9493840033316264,-0.16352314501054074
-1.1563069694322974,-1.1543642436733572,1.2628608759093378,0.2471136961860389,-0.08780725227590958
0.7382617836569432,0.7366295787661393,-1.0614947308024885,-2.1689669045661457,-1.4357071325297504
-0.7149608274849774,-0.716242628094005,-0.8363130979133826,0.22178937783601882,-0.03881868472131758
-0.5300731571116939,-0.5319041013416487,-1.1935778764937857,-2.1689669045661457,-1.4357071325297504
0.868380273215248,0.8694423312824457,0.6935175837852924,0.17175833155215603,-0.09072749901269568
0.798885878486416,0.7992670616644338,0.2499270104965358,0.9481410442824422,-0.06746477140297324
1.6996218828414538,1.6987748366529682,-0.5481243258303337,0.9676985926758603,-0.03990437892521025
-1.0909563952950572,-1.090384916743386,0.36992056225235204,0.9470629834300209,-0.18155890163310134
1.3494260404224454,1.3489064760818625,-0.33557011959955363,0.9440605917342452,0.20070169695851653
-0.7909239051756761,-0.7917663381524163,-0.5503167977108709,0.9459195855562413,4.5813304439701765
-1.2925465302253705,-1.292789143018247,-0.16070791626889616,0.17019802125637173,0.06489969757687222
-0.7851956048319897,-0.7842406370469697,0.6203204786899693,0.9481706015063902,-0.0641956589386205
-1.2485129912499708,-1.2501386571261697,-1.0613817359329611,-2.1689669045661457,-1.4357071325297504
0.6060671960136444,0.6062539676504605,0.12290677778347721,0.23802096071359768,-0.06461670378223532
1.0669594837816772,1.067157967616905,0.1314965306274045,-0.5455114889253864,0.06528465286246302
-0.09185544635323332,-0.09258857837008047,-0.47767166755341606,0.9441943770636942,-0.16688849629629124
-0.6021334049960062,-0.6034154407607191,-0.8362308159350669,0.22218139996417183,-0.04135096870934429
-0.9659001938431988,-0.9675098107684026,-1.0503395230131238,-1.3880074890540082,0.07409050502035162
-1.5692856368895358,-1.568363695001848,0.5971749581715986,0.24584117991290688,-0.08821025234051247
-1.4969009821880905,-1.496273738676954,0.40539252309517537,0.9443514970436285,0.05645173353605638
1.0993126323001725,1.100123170850793,0.5301878568286034,0.9467269644630325,-0.06514300983675403
1.4095552615287053,1.4090566590231712,-0.3217924594526893,0.22150625074346356,-0.0383344831511604
-0.4756987280145007,-0.4724735670396723,2.099515602326702,0.9429840865251898,-0.13910555154404605
-1.3555988709622795,-1.3569785608306868,-0.9014039996380399,-0.49145288196775977,-0.030839884934815442
1.4318060648908166,1.4339409442901454,1.3934088055920257,0.9678977150266684,-0.3296554104483001
1.3184542424946566,1.3194952431414115,0.6807423066971805,0.23319379934987086,-0.06752492066634685
-0.5815014957001731,-0.5800241395622145,0.9609707259301545,0.9432625466876473,-0.23217450676194804
0.35702468123835857,0.3576551522241423,0.4113631091467092,0.9451573203070545,0.0703371909858417
0.6578223416170881,0.6588813554644986,0.6910955508992804,0.23709224162428255,-0.19836460581967258
-0.142026607466092,-0.14183336854554707,0.12555780027233665,0.9467082967426443,0.06307115997031615
-1.5950155988406558,-1.5940609650054451,0.6184131367204011,0.9435487850669337,-0.07353984700370221
-1.0672203109995229,-1.0665949541176838,0.40506039531811966,0.9476945746364904,-0.06784371176222669
0.6462734319049089,0.6454269780963132,-0.5499365292624744,0.23741270415761434,-0.09668528354984635
0.11252257374047059,0.11113061432519161,-0.9063314901936338,-0.5445516569687573,1.4679323926389136
-0.8982899864349813,-0.8994668972255091,-0.768382182280922,-0.5567945702567147,-0.032154146339527685
-1.539169164362807,-1.5386700472186507,0.3218571731167162,0.9495271225212696,-0.06154608388701534
-1.504377876331505,-1.5055631496382216,-0.7750933061372974,-0.5464153177208505,-0.2875479186236429
1.2547524983279983,1.2531360672595535,-1.0501436747626538,-2.1689669045661457,-1.4357071325297504
-1.6360953378534828,-1.635038171818823,0.6851053943077652,0.2843713547942447,-0.4240145673655647
-1.0004940716894672,-0.9991102599221243,0.8991721032927237,0.9429638631614359,0.10302831562936873
-1.055198904040649,-1.056377850694342,-0.7700355357827035,0.9433418844992975,1.452455987172898
0.4949634268057877,0.49841437828176816,2.2485956905664657,0.9425531733128943,-0.18448215583305602
1.2406842264347246,1.2421990243577925,0.9891584460815285,0.9444510582190326,-0.07438795161726935
-0.33565287612229056,-0.33694269558657985,-0.8407441824366033,0.22124801394475968,3.185199876880251
-1.6632326779449431,-1.664170752839132,-0.6144274582285796,0.22252519714798874,1.5008220098515737
-1.315054685988096,-1.3163343007257093,-0.8361416771252248,0.16813057122337374,0.036268648211060045
-0.20789911945983536,-0.20697054276901028,0.6043369187008288,0.2460138563264981,-0.18325811832340422
0.9039268786970912,0.9022068463343276,-1.118350006461421,-2.1689669045661457,-1.4357071325297504
-1.5180788071917388,-1.5166749447187167,0.9111508451185293,0.9453051064267947,-0.07385563063641344
1.6383254025180125,1.6395832847847682,0.8226621486155955,-0.402773431906767,-0.43402941971726167
-1.5290739110090805,-1.5306720727867258,-1.0440540941140068,-1.3176815194213918,0.06507413044065553
-0.4944326074524509,-0.4939071323017244,0.341203866118855,0.9439050273976761,0.20079793577991398
0.9689922477861992,0.971806643003884,1.835003469503999,0.9473243315154563,-0.053982314017790814
-0.9685336892366538,-0.9694651743703427,-0.6086860046305499,0.23742826059127095,3.2090971792185643
-0.21133597946971974,-0.21260861682743934,-0.829294273742264,0.2222234023350454,3.1870855562870117
-1.5360991950884073,-1.5364767954485485,-0.24913190142430017,0.23850787708705776,-0.16474116759385535
-0.9180935721715169,-0.9170275505063665,0.6923712072644875,0.1683343605042789,-0.20265625576137578
-0.4581245593327652,-0.4598460054955727,-1.1221129784627968,-2.1689669045661457,-1.4357071325297504
-0.6949024924317959,-0.6954133025297243,-0.3341344704987325,0.9439392515517212,0.08850828345099268
0.5854523824520308,0.5840671225734646,-0.9009813045445741,-0.6117181149256634,0.20685195913846244
1.1561212122783933,1.1571541598585018,0.6751587030749127,0.9676565903049871,-0.1819829539398849
-1.550447920326824,-1.5513793874060422,-0.6098885214594764,0.12155149756797091,0.20041899542066072
0.6044187036017263,0.6046004156211342,0.11960807041669519,0.23763204987217612,-0.17296056443385163
-0.12114447968488413,-0.12008259983085243,0.6913366828079556,0.9486621848099476,-0.06619562194579112
-0.7016782019973127,-0.7010454619827119,0.4106317137839029,0.23504968188513556,-0.06634298764105641
1.1491702641441977,1.1501072599474835,0.6126519697317333,0.9419075813161342,-0.18783246980296306
1.712793752896764,1.7109566579055318,-1.1929036213936988,-2.1689669045661457,-1.4357071325297504
-1.31101278157339,-1.3100591982621723,0.6183215694493935,0.9425485063827973,-0.054418396177249105
1.049753278828919,1.0488056229247553,-0.6150062890899255,0.23664732762169605,-0.05884538196154268
-0.04091338569586245,-0.04130015163978742,-0.2519813434754521,0.2345036510637794,-0.06832189840604634
0.7178917843520313,0.717073905118444,-0.5311768096091192,0.2357699447634485,-0.06785273415173264
1.351620173275042,1.349893108642165,-1.1219958409242223,-1.3965759727122127,0.05752539788727433
-1.712840393549103,-1.7146700414445653,-1.19520165990961,-2.1689669045661457,-1.4357071325297504
0.24947895121410385,0.2499810687200483,0.32754362921187863,0.9487897475659338,0.06785603387168249
1.4865432024177063,1.4873794731052377,0.5477549163483512,0.26832956040727957,-0.28833888143700515
-0.27992013201668314,-0.2810926632969687,-0.7642395132337768,-0.5446481068574299,-0.06901361493484225
-0.48362331004914183,-0.48522479551297876,-1.0440372377365048,-1.3197209678738075,0.2061061082726303
1.0845866801001176,1.0843268560417618,-0.16695706110118644,0.9449488640960523,0.07430102744215877
1.7544999088883935,1.7555588365979227,0.6933278781130643,0.9442379350779334,-0.18413629756865815
-0.4904515204054176,-0.49026782223119947,0.1186169725598299,0.23694601114790792,-0.06433400224437966
-1.2799452051581892,-1.2798886765870015,0.034145522227372924,0.9463053851109318,-0.07672174303616329
-0.36100158497347495,-0.36272304971932473,-1.121922415686628,-2.1689669045661457,-1.4357071325297504
1.2274247740532527,1.2274639179885756,0.028055227325442286,0.22943225369163942,0.0734078108810615
-1.3843503986003196,-1.3842912785565231,0.03561545548582542,0.23292000611751001,-0.1639953167280232
1.4609112335932655,1.461518713589776,0.3986928272913438,0.944656403143303,-0.3446716740495082
0.9813944375878442,0.9809779059598532,-0.26923413155024406,0.22150002817000097,-0.28107886534781695
-0.6491087468928766,-0.6451107356401992,2.602501764504231,-0.47535352877626413,-0.2811991638745642
-1.0262237377558323,-1.02530292759163,0.5975710830428997,0.22061020016482794,-0.1846325289914899
-0.07443849951256548,-0.07295245766589276,0.9676857067542635,0.9451137622928154,-0.32740582799812923
0.779879485241027,0.7808070492635518,0.6057385693453319,0.15991055167908302,-0.20067133007004848
0.40518452942872096,0.4040095607438439,-0.7643973632095389,0.9448197456967001,4.58405219813783
-1.6114635013942948,-1.6115300844701406,-0.04672737720968289,0.23422519090132118,-0.05225903762213849
0.7858660001965742,0.7856186650150229,-0.1594465449693689,0.24725370408895062,-0.04003069237829468
-0.769699579985515,-0.7708693409565687,-0.7634572630371504,-0.5530376915285804,-0.07107071974221789
0.8207652140017992,0.8212550596629644,0.32074322369500463,0.9466849620921592,-0.0560995680885399
1.6934781989049033,1.6940494682895517,0.3755945903403732,0.943751018704473,-0.13611914061754915
0.06548028402455401,0.06386771508387996,-1.0501099620076493,-2.1689669045661457,-1.4357071325297504
0.25254931682931303,0.25218170815389285,-0.2388920806436979,0.9441212618255072,0.19339055399546068
-1.6606559349583268,-1.658706061646904,1.2664635694737858,0.9485579567044465,-0.20099914355543427
0.8593912623342757,0.8607590092379097,0.8925902592807506,0.9478874744138356,-0.1633126225887334
0.39027165329585917,0.3903502707888167,0.05201699649675758,0.24218075107344508,-0.07936530316143109
-1.328158324448621,-1.3270841141009742,0.6968487182511676,0.9442581584416874,-0.054595836504201016
1.6859929884039113,1.6870349949626937,0.6821643849856056,0.9431754306591691,-0.18081906569360653
-0.7189137844239917,-0.717422106928417,0.9700113154469368,0.9421129262404049,-0.2795540815212974
-0.06378639280456018,-0.06409455430510273,-0.20083495146479938,0.9455508980785731,1.4720947216643638
-0.7525116163608053,-0.7505878590661662,1.2513495414325755,0.9446284015627209,-0.08797567021335553
0.8040592016790813,0.8027821584406198,-0.8300449539437381,0.23548215074079656,-0.0686346745755888
0.5567585117639942,0.5551428909104738,-1.0510724897331551,-2.1689669045661457,-1.4357071325297504
-0.8894507627696826,-0.8888078649064166,0.41685557404993984,0.24787440579185985,0.05609986034532115
1.486803353111652,1.4865537078989695,-0.15948840021181074,0.2221316193764698,-0.04035549840051187
0.6175847629980812,0.6229947863419942,3.524771317911065,0.9495100104442468,-0.16459380189859008
1.555211639568599,1.5536035123381549,-1.044108520214247,-0.541793501281394,1.7100422001069795
1.2884155703309284,1.2890548563520245,0.4190477602291635,0.9434181110242164,0.05544122591138064
0.6375020285787127,0.6415042389749442,2.607921375572495,0.944645513639743,-0.1660614439249048
-0.46471881960112016,-0.46465489139540384,0.04066594045692279,-0.5413174744114939,-0.05378081398548945
1.2087356951643307,1.2127538301415597,2.6194848505389885,0.2384736529330127,-0.06953089859985484
1.1102215305657086,1.1108474020112076,0.40993917379974554,0.22146424837259002,-0.03928183404929392
0.9225652961500028,0.9240254836440128,0.9529275196991368,0.9485517341309836,-0.16909597426210077
-0.4194369020476782,-0.4194923853206387,-0.037010818384932184,0.23533125333432492,-0.06310695727155907
0.38301608884531746,0.38384789490644405,0.5425444386416399,0.9440948158882903,-0.08984330484110437
0.7808327182275845,0.7792006039541929,-1.0613468803727024,-2.1689669045661457,-1.4357071325297504
-1.6474316332032126,-1.6479379354986097,-0.3331862278389067,0.22112822940560162,-0.04157051352065773
-1.0373642782520676,-1.0387539636003515,-0.9072498770661889,0.9420258102119263,4.578650794286885
0.0060521718251463985,0.006225280324584824,0.11275609581271713,0.23841920541521364,-0.06676403248467137
-0.8603864230927192,-0.8602014464492064,0.11867768408896909,-0.546905345381042,-0.056842411491203296
-1.4543459843783206,-1.455302912337962,-0.6262703490797702,0.10239063823280278,0.195889755888632
-0.6214503392716055,-0.6205027099993096,0.6158826801858793,0.24558605440093412,-0.18423253639005577
-0.49852773208118967,-0.49881991662694936,-0.1913365255929793,0.9442379350779334,-0.13594470775376583
-0.573874885406067,-0.5741282342406238,-0.16620052402278357,0.22068020411628364,-0.08682080435658328
1.6349635875677242,1.6355897908304418,0.4112502571278387,0.16998800940200398,-0.06008445678703799
0.17492409303803752,0.17587582563255194,0.6202169119637908,0.9436094551581957,-0.08845385685717536
-1.0703294730501323,-1.0704064279868044,-0.05235326462636279,0.2321421844346662,-0.05279737352933176
0.5054026158091524,0.5053388601608342,-0.04046866138338721,0.9681932872661488,0.34606141429021847
1.1962109803410388,1.19526195657603,-0.6155915482308274,0.23532658640422788,-0.07429772772220909
1.5731684778245085,1.5728695098167018,-0.19143152127975013,0.9449239738022013,-0.13551163305747613
0.7848513681623067,0.7831355348482928,-1.1158636907798498,-1.3229162593469288,0.19992877892416616
-0.09322982796964638,-0.09461294869975759,-0.9010043035003187,-0.5440678518820287,1.5808445898437518
-1.1478294744211568,-1.1497066579253519,-1.2249820220336258,-2.1689669045661457,-1.4357071325297504
-1.108465316672576,-1.1074111580275887,0.6842477189643492,0.9687408737308706,-0.04232538677599585
0.8501750733756211,0.8518846282855681,1.1151864381324672,0.23423452476151557,-0.3150361319853575
1.7483353171516172,1.746926340109491,-0.9140014276584382,-0.5516251673525366,1.3098270463983555
1.3124618210301635,1.3111839428919996,-0.829527834566129,-0.48392667936456574,-0.17432595271243134
-1.5307101817794604,-1.5302004804974758,0.3287681450419521,0.9492984429465134,-0.3140376542133565
-1.3949942569450204,-1.394156496514458,0.5427122881633777,0.2462020891737463,-0.04056902828548795
-1.480604672865746,-1.4769333532895565,2.387996361152246,0.943805466222272,-0.18400396918923637
1.0814671195318275,1.08008043867903,-0.90087173809081,-0.5439994035739385,1.705777617333794
0.2525904112517986,0.25086679481271196,-1.122043410192936,-2.1689669045661457,-1.4357071325297504
0.5782621859407053,0.5765480335608623,-1.1152000066283656,-1.3223795623857668,0.2009663537173601
0.27435830634736236,0.2738621078470582,-0.3225955658452082,0.09936180059981013,-0.3014604432419462
1.6238523925223007,1.6231154076094356,-0.47660085903005744,-0.4857716723962705,-0.06651742050483972
-1.2634346116656563,-1.2650604523594773,-1.0615267293496111,-2.1689669045661457,-1.4357071325297504
-0.3075541726839323,-0.30718024966385943,0.24288975859069042,0.24608697156468526,-0.32961631342710734
-1.5343372393173846,-1.532513413209813,1.1846341420388102,0.9438194670125638,-0.06680012204269538
-0.16105750387338477,-0.15965603187258431,0.9124256443797955,0.9486886307471638,-0.0605806882098699
0.11507306128697103,0.11423039464007813,-0.5485784480682947,-0.5432340270380203,-0.18849110423690357
0.07973834284819434,0.07946240098025385,-0.17955120355647833,0.30364577609510796,-0.2004457703323977
-0.9884657622152185,-0.9880962887658845,0.23857095468371325,-0.47630558251606436,-0.18343255118718754
-0.5239900343579427,-0.5253917375712692,-0.9140057131781419,-0.5758574240598444,1.6441877791024424
-1.357139828896348,-1.3583092672168207,-0.764472931206985,-0.6108018409832734,0.06895375792824988
-1.6209539432784184,-1.6185602462188413,1.5556034412297972,0.944857081137477,-0.2061268682580299
-1.1412440700778343,-1.142963296197273,-1.1220925508188746,-2.1689669045661457,-1.4357071325297504
-1.3373908043963751,-1.3363172288360745,0.6964160236117259,0.9439641418455722,-0.18907755955479574
-0.11609170858327145,-0.11770520349032967,-1.0510919174224795,-0.6247279603929043,1.5497083236584308
-0.9711735320051466,-0.9712266766127331,-0.03663897812528662,0.9463473874818049,-0.05718826975560133
1.7597495773666203,1.759337874012779,-0.2644653480743526,-0.5737510829427039,-0.041320894077657475
1.6486774555447155,1.6483713790879724,-0.1959036039414718,0.9928595684724832,-0.13674469295663408
-0.5964268801472011,-0.5980354319966023,-1.048874875228973,-1.3716063410495691,0.05643970368338166
0.47160789307581513,0.47223941143879683,0.41228435303240024,0.22252986407808575,-0.08718169993682465
-0.8326893067705937,-0.8324937955637427,0.12559651280032888,0.09383771100825514,-0.4842600695605177
0.5939158974020027,0.5947639426982849,0.5535609384432535,0.2352472485925778,-0.05721834438728814
-1.3546062969281303,-1.3554540439708767,-0.5549540157318512,0.1470360471846567,-0.28243222377372196
1.020368436522102,1.019183498526672,-0.7696065552603386,-0.4863970410292767,-0.30197171198062145
-0.6357598243571576,-0.6355670835018734,0.12420314749392022,0.9450064229005825,-0.04052692380112659
-0.5181340877078465,-0.5188652194126622,-0.47725840060329905,-0.47407790121640064,-0.3297336044906858
-1.4077306188573964,-1.408212547353178,-0.3168116856021095,-0.5456810540522461,-0.18797983549822833
-1.3255603078087241,-1.326839604847206,-0.8359566855246713,-0.543927843979117,-0.06744672662396116
-1.2220754815536972,-1.2224655671801854,-0.2566081333984862,0.2187574289162947,-0.30470248853778076
0.41834270631482673,0.4198212632655261,0.9638391671186607,0.1726994957883967,-0.09270039485134825
-1.6794880433095476,-1.6797553749573606,-0.17761443435160956,0.17154365276769126,0.05762464417184071
-0.9053736887808314,-0.9057268030177561,-0.23186825669959155,-0.5423504216063101,0.07179581062265028
-1.7066997597040299,-1.7049985416199933,1.1044213554868185,0.9829765661702734,-0.0527883511398258
0.06284029912609737,0.0632128516188125,0.24277004974029362,0.23197261930780644,-0.3174300726676251
1.530331626206912,1.528714252099712,-1.0501828158426163,-2.1689669045661457,-1.4357071325297504
-0.8408986494778937,-0.8407126052548383,0.11941365067279307,0.9484023923678775,0.07322435562777223
0.04481506828251166,0.04720051267834003,1.5537045274489798,0.9448773045012311,-0.07709166100591078
0.5997694094184589,0.5983850687458137,-0.9003527616546625,-0.551558274687812,0.10600269670319108
-0.32906600507670225,-0.33069647261088897,-1.0625903953401301,-1.5206276416221987,-0.18229873757259596
-0.8075954152303281,-0.8067459070569056,0.5515891708274692,0.2468227908766555,-0.18586558889064786
1.5975782202035955,1.5964108600764206,-0.7569538440357596,-0.6909905895543462,0.09123605254498339
-0.008820158006803296,-0.008758007416041127,0.04045952125784947,0.2383772030443401,-0.20834637607651413
-0.6669472090938008,-0.6655764792262652,0.8913480299692341,0.9430634243368399,-0.1955075158094287
-1.0812529438043563,-1.0806269723480002,0.4054313784738243,0.24604030226371468,-0.08791852841315068
-0.5621833759115265,-0.5638130956727849,-1.0625898239375027,-2.1689669045661457,-1.4357071325297504
-1.6751281549044554,-1.6765062002982087,-0.9009997322793011,0.23789962053107405,0.0690800713813343
-0.15038200516149572,-0.15119685508168312,-0.5310156740682509,0.23433719722365076,0.06777483236612819
-0.6080366271866618,-0.6085301314582128,-0.32268213334322793,0.169258412663497,-0.05784690418954167
0.5791398450476931,0.578643899858696,-0.3217946022125413,0.9423711630391091,0.056842703747984544
1.438522840091346,1.4369253801481556,-1.0374045388907116,-1.320831697236908,0.19920398030051503
0.4624791307145042,0.46734772128212176,3.1718190578087397,0.9682555130007761,-0.18347766313471767
1.026602619958456,1.0300534058532222,2.249597216521277,0.952373949880477,-0.30762273527456685
0.5828207095244239,0.582772565555669,-0.0301394160916294,0.9455602319387671,-0.06417460669643982
0.7003670988313592,0.7001087319270547,-0.16680978207402755,0.23708601905081997,-0.07103463018419372
-1.0837222014444685,-1.0841151224221868,-0.2581660626615263,0.23096922933693825,-0.06733845794988881
-0.8852458412084996,-0.8860875249767248,-0.5500256680723165,-0.48731642625839783,-0.06729033853918992
-0.6788172967724986,-0.6801990403003146,-0.9013292887445343,-0.5461073003344445,1.7017025047402357
1.1914451854286978,1.1912034335461836,-0.1549638913590441,0.23453631957445856,-0.06302876322917354
1.4239221206203514,1.4221947916548892,-1.1220171256720852,-2.1689669045661457,-1.4357071325297504
0.7025758712895707,0.7017936851463248,-0.5079622922235149,0.9419915860578812,-0.669952875447357
-0.7150186892951452,-0.7149436183429504,0.04740077752232652,0.9450748712086733,-0.06126638981232828
0.18795828499965733,0.18757144947285365,-0.251549077387981,0.9478050253154537,-0.03305037036379372
-0.6288205148684446,-0.6288753983522647,-0.03705710199773465,0.23773316669094577,-0.07313985440226808
0.7062241156235752,0.7088171078068332,1.690258041594117,0.9458449146746882,-0.18661444721964862
0.9440603813340362,0.9468602686365929,1.8255026151710134,0.9679288278939824,-0.18490921560300838
1.5356970718235476,1.5364905801691904,0.5200068905186019,0.2339265073751093,-0.16367051070580602
1.3226527682074651,1.3226915956319345,0.02804779909128876,0.9435518963536655,0.05840959205886564
1.3242481976695235,1.3225212501259707,-1.1219766989362114,-2.1689669045661457,-1.4357071325297504
0.926512517662435,0.9248794095751655,-1.0616901505009881,-2.1689669045661457,-1.4357071325297504
-0.7793546939089818,-0.7810752659379345,-1.122213973877153,-2.1689669045661457,-1.4357071325297504
0.8887960804811077,0.8885196542511609,-0.17817840874464844,-0.3570484064591263,-0.28466676890804954
-0.8108858024163353,-0.8116160452915059,-0.4772903991504219,-0.5491625839046538,-0.18418140951618828
-0.3092101578453809,-0.3085867575771803,0.4053678099315493,0.24719614528442044,-0.04167276726839271
1.5537017337415904,1.5540785696921815,0.2486707818206532,0.10041808244511181,0.05638857680951417
-0.8069360960422354,-0.808105124227639,-0.7630577097500862,0.9442690479452474,4.582987556176119
1.0261558263015853,1.0289730921806342,1.836992379198599,0.9436250115918526,-0.08895911066951322
-0.2549195477010162,-0.2563117327222838,-0.9072451629945145,0.10194261294348514,0.20336931678913361
1.5471011671140977,1.5452637013041435,-1.1934908804437956,-2.1689669045661457,-1.4357071325297504
-0.6487889325405328,-0.6474064048813106,0.8990696793717992,0.9504262843866367,-0.058427344581096476
1.3086060029026905,1.310881194317441,1.4845352394727362,0.9440668143077081,-0.039399125112872385
0.6678450040657954,0.6670077331598996,-0.5439108028574164,0.9449955333970232,0.07498071411828013
-1.283476878575484,-1.2851860091863005,-1.1158142644525977,-1.3205159016336736,0.20456929459343617
-0.29897476215391494,-0.3002579881196921,-0.8363733808905515,0.9415046696844211,4.577643294125378
0.2090099845752439,0.2081747632370224,-0.5435333914221558,0.3608094472106458,-0.3027747046466583
1.002907505721689,1.001069093985236,-1.1952425151974542,-2.1689669045661457,-1.4357071325297504
-1.646134957196491,-1.6441977424293617,1.2582495138572378,0.94639250113941,-0.1666930111903271
1.2922872488902184,1.2950849749194224,1.8248216460900566,0.23608729601004882,-0.20130590479863955
-0.04354840942510178,-0.04394447289998755,-0.2580422111420824,0.22883488663921567,-0.05640031440540781
1.0211207407296745,1.0192858839746743,-1.192889193477362,-2.1689669045661457,-1.4357071325297504
-1.343285274188762,-1.3426480998041779,0.41218092915687843,0.9428689689161288,0.05645474099922514
-0.44088880077898623,-0.4422708525921568,-0.9010335878849622,0.23483189181393932,3.211461045269145
-0.9330061467168782,-0.9328308809858586,0.11220154956302675,-0.5432635842619683,-0.06776251025667239
0.28667295878679966,0.28639042263646797,-0.18341417101761284,0.2329822318521372,-0.06743168930811784
0.6274147472244718,0.6270270145354269,-0.2512163782082983,0.9485003978999157,0.20026862226222683
0.7583375930189076,0.7574897670513153,-0.5505963564462248,-0.54938037397585,-0.06980157028503578
1.6263780937436514,1.6276341521291813,0.8214493465393796,0.17200723449066588,-0.0865621625240769
1.204325901595011,1.2061521381944282,1.1919188112822299,0.23295734155828618,-0.06783769683588932
1.3588750053614647,1.3574868114793488,-0.9012782910600574,-0.6145509414945796,0.07625587850179943
-1.4411437840519246,-1.4405482313576563,0.3848690263823337,0.09074353635390348,-0.07242107070495414
-0.9637087614599155,-0.9630783252127807,0.40858452102132914,0.94656206626627,0.06995825062658809
1.6070653595400863,1.6054566266244321,-1.0443947929304704,-0.5515022715266471,1.6912726224712618
-1.1751474500718682,-1.17375150284625,0.9067113324065574,0.23837253611424306,-0.16478928700455409
1.5876552371395336,1.5860185638290012,-1.0626325362838853,-2.1689669045661457,-1.4357071325297504
0.42755175061076056,0.4289068613889574,0.883459388148872,0.9476914633497586,-0.04666214866522917
0.29697062889740444,0.30009141992548977,2.033153044055228,0.9437712420682269,-0.18545958136287635
-0.7421783573897875,-0.7424803409475983,-0.19822692702363623,0.2212526808748567,0.009330800609213392
-0.3183187794257315,-0.3186751609758964,-0.2327712157012124,0.23569527388189546,0.06747709351242905
0.16437140426573174,0.1632063635197405,-0.7584339196908448,-0.5993569727419137,0.056884808232346075
-0.04028868063738118,-0.04147869942213982,-0.77512887595084,0.2856485379974737,-0.15923750999517505
1.091555783582507,1.0925756644905829,0.6665138098774612,0.9512772213076677,-0.1627141374181665
-0.7830568945498567,-0.7826780095193382,0.24512922833731446,0.9447404078850501,-0.1654900259228561
-0.8997193631352849,-0.9014393843625235,-1.1221064073325842,-2.1689669045661457,-1.4357071325297504
-1.0251252367600452,-1.0228883518825036,1.454716879074012,0.9469323093873036,-0.1864400143558653
0.8019557826179156,0.8037663394862361,1.180867170219044,0.10079610378297377,-0.05608453077269658
-1.1997600919671705,-1.2004819725643903,-0.47265560959060715,0.9446299572060868,0.055351002016320386
0.5435894621549892,0.5419843455861052,-1.044258656254542,-1.321965761250494,0.05705924109612939
-1.572394084780944,-1.572654826132483,-0.17309878223956435,0.9435814535776136,-0.08765387165430694
-1.6435492641895415,-1.6434713150020828,0.0473377803826785,-0.4827988379244425,-0.06110097933805109
0.6218565964071467,0.6207475121985248,-0.7210354748904424,-0.543867173887855,-0.6674687108700292
-1.1967254698445107,-1.1972268571988536,-0.3290447015970159,0.10344069750464154,-0.03195565377039492
1.5837219476536064,1.581994142230424,-1.121993983865684,-2.1689669045661457,-1.4357071325297504
0.3688946399472746,0.36805801343169303,-0.544114936445981,-0.6095448811437983,0.07206347484466262
-0.5942310406383561,-0.595404345011531,-0.7653988891643504,0.9428985261400769,1.5963240027729362
0.11740748738072584,0.11759080143179347,0.11963521204148682,0.942886080993151,-0.038352527930172485
-0.6664828020688921,-0.6680945690847069,-1.051115059228881,-2.1689669045661457,-1.4357071325297504
-0.08724811582246181,-0.08710967861371635,0.08998041564479652,0.9490402061478093,-0.047675663753073506
0.2582510241742194,0.25798387555526153,-0.1734517662125126,-0.540127407236743,-0.06667982351594831
-0.5042859646004617,-0.5030145615615271,0.826997094646791,0.23929658827346117,-0.31527372157568306
0.917555209001506,0.9171562443025973,-0.2579262164087624,0.9475141200060704,-0.06601216669250186
1.4802100798569349,1.4808374696296105,0.411700093846096,0.0799738173332517,-0.0742466008483416
1.4967990525411332,1.497167402659538,0.2430253238639919,0.2467776772190505,-0.040117908810186335
-0.9391469121637698,-0.9378818632278486,0.8219513237473682,0.2351492430605393,-0.06441821121310272
0.4898358490632067,0.490446687305257,0.3988536771308984,0.23959838308640452,-0.06561818901740508
1.442928219077667,1.4429768451201137,0.0346804979370819,0.23284533523595696,-0.068923391039782
-1.3856493842189543,-1.3863314053020979,-0.4470834849652067,0.2339218404450123,0.06834925783134563
-1.6374111726722635,-1.6387989646740402,-0.907268876203543,0.10213084579073299,0.19976938337622632
1.057327022479211,1.056366493845477,-0.6233743377145021,-0.5253705742698355,0.1051305323842745
-0.1900056433120936,-0.18937424174047177,0.4108277048850299,0.16753942674441258,-0.02650011558241352
-1.5719186438209083,-1.5719619239416913,-0.03146792719985179,0.94213626089089,-0.04045474468507825
-1.6298716906780462,-1.6284789357982978,0.903683327034408,0.943920583831333,-0.18084312539895597
1.0138347613442102,1.0153412687531234,0.9832855698792445,0.2306752127408234,-0.05563942622373232
0.6067359872426162,0.6069256583281237,0.12479654912225954,0.2333991442741416,-0.0645505395925245
-1.3032430341228307,-1.3041996186547915,-0.6257313735516709,-0.5500835247771407,0.05528483782660941
-1.5295091684505504,-1.5313366907666563,-1.193434740135674,-2.1689669045661457,-1.4357071325297504
1.6600918624957464,1.662001260298203,1.247031737480196,0.9434896706190377,-0.18615731281800962
-0.2699187344478017,-0.2655887268724319,2.819518196701414,0.9490837641620483,-0.16926138473637795
1.2405348559581428,1.239138124140227,-0.9070858845121846,0.9499813703840502,4.594030960931503
-1.5198631865965984,-1.521471099499426,-1.0503856637752698,-2.1689669045661457,-1.4357071325297504
0.2402682629921215,0.23958168332472118,-0.44665964706648675,-0.5418152802885136,0.06306514504397878
0.6420334586380685,0.6433873580161161,0.8831179750791246,0.24676056514202796,-0.18579942470093688
0.10731312277794587,0.10646427423293879,-0.5526208359543677,-0.4259540736988705,-0.18523402162522556
-1.2916690564576103,-1.2919122815956685,-0.16110489824413815,0.2824143554402103,-0.15688868126043765
-0.5686087579270857,-0.5662361425638202,1.54406910779729,0.09742813589626091,-0.08870347630017561
-0.24697024251009803,-0.23977079527685846,4.688397341225596,0.9443546083303597,-0.18599490980690103
-0.6477904309411465,-0.6410318955480508,4.400400417574628,0.9440637030209763,-0.18544755151020165
1.6737204711380067,1.6737440296808845,0.018835931637005657,0.24637476558733754,-0.08811100605594609
1.3339520786208252,1.3357416127937716,1.1682854557708933,0.23776583520162528,-0.4362519349989146
0.6051545095473356,0.604760449060984,-0.2553840461203831,0.29681650171974144,-0.18360999151413962
-1.2733894586006613,-1.272322212606918,0.6924272047219523,0.9495504571717548,-0.03974197591410166
1.4676714277430658,1.469556989414107,1.2311060320070581,0.23278466514469495,-0.15999238325051318
-1.2703152651272271,-1.2674946805438523,1.834361784353662,0.9443841655543077,-0.13639883469223604
-1.0826072550467818,-1.0842340234068104,-1.0617535761926067,-1.5131216623827584,-0.1677877277837259
-0.34300851344691496,-0.3441790374629091,-0.7630638523283285,0.17233236395409468,0.05772389045640709
0.009017887893701962,0.007387855178919398,-1.0616017259444304,-2.1689669045661457,-1.4357071325297504
0.060644422988079684,0.059097734724306496,-1.0072127668751172,-1.3108615789062197,-0.6750625553709406
1.1128546094394083,1.1143405329789253,0.970086169191099,0.9435907874378077,-0.08789146124463247
1.0250703560791834,1.0270166187402479,1.269716278929079,0.943775908998324,-0.042364483797188615
-0.7784770100169849,-0.7775340980477095,0.6124826917034274,0.2352192470119953,-0.2933523225391909
-0.666230088193704,-0.6609927600262434,3.409618117810195,0.9428611906993,-0.18389269305199527
0.20243136956973257,0.20368114822332195,0.8143880957231924,0.9451153179361806,-0.1939285976458729
0.08500152091108906,0.08507345639458687,0.0470280801587403,0.23676400087412264,-0.06223479295264265
-1.391025860700008,-1.3910492848880325,-0.018158531505971628,0.23193995079712693,-0.06579562934435701
-1.4612867239401266,-1.4600345300130393,0.8124894676436886,0.9441663754831114,-0.13699130493646555
-0.278751911448218,-0.2805836139601678,-1.193547306453231,-2.1689669045661457,-1.4357071325297504
-1.3989391137921126,-1.3994409670512453,-0.3297700972322366,0.9447590756054381,0.06523352598859553
0.3132098094317095,0.3160114654904053,1.8253381940650388,0.22075020806773965,-0.18226565547774057
-0.5737481714985407,-0.575349243185816,-1.0439558128621298,-0.5397727205493665,1.7139488947630916
1.0149768150844507,1.014728934034102,-0.1593239791058361,0.24597807652908715,-0.08759672985410209
-0.9439187706298934,-0.9426652199920595,0.814452664220065,0.23564082636409672,-0.0686015924807334
1.5832822260591202,1.5843389810433968,0.6915555300141702,0.9490946536656083,-0.06298966620798077
0.33159749449414533,0.3299824673911244,-1.0511556288154116,-0.6009530628351086,1.5956713832653326
0.9089391657893191,0.907975378612043,-0.6258062272958331,-0.5255230273196727,-0.18458440958079117
-0.45711740557182834,-0.45894799134182285,-1.1931921797204308,-2.1689669045661457,-1.4357071325297504
1.3018582122242741,1.304435892644826,1.681528580807841,0.12121858988771363,-0.08875159571087433
-0.8506179015215841,-0.8522363219192679,-1.0558325593189817,-1.3957965953860036,-0.04167878219473007
-1.5478263585862613,-1.5474572852354334,0.23714316236901614,0.10370204559007723,-0.03251203445660028
1.183077584735347,1.1832678261128584,0.12637062050951783,-0.550677780542833,-0.08821927473001842
0.6863723278696787,0.6847386613206379,-1.062554968377244,-2.1689669045661457,-1.4357071325297504
0.3467240994375219,0.3450928882224123,-1.0616645802334213,-2.1689669045661457,-1.4357071325297504
0.08799775105460382,0.0892447159802973,0.8123167611996197,0.942245155926488,-0.18483102156062267
-0.4959328247535889,-0.4973152853961957,-0.9014147134372996,0.23613240966765384,3.2139752844781597
-0.9116394351586375,-0.912162256957852,-0.3424098090470471,-0.5510635800975234,-0.03913146089086005
-0.4339422080069703,-0.43387822925962144,0.040763078903545386,0.2319415064404925,0.2012640925710591
-0.3038136796426218,-0.30362109186269803,0.12479612057028922,-0.544736778529274,-0.14316562682176107
0.32786524257803895,0.3292180453245889,0.8817481801310875,0.9453471087976679,-0.16760427253043644
0.20879784814673177,0.20763312610435053,-0.7581336476102551,0.9463022738242,1.7111760137215706
-0.5463120378131895,-0.547481624441865,-0.7628775750718636,-0.4210724648173443,-0.16355321964222755
0.35298994342000994,0.3524928007648004,-0.32304640251806316,0.23539814599904949,0.05972686092674648
-0.4879910627595651,-0.48938229485664475,-0.9071108833771243,0.9434181110242164,4.581342473822851
-1.650409332056006,-1.6493343458560934,0.6966815829827138,0.9443343849666057,-0.207432107273236
0.8603323557110951,0.8609316601810091,0.3921149830977612,-0.4700534518293679,-0.3188977146939398
-1.1290046094340205,-1.1283603077602913,0.4172699838053111,-0.5392811372458095,-0.06799709238382916
-0.5569168064697715,-0.5558573299761763,0.6888620808802418,0.9439516966986471,0.006708292726126268
0.6165938326706439,0.6171934076716632,0.39178256961939184,0.9440559248041481,-0.3358688293547884
-1.54733377824407,-1.5436735535987551,2.380631124138392,0.9430432009730859,-0.0893019614707425
1.2686673104375201,1.2688467082432844,0.11948693305973046,0.9426994037892686,-0.041092326876837906
-0.12004131252728943,-0.11964676890515606,0.2567109881878781,0.24574628566759985,-0.08796063289751221
-1.0698427735545324,-1.0691994990750509,0.4167244371469991,0.24694568670254471,-0.08701929692571604
-0.5137690405114732,-0.5153977735282198,-1.0618461434182118,-2.1689669045661457,-1.4357071325297504
0.9882035887107704,0.9870359718385368,-0.7583926358510302,-0.6750156878321055,-0.08519677424549733
1.163748646180546,1.163248833955727,-0.3230932575334929,0.23186372427220833,-0.061882919761907254
-0.6587665106189569,-0.6592690780512588,-0.32869071766947017,0.943036978399623,0.2028730853663019
1.139189111979722,1.1374626939675743,-1.122017982776026,-2.1689669045661457,-1.4357071325297504
-1.7172326823218849,-1.7161648135373457,0.6919066569285801,0.9453844442384448,-0.19633757564398377
-0.26676167152865904,-0.26758550806595827,-0.5371113972951399,-0.6085430468162958,-0.06936849558874625
1.588552612172945,1.5869265018247445,-1.0557511344446067,-0.6752272553298388,1.4520800542768133
-0.131232286569053,-0.13103910723720025,0.12554151529746166,0.9444152784216217,-0.06398212905364442
-0.279567759593804,-0.2794373254366883,0.0843668133846012,0.23404784755763294,-0.1732522883612134
-1.0786680711154082,-1.0763282522034856,1.521644840245093,0.9474036693271063,-0.15804956204354725
-0.6769207625692818,-0.6759954148864226,0.6012552014817231,0.945658237470806,-0.06559112184888705
-0.4958917722243489,-0.49752165744252774,-1.062559253896948,-2.1689669045661457,-1.4357071325297504
-0.24622191750284111,-0.24515125828512965,0.6967935778976434,0.9431054267077131,-0.1957631501787663
1.2860514500415432,1.2883201724724491,1.480275004335046,0.9680626132234308,-0.1849362827715264
0.10418955186357653,0.10336671907833575,-0.5356836049804428,0.183083415254358,-0.03329698234362521
1.1231839234265835,1.1215677860241238,-1.0502269566955669,-1.3867831977252125,0.07645737853410096
1.2186059291488693,1.2189587614243342,0.23233823767695466,-0.5297854901416553,-0.16600129466153135
-1.4255623643208457,-1.425375297230883,0.1188598186763869,-0.5390991269720242,-0.20416600227205203
0.2479249228067681,0.24810675205763388,0.11894052929747782,0.23709379726764845,-0.06375055438965625
-0.3830723423524818,-0.3816129064983649,0.9497135227718362,0.23642175933367165,-0.16267804786014237
1.6538678080126816,1.6535867027415354,-0.17962934286574692,0.9422949365141902,-0.06369040512628264
-1.706257104924348,-1.7065594111722997,-0.20044882613947404,0.9688139889690577,-0.08810499112960872
0.07787481569705004,0.0815564680676585,2.3979780507960142,0.9447512973886101,-0.17053354165672865
0.6709806843214849,0.6720395266022289,0.6910112690117695,0.947202991332933,-0.07664956392011511
1.1271304255157417,1.126281730289624,-0.5503929371109444,-0.5501644182321563,-0.0415284090362962
0.8451176580458372,0.843964526786815,-0.7492569077968206,0.09744524797328379,0.20054530887374514
0.5604517959430001,0.5591663515995189,-0.8360248252879641,-0.680059083623663,0.06223207774625513
0.5340361665843895,0.5324132795608219,-1.0558522727096198,-1.3219502048168372,-0.18628663373426282
-1.5114841545306286,-1.5128535173972883,-0.8950034331095436,-0.5455939380237675,0.07824080419312673
-0.22063115013703158,-0.21884280200403364,1.1642690667043576,0.22172092952792835,-0.18537837985732206
1.0907079697939046,1.0890764846839986,-1.0602904997656803,-2.1689669045661457,-1.4357071325297504
0.34641101257013485,0.344807006560204,-1.0439468132707517,-1.3211957177844789,0.20325503318872393
-1.4696291474509273,-1.4690088067342928,0.4009537246364875,0.24574784131096575,-0.18489417828716487
1.5174309442900569,1.5169109186575667,-0.3355199790190175,-0.5491641395480197,-0.04106225224515126
0.694665377010253,0.6938288477267667,-0.5433718273293171,0.17013423987837864,0.06389520487853384
-0.9572979778147349,-0.9573674613251295,-0.04725135341881827,0.9675896976402621,1.358027658602754
1.2652922065549463,1.265481170751781,0.12571036477379702,0.9436872373264799,-0.06722417434947894
0.14421345255810475,0.14460518317790402,0.255430332049683,0.9455135626377968,-0.19077076131876125
1.206607511930988,1.204975691675533,-1.0602669294073086,-1.0481071918682066,-0.18274985704789776
0.3047435900643692,0.3043666325511735,-0.24487195198792366,0.943866136313534,0.07466192302240013
-0.2202806758510465,-0.22200291651461102,-1.1221341203600028,-2.1689669045661457,-1.4357071325297504
0.6461115195556977,0.6453590243990861,-0.48874273630592646,0.2284630878748163,-0.053158269109573116
-0.3281881814674416,-0.3277016731428845,0.31617214552812173,0.9426807360688806,-0.18134236428495648
0.0905370949977952,0.08914314360959082,-0.9076747149195065,0.0991564556755394,0.20086710743279357
1.1901264099672852,1.1889583531979981,-0.7582577848310127,-0.6118830131224261,-0.07193085420845975
-0.6647521695046753,-0.6642286993135881,0.3395426558309496,0.23267265882236574,-0.20776593568495932
-1.2896307289718425,-1.2901521986743418,-0.34231795607472604,0.24773595353231367,-0.18545958136287635
-0.8821761886558096,-0.8815663940849846,0.39531098084230537,0.2333586975466336,-0.06946774187331263
-0.575067051583399,-0.5762385637512963,-0.7641916582637495,0.23147792471751788,-0.05433719467169481
1.4752859798012246,1.4743309127708628,-0.6189451102498199,0.9444246122818157,-0.04046978200092174
-0.6312446293561285,-0.6314990130100283,-0.16699420227195394,0.23210484899388967,-0.06566630842810398
-0.76500829626806,-0.7649697321523377,0.023520004673415786,0.17087628176381148,-0.1867287308200583
-0.6418912294053792,-0.6408283590731476,0.6908951314277927,0.9475483441601154,-0.1729274823389962
-0.4313043041719354,-0.4315694099682753,-0.17356018986102228,0.23298067620877164,-0.06336860656723405
0.47176878353690693,0.47239831179062086,0.4109885547245845,0.23121190970198552,-0.06792190580461221
-1.2063778558816185,-1.207986540678875,-1.0502342420790636,-2.1689669045661457,-1.4357071325297504
1.424889686580287,1.425516435913198,0.41116754659755256,0.23585861643529263,-0.0645505395925245
-0.9940368760309919,-0.9889939796188698,3.2823030413415055,0.9482157151639952,-0.07487516065059513
-1.6446939069762228,-1.646521225406341,-1.193542306680243,-2.1689669045661457,-1.4357071325297504
-1.1255553400306704,-1.1259285646489585,-0.24542535543235963,-0.4017840427261899,-0.20482764416916113
0.6609102065454263,0.6591852066394263,-1.1220924079682177,-2.1689669045661457,-1.4357071325297504
0.4374773117544443,0.43718974429076146,-0.18637632223697853,0.23215929651168873,-0.201104404766338
1.2978269921225312,1.298199994676053,0.2456402051366813,0.9446828490805199,-0.16273819712351598
-1.5892994392033892,-1.5895799247245403,-0.18599319677544598,0.9450437583413593,-0.07243911548396623
-0.03827559569640029,-0.03922979451802897,-0.6215379925213623,0.9461187079070488,1.4365645517896048
0.2946554039476269,0.2952665036595203,0.3986166878912703,0.23860743826246184,-0.06828881631119094
1.352247749007855,1.3509691698349526,-0.8299013890336562,0.10028118582893121,0.19590479320447549
0.2823745374236902,0.2820885515158438,-0.18566992573911184,0.9477179092869755,0.19814535326514038
0.7494378395359095,0.7504966320135978,0.6911425487653668,0.9426574014183955,-0.32791709673680447
-0.9579772504705328,-0.9598067831415656,-1.1935514491222783,-2.1689669045661457,-1.4357071325297504
1.5231216641991452,1.522271821969574,-0.5503136549964215,-0.5009391952117196,-0.1845994468966345
-1.0287681130558772,-1.0304878168868439,-1.1221689759202615,-2.1689669045661457,-1.4357071325297504
0.5660834856371094,0.567771533998719,1.1005866724557298,0.943737017914182,-0.08738019250595741
-0.8334967488500297,-0.8320152689775621,0.9631306278609422,0.2459578531653335,-0.08520880409817207
-0.5350574954870762,-0.5366587110967526,-1.0439688122718986,-0.5406921057784877,1.7121714840304032
0.7671554467422625,0.7712472987650324,2.6665744267472316,0.9436374567387779,-0.22914298388792081
-1.067256822388683,-1.068654781811688,-0.9127010581296049,-0.5454259285402734,1.703019773608117
-1.2493908593845138,-1.251100102056476,-1.115816121511136,-1.323527627189644,0.19874684589887587
-1.1926113447645679,-1.1903493633791624,1.4707124385183237,0.9424162766967135,-0.18445208120136938
1.6144540576541924,1.6127367044702867,-1.1151224387217245,-1.3218506436414332,0.20198889119471056
1.1236342170338143,1.1220024369239623,-1.060413922733154,-0.7254838699017261,1.3549209491495096
1.005761056902415,1.0039261427618886,-1.192958618896566,-2.1689669045661457,-1.4357071325297504
-1.5334669823740088,-1.5332703793992155,0.12484526119622778,0.23614329917121343,-0.06317312146127005
-0.09155984783215655,-0.09010531309258323,0.9471297829423287,0.2959811212323674,-0.28194802220356496
-0.9515902705235912,-0.9470224211652629,2.972999227975814,0.9669409943567705,-0.13440488661140276
1.309706198052553,1.3094260550819712,-0.17972076728609765,0.23872411151488843,-0.07444810088064296
1.321576035687796,1.3217353070636886,0.10648923749898395,-0.5363565277183175,-0.1847768872235866
0.12311790084392811,0.12148959853038672,-1.0602366450680676,-2.1689669045661457,-1.4357071325297504
-0.38348898120735725,-0.38467792408496343,-0.7751443038217743,0.9501602693711043,4.594376819195902
-0.5847362392246617,-0.5855504853508142,-0.5315287936274697,0.23231486084825742,-0.05729052350333631
-1.4593354554439566,-1.4592678542725845,0.04098264036304419,0.23917369244757197,-0.06838806259575732
1.1451139545944498,1.1437173539088108,-0.907199593634996,0.9475063417892422,4.589246087030137
1.4484212506832124,1.4475929400184222,-0.536446284637088,0.2320706248398446,0.07984678952520076
-0.6383254597116284,-0.6387289467756782,-0.26411822097833326,0.9464796171678882,-0.16330961512556463
-0.9667791924373613,-0.9661544093801679,0.4048962599134587,0.945561787582133,0.08105578971900926
0.923270638687353,0.923449641334304,0.11850883461263371,0.23588195108577809,-0.051789873367824785
-1.1804417245477685,-1.1798164095848724,0.40479683585632725,0.23640931418674616,-0.056349187531540154
0.7306407923218099,0.7305919633058398,-0.030277124124782746,0.9457624655763064,0.06618689181306642
-1.6386677281099558,-1.6395988384021756,-0.6098402379374785,0.22217517739070924,0.05860206970166104
-1.140499777350293,-1.1417695147037263,-0.8293444143228003,0.16838725237871205,0.07226196741379538
-0.4383411102097994,-0.4400622124513966,-1.1218477047931228,-2.1689669045661457,-1.4357071325297504
0.3048206751714866,0.3067411294935903,1.2514046817860995,0.22287366126190264,-0.08880873751107934
-0.3036047718453875,-0.3031288951814299,0.30929917187759437,0.22168359408715183,-0.32775770118886444
-0.7997228516657814,-0.8009924240569158,-0.8285258800593471,-0.5458863989765168,-0.16106604760173113
-1.3870956004686037,-1.3880417431147873,-0.619105674388061,0.24523447900028875,3.1866945860750837
0.4369669515679149,0.4353530072845326,-1.050230527961987,-0.6085834935438037,1.5809197764229685
0.18545938843667809,0.1838272991496056,-1.0625729675600006,-1.520839209119932,-0.18270775256353622
1.3975628324128972,1.3983634877664113,0.5243734065449497,0.9672225658059599,-0.0884027299833077
0.5278925964834116,0.5284850952123263,0.3869887872785609,0.9441088166785813,-0.28185479084533593
-1.1021850004381188,-1.101651023454336,0.34547281514660966,0.3004271499715012,-0.19245794815638959
0.02422590698601246,0.022614174508963896,-1.0496512685486705,-0.6025040392706985,1.5926729424861612
1.3639788930220427,1.363279739585323,-0.45250395313741115,-0.5438749521046834,-0.06860459994390217
1.657019790224289,1.6575842197505604,0.3710637960587074,0.9446424023530119,-0.08587044599528117
-1.1277810305606462,-1.1276399949725768,0.08950143739255237,-0.4859459044532273,-0.16619978723066395
0.9975621993506594,0.9994832008660084,1.2532065999709507,0.10087233030789239,-0.16059086842107992
0.3134303556550899,0.3130525254289953,-0.24542221271791,0.23537325570519846,-0.054797336536502546
1.499557188016793,1.4978296939267737,-1.1219668422408924,-1.3896082460773003,0.07099582541978204
-1.1772450711955882,-1.1781917545902452,-0.6190199639939821,0.24609630542487965,3.1859788098409387
-0.7561926740728728,-0.75757400080566,-0.9012192937387998,-0.5453761479525713,1.7031160124295148
-0.1268460225275175,-0.12666278481971976,0.11907580886946563,0.23414896437640256,-0.06704372655935827
0.29521195439838693,0.29392708460291445,-0.8362041028622456,0.29549420485890737,-0.18413930503182677
0.1824200231651469,0.18217209837411327,-0.16108975607451761,0.3084184899410357,-0.2033148901953163
0.4022358542602936,0.40173827219683067,-0.32322982276139195,0.17092450670814796,0.05591941255520047
0.5191124754140919,0.5207862514132281,1.0911932418166563,0.14645734785262107,-0.18243407341518653
1.2805161810517194,1.2815873660537327,0.7003218462699,0.1712776377521589,-0.08758770746459613
0.44422038516568035,0.44238643230920127,-1.1935043084055348,-2.1689669045661457,-1.4357071325297504
0.41220212796185357,0.4123935365485986,0.12552223045879388,-0.47423813248306634,-0.07365713806728068
-1.6330253705531106,-1.6320040842891677,0.6617437407456588,0.9458962509057555,-0.062273889973835414
-0.27611411640401934,-0.2757023135144307,0.267626064023165,0.23601573641522722,-0.05861982222389188
-1.496098329098826,-1.497816345245426,-1.1220449815501607,-2.1689669045661457,-1.4357071325297504
0.4946603232523444,0.49573110037610135,0.69841636135887,0.1714814270330637,-0.06184081527754589
1.158842234944583,1.157684126798645,-0.7518436474901208,0.2343340859369193,0.06868308624306878
-0.0788268937488681,-0.08011769530755627,-0.8408478920134386,0.24548804886889594,3.2320621679745876
0.7373011114389282,0.7365553908914121,-0.48414023099454817,0.9438630250268029,-0.08542233398314815
-0.08931841947939125,-0.09071091793551032,-0.9071037408442844,0.9435845648643447,4.5816642723819
0.6196637488656431,0.6196258829254334,-0.023368580660712335,0.9498164721872872,-0.0529026347402355
-1.6597772355389646,-1.6560839281628608,2.4019428707754455,0.24249032410321691,-0.0834133485864714
-0.49662689559519324,-0.49644182367636663,0.11949878966424471,-0.5496168317674344,-0.03902920714312507
0.706569074258015,0.7073821518389122,0.5310219618136476,0.9683379620991579,-0.18241001370983706
-1.6033677071486085,-1.6036098575113895,-0.16105532906622913,0.9443437188268003,-0.1996548075190354
-0.07224234152732,-0.07100867959291585,0.8033183126265929,0.9440543691607822,-0.2816172012550102
-1.3510181439584334,-1.350638996932321,0.2441147029727343,0.23352981831685926,-0.17289440024414066
0.5521182823139779,0.5505135009810582,-1.0440225241188545,-1.3201829939534167,0.205212891711533
0.6401505781235106,0.6387557183608231,-0.9071194544165322,-0.5998501116888364,0.05593745733421255
0.730712561812146,0.7295367804553113,-0.7642473700199007,-0.6084605977179145,0.07190708675989156
1.4793325602478746,1.4777247847010937,-1.044037809139132,-0.5405956558898151,1.712357946746861
-1.6478902876933026,-1.6488297121848248,-0.6152744197727354,0.235818169707785,-0.06444527838162076
0.48960425267380797,0.49011260312211774,0.33210413643015846,0.09729901749690914,-0.03978408039846319
-0.7210250684484977,-0.7205116490933073,0.33287924409394504,0.23549148460099062,-0.07641498179295819
1.0572089061184804,1.055812526539272,-0.9072390204162722,0.10046319610271648,0.20141446572949295
1.069235673438754,1.0697341197922583,0.3268632315335494,0.9463956124261411,-0.06478512171968127
-1.524233664342008,-1.5232694751371727,0.62478413316294,0.23373205195439853,-0.06476106201433199
0.4786294493142998,0.47679625807227327,-1.1929364770447624,-2.1689669045661457,-1.4357071325297504
-1.491792219118813,-1.4935106048244018,-1.1222766853154873,-2.1689669045661457,-1.4357071325297504
-1.286662934033229,-1.286457661200327,0.13100683857590062,0.2469207964086937,0.055970539429067954
-1.3255191984713657,-1.3273473392667174,-1.1934118840305863,-2.1689669045661457,-1.4357071325297504
-1.561091973442216,-1.5624701894317272,-0.9008728808960644,-0.5413345864885164,1.578889738784111
1.058524467424815,1.0604369917250853,1.247812702020911,0.23438386652462134,-0.06726928629700925
-1.413091557769761,-1.4138376284057055,-0.4888554454741402,0.2873068538252962,-0.16545694382800055
-1.013380804252245,-1.0123075671218924,0.6968717172069119,0.9445008388067346,-0.18609415609146743
-1.204066275863538,-1.204309069931998,-0.16064134786282833,0.23811274367217328,0.06683048893116343
0.6074905675036385,0.60726343151775,-0.14666326824447626,-0.4779607870571557,-0.730832952370901
1.1591428518816678,1.157306434957342,-1.193617303275062,-2.1689669045661457,-1.4357071325297504
0.20044475128978612,0.20105560363107505,0.3982589898466481,0.2344460922592489,-0.0698105926745419
-0.004609981804348152,-0.005444450282898545,-0.5434888220172348,0.2208124338023672,-0.08483888612842458
-0.8032315524503203,-0.8048592939986501,-1.0618044310264267,-2.1689669045661457,-1.4357071325297504
0.35959157624156785,0.36000168979181174,0.2678523394635334,0.23659443574726288,0.06758536218650156
1.2216760302444236,1.2229353599526742,0.822735431002533,0.15842491226485214,-0.2973011216796648
-0.8831021905941041,-0.8829402554204774,0.10362365332361372,-0.4746410441147793,-0.08787642392878915
1.6489265966498703,1.6473009353008052,-1.055332724870845,-1.323148050208416,-0.16288556281878108
-0.7126691430298022,-0.7135014067513549,-0.5435303915583631,-0.5446481068574299,-0.18588664113282855
-0.3315104759529921,-0.3322052534530181,-0.45319192190055085,0.2363144199414391,-0.07069779430930181
-1.5785479750965206,-1.5781550407090725,0.25261945967586663,-0.4884831587826632,-0.1634449509681552
-0.48355255674417996,-0.48206840466392253,0.9656012299702654,0.9435083383394264,-0.16469906310949384
-1.0292056693617782,-1.0304862163945239,-0.8361523909244847,-0.5426024358315514,-0.06806024911037137
-0.21246504432982077,-0.20966006867032363,1.8264032885621257,0.9484879527529905,-0.06167841226643729
0.3209719059912201,0.32071496981710146,-0.16666964557970856,0.9495769031089717,0.06334784658183461
-0.2514974426676742,-0.2528900242452758,-0.9074962944491657,-0.6821996488948483,0.06518540657789663
-0.6629906776300625,-0.6614799591444701,0.9825291756514984,0.15989966217552343,-0.066309905546201
1.100376272851611,1.1009945162008266,0.4049505431630419,0.9449084173685443,-0.19298124674773937
-0.08264525448944297,-0.08404629112975213,-0.9126506318477552,-0.544329199967464,1.3401723497703137
-0.3185173273084851,-0.3192110197105724,-0.4524580980765789,0.23654154387282939,0.21191652711451583
0.13801713271959493,0.13674257767138565,-0.8298142501330094,-0.5460621866768395,0.06543502602089689
-0.5282275049968701,-0.5295098264639854,-0.8362626716315328,0.9429031930701738,0.057775017330274576
-0.8071929196228755,-0.8088027245882949,-1.0501308182035418,-2.1689669045661457,-1.4357071325297504
0.6304054511882956,0.630465682045763,0.0405430888920765,0.1594547481729369,0.07738969211639084
1.5468284131333405,1.5451006796352444,-1.1220241253542682,-2.1689669045661457,-1.4357071325297504
-0.3082074081392967,-0.30770490911967163,0.3266283850537732,0.9481674902196591,-0.05910402379404906
-0.8487935153832679,-0.8481886325357378,0.39218169435448597,0.9433667747931485,-0.06992788373812037
-1.3167265386001252,-1.3181060360733756,-0.9011975804389665,-0.6138680140570427,0.2077722428680779
-0.7553701368261938,-0.7531081686014998,1.4716162546238858,0.24183384260289673,-0.19693606081455065
-0.5860578502665882,-0.586881775827814,-0.5378356501251064,0.234982789220411,0.19600704695221047
0.5726706148415981,0.5710476095187164,-1.0558487014431999,-1.397265122723212,-0.04083669250750029
0.9992563836945889,0.9990065072679489,-0.16065634718179206,-0.47649537100667844,-0.07231881695721916
-0.08154285347376775,-0.08185233836287653,-0.20173391064802995,0.9486310719426336,-0.28854940385881245
-0.910504402594745,-0.909003193065092,0.9758196231523478,0.9461591546345568,-0.20208183029615834
-0.11081254068010489,-0.11074028708211127,0.04682666073265498,0.9434912262624036,-0.1980097251657686
-1.2965050194854941,-1.2976647012563725,-0.7579920826093682,0.09433084995517814,0.20717075023434212
0.4382856278892908,0.438048585753418,-0.15346810213171105,-0.5385375397170111,-0.20942605535406944
-1.3309939992770083,-1.3309255584335202,0.04179731765876389,0.9684406345612931,-0.08773808062303
1.3500824909102331,1.350050725003028,-0.017871544536464324,0.23179216467738673,-0.06169344958228062
-0.4116017302884568,-0.4132319540001473,-1.062603823301869,-2.1689669045661457,-1.4357071325297504
-1.0986699419697332,-1.097596511854398,0.6968194338665238,0.23376472046507804,-0.06911286121940863
0.904144728399213,0.902511450269245,-1.0618475719247797,-2.1689669045661457,-1.4357071325297504
-1.564064929146138,-1.559599406513974,2.9050770262334185,0.2174444659156547,-0.1728883853178033
-1.681245014223026,-1.6804262593571329,0.5297368773050918,0.23735981228318084,-0.15656086777505185
-0.5349656736083342,-0.5353560369048055,-0.2553551902877099,0.24711836311613594,-0.0410562373188139
-0.498913214424896,-0.49975642506659224,-0.5502139452379763,0.9442597140850533,-0.16084349532724893
1.4406468243493364,1.4430192275692735,1.548123637989191,0.945606901239738,-0.07340150369794306
-0.14598298934243012,-0.14759506040199497,-1.0502269566955669,-2.1689669045661457,-1.4357071325297504
1.4853826500678626,1.484086778522187,-0.840885890288147,0.22190760673181098,3.1864750412637703
-0.35876728878125785,-0.3601403773527692,-0.8950245750067497,-0.541838614938999,1.7028272959653215
0.26307569357272087,0.26369769192024917,0.40564894002412794,0.9448804157879621,-0.07537139207342705
-0.14818101059008776,-0.14796175080520094,0.1424920313824687,0.2360235146320557,-0.6839887060555762
0.37862438701664575,0.38451224376151816,3.835479781785052,0.24675745385529652,-0.18322202876538005
0.12535347510913822,0.12352065530769744,-1.193431740271881,-2.1689669045661457,-1.4357071325297504
0.8597700961541165,0.8646700031539541,3.1930440940971168,0.9450593147750164,-0.18231678235160806
1.74438179695682,1.7456414174106163,0.824015515738101,0.2473734886281087,-0.08939218536580275
-1.2128042784288886,-1.2139827091566098,-0.7700283932498636,0.24533404017569282,-0.18372126765138055
-1.35601186356944,-1.3549357103748707,0.6980559491517683,0.9442083778539854,0.05291495684969147
0.7942077075741464,0.7925910449771226,-1.0512554814245134,-2.1689669045661457,-1.4357071325297504
-1.172086719683793,-1.1710027071852098,0.7035584136009749,-0.5453714810224742,-0.34352282311907334
1.4662150088431085,1.46749810617946,0.838725276420573,0.945491783630677,-0.06036715832489365
0.2732199484248552,0.2738519966924102,0.41221549901582355,0.24666255960998945,-0.08519376678232858
-1.3488974488685574,-1.3466414270634015,1.4665049152729925,-0.5251838970659528,-0.18492726038202045
-0.47964816131482735,-0.48152748673288387,-1.2249827362869097,-2.1689669045661457,-1.4357071325297504
-0.735467322660577,-0.7364166806935387,-0.6198400696146601,-0.5448830090056487,-0.05057786571084769
1.603993243620692,1.6046212018756423,0.4123286367360075,0.24681190137309555,-0.08878167034256114
0.8168676908194032,0.8155735207338871,-0.8411727344069976,-0.4192088040652511,-0.1743018930070819
0.9241246967629021,0.9228482780043944,-0.8293876980718101,-0.5995607620228185,-0.03990738638837885
0.1305815297433847,0.13095057231053805,0.24062543282978363,0.2468227908766555,-0.13828150663582836
-0.7755469692273699,-0.776487944588348,-0.6144641708473767,0.9663560724512726,3.1883095937966637
-1.0925149988396095,-1.092917817023018,-0.26463034058295454,0.943942362838453,-0.06643020407294806
0.35535658805160825,0.3568241277873881,0.9565323560234372,0.24689746175820823,-0.08682080435658328
1.5022650044405064,1.5036301046688314,0.8922079909231587,0.23559260141976027,-0.06669486083179163
1.5065262774616546,1.505361691281712,-0.7553372031527754,0.16208845239104505,0.07796411758160844
-0.18291481494711348,-0.1840778963709841,-0.757882516155604,0.9460953732565637,0.07201535543396373
1.175178159265638,1.1742414878790495,-0.6075904829435652,0.9663125144370335,0.1987739130673941
0.5111112379522702,0.5112931230251367,0.1195260741396933,-0.47675205216201677,-0.08747041640101766
-0.792213350978495,-0.7924772015211726,-0.17349576421480634,0.9456846834080223,-0.0628723751444023
0.09721682472511782,0.09636433136574822,-0.555015727215588,-0.35044625601515006,-0.33074110465219275
-0.6102350281055656,-0.6115070204147904,-0.8297065407377835,0.9448648593543052,0.20261143607062673
0.9408557621237881,0.9406165789877895,-0.1538138007211625,0.23061298700619584,0.06490871996637834
-0.12442988289069233,-0.1251551699659658,-0.47263032502435387,-0.5491128033169518,-0.18642497704002198
-0.8429255026011155,-0.8423003043839008,0.40542509304492536,0.9440030329297143,-0.08760274478043945
-1.6514458145981912,-1.6488508802694926,1.6866032075399375,0.9459133629827784,-0.19412408275183704
-1.5416271838656375,-1.5428953618587415,-0.8291658510018026,-0.5000447002764495,0.20094229401201066
0.329327851588861,0.327613545741881,-1.1158194070762424,-1.3223002245741167,0.20111973433896274
-0.314140030395519,-0.31374852933236935,0.25432438226475224,0.29655515363430607,-0.18490320067667101
-1.3532174810049387,-1.3535898419724812,-0.24533793083039915,0.9427631851672618,0.06901691465479226
-1.4459228744766421,-1.444871287013123,0.6818689698273472,0.22098199892922696,-0.18393179007318805
-1.1624545073281,-1.1622848270525576,0.10808502218607555,0.967406131723111,-0.08776514779154804
1.4032682493937279,1.4015410032716744,-1.1220062690221686,-2.1689669045661457,-1.4357071325297504
-1.5097749522258561,-1.509587691432741,0.11881024949847775,0.09745302619011192,-0.06764521919309392
-0.9387530603830859,-0.9388236256339211,-0.04791718033015434,0.2360546274993693,-0.06426483059150008
-0.13991311450506408,-0.1381178628016518,1.1689337120514431,0.23374449710132403,-0.29506958400850586
-1.6987926486881266,-1.6996322836664874,-0.5503889372925541,0.9428534124824718,-0.18484906633963474
-1.2383859808421105,-1.2388866436087975,-0.32865971907694497,0.9436825703963828,-0.037970580107750444
-0.11652748497457845,-0.11589616155937615,0.41093012880595414,0.9453751103782507,0.06267718229521939
1.2816627050863947,1.2820142978736448,0.2316625540702998,0.1465117953704201,-0.1850866559299603
-0.2334277598005429,-0.23282346169258888,0.3930849390574205,-0.5418121690017824,-0.20092094951304873
1.650871929904031,1.6512362557350397,0.24072585684151265,0.9439081386844079,-0.08830348369874148
0.4589645751844012,0.45989449372387403,0.6066023872669899,0.14752140791475124,-0.28442316439138665
-0.41903617034326524,-0.42031833586554074,-0.8359332580169565,0.9468249699950706,4.587928818162255
-0.16487480675467625,-0.16338446898906023,0.9702948740006809,0.24698924471678382,-0.18467463347585145
-0.95405940774804,-0.9543031883831009,-0.16076219951847942,0.23401206776022232,-0.058481478918132726
-0.08405220382719154,-0.0854446787982221,-0.9070774563234337,0.17103184610038016,0.05833741294281747
-0.17190033846475808,-0.1718532107888131,0.030334980957283424,-0.47492105992060313,-0.08787040900245179
1.326003814838963,1.3247086916944064,-0.8407310401761778,-0.5507726747881401,-0.18514079026699654
-1.0940285149431694,-1.094766989264562,-0.4832422717659152,0.9461949344319678,-0.05626197109964849
0.8793185344785054,0.8786298617064031,-0.44668936000310083,-0.5421590774723305,-0.2052847785708001
1.3570752656116976,1.3596719355471873,1.6940114426014874,0.9483899472209523,-0.15787813664293268
-1.1203250295219205,-1.1212833316660595,-0.6264683400900923,-0.5398085003467772,1.3364611402201656
0.824491698029541,0.8255397802702279,0.6843237155137658,0.9427040707193657,-0.08649299087119733
-1.5894792079453302,-1.590326323102448,-0.5550325835930903,0.9440481465873193,3.1853682948176965
1.1876589728189937,1.1863714513818866,-0.8360688232902578,-0.5436198265927107,-0.199200680580565
0.6805943506909198,0.6820822708963415,0.9704845796729089,-0.4860174640480489,-0.2043133679673173
-0.4968095492683297,-0.4970648207405528,-0.1672919030407212,0.9444650590093236,0.06744701888074224
0.7650040822872812,0.7636180385464604,-0.9011171555191893,-0.5430893522050115,0.07101086273562553
0.560503985714795,0.5595568704096281,-0.6156751158650543,0.9421829301918605,3.214417381563955
-0.6974008417505473,-0.6990300618235731,-1.062546540188493,-2.1689669045661457,-1.4357071325297504
1.1609039489508257,1.161092895568317,0.12548108946963613,0.2369086757071314,0.20582340673477478
0.17578506130573404,0.1745004146906125,-0.8363079552897379,0.9428067431815009,4.580160540797561
0.41681997062654225,0.41564690161555884,-0.7631358490593546,-0.42650477145032367,-0.1820491181295957
1.401492902041001,1.4031752544208171,1.098620190314247,0.94629138432064,-0.16568250356565134
1.1096036431394296,1.1079874961682314,-1.050261526554512,-1.3847655282799163,0.06484255577666737
0.9803043808227349,0.9809341748157122,0.41222278439932014,0.9443250511064116,-0.04016602822088523
-1.3076330064842723,-1.3092602725027647,-1.062547254441777,-2.1689669045661457,-1.4357071325297504
0.9787615396666447,0.9788085115489611,0.032634590830419356,-0.551438490148654,-0.03983520727233068
-0.8817886803021092,-0.8814304031236431,0.23150156138008826,-0.5499917418185651,-0.1837332975040553
-1.2397923151606944,-1.239596523476449,0.12492968593439521,0.9421564842546439,0.06931164604532247
-1.2940223516200868,-1.2925146663717528,0.9792368965642724,0.24527492572779674,-0.08597269974301615
-0.9781829440278292,-0.979123448254541,-0.6145801655806967,0.23887189763462865,0.19965810723898506
0.6563432700961304,0.654728902376391,-1.050048536225226,-2.1689669045661457,-1.4357071325297504
1.203517166966382,1.20442376155895,0.5929654350170719,0.1965506198711114,-0.18293331230118703
0.9280741923547561,0.9300103379109975,1.2629247301529263,0.2459562975219676,-0.18670767857787762
-1.3897056650356385,-1.389079003171092,0.4052373872818925,0.9449177512287383,1.443599008141142
-1.6500627303728637,-1.651688865048476,-1.0625249697393164,-2.1689669045661457,-1.4357071325297504
-0.6107419598453895,-0.6112373040101524,-0.3238860786787225,0.22216117660041784,0.057158487380695774
-0.27409862929118,-0.27436349521820097,-0.17307592613447675,-0.5256957037332639,-0.08735613280060796
0.7595789308996658,0.7577438156516629,-1.1936033039106957,-2.1689669045661457,-1.4357071325297504
1.0143025779528974,1.0151045764029862,0.5244484031397687,0.22168670537388327,-0.18436787223264633
-1.6134795214944988,-1.613282481650561,0.12496282728677244,0.9461078184034896,-0.20311639762618353
0.7561621969752054,0.7562979451025663,0.08998898668420434,-0.42557605236100854,-0.18338142431332005
-1.7172326823218849,-1.7188305441514409,-1.044251370871045,-0.5493865965493129,1.6953627723806628
-1.2774469863445745,-1.2768206212014948,0.40527838542039357,0.24533092888896135,-0.0872719238318849
-0.40104400752726116,-0.3989068201981788,1.3910873395683996,0.9477708011614087,-0.3047746676538291
0.4176224583361885,0.41679707588961296,-0.5366901307082422,0.2468212352332896,-0.08846889417301868
1.0739934682765544,1.0743818843473598,0.25521177054478206,0.9455151182811621,-0.06776852518300976
-0.17458420620889598,-0.17045702590838918,2.687618185552132,0.9515805717639763,-0.10614977014167529
-1.6614770579241307,-1.6611056437895626,0.23843053248808074,0.2477281753154852,-0.08943428985016429
0.3038292287455848,0.3021054733636688,-1.1220269823674043,-2.1689669045661457,-1.4357071325297504
1.3725471366990962,1.371260807624478,-0.8349064474958916,0.23371805116410746,-0.034800713927964085
0.5832034218691894,0.5851161964871555,1.2469838825101687,0.9444386130721067,-0.18193784199235477
-0.7940040312590834,-0.7949403622726235,-0.6114778778670121,0.2550039193368038,3.1135560892760092
0.348165388734427,0.34912143289274955,0.6233864823368274,0.23858877054207375,-0.06621065926163462
0.33193678723163006,0.3303232410925967,-1.0501903869274267,-2.1689669045661457,-1.4357071325297504
-0.4234538284372524,-0.422977492331861,0.3093483125035329,0.1459268734649219,-0.1342545134529689
1.5260050837285748,1.5242773272390266,-1.1220825512728987,-2.1689669045661457,-1.4357071325297504
-0.29604466192414536,-0.29699754816164275,-0.6212210069139273,0.9438396903763171,1.4536349127350199
1.2693879837093682,1.2689810263315378,-0.2623975848172001,0.9428643019860318,-0.18324608847072948
-0.6168351371974028,-0.618556173341721,-1.1221771184076992,-2.1689669045661457,-1.4357071325297504
-0.03563775568824716,-0.036483049426085774,-0.5506039275310353,0.16785366670428142,0.0642230183639198
-0.03080173519423609,-0.03197491658496718,-0.7641430890404383,-0.6074043158726129,-0.05591310537208202
0.5336862077388598,0.5319615588631459,-1.1221292634376718,-2.1689669045661457,-1.4357071325297504
0.18368786652947572,0.18429843960739345,0.39804214254962844,0.23606551700292927,-0.06959104786322846
-0.3229216907674413,-0.3233056263080588,-0.2507264004554806,0.27164619206292445,-0.18101154333640193
-0.9351992030666004,-0.9354820567048084,-0.18617061729118917,0.947101874514163,0.2081692280063431
1.5978494201862137,1.5961214001722346,-1.1221042645727322,-1.3737282386003664,0.10169600944564457
1.3159703972316472,1.3155527692939213,-0.2692499879731486,0.9432672136177443,-0.06172352421396742
1.4681569213273362,1.4686295941518537,0.3109096701823363,0.22031307228198163,-0.033766146597938904
-0.3562850738454423,-0.3534815796115446,1.8251383459961783,0.24626742619510497,-0.1857603276797441
0.193339016386836,0.19439971515806134,0.6912236879384284,0.24678078850578197,-0.0868358416724266
1.514192295262271,1.5130163464024804,-0.76272158215464,-0.4216060504917749,-0.1682478696485336
0.8297579220165229,0.8299177674453772,0.10583683854938701,-0.474751494793743,-0.08937113312362206
1.474408364780846,1.4731336811273645,-0.827109372946537,-0.5261095048685368,0.2014806299192041
-0.01912156166099582,-0.016442220868526872,1.7449822711549354,0.942245155926488,-0.08665238641913733
1.5167030517811244,1.5168803522591496,0.11863854300900652,0.23410851764889493,-0.17570036338051703
0.8035757555997686,0.8080472300541832,2.9138939116216545,0.9686988713599973,-0.040969020886922246
-0.6150806794399833,-0.6163704645250092,-0.8413048712645358,-0.48618391788817755,-0.046027573936638116
-0.10348665063051128,-0.10310199659502936,0.25030456478245333,0.23358582147802387,-0.15583005422506319
0.21495276824653733,0.21470527484001375,-0.16074091477061658,-0.47408256814649763,-0.06742868184494907
0.07908514073195719,0.07902797928618097,-0.03706353027729057,0.2350994624728376,-0.1587683457408612
0.3660214099079709,0.366589893253783,0.3710100842117514,0.2882993542926047,-0.1706869222783313
0.38472124220081066,0.3857906504365681,0.6972954122549752,0.23554282083205821,-0.06175359884565423
0.15647225779187773,0.15751183794549575,0.6773924587952647,0.9683846314001282,-0.08898918530119986
-0.9452374370811332,-0.9465186023259762,-0.8363798091701073,-0.5466051062114642,-0.06535954718489871
-1.438066338697558,-1.437001329594575,0.690626715043669,0.942970085734898,-0.07839690002111689
-0.568152924979982,-0.5640432851592369,2.6753730272513976,0.9460175910882795,-0.3303711866824455
-0.9628748266184177,-0.9642630694190767,-0.9061549267818314,-0.544329199967464,-0.16664489177962835
0.05419414015378848,0.053787635912179756,-0.2646381973690784,0.9444541695057638,-0.03987430429352345
0.7100832301572627,0.711984600988391,1.239821493428968,0.22215339838358936,-0.328088522137419
1.3775156929457433,1.3767959913242125,-0.46585848963883936,0.22182360199006387,-0.0891756480176579
-1.536983025223996,-1.5368074968177843,0.11111231330494127,0.24968828595625098,-0.060334076230038246
-0.09853425355180906,-0.09801335792937245,0.3390473926038307,-0.47537686342674923,-0.04232839423916445
0.5432549746385665,0.5440580664395648,0.5241775582944794,0.943001198602212,-0.13668454369326047
0.4238486879779748,0.42212456582632035,-1.1220154114642036,-2.1689669045661457,-1.4357071325297504
-0.5125740021244546,-0.5129858127388467,-0.2692768438966267,0.24639343330772562,-0.08847190163618744
-0.9428101797226897,-0.9424131592308097,0.2566072786110429,0.9427367392300455,-0.2802698577554428
0.09312916718355471,0.09140645316391921,-1.1217884217705514,-1.3896611379517336,0.07089357167204706
0.4872389817458576,0.4913531564100772,2.680528793156555,0.9508167508714241,-0.15609471098390676
0.18505736352506266,0.18345361786086828,-1.0441139485392055,-0.5416177135810714,1.71038204344504
-1.158018515346119,-1.1597378658216895,-1.1222085455521946,-2.1689669045661457,-1.4357071325297504
0.5234978579427805,0.5236341227471423,0.089839993449164,-0.5503262051421877,-0.13814015586690045
1.5279493227136154,1.528525033418104,0.3781417604017402,0.944857081137477,-0.08825235682487383
0.31790155090415595,0.3185226563649581,0.40518181837639805,-0.47124196336075286,-0.07442704863846229
1.1536965255421359,1.1551555662944062,0.9526629602827468,0.944687516010617,-0.32894865660366085
-0.3488214484553677,-0.3502060818216787,-0.9025228059820826,0.22189049465478844,3.186441959168915
0.6572229378855394,0.6578422461892339,0.40471941080034246,0.2609729229309453,-0.1216051233655103
-1.1655263313107938,-1.165138968096349,0.24985287100565773,0.9441710424132085,-0.1857904023114309
-1.5658204533169593,-1.5666578825225217,-0.5486748722616335,-0.47848037194129495,-0.06646027870463486
-0.8651044007036817,-0.8655042698974493,-0.2622351636204205,0.2967402751948228,-0.18507462607728556
1.199567147160618,1.2008073935599208,0.8102605688456676,0.9442877156656354,-0.040935938792066674
-1.0784465810876536,-1.08005551960288,-1.0501325324114235,-2.1689669045661457,-1.4357071325297504
0.5403514184955678,0.540980984075583,0.4111559756943519,0.2304356436625076,-0.05898974019363936
0.5630834190812523,0.5632644824824105,0.11909937922783718,0.23131769345085215,-0.058427344581096476
0.9532655646519546,0.9514301418343267,-1.1933994560234449,-2.1689669045661457,-1.4357071325297504
0.20386401328517803,0.20247022433183456,-0.9073324447458183,-0.6118519002551125,0.06444256317523324
-0.43442993465476265,-0.4321698382702612,1.4710668509978397,0.24552382866630656,-0.13539434199389766
-1.3194851274440496,-1.317984104966592,0.9748443817183872,0.9442908269523665,-0.18454531255959825
0.3877990097602959,0.3860750719812794,-1.121970556357969,-2.1689669045661457,-1.4357071325297504
0.7962544485835009,0.7950791305944473,-0.7638088185035306,-0.615229202002019,-0.05449057529329744
-0.37737103003236677,-0.3786513958230049,-0.8346741723279377,-0.5429026750011289,0.06584404101183715
-0.5676465080226043,-0.5665835524850594,0.6911055504452562,0.23386272599711622,-0.07041208530827739
1.3429258774282724,1.3437449642394321,0.5362635809635405,0.2395750484359194,-0.06262877062773942
0.6928327609328867,0.6934228574177839,0.3857684141175347,0.9453222185038176,-0.06301071845016146
1.1157584127744897,1.1181316759675974,1.5480057861973326,0.9457966897303521,-0.05454170216716493
-0.5435906464425718,-0.544413151441259,-0.5368218390138101,0.17073938514763087,0.055519419953766344
-0.5719867620944006,-0.573148548260049,-0.7578508033097949,-0.5400216234878764,0.1985212861612249
0.36413773715046616,0.36294739557809313,-0.7744951904372838,-0.5501146376444543,1.5001333007859465
1.2016943120152228,1.2005363977703707,-0.7516279429983556,0.9481752684364871,0.19897842056286405
-1.3835798618381534,-1.3839709673368965,-0.25760937365198416,0.24590185000416853,-0.08901625246971807
0.8538793103352996,0.8543780376180625,0.3265968150586208,0.9436312341653156,-0.06399716636948774
-1.2546573198160957,-1.256283533866221,-1.0617515762834115,-2.1689669045661457,-1.4357071325297504
-0.941494596702055,-0.9374772648229722,2.614474935154422,0.9436405680255097,-0.18304759590159672
1.0044443447381781,1.0030554295372307,-0.9024876647205102,-0.5509982430761645,0.05592843494470642
0.5363239040816947,0.5355879252782932,-0.4782149286012192,-0.5471309136690664,-0.06564224872275454
-1.5922374458510722,-1.5930846346411518,-0.5550862954400464,0.9460487039555935,-0.16671406343250794
0.7754801331793156,0.7791408319158021,2.3857868900435495,0.24647743804947272,-0.13349663273446202
-0.28253045934868193,-0.2788487107727534,2.3972886535263065,0.9450919832856954,-0.27948190240524906
0.7893767234817254,0.787542655063313,-1.1928593376900911,-2.1689669045661457,-1.4357071325297504
1.4161731515615623,1.4167915587536164,0.40571622268347973,0.24173739271422412,-0.3467347937832211
-0.40501601514550667,-0.4068462980285825,-1.192886193613569,-2.1689669045661457,-1.4357071325297504
1.0230838099609005,1.0223582302237226,-0.47042642509127264,-0.4003450726129296,-0.1849844021822253
0.3294554180568343,0.33048079231076805,0.6685012910654934,0.22240230132209954,-0.18354683478759723
-0.5615058737388585,-0.5626673690872696,-0.7576395271883906,-0.6095355472836044,0.081870812237721
0.6929038772395307,0.6911790020592667,-1.121944414687775,-2.1689669045661457,-1.4357071325297504
-0.570228233234729,-0.5698447592405804,0.24856207247082998,0.2360188477019587,-0.06908579405089059
-0.28779991854703246,-0.2858743388533358,1.2535061577982567,-0.4009502178821818,-0.3280764922847443
1.5843802813634154,1.5839912074636313,-0.2500930006432378,0.23714824478544752,-0.298690569663594
0.04366572621423198,0.04282106977240694,-0.5500233824618076,0.9465356203290531,-0.03547739314091651
0.12710780455478496,0.12673166205242006,-0.24471181640165304,-0.5411696882917537,0.06792520552456206
-0.9498333112349404,-0.951553205458126,-1.1221282634830743,-2.1689669045661457,-1.4357071325297504
1.2320551239354258,1.2335478314782595,0.97475324299935,0.9440076998598113,-0.18210926739296934
-1.5302607159476673,-1.531627647198059,-0.8934589318082423,-0.5516236117091707,0.25113685429724236
-0.039151951287376856,-0.03852042394778319,0.4112244011589583,0.23539814599904949,-0.06816250285810652
0.06780476145951038,0.06782989273116359,0.016509180139078098,-0.5502779801978516,-0.18253632716292167
-1.6319445743886254,-1.6322967083296027,-0.23274593113495914,0.23591617523982314,-0.06824971928999816
1.3206269349983362,1.3212529622823168,0.41047972068506955,0.09045729797461712,-0.05685444134387802
0.8830549145243184,0.8835478923213098,0.322913125171768,0.2972645270090594,-0.2779360663365488
1.509157946002534,1.5075403247686632,-1.0503879493857784,-2.1689669045661457,-1.4357071325297504
0.2466773068612632,0.2455030883909536,-0.7642395132337768,-0.5454010382464223,-0.06917301048278225
-1.0167806341424683,-1.0183899149936266,-1.0502268138449102,-0.6099042347612722,1.5783664401927608
0.8931514608659108,0.898369675099134,3.400423392434728,0.9435410068501056,-0.13608605852269356
-0.948357390919524,-0.9482015280063935,0.09953269621422953,0.2345876558055265,-0.19675862048759873
-1.3796321490122658,-1.3800130461174551,-0.25095253304519205,0.2955237620828554,-0.18433779760095953
1.5551877867390143,1.5533511701692517,-1.1929209063231712,-2.1689669045661457,-1.4357071325297504
-0.12289880825318535,-0.12372391550666402,-0.5376388019200385,0.943805466222272,0.07412659457837546
0.6819459792302774,0.6809997520230152,-0.6148432964905188,0.17060715546154764,0.06656583217231969
-0.8063016539845473,-0.8052521285546708,0.6818606844892527,0.2383709804708775,-0.17045534761434297
-0.13321032068172176,-0.13315627497578372,0.034921344144443436,0.24688812789801418,-0.08813205829812676
-0.10720600447173269,-0.10528240472681549,1.2525934849519733,0.9446937385840799,-0.1939406274985476
-1.4547029760250256,-1.4501476713020869,2.9637792180340936,0.9438645806701681,-0.2309504692522962
-0.13759888709707016,-0.1369761230804512,0.4053115267727708,-0.5259959429028417,-0.08868543152116352
-1.5209923821811724,-1.5226190742754693,-1.062618679770176,-0.7496570121611378,1.308187978971426
1.0327469682648533,1.0331101112762662,0.23866566466917033,0.23298845442560012,-0.1601728310406337
-0.8980311704028106,-0.8997511240001532,-1.1220588380638703,-2.1689669045661457,-1.4357071325297504
-1.4723565486379186,-1.4731970521122821,-0.5504820759207864,0.9439159169012361,0.0676966383237425
0.03926568675235558,0.038076302924437484,-0.7745493308362101,0.24612119571873067,-0.040334446158331184
0.4242173237535715,0.4250567901461829,0.5476194939257064,-0.4702510185368102,-0.07727511625920006
-0.20833697033447313,-0.20928318859030268,-0.6166952124052495,-0.42581406579595843,-0.18155890163310134
1.6058705709771863,1.6069025840304507,0.6754885452414595,0.9439485854119152,-0.0451914991757457
-1.6473319347363033,-1.6481514850851207,-0.5372006789556387,0.9449675318164403,0.19917390566882803
1.4839099965482516,1.484043448104299,0.09001184278929218,0.945636458463686,-0.05351916468981447
1.4076743769750595,1.4071733123115828,-0.3233999578936384,0.09524401261083629,0.06162757764935088
-1.358932754742631,-1.3591945278792112,-0.17332534338124622,-0.5395315958276852,-0.05429509018733328
0.6963301200533798,0.6969503865779209,0.40542509304492536,0.246745008708371,-0.03986828936718609
-0.3777961495277564,-0.37742173737601115,0.24306175078147554,0.17133519655668908,0.05614797975602004
0.8402824324268092,0.8393355202561359,-0.6149590055225254,0.23808785337832225,-0.07129928694303729
-1.0352194487047157,-1.0306516025018513,2.9728226645640117,0.9610108818467714,-0.05719729214510729
-0.347506194439279,-0.3470265047805354,0.31169092042436514,0.9440885933148273,-0.04058707306450004
1.7483529480665643,1.7467191361229957,-1.060433636123792,-0.7259350064777754,1.354048784830593
-0.5164683817780819,-0.5108059299159694,3.6868085321250437,0.9486108485788797,-0.16032320419906773
0.19450929476906847,0.19278578655461226,-1.1220941221760994,-2.1689669045661457,-1.4357071325297504
-0.38394514798440693,-0.38303377782679876,0.5927631584870457,0.9685635303871823,-0.13861834251072028
0.09488495499668585,0.09369460423656946,-0.7750630217980562,0.9493793364015294,-0.290104262317019
-0.27023811670750847,-0.2665425156721467,2.4063362427252715,0.9447046280876391,-0.1843859170116584
0.57721016166244,0.5778296306924413,0.4046571279139787,0.9464951736015452,-0.0590649267728563
-1.0630575039942545,-1.0647765746289595,-1.1218281342531413,-2.1689669045661457,-1.4357071325297504
-0.9900151479297374,-0.9896335549496765,0.2464610250106433,0.23652754308253832,-0.05241542570690972
0.0915068365551253,0.09241703323038852,0.5929910052846387,0.22118578821013213,-0.18196490916087282
0.5133054793763671,0.5116898979463118,-1.0511374867819983,-2.1689669045661457,-1.4357071325297504
0.908762955560548,0.9083741626478751,-0.2513198020838201,0.9458589154649794,0.07631302030200429
-0.5380379564427012,-0.537669889510906,0.23859481074339844,0.9441072610352154,-0.18410622293697135
-1.147078489302477,-1.146688608438583,0.2515310805217218,0.9458744718986363,-0.0624874198588115
-0.3134852681397248,-0.31385126747211506,-0.23902507460517702,0.2318061654676778,-0.06755800276120226
1.0646647029550516,1.0656872805537512,0.6682140183946724,0.17025713570426818,-0.17056662375158407
-0.07827965610078702,-0.07955481727077739,-0.8306603545732244,0.2187123152586897,0.08412340215106064
1.412949818353402,1.4125495410449138,-0.25774736738645115,0.09917823468265896,0.20138439109780631
-0.5695725153303968,-0.5682879888524472,0.8354079984684072,0.9500233727549234,-0.06344980807278834
-1.5668791932360173,-1.5668121855988855,0.04037166810391866,-0.5482712002561152,-0.06930834632537264
0.881072954290734,0.8816926269350961,0.4054238073890141,0.2422258647310501,-0.0706827569934585
1.0331971388243841,1.0357784846657438,1.6833552121563184,0.9429094156436367,-0.18414531995816413
-0.79045880548653,-0.789505305960259,0.6193532368927895,0.2379742914126271,-0.06967826429512011
0.5938856193329712,0.5970076171048817,2.0345585516674642,0.9485315107672296,-0.07125718245867593
-1.5018802442426642,-1.5008151881663458,0.6905241482720877,0.9449924221102914,-0.19601878454810392
0.06297246463895093,0.06180070590165483,-0.7630208542806322,-0.4749599510047452,-0.04074346114927127
1.7584330569023658,1.7572349025555345,-0.7766740915054254,-0.5501177489311858,-0.08784334183393375
0.6837003525431972,0.6824146433839805,-0.8359401148484827,-0.5452828093506301,-0.1901812985377005
0.4624755910642622,0.46418508704346806,1.114339048036341,0.9432361007504311,-0.18350473030323586
1.2457977688433735,1.2463790979470506,0.3812121924189589,0.9470303149193418,-0.16655166042139935
0.4981469456384833,0.49653271299735924,-1.050290668088499,-2.1689669045661457,-1.4357071325297504
0.12575022827124488,0.12766806630762392,1.2493270618336276,0.9423789412559372,-0.2824562834790714
-0.4431759223797811,-0.4400332274630974,2.04587432359507,0.9472667727109261,-0.06040926280925518
0.6758407467130263,0.6741157152012132,-1.1220818370196148,-2.1689669045661457,-1.4357071325297504
1.412070589456057,1.41023353302727,-1.1935060226134164,-2.1689669045661457,-1.4357071325297504
-0.37327291102358673,-0.3740060088664715,-0.47823664190105264,0.9444588364358607,-0.07599393694934338
-0.4738583108006761,-0.4751404978585058,-0.8360616807574179,-0.41999595960828895,-0.16497574972101212
0.9381679221980984,0.9377900634898689,-0.24413712820935424,0.09702055733445092,-0.08739823728496933
-0.626187189021999,-0.6255996500810737,0.38135032900408256,0.23753248869677207,-0.15874127857234316
1.12777549595562,1.128275008034633,0.3276794801864937,0.3714936058461849,-0.3280043131686961
0.03982482186282904,0.03855039037616998,-0.8299386730550805,0.23168015835505715,-0.05851456101298813
-0.9615017566334614,-0.9628922386444155,-0.9076104321239473,0.9462991625374688,4.586912295611243
-0.6686805210710401,-0.6689442532835064,-0.17316092227527158,-0.5488856793855614,0.10723575660234903
-0.9100668171171077,-0.9108890529246868,-0.5374112408237592,0.2356999408119928,-0.0673595101920695
0.41075687196680566,0.4140085539342705,2.1186381626483244,0.9491786584073554,-0.16924033249419726
0.24121513807549594,0.24289673895910127,1.095709608181986,0.9444355017853756,-0.2830848432813251
0.7657194151573389,0.7652124809310924,-0.3285622949290086,0.9500964879931112,0.07546190822526838
-0.20658171199932499,-0.20841268439252997,-1.1929211920244849,-2.1689669045661457,-1.4357071325297504
-1.286108654152509,-1.2877150537643436,-1.048912302101054,-1.3207585819987209,-0.03123987753624957
1.1196750502436625,1.1210616080104643,0.9053846783568733,0.2331782429162139,-0.07216242887244792
-1.0194515016009758,-1.017123728604943,1.513923047991871,0.9467502991135183,-0.16900274290387174
-0.7505456762359107,-0.7513685630768437,-0.5375023795427964,0.23206129097965056,0.06975975805745566
-1.7097692168280196,-1.7070632289149084,1.7588093576290518,-0.475289747398271,-0.18314684218616312
-0.5064811728592511,-0.5080919873495094,-1.0501608168414696,-2.1689669045661457,-1.4357071325297504
0.37899695110652176,0.3777326975713949,-0.822602149023243,-0.5504708799751967,0.10328394999870634
1.3495048084974839,1.349684686684743,0.11996848262379683,0.23887189763462865,-0.06246336015346206
-1.3270442672405538,-1.3259681298697963,0.6981060897323045,0.2471339195497929,-0.08593961764816074
0.9761092116143041,0.9752541435999705,-0.5548585914931101,0.943816355725832,3.2340170190342286
-0.05872142374973663,-0.05768562287183696,0.6744820195136599,0.2353623662016385,-0.18097244631520917
-1.0850531759557742,-1.0869269661190548,-1.2226409854700184,-2.1689669045661457,-1.4357071325297504
-0.9233058424836643,-0.9244928831997589,-0.7750318803548741,0.9503158337076727,4.594677565512768
-1.459533491614973,-1.458134317485779,0.9082195496410318,0.9435658971439566,-0.18193784199235477
0.8133632126985441,0.8138524828502988,0.3203529557006322,0.9484397278086544,-0.06944067470479459
-0.14482903199837915,-0.14600244420607836,-0.7645313571256155,-0.475591542211214,-0.3289095595824681
1.629992464866282,1.6299042126158272,-0.05407632924866165,0.16048613972438722,-0.1658990409137962
-0.030791215602882588,-0.029286500960771136,0.9799381504384942,0.23675155572719714,-0.07017449571795185
0.3775202824154315,0.37613565934921206,-0.901000446532585,-0.4903794880454355,-0.028358727820656397
1.0626339103313958,1.0621242663929937,-0.32970752864455904,0.23453165264436154,-0.07014742854943382
-0.8356862903345188,-0.8326528290523131,1.973912733830394,0.947160988962059,-0.16429004811855358
-0.12267437275739825,-0.12293981486393629,-0.1731352091570479,0.9431287613581982,-0.08608999080659462
0.5774164922573974,0.5760137101758149,-0.912410071341707,-0.5429602338056594,-0.16408554062308361
1.3406489701026125,1.3417234715936306,0.7026073139280129,0.9438023549355409,-0.18414832742133289
0.2533187913454685,0.25424297622518444,0.602439004874609,0.23367449314986802,-0.06417761415960842
1.5761228761366821,1.5763000814284456,0.11870054019405694,0.945561787582133,-0.05135078374519773
-0.6836015802049699,-0.6829769747039528,0.40537152404862603,0.24615386422940982,-0.08606893856441376
-0.6574493080186103,-0.6586397329743644,-0.7766812340382653,-0.5508442343829617,1.4547536890337678
0.5433459323320345,0.5441671661908295,0.5359934503715352,0.949668686067547,-0.06996698075931314
1.4067951250473965,1.4050771828109558,-1.1159394016279527,-1.3240627685074402,0.1977122785688507
-0.704669992553484,-0.7040451850976401,0.4054590915012432,0.943891026607385,-0.08775011047570472
-1.691775800943368,-1.692485671351171,-0.4658602038467209,0.2469207964086937,-0.03717059490488219
-0.5072520261237906,-0.5062866541652521,0.6276765732617883,0.23634864409548417,-0.1860821262387927
-0.6607776531170982,-0.6601531689965678,0.40534009690413036,0.24612275136209624,-0.08830047623557272
-1.1233624273462666,-1.1214166169026838,1.2649386387124661,0.9519461479549127,-0.06882715221838422
0.7705439816870855,0.7695971690300286,-0.6150397161436163,0.2382807531556675,-0.06848430141715493
1.2863453473897808,1.2869423788872212,0.3915235813786171,0.9438428016630489,-0.07352781715102766
-0.49403290224222124,-0.48945845346228833,2.9782521323275946,0.23689311927347476,-0.16890650408247396
-0.12664168964816347,-0.12482183042739628,1.1849879831156989,0.10720379880623888,-0.06107391216953304
0.49759533069458584,0.4968611231862777,-0.4771421201686654,0.29078838367770415,-0.1684463622176662
-0.4211513572390321,-0.42098715236869894,0.1060658281522343,0.21091076377976892,-0.06752492066634685
1.611293719385126,1.6114705007540862,0.11849783511206038,0.15962586894316258,-0.05514620226406918
-1.3334552888656894,-1.333807054362976,-0.23188311316789859,0.2338953945077957,-0.06173254660347338
1.038466648250762,1.038151563164439,-0.20304413687218215,0.9427040707193657,-0.47213698552757766
-0.7190241507536368,-0.7201926828399555,-0.76255116132108,0.23395917588578882,-0.032448877730058064
-0.8071544048153669,-0.8056690305934652,0.9657219387752598,0.943800799292175,-0.32915015663596225
0.04464954061201233,0.04658945098349666,1.2635332739508867,0.9453284410772798,-0.2010262107239525
0.1722707711726316,0.1732121122485334,0.6134435052210515,0.9435658971439566,-0.09020420042134572
-0.28902291617904224,-0.2897373596735506,-0.4659114872325115,-0.5493725957590215,0.05686375599016522
-0.5935905699013673,-0.5909162090026492,1.740540187131141,0.9485315107672296,-0.16500281688953033
-0.2697099779926587,-0.2700944733415561,-0.25097996037129733,-0.5516905043738952,-0.18237993907815025
-1.709772148477861,-1.7104818493651415,-0.465787350011754,0.2468336803802151,-0.08729297607406575
-1.4483832790430944,-1.4479837835323062,0.2571642533218985,0.9480212597432841,-0.33270497810133937
0.3649536859714437,0.3637880076152718,-0.7584306341257385,-0.5996167651839835,0.20295428687185618
-0.6938871806741367,-0.6951409501491093,-0.8180127859722901,0.24671856277115442,0.19885210710977963
-1.5644947393690078,-1.5630071683136253,0.9655723741375922,0.2205293067098123,-0.08852603597322352
1.018691303167773,1.0175166545369383,-0.7629087165150457,0.1718578927275601,-0.038081856244991545
-0.8643450748810884,-0.8628242677698833,0.9886796106799413,0.2343434197971137,-0.064601666466392
1.2623632183605422,1.26233194954682,-0.017730836639518185,0.24595940880869904,-0.13600485701713927
-0.859948714128709,-0.8602029532851992,-0.1673773277334865,0.23607018393302628,-0.055089060463864165
0.13796002213647354,0.14164158201435628,2.398043190695514,0.237905843104537,-0.17213050459929657
0.9335610842968004,0.9343832540456586,0.537417242867842,0.23922502867863957,-0.18559190974229814
0.25561948526113126,0.2562507858350945,0.4116918085080016,0.9482063813038011,0.07082740748233625
0.27009358404255385,0.26826025597640735,-1.1934607389552112,-2.1689669045661457,-1.4357071325297504
-0.0898813374841345,-0.08983512445826643,0.02991042880527947,0.9453393305808397,-0.07267369761112315
0.6310592764391432,0.6297837898471591,-0.8293921264421709,-0.5008598574000694,-0.13300641623796763
0.18370053386250584,0.18329014238648608,-0.26689966611684934,0.9677157047528832,-0.1824009913203311
0.846335420338175,0.8458371271476799,-0.322766272380082,0.9420335884287548,-0.052508657065138735
0.04114057443047317,0.039528059346003896,-1.050125675579897,-2.1689669045661457,-1.4357071325297504
-1.3992460055038984,-1.3994976337353444,-0.16680221098921721,0.2324782034016546,-0.3333786498511232
-0.2295696906239662,-0.22370830589544707,3.8169697650797803,0.9460113685148166,-0.43989998782252066
-1.2371545525782777,-1.237006703838036,0.09371053199510873,0.9462182690824529,4.5829845487129495
1.6843763532828453,1.6869438524413516,1.6756958456401172,0.9458215800242025,-0.16219083882681656
-1.0887123004701147,-1.0894035554770303,-0.4524778114672171,-0.6090610760570697,0.20004005506140743
-1.0738355613192394,-1.0703603359136056,2.261131407103127,0.9676099210040162,-0.08325996796486876
-0.9522717931318114,-0.9496840879282263,1.6833539265004074,0.2356750505181418,-0.16020892059865788
-1.4073862642753032,-1.4092142037482696,-1.1934515965131762,-2.1689669045661457,-1.4357071325297504
0.4747892009979616,0.4731572765665688,-1.0618618569904597,-1.3217495268226636,-0.3026995180674414
-1.3935441755499647,-1.3934868603539337,0.03442079544302292,-0.544374313625069,-0.19986532994084288
-0.44000836947969374,-0.4402129750115167,-0.13417526382718534,1.0174527344406303,0.10452903975053901
0.42208779971703575,0.4203706376829845,-1.117486045689106,-1.3227140257093897,0.20031974913609416
0.06614118901455819,0.06529666388671085,-0.5498909599029558,0.24062355206439226,-0.0728150483800509
1.4126270830986987,1.411240448652847,-0.9001504851246364,-0.5504086542405692,1.6933868690788418
1.2507958525900145,1.2489595679642314,-1.1933398872995602,-2.1689669045661457,-1.4357071325297504
-1.043119343334907,-1.039432504788723,2.3990165750709362,0.2330989051045638,-0.16009463699824816
-0.6786143753226469,-0.6795655947432331,-0.6209337342431064,0.1721534649670405,0.057660733729864876
1.5348191758332868,1.5331849434661118,-1.0611530320314273,-2.1689669045661457,-1.4357071325297504
0.4804906811103946,0.48010344525914167,-0.25119937898013917,0.28757909141429144,-0.16419380929715596
-0.11807412503649288,-0.11624320255803315,1.1922112265766958,0.9485377333406925,-0.06761815202457572
-1.2811178021451255,-1.2813508472851,-0.15445277170902041,-0.4783885889827197,-0.05714015034490244
-0.6785243662589534,-0.676688655292804,1.1941604237887056,0.9430509791899141,-0.13649507351363382
1.3931664769245904,1.392327110017248,-0.5437623810250032,0.9458418033879564,1.5821979482696562
0.6116255365569243,0.613969983019143,1.5281858289692218,0.23560815785341724,-0.17104180293223514
0.4237663262959486,0.42326042274575054,-0.3286045787234208,-0.5498299549085336,-0.040821655191656966
-1.6983586079054678,-1.6959753122498469,1.5486676132902781,0.9438894709640191,-0.08464640848562918
-1.1658324147680785,-1.167200354608898,-0.8933553650820638,-0.5509266834813429,0.1043215247919003
1.2926563301379703,1.2919192285270709,-0.4773679670570633,-0.4262714249454705,-0.18431073043244148
0.9326635699847979,0.9309376050812248,-1.122153833750641,-2.1689669045661457,-1.4357071325297504
1.7963888014623046,1.7983149927088653,1.2582535136756283,0.9482468280313091,-0.16330059273605868
-0.12273071741793619,-0.1235719430910364,-0.5481361824348477,0.9426480675582014,-0.03850290108860635
-0.18463131917877967,-0.18072547888072998,2.5434411604056497,0.2455487189601576,-0.08519677424549733
-0.5807820877798091,-0.5820644338802343,-0.8363883802095151,0.9424489452073933,4.579468824268766
1.2217095902434698,1.2218881574108447,0.11884796207187265,0.23143281105991287,-0.05360938858487473
0.14682503405543312,0.14730285520567626,0.31150550027184115,0.9440139224332742,-0.18487613350815296
0.6872092336222272,0.6895750475256772,1.5422599042289422,0.9437416848442789,-0.06480015903552476
0.03514596881446725,0.03665416230053192,0.9823414698884656,0.23673755493690607,-0.07106771227904912
0.9971287566982652,0.9976268905647047,0.32650924760600364,0.2322588576870928,-0.058977710340964634
-1.6255020332506378,-1.6249833877515927,0.3343956038158569,0.9432112104565801,-0.08991548395715271
1.0360450969278279,1.035098443440785,-0.6143820317197178,0.24604496919381172,-0.08665840134547469
-0.13985182885425435,-0.13902902876032192,0.5355878973568855,0.3715651654410065,-0.32912910439378157
0.8485336203449692,0.8475959618297586,-0.6089149942333972,0.2361713007517959,3.204450648622957
0.8043167240653771,0.8027016501894778,-1.0501996722201186,-2.1689669045661457,-1.4357071325297504
0.2284819947049253,0.22675844892784558,-1.12204769571264,-1.397020886714799,0.056665263421032626
0.6246898269510937,0.6256544516670488,0.6295519166842338,0.9462587158099608,0.19444918103083533
-0.30097299232030794,-0.3016870301401789,-0.4656722123823747,0.23307090352398133,-0.06300771098699286
-0.28578887957565496,-0.2876206981616733,-1.1936375880683274,-2.1689669045661457,-1.4357071325297504
1.2032450087031894,1.2031938719321695,-0.030793957801078235,-0.5403669763150588,-0.05483944102086391
-0.527294470696073,-0.5270998348701791,0.12566365260902398,0.9467409652533235,0.062478689726086625
-0.02387555890899023,-0.022859669544190525,0.6615866050231807,0.2376273829420791,-0.06020475531378505
-0.49136072359092997,-0.4916321725144132,-0.17781671088163567,0.9428565237692029,-0.18480696185527323
-0.5238390543911218,-0.5246613954411083,-0.5366738457333673,0.9440652586643422,1.6923041823381182
0.8916173170546621,0.8915671842054872,-0.030790386534658418,0.23760404829159365,-0.1972157548892377
-0.8873181684627234,-0.8860425690622514,0.8289308639878672,0.9514498977212589,-0.1606389878317788
0.8988414657384521,0.8997454426808589,0.590624827005435,0.9450639817051133,-0.09035457357977959
-1.279529886708225,-1.2803602043915674,-0.5434458239695387,0.947322775872091,-0.16279533892372083
1.113346932500045,1.1152494338582217,1.241399278933303,-0.40135624080062593,-0.2300151482068374
0.6202938522307151,0.6213634841608169,0.6979326690349514,0.9457749107232323,-0.0665023831889964
-0.5966063376508415,-0.5965321452934519,0.047075649427454,0.943953252342013,-0.05517928435892459
1.0972941472979096,1.0988461944635899,1.0131192152982462,0.9486559622364846,-0.6491953646571433
0.37225384962023117,0.370420121637955,-1.1935080225226113,-2.1689669045661457,-1.4357071325297504
1.0643679410739,1.0636491083082538,-0.46594605709145664,0.2214315798619105,-0.03899011012193214
-1.0874454640790328,-1.0886039267468284,-0.7567618527530229,0.23687911848318335,-0.1658990409137962
-0.6616745436364813,-0.6626075074097163,-0.6090087042642568,-0.47900929068562853,-0.3153278559127193
-1.6042477734721914,-1.6027422722325968,0.9771671333979246,-0.47740075544550814,-0.18477387976041781
0.5759615297508975,0.5765720523511191,0.398827821162018,0.23037652921461152,-0.05565446353957565
1.0288087349372812,1.0269704268693234,-1.1951209492885189,-2.1689669045661457,-1.4357071325297504
-1.6891336720319534,-1.6900856476858261,-0.6235349018527432,0.9442581584416874,4.581895847045889
1.3602635567650008,1.3585364806700244,-1.1219852699756192,-2.1689669045661457,-1.4357071325297504
-1.3643500490630156,-1.363273997903379,0.6979720958162279,0.943096092847519,-0.03976002069311375
1.1589593588082665,1.1572326157858612,-1.1221884036095862,-2.1689669045661457,-1.4357071325297504
1.035818881517447,1.0379404607059006,1.3839202364155248,0.2368262266087502,-0.312988049567488
-1.6978887411597867,-1.698130371759262,-0.16091404976665585,0.9445319516740479,0.08006633433651421
-1.5031311212812288,-1.5016360477112145,0.9705867178925195,0.227868832109124,-0.3111986089821247
-0.11570589657701016,-0.11479898996719978,0.5904158364945391,0.2218158237732354,-0.18476485737091186
0.23093601833787636,0.2299902247856681,-0.615501980869015,0.23466543797381068,-0.028743683106247035
-0.4102841508682369,-0.4121144778478016,-1.1929259060961592,-2.1689669045661457,-1.4357071325297504
1.201274875305688,1.200748865154729,-0.3400773435228476,-0.544200081568112,-0.04415993930888928
0.37467442489634556,0.37338213766267847,-0.8408691767613016,-0.5502064206030299,0.10339823359911639
-0.9008325208449234,-0.9020939624718955,-0.8234413966319318,0.23104545586185687,1.7125263646843072
0.09317480888753882,0.09189040172764602,-0.8363243831152696,0.9435658971439566,4.581628182823876
-1.2502349207666008,-1.251486798284681,-0.8179415034945479,-0.5499264047972061,0.20051222677888975
-0.3860246249460879,-0.3846242258897038,0.9112574117085006,0.23075766183920493,-0.06903466717702293
-0.557918568065536,-0.5579638691472869,-0.030668249223095835,0.9452848830630407,0.21010904175014028
1.3471092834081655,1.3454844162291255,-1.055445291188402,-1.3195280680964623,-0.17252448227439332
-0.3343366221517184,-0.3360584469389303,-1.1221012647089392,-2.1689669045661457,-1.4357071325297504
0.9744963409632534,0.9759831602847304,0.9703808700960734,0.9457935784436203,-0.07073689133049457
0.005947894711638648,0.006459421362310122,0.3331635169009732,0.9473243315154563,-0.06654148021018917
-0.5123819009761118,-0.5118788239018084,0.3265788158758643,0.23235219628903395,-0.06457159183470519
-1.096177487096428,-1.0978967591250761,-1.1220284108739724,-2.1689669045661457,-1.4357071325297504
1.6036778477994011,1.6033989328470761,-0.17830754573839394,0.2372898083317248,-0.17100270591104236
1.2136150536724948,1.2139843510163735,0.24305132268352922,0.943005865532309,-0.1823709166886443
0.0795460302595964,0.08193291101170642,1.554712481683347,0.946331831048148,-0.06897151045048072
0.6763938463447716,0.6764471017194101,0.036096005095294446,0.9447901884727521,0.20463846624631574
-1.5255523952781387,-1.5267116199950823,-0.7581723601382474,-0.5412941397610085,1.5662884681073512
0.058445963287030396,0.05750148369781167,-0.6150061462392687,0.16019990134510087,0.0774348040639213
-0.6572754857048339,-0.6581079863446655,-0.5435691040863554,0.23301645600618226,-0.05462290367271923
-0.3505783329503185,-0.3509798657922435,-0.2622450203157397,-0.5256568126491219,-0.1825664017946083
0.3184796996260154,0.3168472997388748,-1.062497685263868,-2.1689669045661457,-1.4357071325297504
1.556088538236413,1.5542511736974494,-1.1934061700043144,-2.1689669045661457,-1.4357071325297504
0.9094230483479964,0.9109050250798788,0.9670911623206696,0.294800387917811,-0.19034670901197767
0.8813388855945528,0.8841576309834446,1.8376537777395745,0.9458495816047853,-0.17981457299526815
-1.0545010908820023,-1.0556517268276182,-0.7515956587499192,-0.6127837306311588,0.07291157945822976
-0.5613049416698284,-0.5586061425260624,1.7565238899709386,0.9443219398196805,-0.04053594619063255
0.09889200795983435,0.09850518450438388,-0.25172706930635147,0.23158370846638454,-0.06560916662789897
-0.01631713392969638,-0.015266979160419109,0.6839190196030569,0.9437432404876448,-0.08467046819097862
0.846618249973485,0.8471184632698219,0.3275494860888075,-0.4249460167979053,-0.1865332457140943
0.8624195443199979,0.8674131511410529,3.254075180155571,0.9433761086533425,-0.18262655105798192
0.11960172090871324,0.11865444581346167,-0.61669921222364,0.9921439725242673,4.582365011300202
0.5860090129605637,0.5857328391778998,-0.17864581609369184,-0.5441674130574328,0.06649966798260888
0.8271244726837043,0.8270761228315501,-0.02976371886425038,0.237030015889655,-0.06562119648057368
-0.11169171649804974,-0.11330382767627803,-1.0501815301867052,-2.1689669045661457,-1.4357071325297504
0.8047400439059004,0.8049316542816515,0.12647275872912866,0.9687128721502885,0.05487883029883792
1.049936643809884,1.049867652118614,-0.042742558138299434,0.947122097877917,-0.20775089836911584
0.4524249454628998,0.4530645439794593,0.4175068301942825,0.23912857878996696,-0.06947375679965
1.5248771850799212,1.524999845008144,0.08306887231693356,-0.549803508971317,-0.03622925893308603
-1.1588996689200581,-1.1561910498188515,1.7616725133432565,0.9425345055925063,-0.20326376332144863
0.2853228912643448,0.28435999842320464,-0.6265250518008413,-0.543523376704038,1.4415148361652486
0.5131325591930557,0.5112984469596422,-1.1934643102216314,-2.1689669045661457,-1.4357071325297504
1.274096294947433,1.2738456473969149,-0.16058506470404987,0.23847054164628123,-0.07554883240037896
1.4151479946718688,1.4151862954441359,0.02789780590165084,0.1045638720146678,0.07609046802752208
0.03050491597574025,0.0315660243781896,0.6911506912528044,-0.5265046382834213,-0.03816606521371444
-1.2536327152153663,-1.2544528483308863,-0.5367586990235055,0.14663002426621227,0.10231554685839231
-1.2998318941529976,-1.2998934057847529,-0.04277412813345179,-0.5253690186264699,-0.23027078257617503
-0.9487026083708732,-0.9498537236639906,-0.75168708317027,-0.5496541672082108,-0.040758498465114756
1.346565444157708,1.3471825116025464,0.4046984117537931,0.9446610700734,-0.05980777017551969
0.5855468997553495,0.587818427406647,1.4806402734644792,0.23763204987217612,-0.1602690698620315
-1.2303828485334403,-1.2302054521908752,0.11296865759003274,-0.5391737978535769,0.06715529495338061
-0.8834919671051447,-0.8848726694935093,-0.90107830014054,0.23748270810907002,3.2165857625085716
-0.4669169972356054,-0.46740102322483823,-0.3162145698566934,-0.5440258495111551,-0.05511913509555097
-0.8934004467714733,-0.8927857169380604,0.3985018359632048,0.943061868693474,-0.08959970032444148
-1.0501147752964213,-1.0503679066210663,-0.16705262819058428,-0.4068476618815014,-0.19159781369014772
0.5135205739944204,0.5131334479241122,-0.2510589567845067,0.23338203219711906,-0.06055963596768905
0.2849251034926092,0.2837506556619383,-0.7643090815036375,0.23173460587285621,-0.05741082203008355
-1.647448218761049,-1.6474982199190167,-0.036002864150564654,-0.549763062243809,-0.03931190868098073
0.4475179975108539,0.44858610326481174,0.696578159107192,0.9461622659212886,-0.07363909328826859
-0.00899841749522344,-0.009804970662663956,-0.5253170756672607,-0.6001410169982198,-0.08830649116191008
1.2386382978472625,1.2370062927160101,-1.0603204984036079,-2.1689669045661457,-1.4357071325297504
-1.0830083738798775,-1.0838430286383165,-0.5458604286213972,0.22080154429880725,0.20013930134597366
-1.144008416062641,-1.1440699659009244,-0.042473856052862316,-0.42066799754226575,-0.16506898107924114
0.9247425203622991,0.9247687082349022,0.01898549627467325,0.9444370574287415,-0.1358003495216693
1.062151294440221,1.0626245539281345,0.3104445484438016,0.9504573972539506,-0.054313134966345364
-0.768089937746406,-0.7693710943675783,-0.8360045404946986,0.23818274762362932,-0.06935345827290293
0.3121278470557768,0.31338208537545026,0.8175215248800588,0.9471065414442607,-0.15404963602920582
-0.9009878767915424,-0.9021290579323816,-0.7451175243147815,-0.543534266207598,0.06751619053362198
-0.428169157342283,-0.4298906106496533,-1.1220551239467935,-1.3906691948526988,0.06894473553874392
0.002388904704899141,0.0023337783300847502,-0.03589815461913159,0.24576495338798826,-0.18406411845260984
-0.8971534266319863,-0.8984310444268071,-0.8339690614859824,0.9686802036396093,4.63018066821901
0.5029118044232225,0.5012975920481231,-1.0502675262820975,-2.1689669045661457,-1.4357071325297504
1.5299915333303715,1.5294664876575725,-0.3387632603309618,0.9485424002707895,-0.03437966908434928
-0.025965911444943694,-0.02533506176812683,0.41081056280621403,0.9442394907212993,-0.334762082908715
1.4643119452156723,1.4678818143979513,2.3280680821642727,0.991916848592877,-0.18474079766556242
-0.9535882484531657,-0.954859404318505,-0.8298782472272549,0.2319866200980975,3.205960395133633
1.0467903744332139,1.0475922887536864,0.5244614025495374,-0.47524152245393453,-0.08874858824770573
-1.5860019251209068,-1.5876073470018979,-1.0489013026004805,-2.1689669045661457,-1.4357071325297504
0.6800442489485976,0.6872251049912024,4.678223517448435,0.9479730347989479,-0.19919767311739642
0.9100106656013529,0.9097710029032549,-0.1541904979031391,0.23303667936993627,-0.06693245042211733
0.3828921920940501,0.3838510180269247,0.6252706824999944,0.23134102810133728,-0.19932398657048084
-0.1714613529631094,-0.16843669267089295,1.969566788298625,0.9431303170015641,-0.18469869318120088
0.5573816821259366,0.5571136538498548,-0.17340048282672202,-0.5420299590729787,-0.20454795009447407
0.1363185473915217,0.13593244802706556,-0.25117737997899237,0.22937002795701186,-0.053819911006682215
1.0063991860043815,1.0070009911921605,0.39404846673752353,0.9430214219659661,-0.03951040125011349
1.6200161749503237,1.6215384927761656,0.9948476163391701,0.9460191467316454,-0.0547732768311531
0.7883599415124181,0.7907194096931672,1.538338082297207,0.9493139993801704,-0.16930950414707685
1.6740907455755791,1.6735960493936273,-0.318696314317247,0.9465107300352021,-0.19152563457409938
-0.8455587135153065,-0.8460498690079471,-0.3216480374386664,-0.5250189988691901,-0.04167878219473007
1.338337786206005,1.3415833031652846,2.1165585427866573,0.9445381742475109,-0.06254155419584775
-0.1600511300725582,-0.15898041004186456,0.6970129965064853,0.23260421051427524,-0.06974142102166232
-0.5427153680124789,-0.5416865959775986,0.668894273222345,-0.4198823976425938,-0.17487932593546796
0.36232036824044334,0.3625029960854539,0.11969935198638938,0.2466812273303779,-0.0402021177789094
1.1764978800667796,1.1784522432372821,1.2753080250387845,0.9469167529536466,-0.05366352292191098
-1.0764312707599235,-1.0759160428511638,0.3333155099998065,0.9408824123381464,0.06726356362745296
1.2359057225154448,1.2365241284478876,0.4053392398001895,0.9457702437931352,-0.20261114381384565
-0.7487188519545723,-0.7480858298421842,0.4107172813273249,0.9470894293672378,-0.05852659086566286
1.1306156147580781,1.1306649012437913,0.034458936568387895,0.9437183501937938,-0.15637139759542504
0.45975907181229775,0.4588106257168958,-0.6167520669666553,-0.6246921805954936,-0.04124570749844054
-1.1618793231565365,-1.1599684843286948,1.2420816765208276,0.09786371603865339,-0.3286719699921426
-0.6656050297843406,-0.6674380860451168,-1.1952362297685548,-2.1689669045661457,-1.4357071325297504
-1.0995380674023236,-1.0998355633232628,-0.1960498830140331,-0.4758466677231868,-0.08653208789239027
-0.507628946014519,-0.5079383657490448,-0.20258058649087232,0.943805466222272,-0.0641355096752469
1.4525776918891884,1.4508504285958137,-1.1219145589005042,-1.390012713352379,0.07021388499592571
1.6513330881187163,1.6503705567429336,-0.6234391919126884,0.9447637425355359,1.3573600017793073
-0.1961461111195392,-0.195533133151935,0.39881582170684704,0.9454000006721017,-0.06764521919309392
0.6247607956443652,0.6249316667470963,0.11258996049886093,0.23359515533821792,-0.06495053219395863
-1.2041820137407373,-1.2059012476759277,-1.1222289731961168,-2.1689669045661457,-1.4357071325297504
-0.8122705858404746,-0.8132122971953434,-0.6150201456036349,0.29193333719484965,-0.16818772038516
-0.6167706071230968,-0.61701482597928,-0.16034378994471776,0.2345627655116755,0.07648444570261884
1.385692675862581,1.3839653031257835,-1.1221254064699382,-2.1689669045661457,-1.4357071325297504
-0.07088316408832268,-0.07276375595843848,-1.2249545947075204,-2.1689669045661457,-1.4357071325297504
1.7321092516158607,1.7308125575483455,-0.8409067464840394,-0.5004538344816254,-0.13493119266592132
-0.8639937572467837,-0.8630421338822077,0.6179778707691371,0.22156536519135964,-0.041161498529717476
0.14990042444740537,0.1521616750621486,1.4730379043603403,0.9678650465159886,-0.185005454424406
1.019919204722209,1.020549092443085,0.4123664921600591,0.9417924637070731,0.1380291719864406
0.0804278190316454,0.08062867909789317,0.13098555382803764,0.944591066121944,0.06443354078572729
-0.37999422319680504,-0.3802832636708525,-0.18904148694086093,0.29565910305567045,-0.4260085154463981
0.8774778946382715,0.8756428468996881,-1.1933133170773955,-2.1689669045661457,-1.4357071325297504
0.19936145841946945,0.19898326634696673,-0.24589590549585252,0.9686335343386384,-0.06140473311808759
-1.192738629165977,-1.1935763101237313,-0.548060328736088,0.09721190146843058,0.05699608436958718
0.0594613561991445,0.05784004035441992,-1.0558192742078993,-1.2989189047878398,-0.18404306621042915
0.4949984423209454,0.49420025151508645,-0.5188190849908282,0.2312710241498816,0.06754025023897126
0.7909421755849073,0.789226185013477,-1.1159534009923189,-1.3226720233385159,0.20040095064164878
-0.766554883689247,-0.7681664410633102,-1.0511873416612207,-0.6251230938077889,1.5489444280135867
0.8782685835868891,0.878659321556409,0.25631557756986095,0.9478454720429617,-0.1637035928006614
0.8150086640117753,0.8158213237512802,0.5309761067528151,0.9682990710150159,-0.04358852130684043
-1.5609839654171567,-1.5621328937358354,-0.7515403755457383,-0.625743795510698,-0.038905901153209244
-1.632824094125989,-1.6346513135015646,-1.1934530250197442,-2.1689669045661457,-1.4357071325297504
1.4899552967200589,1.4903420194835901,0.2549769240650059,0.9457982453737174,-0.06488737546741641
-1.2973826748637636,-1.2968573848112435,0.33940780481093236,0.9460642603892497,0.06477939905012516
-1.2846332198864752,-1.2851153333141816,-0.3166752632248674,-0.5428046694690907,0.061546376143796586
-0.6592049403222593,-0.6601460552830665,-0.6143123205992003,0.22163692478618124,-0.03925777434394447
0.4932398897729465,0.49240368122916733,-0.5435832463013783,0.9458075792339113,0.07896560281677822
-1.1514795420983552,-1.1522121427826768,-0.47953672572857214,0.2465054396300552,-0.08799070752919885
0.6999381602511999,0.699449854180715,-0.316567268128328,0.2321297392877407,-0.05673715028029972
-0.31360216696429866,-0.31521155785223903,-1.0488311629279927,-2.1689669045661457,-1.4357071325297504
-0.5239293512241247,-0.5248627096070917,-0.6089782770743588,0.9454062232455647,-0.036048811142965355
-1.6235918804525806,-1.625189375083175,-1.0438168191730652,-0.5400169565577794,1.7134767230456094
-0.992418575269578,-0.9942471581948731,-1.1930047596587117,-2.1689669045661457,-1.4357071325297504
1.0375042722278713,1.0358886126625884,-1.0500945341367152,-1.3849739844909184,0.07995505819927327
-1.2186899212486426,-1.2173267300390795,0.8852868766012904,0.9443794986242107,-0.19892098650587794
0.7056534956224104,0.7069121962323661,0.8212489270678919,0.945563343225499,-0.06488737546741641
0.13145933580573627,0.1296271976575531,-1.1929750467220979,-2.1689669045661457,-1.4357071325297504
1.7084019775904102,1.7079936390781647,-0.26238101414101145,0.22057597601078288,-0.08791251348681331
0.471439213322429,0.46960546080733245,-1.1933170311944723,-2.1689669045661457,-1.4357071325297504
0.009560940384621729,0.009734268383268947,0.11290637470366868,0.9460471483122276,-0.06621667418797197
0.1595580247678942,0.15783479435319717,-1.12198612707956,-2.1689669045661457,-1.4357071325297504
1.6532371749502908,1.6554786055179334,1.4632663480327222,0.9460393700953987,-0.1678659218261114
0.2221674282198844,0.224280523815693,1.376697135805185,0.9487726354889109,-0.19455715744812657
1.3417991952190935,1.3404016222008337,-0.907422440659601,0.9462680496701549,4.586852146347869
-0.06596452660475788,-0.06402324235956591,1.2641972438036841,0.9458791388287333,-0.06792792073094958
1.640588265297613,1.6398323187138926,-0.48891544274999543,0.9507716372138192,4.591107706731549
0.7534386438253841,0.7536291071601582,0.1256186546521325,0.9494913427238587,-0.06933842095705944
-0.7630441066666867,-0.7633390585871656,-0.19369084726766894,0.9445039500934658,1.4530213902486095
0.847102953727509,0.8453773333623201,-1.1221079786898087,-1.3934491295471818,0.06357039885631666
-1.6227125320169173,-1.6236614622493217,-0.6214128553460072,-0.6154423251431181,-0.05273722426595831
1.135172524245494,1.1335027967531603,-1.085104515955453,-1.3587085019046576,-0.719073771381371
-1.3358494071315694,-1.3352737043339487,0.37216074625226003,0.9502489410429484,-0.1602660623988627
1.0925283980075324,1.0927267113097199,0.1314388189620581,0.9449068617251791,-0.20552236816112562
-1.4147658827412852,-1.4146991018962973,0.040541374684194935,0.9437059050468687,0.07919717748076639
0.2415840113923747,0.240848791581189,-0.4783356374062136,0.9472154364798581,4.5793635630578615
-1.0145872775212637,-1.0137427422061394,0.5479184803503849,0.234600100952452,-0.06356409167319821
-0.47860904234954693,-0.47888252369653905,-0.17911379484536252,0.2375293774100406,-0.0690677492718785
0.535889593953981,0.5360713798981109,0.11951321758058144,0.16907173545961438,0.0706078626710228
-0.06478097354710367,-0.05803934615074977,4.390605005187324,0.9438801371038251,-0.1827438421215604
-0.1762886449665151,-0.1745037837733659,1.1620905941881867,0.9427880754611128,-0.18522199177255083
0.362512913325587,0.36178711300075433,-0.4719484988394565,0.9447186288779309,-0.06770837591963613
0.45631068128975827,0.45469664212975114,-1.0502519555605068,-2.1689669045661457,-1.4357071325297504
-0.21544515303124545,-0.2145037894598752,0.6126491127185972,0.23119946455506,-0.07190679450311031
0.6752619329633115,0.6735368943132247,-1.1220876938965434,-2.1689669045661457,-1.4357071325297504
-1.3439851668754759,-1.3443768045658053,-0.25787336166574704,0.9480585951840609,0.1965574127120786
-0.3224647159552266,-0.3233986880164369,-0.6089575637291231,0.0976568154710171,0.2002716297253956
-1.276280055693266,-1.272254039793365,2.6194321386466304,0.9456209020300291,-0.35213319017099776
-1.6045176515145438,-1.6035863491152162,0.6031978275635206,0.9462602714533267,-0.16711706349711067
-1.019412256403375,-1.0196482197746586,-0.15580728163678015,0.18945844176694396,0.06965449684655192
0.5056716290082217,0.5040490537341261,-1.055708422098224,-2.1689669045661457,-1.4357071325297504
-1.1075724634776452,-1.106528268603032,0.6777602992365199,0.23500301258416498,-0.07163913028109797
1.6575399646164255,1.6572371846739662,-0.19373813083506913,-0.5245771961533351,-0.08896813305901918
-1.1851477235418844,-1.186427814592427,-0.8361808182051875,-0.550684003116296,-0.08556669221524466
-1.0595426918406057,-1.0607125054775826,-0.7640963768756651,0.9467207418895702,1.5788235745944004
-0.7273571368787036,-0.7264398820786747,0.5958791598637829,0.9453875555251758,-0.03790441591803947
-1.3686045954765524,-1.3682179566254735,0.24895734023819016,0.9455291190714539,-0.06842114469061272
1.1624297921967148,1.1608136018720303,-1.0501795302775099,-2.1689669045661457,-1.4357071325297504
0.5961846366414678,0.5945703412514938,-1.0501269612358082,-1.3846581888876839,0.08056557322251472
-0.3303596171737554,-0.33208145075503664,-1.1220986933971169,-2.1689669045661457,-1.4357071325297504
-0.7841826415087795,-0.785563752006532,-0.9011368689098274,0.23559882399322318,3.2129437246113035
0.37313158593361934,0.3750306421204327,1.2376108795150174,0.9486979646073586,-0.06131450922302717
-1.0278837672604968,-1.0285922716031197,-0.4635851642865543,0.9453875555251758,-0.07051433905601254
0.06064200458533023,0.060145985471260884,-0.32292469375847116,0.23285933602624803,-0.06425881566516271
1.2249404431795339,1.2250089812277432,0.047194072621939566,0.9460144798015477,-0.06891136118710728
-1.704043715216338,-1.7035366260092688,0.32670523870713064,0.09162403049888247,-0.18982341042062773
-1.5751273141737994,-1.5754888363299488,-0.23874180175274634,-0.47487750190636363,-0.06612645029291156
1.6431498503867863,1.643080928583717,-0.04145918783762522,0.23671733157315206,-0.06761213709823835
-1.3755788902120047,-1.3756109872921543,-0.02377484792864611,0.9492922203730505,0.19693033814499436
-0.7873889224113214,-0.7878817987491471,-0.32264742063362595,-0.5448674525719917,-0.19664132942402027
-1.514608703465845,-1.5157700195176163,-0.7595115850457298,0.9437385735575479,0.07444839313742421
-1.0146270557062291,-1.013139909546635,0.9664430488907767,0.23533436462105636,-0.17011851173945106
-1.1562579889901807,-1.1565012007526416,-0.16081362575492683,0.23299778828579418,-0.06241824820593193
-0.3530498107131074,-0.35465175049849973,-1.0440606652442197,-1.3190769315204132,0.07000937750045574
0.17360260306978403,0.17364873694998806,0.030408691896191147,0.9445630645413619,-0.04019610285257204
1.7619442039453723,1.7607739510052647,-0.7584949169212976,-0.5503713187997927,0.10622825644084206
-1.3080705812144278,-1.3098980698987013,-1.192950762110442,-2.1689669045661457,-1.4357071325297504
0.9303047686022398,0.9289280510948007,-0.894698161255966,0.23633775459192455,0.20135431646611934
1.5659792821450125,1.5654801199026624,-0.3218306005780544,0.23601418077186131,-0.06536556211123608
1.2241516212220467,1.2250617018439607,0.5952789014039174,0.2205557526470289,-0.04002166998878872
0.3706531756063734,0.3712831815833847,0.4110886930349999,0.9441165948954094,-0.05689053090190219
-0.5883275591921182,-0.5887390990212011,-0.2692585590125565,0.9438552468099741,-0.064406181360428
-0.8672987511379515,-0.8677899229562537,-0.3217040348961313,0.9683286282389639,0.15274468927078097
-1.2518773702423545,-1.251939121716754,-0.04283026844157356,0.2463016503491504,-0.08553962504672662
0.44904524275478197,0.44864814411128306,-0.2576885129158502,0.16667137774635943,-0.0663911070517553
1.5567792536703207,1.556479038389583,-0.1922780542719357,0.9461902675018707,-0.05763638176773435
0.8295580063522033,0.8288501930073306,-0.45925921784673707,-0.5474435979855696,-0.06703169670668355
1.0099286487304635,1.0100914343879475,0.10812773453245819,0.24680101186953562,-0.08695914766234243
-1.7009660143351073,-1.701026621521308,-0.04302211687365347,-0.4775189843413003,-0.06681515935853886
-1.644795084866907,-1.6459826519541858,-0.776880225003185,-0.4997817965476486,1.354226225157545
-1.3733860850024195,-1.3707737410719874,1.6985220949405446,0.9483386109898844,-0.17824768468438706
-0.1859480776229891,-0.18757902343956892,-1.0626032518992417,-2.1689669045661457,-1.4357071325297504
1.0181754856731706,1.0177684064735768,-0.2630011288421721,0.946386278565947,-0.057600292209710184
1.4102648692809894,1.4129428579200534,1.7470843185697194,0.9485003978999157,-0.06957300308421638
0.8222996686126752,0.8214620258896025,-0.5438306636389527,0.944685960367251,0.07590099784789561
-0.7258119411467461,-0.7272027929225042,-0.907359443519953,0.17097428729584965,0.06326363761311155
0.5405761577722191,0.5405115798788899,-0.040930783258129114,-0.48747510188169796,-0.17506879611509477
0.25459040510189446,0.2538838272400196,-0.4596543427634406,-0.5417577214839834,-0.19728492654211727
-1.2711729804173098,-1.2720038240836977,-0.5437709520644112,0.2318792807058653,1.5720627973912127
-0.31238484115132537,-0.3111116972883229,0.8285313107008028,0.9442830487355384,-0.13529509570933146
0.723687884417202,0.7219627458855439,-1.1220516955310305,-1.3973677951853474,0.0559945991344174
1.0223047100877476,1.0214664316039412,-0.5438273780738463,0.9431552072954151,1.5818611123947646
-1.1685697407062041,-1.1686321063021439,-0.04305640103128498,0.9453797773083478,0.1971468754931394
0.4102201791337603,0.4098124444954826,-0.2646966232877089,0.23595973325406225,-0.07070681669880777
0.8468616580647579,0.8470415196618468,0.11890881645166852,0.9480959306248371,-0.05526349332764748
1.0338509557404496,1.033588789204053,-0.16858855845247758,-0.5498097315447795,-0.08856513299441629
-0.8996719978861525,-0.9010524253701966,-0.9009330210225764,0.23733492198932982,3.2163000535075477
0.1787482466713217,0.17955118066764056,0.5233141689247918,0.9434710028986495,-0.16662985446378487
1.0019479312821755,1.0020997693656544,0.1009810590235054,0.23380050026248866,-0.3321846869731582
0.3527229156537074,0.35132894696422495,-0.9071388821058568,0.9432578797575504,4.581032705116478
-1.4771924226152384,-1.476547068754388,0.4172286999654964,0.9468327482118994,-0.07030080917103629
-1.0371993800769328,-1.0371456311269636,0.03284172428277664,0.24632965192973252,-0.13481991652868022
-1.3039769664972187,-1.3033516628210027,0.4045317050373099,0.9448166344099691,-0.07190980196627891
0.9681773759067692,0.9695374609565616,0.8878271898311311,0.237905843104537,-0.1682869666697264
0.35403936505297984,0.35541885604985424,0.8991845312998649,0.3209740875454965,-0.13642590186075423
-0.9680713490183029,-0.9689198504245409,-0.5546387443322979,-0.5431251320024221,0.06814174287270691
-0.329507188767391,-0.326915551541374,1.6872143226497198,0.9517532481775675,-0.1775289009870731
0.15559449274542614,0.15398006464031375,-1.0511327727103237,-1.322074656286092,-0.08673058046152286
-1.078028402710839,-1.078866536954266,-0.548116183342896,0.9436001212980016,-0.040343468547837144
-0.0758375433097465,-0.07503004825842385,0.5257534867402762,0.23954704685533693,-0.15955329362788612
0.3280833175386067,0.32724052026677103,-0.5482190358157907,0.9425158378721175,-0.03717660983121956
1.1483615558359324,1.1489993547260526,0.41778696033226354,0.944696849870811,0.0625147792841108
0.5787325073706694,0.5775487226856874,-0.769776976093899,-0.5534997176081894,-0.03931491614414932
-0.8431544450205098,-0.8390224482970051,2.6893599636104715,0.9443592752604567,-0.08958767047176674
-0.46163890079057707,-0.4634701046379897,-1.1936041610146366,-2.1689669045661457,-1.4357071325297504
-1.306615003688763,-1.3059894456851409,0.40469184062358055,0.9437930210753469,-0.20615995035288545
1.1462402231352462,1.151018463412552,3.1144018076659634,0.9484023923678775,-0.18478290214992393
-1.3746841380028343,-1.3723010884585058,1.5491827327586922,0.9465060631051051,-0.07719692221681451
-0.3165602643842508,-0.3150601230283172,0.9763633127521216,0.23401984597705044,-0.2036727783123889
-1.3347515503266834,-1.3361406381858274,-0.9074812951302019,-0.683151702634649,0.06650568290894625
0.7804657375641907,0.7808283136365749,0.23776999105104607,0.287253961950863,-0.179871714795473
-0.8392860573840254,-0.8386526689896817,0.4107668505052338,0.9457764663665982,-0.06930533886220404
-0.9566679031827268,-0.9582773783865444,-1.0502279566501647,-2.1689669045661457,-1.4357071325297504
-0.2682036012877468,-0.2688886764211503,-0.4467407862395481,0.23280955543854598,0.1996160027546237
0.7222975324814536,0.7209023790366618,-0.9071393106578272,-0.6104844897366735,0.0663733545295243
-0.1850015710247064,-0.18593381471946094,-0.6075450564347034,0.09756347686907595,0.19833482344476686
-1.24616906942701,-1.2438822911921597,1.4867505674583614,0.9434430013180675,0.10372905454767077
-1.3549747804842902,-1.354010421612308,0.6252478263949068,0.23583994871490455,-0.20223521091776098
-0.5334937629809879,-0.5344354276685758,-0.614408030539255,0.9688591026266627,0.058538912975118824
0.04189887441689212,0.04281276506626495,0.5952933293202538,0.9437463517743759,-0.04045775214824701
-1.304118959375861,-1.3035204565271634,0.3870763547311781,0.09596271984578367,-0.13632966303935645
-1.2628635711966816,-1.2631627630696642,-0.19749524595951629,0.2189129932528634,-0.16781178748907533
-1.5707471468058376,-1.5719333940748894,-0.7758661281905752,0.9436670139627259,4.581823667929839
-0.03256039368169897,-0.03326601862742656,-0.4596329151649209,-0.5399267292425697,1.4377224251095455
-1.094271513752787,-1.0959873763931542,-1.119803940446312,-2.1689669045661457,-1.4357071325297504
-1.3699707129374432,-1.371689207983639,-1.122093693624129,-2.1689669045661457,-1.4357071325297504
0.2736996589865524,0.2734155878172463,-0.1844409815386777,-0.5247405387067322,-0.04275545400911678
-0.5095022239830613,-0.5080042232553575,0.974566537190915,0.24711991875950148,-0.08920271518617612
-1.5847816086566104,-1.585967886850136,-0.7759155545178273,-0.4903032615205169,-0.2937372778247817
0.48223325193356775,0.48060383039865157,-1.0602162174241454,-0.7245209266583658,1.3567825688509212
0.8247620263694493,0.8266920643340077,1.258731349122618,0.23751382097638396,-0.19099932851958082
-0.26062129518447724,-0.25912136069030167,0.976345313569365,0.9489810916999132,-0.04008783417849953
-1.6641642946748194,-1.665789089870037,-1.0616820080135507,-0.7336463306414863,1.3391407899034573
-0.8293867363269118,-0.8267090155582485,1.7422363958299623,0.9458184687374713,-0.06630088315669487
-0.4128423842784319,-0.41401441927618465,-0.7641936581729447,0.9463302754047828,4.5869724448746165
0.19824637998129152,0.19663353722609025,-1.0500112522038019,-2.1689669045661457,-1.4357071325297504
0.7144715015652016,0.7185915925237697,2.6848561681029404,0.943836579089586,-0.2791029620459958
1.5701241103678603,1.5688348737563804,-0.836387808806888,0.16211800961499312,0.07678218455631815
1.5362916014624153,1.5380820733665215,1.1693184088702007,0.9451075397193525,-0.18343255118718754
1.5908243931691055,1.5912238963045224,0.2635111080034387,0.9441897101335973,-0.08688696854629425
1.5592236589650377,1.5602763846294265,0.6888810800175958,0.9438396903763171,-0.18490019321350223
-0.4524310904810271,-0.45064477931425545,1.1624587203307553,0.9445646201847278,-0.04078857309680156
-0.9729620165093946,-0.9738035738713279,-0.5501263777853591,0.2914168635974415,-0.1691260488937874
-0.4566847279646718,-0.4562820133171018,0.26133020702610193,-0.5497055034392788,-0.08756665522241527
0.013508348990972358,0.01367166175883772,0.10639181335104747,-0.5328096608445513,-0.21113730189704702
0.405403223575844,0.4075449144843607,1.3957032728415169,0.9435394512067397,-0.09063727511763542
-1.3809141860713818,-1.382522271525147,-1.0502081004088697,-2.1689669045661457,-1.4357071325297504
1.179566901369414,1.1800766150695707,0.33443174503202694,-0.4000323882964263,-0.47381514997569985
-0.9616867100483745,-0.9607697441199627,0.5952020477505598,0.9438988048242138,-0.08654411774506499
0.4993496686943505,0.4998217291020351,0.308489208653549,0.9450764268520385,-0.037654796475039214
1.2759738901136277,1.2746857396085762,-0.8362942416266852,0.9436219003051216,4.581736451497949
-1.0645765673337966,-1.0659555954905104,-0.9003657610644312,-0.5507960094386252,1.6926380107498413
-0.6192545638089789,-0.6186583909979425,0.38698793017462024,0.9436452349556067,-0.279557088984466
-0.6580617602897896,-0.6597730385813827,-1.115907974483457,-1.3241732191864042,0.19749874868387443
1.1350262378575267,1.1352109173016507,0.12264793239335914,0.9495924595426286,0.19593787529933088
-1.2776008565066639,-1.2787703599404021,-0.7643493653888546,0.9443857211976736,1.582880642408946
0.6091046111655635,0.6096057705621916,0.327670052043145,0.9438552468099741,-0.08530203545640108
1.004579432469409,1.0031923862334888,-0.9012701485726199,0.2355894901330288,3.2129256798322907
-1.1953891163282144,-1.1966498940839156,-0.8236236740700064,-0.5436976087609952,0.19688522619746424
-0.0979955779180328,-0.09938809945887371,-0.9071368821966617,0.17207101586865933,0.06404858550013648
0.32857686603150843,0.3277341027107474,-0.5481958940093895,-0.5497490614535179,-0.1831438347229945
-1.3813852727659197,-1.3826719132800382,-0.8408558916502192,-0.42554027256359755,-0.18410321547380276
1.3901183202129177,1.3951137094955197,3.2563372203059693,0.943005865532309,-0.32873211925551604
1.1572050333106745,1.1554787663840276,-1.1218819889507543,-2.1689669045661457,-1.4357071325297504
0.3460339779664877,0.3471021847087694,0.6964321657359442,0.9432952151983272,0.06789212342970666
0.34548221277718116,0.3441973146165649,-0.8361176782148828,0.9441508190494552,4.582758988975299
-1.4424963612210564,-1.4420242044102465,0.30449996121180484,0.9449659761730752,-0.04989517157155774
-0.08089083007115078,-0.07742855039228662,2.2547719815637888,0.23523324780228638,-0.17178464633489854
-1.332777217515157,-1.3346052802222885,-1.1933761713663869,-2.1689669045661457,-1.4357071325297504
0.7264122745545883,0.7264560029434448,0.02999556779673112,-0.490799511754171,-0.2924290313464068
-0.16992284062949928,-0.17110255137701436,-0.7686858827772749,-0.5428948967843007,1.592005285662715
0.7779667653301658,0.7761325193970433,-1.192998759931126,-2.1689669045661457,-1.4357071325297504
1.3949248880006349,1.3941861543375693,-0.4782174999130417,-0.5444365393596966,-0.02170922675470982
1.6820617687952508,1.680775746080752,-0.8340610573089603,0.24651166220351814,-0.040938946255235434
1.5745868684050124,1.575204261382614,0.40538623766627613,0.24583184605271283,-0.08781025973907818
-1.189703621230653,-1.1905445286892182,-0.5501553764686892,-0.5187466448187397,-0.08925384206004361
0.38684877729519784,0.38523499885182055,-1.0502270995462237,-2.1689669045661457,-1.4357071325297504
0.15998298019968368,0.1582596133126846,-1.1220741230841476,-1.3966553105238626,0.05737201726567186
0.558745403775723,0.557927278827273,-0.5316689301217886,0.23346914822559728,0.2002295252410339
-0.04950508344899068,-0.04594181778616324,2.320608420866275,0.2282421865168886,-0.15667214391229278
-0.18243565908708065,-0.1836277535740552,-0.7767773725302902,-0.5251590067721021,1.4044117630532709
1.780150169707582,1.7787510937545377,-0.9074865806045033,-0.5573032656372944,1.4720736694221832
-0.06157341172019623,-0.06118153742843211,0.2550944901555508,0.9430385340429889,-0.1883738131733251
-0.6126692281179384,-0.6117356449412994,0.606752951859255,0.24627520441193346,-0.18554679779476801
1.7939932011406134,1.792703612677754,-0.8361498196126623,0.9430852033439591,4.580698876704754
1.2920473508387786,1.2918063443583068,-0.15426849436175086,0.23800540427994107,0.2087496683978979
-1.615847305578508,-1.6143315557835878,0.9838176885758173,0.9441197061821412,-0.18344157357669366
-1.295186215510354,-1.2945413756969215,0.41727369792238783,0.23587261722558403,0.07990092386223685
1.4035958317627386,1.4021908897912523,-0.9120928000329585,-0.5432729181221627,1.7071821026335665
-0.960994150434318,-0.960477428684803,0.33452931203061986,0.24717903320739756,-0.08794559558166871
-1.6539261888632402,-1.6538782832698906,0.0277490983679239,0.23832897810000395,-0.07185867509241142
-0.18938996635769084,-0.18921643740894703,0.11262210189664056,-0.5245305268523645,-0.2316482007074293
1.334781441834488,1.3344834501422482,-0.1912930989933127,-0.42494757244127085,-0.1829212824485123
-0.5296955950040918,-0.5313253087479602,-1.06251811290779,-2.1689669045661457,-1.4357071325297504
-1.595623711980546,-1.596463651186382,-0.5503717952137384,0.9428331891187178,0.10503429356287705
-0.31524405033289676,-0.31560063760107454,-0.23289878133773317,0.23139703126250225,0.06762145174452555
0.09537526125945495,0.09688415710225809,0.9829245862695156,0.9458355808144943,-0.056773239838323726
-1.3388029322656776,-1.3393031311723158,-0.3285671518513398,-0.42575650699142825,-0.42379201509108266
-1.072037023094075,-1.0723100279340172,-0.18004175271192296,0.9434663359685526,0.2022024210796865
-0.9478732675295193,-0.9494828522844097,-1.0502809542438365,-1.3865654076540164,0.0768784233777156
1.2973264586437812,1.2981626157119974,0.5472860804927397,0.23667844048901,-0.07540748163145121
-1.4909151052820262,-1.4894097175502552,0.9773296974453608,0.9485626236345436,-0.06465279334025949
-0.2286029548521685,-0.2263441351368503,1.4706648692496103,0.9426153990475216,-0.06551593526967012
1.2030969649922731,1.203030736428062,-0.04062336864469949,0.24655366457439168,-0.08832754340409076
1.3251260425544114,1.323399063026648,-1.1219956980735655,-2.1689669045661457,-1.4357071325297504
1.185710639482047,1.1867716314892027,0.6934854423875128,0.967532138835732,-0.18300549141723535
0.7205430696792974,0.7197057159111977,-0.5438548053999516,0.23346603693886617,0.07179581062265028
-1.1759289132943436,-1.172350602907116,2.328056368410415,0.9444479469323008,-0.1825303122365843
-0.3465194361088211,-0.34545696291551853,0.691252829472415,0.24730348467665267,-0.08736816265328268
0.3219394559396009,0.3203278726433079,-1.0489328725956328,-2.1689669045661457,-1.4357071325297504
-1.549733585656559,-1.55111180250536,-0.900849739089663,-0.5441316332600218,1.7055219829644568
1.5282423835129606,1.5264050706851893,-1.1934305974666268,-2.1689669045661457,-1.4357071325297504
0.17623937885789884,0.17618367924462627,-0.035908725567734605,-0.5005082819994244,-0.0389149235427152
-0.18922016755017554,-0.18905364626182802,0.10805845196391119,0.9425625071730884,0.04775715751540905
1.6777974792410886,1.6791837552108055,0.9063657766677629,0.28971654539874553,-0.1691561235254742
1.1424822492050613,1.1426511891410591,0.11241253998311748,0.9440590360908793,0.06903195197063541
1.1014409559087883,1.1032571050181719,1.1851342621882603,0.9437027937601369,-0.23324215618682861
-0.5496636959544703,-0.5495893989114196,0.0472417847413102,0.23749515325599552,-0.19248200786173886
1.564860879006229,1.5640111289621772,-0.5501665188199194,-0.6121521394246899,-0.06621667418797197
1.2186315873360662,1.2169047634528702,-1.1221165497292167,-2.1689669045661457,-1.4357071325297504
-1.3576785306311516,-1.3570129921427905,0.43062409175476885,0.9433652191497826,-0.6661093375177869
0.1569332155331263,0.15643766808411522,-0.32241657397224033,0.1001847359402586,-0.0614708973077984
-0.33916246609644907,-0.3389957381319035,0.10788017434422709,0.23608885165341437,-0.0661805846299478
-0.7847717682349932,-0.7863816527133303,-1.0501358179765297,-2.1689669045661457,-1.4357071325297504
-0.42427021987901203,-0.4236376251168545,0.4111159775104485,0.9457002398416792,-0.20293895729923145
1.6606928801042615,1.6619407251910465,0.8161717290239734,0.236597547033994,-0.06678207726368329
1.2556316065903435,1.2555709549862615,-0.03688153854052971,0.23499834565406796,-0.18928206705026587
-1.708899429922472,-1.7091507516841882,-0.16724876214236808,0.23601418077186131,-0.06732642809721409
0.03500005485964569,0.036501322851035474,0.9778306746987518,-0.538745995928013,-0.07926906434003347
0.5511578568493721,0.5512344969993579,0.05106489686919818,0.9450375357678964,-0.28188185801385396
-0.686234553139206,-0.686178791942476,0.034884631525646394,0.9432018765963861,0.05610888273482711
0.2807269197251917,0.28134126044179497,0.40069845051278924,0.37051199488243625,-0.27958114868981543
1.3734172271661715,1.3716899352136953,-1.1220984076958034,-2.1689669045661457,-1.4357071325297504
0.10737031670888546,0.1075425983117435,0.1124289678086494,0.9441243731122383,-0.0674377042344552
-0.4808018846269779,-0.48105728305770523,-0.16734118651731644,-0.5444614296535476,-0.05821080723295179
-0.34750497558710414,-0.342079264358277,3.5329748025790098,0.9677717079140474,-0.18523402162522556
0.2717268961847195,0.27177076622458063,0.029139035258569434,0.9469494214643257,-0.20284572594100242
1.1679766096847761,1.1671276789665586,-0.5504610768742371,0.9423711630391091,-0.03976904308261971
-0.3229241280331181,-0.32464579088657725,-1.121971984864537,-1.390241392927135,0.06977178791013039
-0.05629772205308989,-0.05724195771499188,-0.6150867140097028,-0.5456810540522461,-0.057052933913010785
-1.60714520135718,-1.6079649572296226,-0.5372506766855182,0.09673431895516454,0.07070410149242025
-0.05683993097635361,-0.056343662153588485,0.32309525975918557,0.9438179113691979,0.05703518139077995
-0.8426530592006496,-0.8433454063481023,-0.4526756596268825,0.23312223975504928,0.07840320720423533
1.1697319827328425,1.168791884786959,-0.6098335239566092,0.22179248912274993,-0.18725503687457704
0.8920816019092161,0.892013071890588,-0.04277127112031594,0.9435627858572255,-0.09008390189459865
0.00656973041180602,0.004737115499264089,-1.1935461636479765,-2.1689669045661457,-1.4357071325297504
-0.7670664574638787,-0.7687868495280225,-1.122071123220355,-2.1689669045661457,-1.4357071325297504
1.2861469438303545,1.2856288284978397,-0.33475844216762674,0.949874030991818,1.5655125426098324
-1.022482531432666,-1.021866580433254,0.3990278120815354,-0.4697672134500816,-0.18707458908445634
1.4409650976443864,1.439330194323678,-1.061785860441043,-2.1689669045661457,-1.4357071325297504
-0.39527343996955067,-0.39553852785077015,-0.17347333666168907,0.09413950582119847,0.0757867142474859
0.6190817507905958,0.6221101946533705,1.9736806015130968,0.9484723963193336,-0.1946985082170545
-1.4150508965281081,-1.4131355206972107,1.2445082806278571,0.9446346241361838,-0.19621126219089932
-1.397188634357663,-1.397927288663136,-0.4839920948634485,0.9443157172462175,1.451719158696572
-1.0124993394400053,-1.0121133499999,0.24927746856007496,0.9454326691827809,-0.06711891313857521
1.1237421489491553,1.1236708671491988,-0.04408006883790022,0.23614485481457934,-0.20071042709124126
0.1187281835706778,0.12151657725539244,1.8162947475351203,0.3714080454610719,-0.3291411342464563
0.3967220725573689,0.3957772399760151,-0.6145301678508174,0.9452693266293837,0.08748875343681099
-0.5001009576844478,-0.5007940608448845,-0.45245324115424784,-0.5402223014820501,0.06134788357466382
-1.6112812298051042,-1.613108574352794,-1.1934895947878845,-2.1689669045661457,-1.4357071325297504
1.6763375325350531,1.6751500684352256,-0.7698829712812431,0.9443281623931434,-0.03958859529249902
-0.7444054255714656,-0.7460063485762531,-1.0442150868042184,-0.543146911009542,1.7074257071502295
-0.7298149219109609,-0.7315351951285037,-1.1219159874070723,-2.1689669045661457,-1.4357071325297504
1.3139777169332727,1.3121407874761473,-1.1936280170743219,-2.1689669045661457,-1.4357071325297504
-0.9685359723088666,-0.9648288887470732,2.412357540759969,0.9458838057588304,-0.06959706278956582
0.4013815904472349,0.40088626918142056,-0.32175917524965536,0.9427585182371647,-0.18270173763719885
-1.0589239171987341,-1.0589542342688179,-0.021954787710381608,-0.40515201061290246,-0.19325793335925784
-0.8974789568899758,-0.8975229522380938,-0.0305263985208954,0.23627552885729702,0.07754608020116223
1.3469808128356997,1.3477731456899142,0.5188475145880282,0.9489499788325999,0.06661395158301858
1.5095286242383523,1.5104408787737258,0.5972902386516347,0.24621920125076885,-0.18688211144166095
-1.5408044325466672,-1.5412857061333094,-0.31666283521772587,0.23777672470518488,-0.06508586803654917
1.0905409653316664,1.0900513288298512,-0.3166186943647753,0.22401083656221996,-0.3011566894619097
0.16032785131891414,0.15957481025487574,-0.49011195985133643,-0.4184200928788477,-0.4423089658206315
-0.0678111883248653,-0.06674980571931018,0.69112412103064,0.9443437188268003,-0.08823130458269314
1.3271358773691508,1.3267646805756674,-0.2389866477784983,0.9450328688377994,0.19693033814499436
-0.19843038814702932,-0.1998229456365745,-0.9073698716178993,-0.4875948864208557,-0.16370058533749282
0.5359539485591959,0.5374358310757289,0.9662504862054129,0.945661348757537,-0.07719391475364576
-0.5896734599816663,-0.5886032324231796,0.6957957660599086,-0.47500039773225317,-0.08927790176539305
-1.5021832368119075,-1.5030230983580255,-0.5501262349347023,-0.5452999214276527,-0.07311880216008741
0.1525225086471869,0.1516875022888439,-0.5435112495703522,0.9423540509620862,3.235391429702314
1.7496518354225081,1.748892613028551,-0.4908213562129958,-0.5505922201577204,-0.1842626110217426
-1.657103035703079,-1.6575847951549962,-0.3172219526884337,-0.5245507502161185,0.05454500188711477
-1.6363412139175233,-1.6352654322968545,0.697228986699564,0.943022977609332,-0.0576965310311078
1.3281006035811815,1.3269513310560177,-0.7457359248080606,-0.5408056677441828,0.20766096673083664
0.03751164419867311,0.03700679811323613,-0.32872185911265206,-0.42538781951376037,-0.1851768798250207
-1.4786341562876169,-1.4799127711863087,-0.8358318340506298,0.16685183237677914,0.0713025866629873
-0.8986365001642418,-0.8989092757871878,-0.17953063306189945,-0.541868172162947,1.4431358588131658
0.9942337998567531,0.992947088307571,-0.8359449717708137,0.16619379523309338,0.07049357907061277
0.11131812867480959,0.1104733329037944,-0.5499729561799579,0.9468187474216084,-0.06373551707381277
-0.6449791283308538,-0.6447828527342104,0.12648604384021084,0.24709347282228492,-0.08749447610636711
-0.07934837231502515,-0.07942076896538734,-0.04731663616897513,0.9443312736798746,-0.04732078309916968
0.8815057983741909,0.8798906478317706,-1.0500885344091297,-2.1689669045661457,-1.4357071325297504
-1.622057825691896,-1.62242918910191,-0.24524922057252754,-0.5435311549208666,-0.07012036138091561
0.9667938652915502,0.9663140363040413,-0.31048940123353874,0.23524102601911487,0.06743198156489892
-0.36991511036743235,-0.3649110808620177,3.258291845842938,0.9461467094876316,-0.061922016783100185
0.8968625968315823,0.8964834026691604,-0.2450930848046472,0.23864010677314135,-0.06321522594563157
-1.5192994934571447,-1.5201368565450901,-0.5485347357673145,0.23352981831685926,-0.15877436066719855
-0.9277884612092399,-0.9280790420981632,-0.1911878180592525,0.23694134421781088,-0.08953654359789925
0.933084672334681,0.9343293795045272,0.8126097478967126,0.9451044284326213,-0.041717879215923
-1.0206845930924568,-1.0209296008606112,-0.1617004426323295,0.24679478929607304,0.20100845820172147
0.13225877978465905,0.13273505084078777,0.31046554749035093,0.23844876263916168,-0.15746611418882384
-1.1168068869649206,-1.1176483475527814,-0.550363509875644,0.17217368833079452,0.0559945991344174
-0.9397384855871237,-0.9414581636462865,-1.1219664136889218,-2.1689669045661457,-1.4357071325297504
1.351483728509727,1.350195377310297,-0.8362673857032071,0.9421642624714724,0.05695397988522565
1.790059003821475,1.788425311367288,-1.060268786465847,-2.1689669045661457,-1.4357071325297504
0.13101537509734304,0.12918329188948774,-1.192940191161839,-2.1689669045661457,-1.4357071325297504
1.3829686862333956,1.3843102961873714,0.8766601254372524,0.9494306726325967,-0.44664272024669627
1.0928976301587028,1.0929569135176402,0.04089107309203662,-0.5502375334703435,-0.06386183052689719
-0.726615933503849,-0.7268689414545012,-0.16629723391743598,-0.5256350336420023,0.05620512155622489
-0.09718373046772594,-0.09890637671343738,-1.1221414057434995,-2.1689669045661457,-1.4357071325297504
0.0604394206941427,0.059604978489943894,-0.5433359718144609,0.23695067807800493,-0.06660764439989998
-0.551928852334429,-0.5523229068768704,-0.2577946509538512,0.9437323509840849,-0.042196065859742664
-0.3654482108210552,-0.3641850717078447,0.8219046115825952,0.948207936947167,-0.06017167321892965
-0.14900892201635724,-0.14761718588682407,0.9061099311414373,0.9433652191497826,-0.039732953524595535
-1.432751033373732,-1.4343780665318762,-1.0626566780448843,-0.7257249946234077,1.3544547923583645
0.4657124345150997,0.46399783295137803,-1.1157274112532642,-1.321811752557291,0.20206407777392735
0.6363308410472518,0.6344963505433082,-1.1934535964223714,-2.1689669045661457,-1.4357071325297504
-1.0969050462140872,-1.0954189822838305,0.9655665172606636,0.9427414061601426,-0.18195889423453546
-0.5721000447203415,-0.5737286393208519,-1.0618777134133641,-2.1689669045661457,-1.4357071325297504
-0.04487024857684666,-0.04340873370324686,0.9517732863922082,0.9461793779983108,-0.19895106113756475
-0.05140575565205055,-0.050782752135474264,0.40564736866690304,0.23875055745210502,0.05870131598622742
-0.14088163326216485,-0.14226487307532518,-0.9011812954640915,-0.5456312734645441,1.581307739171728
-1.490821393601172,-1.489307745330639,0.9827098817323481,0.9434461126047985,-0.21102301829663733
-0.20533323011385513,-0.20562792623713466,-0.19236047910090817,0.9456940172682162,-0.05511011270604501
1.7557964370624055,1.7559393361550255,0.09673225193835919,0.9438692476002658,-0.18422652146371843
-1.5523712806833756,-1.5531006972658503,-0.4782994961900437,0.9783065247864808,0.021495989126514816
0.27261556115178026,0.2710115465805942,-1.044106377454395,-0.5406267687571287,1.7122977974834879
1.7779558953830308,1.7774379048303257,-0.33365092102547095,0.21861430972665116,-0.03099928048275544
-0.9702965137990143,-0.969662590064283,0.4108421328013664,0.23673599929354017,-0.06883617460789034
-1.289156085518826,-1.2889785820241484,0.11291580284701741,0.23536858877510144,-0.06823167451098609
1.3066045603359102,1.3076486246838601,0.6827129315077104,0.23260887744437228,-0.1857573202165755
1.7288019882513348,1.729160812844868,0.2373055835657956,0.9492097712746693,-0.29131025504765873
0.8968218818610061,0.8991975040346393,1.5490853086107559,0.9459895895076974,-0.21400642175996565
-0.11466158262994845,-0.11638410269014492,-1.1220956935333242,-1.3895833557834492,0.07104394483048093
-0.7548767403333919,-0.755150840298752,-0.18009317894837037,-0.6059466780389641,-0.06979254789552981
-1.0155788803339934,-1.0158235693156878,-0.16148216682874192,0.10099833742051303,-0.06515503968942875
1.51105740352081,1.511243951731816,0.12464969864707111,-0.48089317480147575,-0.05096582845960709
0.1890141825387742,0.1896449884970499,0.4112306865878573,0.23887967585145714,-0.07440599639628144
-1.2637408085198414,-1.265367020445241,-1.0617691469141977,-0.7324515965366386,1.3414505216170018
-1.2426635163386308,-1.2421481205858536,0.3330779493575512,0.9465060631051051,0.073031877984977
-0.3242193349248737,-0.32583102465006913,-1.0503505225136973,-2.1689669045661457,-1.4357071325297504
-0.056300377339112466,-0.05813296870041362,-1.1936620155306399,-2.1689669045661457,-1.4357071325297504
1.5501146574941045,1.5482770491116775,-1.1935774479418153,-2.1689669045661457,-1.4357071325297504
1.478357860153364,1.4785120558408047,0.10351065845408647,-0.4257596182781594,-0.1856279993003223
0.7842766834196444,0.7829899898448828,-0.8363713809813562,0.9425236160889463,0.05511641988916345
-1.0023037263202321,-1.0036937657085478,-0.9074072984899805,0.16764365484991367,0.07072515373460093
-0.8469418497233522,-0.847012518091034,-0.04779275740808317,0.23841609412848216,-0.10636330002665137
0.863090106251436,0.8641487423042132,0.6912778283373546,0.9472496606339038,-0.0660693084927067
0.3403746260088239,0.34044474268126734,0.04637639546242732,0.0973207965040287,0.19985659980811782
1.1218384588970634,1.1211041540840272,-0.4759028907209419,0.2164877452457571,-0.025751257253412763
1.1240609477741337,1.1227738599654697,-0.8359191158019333,0.9452413250488015,4.584867220656542
0.4286138766446059,0.4273282140232991,-0.8364420920564712,0.09101732958626468,0.2088789893141511
-1.311011172083151,-1.3097271539006823,0.8335297980328255,0.9464951736015452,-0.06917301048278225
-1.6031171987005606,-1.6029213562906408,0.12420457600048815,0.24616008680287277,-0.04016602822088523
0.40944105403692505,0.4080383530441428,-0.9127077721104743,-0.5461819712159972,1.7015581465081395
0.4582558395135003,0.45753947861356165,-0.46560092990463237,0.9455120069944309,1.7035611169784786
0.6190454723366543,0.6183281920397098,-0.46586420366511133,-0.4095078120368265,-0.19608795620098352
-0.7759763712652663,-0.7757813988420835,0.12536395193106153,0.3077728979442758,-0.21325154850462752
-1.5791888658626467,-1.5781041423335287,0.7031720025743359,0.23701290381263249,-0.06931135378854139
-1.103943272235572,-1.1055522464053429,-1.0502089575128104,-2.1689669045661457,-1.4357071325297504
0.17519898774170728,0.176104130367667,0.5898740039533039,0.9501478242241785,1.4486756059698702
1.7654553569104605,1.7641657646896505,-0.8362118167977126,-0.6246299548608663,0.0564607559255625
1.3738921414995977,1.3733917663120987,-0.32302140365312343,0.23732869941586723,-0.06608434580855019
0.20271388116731529,0.20465143238077718,1.2623266144529128,0.9465745114131953,-0.20045479272190364
1.646732398215701,1.6459778587249838,-0.48798619922752373,0.9492455510720803,1.473372893511052
1.3817362211665702,1.3835692206472912,1.1966935944857064,0.9460409257387646,0.05877650256544436
-1.193653487281626,-1.192374161413379,0.8307186399576955,0.9504278400300026,-0.1604254579468027
1.6649405097455598,1.663981054164101,-0.6214075698717058,0.9434741141853806,1.4523958379095245
0.8299321308009728,0.8289789985324094,-0.6190316777478395,0.22129312760236436,-0.039621677387354594
-0.37422036998036196,-0.37449404782094514,-0.17902394178223652,0.23758538057120557,-0.06462572617174143
0.6168880449859001,0.6175084603188115,0.40535623902834866,0.9431598742255122,-0.08789747617096982
1.2909715700195925,1.2897759510713716,-0.7759982650481134,0.23258554279388716,-0.05901379989898864
0.8644376645658871,0.863702152964332,-0.4772259735042059,-0.6755306057861479,0.05706826348563535
-0.01892890427563385,-0.018966661371704403,-0.02463023766155325,0.9436421236688749,-0.05455974694617702
1.0167323225857083,1.018120339096151,0.9061199306874133,0.9438848040339222,-0.18584754411163576
-0.7231786892166551,-0.7239174085777073,-0.48262801394168336,0.9477396882940947,-0.02702040671059471
0.024592176122241793,0.023647292191970086,-0.6153401310748626,0.23869299864757448,-0.06996998822248174
-0.4870158450312351,-0.4886445049647702,-1.0617427195426898,-2.1689669045661457,-1.4357071325297504
-1.5084078196762731,-1.5064829556672599,1.2504930088944142,0.9479543670785598,-0.19296019450555868
0.8966958560116536,0.8949797582295469,-1.1158025506987401,-1.322855589255667,0.20004606998774463
-0.24182265778173878,-0.2429955043590111,-0.7643653646624159,-0.6111114140130453,0.035444603302842353
1.1234343548875678,1.122037893191611,-0.9071543099767909,0.9466958515957192,4.587679198719256
0.45562441268129417,0.45535710611159336,-0.17314278024185822,-0.5378343889157203,-0.056409336794913764
0.48620585746274125,0.48614776405592014,-0.03682096986204748,0.9467347426798614,-0.06712492806491256
-0.5014889168798015,-0.5032101672975908,-1.122075980142686,-2.1689669045661457,-1.4357071325297504
-1.294156170490452,-1.2949967417532875,-0.5501543765140915,0.9453284410772798,4.582232682920781
0.6771524134828818,0.6757679663507326,-0.9002606229810278,-0.42663544549304133,-0.13427255823198098
-0.31788203948977745,-0.31948429724900645,-1.0441943734589827,-1.3187020214692824,0.20807599664811444
-0.5224698859614082,-0.5227245729406209,-0.16696477503665347,-0.5403825327487158,-0.1931165825903299
0.046297215776638305,0.048664540930153634,1.541906777405337,0.23808474209159114,-0.06559112184888705
1.3968745329690389,1.39661364606578,-0.16699763068771706,-0.5450603523493369,0.058962965281902396
-0.3166740791202105,-0.31647902625786245,0.12637476317856491,0.9446906272973481,0.05396155403239121
1.4344921336753675,1.4339910901250355,-0.32333024677312094,0.23484122567413337,0.06833722797867091
0.4832891624135301,0.48299474373797047,-0.19074283826332633,0.2351710220676592,-0.0644362559921148
0.7631738591696463,0.7613386997226722,-1.1936245886585586,-2.1689669045661457,-1.4357071325297504
0.690625036244486,0.6889000665937596,-1.1220106973925292,-2.1689669045661457,-1.4357071325297504
-0.25358187904388163,-0.253199171060409,0.24872392226498216,0.9442130447840824,-0.08887490170079015
-0.9546646363954072,-0.9525362273147732,1.3842149373204993,0.9449333076623954,-0.04172690160542896
0.42076764813927525,0.41913835247211156,-1.060262501036948,-2.1689669045661457,-1.4357071325297504
1.165946854522122,1.1658671262143345,-0.04949310877595113,-0.6820285281246229,-0.05354322439516392
0.23763679711804253,0.23781825860525993,0.1186795411475076,0.9449130842986413,-0.05991603884959203
0.7710870350553508,0.770139580198249,-0.6154568400614667,0.16755498317806955,0.06790716074554998
1.7114773758784914,1.7101807698479685,-0.8408924614183596,-0.4757922202053877,-0.03946829676575196
0.9078837358753302,0.9061581923093156,-1.1219311295766927,-1.3902025018429927,0.06984697448934715
-1.6961621961480493,-1.6930419734854898,2.028623821130787,0.9434461126047985,-0.1382454170778042
-1.0383104826048408,-1.0391305589826845,-0.5362724353877647,-0.4734478656532974,-0.06351897972566792
-0.9522693995140711,-0.9527717468771291,-0.32915983922639513,0.9461715997814826,0.0688996235912138
-0.734954002968488,-0.7367834211052757,-1.1930114736395812,-2.1689669045661457,-1.4357071325297504
0.8782630139785982,0.8782896137525108,0.0191567742121744,0.9499564800901992,-0.023856555457145715
1.4720603266723418,1.4712210570530408,-0.5435343913767534,-0.4906626151379908,0.19681605454458467
-0.500283403207375,-0.5019099794946996,-1.0604133513305267,-2.1689669045661457,-1.4357071325297504
1.2276627397513258,1.229583886862889,1.2537815738645635,0.968250846070679,-0.1835167601559106
-0.8637060991407565,-0.864098713462227,-0.2575072354323734,0.9477505777976547,-0.07061659280374752
-0.7715940978295375,-0.7701337481500128,0.9494979611307277,0.9689415517250446,-0.1857573202165755
-0.5842993352251075,-0.5861299357321507,-1.1934671672347672,-2.1689669045661457,-1.4357071325297504
-0.624962773380396,-0.6217162393791174,2.113124127295917,0.9433916650869995,-0.08825837175121119
1.0327388813331129,1.032898650861929,0.10621096441954116,-0.48785934579302254,-0.29780036056566533
0.424791343687715,0.42295742566388767,-1.1935221647376344,-2.1689669045661457,-1.4357071325297504
-0.8321776867159892,-0.8334486694169737,-0.8295121209938813,0.3691570295109227,-0.32774266387302115
1.513255767810541,1.513414097367348,0.10627581861772743,0.9459009178358525,0.059251681746095415
1.5391938341297942,1.5377954617552325,-0.9075311500094244,-0.6139349067217673,0.0688515041805149
-1.168159549682421,-1.1679721465729873,0.11961578435216236,0.24585984763329496,-0.08879069273206726
-0.8756415966519163,-0.8759503645765259,-0.2029239994698149,0.9436483462423378,-0.13774918565497243
-1.6233133925805958,-1.6245995874121235,-0.8410704533367301,0.23207529176994163,3.2061318205342477
0.10636374747935842,0.10742353370271643,0.6904478660213575,0.9452211016850476,-0.1888249326486267
-0.6667716722276668,-0.6658279901130121,0.6132173726313401,0.23828386444239893,-0.07035494350807253
-1.3677767452451286,-1.3654123751810703,1.5370314273394743,0.967410798653208,-0.18399494679973025
0.01995154309331537,0.020436741665422725,0.3160455798461987,0.967406131723111,0.05723968888625007
-1.2123662369509505,-1.2140850869278643,-1.121995983774879,-1.3978344881950535,0.055092360183814006
1.3371348218801373,1.3382022639065865,0.6980022373048124,0.9440761481679021,-0.2314888051594895
-1.240032094989834,-1.2403040285968958,-0.17969462561590363,-0.47675516344874824,-0.3266028353320922
0.946500354498846,0.9471274732092383,0.4104098667138953,0.9439796982792291,-0.19791047888120222
1.027567882447897,1.02584169199815,-1.1221026932155074,-2.1689669045661457,-1.4357071325297504
0.23172958585693482,0.2305555530211193,-0.7641498030213076,-0.5454632639810498,1.451589837780319
-0.33784736386112413,-0.33857899050541446,-0.4772045459056863,0.2963233627728188,-0.1824190360993432
-1.3510191926055897,-1.3522884239158661,-0.8294541236272213,0.23489722883529798,1.5793889776701113
-1.3052972983694702,-1.3033747443899795,1.2494123436757365,-0.47761387858660737,-0.3255021038123562
1.5708072295254736,1.56961191003613,-0.7752193004165934,0.2835779766777442,-0.15987208472376596
1.516175659248585,1.515924290045306,-0.16054992344247745,-0.5407574427998463,-0.19969390454022815
-0.7676447555538017,-0.7689157342332751,-0.8293748415126984,0.9432080991698483,0.20111071194945646
1.807619252101533,1.807098261188851,-0.3355431208254187,0.943761908208033,-0.08562383401544951
-0.8105149919206894,-0.8112546485544841,-0.483420692236256,0.21514211373443756,-0.0662617861355021
0.6296073817903661,0.6315282143956288,1.2523287826849263,0.9450982058591584,-0.32339988705745043
-0.4374617591420996,-0.43727813621057215,0.11867854119291,0.9361096984922183,-0.20334496482700293
1.0783898619293883,1.0787683288862715,0.24874120719445475,0.9479356993581718,-0.0551612395799125
1.2846474266508903,1.2839181169371832,-0.4723099110011557,0.9453393305808397,0.06636733960318693
-0.4594408602413194,-0.4597344281286785,-0.19215591696037324,0.9465153969652992,1.4398336642539573
0.2574212380800468,0.25760066281602884,0.11739431378829487,-0.5267348735015431,-0.2308091184833683
1.4665852416067717,1.4674001379323394,0.5337924074515902,0.9421984866255175,-0.20074350918609665
-0.9399599694734604,-0.9417893545727185,-1.193417740907515,-2.1689669045661457,-1.4357071325297504
-0.6319870987404759,-0.6261028589478868,3.831015270208141,0.24599674424947557,-0.18499342457173126
0.17124906861133424,0.16997419499219565,-0.829952386718133,-0.4917235639133892,-0.06372047975796945
1.1488437652968246,1.1498909522150325,0.6844174255446255,0.9437230171238908,-0.13683190938852574
0.08229595422046093,0.08292862845509805,0.41222478430851534,0.2464867719096671,-0.03987430429352345
-1.045328046702164,-1.0462867849993696,-0.6265959057266132,0.9424738355012443,1.7060723487243248
-1.0472325807605847,-1.0476964647256877,-0.30430725335928677,0.2324190889537585,-0.18710466371614315
-0.9513924251752117,-0.9505771472893886,0.5289953395456528,0.9460984845432948,0.061392995522193954
-1.6610567054852765,-1.661556682353332,-0.3290949850282088,0.9491631019736984,0.19483112885325737
1.1162686213995918,1.1182038913567227,1.2627471667865264,0.9459631435704804,-0.07020457034963866
0.7990350566050067,0.79774842124566,-0.8363026698154362,0.943775908998324,4.582034190351647
-1.7132828919419576,-1.7126657372571936,0.39837027050829377,0.09714189751697454,-0.08844483446766922
-1.1830775800005005,-1.1834505358763792,-0.24537035792949227,0.23597217840098778,-0.06639411451492389
0.7144462583624054,0.7139377602669358,-0.32968781525392094,0.943866136313534,1.4360893726089536
0.06460090027573612,0.0627681990128205,-1.1934813094497903,-2.1689669045661457,-1.4357071325297504
-0.9606385241564792,-0.9600126570766109,0.4056150844184667,-0.540530318868456,-0.06972337624265025
0.03426633787356723,0.03265381015874952,-1.0501482459836713,-0.6080607973729331,1.581930284047644
0.9355347977024348,0.9342582300867154,-0.8294608376080908,0.24565450270902425,0.056286323061779185
1.295638096583634,1.2967138628729766,0.7033371379335945,0.9440045885730802,-0.07109477944756734
0.9052456995611313,0.9036344036717235,-1.0475285077886507,-1.3571777488328214,0.09323601555215418
0.9932481241705879,0.9920660270457506,-0.7678129224135816,-0.5457588362205307,-0.030680489386875613
0.10473899515813419,0.10301603228231716,-1.1219262726543615,-2.1689669045661457,-1.4357071325297504
1.5431540997951294,1.5431746287090813,0.016590319312139345,0.9448041892630432,-0.16088860727477905
-1.634718053100956,-1.6340903390789894,0.4054113793818726,-0.5247560951403892,-0.04057504321182531
0.47053708746337386,0.4689325933938464,-1.0440056677413525,-1.3216499656472596,0.07746487869560793
0.6724438497886622,0.6738910014295446,0.9439155003137144,0.23256065250003613,-0.16979370571723387
1.0779785518514762,1.0815426558762886,2.3235071463940224,0.9429529736578759,-0.18637986509249185
1.733935609807426,1.7322998198074202,-1.061752004835382,-1.3211319364064857,-0.3037431077869725
-0.36096320790920283,-0.36002230172823885,0.6120475686028204,0.23552259746830423,-0.06575051739682687
-1.5038727019146292,-1.5020513534250663,1.183084069561894,0.17202590221105432,-0.2830066492389394
1.1372193148248668,1.137827471763814,0.3984582665128813,0.23193839515376138,-0.06578961441801964
-1.5176401011246177,-1.5175923198506214,0.027952517703204425,0.9419215821064252,1.447054583321953
1.5285728040945215,1.5277225925853892,-0.5505427874499256,0.9428331891187178,0.07927837898632069
-1.5192368650291146,-1.5161938260236913,1.9787242296526677,0.9426340667679096,-0.08830649116191008
0.8905491042173795,0.8914882738146378,0.613528072809876,0.9449799769633662,-0.06467986050877769
0.9389690072516964,0.9399972816775373,0.6716620046978085,0.9451510977335915,-0.47489783671642377
-1.1163446866831703,-1.11541964105038,0.600141537761325,0.9445070613801969,-0.06249343478514886
1.3042175272925967,1.3039579275579383,-0.16635265997227353,0.2458256234792499,-0.08575916985804005
-1.4525744030309637,-1.4507420740147865,1.1903425971351194,0.9452024339646595,-0.06522721880547692
1.5111202045665586,1.5116095548881494,0.32186117293510663,0.9458946952623903,-0.16128258494987582
-0.1556548588094154,-0.1541648026006941,0.97013073859602,0.9445941774086758,-0.18202205096107768
-0.41460064423172155,-0.4162119638838489,-1.0502980963226525,-2.1689669045661457,-1.4357071325297504
-1.5602836489725875,-1.5606550326418738,-0.24513351154052102,0.23277844257123237,-0.06785273415173264
1.3365567268956873,1.3439642413380652,4.827213324073102,0.9438848040339222,-0.18538740224682804
0.1498957310878884,0.14940491466524128,-0.3193499989227552,0.22110178346838505,-0.2809555593579011
1.192936011624075,1.1924274886250392,-0.3287055741377771,0.9462804948170808,-0.41868233516749914
1.522316112799167,1.5224936021267734,0.11877325117836707,0.23480389023335685,-0.2036036066595093
-0.35667610649583936,-0.35828748035302604,-1.0502125287792303,-1.386949651565341,0.0687703026749606
0.6490504950121002,0.6505392405287014,0.9709562725416563,0.23338203219711906,-0.20116756149288023
-1.2496813142485184,-1.2495042353060597,0.11272166880442867,0.09447863607491834,-0.20495395762224555
0.6164502439006169,0.6165966802202898,0.09665854099945147,0.23444142532915185,-0.17168239258716356
-0.14642561516971198,-0.14692114960876843,-0.32304111704376165,-0.5451910263920545,-0.1827288048057169
-0.9751125878440835,-0.9763935852091089,-0.8363328113040207,0.9434601133950896,4.581423675328406
0.679351241449686,0.6803646267934401,0.6614231838718037,0.9434710028986495,-0.18239798385716235
0.9865070631704919,0.9879028541465352,0.9111202750779742,-0.5389264505584327,-0.06814445807909443
-0.5198380893280923,-0.5216688246427579,-1.193420455069994,-2.1689669045661457,-1.4357071325297504
1.3325869946728817,1.3322679570780875,-0.2050046192860794,0.22201805741077466,-0.04195847626941713
0.06033916686755989,0.05948686930705754,-0.5549651580830816,0.17171788482464806,0.05636150964099612
-1.1427027062490953,-1.142094094414657,0.39399704050107637,0.9441881544902314,-0.03954649080813766
-1.290072914152369,-1.2895939262477778,0.30926703047981474,-0.5494643787175971,-0.08761778209628293
1.0680847503939626,1.0686931834509357,0.39849383632642404,0.24710436232584487,-0.23124520064282658
-1.4309933566358346,-1.4288563191154147,1.388840584438279,0.9440854820280962,-0.18157995387528203
0.19377593398524523,0.1926215137951012,-0.7514555222556002,-0.5387428846412818,0.21136616135464767
0.8301944842900222,0.8301580244386808,-0.02201349933032559,0.23314246311880327,0.07670399051393262
1.478894615935946,1.4780652789689335,-0.5370511143179711,0.9465854009167552,0.20073778651654037
1.3999448097530205,1.3996840268479678,-0.16692349119683889,-0.5412521373901349,-0.06758506992972031
1.6403556066622036,1.6398561769504456,-0.3218495997154085,0.943106982351079,0.20017238344082905
1.1214737577965004,1.121652307021188,0.1186271149564626,0.946507618748471,-0.05497778432662322
-0.7601492502812294,-0.760881105302984,-0.47823449914120064,-0.544354090261315,-0.19309553034814922
-0.9979935176015852,-0.9967103051281772,0.833658220773287,-0.5426817736432015,0.08055053590667123
-1.632064988517105,-1.6324694386722116,-0.2668190983464151,0.9435643415005907,-0.08538925188829258
-0.6449687780671731,-0.6438864263513123,0.7035766984850448,-0.5397773874794636,-0.10181902317877932
1.6328920889662837,1.6323644930513743,-0.3402094803803859,0.09722279097199052,-0.1836340512194889
0.16307341443418977,0.16258728400979983,-0.31627056731415837,-0.5446854422982064,-0.05989799407057995
-0.047218905871906476,-0.04409276552122634,2.035918775621496,0.9685386400933313,-0.1847919245394299
1.4093011022268784,1.4087919461036378,-0.3286664330578144,0.23763516115890726,-0.15733980073573925
-0.01909190606856528,-0.01992647773472618,-0.5435862461651711,0.9445723984015559,3.232570429250094
1.201780493878701,1.200383862758772,-0.907101169532462,0.9436950155433087,4.5818778022668765
-1.5431094522141005,-1.544936900467968,-1.1934148838943792,-2.1689669045661457,-1.4357071325297504
0.4642631727800361,0.46431798800401386,0.036669264781025085,0.23559726834985728,-0.19642779953904418
-1.5877237789664909,-1.585930381329404,1.1647050469089055,0.22260920188973582,-0.086384722197125
0.6617879207058414,0.6630614849843504,0.8308379202561219,0.2470048011504408,-0.18502049174024948
0.8313032412348533,0.8321232191036297,0.5357763173732023,0.2360670726462948,-0.07251430206318316
0.9325028058614518,0.9306673155525036,-1.1934867377747487,-2.1689669045661457,-1.4357071325297504
1.6101371111417797,1.611625151696809,0.9725026309014959,0.09664409163995487,-0.1825122674575722
-1.6522788499412602,-1.653006206874098,-0.4771665476309779,0.9437852428585187,-0.06798806999432319
-1.3528508648785815,-1.3520308047502887,0.5312722361643578,0.9445443968209738,-0.03745931136907521
0.17300473535079217,0.17260144272585223,-0.262298589312039,0.9468000797012203,-0.030743646113417823
0.9100778911002358,0.9086822112493524,-0.9070903128825454,0.94305253483328,4.580635719978213
-1.5372935829237702,-1.5384786816795903,-0.775048308180406,0.2883117994395303,-0.16065402514762228
-1.1417517201442506,-1.1434708347500393,-1.1220209826398189,-2.1689669045661457,-1.4357071325297504
-1.4191609053225078,-1.4194514362632515,-0.19218063012399933,0.23358426583465833,-0.06009648663971271
0.12969873312074284,0.12852332952830306,-0.7652554671049251,0.9454093345322958,4.585192026678759
1.6156196435542531,1.6166738070067685,0.6899351750141092,0.020804921919343387,-0.07260452595824358
-0.12837958180735576,-0.12711063775234516,0.8261799888899061,0.9429311946507559,0.05516453929986235
-1.670631635517475,-1.6717898630806443,-0.7578256615941985,-0.546468209595284,-0.06686327876923759
0.5902307258170921,0.5911424926919848,0.5950543401714308,-0.4751186266280453,-0.08959067793493551
-1.284331458452243,-1.2860500693023458,-1.121990412599264,-1.3895397977692099,0.071128153799204
1.554396319365641,1.5538763933177138,-0.3353779854661601,0.09777037743671224,-0.08868843898433212
1.1021037274512502,1.100482606068996,-1.0535169501722843,-0.6505158604658995,1.4998536067112593
0.3373024585453841,0.3370462245637239,-0.16617823932032313,0.2468741271077231,-0.08815010307713884
0.9712978186459156,0.9704425756636734,-0.5549825858632109,0.24689590611484266,-0.08863430464729603
1.0243152954715242,1.0240358435944241,-0.17986618925471817,-0.5437582788522568,-0.07494433230347487
0.21136067182835228,0.21187355757755097,0.33447731439154543,0.22266209376416898,-0.28317807463955413
-0.2752376654017244,-0.2733992390627242,1.1967704481390642,0.9466554048682112,-0.04929067147465349
0.3095679738869246,0.30994954807751046,0.249160616722814,0.23713891092525313,-0.2017028899369049
-0.14023190674995165,-0.14107671403211924,-0.5505053605778445,0.9439283620481619,4.579258301846958
-1.137429563077175,-1.1372713767693556,0.10065135970761546,0.9438536911666089,-0.15951720406986195
-1.538159928661103,-1.537982084028279,0.11261838777956379,0.17091828413468502,-0.0899184914203213
0.5346376366838236,0.5334455488534904,-0.7752767263806262,-0.488319816229266,-0.1607382341163452
0.6297391632452463,0.6328876041835274,2.051855480595207,0.9441212618255072,-0.18486410365547823
1.4217081852034679,1.422965284493857,0.8217001922927171,0.9432874369814984,-0.08953654359789925
-0.9650212546891906,-0.9662923219412378,-0.8298443916215937,0.231566596389362,3.20514838007809
-0.03282788293171121,-0.0300391971235204,1.8161687532558248,0.9488146378597848,-0.06767529382478073
1.2129169503318384,1.2133238436060707,0.267535639557412,0.9450188680475083,0.06785001894534513
-0.23918765357343566,-0.23767488752458463,0.9847470749489459,0.968432856344465,-0.06655050259969512
-0.1282576729015554,-0.12988723069907895,-1.0615788698393425,-2.1689669045661457,-1.4357071325297504
1.0083941939002512,1.006668049089809,-1.1221129784627968,-1.3962383981018587,0.05817801739487747
-1.4600467459448254,-1.4608384099070275,-0.5186478070533271,-0.5445672134024142,0.07252361670947052
1.449364986405209,1.4480764244678896,-0.836200388745169,0.27239601216518544,-0.13860932012121432
1.084984444183526,1.0849243636700823,-0.036865682117625066,0.9457811332966951,1.5818881795632826
-1.2843646324192883,-1.28384705292794,0.33441317444664315,0.24670922891096037,-0.04160961054185049
1.5409524513820205,1.5411289858909616,0.11819027764797406,-0.6129097377437794,-0.055783784455828836
0.7518149000127614,0.7500895875774273,-1.1221062644819273,-2.1689669045661457,-1.4357071325297504
0.31628605742886484,0.31642992393505237,0.09435850257434496,0.2209493304185478,-0.18670767857787762
0.5194493561095819,0.5209372475658275,0.9701295957907656,0.9432003209530202,-0.08818619263516302
-1.3413460139198476,-1.3415865165197183,-0.1594354026181386,-0.4133906978775812,-0.18183258078145104
1.1113622910987468,1.1121694154670787,0.5279893852204804,0.23725402853431418,-0.06603021147151393
-0.04016007912110626,-0.04110350449800423,-0.6145253109284863,0.2469581318494702,-0.0884809240256934
0.12663210894523058,0.12798078807469973,0.8786426068522966,0.9441570416229175,-0.04077654324412684
1.4405838844636694,1.4388669220940662,-1.1152307195195774,-1.3226751346252474,0.20039493571531128
1.2446778329820785,1.2441781762282098,-0.32282312694148774,0.23712491013496206,0.06911315347618971
0.5539802670918106,0.5572353136384258,2.121128335297629,0.23352981831685926,-0.05887846405639825
-1.2525396756950429,-1.2523338120718046,0.13146281787240024,0.945647347967246,0.06483954831349877
-0.9909571186520127,-0.9903326818865344,0.4046202724445247,0.23215618522495762,-0.06336259164089668
0.8348141807856594,0.8344279179552434,-0.24982629846699578,-0.3542871394850316,-0.29429065104781843
-0.04151338207426659,-0.04314126570847228,-1.0603074989938395,-0.7252303000331191,1.3554111656460042
-0.21940159325105638,-0.21920884383168934,0.1250775363641815,0.9456551261840742,0.07819869970876538
-0.3789881430873697,-0.3801512089072878,-0.7582814980400412,0.16690316860784674,0.0659974216334396
-0.7628269314238844,-0.7635192384461731,-0.4524829540908618,-0.5418215028619765,-0.06449039032915088
-1.3870942675615197,-1.386948237718189,0.09221302855989429,0.24627987134203047,-0.04124871496160914
0.1512311368517556,0.15041559760013584,-0.530835253688715,0.23381761233951118,-0.05771758327328865
0.5467692073055418,0.5460240649697121,-0.4841612300410974,-0.550161306945425,-0.08857716284709101
-1.6688731046837761,-1.6671387837056943,1.126059801575969,0.23597684533108512,-0.18882192518545812
0.22523084679443683,0.22890768200475498,2.3951481792848437,0.2396186064501585,-0.16629602605206173
1.7408893279405626,1.7395927202353674,-0.8408321784411907,0.22057597601078288,3.1839006527913822
0.591154445999192,0.5895397596386927,-1.0503920920548255,-2.1689669045661457,-1.4357071325297504
-0.4303501078600672,-0.4289680431846398,0.8992239580811411,0.9435627858572255,-0.08783732690759638
-0.41020422732923284,-0.40825416604233883,1.2691953025837361,0.16771521444473525,-0.21091174215939623
0.9194758761268441,0.9226129139510219,2.0450333617784993,0.9450702042785762,-0.08587345345844977
-1.0758066043046424,-1.076638105279448,-0.5437913797083332,-0.5444412062897936,0.06370272723573844
-0.2629279096466133,-0.2628845223706605,0.02770895733336373,0.23368693829679352,-0.07054742115086794
-0.9606817981244139,-0.9618680470454798,-0.7745941859424447,-0.5444209829260396,-0.032930071837046486
-0.6599161336571189,-0.661188167702205,-0.8298373919394105,-0.5479087353519102,0.0692755564872983
-1.0832804992426155,-1.08488951614589,-1.0501936724925331,-0.6074027602292473,1.5832024409679948
-0.9491919247686317,-0.9503623150279307,-0.7642416559936288,-0.5456359403946411,-0.057386762324734095
1.5250558492439328,1.5252430474600422,0.12510224952780735,0.16232802146936084,0.07600625905879935
1.6425072145805482,1.6430029444473644,0.3262902575491321,0.9434787811154783,-0.19298726167407673
1.5339185276433158,1.5344965097451018,0.3796335498106829,0.9471843236125449,-0.06738356989741895
-0.5613056367467658,-0.558943402689577,1.5373231283806559,0.9440108111465432,-0.1823378345937889
-1.2688062982791932,-1.2695170766332424,-0.4655689313575096,-0.5449234557331566,0.06745604127024836
0.10944122310214334,0.10871623865018812,-0.4719452132743502,-0.5417001626794529,-0.18541747687851484
-1.5083276471904958,-1.5096066078175103,-0.836118963870794,-0.552443435762888,-0.06790085356243154
-1.384125644628132,-1.3830895689561646,0.6718952798203598,-0.47868571686556566,-0.058042389295505835
-0.8867641906081766,-0.8883739218027565,-1.0502488128460572,-2.1689669045661457,-1.4357071325297504
-1.472493538234762,-1.469671142965339,1.835119178536005,0.9476525722656165,-0.06967826429512011
1.569528502032754,1.56769095822542,-1.193494880262186,-2.1689669045661457,-1.4357071325297504
-1.0876770479662587,-1.0889475568566171,-0.8297366822263679,0.23096456240684124,1.584781359131551
0.2792122946569755,0.28057692808354495,0.8893518348911372,0.9475156756494363,-0.06858054023855273
0.12750441492891862,0.12758586215314907,0.05331165199931878,0.24504935743977202,-0.08800574484504234
0.2324348970291848,0.23080264100425688,-1.0625835385086035,-2.1689669045661457,-1.4357071325297504
-1.4679333185229406,-1.4673060403886298,0.4054755193267749,0.9437121276203309,0.058647181649191166
1.3944871579803337,1.3954351494164592,0.6203251927616438,0.9445708427581907,-0.09095907367668385
1.1558351110218774,1.1558845586329083,0.03461650084283628,-0.4084841987022043,-0.19575713525242897
0.7270531350522961,0.7263355804273393,-0.4658174915003383,0.2470965841090164,-0.08762981194895766
1.5857949373036493,1.5868507112643404,0.6909218445006138,0.23266176931880578,-0.057657434009915035
-1.1074604499319065,-1.1084112051569337,-0.6215262787675049,-0.682221427901968,0.0662590709291146
1.0119049461378025,1.0124151946052025,0.33443017367480204,0.9439610305588411,-0.08735914026377656
1.0078305066828792,1.0080096696184468,0.11878967900389899,0.23477122172267734,-0.19939616568652918
1.5671229337506645,1.5677403831039913,0.40540737956348216,0.9443203841763146,-0.08787642392878915
0.22337658134059896,0.2229799679675621,-0.25784336302781946,0.2296982687071718,-0.058698016266277575
0.9149053774356602,0.9139590508791489,-0.6144218870529644,-0.5502281996101495,0.058526883122444105
0.400780775724857,0.40180671654793254,0.6690191246963865,0.9487633016287169,-0.18885199981714493
0.22935967201683113,0.22941591102618253,0.037106387790827505,0.9674543566674478,-0.039889341609366934
1.252426403506694,1.2510402176312299,-0.9001926260683918,0.24708725024882233,3.235153840111989
-0.005455414477382866,-0.003643002629880491,1.1803904775773084,0.288843829470595,-0.16295774193482943
-0.3210626523349863,-0.32108862728524806,-0.01758712887877924,0.24664544753296694,-0.08803581947672914
0.2360550522710707,0.23466083578191727,-0.9075437208672227,0.09661764570273794,0.2047136528255325
-1.1365995238688382,-1.1375570978778597,-0.6260280743658405,-0.5433880357312234,-0.16178483129904508
-0.46075966202309576,-0.4620424334653857,-0.8364149504316797,0.16866415689780437,0.061125331300181614
-0.7597564032804293,-0.7582637388602026,0.9705688615604197,0.943895693537482,-0.19530601577712733
0.3423380490296051,0.3424918425461845,0.10087820655061085,0.23413807487284297,-0.08188555729678307
-1.3216823544747331,-1.320862880695177,0.5309553934075795,0.24466666917181304,-0.08523286380352134
0.5086271086486696,0.5088181282374183,0.1254700899690625,0.2340509588443644,-0.053095112383030905
-1.1373575863139747,-1.1359550976250123,0.9110505639574569,0.9437712420682269,-0.05746194890395103
-0.4409763578814664,-0.4425877101524614,-1.0503743785733828,-2.1689669045661457,-1.4357071325297504
-1.5071436699363139,-1.5076349298097504,-0.3230965430985993,-0.5417514989105204,-0.20086380771284387
1.3314296523107252,1.329702569677653,-1.122049695621835,-2.1689669045661457,-1.4357071325297504
0.6055965881303894,0.6047424613434045,-0.5550187270793808,-0.5494519335706716,0.055627688627838685
-0.3821721672710479,-0.3813359259159618,0.5438363799817222,0.23764138373237018,-0.1575413007680408
0.7157185788205964,0.7139937768401348,-1.1218491332996907,-1.3891446643543255,0.07189204944404808
0.3073748186165022,0.3071365590098193,-0.15453419658339543,0.9447544086753412,0.2005212491683957
0.8629185415668542,0.8626053700349475,-0.20216417682630586,0.9487539677685228,1.4698210795088436
1.0547614250699313,1.0549312020746582,0.11277466639810069,-0.47557754142092296,-0.0935815815597708
-0.8338810101481976,-0.8350521504048705,-0.7644895018831736,0.9439765869924981,4.582422153100407
-0.16620884649166845,-0.16782091218863332,-1.0502656692235592,-2.1689669045661457,-1.4357071325297504
-1.6469904306495966,-1.6475037598991487,-0.337761877226807,0.22063975738877598,-0.03952243110278821
0.044975113859929174,0.043252232577225005,-1.1219978408334175,-2.1689669045661457,-1.4357071325297504
-0.8866167160751253,-0.8880136195506846,-0.9116363921844886,-0.5505891088709889,1.6930380033512753
0.31667319795548277,0.3153987506626832,-0.8293712702462783,0.24619897788701484,0.056283315598610426
0.09194737561624003,0.09099306751444579,-0.6213374301992178,0.9437852428585187,0.20059342828444404
-1.2036552248218715,-1.2053643556509515,-1.1156478434374277,-1.321472622303571,0.20271970474469925
1.1979695554806837,1.1985678768801187,0.3921792658933202,0.9439796982792291,0.07940168497623634
-1.0437860041497753,-1.0365813815842948,4.690105263678276,0.944857081137477,-0.27541881966436543
0.40970962944061207,0.40964214197930826,-0.04309882767635399,0.9451215405096435,1.438317902816944
0.05605335010728033,0.05524737549380902,-0.5248045275106691,0.23394361945213185,0.20425050349755616
0.8016850664913161,0.8021845064894341,0.3269520846420778,0.9444743928695177,-0.06793393565728695
-0.7425639515950394,-0.7423979942249438,0.10653652106638402,0.23206284662301613,-0.31684963227607027
1.4774802773754308,1.4758474572180578,-1.060352925502701,-0.7252800806208212,1.3553149268246063
1.3802073120369849,1.3790291034027058,-0.764472931206985,-0.5434004808781489,-0.19892098650587794
1.6222844323077967,1.6240976670553242,1.1843230133083038,0.23436831009096437,-0.06528436060568177
1.5944675195083924,1.596713415854933,1.4660522215415992,0.960710642677194,-0.17179667618757324
-0.5913334105252397,-0.5911397405551038,0.12490097295237897,0.09979115816873968,0.1942085839773412
0.5442928960272997,0.5428901696247456,-0.9124429269927706,-0.5463686484198799,1.7011972509278979
0.3155848596907854,0.3157383621044864,0.10063278912223166,0.9454155571057588,-0.16724939187653262
1.5225307724732104,1.5228938151344389,0.2396223355177474,0.22883644228258124,-0.04748920103661563
0.11024551748541941,0.10841263159585145,-1.1935063083147297,-2.1689669045661457,-1.4357071325297504
-0.2543469023478661,-0.25397290195174377,0.24305117983287228,-0.5490552445124216,-0.184193439368863
0.5572422076674255,0.5554080411853158,-1.1934075985108823,-2.1689669045661457,-1.4357071325297504
1.0161639459568743,1.0196278069950118,2.258091116574493,0.9473258871588222,-0.1937932618032825
-1.5439866077247966,-1.5458142192054003,-1.1935230218415753,-2.1689669045661457,-1.4357071325297504
-0.7904870847432763,-0.7907219742527151,-0.15463019222476374,-0.4717211015173848,0.07649046062895637
0.23901742367941167,0.23773604765137968,-0.8340459151393398,-0.5012907706123649,-0.18390773036783858
1.5249474905000275,1.5231101044426945,-1.1934851664175237,-2.1689669045661457,-1.4357071325297504
0.15945059908088163,0.15782935921551133,-1.0555611430710652,-1.4425187882310495,-0.03129401187328582
0.7560701564181088,0.7571288690835872,0.6911044076400019,0.9502707200500676,-0.06582871143921258
0.7595315195898972,0.7609098232727868,0.899257385134832,0.2213320186865068,-0.08805085679257246
0.002610063754080804,0.0028123900185019197,0.13177808927195372,-0.5453217004347726,-0.06690538325359913
-1.1188928455354943,-1.1191745557098756,-0.18580920512949003,0.9448150787666032,0.20002802520873272
0.0643867047174387,0.06356268958582173,-0.5365367091028411,-0.4735629832623581,-0.060024307523664375
-0.5863284736139057,-0.585936172196306,0.2542776700999792,0.9672272327360576,-0.03931190868098073
1.4341561785793333,1.4334466334324385,-0.459125509631974,-0.5421419653953079,-0.2026382109823637
-0.6203491538180596,-0.622070283107431,-1.122245115320335,-2.1689669045661457,-1.4357071325297504
-1.4876290225721622,-1.4892557222018241,-1.0625539684226464,-2.1689669045661457,-1.4357071325297504
-0.8510566736089507,-0.8519973633930789,-0.6144357435666737,0.2721082181425335,-0.13694619298893543
0.88479350768253,0.8834084005434787,-0.9002571945652645,-0.4024840822407492,-0.18313481233348838
1.5627344184406888,1.5642226078007104,0.9725006309923007,0.14705938183514217,-0.088092961276934
-0.17148157884657908,-0.17309393910663026,-1.0504685171562127,-1.387058546600939,0.07592505755324505
-1.168977375364665,-1.1679226186066551,0.6845109927248283,0.17036291945313484,-0.06632494286204432
0.4527936305891784,0.45430589126251275,0.9858618814745983,0.24822131426240818,-0.06939556275726429
-1.0731977605638097,-1.0723615266312658,0.5423895885296707,0.9434056658772906,-0.18554980525793663
-0.9970839406669085,-0.998481688661443,-0.9124169281732334,-0.5439496229862365,1.7058738561551918
-0.7025574598470578,-0.7041677915389252,-1.0502555268269265,-2.1689669045661457,-1.4357071325297504
-0.026842230406747443,-0.02690844332322966,-0.043179681148101605,0.9494026710520146,-0.04682455167633777
0.046303458747566674,0.04714683773266036,0.5493791283161457,0.943917472544602,-0.040869774602355864
-0.5962597559273082,-0.5947542018692296,0.9793048934769084,0.9436965711866739,-0.04008783417849953
1.0366249143607447,1.034898753674709,-1.1220644092394854,-2.1689669045661457,-1.4357071325297504
0.639839325785472,0.6394449023734856,-0.2555480386743874,0.9424489452073933,0.2023558017012891
-0.7318821919266398,-0.7309588610682423,0.5998269806150557,0.967602142787188,-0.1841964468320318
-0.5482493282222187,-0.5458509238984064,1.5609076289673676,0.9455197852112598,-0.07056245846671126
-1.5122641694750922,-1.5109770034302195,0.8351600097282058,0.17169455017416294,-0.08841475983598242
-1.0621780967764458,-1.0633482796657348,-0.7643423657066715,0.9432749918345732,1.5850610532062377
-1.364376074857958,-1.3590426133681983,3.4707717697321834,0.9476043473212804,-0.0948236638484347
-0.9461645824198931,-0.9447700042585441,0.9062974940538134,0.9511729932021665,-0.061485934623641894
-0.3350251674716409,-0.33662717202576703,-1.0440652364652372,-1.3182991098375696,0.06661695904618718
0.8988817995024276,0.9015706990005704,1.7531233300858595,0.25074767908828377,-0.1964398293917189
-0.8063137874528673,-0.807126188813697,-0.5307896843291964,-0.5449016767260367,0.08422264843562685
-0.5174032843860273,-0.5177866661280914,-0.2507715412630289,0.2710503806538663,-0.18369720794603128
0.6307509107869909,0.631556839892779,0.526208037530208,0.9494368952060596,-0.055849948645539646
-0.9250123594533323,-0.9266217597339471,-1.0501131047220988,-2.1689669045661457,-1.4357071325297504
1.609606405533462,1.6086578520953412,-0.6144226013062484,0.24621764560740328,-0.03976002069311375
-1.6386738037272386,-1.6390818449470599,-0.2691717058132233,0.17032247272562684,-0.05109514937586011
-0.042922077987481475,-0.04387584803563679,-0.6212684333319843,-0.5571663690211138,-0.03302931812161287
0.9585285694391217,0.9580310941816087,-0.32199945005438974,0.2899514475469643,-0.16737269786644826
0.3848805885338998,0.3844855525855643,-0.25647899640474064,0.9436685696060918,0.0647222572499203
0.7380242873386892,0.739736154538483,1.1164583803805979,0.9678510457256976,-0.040003625209776635
1.6404212781629477,1.6416985824675039,0.8353158597947723,0.9443530526869944,-0.08682681928292064
-0.024050251768795473,-0.02321622181446199,0.5431434114455945,0.9479637009387539,-0.29603497968565146
-0.2594107777915788,-0.2598165244510967,-0.2647991900592899,0.23461721302947455,-0.20232543481282123
1.1909803447757976,1.1892537818835338,-1.1220042691129735,-1.3728959693997238,0.10330500224088736
-0.8223647977851449,-0.8228766447033374,-0.33507571347637527,-0.48917853136712514,-0.1613607789922615
0.2537451152168326,0.25786973590917267,2.6868449349468837,0.9470816511504097,-0.16223895823751547
1.7823445348373885,1.781607060767709,-0.47658871672422953,0.1005083097603215,-0.03163084774817773
0.7832637674730887,0.7838838761014878,0.40550366090616413,0.949858474558161,0.06833722797867091
1.7128837430975299,1.7112481617987447,-1.061660009012404,-2.1689669045661457,-1.4357071325297504
0.9316235668746343,0.9297944874934001,-1.189313212985735,-2.1689669045661457,-1.4357071325297504
-1.6930924578348407,-1.6943710309061224,-0.8362521006829298,0.17161054543241583,0.055690845354380895
0.6893869649401967,0.6902063328458311,0.5350829202851042,-0.5431764682334901,-0.07291128720144868
-0.3297519240630023,-0.3300363161376442,-0.18590920058924862,0.946327164118051,1.4417403959028992
-1.064185159179544,-1.0638155025692768,0.23853224215572102,0.2402066396423882,-0.18848208184739745
-1.2045323855966403,-1.2063611180094334,-1.1935447351414086,-2.1689669045661457,-1.4357071325297504
-0.8762150767992679,-0.8780444253031962,-1.193260890886351,-2.1689669045661457,-1.4357071325297504
1.3245041037661531,1.32355582507511,-0.6148385824188446,0.9471500994584998,0.06676733220462122
-1.4858735622282229,-1.487152860631746,-0.8362920988668332,0.9440248119368342,4.5825153844586355
-1.4740183712173587,-1.4726401364961186,0.8945517416492454,0.967440355877156,-0.13606199881734413
1.283713772724865,1.2839022328679308,0.12542052079115362,0.23561126914014835,-0.06860459994390217
1.6631850513756476,1.6623381561451842,-0.5481020411278731,0.0976241469603376,-0.18514379773016512
-0.37899033908304625,-0.380591597628025,-1.0436711115031312,-0.5385204276399885,1.716369902613877
-0.13633779929275217,-0.13354197322672975,1.8206031233441518,0.24646343725918166,-0.18474681259189976
-1.3415547352811725,-1.341851690482812,-0.19620273321680698,0.9460175910882795,-0.05068312692175127
-0.7828656532000607,-0.7827240454426078,0.09059381636508758,0.9477988027419908,1.4743202444091852
-1.559667239873402,-1.5569510858873263,1.7657436142113458,0.9446190677025268,-0.32589307402428425
0.2664639433802707,0.26562032976418753,-0.5488792915515116,-0.5406236574703975,-0.19354664982345085
-0.8716011429279218,-0.8723134169704082,-0.4657142104754733,0.17201656835086027,0.06224110013576109
0.6762442245087164,0.6759856528271507,-0.16699348801866984,0.23439164474144983,-0.06149495701314785
-0.4716090475336526,-0.47232982958144654,-0.47042071106500066,0.17194656439940423,0.05582016627063408
-0.41152317475035494,-0.413244990215174,-1.1222562576715653,-2.1689669045661457,-1.4357071325297504
-0.4044544144749657,-0.40405913463832593,0.25659699336375325,0.24547404807860454,-0.08795161050800608
-1.0676963206987504,-1.068095478726852,-0.2621947368845467,0.23431697385989678,0.20318586153584434
-0.21149090310436539,-0.21332281804628855,-1.1935453065440356,-2.1689669045661457,-1.4357071325297504
0.6761268499435693,0.676077145627544,-0.03096095021887535,-0.476075347297943,-0.06969029414779485
1.4762708399947886,1.4757791784653804,-0.3171326710279349,0.2475414981116029,0.05614797975602004
-1.7014058697247756,-1.6994626575814924,1.2620401988860326,0.9461031514733925,-0.0559010755194073
-0.4519915651925865,-0.45283181138301154,-0.5481853230607864,0.2950601803598808,-0.18552875301575594
-0.7930906900737278,-0.7949206847931097,-1.193508308223925,-2.1689669045661457,-1.4357071325297504
-1.1063171628632915,-1.1008612942198692,3.551032554104859,0.9509396466973133,-0.06996698075931314
-1.5286300237783692,-1.5284361867701246,0.12305391395997928,0.9430789807704962,-0.02984140716281443
-0.9816199174346136,-0.9818968632468786,-0.18241978759564123,0.2462083117472089,-0.09077561842339457
-1.1773644184719934,-1.174094682221255,2.1270827792249443,0.9450779824954044,-0.06616855477727308
-0.3031662098822577,-0.3034213187490707,-0.16678192619595195,-0.5454368180438333,-0.0660663010295381
-1.4086110429185885,-1.40752823237286,0.7022820429824836,0.9435332286332767,-0.07046321218214488
1.277613309676849,1.2795375777916151,1.2559184768396061,0.9457920228002544,-0.07599393694934338
0.6986646308109706,0.6972625957575568,-0.9116705334914632,-0.5255401393966952,-0.18473478273922506
0.6418356648337346,0.6432220282780535,0.9042610150904994,0.9459958120811596,-0.054863500726213356
1.552202072019462,1.5517207258098453,-0.31025598326033066,0.24632809628636695,-0.040932931328898074
-1.7067064955237683,-1.7065376506620111,0.1064052413127866,0.23419874496410462,-0.06007543439753203
-1.4530123455882018,-1.4535121921728,-0.32857600859206126,0.9438428016630489,1.452651472278862
1.4723003508421908,1.4733661205590298,0.6971951310939029,0.944832190843626,-0.2030412110469666
0.09502146841428286,0.09338952807197348,-1.062664677681665,-2.1689669045661457,-1.4357071325297504
0.9682227043984257,0.9692666114638975,0.6819043967902331,0.24605741434073722,-0.08786439407611442
-0.14072968602197888,-0.14245202364098317,-1.1220312678871083,-1.397235565499264,0.05625023350375502
-0.49940585771662366,-0.49856088844908436,0.5492761329925941,0.9437183501937938,-0.18665354424084138
-1.1448540573245578,-1.1462340997653169,-0.9011938663218897,-0.5420377372898069,0.07326345264896517
0.44816831162518656,0.4465542040192262,-1.0503135241935866,-2.1689669045661457,-1.4357071325297504
0.02346215144621195,0.024516054206585525,0.6864430478580227,0.2951317399547024,-0.18394081246269417
-1.2484794362956613,-1.248980075935555,-0.32866571880453044,0.17212390774309247,-0.03985926697768013
-0.8995134933660283,-0.9009038506832974,-0.9073998702558269,0.9447435191717819,4.583904832442566
0.0673611312910177,0.06608057261073484,-0.8338717801887029,0.944601955625504,0.10186141991992193
-1.5145616917869316,-1.514804906856382,-0.16156344885246013,-0.3451959596559563,-0.31335195261089793
0.6117686895055963,0.6115109859165497,-0.16656265043776677,0.23378805511556314,-0.07682098932072967
1.479342870373001,1.4786544321019168,-0.4452845666441481,-0.4001770631294351,-0.1854385291206957
-0.9529068173082096,-0.9542998998835317,-0.909286213178846,0.9429249720772938,4.580389107998381
-0.01121935654154613,-0.010635630124877527,0.38015052633763535,0.9431909870928261,-0.1842114841478751
1.3425922810754967,1.3409584095056355,-1.0613191673452835,-2.1689669045661457,-1.4357071325297504
-1.4701584021491971,-1.470081911063031,0.04674994992995445,-0.4080983991475139,-0.1909542165720507
-1.4815903540353204,-1.4798769038836306,1.1128576867253444,0.9445303960306827,-0.06710086835956329
-0.5369439253026762,-0.5387747751382888,-1.1935307357770422,-2.1689669045661457,-1.4357071325297504
-1.1839581622032112,-1.1855683304762827,-1.0511536289062162,-2.1689669045661457,-1.4357071325297504
0.5926678186567699,0.5918373989527136,-0.5396055697628349,-0.5960170064357834,0.19633786790076485
-1.7128439983422454,-1.7110059179306825,1.193545308860533,0.23637197874596963,-0.07464358598660696
-0.14242621551031223,-0.1423477374301403,0.05081462251848792,0.07116420895336574,0.052605188143317605
-1.4795115359600768,-1.481229190705475,-1.1217749938088124,-2.1689669045661457,-1.4357071325297504
0.6326741616946969,0.6322866192076335,-0.25108152718828075,0.9471874348992759,0.20026862226222683
1.7529401432997844,1.7528710603371793,-0.04133505061686769,-0.4255122709830151,-0.165733630439519
0.27677193282812884,0.2759399923493754,-0.5412552091475396,0.2222638490625534,-0.03898108773242618
-0.39667471726892617,-0.39628993585518085,0.24977573165098663,0.943726128410622,-0.038355535393341245
-0.010139146882498229,-0.011751602511929663,-1.0501939581938466,-2.1689669045661457,-1.4357071325297504
-0.8260332094398098,-0.823435241088673,1.6903016110444402,0.9448835270746933,-0.13644394663976633
1.1732271579211593,1.1731965618220486,-0.01747870523026942,0.24718992271095752,-0.0882403269721991
-1.4226793213919535,-1.4220531311730364,0.40486140435319984,-0.5400076226975854,-0.19158277637430424
-1.6961303728543333,-1.697837746402813,-1.115530991600167,-1.3209841502867457,0.20366404817966383
0.32479518096303023,0.3253801921748248,0.38168845650872385,-0.5421544105422335,-0.17217260908365808
1.0882754415632976,1.0866684888253744,-1.0443179392771131,-1.3215457375417585,0.20257835397577134
-0.41508809890242243,-0.41360031552175636,0.9681091161010131,0.14749962890763169,-0.16282240609223886
-1.272927627242675,-1.2745361312797021,-1.0502553839762698,-1.3869792087892892,0.07607843817484736
-1.0553780514026707,-1.057207298327027,-1.1935685912010938,-2.1689669045661457,-1.4357071325297504
-1.0865542067754863,-1.086393846667452,0.10217329060514263,-0.48625392183963356,-0.3025341075931642
-0.3136926710701655,-0.31262046957636114,0.6976572529686448,0.9489001982448978,-0.07308271260206324
-1.348112570578895,-1.3470576542063664,0.6842411478341366,0.9434476682481644,-0.23275795461667143
-0.6462956937590628,-0.6475740894070321,-0.8339522051084802,0.9682788476512618,4.6294047427214915
0.7735782287445628,0.775525146928022,1.2696184262291723,0.24493735111744278,-0.23198804404549
-1.1374773446267263,-1.139306163349586,-1.193461024656525,-2.1689669045661457,-1.4357071325297504
-0.04448897047256561,-0.04476278354513669,-0.17842396902368443,-0.4665065849556016,-0.29801990537697876
0.8095673666163968,0.8079509504723185,-1.0510629187391496,-1.321970428180591,-0.0866072744716072
-0.11729316233960038,-0.1173662774724679,-0.047863754184511734,0.9446750708636911,-0.16036831614659786
-1.0922276317929371,-1.0929500288775658,-0.4727676045055369,-0.5497646178871749,0.05665624103152651
0.9660284721864562,0.965741810400715,-0.18468354195392092,0.2211748987065722,-0.040018662525619954
1.2116098135159086,1.211329719444745,-0.17989361658082342,-0.5499310717273032,-0.04111337911901875
0.3921243309737584,0.39083879337842337,-0.8364368065821698,0.09060197280762619,0.21197066145155194
-0.6215952670901347,-0.6200915861391753,0.9780320941248372,0.9490153158539582,-0.06791589087827486
-1.1430016290321046,-1.1380007222382718,3.254644868574882,0.943992143426155,-0.18281301377443995
-0.14418152911822407,-0.14601277776708718,-1.1929709040530505,-2.1689669045661457,-1.4357071325297504
1.3369794481672728,1.3391180659631285,1.3956457040268273,0.2460340796902521,-0.18450320807523687
-1.612161359516896,-1.6133198055613656,-0.7578459463874638,-0.5448627856418946,0.0788242520478503
-1.5633611397295815,-1.5627341658221103,0.4050782516502195,0.9467923014843915,-0.054803351462839905
0.8343938814262052,0.8367783015737332,1.554685054357242,0.945582010945887,-0.058869441666892126
0.7759946451838792,0.7774008647066405,0.9174729866364433,0.9437152389070627,-0.06207840486787142
1.4578617696368632,1.4569227061093326,-0.6085585818446859,0.9450655373484785,1.7088873342502073
-0.4891629655469091,-0.4872330745012038,1.2558939065266368,0.9436779034662859,-0.08791251348681331
1.4576312646652114,1.4606301670598443,1.9561903956467068,0.9462198247258188,-0.3309516270740003
-1.2527764109161137,-1.2486548816461018,2.6816878833858153,0.9474752289219283,-0.17104781785857248
1.7255063683576917,1.725452914100376,-0.03121351018009419,-0.3505535954073826,-0.32835317889626275
1.1249325937747026,1.1244245115000115,-0.32856043787047023,0.14766141581766296,-0.08541932651997938
-0.8814885480983886,-0.8826404608586044,-0.7520662088134121,-0.5488747898820019,0.06366964514088304
-0.7543388865529717,-0.7541813654898869,0.10101748594098907,0.9483168319827652,0.0925382840970209
-1.663724337951751,-1.6654417659283771,-1.1220116973471268,-2.1689669045661457,-1.4357071325297504
-1.256937885014298,-1.2581072919040308,-0.7642433702015105,0.9460595934591527,4.586449146283266
-0.22377840586933095,-0.2253903930556314,-1.0503346660907928,-1.3874505687290921,0.06513127224086039
-0.6439643708361861,-0.6456850522510483,-1.1220026977557487,-2.1689669045661457,-1.4357071325297504
-0.48535627898430783,-0.48322990279949596,1.3838702386856452,0.9443017164559265,-0.185808447090443
1.1727463859907963,1.1711296182211859,-1.050534085607683,-1.3207508037818922,-0.06522421134230832
-1.4851072676506727,-1.4841424280144855,0.6252893959360349,0.9440248119368342,-0.06392498725343958
-1.0148094823662288,-1.0122424976886106,1.6697284023030334,0.9436981268300398,-0.0860629236380764
1.188591659471654,1.1876445126275363,-0.6143850315835104,-0.5495157149486647,-0.03904123699579979
0.4501833111532888,0.4508043603969753,0.4054212360771916,-0.37478118518459336,-0.2814578057070704
0.19555594903513412,0.19416246613401617,-0.9071504530090574,-0.5005409505101036,-0.2825104178161077
-0.9716156895492913,-0.9729964673304268,-0.9013112895617779,-0.6132364228505738,0.20499334690021956
-1.3542819896897063,-1.355468001176345,-0.7752608699577217,0.3526625429045426,-0.2889012770495479
-0.7964712455616286,-0.7983010941197888,-1.1934201693686806,-2.1689669045661457,-1.4357071325297504
-1.69525094721227,-1.694414995423407,0.5409077986667039,0.3085896107112614,-0.2090561373843221
0.8280026619266838,0.8268457815648206,-0.7517343667376701,-0.6746205544172208,0.056999091832755776
-0.2640927355461729,-0.2631675311743776,0.6020233094633265,0.9435565632837626,-0.08706140141007741
0.6077908045501406,0.6074772506677887,-0.20294556991899151,-0.4757875532752907,-0.0885440807522356
1.292999560840534,1.295707671274417,1.766457581794023,0.9491351003931162,-0.055077030611189605
1.639710083073397,1.6380753532103194,-1.0612581701148307,-2.1689669045661457,-1.4357071325297504
0.4181344067373299,0.41827104947831484,0.08986627797001473,0.9439112499711391,-0.08801175977137969
1.261716073876006,1.2616638980864483,-0.03134864690142532,0.10028118582893121,0.08179261819533513
-1.2872707712479732,-1.288989616362595,-1.1221491196789668,-2.1689669045661457,-1.4357071325297504
0.6449778997373253,0.6437128361259149,-0.8225747216971377,0.24640743409801705,0.05921859965124001
1.0387885583620635,1.0382710486786,-0.33488015092721873,0.947076984220312,-0.03371802718724018
0.8736500548380537,0.8718120113944056,-1.1952723709847248,-2.1689669045661457,-1.4357071325297504
-0.3556876123373968,-0.35506538333926324,0.4045079918282814,0.9444370574287415,-0.05714917273440857
0.4598984688450725,0.4590713245744926,-0.5377493683284003,0.10092055525222851,0.19283116584608656
-1.0611167167055742,-1.0627436341969898,-1.0618058595329947,-0.7336945555858226,1.3390475585452284
-1.1100768090139155,-1.1081520545897696,1.2512528315379232,0.24533715146242427,-0.2340361264633595
-0.6575610669148304,-0.6591716206368934,-1.0503062388100899,-2.1689669045661457,-1.4357071325297504
0.342625436913232,0.3425518135220204,-0.0472350684439433,0.9444230566384498,0.10589142056595015
0.374978574464909,0.37369355811127636,-0.8361331060858169,0.9444432800022038,4.58332439205101
-0.17804475695879207,-0.1740438548772387,2.6053674915302585,0.9685728642473764,-0.18224761069872847
0.8784284058798881,0.8786181160624074,0.12538895079600126,0.23438075523788987,-0.06700462953816551
-0.44878525182826284,-0.44728369828471737,0.9770071406623106,0.9441741536999403,-0.08910346890160974
1.1947556168876654,1.196013073522018,0.8214593460853555,0.9434149997374845,-0.18563401422665968
-1.3378291753175318,-1.3387598904766247,-0.6089551352679574,0.23578861248383695,-0.05400336625997166
0.18324556685536722,0.1828878305558783,-0.23260693744589456,0.1472507259691215,0.10397566652750242
-1.6044049005599494,-1.6042687003833591,0.08535762554015285,0.9438443573064148,-0.18373029004088667
1.1404483064725461,1.1390609422646005,-0.901193723471233,0.23648554071166475,3.2146579786174496
1.1670441772429616,1.1685422944032622,0.9781408034746604,0.9490899867355113,-0.06751289081367214
0.7359164267161525,0.7343016487586281,-1.0501496744902392,-1.3848246427278124,0.08024377466346629
-1.163714317717434,-1.1653234732545965,-1.050451803629367,-2.1689669045661457,-1.4357071325297504
-0.4668751309684548,-0.4671741430748431,-0.19571718383435022,-0.29138625563683984,-0.41935901438045153
-1.2097325498575133,-1.207375603566687,1.5325262033253757,0.9440279232235653,-0.3262629919940317
0.12399566720639793,0.12391899211811637,-0.049678814629788494,0.19679018894942718,-0.04140510304638037
1.235338095797639,1.2349373180669245,-0.2584439071889986,0.9419620288339332,-0.06698056983281606
1.1925614868864414,1.191273852795579,-0.8361319632805626,0.29698917813333264,-0.1836340512194889
-0.06159341278389269,-0.057050990489492366,2.958296038423555,0.946296051250737,-0.29497635265027683
0.05097017876628139,0.052469559092756676,0.9766345861493811,0.23081833193046658,-0.18997679104223036
-1.3922449113741477,-1.393963208936998,-1.1220115544964702,-2.1689669045661457,-1.4357071325297504
-0.15447842036540033,-0.15428475420313514,0.1258100745322421,-0.4719513367355062,-0.07230979456771303
0.4400072968343202,0.439708446534369,-0.19371941739902862,0.9439656974889381,4.581213152906598
1.5805192748342523,1.5797802040367661,-0.4780497932419606,0.9456037899530069,-0.055455970970442886
-0.5628219496083031,-0.564542895824527,-1.1220058404701982,-2.1689669045661457,-1.4357071325297504
-0.16412777890267588,-0.16305585788867594,0.6977866756637039,-0.4782439141497106,-0.06525428597399513
0.8900601764836577,0.896813699802773,4.400345134370447,0.9450188680475083,-0.18362803629315153
0.10064836560883898,0.09903564451109381,-1.050135675125873,-1.3844170641660023,0.08103173001365982
0.3784293529024434,0.37936925064830296,0.612933671226939,0.2330429019433992,-0.05854463564467494
1.6425331085543364,1.6452043769989604,1.7431922095745984,0.9439579192721099,-0.18409118562112803
0.08097950854990674,0.07980399784846264,-0.7654268878930828,0.9437292396973538,4.5819439664565875
0.3381206924126017,0.33874987570944415,0.41048500615937117,0.9465760670565612,-0.06934142842022821
0.1863370839535023,0.18739033283123674,0.6863570517626301,0.9441259287556042,-0.03884274442666703
0.2176613244918066,0.21697431015177898,-0.44698991778500397,-0.5429882353862419,0.07701375922030632
0.5704724003586038,0.5687476985452524,-1.1220869796432595,-1.3967253144753187,0.057236681423081304
1.4373891062180644,1.4360008450229251,-0.901158296508347,-0.4871375272713437,-0.0348608631913377
-0.011192588293011238,-0.01247652836727166,-0.8362379584679068,-0.5497848412509285,-0.08731402831624643
1.409158102594325,1.407874968627287,-0.8327491168769265,-0.5461539696354151,-0.0594528895216157
0.5631417276795931,0.5628823583060645,-0.1677490251424751,0.22876488268775963,-0.202364531834014
-1.3071929181593853,-1.3089115489802503,-1.1220511241284032,-2.1689669045661457,-1.4357071325297504
-0.7966175747201873,-0.7979973578767474,-0.9002983355544224,0.2460651925575657,3.2331779368101667
1.1714305733249883,1.1701429803968277,-0.8361492482100352,-0.6127790637010617,0.03788365593264003
-1.1962684454622778,-1.1978773159651717,-1.0503340946881656,-1.3222084416155413,-0.05819576991710831
0.4796003149704953,0.4778760356885053,-1.1220014120998374,-1.396918214252664,0.05686375599016522
0.45719000910780333,0.45757044573823136,0.2487277792327156,0.233690049583525,-0.19900218801143224
1.4558769308328374,1.4556089743293588,-0.17147885579147382,0.23807696387476265,-0.2969342111730861
-0.8898415736710157,-0.8911033569243135,-0.8236409589994789,-0.5463982056438279,0.19822354730752592
-0.7276939285236298,-0.7293195410719676,-1.0602602154264391,-2.1689669045661457,-1.4357071325297504
-0.7773031634707831,-0.7771521592099974,0.09672525225617624,0.9678463787956005,-0.040947968644741393
1.2313815204666279,1.2327568717707333,0.8983191420209821,0.23878789289288155,-0.0722316005253275
-1.708439854658326,-1.7091113076748818,-0.44087419546616324,-0.4786126016273785,-0.05587100088772049
-1.5893002531606362,-1.5897014520343717,-0.264612341400198,0.9442021552805224,-0.072375958757424
0.8227363717001204,0.8214497402412088,-0.8362506721763618,0.9432563241141851,4.581029697653309
0.43764146067655957,0.4378236980485698,0.11960221353976654,0.9493233332403644,0.08041820752724961
1.3922831558687025,1.3932025218504418,0.6016771823219046,0.24067955522555723,-0.16530657066956667
1.5113510530189562,1.5097435696908281,-1.0437806779568954,-1.316461895022693,0.2124067436110104
1.409854830695979,1.4103360316524736,0.31634228066036835,0.96820728805644,-0.041143453750705564
0.8291479045983203,0.8306376558185871,0.9719870828811114,0.9469431988908635,-0.16780878002590657
-0.9519102331473172,-0.9502229903838735,1.0968944115294692,0.94394702976855,-0.16341788379963715
-0.023334881830892582,-0.024609258350804297,-0.8300346686964488,0.2337476083880555,3.209364843440577
-0.9672192880003484,-0.968609673828478,-0.907559720140784,0.9446470692831089,4.583718369726107
-0.06741484948915025,-0.06250839074500467,3.1953764167706598,0.9450048672572172,-0.2306196483037415
1.3324969362585066,1.3324553258827287,-0.024319823184331082,0.9464189470766269,0.06831617573649022
-1.0983715931899884,-1.1000804658458718,-1.1152600039042209,-1.3225366823657012,0.2006625999373236
0.015580583685250633,0.016202936103213043,0.4053630958598749,0.24723970329865955,-0.08761477463311416
-0.7016812566948541,-0.703291665329483,-1.0503038103489244,-2.1689669045661457,-1.4357071325297504
-0.4704286434881763,-0.46992423106159953,0.3275360581270684,0.09716367652409409,-0.1380318871928281
-1.5315882275764579,-1.5332132514522208,-1.0615542995263734,-2.1689669045661457,-1.4357071325297504
-1.322928700243354,-1.322771376214349,0.09970268849581919,0.1659526705114117,-0.05778073999983086
1.3786837211562173,1.377388343467815,-0.840786894782986,0.2211997890004232,3.185106645522022
-1.2967600335411313,-1.2983591556856389,-1.044194802010953,-1.3208301415935424,0.20396178703336315
0.3108111662566402,0.309620328320666,-0.7749297421352636,-0.426741229241908,-0.1577698679688602
-0.7066196813891606,-0.7070236668697899,-0.26458534262606304,0.9421269270306959,0.20204302553174666
1.2319581358079665,1.2319176481282903,-0.02379841828701792,0.9441368182591634,0.07577769185797961
-0.28833907057939123,-0.28865158147229814,-0.20413623014340374,0.23522546958545826,-0.06174758391931687
-0.4546244920661861,-0.4544747017251798,0.09660797186694497,0.9436234559484867,0.105753077260191
0.606801563770715,0.6051695309061124,-1.061657009148611,-2.1689669045661457,-1.4357071325297504
1.2429675458396496,1.242449979447974,-0.3344910257381006,0.23091633746250476,-0.06629186076718892
0.10561611820704805,0.10467111154585312,-0.6152509922650207,-0.5433755905842979,1.5662223039176404
0.45724588044046793,0.4558434024442383,-0.9124627832340657,-0.5433149204930362,1.7071009011280123
-0.9469939019856198,-0.9430600798935761,2.560074548032565,0.94638161163585,-0.3471438087741613
-0.8454387933323185,-0.8470391759279672,-1.044073950355302,-1.318132655997441,0.20917672816785043
1.3714351789787051,1.372033752855474,0.3927056705636214,0.9494088936254774,-0.1938293513613065
-1.4833118970812766,-1.4851395413100252,-1.193417740907515,-2.1689669045661457,-1.4357071325297504
0.2495186175375235,0.25058949531625735,0.6979703816083463,0.24712614133296443,-0.08965684212464632
-0.4975047106503358,-0.499387404441321,-1.2272137778447827,-2.1689669045661457,-1.4357071325297504
-0.893140640435619,-0.8943290909620113,-0.7758871272371246,-0.4876820024493343,-0.2977582560813038
1.2423329495884978,1.2428425310609912,0.33447660013826147,0.9433714417232455,-0.08854107328906702
-1.1583660257398176,-1.1577748052927246,0.38263755627249046,-0.4012457901216622,-0.18551371569991262
-1.2389110019098823,-1.2384258748764236,0.31337212980422197,0.9452506589089956,-0.07089327941526581
-0.18994892183168222,-0.1884584655655378,0.9703197300149637,0.9436919042565769,-0.2085418611824781
0.15780051494496963,0.1587405113560349,0.612537546355638,0.9432127660999453,-0.07414133963743787
0.8362239806187943,0.8393670287012177,2.048774049077415,0.942976308308361,-0.07131131679571202
1.3360841379663926,1.335673443050918,-0.2646926234693185,-0.5465631038405907,-0.07002713002268675
-0.873885552434576,-0.8756056489745495,-1.122101550410253,-2.1689669045661457,-1.4357071325297504
-0.7108901228896605,-0.7120765926450744,-0.7742167745071841,-0.5463810935668054,1.4746510653577398
-0.3321391371814707,-0.33386082775714115,-1.1220092688859613,-1.3727528502100805,0.10358168885240567
0.6556294526210116,0.6558200060474987,0.12547323268351226,-0.4738072192707709,-0.0675189057400095
1.2828363535718597,1.281219732068512,-1.0502091003634673,-2.1689669045661457,-1.4357071325297504
-0.6180863305190045,-0.618879708137561,-0.5180069790069308,-0.543126687645788,-0.053952239386104
-0.05849880523638898,-0.058865297353658814,-0.23881394133442932,0.23287644810327054,0.07715811745240267
0.2101164187479804,0.20928084709512243,-0.5437592383105536,0.232834445732397,-0.053654500532405024
-1.2846351074952238,-1.2835507447064027,0.7035516996201053,0.9444417243588386,-0.05779577731567418
0.9418997494790036,0.9406054310334704,-0.8410084561516796,-0.3530597368695046,-0.3068738769455661
-0.9759150387052202,-0.9742221819028957,1.1005006763603373,0.9437323509840849,-0.08934406595510386
1.443354093090149,1.445287549820804,1.262248760844958,-0.5404245351195894,-0.21613871314655822
0.6570834072769193,0.656339930485056,-0.48284628974527083,-0.48964833566356264,-0.16341788379963715
0.7240518334133729,0.7235354078003422,-0.33483086745062335,0.9482826078287201,0.07703180399931824
1.5769320961566846,1.576240754641447,-0.4469717757515906,0.2316381559841836,-0.19609096366415227
1.3008434652577519,1.301031567396315,0.1252231011834587,0.23597373404435368,-0.05489056789473157
0.6917409540829286,0.6909972596530083,-0.4829157151644748,0.16910284832692832,-0.033197736059058826
-1.5347861028515222,-1.5354580326265643,-0.4408223406777455,-0.5397742761927321,0.19607321114192128
-1.5369838499287247,-1.5374844017621228,-0.3292105512095585,0.9462416037329386,1.7007461314525967
0.03664832179378158,0.04099073429678763,2.8282370865390867,0.9482359385277491,-0.3260163800142
1.7769161721460676,1.7756364841555938,-0.8297373964796518,0.357149018371184,-0.2966906066564232
0.2612182424775319,0.26314596732118034,1.256048899489263,0.23793228904175356,-0.16125251031818919
0.049474100781004435,0.04862916164932202,-0.5501953746525926,0.9452506589089956,0.06809362346200802
-0.5488569329404172,-0.5487909230094533,0.041846172583388824,0.0719840330070831,0.05856598014363687
-0.8885250119715248,-0.888578305132648,-0.036563267277183696,-0.5439247326923855,-0.06477910679334391
1.5967854486562019,1.5977397277717063,0.6248424162309136,0.23174393973305024,-0.06928729408319195
-0.6260615200329107,-0.6263450079306042,-0.1859386278245491,0.13741128168115077,-0.05105905981783611
-1.6724549791500534,-1.6719818671058144,0.3046422404659758,0.27156063167781147,-0.1366785287669231
0.9438728410660461,0.944941475308125,0.6979580964518615,0.9440279232235653,-0.18430772296927272
0.0994109200711962,0.09933765326646683,-0.04751034165959329,0.9434367787446045,0.008578934817043868
-1.6732696781924283,-1.671746057581714,0.9888240326939641,0.9452693266293837,-0.05993408362860412
-0.9219893867236373,-0.9206323270543695,0.881912601237062,0.9438381347329519,-0.0685715178490466
1.358508674811053,1.356872637411472,-1.062696533378131,-0.7506588464886402,1.3062511726907975
-0.48755049364936837,-0.48804325788276093,-0.3219487380712264,0.9435565632837626,0.10297418129233264
-0.308435000104698,-0.30892078736507583,-0.3170309613602947,0.24603096840352065,-0.03843072197255818
1.271898189255275,1.2719762857464239,0.05351735694510814,0.9441305956857012,-0.06053256879917101
-0.36624113327186725,-0.3656201722179667,0.4036601731801845,-0.5404198681894924,-0.18970611935704942
-1.4849935950446769,-1.4858127627312685,-0.5366127056522578,0.24693479719898476,0.05812087559467262
-0.37766931586257535,-0.37794392623493506,-0.17963848530778198,0.9468576385057504,0.2009813910332036
0.7566198982294576,0.7633587508945079,4.390511866559092,0.9435083383394264,-0.42543709744434927
-1.3615702405225563,-1.362519954800334,-0.6213785711883757,0.9470023133387596,0.06686357102601884
0.7900490104936666,0.792838564393506,1.8184512210501447,0.9494991209406868,-0.15712326338759458
-1.0479592792023518,-1.0473527135426142,0.39286209203281525,0.23860121568899925,-0.06866174174410702
0.7048138483846487,0.7039592306550329,-0.5551314362475945,-0.4267038938011315,-0.18458741704395978
-1.1049545164003611,-1.1050025927735878,-0.03361725818203616,-0.47589800395425436,-0.0399615207254151
1.0522859604300538,1.0528032901787083,0.33912638901704006,0.9448010779763121,0.008374427321573742
0.21750510194721334,0.21656094819055702,-0.6144620280875246,0.9439610305588411,0.05772088299323849
1.190806131385284,1.1900485374140137,-0.49092692284836964,0.3709677983885824,-0.32912910439378157
1.3701240133924415,1.368720395537119,-0.9113002645890426,0.9482483836746743,4.590680646961595
-1.3136504983145065,-1.313693841308497,-0.030969949810253493,0.9443717204073825,-0.20822006262342968
0.05112143685161178,0.05126218295558983,0.09177290568629932,-0.5366287653073128,-0.038370572709184564
1.3088270797007355,1.3072101426480263,-1.0503603792090164,-2.1689669045661457,-1.4357071325297504
1.0125159143791427,1.0113392288234277,-0.7642482271238416,-0.6125208269023579,-0.05269511978159678
-0.9085678166941172,-0.9101824086967104,-1.0534600956108786,-1.3963441818507252,0.00849171838515221
-0.38030718043640116,-0.38158996333019074,-0.8362545291440953,0.15857892095805493,0.08197908091179318
-0.07086190403389697,-0.07114176413741002,-0.1824173591344756,-0.5247389830633663,-0.08795161050800608
0.4510624860938879,0.4521081233711452,0.6819521089096037,0.1712060781573373,-0.13431165525317376
0.6915952184485713,0.6907577455495894,-0.5439927991344186,0.23476344350584918,-0.06275508408082384
-1.3914642798751649,-1.3923843349976017,-0.6021243025611854,-0.5426631059228131,-0.07114891378460342
1.1285079565830056,1.1291347233305642,0.4105604313061605,0.9454700046235578,-0.0659850995239838
-1.4323502134961008,-1.4312750275470703,0.6972666992729587,0.03027256744291475,-0.057422851882758266
1.0348666186556275,1.0346159933782961,-0.16106975698256587,-0.5405567648056729,-0.07181957807121865
-0.2942891206450876,-0.29345520265825226,0.5425065832175886,0.17219857862464555,-0.18586258142747925
-1.0338536881040894,-1.0332173298725609,0.41229506683165995,0.943962586202207,-0.183092707849127
-1.5711800494521035,-1.5728980353837871,-1.1221819753300302,-2.1689669045661457,-1.4357071325297504
1.1617758467495403,1.1599394240212675,-1.1936155890671805,-2.1689669045661457,-1.4357071325297504
0.6285566739689576,0.6267220872997447,-1.193532449984924,-2.1689669045661457,-1.4357071325297504
0.18681607465325298,0.18611997555561882,-0.4529710747851409,-0.615994578537937,-1.0540149444770128
-1.0224399639471595,-1.0231730092130507,-0.4795570105218375,0.9424582790675873,1.4047786735598493
-1.6930871944201142,-1.691725431577024,0.8833666780726099,0.9425500620261625,-0.1837242751145493
1.165976632065571,1.167476929552667,0.9795585962433817,0.9490837641620483,-0.17714996062781968
1.1205437514342083,1.1202288032261478,-0.20278372012483922,0.9441834875601344,-0.03824125179293138
-0.8854474402794127,-0.8845944935317522,0.5536662193773138,0.9469976464086626,-0.05597626209862424
-0.4066852752017135,-0.4069499354445394,-0.17321863394061798,0.23047297910328413,-0.054743202199466295
0.646857486258369,0.6465989916221585,-0.16700463036990013,0.23387205985731024,-0.06120624054895483
1.2635451123579389,1.2632845208142793,-0.16708348393245268,0.23754804513042904,-0.19716763547853883
-1.4121281502079504,-1.411483046483324,0.4172015583407047,0.09880021334479701,-0.06258666614337788
0.5509026412236165,0.5519615069821532,0.6907759939800229,0.9430354227562571,-0.05274323919229567
-0.6754506099228932,-0.6763003998073834,-0.5548673053831749,0.22285188225478308,-0.042421625597393466
1.3101156499127895,1.30960763517984,-0.3281300288415375,-0.5461679704257062,-0.050195917888425486
-1.4394240270619802,-1.4375129335338221,1.2416684095707107,0.9508323073050812,-0.1659591901771698
0.30470843527062025,0.30377187056666055,-0.6093374036255492,0.17056359744730853,0.06573276487459603
0.6462944175695434,0.6446782258080892,-1.0512574813337086,-0.626261824751472,1.5467429649741145
0.11076212393292316,0.11187943351079264,0.727921307416579,0.9463147189711258,-0.7192752714136723
0.4806250084024521,0.4812555823680282,0.4116880943909248,0.9469385319607665,0.08511887245989289
1.1611523425576522,1.1610737192707894,-0.048783426712978126,0.17254859838192502,-0.1644644809823369
1.4786829337530434,1.4777339246374341,-0.6149925754268729,0.9472838847879489,3.2174188298062956
-0.1922901706023752,-0.19123665944326287,0.6857377941654104,0.23747026296214452,-0.2730459312242787
-0.024212025716761308,-0.025824412569190526,-1.0501785303229123,-2.1689669045661457,-1.4357071325297504
-0.7830106507675535,-0.7828164833603652,0.1248249764029624,0.23574194318286637,-0.06766326397210601
0.5147206547051109,0.5170861752750953,1.5417089292456718,0.9443763873374795,-0.18120101351602874
-0.6259812955644153,-0.6269325695640297,-0.6208594519015714,0.9485844026416628,0.06875225789594835
1.4582795768965495,1.458333631442871,0.03824805023995798,0.9434305561711416,-0.11524133130058814
-0.05457643628868848,-0.05620635605562209,-1.0616608661163445,-1.5104101759963657,-0.16254571948072058
1.0652234059728876,1.0652662242975328,0.030109848322169595,-0.5458521748224717,-0.04534788726051693
1.0318594278353315,1.0300237711926945,-1.1933877422695875,-2.1689669045661457,-1.4357071325297504
-1.5492928233110257,-1.5506813431100077,-0.9075590058875,-0.7523047171695373,0.20456027220392986
1.3538911039041197,1.3526125510503308,-0.8298808185390771,0.9443468301135315,0.20440087665599005
0.0008518899999822835,-0.0007604584952992935,-1.0501012481175847,-1.3229784850815562,-0.05071320155343807
1.4165366215271145,1.4166952918932203,0.10629596056033612,0.9458355808144943,-0.19421430664689732
0.12604472857514717,0.12620061905152263,0.10179259360477562,0.9449473084526864,-0.30146946563145216
1.4058789364373636,1.408246187434555,1.54469550792735,0.2913530822194484,-0.16615768274630258
0.6247872664727905,0.6257482762248566,0.627197737860201,0.24497001962812193,-0.03960664007151111
0.15516497862664766,0.1557867272180136,0.405261100490921,0.2335702650443669,-0.055699575487105774
1.161390766668726,1.1609912795498145,-0.2577576526337405,-0.5503604292962331,-0.08636066249177554
-0.38734110110439685,-0.3889427989822611,-1.0439746691488272,-0.5413454759920764,1.7109083494995583
0.7672275965618537,0.7663844894122175,-0.5475044968304865,-0.4890245226739223,-0.03725480387360509
1.6620930920869168,1.6611434345789937,-0.6150321450588059,0.2855023075210994,-0.16163145067744245
0.4756546011762293,0.4753867671939591,-0.1734444808290159,0.2341100732922605,1.4397314105062224
-1.438087694601975,-1.4378996370001038,0.11947879057229298,0.9686164222616155,-0.1843708796958151
0.17870980599950403,0.1817201506640281,1.9609738927402482,0.9504682867575099,-0.16080439830605617
-1.090316806070915,-1.088365316964341,1.2687060390842027,0.9470178697724159,-0.0677955923515278
-1.3625098000801823,-1.3601412380591305,1.5397725885927733,0.943145873435221,-0.18325811832340422
-1.3137180552306358,-1.3139797155132926,-0.17315749385950846,0.9490044263503989,-0.060129568734568116
-1.0459771599499035,-1.0469378982633009,-0.6278998465218663,-0.525806154412228,-0.13574922264780165
-0.2563228972903589,-0.254625514813591,1.1049497600663147,0.9458091348772772,-0.16221790599533462
-1.6794242190596609,-1.6793370807951242,0.05324765490507316,0.23393272994857223,-0.18975724623091692
1.2195113400086481,1.2191213029674708,-0.2514816518779723,0.9440730368811703,0.19755889794724807
-0.6212258300788002,-0.6205830811656632,0.41731826732730876,0.2357512770430604,-0.06603021147151393
0.8246663536021646,0.8229409426461022,-1.1220184113279965,-1.3717370150922867,0.10554556230155228
0.267268825804339,0.2674406977500167,0.11249582191603087,0.23504501495503854,-0.060956621105954574
0.9911633076844617,0.9895573736654634,-1.0438571030582824,-0.5407201073590702,1.7121173496933666
0.13895005866822782,0.13868357873555545,-0.17326520325473418,-0.5406889944917562,-0.061437815212942996
-1.1355969151960361,-1.1365375969913758,-0.6150242882726821,0.24316702896729073,-0.07928710911904556
0.6318088928989114,0.6314321372605797,-0.24405798894548805,0.1720134570641288,0.05592542748153783
0.7126875228878788,0.7117406352483912,-0.6152092798732356,-0.5453559245888177,-0.18909259687063906
0.7680813363803386,0.7664663698272565,-1.0502053862463905,-2.1689669045661457,-1.4357071325297504
-1.1487859261688558,-1.1501661213912058,-0.9013015757171156,-0.5465755489875161,0.07767840858058418
-0.92193464299922,-0.9217362445341434,0.12729072158995455,0.1775935498168484,-0.0668121518953701
-1.112397093395601,-1.1127596721647703,-0.23846438577724433,0.1653133010881144,0.07285744512119367
-1.5767825239812012,-1.5774647350138384,-0.4476060326677743,-0.5505268831363613,0.10440272629745459
-1.6105527900519436,-1.611929878546693,-0.9002417666943303,0.24548182629543303,3.2320501381219127
-1.3344118886654341,-1.3352316712864971,-0.5366989874489638,0.943780575928421,0.0560758006399717
1.6936920926563637,1.692056844164813,-1.0614833027499446,-2.1689669045661457,-1.4357071325297504
-0.8357688976732728,-0.833828309616956,1.262137480183312,0.23162571083725808,-0.06513699491041666
0.794898786887082,0.793731870726623,-0.7583396382573581,-0.5432060254574381,-0.05740781456691478
1.5413995549611732,1.5406520411535698,-0.48363025414977884,-0.4889016268480328,-0.03145340742122582
-0.5661354620851756,-0.5660975928326544,0.023482434950677835,0.2217240408146598,-0.13634470035519994
1.1075884389704995,1.1082142795911996,0.4099136035321788,0.9425967313271335,-0.039351005702173494
1.453905401140043,1.4553815938747208,0.9644602817744189,0.9453533313711309,-0.06054760611501433
1.5201230185042538,1.5187349219126456,-0.9008784520716796,-0.5421684113325248,1.7093174014833277
-1.5210550117058843,-1.5220115809524986,-0.6261759247956266,0.9462804948170808,1.708048252026146
-0.3517856120611388,-0.35227143633567537,-0.3171455275870468,0.9430136437491379,1.6936485183745167
-0.40536137472681977,-0.40428967001711585,0.6971424192015445,0.2375869362145711,-0.3364492697463432
-1.5948645394740713,-1.5960331599873585,-0.7644363614388447,0.23401051211685642,-0.061242330106979
-0.20223352277655202,-0.20228005689115244,-0.030729103602891963,0.947131431738111,-0.16040741316779064
-0.785428912264364,-0.7870403903041825,-1.051175056504736,-2.1689669045661457,-1.4357071325297504
-1.7137155171277232,-1.7109024553252477,1.828537048822719,0.945582010945887,-0.2060727339209938
0.17054995763942174,0.1696042919795591,-0.6155446932153976,0.2353514766980789,0.0639012198048712
-0.8675044945694622,-0.8669882445342975,0.33441717426503353,-0.5248167652316509,-0.18419945429520038
1.1183273991499296,1.1192686012710333,0.6153271339815913,0.9457920228002544,-0.1649637198683374
1.0731478653985014,1.0719729043296233,-0.7629985695781716,0.14805032665908485,0.10420423372832183
0.49277083062375726,0.49290701489797184,0.0897234273132167,0.9457297970656272,-0.05978070300700148
-0.3413246370347477,-0.3431559997888873,-1.193456596286164,-2.1689669045661457,-1.4357071325297504
1.5681738486256005,1.5674458708028485,-0.47085083439261977,-0.4214862659526172,-0.4222521939487196
-1.5896058994805475,-1.589666359863921,-0.042694131765644835,0.1617493221373252,-0.16378780176938448
0.27272502096423257,0.2729077996604975,0.11961064172851767,0.30835937549313963,-0.20404570374530495
0.6617699656117481,0.6619509453222915,0.11925080092404329,0.23813607832265873,-0.06883918207105894
1.1070361521993195,1.1057588708200243,-0.8295678327500325,0.9448259682701631,0.2070985711182941
-0.37209066652668027,-0.37127385178935846,0.5312050963556627,0.2466345580294073,-0.08747041640101766
1.4975419522634266,1.4993406856723683,1.1746181682374104,-0.4926071693450996,-0.060057389618519946
-1.6099622663724278,-1.610343098434051,-0.2513907988602486,0.22898111711558997,-0.05432516481902008
1.1521717873128483,1.1535416749780194,0.8945954539502258,0.14608554908822202,-0.18435283491680302
0.05464483887528382,0.05346971983797391,-0.7652267541229086,0.9434647803251867,4.581432697717911
-0.1565360340976545,-0.1551791611626001,0.8833882485217865,0.1725299306615369,-0.042265237512622233
0.992370233005727,0.990746538582012,-1.0554217208300303,-1.4443015555281271,-0.034740564664590474
1.7656673042710271,1.7648169983688602,-0.5501095214078568,0.22071753955706017,-0.03261428820433542
-1.0408751465185555,-1.0393681933794863,0.9792883228007198,0.24568094864624118,-0.23172338728664624
-0.038972100074963135,-0.0398050117211031,-0.5425465790849945,0.23414896437640256,-0.1614299506451411
0.2994332009458057,0.29759941587657673,-1.193697156792212,-2.1689669045661457,-1.4357071325297504
-0.7786197872424651,-0.7799994490850737,-0.9001817694184752,0.22308056182953892,3.188742668492953
1.6499110078618975,1.6508657252030765,0.6252386839528717,0.2329308956210696,-0.05723638916630023
-1.4099215592692151,-1.4102111503487065,-0.19154923022095174,0.9423633848222802,-0.04282161819882759
-0.28990071895134845,-0.29173137504438856,-1.1928890506267051,-2.1689669045661457,-1.4357071325297504
-0.8969734539072269,-0.8986003395342892,-1.0614425903127571,-2.1689669045661457,-1.4357071325297504
0.4062844892306651,0.40932773790771043,1.9828787553043272,0.9433807755834395,-0.04206674494348964
-1.3033427738249763,-1.3027372455098778,0.39165357547630325,0.943877025817094,-0.47319862002612084
0.13233705281752423,0.13070513921496474,-1.0625693962935807,-2.1689669045661457,-1.4357071325297504
1.0503015357330838,1.0522303740260563,1.258420648944082,0.9679272722506165,-0.3289155745088055
0.04201781745637847,0.04206142001118899,0.0284854935037182,-0.4758139992125073,-0.06415656191742775
1.4281728880876732,1.4268844973558,-0.8361331060858169,0.1668331646563907,0.06860188473751448
-1.2229029751441935,-1.2184282240791324,2.9117992924410236,0.9439408071950871,-0.18586558889064786
1.2734283692197534,1.2751198814303453,1.1043186458645806,0.17604568466798964,-0.16527348857471127
0.544906090752071,0.5450983125315616,0.1263287652670761,0.24570272765336074,-0.08950346150304385
1.3150282273519536,1.3142808920221705,-0.48398638083717654,-0.5490474662955931,-0.04376596163379252
-0.05292539145950253,-0.04966643034671376,2.1224114198969892,0.9436187890183898,-0.135466521109946
1.5323383396458552,1.533700249791321,0.8901930824090215,0.968201065482977,-0.18468365586535757
0.08746198711105967,0.0869564245328234,-0.3290842712289489,-0.5474513762023981,-0.06452347242400629
0.3996261673904777,0.3987904958819071,-0.5434288247413795,0.22216584353051486,0.10385536800075519
0.510499125652455,0.5087749476257871,-1.1218709894501808,-2.1689669045661457,-1.4357071325297504
-0.10963081206232644,-0.11013305323322793,-0.3273323507739769,0.9471205422345518,-0.034457863126734815
1.1400668601372739,1.1397973939896056,-0.17312106694202492,0.9673112374778047,0.20162498815130045
-1.0990993222933299,-1.0998461532876593,-0.48869545273852627,-0.5249894416452421,-0.1839829169470555
0.7760799834797014,0.7777827285315566,1.110596646529544,0.947221659053321,-0.06024986726131535
-1.1321666861631081,-1.1322110841672166,-0.031278364378280715,0.9674496897373501,-0.08760875970677681
1.3373257333480417,1.3400233170970217,1.7596941745972592,0.9480663734008891,-0.0840268710728816
-1.1093892125431035,-1.1088935788906127,0.32048523540882723,0.9441539303361863,-0.16505394376339783
1.251164744331148,1.251791313301659,0.4106875683907108,0.23709224162428255,-0.07003013748585535
1.6235330839596125,1.6225925653495765,-0.6091605545124331,-0.6168408485288708,0.07307999739567589
0.24146874179831257,0.2438072648963118,1.5235556106304242,0.23553504261522973,-0.40988851286228545
-0.7982266054495134,-0.7990760374986591,-0.554890447189576,0.23295889720165208,-0.06816250285810652
-1.3690930992330828,-1.3702602958098635,-0.7630378535087912,0.22129468324573026,-0.03953746841863154
0.7904307246386395,0.7895929359533255,-0.5439922277317915,0.09179981819920516,0.06797633239842955
1.414703074366883,1.4185928087852036,2.536288913721082,0.9685230836596743,-0.18356487956660933
0.9067898578320871,0.9055031073152304,-0.836152819476455,0.9449504197394182,4.584304825044
-0.985200747640462,-0.9856931257492201,-0.32273570233952725,0.9472138808364929,3.207779910350683
1.2089569952467945,1.207662010012136,-0.8408854617361765,0.2336620480029425,-0.1627351896603472
-0.37724231358383714,-0.378184600624002,-0.614487312653778,0.17163854701299833,0.05672240522123748
-0.3698956227701639,-0.3702026703763624,-0.20074824111612286,-0.5505408839266528,-0.18425358863223662
-1.4318734288814992,-1.4313835495682035,0.31606457898355284,0.24675434256856504,-0.18662647707232333
0.5861650047633017,0.5863536345507184,0.12407543900674262,0.943775908998324,0.05576603193359783
-0.17158416663141116,-0.17097164132626572,0.39857226133700613,0.944807300549775,-0.19696613544623745
-0.6352554112568013,-0.6347728221346383,0.3129788619460568,0.23589750751943506,-0.06407536041187344
-0.10165809139853357,-0.10196210192541127,-0.19821049919810443,0.295696438496447,-0.18667459648302223
-1.4433540962514115,-1.4405220672452967,1.8414543194636883,0.9677639296972194,-0.043329879474334226
-1.0338863102208429,-1.035605814727438,-1.122049838472492,-1.391289896555608,0.06774475773444139
1.7246286155940767,1.7229108045743349,-1.115190721335674,-1.2974363766603398,0.24918801816393926
0.9500882574250876,0.9511252431122809,0.6773587460402603,0.9444868380164436,-0.20320962898441255
0.43926431047416314,0.43754016261992995,-1.1219999835932695,-2.1689669045661457,-1.4357071325297504
-0.2921881083618439,-0.29204230527778335,0.09435007438559408,0.9437945767187128,-0.08825235682487383
0.9284753497910515,0.9275470196765416,-0.6026727062326334,0.23651976486570983,1.7026618854910445
-0.17104481083557027,-0.17219890265381763,-0.7520029259724506,0.09932602080239916,0.19623561415302987
0.049211602749291365,0.0475989492864849,-1.0501989579668345,-2.1689669045661457,-1.4357071325297504
0.60007060628089,0.5991244907143436,-0.6149414348917391,0.10115234611371582,0.19947465198569578
-1.638724400020349,-1.6404419936363466,-1.1220674091032783,-1.3897855894209885,0.07065297461855292
-1.2950336554443669,-1.2966593874391297,-1.0615218724272801,-1.3220373208453156,-0.29281398663199765
0.4449658232677143,0.4433340564608207,-1.0618214302545859,-2.1689669045661457,-1.4357071325297504
1.3734356676516382,1.3724738632392572,-0.623545615652003,-0.49994669474441134,-0.28143374600172094
-0.06025714327342389,-0.06108262165125502,-0.5377497968803707,0.2358290592113446,-0.06888429401858906
-1.6763473270909406,-1.6759412379146408,0.26098293707942577,0.23432475207672526,0.06371475708841316
0.3605418269115843,0.3611719503870522,0.41114411908983767,0.2348661159679844,-0.06886023431323979
-0.9036196370150217,-0.9034243898630682,0.12527652732910105,0.23885789684433759,-0.06858956262805868
-0.39701545587172254,-0.397959217541454,-0.6154889814592464,0.9426869586423435,3.2134640157394845
-1.0189292775105177,-1.0200800864276134,-0.7516340855765979,0.24613364086565617,1.6933838616156736
-1.4935468144001327,-1.4944856948455307,-0.6145980219127966,0.24192873684820376,-0.06910383882990268
-1.1668820370938215,-1.1587948417968932,5.2646573193011506,0.9491631019736984,-0.31267226593477676
0.33670475927672017,0.3355135622354614,-0.7751095911121724,-0.5418650608762156,1.4501161808276668
-0.5929145221481289,-0.5906578241362783,1.4685228236509222,0.22207717185867074,-0.04233741662867057
0.3117426548940804,0.3100188765706625,-1.1220254110101795,-2.1689669045661457,-1.4357071325297504
1.698780246222871,1.6984890543498148,-0.1861049059890621,0.2302022971576544,-0.318401483271108
-1.051869317498341,-1.0521120032627223,-0.1602532226283078,-0.40483310372293657,-0.1967856876561168
-1.1034909469156013,-1.1051155076493444,-1.060359353782257,-2.1689669045661457,-1.4357071325297504
-0.07751043118941374,-0.07789543332555379,-0.25090896359486864,0.9430696469103022,0.20197385387886707
0.5608133780804669,0.5591941883656315,-1.053388384581166,-1.4211613604635316,0.00999544996949109
0.46906012047482853,0.4700188565462461,0.6253919627076161,0.23396073152915436,-0.0671369579175873
-1.2208879170532818,-1.2211538620617217,-0.17575437594944132,0.22869332309293805,-0.05191317935774061
-1.1958267713354793,-1.1947623723180156,0.6907348529908651,0.9428923035666139,-0.06485128590939225
1.4495090908350277,1.451032320808329,0.9950858912347094,0.23637197874596963,-0.0705534360772053
-0.5152089378998121,-0.5168387783350071,-1.0625703962481783,-2.1689669045661457,-1.4357071325297504
0.6857987946429274,0.685410815015882,-0.25125537643760415,0.94558823351935,-0.056352194994708914
-1.6272576065528048,-1.627497084536075,-0.15936469154302355,-0.5260161662665958,0.2006776372531671
0.7398419183556671,0.7413298851788942,0.9706385726809372,0.23295578591492064,-0.19565788896786257
0.33949676028698106,0.3378818059181758,-1.0510917745718227,-2.1689669045661457,-1.4357071325297504
-0.21799704915587537,-0.21302352861444354,3.238738733641726,0.24764883750383512,-0.3265426860687186
0.808016001391193,0.8082055147308059,0.12511382043100822,-0.5445080989545181,-0.05889350137224158
1.633205054101989,1.6324793255788175,-0.469250192783197,0.9462898286772747,1.4522665169932714
-1.5694311626189932,-1.5702785725307555,-0.5551827196333851,-0.48454893671084054,-0.16606745885124216
-0.17895541456373393,-0.1802388493772157,-0.8362589575144561,0.09410217038042194,0.20738428011931836
-0.15764237549110893,-0.15902546268336454,-0.9011168698178755,-0.42051243320569703,-0.164380272013614
1.5328893029414152,1.5311616340630279,-1.1220111259444998,-2.1689669045661457,-1.4357071325297504
-0.5247336254284557,-0.5233670873692884,0.8889147118813351,0.9451433195167634,-0.17756198308192853
1.1685844874767475,1.1669682846708254,-1.0501748162058355,-2.1689669045661457,-1.4357071325297504
-0.751705796273781,-0.7517750997509586,-0.046705092507222316,-0.5447943373338046,0.0653838991470294
1.2322358904384862,1.2322785425866478,0.030350123126903855,0.9688124333256926,0.10456813677173195
1.550171267990316,1.5503083153545445,0.0924920158926208,-0.42159827227494645,-0.16681631718024292
0.9532804303933607,0.9529765850221855,-0.1959016040322766,0.24581628961905586,0.05736900980250309
0.4461992735934868,0.4449140209371247,-0.8361383915601185,0.09349858075453561,0.20921582518904303
-0.8859398528292856,-0.8857744906563316,0.10584969510849887,0.22041418910075125,-0.08892602857465765
0.0985981777285243,0.09854112923255033,-0.03694924975185209,-0.5409161184231465,0.05679458433728565
-0.31084768124573564,-0.3121214063728815,-0.8302103750043104,-0.5452516964833165,-0.05729353096650508
0.22786916100780927,0.23242095829495235,2.965005876624019,0.9502520523296796,-0.17860557280145983
-1.2107743495518344,-1.2101293454662243,0.4175568279241617,0.23730692040874735,-0.06806626403670873
-0.3552504431601783,-0.35510550180572775,0.09365724870012308,0.9470505382830957,-0.055332664980527226
0.6218402806330384,0.62011553487436,-1.1220084117820206,-2.1689669045661457,-1.4357071325297504
1.779941805206522,1.7789928371856176,-0.6143371766134832,0.2467776772190505,1.5501353834283829
0.7455886133435202,0.7479537076555752,1.5419130628342361,0.9461187079070488,-0.3324794183636886
1.2373394640093918,1.2374663152684646,0.08519863275913653,0.9437992436488098,-0.08558172953108797
-1.669866022637344,-1.6671483789828672,1.7664838663148732,0.9466802951620622,-0.04710424575102483
-0.9883126658718216,-0.9853087224560181,1.954369621175158,0.9450359801245305,-0.16584189911359135
0.733333420579662,0.736042711110746,1.7660583142082718,0.9442612697284185,-0.08981924513575491
-1.0450343638648905,-1.0466436096845324,-1.05026295506108,-2.1689669045661457,-1.4357071325297504
-1.3490155123692242,-1.3477741400254633,0.8056757770157321,0.9520550429905108,-0.05324548554146477
1.4633326462956175,1.4656804945848856,1.532178647677386,0.944832190843626,-0.19646388909706836
0.6736412232306118,0.6744443447257933,0.5244689736343477,0.9426589570617607,-0.04105022239247654
-0.7762131082410282,-0.7760271354982122,0.11950207522935115,0.9430198663226,1.692553801781118
1.1951305309473452,1.1938432283763423,-0.8359106876131822,-0.42203385241733893,-0.16228707764821418
1.266228148597921,1.2683587530750335,1.3902790905522358,0.23544481530002004,-0.08248404246734996
1.4738157429296723,1.4724276302023516,-0.9009855900642781,-0.42109891075456085,-0.1647682347623734
-0.46413482139776974,-0.4645196211710452,-0.2515839329482398,0.9459351419898983,0.06863797429553865
-1.3060057502191162,-1.306301689519811,-0.19546690948363996,-0.4199306225869299,-0.16493665269981936
-1.0278866769767014,-1.029606172630836,-1.1220315535884218,-2.1689669045661457,-1.4357071325297504
0.5469255803148806,0.5464189108337464,-0.3288464248853801,0.9467176306028384,0.06988907897370851
0.4121911771552083,0.4157564841246139,2.322901316758542,0.9453206628604517,-0.16384193610642073
1.2399725084472824,1.2445366430794682,2.975152987328359,0.9442037109238883,-0.33077418674704834
1.380587659277737,1.3787515830352401,-1.1929333343303126,-2.1689669045661457,-1.4357071325297504
0.06679701921910876,0.06917726599552473,1.550365250495667,0.23352204010003078,-0.06704372655935827
0.9194916981747971,0.9218417819679374,1.5324997759538679,0.9684873038622641,-0.08686290884094482
-0.9583609719819092,-0.9587534806556612,-0.2576359438741485,0.9438148000824668,3.1858585113141915
0.28970869009345235,0.2916113680823643,1.2397956374600874,0.23410385071879755,-0.07910064640258752
1.4524370678887937,1.4554495504233116,1.965024137412445,0.22174115289168234,-0.04057203574865672
-1.5653362386830272,-1.567162849583995,-1.1929159065501833,-2.1689669045661457,-1.4357071325297504
1.3166702252141338,1.318046259999946,0.8989422565859354,0.9456302358902231,-0.05427103048198383
-1.4817150340367433,-1.4820143649962647,-0.19804250682570984,0.2314188102696218,-0.06628283837768278
-0.2712780461206537,-0.27064692196764245,0.41047743507456097,0.9458604711083453,0.07445440806376141
1.5569660337184728,1.5556775654851411,-0.8359148302822295,0.9467036298125474,4.587694236035099
-0.27693614742237016,-0.2786580212262011,-1.1220134115550084,-2.1689669045661457,-1.4357071325297504
0.08009544723379003,0.07913415331906001,-0.6259119367818637,-0.5495966084036806,1.4502033972595583
1.6761370617303963,1.6745019387942945,-1.0614381619423965,-1.389704695965973,-0.15999839817685055
1.3749441914402174,1.3768587812019668,1.2498181823916998,0.24629853906241891,-0.08425543827370117
1.1887374196716842,1.1882475499272132,-0.31656569677110313,-0.5444100934224797,-0.06679109965318943
-0.5769467863758245,-0.5763330368846549,0.3985236921136948,-0.5248992143300324,-0.08719974471583673
-0.6282992587093608,-0.6272185532173203,0.7025393170153771,0.22243808111951016,-0.08866738674215144
0.4461511996685624,0.44576458006587705,-0.2508696796642492,0.24677612157568493,-0.0883696478884523
-1.464884252223366,-1.4646879246952293,0.12480897712940081,0.23430608435633718,-0.06160322568722019
-1.037558744943096,-1.0392784089845588,-1.1221614048354513,-2.1689669045661457,-1.4357071325297504
0.5108251568747,0.5091008266811747,-1.1219694135527147,-2.1689669045661457,-1.4357071325297504
0.5139734873551827,0.5123598642070061,-1.0498606876115366,-0.6048421712493263,1.5881527253436385
1.0089283376060743,1.0075409683925478,-0.9014714251480486,-0.5469753493324977,0.07623181879645
0.18940869452191367,0.19111178125553785,1.109594977724076,0.9436016769413675,0.056935935106213566
-1.4050941709771456,-1.404926341376994,0.1063733856163206,0.23095678419001275,-0.32112624490193
0.5930075961276192,0.5913756627307376,-1.0616210107830981,-2.1689669045661457,-1.4357071325297504
1.3926239124570807,1.396530319351391,2.5471014227847877,0.2332311347906474,-0.0994701944440419
1.281761168908911,1.2827913999540934,0.6736516286456925,0.23476499914921475,-0.31060914620106395
1.6482226008377951,1.647382259699943,-0.5438646620952706,0.2336636036463084,-0.0629204945551012
1.1401003389818651,1.1404697174506515,0.24295075582114325,0.23623508212978903,-0.16712909334978537
0.4690878123487919,0.4723126544154955,2.101279379386188,0.9457391309258213,-0.17392896757416582
0.233048416371775,0.2317638203190775,-0.8361555336389341,-0.5491999193454303,-0.06492647248860918
-1.3889534182941932,-1.3907813501469706,-1.1934081699135095,-2.1689669045661457,-1.4357071325297504
1.4565250614536664,1.4562640033928504,-0.16698463127794838,0.23321246707025894,-0.06899256269266157
1.6328354271453633,1.631666246308525,-0.7580660792495898,-0.6831952606488882,0.07515514698206345
1.4547150975586283,1.4542152190300548,-0.32252928314045404,0.9450095341873143,0.0711943179889148
1.7514074014865748,1.7513574341509575,-0.028888472890048193,0.24703280273102327,0.10396965160116489
-1.0227092359631385,-1.0191445125772232,2.319527041394313,0.9440948158882903,-0.1818686703394752
-0.5091218278302998,-0.5062848602188788,1.8466202277654782,0.23735981228318084,-0.18918883569203684
-1.3914839609271061,-1.3896671486760475,1.180364193056458,0.9441150392520442,-0.08750951342221043
1.3129945721694116,1.3140340378508482,0.6797312097483634,0.9434352231012386,-0.18431073043244148
-0.9549093749810641,-0.9539659387476981,0.6124559786306063,0.9523023902856551,0.07892049086924809
-0.1284005909409813,-0.12864721938953824,-0.1608940506747041,0.23418785546054466,0.19742656956782645
0.7059848496995367,0.7048284545905509,-0.751672940955247,0.22196672117970706,0.056502860409924034
-0.32501222864262225,-0.3261863144242743,-0.7653460344213351,0.9443748316941136,4.583192063671588
-0.23527107400906302,-0.235674735799952,-0.2633909682845741,0.946311607684394,-0.0648272262040428
0.03412295418304054,0.03240020044906005,-1.1219374150055919,-2.1689669045661457,-1.4357071325297504
0.48539739941726745,0.48470889404312395,-0.44740232763118015,-0.41369404833389045,-0.17867173699117064
0.13625867646025971,0.13509448468733198,-0.7579396564183234,0.9466787395186963,1.7112090958164266
-1.5695171714260798,-1.5693483066033675,0.10670451343877874,0.23286244731297948,-0.05858072520269911
0.9372145571710497,0.9362584377419418,-0.6207533138635702,0.9497013545782268,1.5772055594096512
0.8687919044015971,0.8700608313075695,0.8282496092055971,0.9486715186701417,-0.06461068885589795
0.13657780187708388,0.13962597063497578,1.9855203496498381,0.9488301942934418,-0.13446202841160762
-1.5618191851310745,-1.562760975658657,-0.6166357865320216,-0.42475467266392564,-0.18637986509249185
0.3448205098414845,0.34675457475340765,1.2603525612266195,0.2959531196517853,-0.42403261214457677
-0.7338397887155843,-0.7355495323313833,-1.1150665841149163,-1.321080600175418,0.20347758546320613
1.1650847446086505,1.1652716235332934,0.124143150218065,0.9422731575070706,0.0584938010275887
-1.3295277920531352,-1.330376062723441,-0.5552427169092402,0.23239108737317637,-0.0595671731220254
0.9493269702967275,0.9488123946248376,-0.3331559434996655,0.9435767866475165,-0.136624394429887
-0.24665859032186782,-0.24838072673179604,-1.122121263800891,-2.1689669045661457,-1.4357071325297504
-0.8507143062143153,-0.8506500978225272,0.04004296874262631,0.23565171586765635,-0.06534751733222416
0.7877873619601771,0.7865041893188784,-0.8340709140042794,-0.5503464285059416,0.01101497998367295
0.1621771812658894,0.1609032480522652,-0.8293588422391369,0.09637807662442215,0.20106860746509508
-1.6649169373184018,-1.6665241115265308,-1.0502072433049288,-2.1689669045661457,-1.4357071325297504
1.7677061261409592,1.7664090570135254,-0.8410767387656292,0.234962565856657,3.211713672175314
0.9579194449392573,0.9585492639338761,0.4121923572094221,0.9442846043789036,-0.08743733430616225
-0.867420387847324,-0.8688109787132404,-0.9074850092472787,0.9476914633497586,4.5896039751472095
0.5511018712424619,0.5546537570323793,2.3144501290517088,0.2348272248838423,-0.20834938353968271
1.3751910964111411,1.3747769422970129,-0.2668639534526498,-0.5248961030433009,-0.08669749836666746
-0.42916291491545266,-0.42867965451582335,0.31384610828347814,0.147328508137406,-0.18260549881580124
-1.3856660156180909,-1.3869451376279527,-0.8359681135772151,0.23771294332719176,-0.07070982416197653
-1.3260706844454813,-1.3241522630904072,1.2466774678513364,0.942987197811921,-0.18395885724170624
-1.2459472793471091,-1.2457516440692238,0.1248149768569864,0.9462136021523558,-0.06433700970754842
1.420559475262589,1.4192710771200123,-0.8361538194310526,0.2378747302372234,-0.06913992838792668
0.4296153280987515,0.4306573972869561,0.6795835021692341,0.9486264050125366,-0.06446633062380144
0.8933047831257626,0.8939238557387137,0.4050585382595814,0.23534680976798153,-0.06959104786322846
-0.9826107058514237,-0.9833480570724742,-0.48227831553384154,0.23195239594405245,-0.033465400281071166
-1.0159033674282358,-1.017164078689866,-0.8232058358988719,0.23348470465925425,1.7123609542100295
1.5198975481795012,1.5195910247502358,-0.19646343566546356,0.9497402456623688,-0.031068452135635014
-1.1286257784655525,-1.1280097126465793,0.39888110445700364,-0.5427828904619711,0.060505793887434045
0.42296698957250783,0.42510794843448535,1.395263149967922,0.9437899097886158,-0.5697351802775081
0.33020707412545125,0.33072686652447963,0.3392235274636627,0.23153859480877986,-0.054800343999671146
1.7185855068118818,1.7212559207388733,1.7427943704954152,0.23473699756863228,-0.06950984635767415
-1.179999944920179,-1.1804729108293224,-0.3104992579288578,-0.5412396922432093,0.05939002505185456
0.8405509505837053,0.8422300813529255,1.0953514815853929,0.3561394058268532,-0.31217302704877625
1.1545164943599924,1.1532470519123674,-0.8243633547709069,0.290649931418158,3.3193718312244718
1.4900857606214009,1.4906689930239276,0.38296154156210843,0.24264744408315114,-0.16230512242722628
-0.6281744014841556,-0.6285584942928,-0.25146579545506775,0.038643484393677124,0.20449410801421905
0.03519797302769828,0.03845212843859901,2.119465410801842,0.9492346615685203,-0.16247354036467224
0.8199577844245357,0.8190197855928579,-0.6091962671766328,0.23367293750650245,1.5793769478174369
-0.7426509360102732,-0.7425949997611976,0.03488091740856963,-0.5396156005694324,-0.19741424745837047
0.07118553145837526,0.07487974709353862,2.406146394202387,0.9449893108235603,-0.17065083272030712
0.47029127105882446,0.4689075599568206,-0.9002129108616571,-0.5255245829630386,0.05516153183669375
1.4042890588173507,1.4033587234374012,-0.6029858348723348,0.24561872291161363,-0.08831551355141604
-0.9072511747175169,-0.9086409977269276,-0.9070680281800849,-0.4993259930415021,-0.1387266111847926
-1.148348532610537,-1.1477420425258842,0.3926033894933538,0.09884221571567055,-0.057699538494276566
0.7262449353850587,0.726206054384613,-0.023807275027739373,0.9476727956293705,0.06838835485253857
-1.141784173372004,-1.1398614036799688,1.2498940360904596,0.23403540241070742,-0.07930816136122625
1.1203642399738225,1.1213161558187767,0.6223091026832561,0.9487415226215977,-0.03132408650497263
-0.7394171303680772,-0.7390302116136119,0.25045255806289607,0.23679978067153362,-0.04463812595270911
-0.6695852201843179,-0.6689519282769649,0.4110581229944451,0.948918865965286,-0.06632494286204432
0.8729583769561804,0.8759579326665208,1.9553958602935955,0.24543982392455949,-0.18519191714086403
-0.983871133453286,-0.9810454838027536,1.8382583217191437,0.29772033051520586,-0.18626558149208197
0.8933538170859524,0.8939831651981955,0.41175094867991613,0.9490215384274211,-0.061269397275497045
0.5314011448291773,0.52976794431186,-1.062574824618539,-2.1689669045661457,-1.4357071325297504
-0.7214233602551978,-0.7197177265996687,1.1093531315621166,0.9473943354669122,-0.06949781650499944
1.2175130229850548,1.2251434379361343,4.972137315303983,0.9487664129154487,-0.18092733436767905
-0.22072318521071913,-0.2223350273348063,-1.0502338135270932,-2.1689669045661457,-1.4357071325297504
-0.3455786008909022,-0.34608260648379346,-0.32897384767124405,0.9470069802688567,1.7031521019875386
-0.3329115150530764,-0.33463336524314313,-1.122114835521335,-2.1689669045661457,-1.4357071325297504
-0.3650650308511619,-0.3641288007052785,0.6089935644111336,-0.4248977918535688,-0.18404306621042915
-0.5749146103977213,-0.5766355740196359,-1.1220424102383384,-2.1689669045661457,-1.4357071325297504
-0.31018395471274496,-0.30914148488145143,0.6783007032711872,0.9474083362572033,-0.2037028529440757
1.4203521405457573,1.419853014329076,-0.32211101641734907,0.23649798585859028,-0.06478512171968127
0.3483308756083624,0.34848544808671783,0.10139804009069914,0.2223587433078601,-0.08592157286914866
-0.31414046029479237,-0.31586223792823925,-1.1220284108739724,-2.1689669045661457,-1.4357071325297504
0.26602095191927017,0.2644075535830406,-1.0502316707672414,-2.1689669045661457,-1.4357071325297504
1.198479465588994,1.1980987554070928,-0.24545106855058318,0.22989583541461403,-0.06324229311414963
-0.47555865959311583,-0.4759319030367602,-0.24408127360254608,0.24599829989284114,-0.08605390124857044
-1.1531824011954808,-1.1547912965665543,-1.0502603837492577,-2.1689669045661457,-1.4357071325297504
-1.4508180899072411,-1.4524239837324209,-1.0489265871667337,-2.1689669045661457,-1.4357071325297504
-0.42609092204375865,-0.42153802857742967,2.9643551918823037,0.24565761399575572,-0.1844881707593934
1.5314804791550998,1.5298546130769457,-1.0557111362607032,-0.6757095047732018,1.4511477406945232
0.29195913733816875,0.29024477772404245,-1.1159324019457695,-1.3244485680621307,0.19696642770301853
1.3684857631113765,1.3712790074396422,1.822061771400717,0.23421274575439568,-0.2972920992901589
-0.9021775872789429,-0.9019910721132008,0.11959249969510417,0.967627033081039,-0.08801175977137969
0.5222930231164004,0.522783124727732,0.32028710154784834,0.9467176306028384,-0.06981961506404787
-1.0345624979106816,-1.0340770352983875,0.3140171005196654,0.9441399295458952,-0.04157051352065773
-1.1045022292449178,-1.104326096012915,0.11240868301538402,-0.5436649402503156,-0.06302876322917354
1.4481204372207452,1.4486263005060052,0.3324844048785549,0.9454466699730719,0.06923044453976818
-0.7460810617357739,-0.7454482463541624,0.4105881443335794,0.9436499018857037,0.06723950392210351
-1.2220491910197633,-1.2214225028442771,0.4056043706192068,0.9493513348209466,-0.06782265952004583
-1.0422198453448288,-1.0436094260858573,-0.9071918796995289,0.9490122045672271,4.592157311377417
0.8098506983126444,0.810031924756096,0.11972049388359542,0.9472885517180459,-0.1681275711217864
-1.49749425941632,-1.498184042618653,-0.4523722448318433,-0.5426273261254024,0.06795828761941747
-0.2566737472995354,-0.2569291812522474,-0.16689663527336077,0.9444930605899058,0.20707751887611342
-1.5398702763403682,-1.5398153441256055,0.03256345120333385,-0.4266385567797728,-0.1814837150538844
-0.34965835398857936,-0.3499226632989464,-0.17287107829262818,-0.47581088792577614,-0.20132996450398882
0.7895279863924558,0.7908888600902976,0.8879680405787339,0.9439641418455722,-0.08758770746459613
1.3281705512636786,1.329974110735657,1.177407898714021,0.9474550055581743,-0.0740541232055462
0.22233502927703272,0.22338820515105862,0.6863846219393923,0.9419822521976872,0.10350650227318856
-0.42035448673366793,-0.4221859695896923,-1.1936997281040345,-2.1689669045661457,-1.4357071325297504
0.6459863067862465,0.6443527470402832,-1.0625696819948942,-2.1689669045661457,-1.4357071325297504
-0.018931837899502205,-0.018000876227333026,0.6062845445556142,0.9459071404093155,0.06919736244491277
-0.915346457909475,-0.9170664999137564,-1.1221525480947299,-2.1689669045661457,-1.4357071325297504
1.26587742010109,1.2668080495112903,0.608749146937352,0.9684810812888012,-0.04232839423916445
1.4291879993718961,1.4308904515497065,1.1117687361685726,0.24517225326566155,-0.0414442000675733
0.5482647946353725,0.5473287708678898,-0.6084768712689974,-0.5398629478645762,0.061777950807784754
1.6965297388799905,1.697547000227313,0.6660701157374465,0.9687019826467285,-0.1346334538122222
0.08719458866630214,0.08547161949116192,-1.121966985091549,-2.1689669045661457,-1.4357071325297504
0.534913885789541,0.5345021841447674,-0.2670200892205301,0.22169603923407732,1.4514966064220898
1.2999422610500981,1.2983253412777538,-1.050367664592513,-2.1689669045661457,-1.4357071325297504
0.7643588828776211,0.7661863957517483,1.1918319580828967,0.9438490242365118,-0.0414472075307419
1.432122658288655,1.434484422526358,1.541176810549099,0.23754648948706314,-0.16256376425973265
0.5763306950044766,0.576951866264945,0.4057639348028504,0.9474721176351971,0.08994885830878936
-0.4107029297880161,-0.40945522728648254,0.8117565009236574,0.9493388896740215,-0.05862282968706064
1.1828341329961376,1.1830127339134344,0.11878882189995808,0.9451759880274426,-0.06767830128794933
1.429656025446811,1.4298340623530412,0.11893652947908742,-0.5445361005351003,-0.2026382109823637
-1.6329434440344304,-1.6324599550368903,0.3114830727187239,0.2950944045139259,-0.13623643168112745
-1.4703121025449406,-1.4697407530854802,0.36904488772617977,0.234127185369283,-0.1700282878443908
-1.5308291934712286,-1.531659329795656,-0.5438520912374725,0.9438132444391009,0.06946201920375634
-1.060641385852393,-1.060016310400508,0.4048908315885003,0.9466196250708002,-0.06605727864003198
-1.0909052973796822,-1.0918457260250347,-0.6147661571358478,0.17017935353598365,0.07120334037842076
-1.0365180673736134,-1.0363715403058085,0.09326840921231858,0.9451604315937856,0.07005448944798587
0.8446686161912358,0.8448487638096746,0.11909052248711574,0.23843320620550504,-0.06727229376017783
-1.2738291681316474,-1.2729080412692837,0.5972606685656776,0.22187493822113147,-0.1854054470258401
-0.7135235621330064,-0.7134736471913952,0.03102009270728701,0.9466678500151364,1.472551856066003
1.3034811966944049,1.3032404648178058,-0.15406578927975442,0.2367873355246081,-0.06915797316693877
0.24340611358113273,0.24255689173146217,-0.5525799806665235,0.17088561562400553,0.05586227075499561
-1.387420685254438,-1.3881657570330106,-0.48815133458678234,0.9448353021303572,1.4726300501083884
-1.2339940283119748,-1.233479974156384,0.3322222739233304,0.9439392515517212,0.05411493465399384
0.0006848596560531956,-0.001147802202375952,-1.1935890188450158,-2.1689669045661457,-1.4357071325297504
-0.8032338714936967,-0.8044044699207031,-0.7640726636666366,-0.5434782630464331,-0.187264059264083
-0.512136636421854,-0.5106768030641468,0.9497030946738898,0.9686724254227804,-0.040547976043307274
0.5829138219783315,0.5830789072870305,0.10873442127187995,0.9473647782429642,0.08541059638725466
0.33516282156711347,0.3392700458029423,2.6756847273845312,0.9675865863535311,-0.18344458103986225
1.071355796718729,1.0719734316125529,0.40449370676260166,0.9443686091206507,-0.05564243368690092
0.8735925079949047,0.8728939926760262,-0.45311163983143027,0.23148881422107784,0.20786848168947536
0.5258017107407573,0.5259924419298562,0.1253180968702294,0.2383694248275116,-0.06507383818387445
1.1898637158488627,1.1903467856594752,0.31710038909599597,0.23664110504823346,-0.0697323986321562
-0.6095970025303625,-0.6114300485125149,-1.1951126639504246,-2.1689669045661457,-1.4357071325297504
0.20345732637914593,0.20173369496200505,-1.1221556908091794,-2.1689669045661457,-1.4357071325297504
0.30267543349110687,0.30525564407270744,1.6810914577980391,0.8936141886717439,-0.08912151368062182
-1.5833714894697293,-1.5810984436902462,1.477103148351501,0.9493840033316264,-0.17910180422429156
1.4990698362148467,1.4996772060166972,0.39870068407746767,0.23261976694793224,-0.06366333795776459
-0.13376901668079447,-0.13428105763767723,-0.33376520155090944,0.9500638194824313,3.2047303426976446
-0.0638614404961925,-0.06415531664400446,-0.1915312310381952,0.9689757758790897,-0.08702831931522201
0.04716895411781624,0.0488940252524549,1.1236163410914373,0.94485241420738,-0.039844229661836636
-0.02746569643410835,-0.02918826293078736,-1.1219439861358047,-2.1689669045661457,-1.4357071325297504
0.1266268095593402,0.12491069791226365,-1.1174184773284404,-1.3224402324770286,0.20084906265378163
0.8376509154473577,0.8360357753475895,-1.050173244848611,-2.1689669045661457,-1.4357071325297504
1.2376066608840308,1.2373361693831597,-0.17358533157661873,0.22987405640749448,-0.06054159118867697
-0.4756128209794867,-0.4774437782663984,-1.1934727384103823,-2.1689669045661457,-1.4357071325297504
1.2034687453933206,1.2031632590345922,-0.196448293495843,-0.5449250113765222,-0.15754731569437813
-1.0503079101770478,-1.0502227154060777,0.053294652771159835,0.23779228113884185,-0.05001847756147357
-1.3554155522612874,-1.3559075965599956,-0.3232908199918448,0.23538414520875806,0.08543766355577255
0.3999025485366864,0.3982713652201081,-1.061535443239676,-2.1689669045661457,-1.4357071325297504
1.4810928990712222,1.4808024702381437,-0.18606219364267948,0.9459911451510625,0.20386855567513412
0.582650688090499,0.5809295895465558,-1.1197148016364702,-2.1689669045661457,-1.4357071325297504
-0.9245622961492835,-0.9252535695413119,-0.4521472550473863,-0.5498517339156531,-0.038075841318654186
0.7455434967307913,0.7447065519811854,-0.5435362484352918,0.2352674719563318,-0.06405731563286136
0.1463699847971581,0.1447567952250401,-1.0503453798900526,-2.1689669045661457,-1.4357071325297504
-0.6264841759422597,-0.6281121488541742,-1.061586298073496,-2.1689669045661457,-1.4357071325297504
0.5818025018687507,0.5832944971338626,0.9729324685278012,0.2899514475469643,-0.1774867965027116
-0.7605920300826388,-0.7615348091404105,-0.6156076903550455,0.9416306767970418,3.2137467172773397
-1.5631386679522614,-1.559046473156076,2.6619350659663996,0.9446486249264748,-0.13744843933810472
1.210272984478375,1.2126413883728244,1.5450382066530084,0.9443903881277707,-0.07069177938296445
0.9576872870487666,0.9577377847172321,0.03488691713615522,-0.40061886584529044,-0.42531379145443365
-1.7088942717892,-1.7093890179870301,-0.32578813517398925,-0.4079303896640197,-0.18856929827928912
0.5958368753269688,0.5962035843339376,0.24007645775570852,0.946320941544588,-0.035997684269097864
-0.9329257048860461,-0.9314148348226368,0.982064625315591,0.292692491157305,-0.27227602065309714
1.3351347273546506,1.3337367514938203,-0.9076987138298486,-0.6165561657929501,-0.05910703125721766
-0.8905666305994345,-0.8886491821355685,1.2469525982163296,-0.4249335716509798,-0.18317691681784992
1.68515193258802,1.6847600667597173,-0.2517010704868142,0.9463053851109318,0.19959495051244303
0.25726862515399573,0.2583127913128795,0.6805895993450631,0.23592395345665162,-0.06792792073094958
0.9733179363880716,0.9732580642805602,-0.0369629634149046,0.943102315420982,-0.20711632364052493
0.5424687333927382,0.5408543991047389,-1.0502643835676482,-2.1689669045661457,-1.4357071325297504
-0.6146913740634526,-0.6146077478210623,0.05318208645360292,0.24742949178927331,-0.03820816969807597
0.04046418495117972,0.03874141440960564,-1.121935129395083,-2.1689669045661457,-1.4357071325297504
1.789805340219831,1.78807668106243,-1.12211997814498,-2.1689669045661457,-1.4357071325297504
-0.5755416827535791,-0.5754964511922098,0.0282577895567819,0.234987456150508,-0.06369642005262
-0.9615589538544463,-0.9633883726201391,-1.1934847378655533,-2.1689669045661457,-1.4357071325297504
1.4155278356842929,1.4147999104532347,-0.471135107199648,-0.4854434316461106,-0.165929115545483
-0.2013124627058748,-0.1967462321951753,2.9735104904764946,0.9680532793632368,-0.27923529042541756
1.365227854815477,1.3667306313300678,0.9815889326284533,0.9442114891407165,0.05598557674491145
-0.27728100669743694,-0.27867328128549707,-0.9073501582272612,0.9471843236125449,4.58862354215422
0.01204787324562677,0.011764466461465806,-0.18455426210951856,0.2459811878158186,-0.040773535780958076
1.4481809942361539,1.4487987294814155,0.40534538237843204,0.9446844047238858,-0.04259906592434555
-0.0941936340656304,-0.09538590007215225,-0.7767049472472938,-0.4743330267283734,1.307637613211558
-0.13235452612017898,-0.13217156555055917,0.11888381758672878,-0.5453792592393027,-0.20117658388238635
-0.38646210645828855,-0.3867272335373324,-0.17348047919452897,0.23182638883143178,-0.1910504553934483
0.6918857176185211,0.6920221035562004,0.09027025962743992,-0.485286311666176,-0.06551593526967012
1.7317423262252305,1.7312239900137554,-0.33397247785392353,0.23629108529095363,-0.16335773453626354
0.6282980595069052,0.6292485136679994,0.6203303353852887,0.9440061442164461,-0.08646893116584806
-1.2374004663681728,-1.2363651751038303,0.671690574829168,0.9441757093433062,-0.06578660695485104
0.27936729878806643,0.27955702098741636,0.12414672148448481,0.1474638491102207,-0.03843372943572678
-1.6487481696790216,-1.6497670797622528,-0.6670442120496552,-0.2260072319071083,-0.5697772847618697
-1.3396812772374755,-1.3370748317569017,1.6947508376010747,0.24671856277115442,-0.1850174842770807
0.3924649331493362,0.39219757253584137,-0.17330977265965522,0.23802096071359768,-0.059693486575109825
0.3346695400065665,0.33294563119936316,-1.122062552180947,-2.1689669045661457,-1.4357071325297504
0.052435638053153204,0.05205047905084603,-0.25073997126787645,0.2452982603782822,-0.18167318523351103
1.5940674423036894,1.59512460206204,0.6918416598797369,0.28446780468291727,-0.16496973479467475
-0.44889202389291105,-0.45006414079164186,-0.764322223764063,0.9457873558701574,4.585922840228747
-0.5635023726833304,-0.5633243397100346,0.11477486129458805,-0.5490645783726156,-0.18365811092483833
0.012630937076066856,0.010798531072166278,-1.1933974561142495,-2.1689669045661457,-1.4357071325297504
0.28018151507110467,0.27944591299883714,-0.47850405833057863,0.9449986446837544,4.582879287502046
-0.9054920970782624,-0.9071207083426526,-1.0625842527618876,-2.1689669045661457,-1.4357071325297504
0.1938500913905759,0.19403216824909805,0.11898895567013217,-0.5451863594619576,-0.05937770294239876
-1.4952174209622782,-1.4928248242431952,1.555149176141179,0.9459849225775996,-0.1910203807617615
0.5449617142346441,0.5441075941865616,-0.5551408643909432,0.942341605815161,3.215015866734522
0.6124995386687152,0.6106623661537144,-1.1952500862822644,-2.1689669045661457,-1.4357071325297504
-1.212047941283591,-1.2132086775560835,-0.7585026308567646,0.2448937931032033,-0.039570550513486936
1.3472316814340572,1.3453956399008968,-1.1929803321963992,-2.1689669045661457,-1.4357071325297504
0.19904405786381157,0.19853861483765278,-0.328773571050413,0.94295141801451,0.24986469737689185
-0.5343715416262942,-0.5360925860148443,-1.1220104116912157,-2.1689669045661457,-1.4357071325297504
1.1288858709448084,1.128935963986363,0.034980627167014694,0.9443374962533375,-0.1836611183880071
0.9023523640540222,0.9038323622214255,0.9657877929280436,0.24656766536468275,-0.18572123065855134
0.7886722041137494,0.7879543219985446,-0.46590220193981957,-0.5494954915849111,-0.06732041317087674
0.26316290280772786,0.2672958436539397,2.6922834023018445,0.9443032720992924,-0.0905801333174304
-1.6953030001181737,-1.6970202738392253,-1.1219771274881818,-2.1689669045661457,-1.4357071325297504
1.2485272124905862,1.2491445977733804,0.40470084021495895,0.2372586954644112,-0.1860520516071059
0.13274151192410708,0.13278415417328004,0.028049370448513633,-0.6134059879774337,-0.05815667289591554
0.2954762308093393,0.29364260690827365,-1.1936004468975598,-2.1689669045661457,-1.4357071325297504
0.9696716932790522,0.9692824027541653,-0.25151679313954467,-0.5359707281636271,-0.20188333772702557
-0.57290961063379,-0.573842400832261,-0.6087104320928624,-0.5411276859208801,-0.19772100870157558
0.26931087871824916,0.2702415367187528,0.6066882405117258,0.9458340251711284,-0.08776214032837945
-1.4732175636242608,-1.4735238087296505,-0.20252787459851382,0.9501182670002305,-0.163026913587709
-0.2872676892089942,-0.2871006954212849,0.10816159013811938,0.9442737148753444,0.10302831562936873
0.02554262748503083,0.027704064265232642,1.4077708677758507,0.9489001982448978,-0.16234722691158782
-1.7172326823218849,-1.7155126086398282,1.1166797988986346,-0.3508071652759895,-0.28185779830850455
0.08526360659043786,0.08497746129107496,-0.18618504520752577,0.23160082054340705,-0.2053840248553665
0.7369452035331978,0.7357617147117211,-0.7692541426900178,-0.5569143547958725,-0.031281982020611096
0.4365776411466479,0.4383710727828046,1.1689512826822297,0.9435145609128887,-0.18407013337894718
0.435257626654115,0.4393864571775983,2.6899655075446383,0.9690488911172769,-0.1838235213991157
0.35651399160861025,0.35712447024974303,0.39834127182496365,0.2355708224126407,-0.06717004001244287
1.343470013879503,1.3429640977010295,-0.32669366548743256,-0.5430349046872124,0.08926014924316204
-0.4937263912983631,-0.4940110579247402,-0.18643017693459132,0.9456240133167603,0.062490719578761345
-1.7115280404757645,-1.712473006792313,-0.6190165355782189,0.24597807652908715,3.184583346930672
0.8264805956529826,0.8268692809682318,0.2548706431763482,0.944645513639743,-0.07144063771196521
-1.336086795975005,-1.336148709518826,-0.04311154138480915,0.23731469862557583,-0.0717654437341824
1.3747019425416285,1.3750888768684004,0.25487421444276803,0.9416664565944525,-0.06347687524130656
1.5714399412385862,1.571515140183418,0.052255271392296895,-0.5432231375344606,-0.20232543481282123
-1.6693799083311636,-1.6635951961044542,3.7640294545210558,0.9669518838603305,-0.18407013337894718
-1.3936635866532519,-1.393706047963617,-0.030562682587722118,0.9448508585640141,1.44835681487399
-1.609236014718834,-1.610623661206474,-0.907115311747485,-0.5751807191957705,0.009002987123827438
0.36317965441756467,0.3615658375349114,-1.0503015247384155,-2.1689669045661457,-1.4357071325297504
-0.6991573601731065,-0.6983463675631763,0.5267307280834324,0.24646810418927867,-0.08981924513575491
1.7479702208069263,1.7531736270824747,3.392562892193755,0.9446237346326238,-0.06875497310233604
1.5189011153607004,1.5176222426312116,-0.8297448247138054,0.23087277944826565,0.07999114775729711
-1.4027548183693195,-1.401679633147353,0.6973279822047251,0.23754026691360056,-0.03417215412571039
-0.4370178543644792,-0.4377489963573848,-0.4770958365558628,0.9442799374488066,-0.16649752608436308
0.24377694951979664,0.24205351134416236,-1.1219457003436861,-2.1689669045661457,-1.4357071325297504
-1.1887150522785104,-1.1889764980469075,-0.17275694061784652,0.9453719990915189,-0.07053839876136181
1.5760734381589099,1.575125054669286,-0.614381888869061,0.15200166080793004,0.0907548584379948
0.16219689587629466,0.160473222941522,-1.1222688285293636,-2.1689669045661457,-1.4357071325297504
1.648324019340471,1.6489306034313065,0.3985004074566369,0.2222482926288964,-0.04100210298177765
-0.4395727823756689,-0.44084508196305744,-0.8295505478205599,-0.5422041911299355,0.0671763471955613
-1.433628831759311,-1.4352451920831228,-1.0557074221436265,-0.6505500846199445,1.4997874425215485
-0.028779382195194443,-0.027065120050119965,1.116418096495381,0.09782326931114574,-0.18490320067667101
-0.24082422329927966,-0.24209697323110757,-0.8294291247622816,0.22090110547421132,-0.03783223680199129
1.0632573954410205,1.0633182143623077,0.04182931620588657,0.24610252799834223,-0.037423221811051045
-0.5671510089714173,-0.5688719536003636,-1.1220138401069788,-1.390743865734252,0.06880037730664725
0.7117709583353183,0.7127097231491498,0.6128913874325269,0.9467051854559133,0.0768934606935591
-1.1908540229129072,-1.1908139224510987,0.02363199958834543,0.9669083258460913,-0.04209982703834504
1.7716031560358727,1.7724270401774576,0.5402825413418986,0.9933853759300857,-0.03804877415013614
-0.7614684729694883,-0.7628498082418348,-0.9012358644149884,-0.5461337462716611,0.06528465286246302
-0.2645325523326413,-0.26615969181504145,-1.0602882141551717,-2.1689669045661457,-1.4357071325297504
0.2802829228262985,0.2833306941100049,1.9855613477883391,0.24647121547601014,-0.18466561108634547
-1.615917483564187,-1.6157104254295698,0.13148253126303835,-0.5413236969849565,-0.19537518743000692
0.4528166742869163,0.4518542065915299,-0.6258986516707815,0.943726128410622,1.6942800856399391
-0.7202818072598762,-0.7192287495465719,0.6843407147419247,0.9454871167005799,-0.06025287472448394
1.3330460154546995,1.3340501668002573,0.6567732521423684,0.9422047091989805,-0.18378743184109153
1.421875068811369,1.4207064686885567,-0.7581280764346401,0.9444712815827866,0.20547754847037658
-0.9426557090176358,-0.9440457359715145,-0.9072747330804718,-0.6101220248324685,1.5758040815730479
-0.4672204712481677,-0.46660365716131796,0.40074859109332545,0.9688326566894465,-0.039603632608342515
0.7851356555070923,0.7835051636913529,-1.0602812144729885,-2.1689669045661457,-1.4357071325297504
-0.5466626480877201,-0.5464857503928112,0.11407060755657338,0.9507654146403562,-0.060123553808230756
-0.9856265352344163,-0.9863556374487956,-0.4769121306112205,0.2346794387641021,-0.1572315320616669
-0.18731204229746704,-0.18450682831279136,1.82661099341711,0.9493886702617235,-0.06576856217583896
-0.6839378539967407,-0.6833426177793762,0.3862429639994179,0.9441803762734032,-0.17395904220585265
-1.5862220337682411,-1.588049626615371,-1.193599018390992,-2.1689669045661457,-1.4357071325297504
1.7906832335780556,1.790723549687,0.029993996439506246,0.9504387295335619,-0.049200447579593236
1.6224283720160062,1.621030377589946,-0.9071113119290948,-0.6750110209020083,0.1047395621723465
-0.4923811164947976,-0.49046539518880905,1.246658611564639,0.9678961593833025,-0.1837242751145493
1.176317913264102,1.1764518853371277,0.08970899939687997,0.9433963320170965,-0.18645505167170878
-0.008147475970070628,-0.008209668920911042,-0.04052251608100014,0.24628764955885896,-0.08992149888349006
-1.6628474873186012,-1.6632272076728047,-0.2507771124386441,-0.6746267769906836,0.0657718618957888
1.5933798197318505,1.5976936931644508,2.812898354414733,0.9430945372041531,-0.13540937930974115
0.22022812912843406,0.22030962099580464,0.05353421332261039,0.23065187809033794,-0.08079685562972164
-1.6413070291176295,-1.6411438993366974,0.10281954697649728,0.23737536871683781,-0.06082730018970139
0.985343750253171,0.9857279022086584,0.2522496193254163,0.9680921704473796,0.058632144333347846
-0.8776627490037014,-0.8792801056107696,-1.0551961596429462,-1.3915605785012375,-0.025155779546014473
0.11867539150122769,0.12018402515966914,0.9828024489579532,0.23334158546961106,-0.06939857022043305
0.9699613594094921,0.9685761934688052,-0.9001177723242295,0.24840332453619346,3.2376981539526897
-0.9166593582270418,-0.9184889487042659,-1.1935028798989666,-2.1689669045661457,-1.4357071325297504
-1.3150928130089132,-1.3109621378175311,2.6875144759752967,0.9445350629607797,-0.08718169993682465
1.2037550172935276,1.2039139432313206,0.10601840173417729,0.9462789391737149,-0.07054441368769918
0.8516111823862812,0.8513419944916516,-0.1735417621262953,0.2328873376068305,-0.06515804715259735
1.3176196141115757,1.318984487592502,0.8916750151226449,0.24178872894529205,-0.08001792266903424
0.8990556966099046,0.8985774886194319,-0.309575014179374,-0.47486661240280403,-0.05550709784431037
-1.3082001811498316,-1.3094874364731053,-0.8411035946891073,0.23125702335959017,3.2045498949075233
0.3724140772468308,0.37058131689880286,-1.1928774797235047,-2.1689669045661457,-1.4357071325297504
-1.1777497909281813,-1.179020027680464,-0.8297473960256279,0.23232730599518292,1.5824024557651268
0.7155689839629144,0.7185899637371492,1.9690206702376858,0.9502038273853435,-0.29418238237374594
-1.2155975461066517,-1.209055058918272,4.258506003073123,0.9453082177135258,-0.1613788237712736
1.6897420842560906,1.6893524810833587,-0.2502178521172794,-0.49757278296837293,-0.0314744596634065
1.3580656772086344,1.358253789245009,0.12534895261209777,-0.5428840072807408,-0.20594040554157184
0.4581402170072283,0.45720383451519936,-0.6088985664078654,0.2347867781563343,1.5814611197933308
0.02635053455755868,0.025854429664115056,-0.32305211654433513,0.23261976694793224,-0.059690479111941225
-0.4770150804671001,-0.47830464397787287,-0.8408724623264079,-0.47586222415684376,-0.03905025938530575
1.0951662029218672,1.0939991143290504,-0.7578253758928849,-0.5421077412412628,0.07525740072979842
-0.47916378327530407,-0.47634997150260117,1.8316016239630086,0.10074632319527173,-0.17296657936018897
-0.2215995899330411,-0.22275334737865077,-0.7518906453562073,-0.5460326294528914,-0.0644362559921148
-0.640957160933626,-0.6407988821149603,0.10174759564788413,-0.35150876043391466,-0.3036408540392375
-1.0795017357345056,-1.0811109088482656,-1.0502875253740493,-0.6095246577800444,1.5791002612059186
0.6982279099572802,0.7014737533773919,2.1154354509229103,0.22061486709492498,-0.28351791797761466
-0.037088204252376154,-0.035577553952266104,0.9837908326523394,0.9436732365361888,-0.08885384945860948
-0.3016128706297777,-0.3016786506405764,-0.04347109648796989,-0.6178053474155969,0.06310424206517155
1.5017016558784808,1.5026483766732506,0.6197213630353581,0.9460393700953987,-0.20049990466943376
0.9179771296953628,0.9185966865134134,0.40542537874623874,0.9448244126267972,-0.042674252503562486
0.5344360722680559,0.5357893530601492,0.8824905749944671,0.9440388127271253,-0.16874109360819678
-1.4428466914030502,-1.4393859804620934,2.25090829984937,0.9685930876111304,-0.1835979616614649
0.22682263154413465,0.22634527954333436,-0.31042026151564844,-0.5462488638807218,-0.07186168255558018
-0.8920420071800046,-0.8925447372337529,-0.3292834050445255,-0.5452905875674586,1.4456230308536622
-0.193851337311677,-0.19116384987383112,1.7499234753735817,0.9430852033439591,-0.1862595665657446
1.4317550490072417,1.43012045506734,-1.0616035830029686,-2.1689669045661457,-1.4357071325297504
-0.795593233323095,-0.7956560336984103,-0.0425612806548228,0.9478796961970067,-0.06766627143527461
-0.06948940585884143,-0.06841879415380432,0.6971314197009709,0.9444619477225926,-0.052947746687765626
1.4929293925344012,1.4935467233987512,0.4051753900968421,0.9482468280313091,-0.06861362233340813
-0.136750765579549,-0.13626913076678024,0.31339755722113205,0.09512267242831267,-0.07550973537918619
-1.4587290665072237,-1.4580945207847298,0.41022801782779134,0.9437774646416899,-0.06782265952004583
0.45764850348234776,0.4582621529883409,0.4006174541903847,0.09672809638170196,-0.039997610283439275
0.7252045521649761,0.7252665384143832,0.0418841708580971,0.2368822297699148,-0.06824671182682941
0.8861267450871028,0.8857385614140006,-0.2509702465266351,0.22204917027808826,-0.1365822899455255
-1.1478048389994253,-1.1494116330367685,-1.0488805892552446,-1.3980693903432724,0.054638233245343795
1.0549193115001816,1.0545200795305378,-0.25781365009120544,0.9434912262624036,-0.04044572229557229
0.014682030157555783,0.013840475424543565,-0.5480637571518512,0.24680101186953562,-0.08812002844545204
-1.5241274493917243,-1.5246345641428936,-0.33345807263879346,0.9489173103219201,0.06978381776280478
-1.1721486319785948,-1.173867210742317,-1.1217354241768793,-2.1689669045661457,-1.4357071325297504
-1.4898230025473131,-1.4901193594387143,-0.1961224511476865,0.9437121276203309,-0.040758498465114756
0.9801981588536872,0.9807069525020856,0.33341650541416257,0.9450002003271203,0.07710398311536658
-1.1562599059900018,-1.1565510107846344,-0.1920057809200785,0.23159148668321303,-0.18562499183715372
-0.8536180257629054,-0.8547890981771873,-0.7644865020193807,0.9448710819277681,4.584151444422397
-0.014535160644749674,-0.013465136264539325,0.6968635747194744,0.943962586202207,-0.06915797316693877
0.9607216231568075,0.9590884192835404,-1.06168115090961,-0.7325262674181915,1.3413061633849055
-1.5635781085768652,-1.5642952873910916,-0.47035257130170793,0.9450484252714564,-0.04071338651758463
-0.10041448843114442,-0.09682803928297963,2.335601311550521,0.23749982018609256,-0.1977661206491057
-0.6725348518786288,-0.6697195272012181,1.8321834546881475,0.2369553450081023,-0.1639953167280232
0.9884015924200048,0.990200747231916,1.173830204014512,0.9428020762514039,-0.08899820769070599
0.10117015343926923,0.10309807851511592,1.2558453373033258,0.9437105719769657,-0.1840821632316219
0.09633905024720259,0.09471784874412006,-1.0556678525116934,-1.446445232086044,-0.03888484891102856
-0.9836385184658127,-0.9841506229265159,-0.3355799762948727,-0.5013032157592905,-0.040448729758740885
0.39496781176400414,0.3940128038998198,-0.6211608667874153,-0.4814594289865859,-0.3040498690301778
0.6989871642762189,0.7013616664937566,1.5479430747589984,0.164977282121126,-0.08842378222548855
-1.6070748294781554,-1.603809801048826,2.123119959154708,0.9483277214863244,-0.31259407189239125
0.32661089190947773,0.3287642510275713,1.4031382209758883,-0.4898334572240794,-0.06743168930811784
-0.04701966817628822,-0.0484122657456238,-0.9070800276352559,-0.7843540817894228,0.20458433190927933
1.3488637698986485,1.3508049317304762,1.267069827661237,0.267382173597576,-0.16430809289756565
1.0086121874870275,1.0073284218280156,-0.8339963459614308,-0.5008256332460244,-0.13563493904739196
-0.4185197253273256,-0.41979195506345873,-0.8294611233094044,0.947268328354292,0.20216031659532513
1.6703419383700548,1.6720489275812327,1.115226864868341,0.9460984845432948,-0.07008126435972284
0.842818523392386,0.8443339781873249,0.9887560357813281,0.9462027126487959,-0.055669500855419135
-1.2492428066808068,-1.2490726597115271,0.10820787375092208,0.9440185893633712,0.056238203651080294
1.7641575412319914,1.7667541555755661,1.694824691390639,0.9435441181368367,-0.08765387165430694
1.213426853202049,1.2144930588475498,0.696938857015607,0.23681222581845912,-0.07064365997226556
-0.7759791173565436,-0.7764626027653823,-0.3165074137031296,0.2367904468113392,0.06349220481393113
1.3007067735196907,1.3013249038389783,0.4052949560965822,0.24645877032908464,-0.08889294647980224
1.0066388133947481,1.005811346369185,-0.5368186962993606,-0.5989805070474173,-0.08607796095391988
-0.8492824062684804,-0.8458344401534905,2.243846334779899,0.9476696843426393,-0.3016108164003801
1.105717213551652,1.1044398822222574,-0.8296031168622616,0.2311870194081345,3.2044145590649333
0.7847826974561213,0.7861652962013657,0.9021073985886112,0.948036816176941,-0.06643621899928542
0.7152536960551144,0.7145459894610499,-0.45942821017372915,-0.4798415598862714,-0.06398212905364442
-1.0007598634953585,-1.0012650465779767,-0.331107893633151,0.9425096152986553,-0.18587461128015398
-1.677733921356101,-1.6773334337373935,0.25733181714232267,-0.42127936538498056,-0.16441636157163816
-0.3574485589418089,-0.3577236488641275,-0.17990861589978718,0.9445646201847278,-0.05582889640335897
-1.009421862281866,-1.0057103112385097,2.4151818410955244,0.9756525972046186,-0.8320972447234497
-1.5273273230404012,-1.528074787401075,-0.4900015362936314,-0.4832748647943426,-0.1679441158684971
-0.43789867410847216,-0.43727546952760254,0.40497182791090486,-0.5448892315791116,-0.07011434645457824
-0.805810080615603,-0.8069709342592344,-0.7577313801607117,0.9470552052131928,1.7137894992151514
1.1872922092986005,1.1883529007933555,0.6932930225528058,0.9442830487355384,-0.09022826012669517
-1.2534210249170186,-1.252346264853972,0.697362694914327,0.9467160749594732,-0.05654166517433555
-0.15009241996617426,-0.15169489903234495,-1.04398838281188,-1.3218926460123066,0.07382885572467648
0.4573788807475228,0.455654288166405,-1.1222518293012045,-2.1689669045661457,-1.4357071325297504
-0.32071030710981635,-0.32098522280376346,-0.17971848167558896,-0.609655331822762,-0.05855365803418107
0.5656457900526174,0.5701911678075293,2.9615297487414938,0.9440030329297143,-0.18579340977459968
-1.5751327271759266,-1.5756405674763492,-0.3340370463507963,0.16262670499557275,-0.03101431779859876
-0.305359258555207,-0.30619286456290307,-0.5435546761700188,0.9686475351289294,0.05636451710416472
0.9430542371783829,0.9430935677560044,0.02758339160603802,0.9432220999601394,-0.06216562129976308
1.223538462468439,1.224055563982639,0.33933509382662197,0.9461669328513856,-0.06460768139272935
1.453454805067966,1.4540733149986214,0.40586093039881627,0.9492657744358343,0.07139281055804757
0.6195210652967907,0.6188038988466296,-0.46578906421963556,0.943761908208033,0.05637353949367085
1.3997610828670553,1.3996892428693282,-0.043867649911241556,0.9437152389070627,-0.06643922646245419
1.7230964010654857,1.7222658248128349,-0.5373486722360816,0.23699268044887847,-0.15725559176701637
0.7978873189822296,0.7962531749491799,-1.0626332505371694,-0.7250638461929906,1.3557329642050526
-1.2292026004361187,-1.227721909015095,0.9617914029534599,0.23425319248190365,-0.31314744511542797
1.7286725225497859,1.7292732151331842,0.3948310026354636,0.9457484647860153,-0.19232561977696763
1.2713004956893565,1.2722381650685495,0.6133455096704881,0.2463560978669491,-0.18367916316701918
-0.5433081069892712,-0.5422517182568636,0.6868794566145409,0.2965738213546942,-0.13656123770334463
0.7566947864635535,0.7558666098999186,-0.5378023659220724,0.9423540509620862,0.20276180922906062
-1.5903907347802828,-1.5921082060144822,-1.1218868458730853,-2.1689669045661457,-1.4357071325297504
-1.5721546069779777,-1.5728742870344006,-0.4719994965239334,-0.61697463385832,-0.06754597290852754
1.5791456016742949,1.585459318210108,4.11534221763531,0.9509956498584783,-0.16178783876221367
-0.1700771360847982,-0.16926466022653586,0.5288007769510937,0.24697524392649275,-0.08858919269976574
0.45059573809196646,0.45031891749938835,-0.17934964127973618,-0.5403031949370658,0.07912199090154928
-0.1261994187071184,-0.12404995862512615,1.3996539506059253,0.9466911846656222,-0.053380821384055324
0.22865201723553202,0.22972161471010555,0.6970929928742923,0.9451977670345625,-0.06956398069471025
1.2941238845257912,1.2931763749964758,-0.614401030857072,0.17094628571526752,0.10641471915730011
-0.10297479237661553,-0.10425828199927754,-0.8361361059496097,0.24609319413814817,-0.08660125954526984
-0.5637778519184103,-0.5627042499400381,0.6980475209630171,0.9450017559704854,-0.04104420746613918
-1.269418708218454,-1.2699100866577921,-0.3226777049728672,-0.5412350253131124,0.07208753455001207
0.7594135315409394,0.7612151516733933,1.1749580099499333,0.23739714772395737,-0.09384022339227718
0.4291098773180574,0.4305948802627646,0.9680598326244176,0.9429000817834428,-0.1827107600267048
0.0405835002044759,0.04141272711627977,0.5401501187830469,0.9426200659776186,-0.28112698475851583
0.8523230117965964,0.8531531944661759,0.5424664421830282,0.9424613903543184,-0.18550770077357526
-1.4292727139656525,-1.4296349852784636,-0.23892536484673182,0.2301307375628328,-0.19042189559119463
-1.4121270307151486,-1.4097460563170925,1.547753083385457,0.9447684094656329,-0.05333871689969379
-1.3895966675842413,-1.3912047157883667,-1.0502019578306272,-2.1689669045661457,-1.4357071325297504
-0.6462846808802264,-0.646640094773403,-0.23282535610013896,0.2342516368385381,0.19755288302091087
0.3717231959946319,0.3701010948479604,-1.0556791377135804,-1.3203634485838363,-0.17309289281327342
-1.4279239521525722,-1.4286416024438502,-0.4703765702120501,0.24492023904042023,-0.1859197232276841
1.5821876461395121,1.5816800322879476,-0.3273012093307949,0.9504045053795168,-0.03438869147385524
-0.12136346862008027,-0.12030285714055587,0.6905101489077217,0.9448399690604542,-0.18983243281013384
-1.4792876999105726,-1.4775970972168768,1.0979822192809865,0.22162603528262165,-0.09046284225385211
-0.2719936494324479,-0.27283775863277854,-0.5503256544515924,-0.5756396339886481,-0.1363206406498505
-0.04721705576967622,-0.047191599183398776,0.016481038559688868,-0.4009066598679424,-0.185005454424406
0.08306549892425308,0.08267923613150321,-0.25139494152929587,-0.5386868814801169,-0.05712812049222772
-0.3418460008879862,-0.34082053582074745,0.6671596376968455,0.9433807755834395,-0.32144804346097855
0.552631260938021,0.5541320697941126,0.9786117820901238,0.9454700046235578,-0.06336860656723405
0.622718066297108,0.625290064946293,1.676410956028049,0.9436141220882928,-0.08733808802159587
0.32391787608427053,0.3222865109266708,-1.0618124306632073,-2.1689669045661457,-1.4357071325297504
-1.0488244288984916,-1.0502142442241689,-0.9073584435653553,0.9484506173122143,4.591071617173525
0.5134041022177471,0.5121184513147676,-0.8362575290078881,0.29560154425113994,-0.1849753797927192
-1.601443705013856,-1.600515413852477,0.6012430591758953,0.949047984364638,-0.06234306162671499
1.5602739550920908,1.558875999909761,-0.9072154500579006,-0.5997505505134323,1.5571006681270405
-1.558085292140293,-1.5554922201389718,1.6855851109089373,0.9460782611795415,-0.05444847080893591
0.3597476731064243,0.35855707801007486,-0.7746694682385774,0.9427600738805306,-0.13745746172761067
-0.09887271127575609,-0.10070523598631705,-1.1937074420395017,-2.1689669045661457,-1.4357071325297504
-0.3557988193833249,-0.35517424511133555,0.40603520820010996,0.24529981602164774,-0.08156977366407184
-1.3501385996553972,-1.347327684919007,1.8278973635815767,0.23692578778415427,-0.1947827171857774
-0.4748211375597949,-0.47299615794086336,1.1875962932581758,0.9435612302138596,-0.08895610320634445
0.8590134681688005,0.8578371540114331,-0.7643266521344236,0.944832190843626,4.58407625784318
0.10936783293541354,0.10764440471359997,-1.122219687903425,-2.1689669045661457,-1.4357071325297504
1.5528026627994127,1.551853211348649,-0.6151259979403223,0.9485999590753197,-0.16400133165436057
-0.12097185955371857,-0.11781446971736143,2.056117287090122,0.9442021552805224,-0.08556669221524466
0.14717043794269175,0.15216316851866615,3.2520119881194365,0.9453159959303546,-0.17461166171345577
-0.08839349908870765,-0.08887046823454331,-0.31082867154343424,0.9439579192721099,0.19867466678282752
-1.3181042049979257,-1.3175877827542215,0.33358906900757473,0.9498040270403619,-0.06358815137854766
0.5187838606288153,0.5198142483221957,0.6721615534446314,0.9488006370694938,-0.46951147018132194
-0.47214188509142807,-0.4706540810025368,0.9680035494656392,0.2329946769990627,-0.169288451904896
0.7366077102312432,0.7369809705069729,0.24463696497398812,0.10040874858491743,-0.17451843035522677
-0.3720272728340761,-0.37241204594959487,-0.251374371034717,0.9463909454960441,-0.05978671793333885
0.696710017215913,0.6954242216299523,-0.8359692563824695,0.28757598012756036,-0.16053071915770645
0.24045122790355852,0.24006387698382226,-0.2517752099776924,-0.546860231723437,-0.053278567636320176
-0.018510114389036554,-0.018886458874474335,-0.24514722520357365,0.9431583185821463,0.06900187733894877
1.3990226372083052,1.4018348718226517,1.8344936355098866,0.22016373051887553,-0.08844784193083799
-0.8093885031661837,-0.810998632513255,-1.0503466655459637,-2.1689669045661457,-1.4357071325297504
-0.9965443471104491,-0.9973653144514593,-0.5367655558550317,0.9431256500714671,0.05511942735233222
0.21076441776699084,0.20904080614744516,-1.1221275492297902,-2.1689669045661457,-1.4357071325297504
1.7002751968192367,1.6989858154061936,-0.8362105311418015,0.9460160354449136,4.586364937314543
-0.3504120323384725,-0.3515652834195801,-0.7518296481257545,0.23679511374143625,1.711242177911282
0.24629676199844688,0.24930952017189342,1.9626868149659142,0.24483312301194168,-0.07867358663263518
0.476982111708338,0.4761358901594509,-0.550138520091187,0.2207035387667691,-0.03584129618432663
-1.6501279671489346,-1.651725685364602,-1.0440178100471802,-0.5407543315131152,1.7120511855036558
-0.061354707483600404,-0.061216671053323145,0.08977342504309617,0.9497200222986149,-0.04968765661291902
-0.9997499987369626,-1.0010309807723832,-0.8363742379944922,-0.5495748293965608,-0.06488136054107906
1.6280648998316325,1.6267757293783018,-0.8362238162528838,-0.42516536251246706,-0.1857783724587562
-1.4143121975358577,-1.4150508314140493,-0.4840145224165658,-0.4248729015597178,-0.4258731796038076
1.313187622166865,1.3135681055183364,0.25054441103521724,0.9463147189711258,-0.06145585999195508
0.3126218682185434,0.3113466385948795,-0.8298892467278283,0.23220752145602522,3.206387454903586
-0.19126517536358154,-0.18932588941328374,1.2626343147676562,0.9445521750378019,-0.06399115144315039
0.49948507687600935,0.49876917060269355,-0.4652188043976974,-0.5402238571254157,-0.19535112772465746
0.05626409067917202,0.061273610284652794,3.26275678597182,0.9495006765840527,-0.15645560656414811
-0.3592460469844628,-0.35818371001965854,0.6911375489923789,-0.4006530899993355,-0.040761505928283356
-0.3110683529295165,-0.31089798890279313,0.11030692130191334,0.24623009075432845,-0.18358593180879015
-0.25940792598017415,-0.2599035950058877,-0.3233645309307525,0.9425345055925063,-0.19917361341204695
-0.5293450713674248,-0.5311758806260032,-1.19348845198263,-2.1689669045661457,-1.4357071325297504
0.3883893193675203,0.38767533465701876,-0.46419913640947247,0.23847831986310972,-0.1661727200621459
0.4413630815784391,0.44054557376656167,-0.5315119372499676,0.0989044414502981,0.19773333081103137
0.9576514240178987,0.9558159073100315,-1.1934514536625196,-2.1689669045661457,-1.4357071325297504
-0.8779715596893363,-0.8760305161878825,1.262346042142237,0.15901916803054442,-0.20789224913804374
0.6854301606220213,0.6873663396101977,1.2624401807250674,0.9471143196610888,-0.07773525812400779
-0.9239336000463232,-0.9220866268922638,1.2009832568586973,0.9683768531833,-0.18265662568966873
-1.7163532281660943,-1.7163950881260341,-0.03084438408292804,0.9446392910662809,0.07475816184379792
1.6827201933103149,1.681862905877335,-0.5548295928097801,-0.4270663587053368,-0.15897886816266868
0.2989615705164218,0.2981090749665159,-0.5545961748365721,0.9483712795005642,3.2078911864879243
1.70706634700677,1.7062298511388483,-0.5412374956660967,0.22168514973051773,-0.04072842383342795
-0.8198455472462595,-0.8200989745991714,-0.16676492696779288,0.2347354419252667,-0.06239118103741388
-0.04853569940993405,-0.049931771882252535,-0.909346353305358,0.9438381347329519,4.582154488878395
0.7786384324975419,0.7781403623459736,-0.3227622725616917,0.9482094925905322,-0.06756401768753963
1.364659925852162,1.3634917316693032,-0.75798308301799,0.9450935389290613,0.08004227463116477
-0.5765943360885362,-0.5782225714939182,-1.0616531521808776,-2.1689669045661457,-1.4357071325297504
-0.5271443053445082,-0.5263021849863132,0.5473627912954403,0.23561749171361127,-0.3156646917876112
-0.6876298837910808,-0.6885892224269402,-0.6262404932924993,-0.5449856814677838,0.06626207839228335
0.529289887125035,0.5293406247064982,0.03414923634444969,0.09412239374417594,-0.07078200327802471
1.7136530366611853,1.71469489406201,0.6821249582043292,0.24573228487730878,-0.040331438695162425
-1.3857489212542997,-1.3874673065273315,-1.1220551239467935,-2.1689669045661457,-1.4357071325297504
0.5322789098756289,0.5305544205791345,-1.1220282680233156,-1.3964110745154499,0.05784418898315415
-1.2793575707965963,-1.2787321426754494,0.4046641275961616,0.23499212308060505,-0.06128744205450913
-1.5790749701915685,-1.5806823439813007,-1.0501581026789903,-0.609113967931503,1.5798942314824496
0.1059440188331234,0.1046521605060492,-0.8411505925551938,-0.48878806488233767,-0.16213068956344295
-1.5834658091509843,-1.584203090405449,-0.48348654638904,0.9458558041782482,1.4719744231376166
0.43676837078470654,0.43857232772815957,1.1758066857019709,0.9473243315154563,-0.05222595552728308
0.07614227556447555,0.08103407961328271,3.186131550814656,0.9423524953187203,-0.2820262162459505
1.5676998436607397,1.566869799726045,-0.5373262446829643,0.1682176872518523,0.06760942189185083
-1.0670140885373929,-1.0655082226836474,0.9785256431440745,0.10120212670141786,-0.05187708979971645
-1.097484504593376,-1.098745371211163,-0.8234772521467882,-0.5448207832710211,0.2042745632029056
-0.912830119280158,-0.912432852898492,0.2568299827849909,0.9494353395626937,0.07116424335722815
0.9522145052343548,0.9509274247180665,-0.8362729568788224,0.09630185009950354,0.200725756663866
-0.3264342698575683,-0.3262919335379307,0.09202075157584405,0.24695657620610464,-0.4245950077571195
-0.6527987210668134,-0.6526117193713077,0.1204297473945981,-0.5408787829823699,-0.062216748173630564
-0.2170411139453136,-0.217983709840716,-0.6143541758416421,0.24568250428960672,0.2003859133258053
0.7662601347866912,0.7672945075873723,0.6752734121523215,0.2962642483249227,-0.3295110522162036
-1.025250981858852,-1.0224404921504726,1.828298488225866,0.9472854404313141,-0.19342033637036643
1.5889717354508155,1.5926402962561659,2.39260486619121,0.943797688005444,-0.3299290895966498
0.12399462053326889,0.12303344763537988,-0.6257415159483036,0.2218391584237205,-0.040054752083644125
0.8496900412750604,0.8492949604274324,-0.25553832482972505,0.3207454079707403,-0.1837332975040553
-1.0674559306758464,-1.066381595572534,0.6974739755759729,0.2318123880411407,-0.0575010459251438
-0.31816267225206585,-0.31633874925836436,1.1872350239471334,0.9438490242365118,-0.16239835378545528
-0.1222926314147164,-0.11918377216113482,2.0245071509031787,0.2456965050798978,-0.13665747652474242
-0.737350658736763,-0.7365257600465871,0.5357078919085959,0.944827523913529,-0.08513061005578636
-0.6815960742127105,-0.6809961611465658,0.3892938254766552,-0.4752664127477855,-0.08989743917814062
-0.6120583671320802,-0.613442052478275,-0.9024546662187899,-0.549837733125362,0.0560727931768031
1.437456517056175,1.435619261508984,-1.1935827334161169,-2.1689669045661457,-1.4357071325297504
0.051119033144398696,0.04973664574628357,-0.9002254817194554,0.24677923286241607,3.23455836240459
0.5447477288005835,0.5457056744724712,0.6250351217669342,0.9451090953627184,-0.06764822665626252
0.2928385969773685,0.292561847764958,-0.17963234272953957,0.9441648198397462,-0.07649317583534389
-1.5262590862954546,-1.523454753014955,1.8232434320337512,0.9688715477735886,-0.08806890157158455
-0.6076697836084954,-0.6067083491960397,0.6249025563574256,0.22118578821013213,0.05665022610518914
0.39847639564226095,0.39806352801155875,-0.2680641846710676,0.9434274448844104,1.3411287230579534
-1.643937404670643,-1.6457638593680282,-1.1929781894365472,-2.1689669045661457,-1.4357071325297504
-0.11175602679731898,-0.11338358799281513,-1.0602440733022211,-2.1689669045661457,-1.4357071325297504
-0.795762717382928,-0.7960262988342235,-0.17332791469306857,0.23392028480164673,-0.18579641723776827
0.9781101749311287,0.977711277884793,-0.2577557955752021,0.09784504831826529,-0.18518289475135807
-1.6654787660987616,-1.666188794676975,-0.4659083445180619,0.23255598556993912,-0.06253253180634163
0.850199750032589,0.8525610197651232,1.5396404517352353,0.24067644393882576,-0.1699500938020051
-0.06728863676521558,-0.06801311617880314,-0.4719850686075968,-0.6063978146150135,0.06628012317129527
-0.20350978843792214,-0.20346278101600826,0.03019070179391721,0.2215358079674116,-0.33110200023243413
-0.2576388676590124,-0.25880923749024537,-0.7627852935475721,0.23583217049807606,0.07307698993250712
-0.9575683151474337,-0.9565145816250812,0.6842857172390575,0.1710162896667232,-0.06807829388938345
0.47652515268834145,0.4768860801929345,0.2360620685983679,0.24744349257956438,-0.08833055086725952
1.3307426072515327,1.3315419711734948,0.5233928796366875,0.1805368270647284,-0.15717439026146207
0.5195242169266319,0.5192123368724683,-0.20203961105357787,-0.5437847247894734,-0.04945006702259349
-0.029577179177360167,-0.026782958978733604,1.819780017859681,0.9462042682921618,-0.16886139213494383
-1.246197419529402,-1.2462572586095693,-0.04157289696043668,0.9482048256604352,-0.06752492066634685
-0.4005366105750091,-0.4019284540683239,-0.9073265878688895,0.9461000401866607,4.5865273403256515
-1.6355764031504758,-1.6363143945686942,-0.4840578061655756,0.9428300778319867,-0.18212731217198141
1.332168515366576,1.3304413371485697,-1.1221104071509744,-2.1689669045661457,-1.4357071325297504
0.5892369006883227,0.5902857298733896,0.6843192871434051,0.9437650194947648,-0.0882072448773437
0.5549996762720857,0.5533872955967765,-1.0489658710973533,-2.1689669045661457,-1.4357071325297504
1.3399709853899437,1.340147701253841,0.11788900561278673,0.23724780596085124,-0.06530842031103122
-0.961871827088215,-0.9635913690906444,-1.1219239870438529,-2.1689669045661457,-1.4357071325297504
0.3551831732647962,0.3583082978523107,2.036096910390523,0.23587572851231517,-0.06975345087433706
-0.7029904715034966,-0.6986433908189692,2.829734018571674,0.2830739482272616,-0.31173393742614935
-0.9100801819397751,-0.9101500516419552,-0.04740434647224899,0.12198707771036305,-0.03899011012193214
-1.63018546845498,-1.630426140332975,-0.16014837024621803,0.23187461377576826,-0.05395825431244136
-1.6988118915060129,-1.6977554779829895,0.6844844225026636,0.9481410442824422,-0.06402122607483719
-1.3393604254241303,-1.340749565852733,-0.9075251502818389,0.16457903741951005,0.07342284819690499
0.6986129525315765,0.6978967780631241,-0.46497795819033577,-0.5370985696037505,-0.06367536781043932
1.470999147732916,1.4711472580604408,0.09953198196094556,0.9478516946164246,-0.05978671793333885
1.5628899252907265,1.5611623888397086,-1.1218622755601162,-2.1689669045661457,-1.4357071325297504
1.1330831701286697,1.1367319074633633,2.378742781306178,0.9485268438371326,-0.17174554931370575
1.405476030890247,1.4043173753473972,-0.7516855118130452,0.23437142137769584,-0.06845422678546813
0.2855531374190869,0.28956995910051403,2.616703119699159,0.24585829198992942,-0.08923278981786276
0.8506604831734005,0.8530248719182231,1.5416727880295018,0.9428082988248668,-0.14916551584327312
-0.38570395891064274,-0.3862247206225725,-0.33997063408221945,-0.5385966541649072,-0.01608827809245106
-0.9526524553395825,-0.9520479580578551,0.3917138584534721,-0.5507928981518941,-0.08764484926480098
-0.9566659048091143,-0.955592849828937,0.6968714315055985,0.23120879841525405,-0.0659881069871524
-0.9386090314049765,-0.9388508506728744,-0.15945254469695436,0.9433761086533425,0.10533804734291322
-0.6390126914260669,-0.6406386442542739,-1.0602967851945795,-2.1689669045661457,-1.4357071325297504
0.38224900465685696,0.3824047335914353,0.10222200267911062,0.2349952343673365,-0.0672452265916598
-1.0623823344638177,-1.0609070029105498,0.9586486885039014,-0.4752804135380766,-0.3293576715946011
-0.38218852866712005,-0.3824812511172169,-0.19144409213754834,0.9691344515023899,0.05629233798811655
0.46529507426292294,0.46941953983739154,2.687185348062034,0.9470147584856847,-0.16210963732126227
0.26877747549199077,0.26738369526302014,-0.9071913082969016,0.16880260915735054,0.06988005658420256
-1.4600338985366408,-1.4612009245979147,-0.7631165642206869,0.9674559123108131,4.6278137947052596
-0.9258937961905171,-0.9274935525287297,-1.043833961251881,-1.3181948817320686,0.2090564296411032
1.1811270554027233,1.1810576925155805,-0.042710559591176755,-0.37574723971468504,-0.1852911634254304
1.4204932740645255,1.421520778431909,0.6721652675617081,0.9457142406319703,-0.05739879217740882
-1.4676688326457605,-1.4661433220887725,0.9904839573259581,0.9488535289439269,-0.07063163011959084
-0.3677014743446854,-0.36765380684730414,0.030277983545221,0.29663449144595616,-0.1844159916433452
0.7254370171263763,0.7238318083621927,-1.0439392421859413,-1.315881640047292,0.06329671970796695
1.2006776919161521,1.1990717373931816,-1.0434332651595624,-1.3116471788058914,0.22171484211806794
-1.3260192026914692,-1.326519647854672,-0.3287008600661027,0.2291942402566892,-0.04611178290536118
-0.4522925591688813,-0.45256661153830985,-0.17943078045279756,-0.5411214633474172,0.06752220545995934
-1.415204365304651,-1.4164641207473447,-0.823416540617649,0.23211573849744963,0.07748292347461985
-0.3123911336922722,-0.3093505782253325,1.9796250458944369,0.9460253693051076,-0.15990516681862152
0.43150177107453375,0.42987074291912464,-1.061368450821879,-2.1689669045661457,-1.4357071325297504
1.3711848194600482,1.3721305790218066,0.6188229752547549,0.2365010971453214,-0.07061659280374752
-0.5111088477151287,-0.5129423439201566,-1.1952003742536987,-2.1689669045661457,-1.4357071325297504
0.21048302610088282,0.20885083053847014,-1.0625899667881595,-2.1689669045661457,-1.4357071325297504
-0.8958367445168316,-0.8967876064034925,-0.6211541528065458,-0.5497055034392788,-0.04196449119575449
-0.5253883161805951,-0.5269894853443164,-1.0439183859900487,-0.5398333906406282,1.7138316036995136
0.014242113134369077,0.013748339970662762,-0.3215587557781676,-0.4253395945694239,-0.1842926856534294
1.6338385091460388,1.6322194297090764,-1.051077489506143,-2.1689669045661457,-1.4357071325297504
-1.412556669416982,-1.41061633481847,1.2607688280405294,0.24507424773362302,-0.28180667143463706
-1.1206120802855557,-1.1167075221486538,2.5406530012862643,0.2469581318494702,-0.18245813312053596
1.2516748893487044,1.2523011061863514,0.4104592930411475,0.9431085379944443,0.06915225049738265
0.4642242142550629,0.4648539531164853,0.41110997778286285,0.9458775831853674,-0.059311538752687784
0.856510856047815,0.8552337425807633,-0.8299812425508063,0.10360870698813573,0.19125525514569952
-1.4345491362162144,-1.433045299925876,0.9764368808403726,0.9453548870144968,-0.06378363648451166
1.3214338267628347,1.319817083788604,-1.0502076718568991,-0.609258642764512,1.5796145374077621
1.4998709245584905,1.5070742538160138,4.694570775209784,0.9689508855852387,-0.1817273195705473
-1.127339274182711,-1.1269519863797233,0.2498834410462125,0.9435005601225976,-0.08651103565020941
0.9958098698139796,0.9946430763039585,-0.7578405180625055,-0.6139846873094693,0.0703702730806971
0.7816244608680948,0.7799939710899375,-1.060287214200574,-2.1689669045661457,-1.4357071325297504
-1.089155758020889,-1.0909840215739917,-1.1929986170804694,-2.1689669045661457,-1.4357071325297504
0.8550026110357546,0.8533797916731681,-1.0551384479775996,-0.6661609657946145,1.4696075496238672
1.6069729452338253,1.6075904303149147,0.4055138033027968,0.2711483861859044,-0.18318593920735604
-1.4499354751144453,-1.4501972490576143,-0.17351576330675808,0.2321950763090997,-0.3150000424273335
0.4515444696383255,0.4552243156962208,2.3975813545220857,0.9485439559141554,-0.18687008158898621
-1.6855795032578307,-1.6845232584680123,0.6844021405243481,0.9459289194164354,-0.06119120323311134
0.6076785543404652,0.6080323120202719,0.2316661253367196,0.9455260077847221,-0.06763018187725044
-1.0696871193104585,-1.0662110695533207,2.261676953761439,0.22102866823019754,-0.18571521573221397
-1.2145927390254732,-1.2144258955037066,0.10612868244122536,0.23546348302040815,-0.06889933133443255
-1.2076969684630228,-1.2090866355767445,-0.9075934328957884,0.16491350074313288,0.07093266869323998
0.5480823087545542,0.5477692102551646,-0.20277357772820653,0.9449364189491272,-0.4249137988529995
-0.6319875942213221,-0.6328271937460229,-0.5481397537012678,0.9689228840046559,1.4522965916249582
1.3552066722292175,1.354507404330044,-0.45259680606432984,0.9487850806358368,0.2003257640624317
-1.1856447491741646,-1.1855972652367155,0.02845163789805701,0.23316735341265393,-0.06924218213566183
-0.45284902912319563,-0.45100992712975585,1.196839873558268,0.9430587574067422,-0.18047019996603988
-0.9941747274004095,-0.9909298225662939,2.1112926390251086,0.2472505928022195,-0.42547619446554225
-0.5284658749318618,-0.5296185952377371,-0.7518555040946351,-0.5435716016483746,1.7014077733497055
-0.869895632931501,-0.8650039558226936,3.184074787058077,0.9457189075620672,-0.1689305637878234
0.5374455435285289,0.5380840015130929,0.4169414272946754,0.2463856550908975,-0.0407524835387774
0.018213592590650245,0.01728067170443866,-0.6075620556628623,0.942366496109012,0.2503037869995187
-0.2519371070153694,-0.2532203435317899,-0.8362820993208575,0.9445195065271228,4.583471757746276
1.0217747708406855,1.0204804829322305,-0.8408218931939014,0.23266954753563426,3.207280671464683
-1.3094866194124273,-1.3110964521770783,-1.051197055505883,-2.1689669045661457,-1.4357071325297504
1.0731303777102,1.076144037358657,1.964999281398162,0.9689851097392838,-0.039014169827281585
-0.9019811939372928,-0.9010431759853613,0.6090375624134275,0.9441897101335973,-0.18589566352233466
-0.6947677933646019,-0.6934096929783918,0.883064548933482,0.943962586202207,-0.23499249975099898
-1.508846339526821,-1.5090984007296488,-0.16731290208727054,-0.5403887553221788,0.06728160840646505
-1.533026193927448,-1.5317320022802996,0.8396923753670962,0.9450204236908742,-0.06953089859985484
1.3382821458345318,1.3388790767299468,0.39156643657565643,0.9530350983108938,-0.07300151109650894
0.06209454496036263,0.0604628403995376,-1.062579824391527,-2.1689669045661457,-1.4357071325297504
1.4732489762297496,1.4737258907027877,0.31368282998275804,0.9448990835083503,-0.0648272262040428
-1.0786244440159276,-1.0797944263797643,-0.7642460843639896,0.9459273637730694,0.07505289323432847
-0.9710875203466871,-0.9719191245593706,-0.543640100862784,0.9432765474779384,1.5506737193355764
-0.5248677825154943,-0.5264976865379376,-1.0626319648812583,-2.1689669045661457,-1.4357071325297504
-1.1229508060300537,-1.123890591998913,-0.614414458818811,0.24588007099704898,0.056890823158683435
0.5221558878802115,0.5236476360172324,0.9726470529155188,0.23589284058933804,-0.0640843828013794
-1.0089257249618597,-1.005451749587596,2.260452723632679,0.9456644600442682,-0.20418705451423272
-1.6241634374586926,-1.6249998664398229,-0.5481451820262262,0.22071287262696312,-0.13558681963669306
1.5258250706459242,1.5258631065230461,0.027956231820281185,0.0189412611672502,-0.08420731886300228
-1.4007032846410752,-1.3998935466673708,0.5244496887956799,0.943751018704473,-0.18188370765531853
0.8975662796506656,0.8961702108657627,-0.9073697287672426,-0.5563014313097918,1.4681970493977574
-0.8704999690992031,-0.8717715319884392,-0.8299699573489192,-0.5432946971292822,-0.07554582493721036
1.070986662391577,1.0715847837356343,0.39178399812596004,0.15576165082279558,0.06570269024290923
0.5741361748038614,0.5737492420905241,-0.2508065396739444,0.9444339461420097,-0.063500934946656
1.2480380441448735,1.2479682653090294,-0.042841839344774174,0.9440294788669312,-0.039347998239004894
0.25151323062793757,0.2506964482100695,-0.5314356549992374,0.23127413543661304,-0.05637625470005836
-0.4950140606959701,-0.4967352862370346,-1.122046267206072,-2.1689669045661457,-1.4357071325297504
1.4959998346980012,1.4947113003490018,-0.8360851082651328,0.9436016769413675,0.07456869166417111
-0.043071965878546115,-0.04113224229501306,1.2632285734999362,0.9450313131944335,-0.21883039268252474
1.7044330461646697,1.7025959617298558,-1.1929141923423017,-2.1689669045661457,-1.4357071325297504
0.2209695191585341,0.22248048429761993,0.9845343703209736,0.23732714377250133,-0.06492947995177795
1.259148564511641,1.2600850956504777,0.6125788301954527,0.23308957124436977,-0.059025829751663365
-0.12167886422203493,-0.12163115851116411,0.03081624482003616,0.23837253611424306,-0.03031057141712813
1.1707898887350445,1.1718579198716903,0.6980388070729524,0.2473968232785938,-0.0897199988511887
-1.5679670502767324,-1.5683364820263561,-0.24387828281923601,-0.5008691912602639,-0.18444305881186326
-0.44228060011540055,-0.4434704039296084,-0.7758277013638966,-0.4889265171418838,-0.1695110041793782
1.2749050004043254,1.2745138096217954,-0.2521174801513807,0.9436421236688749,-0.06986773447474676
0.711490554121521,0.7097655127934069,-1.1220138401069788,-2.1689669045661457,-1.4357071325297504
-1.063273070404827,-1.0648825370029256,-1.050444803947184,-0.6112109751884494,1.5758401711310717
1.4114952877202025,1.416840098393459,3.4839557425493948,0.9478781405536408,-0.16685842166460443
1.5268842819188289,1.527510094713374,0.41077042177165385,0.2340665152780214,-0.06765724904576864
-0.07671535200413435,-0.07854761936020437,-1.1934935946062748,-2.1689669045661457,-1.4357071325297504
0.5095729618439241,0.5101938381338643,0.40543252127907886,0.9463629439154619,-0.07458042926006475
-1.2821696511736358,-1.2802227625248266,1.2653094790175141,0.9695902550085357,-0.08921474503885084
-0.27562045056616263,-0.2733581434558887,1.4728380562914798,0.9449037504384473,-0.06393100217977693
1.3641972138586744,1.363351213619913,-0.5481430392663741,-0.5252367889403864,-0.18586558889064786
-0.26321601936621397,-0.25933072864243084,2.52989348981623,0.17199634498710628,-0.18607310384928658
-0.44669122935626715,-0.446527243586077,0.1058698370511073,0.23290911661395006,-0.05693564284943232
-0.29000785752706093,-0.29039258635847315,-0.2511743801151996,0.23713735528188756,-0.06983465237989135
-0.03343679006923928,-0.03236578062940722,0.6974656902378785,0.9466694056585023,-0.20473140534776352
-0.4272918331619231,-0.42712720525955244,0.10632853051008608,-0.47196067059570057,-0.07276091404301481
-0.48052569540008766,-0.4822470546566928,-1.1221031217674777,-2.1689669045661457,-1.4357071325297504
-1.5960646552785798,-1.5954475965018073,0.3985524050957113,-0.42693879594935025,-0.18474681259189976
-0.37386238254656445,-0.3732652783413864,0.3881065936680062,0.9466274032876284,-0.06720913703363562
-1.5982621161218273,-1.5999798540723074,-1.1220769800972836,-2.1689669045661457,-1.4357071325297504
-0.10281986610993363,-0.10422098923413708,-0.912749055950289,-0.5441207437564618,1.7055430352066376
0.14198663661324565,0.14015451957006897,-1.1929393340578982,-2.1689669045661457,-1.4357071325297504
-0.2913250495992619,-0.28719763169411916,2.687529332443604,0.9443079390293895,-0.18070478209319682
-1.6307740823727745,-1.6321620031139075,-0.9073388730253742,-0.5584497747978058,-0.026803869362449863
0.4734564735504351,0.47317776185932314,-0.18053358752327897,-0.5469069010244075,-0.05603039643566032
1.0248470720993073,1.0235597408866361,-0.8362846706326797,-0.4854418760027447,-0.06748582364515393
0.28906811056562665,0.2892507419271656,0.1195487873941242,0.9450017559704854,-0.039329953459992816
-0.1385347837374173,-0.13453068508910093,2.6075318218314067,0.9671790077917207,-0.3293606790577697
0.5693671604723695,0.5697562517308762,0.2545985126751477,0.9450142011174113,-0.1816130359701376
-0.9968104523480047,-0.9950931198288294,1.1163978117021156,0.9686537577023924,-0.18552574555258733
-1.6847775967895493,-1.679434969642735,3.4760726719046473,0.9482250490241892,-0.3278178504522381
-0.5365656518872454,-0.5383990575372725,-1.1951945173767697,-2.1689669045661457,-1.4357071325297504
-1.3294772867846159,-1.3306369910061397,-0.7580755073929384,0.16722829807127518,0.07013268349037141
-1.5044500726504053,-1.5060478724568325,-1.0437669642938427,-0.5398162785636057,1.713864685794369
-0.421632532309632,-0.4212201559316847,0.2676959179943395,0.1617182092700116,0.0767641397773059
-1.3800339076495352,-1.3789494453835833,0.7034174200027151,0.9470147584856847,-0.05356728410051337
-1.6500814033548763,-1.6494642967519952,0.3984708373706795,0.9440917046015584,-0.08768996121233111
1.3167838451794025,1.3216574924738027,3.1768951130474035,0.94485241420738,-0.1843949394011644
0.65037362057162,0.6485396395559139,-1.1930924699619858,-2.1689669045661457,-1.4357071325297504
0.6999812572146888,0.7004997021299548,0.33911753227631863,0.24588784921387746,-0.04085172982334378
-0.554401530525138,-0.5524416843755168,1.2752671697509403,0.9459958120811596,-0.2017660466634471
1.2488679390298827,1.248019930920716,-0.5496913975354089,0.9442970495258295,3.205518298047838
-0.48613863161573895,-0.4869816460846655,-0.5500595236779776,0.2213242404696783,-0.03686082619850833
1.7155153822473366,1.716098468580197,0.38333681023751714,0.23672822107671168,-0.1912339106467376
1.4753852051595966,1.4755640801497651,0.11957778607745408,-0.5358167194704243,-0.06672192800030985
0.309883336149752,0.30961909258355064,-0.1714519998679958,0.23301956729291373,0.07885131921636851
0.5928623300924171,0.5938868066674585,0.6684662926545779,0.9433854425135365,-0.18528514849909306
-1.6124122719825267,-1.6135245841341186,-0.7278000248924601,0.9854702624854694,-0.5029694979328619
-0.5908909669664761,-0.5911459161699821,-0.1672783322283254,0.23110301466638739,-0.0529026347402355
0.5187385360852136,0.5174529461744888,-0.8362066741740679,-0.5455426017927,-0.19732402356331005
-1.6764438660175267,-1.6778124378173087,-0.8948324408733562,-0.5439978479305726,0.2055046156388948
-1.0560254722510256,-1.0545228333767613,0.9764468803863483,0.9473850016067182,-0.0703940405292653
0.8661859778344054,0.866377122873822,0.1262979095252077,0.9685277505897714,-0.22990988699593368
-1.619802233912762,-1.6200892827092874,-0.19033142837174788,-0.489537884984599,-0.1567473304915099
-0.7623753880380514,-0.761536374319689,0.5448486197357935,0.9432656579743791,-0.04204870016447755
-1.2129746698832595,-1.2145833379313902,-1.0502370990921996,-1.3853022252410785,0.07932048347068205
1.6732817304157404,1.6730098895344132,-0.1735550472373776,-0.5457743926541873,-0.04654786506481947
0.5615858079347907,0.5604090352947564,-0.7652458961109195,0.9443312736798746,4.583107854702865
-1.546893669301565,-1.5449634190267563,1.2539207104042847,0.943206543526483,-0.18490019321350223
-1.3558240146951859,-1.3569642877818662,-0.745475222359404,-0.5385764308011531,1.7040302812327923
-1.3546084576106519,-1.3531462978889213,0.9494602485573331,-0.4255962757247622,-0.4232777388892387
-0.4194768401288531,-0.4179811128253978,0.973273738746892,0.945582010945887,-0.16049763706285106
-0.38430842383727665,-0.3850224420655089,-0.46583334792324294,0.23623508212978903,-0.07186469001874878
-1.1567878727451422,-1.155412616370939,0.8932739425241862,0.9450219793342395,-0.16393216000148098
0.06986884693052059,0.06858471601115547,-0.8361931033616721,0.2384300949187736,-0.06766025650893724
-1.294857836511669,-1.295698257255497,-0.550057809470096,0.09412861631763887,-0.19993450159372245
1.6544677541630586,1.6546567109280792,0.1265176138353632,0.9443452744701656,-0.039892349072535534
1.1843967304365421,1.1827629932848094,-1.0615617277605267,-2.1689669045661457,-1.4357071325297504
-1.7163550767329698,-1.7170541398055532,-0.45887280682009807,-0.5509344616981714,0.05652090518893595
0.6247832405538293,0.6239462438229657,-0.5438220925995448,-0.4845504923542061,-0.16582686179774803
-0.8142272311482719,-0.8150595184461801,-0.5437576669533288,0.9472605501374631,1.579328828406738
0.4867163205180259,0.48778444741821086,0.6966737261965897,0.23150125936800334,-0.07468869793413727
-0.6135498221648129,-0.6151760566088139,-1.0604270649935794,-1.4974750014106777,-0.13753866323316497
1.4396495589296971,1.4383612296895607,-0.8360691089915714,0.2897569921262535,-0.1705786536042588
0.14900979970993236,0.14964965619547474,0.4170417084557478,0.9461171522636835,0.06451774975445018
0.3161388691297685,0.31609030766786456,-0.030967807050401603,-0.5441363001901188,0.06494781698757111
-1.0314904061182872,-1.031457818759303,0.019071349519409118,0.2461258626488277,-0.0877080059913432
1.4866991551785715,1.4881837592088705,0.970006887076576,0.9423338275983322,-0.28215553716220365
-1.3573285726629674,-1.3587169369789616,-0.9070571715301683,-0.6004785916085741,1.550571465587841
-1.1909831017051102,-1.191701533075764,-0.4703908552777299,-0.6983783398979942,0.05346833007272806
0.21000428039985067,0.21060773089935167,0.3934582078236337,0.9436950155433087,-0.07592175783329504
-1.102321451783525,-1.103584394927529,-0.8248397617113287,-0.5487130029719702,0.19681605454458467
0.9494957496288231,0.9496788134765837,0.1212085691754614,0.23651820922234393,-0.07453832477570323
1.170553207251383,1.1688266521212958,-1.1220418388357114,-2.1689669045661457,-1.4357071325297504
0.6506828580858192,0.6504359481277395,-0.15945168759301356,0.17146120366930973,-0.0395765654398243
0.5377136331021692,0.5383517524508706,0.41672143728320626,0.9437494630611077,0.07395817664092967
-0.22721373206002174,-0.22554086280264374,1.08904533934104,0.9453766660216166,-0.27663684224767987
0.5510500940423677,0.5496658941103068,-0.9003627612006384,0.2454336013510969,3.231956906763684
-1.4075796623595664,-1.4091780309110151,-1.043935242367551,-0.5402876385034091,1.712953424454259
-1.4710232495998274,-1.4694941805411463,0.9927945666996676,0.9480990419115689,-0.9822388284933494
-0.7661888634997911,-0.7673590195563996,-0.7637072516865471,-0.46539741123586675,-0.13601087194347664
-1.165931778966369,-1.1659660227769697,-0.024735518595613584,0.23092100439260177,-0.054854478336707396
0.4824111418402145,0.48077983147464076,-1.0614460187285202,-2.1689669045661457,-1.4357071325297504
-1.2921088390276059,-1.2939889020665698,-1.2271584946406018,-2.1689669045661457,-1.4357071325297504
-0.5832568347511032,-0.5840790632938597,-0.5367245577165306,-0.5758558684164788,-0.038626207078522184
-1.519677295957402,-1.5197521595614376,-0.05192885532501578,0.9428534124824718,-0.18497237232955058
-1.416962728565368,-1.4185705945564284,-1.0501403891975474,-2.1689669045661457,-1.4357071325297504
1.7151967242363038,1.714010578204349,-0.7689434425114818,-0.5565363334580106,-0.027477541112233685
1.5270888738344286,1.5279098394394024,0.5378715079564601,0.9441274843989694,-0.28038414135585243
0.19026699280805145,0.19107922021861765,0.5293908930143266,0.9454731159102889,-0.0676331893404192
-1.0366813382922635,-1.0376225205917686,-0.615143854272422,-0.5453014770710186,1.4484320014532073
-0.9058594078428843,-0.9049429886080665,0.5949624871991096,0.23205506840618798,-0.17289139278097204
1.2195816445514092,1.2179653518307705,-1.0501269612358082,-2.1689669045661457,-1.4357071325297504
-1.6803574588786307,-1.674569159120067,3.7663430637585584,0.9435783422908818,-0.13399887908363128
-1.5600636188476715,-1.5581649280397871,1.2333389306234694,0.9424676129277814,-0.18439794686433314
-1.7031894073166702,-1.7029793805122708,0.1332338803153831,0.22197916632663256,-0.18547762614188845
1.3584881982261194,1.3615044812682655,1.9673033196416592,0.9440497022306852,-0.1833242825131152
0.2596157166067531,0.26024765470724043,0.41211536070540794,0.2959033390640833,-0.1844159916433452
0.2319644729498027,0.2321579079397311,0.12646590189760215,0.9422249325627341,0.05855094282779355
0.08489210299188212,0.0858083111366423,0.5968923995724521,0.23371805116410746,-0.3109489895391244
-0.6827738975465278,-0.6844947338320396,-1.1221845466418527,-2.1689669045661457,-1.4357071325297504
1.40158907401785,1.4032928317147253,1.112561414463145,0.9455602319387671,0.19709875608244048
-1.1030661735329943,-1.1019875598101683,0.7001862809965985,-0.5399889549771969,-0.06393400964294553
0.46809712087865485,0.4682790985833055,0.11949664690439282,0.3221112628458138,-0.1846325289914899
1.7417486018348474,1.741789709265802,0.03040726338962322,0.9437307953407197,1.452362755814669
-0.13825021169403146,-0.1367471423528283,0.9786423521306787,0.23829630958932446,-0.08653509535555887
-0.6383742026124629,-0.6402046632055445,-1.1934888805346004,-2.1689669045661457,-1.4357071325297504
1.5402989737793102,1.5400384220049161,-0.16648008275813747,0.23764916194919866,0.07968438651409217
0.17009345374238058,0.17233716211690706,1.4616549926240394,0.9681263946014247,-0.1831318048703198
-0.5248682821637314,-0.5230226623870633,1.2009345447847288,0.24549893837245557,-0.08681178196707716
-0.37860637586299695,-0.3781229093985748,0.3140858116855854,0.9467440765400553,-0.33384179917909956
-1.3068536105070279,-1.308681203107472,-1.193015902009942,-2.1689669045661457,-1.4357071325297504
0.314091984674432,0.31269464486195925,-0.9094150644712778,0.9445381742475109,4.5835078473043
1.198002098636346,1.19817130637978,0.11270281251773147,0.2463187624261729,-0.08721177456851145
-1.4025372794668254,-1.4036869244670953,-0.751676512221667,0.22062731224185048,0.05862913687017908
-0.475267296457228,-0.4729977022832542,1.4771674311470602,0.9464142801465298,-0.07330526487654544
-0.4452748228925121,-0.4437717138815649,0.9780275229038196,0.949016871497324,-0.07335037682407558
0.6524137784193456,0.6520165521868321,-0.2573472426967595,0.9454575594766319,-0.16196527908916578
-0.5733057851865683,-0.5746974236610555,-0.9075535775625417,-0.7497752410569299,0.19984156249227467
1.061277098215748,1.0627775708201812,0.9794541724132624,0.9437105719769657,-0.1837934467674289
1.4854731114031388,1.4860811560162015,0.39911180826773274,0.23751537661974953,-0.06406333055919872
0.7552998561005431,0.7535747783748722,-1.1219461288956565,-2.1689669045661457,-1.4357071325297504
0.7668693009604648,0.7660144297939188,-0.5551670060611373,0.15566831222085445,0.06209072697732722
1.0630950760035172,1.0641540319412668,0.6919035142141305,0.16711940303567707,-0.2037028529440757
-1.1128571582185118,-1.1126595006909326,0.12640976158948064,-0.4749957308021558,-0.08731402831624643
-1.2349078568627312,-1.2366268195174626,-1.1221164068785598,-1.392478408086993,0.06544705587357162
0.40386872268499513,0.4024934418078318,-0.8948610110047158,-0.5419957349189333,1.7067760951057949
1.2166871437101978,1.2150553080489879,-1.0602559299067351,-2.1689669045661457,-1.4357071325297504
-1.6535750592001994,-1.6526175388182986,0.6201709140523017,0.2461258626488277,-0.08978014811456216
-0.0010694281156842554,-0.002902241617138324,-1.1936914427659402,-2.1689669045661457,-1.4357071325297504
-1.6931108114631075,-1.6948283644033697,-1.1221544051532681,-1.3920163820073839,0.06634027243466889
-1.654365365626198,-1.6553048415333496,-0.6153214176388222,0.23443520275568894,0.20408208556011004
-1.18483810569843,-1.1828950408972938,1.2630221543008628,0.9422653792902421,-0.20894185378391225
1.308461047228443,1.3066253578040725,-1.192831910363986,-2.1689669045661457,-1.4357071325297504
-1.0498705115739926,-1.0516997932523935,-1.1935797335523242,-2.1689669045661457,-1.4357071325297504
1.7204630802637764,1.7203776853977129,-0.05202656517426565,0.9459102516960473,-0.16303894344038372
-1.2437490506072513,-1.2453574553348306,-1.0501298182489442,-1.3849786514210154,0.07994603580976697
0.09289618919439942,0.09251985998174146,-0.24490480763898725,0.23502012466118752,-0.06844219693279358
-1.2573756586825355,-1.2590946092302677,-1.122155405107866,-2.1689669045661457,-1.4357071325297504
-1.2274113579964296,-1.2286808438680943,-0.8293619849535865,-0.5997956641710374,0.05545626322722413
-1.3307948887964813,-1.3321744045834962,-0.9012388642787812,-0.546482210385575,0.07546792315160591
-1.3321594588393237,-1.3322176018646377,-0.04064765325635526,0.2213351299732379,-0.03446688551624094
-0.14862361887046055,-0.14954863663763165,-0.6027629878477297,-0.5413672549991959,0.06329671970796695
0.3729153036091546,0.3726625074475418,-0.16386491578413442,-0.42577517471181636,-0.18400396918923637
-0.6556947136146362,-0.6566361264937312,-0.6144990264076354,0.24497157527148783,0.05822914426874496
-1.625917141137693,-1.6266550930969228,-0.48401195110474343,-0.427078803852262,-0.1866625666303475
-1.1219282616557917,-1.1227591641244905,-0.543497821608613,0.9435441181368367,0.05705924109612939
0.7214087492920929,0.7214779416934024,0.046569529550418216,0.944577065331653,-0.06417159923327106
0.41483373486921443,0.4134489679064311,-0.9010163029554897,0.23632842073173016,0.07374765421912219
-1.2022683373039922,-1.203664316086229,-0.9116928181939238,-0.54978795253766,-0.2834667911037472
-1.5539707294843041,-1.5552303094518465,-0.8235918183735403,0.23528613967671988,0.19863857722480338
-0.034048982646163566,-0.030820972588902984,2.1022927619455136,0.9434430013180675,-0.3285576863917327
-0.044867293019341864,-0.04555305629337222,-0.4467229299074484,-0.4762604688584597,-0.060565650894026414
-1.5132929412474012,-1.5135812073206334,-0.19090197389499947,-0.4858634553548461,-0.06213554666807627
1.268362541463065,1.270049242765065,1.1011747886097678,0.2367795573077796,-0.33850336709055007
0.8211521744532624,0.8219472626116678,0.51954476864386,0.9440870376714614,-0.13635973767104326
-1.6279879705438869,-1.6283698443817882,-0.2521069092027777,0.23442275760876344,0.07386193781953189
1.7896006890834129,1.7879846690945267,-1.0487598804502503,-0.5997925528843059,1.5979149507891668
0.9955495111891606,0.9988226254616505,2.133817044887721,0.9455337860015509,-0.07147672726998938
-0.3588690336564432,-0.36048054481047365,-1.0503065245114036,-2.1689669045661457,-1.4357071325297504
-0.4093826244554644,-0.41064580516336074,-0.8235485346245305,0.23528458403335434,0.07254166148848244
1.4751326421878272,1.4741875082641707,-0.6124761182567173,-0.54227108379466,1.474548811610005
-1.159776893521709,-1.161385723019907,-1.0502312422152709,-2.1689669045661457,-1.4357071325297504
-1.1242673218882446,-1.1255371211197014,-0.8293508426023561,0.24583651298280987,3.2327358397243717
-1.1882206999178342,-1.1882824033281254,-0.04266613303691255,0.9435845648643447,-0.041305856761814155
0.3430076274567872,0.34128366649186115,-1.1220791228571356,-2.1689669045661457,-1.4357071325297504
1.0876222631353878,1.0879820778178322,0.23661247217901119,0.9464438373704779,0.06335686897134057
0.7495951010768589,0.7492075061854465,-0.2508716795734443,0.9434103328073875,0.20123101047620368
0.8372183532111286,0.837399232057319,0.11955121585528972,0.9435285617031797,0.055567539364465235
1.0008127048249373,1.0014218603026588,0.39882396419428456,0.9445972886954069,-0.05915815813108532
-1.4688109287179192,-1.4704201295040495,-1.0511179162420168,-2.1689669045661457,-1.4357071325297504
-1.3125886690427615,-1.311753528519632,0.5411779292587092,0.23759782571813107,-0.0651790993947782
0.6722414137301838,0.6733095811946344,0.6970872788480204,0.23442898018222635,-0.05877921777183187
-0.7972780072596636,-0.7957753415506855,0.9770042836491746,0.9678743803761833,-0.08876061810038045
0.18225682353081482,0.18460147441499006,1.5274230064619199,0.9451806549575396,-0.07090230180477193
0.678875579837268,0.6798240472973266,0.6191419607713852,0.2343231964333597,-0.06228591982651014
-1.4947789506817486,-1.496497292162975,-1.1222541149117133,-1.3910923298481657,0.06812670555686343
-0.5339435797509635,-0.5337867369670231,0.1010356279744023,0.9449550866695152,-0.058036374369168475
1.440735059639854,1.4403840543608333,-0.22559911277534966,-0.5429166757914202,0.06419595119540158
-1.1539769074741772,-1.1518378931952413,1.3907060711654053,0.9448726375711334,-0.2309715214944769
1.1016904236057887,1.1016207116176255,-0.04310368459868504,0.9456986841983133,0.06355836900364194
0.8805554840966292,0.8816225307671298,0.6967920065404186,0.16022012470885486,-0.05935063577388055
-0.2846309447859793,-0.2862440352517793,-1.051180199128381,-2.1689669045661457,-1.4357071325297504
1.6680060804485157,1.6684915992588216,0.31969312851688175,0.9449021947950821,-0.0682617491426729
-0.13107177819190735,-0.13136186404944997,-0.18920290818304275,0.24668744990384048,-0.1364499615661037
-1.301339176936429,-1.301392084464996,-0.03717352528302501,0.9459538097102864,-0.06813844315275706
-0.5194506805531012,-0.520711888376304,-0.8224932968227628,0.22095244170527892,1.7418070260945537
-0.07816068147686414,-0.07753047216470108,0.4102845866878835,0.2963140289126247,-0.17849429666421873
1.1714873380146635,1.1709894570309167,-0.3218193153761674,0.24595940880869904,-0.183194961596862
0.0384041528161761,0.04021657197220698,1.1804867589199903,0.9433776642967084,-0.18544153658386428
-1.5101665299271179,-1.5108768799908916,-0.46579363544065305,0.23034541634729758,-0.05415975434474289
1.2512567008824174,1.2509963033418117,-0.16698277421941002,0.23451765185407047,-0.06745875647663588
-1.5119681575049695,-1.5124678908691034,-0.32862529206865665,0.9475467885167494,-0.06692042056944261
-0.9689489991325,-0.9706686375593127,-1.1220015549504943,-2.1689669045661457,-1.4357071325297504
-0.7636908561264313,-0.7641014820671556,-0.2690292837083955,-0.4245617728865804,-0.42647467223754326
-1.4067179531736322,-1.4061293483477886,0.38041580000730935,0.9453906668119078,-0.19951646421327623
1.3681614716651709,1.3676428740074988,-0.33490143567508157,0.17405912809000726,-0.16611858572510965
-0.6498016809141063,-0.6507537908114954,-0.6214535677831947,0.9459927007944284,4.585742392438627
-0.8691809242927354,-0.8709011282463993,-1.1221616905367648,-2.1689669045661457,-1.4357071325297504
-0.10052978763561574,-0.10015508424327534,0.24383000161373558,0.9503422796448896,-0.06256862136436579
-0.9283219453706166,-0.9259485089217255,1.5438532604548685,0.945586677875984,-0.27863079032851334
-0.30360368481436756,-0.30479197909992295,-0.7745551877131388,-0.5500088538955877,-0.18352277508224796
-0.3000927461409069,-0.30048740006122504,-0.2576595142325202,-0.40145891326276145,-0.2810908952004917
-0.33565157896703385,-0.33639711238602643,-0.48625727772829613,-0.5441611904839698,-0.17324928089804464
-0.5252458124675609,-0.5264248747751493,-0.7690050111445619,-0.5443883144153601,-0.16525544379569918
-0.8445593505820187,-0.8440668144981092,0.3190204447740194,0.21692799231824658,-0.1936970229818847
-0.869408103028427,-0.8665787360813082,1.840918200948725,0.9786363211800063,-0.06673395785298457
-1.6369121795927981,-1.6374045577284864,-0.32409564059224527,0.22179715605284694,0.10608389820874538
1.3545653829289184,1.3533697027977027,-0.7759054121211947,-0.4174058134044199,-0.4404744132877381
0.6498051272558403,0.648090711439877,-1.1152222913308263,-1.322488457421365,0.20075583129555263
-1.3817188713120587,-1.378041770809969,2.3919677522618903,0.9449706431031722,-0.16970047435900484
0.518208530159897,0.5163743630602683,-1.1934894519372277,-2.1689669045661457,-1.4357071325297504
-0.5491257765924772,-0.5503981765707235,-0.8298445344722504,-0.681913410515562,0.07712804282071602
-1.6874085630153912,-1.687668708415614,-0.1729506461084648,-0.47335141576462475,-0.0703609584344099
-0.7794935717725828,-0.7788690652483987,0.4051069646322358,0.23361537870197194,-0.05790404598974669
-0.9687114422774095,-0.9639294662390423,3.1124216118614276,0.9681217276713276,-0.18335134968163325
0.06460237991884765,0.06598781292756224,0.9024505258662403,0.2350590157453296,-0.06127240473866564
-0.9814445569149166,-0.9810683096263489,0.2429973251352596,0.9431178718546389,-0.18481899170794794
1.4924073044324886,1.4906798312762928,-1.1219681278968034,-2.1689669045661457,-1.4357071325297504
-1.6369703173281118,-1.6370314394743914,-0.04322396485170912,0.9452708822727496,-0.06355807674686086
-0.4988211863699721,-0.5001912992501343,-0.8933787925897787,0.24703435837438883,0.19980246547108174
-0.38482198128998424,-0.38665235519394353,-1.192903335692385,-2.1689669045661457,-1.4357071325297504
1.5460583997077386,1.5460157493300137,-0.024551526949657527,0.24608386027795415,0.10377115903203213
-1.4753972261989157,-1.477002969770432,-1.0488800178526176,-2.1689669045661457,-1.4357071325297504
-0.1137845685912073,-0.11496549841510584,-0.7693627091891844,0.9477692455180428,1.4682090792504323
1.4274580535498351,1.4271612871161778,-0.19030171543513377,-0.33777242951489744,-0.5901197656348061
0.46028132112643805,0.4598771129080696,-0.26229544659758935,0.9436747921795547,-0.28049842495626215
-0.5526456016787251,-0.550924744904796,1.1196199511168534,0.9452024339646595,0.05548934532207953
0.8161499691570054,0.8147652789116034,-0.9001289146754597,-0.5493492611085364,1.6954349514967113
1.4185978808490745,1.417859467239875,-0.4779596544775211,0.25561839846625006,-0.104808441568445
-0.25237670293011927,-0.25420849784291016,-1.1935524490768756,-2.1689669045661457,-1.4357071325297504
0.08917947923370939,0.08745591258947906,-1.12235196761162,-2.1689669045661457,-1.4357071325297504
1.7630341253799455,1.7630747274772485,0.0301225620306245,0.9477116867135126,0.07028004918563685
-1.6413562074011467,-1.6413968641995427,-0.029904283910539578,0.23724936160421717,0.06661996650935595
-0.0356347518767421,-0.036030162082027466,-0.25760023120994907,0.9449908664669262,0.07958213276635719
1.516825497183671,1.5171780177297587,0.23275750435465722,0.9437105719769657,-0.07356992163538902
-0.3448680445088435,-0.3416282709776537,2.1093055863890466,0.2347821112262373,-0.16035027136758578
1.3165089123112053,1.3171270108641517,0.4053072412530668,0.9433263280656404,0.10306741265056167
0.38707302503905744,0.3856791226395336,-0.9070240301777911,-0.48495495962928464,-0.16616369767263994
-1.688266946842711,-1.6892043822225051,-0.6140631890537444,0.2353172525440335,1.470506781111302
1.62083877931393,1.6256080883088635,3.1095753125247256,0.9482452723879432,-0.16670804850617058
0.6765784529888932,0.6776375841852759,0.6912111170806299,0.9448259682701631,-0.08733207309525852
0.24293584654658737,0.24342745997524828,0.32068879759476443,0.9434383343879704,-0.08809897620327135
-1.5925918407745636,-1.5933270446333063,-0.48215260695585915,0.23690089749030324,-0.0649084277095971
-1.2338916839905065,-1.2328361066460225,0.6849099746092652,-0.540094738726064,-0.06395506188512622
-0.41499028014815265,-0.41448602099686804,0.327551914549973,0.9443219398196805,-0.08789747617096982
-0.49369652053695945,-0.4910956485346766,1.6928862079778886,0.27274447627909937,-0.18377840945158558
0.5077479297600158,0.5059140464375803,-1.193326459337821,-2.1689669045661457,-1.4357071325297504
-0.4601955098126322,-0.4611302813735825,-0.6097656698946299,0.9440325901536624,0.19925510717438233
0.35748984168367776,0.3590027106078013,0.9860591582316366,0.24499335427860738,-0.1850776335404543
0.9240789059101903,0.9259036103861988,1.1903361688555634,0.9466631830850394,-0.3397003374316838
-1.5827059885055539,-1.5816302091828118,0.6973394102572691,0.9452848830630407,0.06760641442868223
1.2587131886285348,1.2574254630064365,-0.8360535382699804,-0.6796281704113677,0.06189524187136322
-0.13464684116740067,-0.13647882355502378,-1.1934288832587452,-2.1689669045661457,-1.4357071325297504
0.23269163638466137,0.23139938600248314,-0.8411414501131588,-0.5434487058224851,-0.1648163541730723
1.2620810441022874,1.2634788195291373,0.912987761714296,0.24673100791807992,-0.08946135701868232
0.44755189748126417,0.44659631887887963,-0.6214228548919831,-0.4760084546332184,-0.32917421634131167
-0.18159599627643697,-0.18320799710096505,-1.0502555268269265,-1.3871254392656636,0.07579573663699186
0.11433799472424486,0.11975187227367633,3.5262313944741974,0.943942362838453,-0.18585355903797313
0.55280547520588,0.5529661136612241,0.10577541276696362,-0.4508692578437147,-0.089091439048935
-1.2917876082010233,-1.2925985262911341,-0.5308366821952829,-0.5398380575707256,0.20169115234101126
-0.4058882956861767,-0.406728407742686,-0.5480017599668009,0.17213168595992095,0.05445778545522312
-1.0415173701917653,-1.042798057414387,-0.8362693856124023,0.16124218240011148,0.07563634108905169
0.6767182522845593,0.6767522283312085,0.02354028946668116,0.942994976028749,-0.08588548331112449
-0.14351331671791698,-0.14523570376160352,-1.1220692661618166,-1.3887899776669488,0.07257775104650661
-1.4895037882992612,-1.4877804049628611,1.1193105365942289,0.9449628648863434,-0.061940061562112105
1.4420370334971118,1.4426724763130254,0.4168652878946019,0.9438723588869969,0.05679458433728565
1.5905606729951722,1.588832835132968,-1.1220008406972102,-2.1689669045661457,-1.4357071325297504
0.1696377914389681,0.17015073124719834,0.3344254596031277,0.2455611641070831,-0.23335042486090096
-1.1452710558910704,-1.143887221788701,0.8988845449205888,0.9477365770073636,-0.057043911523504826
-0.13264333596145356,-0.13295383561785795,-0.20250144722700614,0.21732623701986253,-0.19541729191436844
0.42472797499945636,0.42345252832333213,-0.8297966795022231,-0.5449716806774928,0.06749213082827253
-0.8940776247649952,-0.895358765513807,-0.8362571004559177,0.22188116079459405,1.4995257932258736
-1.3677763414468824,-1.3685046577257123,-0.4771976890741599,0.9443701647640166,0.10565984590196198
0.6638517186268785,0.663373272600845,-0.3102208419987582,-0.5248463224555989,-0.08958466300859816
0.2723856503623385,0.2774059321114768,3.2702170186724446,0.2459127395077285,-0.28063676826202133
0.756020596269982,0.7557523801068728,-0.1731083532335699,0.22124801394475968,-0.18339946909233212
-1.1540650287097858,-1.1553352507611516,-0.8296883987043702,0.23324202429420698,0.07421982593660448
-1.651836756004661,-1.6520762361725103,-0.15941740343538205,0.24600452246630405,0.10655005499989048
-1.3986088068267877,-1.3972477799851633,0.8835018147939411,0.946523175182128,-0.15604659157320785
-0.16004705085486065,-0.1591290193837981,0.5975687974323909,0.24678389979251308,-0.0895275212083933
-1.2027781155911483,-1.2017399891383636,0.6736093448512802,-0.5445283223182722,-0.07294737675947285
1.7984002705522921,1.7989923091269042,0.38934025194011457,0.9429856421685551,-0.18511973802481585
0.5576327185166129,0.5586957702283317,0.6935162981293811,0.22079843301207613,-0.18357991688245281
1.3911234595886877,1.3921697654132694,0.6843491429306758,-0.5489510164069205,-0.187161805516348
-0.5984148914323953,-0.6000337077433243,-1.0555641429348581,-0.6672701395143493,1.4674632283846
0.38772788994427004,0.39011516862222373,1.5556147264316842,0.9468747505827727,-0.21237637672254234
-1.0401985203753252,-1.0406017081860761,-0.2647619060378656,0.09228517892929967,-0.07601498919152407
1.284831328347938,1.2831970869218565,-1.0616805795069828,-2.1689669045661457,-1.4357071325297504
0.38456983474741646,0.3847609550478849,0.12527681303041469,-0.5460575197467425,-0.07012938377042173
1.2921992162665006,1.2975224986221077,3.469685676188547,0.9691033386350759,-0.18544153658386428
1.2933695990528422,1.293867058607054,0.32668823947897174,0.9459398089199953,0.07926033420730844
1.5753807758954352,1.5746289112621292,-0.4863929858522544,-0.5500508562664612,-0.03928183404929392
0.5298001137357189,0.5316248606375955,1.1895410620998252,0.944796411046215,-0.06947977172598735
-0.5587977612110536,-0.5604085695128082,-1.050265954924873,-1.3860924920708473,0.07779269218099388
-1.3712421746937689,-1.3728505093751242,-1.0503502368123838,-2.1689669045661457,-1.4357071325297504
-1.078619896515093,-1.0786926428166388,-0.04962953115319323,0.9436250115918526,-0.03794952786556976
-0.7586555968401202,-0.7591365993809842,-0.314854203052005,0.24604963612390907,-0.03920965493324575
-1.5749926223447053,-1.572283001739454,1.7614565231501773,0.9447730763957299,-0.03976302815628234
-0.3312613633615646,-0.3293531011256673,1.2421368168743516,0.943830356516123,-0.08786740153928319
0.37680818804678834,0.376540687213313,-0.17343376702975594,0.23583683742817307,0.2008310178747694
-0.702036793702793,-0.701412132865044,0.40536909558746026,0.9445941774086758,-0.03882770711082354
-1.5983776660277629,-1.5983192800117858,0.034690783184371285,0.9467114080293755,-0.16929747429440212
-1.582583691813062,-1.5826197589074091,-0.026792425202849475,0.9639417139477259,0.20721586218187257
0.9071837113674616,0.9064375533416503,-0.4840706627246874,0.9439345846216242,1.4534424350922241
-0.04279329200932442,-0.04262013273142164,0.11268724179614045,0.24532937324559578,-0.0882403269721991
-0.6161829001611674,-0.6161343279714379,0.030348694620335927,0.22196516553634116,-0.039940468483234425
-1.0290226542223138,-1.0297451689294084,-0.47271232130135604,-0.6005750414972467,-0.04072842383342795
-0.45009953001686814,-0.4512716950293657,-0.7643560793697242,-0.6018631142040357,1.5723424914658992
0.32983859188530945,0.32959272459058486,-0.15944211659900817,0.24668744990384048,0.0583344054796487
0.674384152343978,0.6725502531988312,-1.1929890460864638,-2.1689669045661457,-1.4357071325297504
1.3237045126125302,1.324202099794354,0.3268346614021896,0.9452771048462125,-0.1925511795146186
0.40693903017606814,0.40667219587375175,-0.17293678959475536,0.9478221373924766,-0.18315887203883782
-0.4926445206050305,-0.49247593750172236,0.10876813402688419,0.09337568492864608,-0.19969691200339693
0.8907380589855808,0.8891228896109393,-1.0500815347269465,-2.1689669045661457,-1.4357071325297504
0.8765073514065309,0.8755429210817907,-0.6262927766328875,-0.5448938985092086,-0.1650599586897352
0.7584095085872622,0.7608037266653961,1.5609077718180246,0.3076360013280952,-0.21000048081928688
-0.7293228747754703,-0.7284977392610984,0.5358788841447831,-0.4907683988868574,-0.1611893535916468
1.7582065699535665,1.7569172262152062,-0.8360651091731811,0.2864963636317732,-0.1610239431173696
1.7748838369297641,1.7743583790670776,-0.3385206999157186,-0.5429664563791223,-0.16145100288732178
-1.1018705258295567,-1.1034797047003981,-1.050337951655899,-2.1689669045661457,-1.4357071325297504
1.3260213152487739,1.326045994161881,0.018840074306053,0.9418718015187232,-0.03717360236805079
1.730353848957385,1.7287203649035023,-1.0602576441146168,-2.1689669045661457,-1.4357071325297504
1.4831694145533163,1.4835308593479322,0.2384995293553141,0.24644010260869653,-0.332055366056905
-1.171648983083401,-1.1714527885681536,0.12533423899444768,-0.544761668823125,0.060295271465626556
-0.3247413585418953,-0.3223846558259948,1.5342142695367587,0.23637353438933517,-0.16795614572117185
1.1351020964356966,1.1351502769133766,0.033747968849503915,0.9420553674358744,-0.06717605493878022
-1.3998170361027371,-1.4010774609075245,-0.8238203794244173,-0.5447227777389829,0.061597503017664076
-1.6176077014293102,-1.6161387373094627,0.9533430722597627,0.9449675318164403,-0.16174573427785233
1.359825009716744,1.359867186617487,0.030306839377894194,0.2456373906320017,-0.1848580887291409
1.0481824253484378,1.0479230631616974,-0.16673221416738612,0.9447435191717819,0.07783178920218649
-0.7588336387468674,-0.7574526347075397,0.8978477348535483,0.2329837874955031,-0.07115492871094078
-1.5505655137896626,-1.5518442796488476,-0.8360802513428016,0.9452537701957268,4.584891280361891
-1.216316024479505,-1.2150576554662311,0.8170224046852061,0.9440823707413644,-0.18270474510036763
-0.6808676638506227,-0.6796021634813558,0.8227842859271581,0.23183572269162583,-0.16459981682492744
-1.484346503200868,-1.4842039457454046,0.08974856902881313,-0.47217534938016537,-0.1630900703142512
-0.1263079235290423,-0.12350274137389655,1.8267175600070813,0.9478890300572008,-0.16120138344432153
0.573030855517863,0.5747311065128867,1.1085485966630293,0.2374344831647339,-0.23107678270538065
-0.4880167854316528,-0.4870548982734617,0.6254471030611399,0.9468218587083396,-0.06866474920727561
1.7966449764653167,1.7957869298772424,-0.5550862954400464,0.24660344516209337,-0.08835160310944021
-0.05798496264640803,-0.058390177488968784,-0.26403251058425437,0.9475561223769442,-0.06488436800424766
1.2300625563759422,1.228885321863995,-0.7641518029305029,0.1603352423179159,0.0799189686412491
1.0121263699259755,1.010287935013509,-1.195238372528407,-2.1689669045661457,-1.4357071325297504
1.2146818160384023,1.2129550416584538,-1.1220925508188746,-2.1689669045661457,-1.4357071325297504
-0.3154632002609843,-0.3155449537600736,-0.053903337103279186,0.1529226016804167,-0.15533382280223126
0.11734689921955337,0.1164043082429346,-0.6136532076687339,-0.40291499545304466,-0.1963736652020079
-0.9830439524171085,-0.9828488405533673,0.12502268171197098,0.23414896437640256,-0.06346183792546306
-0.021129810235150676,-0.021405564476363242,-0.1796394852623796,-0.528828769471758,-0.0677474729408289
-0.7435280408542693,-0.7451381533249866,-1.0501982437135506,-0.6073094216273062,1.5833828887581154
0.9763545893461254,0.9754047080999885,-0.6166087877578866,-0.5511335840489795,0.05647278577823723
-1.5807322027189195,-1.5823412732436983,-1.0512666237757438,-0.6010541796538783,1.5954758981593686
-0.8299334758621103,-0.8288895263391242,0.6781798516155358,0.9512476640837196,-0.1907948210241107
1.091165780277666,1.091125342524241,-0.024059692138301773,0.23583994871490455,-0.06468888289828365
0.5331566176752897,0.5377098896684528,2.966603375518992,0.9441477077627234,-0.18304158097525952
-0.8373897811203728,-0.8364555415584449,0.6067115251687837,0.9468871957296986,0.07212963903437343
-1.3761180457537454,-1.3761794039930513,-0.04283341115602305,0.1474000677322276,-0.04038256556903008
-0.860247173234645,-0.8610866746499193,-0.5485521635474438,0.9470972075840659,0.19955886095441885
1.1854659796381446,1.1836297428947329,-1.1934450253829636,-2.1689669045661457,-1.4357071325297504
-1.1149025516252458,-1.1129775733708005,1.2513885396618813,0.17217368833079452,-0.18618437998652768
0.9102849485759035,0.9097678352576352,-0.3348901504731946,-0.6151078618194955,0.06098398053125387
0.7052513342835768,0.7040565621707288,-0.7766689488817806,0.9449021947950821,4.584211593685771
0.2534716497089105,0.25185690888796525,-1.0511322013076967,-2.1689669045661457,-1.4357071325297504
-1.5781976514946179,-1.5780098670409366,0.11900852621011358,0.2361993023323784,-0.06085135989505083
0.31782636064388703,0.3162129213472262,-1.0501502458928664,-2.1689669045661457,-1.4357071325297504
-1.0279791531358171,-1.029596849549219,-1.055731135352655,-1.4467750284795695,-0.03952243110278821
1.2719334368283057,1.2702997679573502,-1.0613345952162176,-0.7285111518913532,1.3490684258232626
1.2727485613832272,1.2723688075297916,-0.24467324672431748,-0.5388471127467829,-0.05641835918441989
-1.3349435093450626,-1.3348576074763667,0.05316123025771053,0.22106911495770554,0.05557956921713996
1.254130726235377,1.2545036740193298,0.2455133537534446,0.23728825268835924,-0.061275412201834405
-0.11526704991527985,-0.11434551151353457,0.5999462609134819,0.24594074108831096,-0.18461448421247798
-0.4743906550709691,-0.4752243220261746,-0.5439470869242431,0.9433854425135365,0.06803046673546564
0.7278362378140921,0.727981905346627,0.09639026746598467,0.9427398505167767,-0.1680132875213767
1.7814668257217097,1.7797381687148688,-1.1221359774185413,-2.1689669045661457,-1.4357071325297504
1.0419712092807667,1.0417216059364613,-0.1603893593042364,0.9449815326067315,-0.19101737329859292
-0.7636664608780185,-0.7639306094975977,-0.1736303295335102,-0.5407558871564808,0.07542281120407578
-0.3122855690743078,-0.31166930644384716,0.40071273557846904,0.9432236556035053,-0.08879069273206726
0.11214144917164424,0.11338504868132264,0.8101752870035592,0.9452988838533317,-0.041868252374356874
1.6372629345387757,1.6367462236282544,-0.33311108839343095,0.24675278692519947,0.20107462239143228
0.6850159276677228,0.6846178575991528,-0.257828792260826,0.9447730763957299,-0.06877301788134813
-0.9445653900231742,-0.9452952570173202,-0.4773245404573966,0.09655230868137928,-0.28181870128731173
-0.8648715499296172,-0.8667002818153353,-1.1928356244810627,-2.1689669045661457,-1.4357071325297504
0.23400828691537987,0.23272363207605043,-0.8361918177057609,0.9450935389290613,4.584581511655518
1.48417018145867,1.484577129932537,0.26813761222515914,0.9442130447840824,0.20232572706960247
1.6710836150727826,1.6699337680799637,-0.7453943688876564,-0.5409332305001691,1.7059279904922282
1.7422057657150078,1.7419132895574228,-0.186850729268205,0.2207719870748592,-0.23300757405967168
-1.4768909208752612,-1.4772994545571767,-0.2691548494357211,0.2345627655116755,-0.306921996356265
-0.18862858294066687,-0.1900189012719062,-0.9058910816187253,-0.5427377768043661,1.4729698934464492
-1.4056305966584999,-1.4015206106255658,2.6738509535032136,0.2340587370611929,-0.05994310601811008
1.1839011732612186,1.1822847575377158,-1.050281525646464,-0.6082956995211518,1.5814761571091736
1.6303276906689055,1.6313731522317678,0.6842984309475126,0.9443950550578677,-0.08935308834460999
-0.6811562306672059,-0.6779400529745273,2.0932361731551707,0.9446284015627209,-0.3278088280627319
-0.14907160089175114,-0.14715282728768206,1.2493629173484841,0.17156543177481082,-0.23507370125655327
0.9612104140246381,0.9651092042412093,2.541240546037675,0.23473388628190114,-0.1692854444417274
0.3003573918237429,0.2989732111920354,-0.9008733094480349,-0.5421046299545313,1.709440707473244
1.6347163869313812,1.6362216946771608,0.9837998322437178,0.24635143093685208,-0.040969020886922246
1.3992071258494627,1.400891545114643,1.0999615579815814,0.9490977649523401,-0.16255474187022653
-0.09502336993177564,-0.09396193940092984,0.691098550763073,0.9437090163335998,-0.08734109548476447
-1.4675119698583208,-1.4660207268336065,0.9681662563637322,0.9476603504824447,-0.15569772584564123
-0.7747237557666806,-0.7754735283411631,-0.4899343964849363,-0.5412334696697468,-0.17264778826430915
1.4996270766978077,1.4989074398367754,-0.46556150312335604,0.2332793597349835,0.20650910833723302
-1.6079158504195648,-1.6068913765038282,0.6638722155319505,0.9452413250488015,-0.0433208570848281
-1.0395882520363224,-1.0385341971638582,0.6843238583644227,0.9439345846216242,-0.0636182260102343
1.6544050950279372,1.660712663288331,4.111494963746423,0.22166648201012928,-0.4256205526976387
1.2001962284182337,1.2011448206378739,0.620311050546621,0.9437245727672567,-0.037435251663725765
-1.082617852721881,-1.0835586753069957,-0.6150054319859848,-0.4921451432654906,-0.038632222004859544
1.3030937813393229,1.3044815486787305,0.9065551966386772,0.9445879548352129,-0.07147672726998938
-1.426878546568427,-1.4282670878989359,-0.9073175882775112,0.9477863575950656,4.589787430400499
-0.3807530447650974,-0.3824748013327621,-1.1221536908999843,-2.1689669045661457,-1.4357071325297504
-0.5674536396356602,-0.5642168507320436,2.1068972671660875,0.9442083778539854,-0.2767300736059089
-1.3242017594264188,-1.3254716052572602,-0.8297983937101047,-0.5453403681551607,0.06606960074948795
0.5319419578958208,0.5307761092733632,-0.7581930734834831,0.09815151006130565,0.20084304772744413
0.6590210398506763,0.6581947589546322,-0.5367715555826172,0.9430649799802051,0.05877349510227559
1.1526873468678862,1.154184049470535,0.9771895609510419,0.9479170316377836,0.06497789161925792
0.711297170732794,0.7123644927663767,0.6966181572910954,0.9465542880494413,-0.06903165971385433
-0.1275185516868044,-0.12889246429511453,-0.8950787154056762,-0.5463313129791033,0.07707390848367994
-1.4587279682900491,-1.4605557068572224,-1.1934278833041476,-2.1689669045661457,-1.4357071325297504
0.500713685570883,0.5007933665605204,0.05294009744098685,0.10234708021856367,0.076716020366607
-1.6257898536655746,-1.6261424620087737,-0.23304206054650164,0.23411629586572308,0.19853933094023715
-0.28562191415528965,-0.28589733115269816,-0.179971755890092,0.9449395302358583,0.06850865337928547
-1.0173355996686622,-1.0158236296329948,0.9826048864996014,0.9443966107012336,-0.0690677492718785
-0.22985014396910897,-0.23014333300834625,-0.19143009277318207,0.9430603130501081,-0.08736214772694532
1.5196251879075173,1.5214395839486066,1.1848651315508527,0.24520958870643772,-0.08532308769858177
-0.6621753352741316,-0.6599369417603044,1.456456800073813,0.949858474558161,-0.16266601800746763
0.7582149660058516,0.7569390592923724,-0.829400411780265,0.9432003209530202,0.2026625629444944
-1.4387342058624286,-1.4377133137685603,0.6618924482793854,0.9441974883504254,-0.1958142770526338
0.44447441549772493,0.44267629995838154,-1.170163368188664,-1.547093802202633,-0.23346470846131065
-0.7233522500814857,-0.7240351604628016,-0.4462806642740014,-0.5419226196807462,0.0757927291738231
0.41894211794248437,0.4208891910533232,1.2689793123906579,0.23605618314273485,-0.06523022626864569
1.3941954283333815,1.3938059019717566,-0.2507845406727975,-0.475129516131605,-0.08689899839896882
-0.3385422583107752,-0.340153501419837,-1.0500895343637273,-2.1689669045661457,-1.4357071325297504
-0.5764859032089399,-0.5774281642684683,-0.6148861516875582,0.2376273829420791,1.4732495875211362
-0.40413833893028267,-0.4002147529626045,2.5545406564388626,0.9422389333530256,-0.18435283491680302
1.2428120069665034,1.2432992166406955,0.3199071188007653,0.9456909059814851,-0.07751872077586294
-0.08561729270935457,-0.08677120771735156,-0.7517095107233872,0.23424852555180664,0.07069207163974553
-0.9065476256936155,-0.9081478872932945,-1.04412266242927,-1.3228182538148905,0.0769596248832699
-0.5158907857838598,-0.5152660295632869,0.40581964655900155,0.944807300549775,-0.21068618242174542
