Interval Duration,Data Packets,Missing Slots,Min Data Gap
-0.31714124438484553,-0.31719613392972157,1.0305433186778947,-0.2400519458786885
-0.31697273036103724,-0.31719613392972157,1.0305433186778947,-0.36321132077573814
-0.31769457355688,-0.31719613392972157,-0.5952643401961024,-0.33703018632985476
2.524625630831163,2.522214703853032,-3.304943771652764,3.221452884978878
-0.3177728878927122,-0.31719613392972157,0.4886074323865624,-0.24753778240411425
-0.3175101816853756,-0.31719613392972157,-0.05332845390476999,-0.29448825452943267
-0.3174941809916625,-0.31719613392972157,0.4886074323865624,-0.25224537032216554
-0.31713725188929326,-0.31719613392972157,-0.05332845390476999,-0.433352451415391
-0.3168611861776089,-0.31719613392972157,0.4886074323865624,-0.15221877376012988
-0.31778280770858425,-0.31719613392972157,0.4886074323865624,-0.40346698549300836
-0.317285127782247,-0.31719613392972157,-0.5952643401961024,-0.2500362768114406
-0.3167615273463244,-0.31719613392972157,-0.5952643401961024,-0.26866404785602455
-0.3176382486580894,-0.31719613392972157,-0.05332845390476999,-0.3223575608721582
-0.3179424768191691,-0.31719613392972157,0.4886074323865624,-0.3985664636438894
-0.317280183230063,-0.31719613392972157,1.0305433186778947,-0.24867609259741347
-0.3175803267610778,-0.31719613392972157,1.0305433186778947,-0.27645857867115853
-0.31679555569303114,-0.31719613392972157,0.4886074323865624,-0.2488497331353744
-0.31716943754574506,-0.31719613392972157,0.4886074323865624,-0.23174614014622513
-0.31731166252191717,-0.31719613392972157,-0.5952643401961024,-0.3989040980232579
-0.3172788626353804,-0.31719613392972157,-0.05332845390476999,-0.3953251736019525
-0.3176025926016576,-0.31719613392972157,-0.05332845390476999,-0.3914279081943855
-0.3170868235993182,-0.31719613392972157,1.0305433186778947,-0.1384047042956844
2.5245994339180395,2.522214703853032,-1.6791361127787672,3.2034232091206043
-0.3169262331436059,-0.31719613392972157,1.0305433186778947,-0.1604859927063797
-0.31728122742120746,-0.31719613392972157,-0.05332845390476999,-0.24563738318309764
-0.31717324577227185,-0.31719613392972157,-0.5952643401961024,-0.16264685273433765
3.6310783613792386,3.633288509941935,-2.7630078853614317,3.143893444689673
-0.3169938598759598,-0.31719613392972157,-0.05332845390476999,-0.4817788681133772
-0.3171257657867046,-0.31719613392972157,1.0305433186778947,-0.15895216795439177
-0.31719968837742923,-0.31719613392972157,-0.05332845390476999,-0.17249612991534236
-0.31716191322720433,-0.31719613392972157,1.0305433186778947,-0.2927325557567168
-0.3177640122679845,-0.31719613392972157,0.4886074323865624,-0.3819452054824093
-0.3169467791399478,-0.31719613392972157,1.0305433186778947,-0.34268315051013765
-0.3170310822191083,-0.31719613392972157,0.4886074323865624,-0.2749440473122773
-0.31730220337860876,-0.31719613392972157,-0.05332845390476999,-0.09943205022001424
-0.31733905718370625,-0.31719613392972157,-0.5952643401961024,-0.23874964184398162
-0.3175386819613176,-0.31719613392972157,1.0305433186778947,-0.30135670247544183
-0.31782202629950884,-0.31719613392972157,-0.05332845390476999,-0.40978557173547464
-0.31726461249740934,-0.31719613392972157,-0.05332845390476999,-0.09201374057046224
-0.3171332286822368,-0.31719613392972157,-0.05332845390476999,-0.14580372055212973
-0.3171305567813672,-0.31719613392972157,-0.05332845390476999,-0.29587737883311993
-0.31714216572997295,-0.31719613392972157,-0.05332845390476999,-0.36878711138359394
-0.3167958935195778,-0.31719613392972157,0.4886074323865624,-0.4186701792611411
-0.31716903829618986,-0.31719613392972157,1.0305433186778947,-0.24611971801076676
-0.3178107858889541,-0.31719613392972157,-0.05332845390476999,-0.4002546355407316
-0.31717367573333133,-0.31719613392972157,1.0305433186778947,-0.15917404197511953
-0.3180049133073051,-0.31719613392972157,-0.05332845390476999,-0.42816252866967064
-0.3171862981615772,-0.31719613392972157,-0.05332845390476999,-0.21852051917153612
-0.3171908127527016,-0.31719613392972157,1.0305433186778947,-0.4015279994857782
2.524665279383147,2.522214703853032,-3.304943771652764,3.2258614253037745
-0.317426984220368,-0.31719613392972157,-0.05332845390476999,-0.49925868226810854
-0.31732121379973827,-0.31719613392972157,1.0305433186778947,-0.2503353244045955
-0.3171496900485137,-0.31719613392972157,-0.5952643401961024,-0.44453297272076275
-0.31640023721035204,-0.31719613392972157,-0.05332845390476999,-0.30628616441422096
-0.31662271134712383,-0.31719613392972157,1.0305433186778947,-0.4151587817157094
-0.31779874697928895,-0.31719613392972157,-0.5952643401961024,-0.3527639484084236
-0.3172885060477142,-0.31719613392972157,-0.5952643401961024,-0.24022558641664932
-0.31729332775388114,-0.31719613392972157,0.4886074323865624,-0.24541550916236984
-0.3173100655236963,-0.31719613392972157,1.0305433186778947,-0.42419773638622993
-0.31653073039190144,-0.31719613392972157,1.0305433186778947,-0.10868323221470921
-0.3170597667640758,-0.31719613392972157,1.0305433186778947,-0.41626815181934856
-0.3170320649872442,-0.31719613392972157,-0.5952643401961024,-0.1185614494853741
2.5246700703778098,2.522214703853032,-2.2210719990700993,3.213986341846559
-0.317244250770093,-0.31719613392972157,0.4886074323865624,-0.45665887028836605
3.6930382683923106,3.6950148325024297,-2.7630078853614317,3.1491123075250536
-0.3171270863813872,-0.31719613392972157,-0.05332845390476999,-0.23341501864996045
-0.31762961872539575,-0.31719613392972157,-0.5952643401961024,-0.43821438647829647
-0.31719680149602997,-0.31719613392972157,-0.5952643401961024,-0.22070067259260073
-0.3173526623800881,-0.31719613392972157,-0.05332845390476999,-0.22062349902017372
-0.317140568731752,-0.31719613392972157,0.4886074323865624,-0.15058848204260802
-0.31712337028937326,-0.31719613392972157,1.0305433186778947,-0.161749709954873
-0.3175294070870348,-0.31719613392972157,-0.5952643401961024,-0.2660787331797177
-0.31730564306708453,-0.31719613392972157,0.4886074323865624,-0.39435085725006075
-0.3171058647319519,-0.31719613392972157,-0.5952643401961024,-0.47940578076124485
-0.31690516505169186,-0.31719613392972157,1.0305433186778947,-0.41857371229560725
2.516349648223959,2.522214703853032,-1.6791361127787672,1.09520520425447
2.5246086473693143,2.522214703853032,-3.304943771652764,3.213291779694716
3.6310905845579295,3.633288509941935,-2.7630078853614317,3.146980387586756
-0.317093733687774,-0.31719613392972157,-0.05332845390476999,-0.24900408028022855
-0.3170455166261048,-0.31719613392972157,-0.05332845390476999,-0.18025207394426285
-0.3181033743899239,-0.31719613392972157,-0.05332845390476999,-0.4598036933647692
-0.3173902839727918,-0.31719613392972157,-0.05332845390476999,-0.26964801090446966
-0.31698977524589483,-0.31719613392972157,0.4886074323865624,-0.10839383131810769
-0.31781616040219746,-0.31719613392972157,0.4886074323865624,-0.40422907452072565
-0.3172909015450456,-0.31719613392972157,0.4886074323865624,-0.2494671217147909
-0.3177339149938216,-0.31719613392972157,1.0305433186778947,-0.3286182669353042
-0.31704972410218674,-0.31719613392972157,1.0305433186778947,-0.4067950958039257
-0.31727858623184213,-0.31719613392972157,-0.05332845390476999,-0.2392802101544177
-0.31712588863272156,-0.31719613392972157,-0.5952643401961024,-0.20715671063164998
-0.31777580548561574,-0.31719613392972157,-0.5952643401961024,-0.3951418863674382
-0.31752526103396134,-0.31719613392972157,-0.05332845390476999,-0.4696915573319874
-0.3177372318362804,-0.31719613392972157,-0.05332845390476999,-0.34621384144867606
-0.3177368632982294,-0.31719613392972157,1.0305433186778947,-0.3445256695518339
2.5246257229656757,2.522214703853032,-1.6791361127787672,3.209462041163022
-0.3178081139880845,-0.31719613392972157,1.0305433186778947,-0.5636214416722846
-0.31643804307208123,-0.31719613392972157,0.4886074323865624,-0.12624021994186757
-0.3179477284863955,-0.31719613392972157,-0.05332845390476999,-0.4033512251343678
-0.3174999240429568,-0.31719613392972157,-0.05332845390476999,-0.26749679757306505
3.693016493935799,3.6950148325024297,-3.304943771652764,3.15163974202204
-0.3169226091861047,-0.31719613392972157,0.4886074323865624,-0.33652855810907883
3.693019411528703,3.6950148325024297,-2.7630078853614317,3.1411827229581726
-0.31709741906828376,-0.31719613392972157,1.0305433186778947,-0.2773074879678563
-0.31763235204927376,-0.31719613392972157,1.0305433186778947,-0.3270362087005493
-0.3170445645694731,-0.31719613392972157,1.0305433186778947,-0.17912341044751703
-0.318010103551523,-0.31719613392972157,-0.05332845390476999,-0.41926827444745085
-0.31734424742792416,-0.31719613392972157,0.4886074323865624,-0.28635608933493023
-0.3171907820411974,-0.31719613392972157,1.0305433186778947,-0.2498915763631398
-0.31679497217445035,-0.31719613392972157,0.4886074323865624,-0.4043255414862595
-0.3179473906598488,-0.31719613392972157,-0.05332845390476999,-0.40856044127319496
-0.3159922962994271,-0.31719613392972157,-0.05332845390476999,-0.02334855450347707
-0.317144776207834,-0.31719613392972157,-0.05332845390476999,-0.1450898650071793
-0.3167952485779886,-0.31719613392972157,-0.5952643401961024,-0.2758508367882954
2.5246557895283344,2.522214703853032,-1.6791361127787672,3.2052946682519603
2.5245949807499235,2.522214703853032,-3.304943771652764,3.2134654202326765
-0.31719941197389107,-0.31719613392972157,-0.5952643401961024,-0.45362016087405027
-0.3176583646933717,-0.31719613392972157,0.4886074323865624,-0.4817113412375036
-0.3171080759602578,-0.31719613392972157,-0.05332845390476999,-0.3363163307849044
-0.3172721982389586,-0.31719613392972157,-0.05332845390476999,-0.2277427610765709
-0.31688283778810367,-0.31719613392972157,-0.05332845390476999,-0.41680836682633804
-0.3170904475568195,-0.31719613392972157,-0.05332845390476999,-0.17438688243980557
-0.31704413460841363,-0.31719613392972157,-0.05332845390476999,-0.37900296303362724
3.631612864399169,3.633288509941935,-3.304943771652764,3.1481090510835017
-0.31680344854962283,-0.31719613392972157,-0.5952643401961024,-0.34771872611100396
-0.31697423522474544,-0.31719613392972157,-0.05332845390476999,-0.309681801601012
-0.3175171224853356,-0.31719613392972157,-0.5952643401961024,-0.2703329263597599
-0.3173705057640561,-0.31719613392972157,1.0305433186778947,-0.2247619318415753
-0.3177885507598786,-0.31719613392972157,-0.05332845390476999,-0.3608671735132659
-0.3171576750396181,-0.31719613392972157,1.0305433186778947,-0.290398055190798
-0.3172815038247457,-0.31719613392972157,-0.5952643401961024,-0.4012385985891767
-0.3174812514483741,-0.31719613392972157,0.4886074323865624,-0.40250231583767
-0.31717376786784407,-0.31719613392972157,-0.5952643401961024,-0.3627772194308359
-0.31730097491843884,-0.31719613392972157,1.0305433186778947,-0.24425790557596372
2.524664511595541,2.522214703853032,-1.6791361127787672,3.2144493832811216
-0.3167731977179386,-0.31719613392972157,1.0305433186778947,-0.09675991527472695
-0.4022829625918428,-0.4200733381972126,-3.304943771652764,-0.864347560027468
-0.3174720072855955,-0.31719613392972157,-0.05332845390476999,-0.259297105502689
-0.3180117926842566,-0.31719613392972157,-0.05332845390476999,-0.4339119598154873
-0.31702807249169196,-0.31719613392972157,1.0305433186778947,-0.29159424556341756
-0.31777208939360174,-0.31719613392972157,-0.05332845390476999,-0.3997144205337421
-0.31725205149217195,-0.31719613392972157,1.0305433186778947,-0.3699929484527669
-0.31727916975042286,-0.31719613392972157,0.4886074323865624,-0.10085011461336171
-0.3169871647680338,-0.31719613392972157,0.4886074323865624,-0.10722658103514829
3.693018981567644,3.6950148325024297,-2.7630078853614317,3.152228190511797
-0.3171635102254252,-0.31719613392972157,0.4886074323865624,-0.40206821449276775
-0.31712186542566506,-0.31719613392972157,-0.5952643401961024,-0.3259847187762304
-0.31680111447529996,-0.31719613392972157,0.4886074323865624,-0.403081117630873
-0.3181391840038769,-0.31719613392972157,-0.05332845390476999,-0.45329217319123516
-0.317148983683916,-0.31719613392972157,1.0305433186778947,-0.16707468645234078
-0.3177619853087042,-0.31719613392972157,-0.05332845390476999,-0.40104566465810904
-0.31693434098072737,-0.31719613392972157,-0.05332845390476999,-0.48087207863735915
-0.31724151744621487,-0.31719613392972157,1.0305433186778947,-0.3616582026306434
-0.3177255921761704,-0.31719613392972157,0.4886074323865624,-0.3356796488123811
-0.31800764663118314,-0.31719613392972157,1.0305433186778947,-0.4625626485790369
-0.31679874968947286,-0.31719613392972157,-0.05332845390476999,-0.24358263681722686
3.6930167703393373,3.6950148325024297,-3.304943771652764,3.1502409710217996
-0.31791317804411656,-0.31719613392972157,-0.5952643401961024,-0.39272056553253887
-0.31729615321227195,-0.31719613392972157,1.0305433186778947,-0.24643805899702848
-0.317093365149723,-0.31719613392972157,-0.05332845390476999,-0.22455935121395418
-0.3179551606704235,-0.31719613392972157,-0.5952643401961024,-0.40833856725246714
3.6929855367395175,3.6950148325024297,-1.6791361127787672,2.8496981399011303
-0.3171654450501929,-0.31719613392972157,0.4886074323865624,-0.14871702291125158
-0.31680532195138195,-0.31719613392972157,-0.05332845390476999,-0.2443640192380509
-0.31716056192101744,-0.31719613392972157,-0.5952643401961024,-0.26640672086253275
-0.31735748408625497,-0.31719613392972157,1.0305433186778947,-0.23073323700811976
-0.3167986575549601,-0.31719613392972157,-0.05332845390476999,-0.25007486359765413
-0.3171597019988985,-0.31719613392972157,-0.05332845390476999,-0.1687532116526295
-0.3180373446557909,-0.31719613392972157,1.0305433186778947,-0.4235417610205998
-0.31722278342862376,-0.31719613392972157,0.4886074323865624,-0.3419596482686339
-0.317299623612252,-0.31719613392972157,0.4886074323865624,-0.2468432202522706
-0.317163479513921,-0.31719613392972157,0.4886074323865624,-0.43831085344383025
-0.3168038170876738,-0.31719613392972157,-0.05332845390476999,-0.0928819432602667
-0.31724839682316647,-0.31719613392972157,-0.5952643401961024,-0.44129168267882585
-0.31729013375743936,-0.31719613392972157,-0.05332845390476999,-0.2458689039003788
-0.31780826754560576,-0.31719613392972157,-0.05332845390476999,-0.4066311019625182
-0.31660265673485,-0.31719613392972157,0.4886074323865624,-0.2663681340763192
-0.31709901606650465,-0.31719613392972157,-0.05332845390476999,-0.13215364492909182
-0.31716943754574506,-0.31719613392972157,1.0305433186778947,-0.36821795628694437
-0.31729526257864876,-0.31719613392972157,1.0305433186778947,-0.24883043974226762
-0.3168101129460446,-0.31719613392972157,0.4886074323865624,-0.40091061090636165
-0.31788685828497615,-0.31719613392972157,-0.05332845390476999,-0.3951515330639916
4.486491202286378,4.49745702578886,-2.2210719990700993,0.5181108763413966
-0.3177570714680245,-0.31719613392972157,-0.05332845390476999,-0.3473810917316355
-0.31714618893702945,-0.31719613392972157,1.0305433186778947,-0.46800338543514536
-0.31709781831783895,-0.31719613392972157,1.0305433186778947,-0.20618239427975832
-0.31737747727552035,-0.31719613392972157,-0.05332845390476999,-0.30092260113053965
-0.3168648101351101,-0.31719613392972157,-0.5952643401961024,-0.22841802983530776
-0.31809167330680543,-0.31719613392972157,0.4886074323865624,-0.4999050109371852
-0.3172897345078841,-0.31719613392972157,0.4886074323865624,-0.39998452803723683
-0.31710743101866856,-0.31719613392972157,-0.5952643401961024,-0.15908722170613912
-0.3174555766308228,-0.31719613392972157,1.0305433186778947,-0.4139722380396432
-0.3174384396114525,-0.31719613392972157,1.0305433186778947,-0.28388653501726396
-0.3168059054699626,-0.31719613392972157,-0.05332845390476999,-0.40190422065136017
-0.31700589878562496,-0.31719613392972157,-0.05332845390476999,-0.11016882348393033
-0.3171593334608475,-0.31719613392972157,1.0305433186778947,-0.15655978720915248
-0.31679712197974774,-0.31719613392972157,1.0305433186778947,-0.39985912098204285
-0.3182573925837271,-0.31719613392972157,-0.05332845390476999,-0.550231826856188
3.631567718487925,3.633288509941935,-2.7630078853614317,3.1490447806491804
2.524597621939289,2.522214703853032,-3.304943771652764,3.2113045602047183
-0.31630573791178124,-0.31719613392972157,1.0305433186778947,-0.4003125157200519
-0.3171437320166896,-0.31719613392972157,0.4886074323865624,-0.18046430126843738
-0.31693759640017766,-0.31719613392972157,1.0305433186778947,-0.20670331589364102
-0.3172858034353404,-0.31719613392972157,-0.05332845390476999,-0.24932242126649015
-0.31706894950384595,-0.31719613392972157,1.0305433186778947,-0.4326289491738873
-0.31718608318104746,-0.31719613392972157,-0.05332845390476999,-0.29421814702593796
-0.31727870907785916,-0.31719613392972157,0.4886074323865624,-0.2473544951695999
-0.31687276441471035,-0.31719613392972157,-0.05332845390476999,-0.22044021178565937
-0.31729710526890365,-0.31719613392972157,-0.05332845390476999,-0.24225139269285992
-0.3168017287053849,-0.31719613392972157,-0.05332845390476999,-0.4018077536858264
-0.3168098672540106,-0.31719613392972157,-0.5952643401961024,-0.25536125330890835
-0.3182881962224878,-0.31719613392972157,0.4886074323865624,-0.5595215956370965
-0.3175869297344911,-0.31719613392972157,1.0305433186778947,-0.3725300296463068
-0.3167981354593879,-0.31719613392972157,1.0305433186778947,-0.24669851980396984
-0.31780614845181265,-0.31719613392972157,-0.05332845390476999,-0.4287027436766601
-0.3173152250564099,-0.31719613392972157,0.4886074323865624,-0.25478245151570544
-0.3177903934501335,-0.31719613392972157,-0.05332845390476999,-0.40474034943805504
-0.31728377647606004,-0.31719613392972157,0.4886074323865624,-0.5515727176771084
-0.31728494351322145,-0.31719613392972157,-0.05332845390476999,-0.40347663218956176
-0.3171230324628265,-0.31719613392972157,-0.05332845390476999,-0.46800338543514536
-0.3177489943424073,-0.31719613392972157,-0.5952643401961024,-0.5002040585303401
-0.3171364841016871,-0.31719613392972157,0.4886074323865624,-0.3716811203496091
-0.3171901678111124,-0.31719613392972157,0.4886074323865624,-0.33067301330117493
-0.317199166281857,-0.31719613392972157,0.4886074323865624,-0.15383941878109836
-0.3172967674423569,-0.31719613392972157,0.4886074323865624,-0.25144469450823465
-0.3167942043868442,-0.31719613392972157,-0.05332845390476999,-0.09469552221230292
-0.31781358063584064,-0.31719613392972157,1.0305433186778947,-0.40472105604494824
-0.31721495199504046,-0.31719613392972157,1.0305433186778947,-0.3004113262132103
-0.3176538501022473,-0.31719613392972157,-0.5952643401961024,-0.3131353189671233
-0.3174061925319922,-0.31719613392972157,1.0305433186778947,-0.24072721463742536
-0.31533184540057596,-0.31719613392972157,1.0305433186778947,-0.09558301829521416
3.693002028817299,3.6950148325024297,-2.7630078853614317,3.148022230814522
-0.31715359040955315,-0.31719613392972157,1.0305433186778947,-0.3457508000141137
-0.316800745937249,-0.31719613392972157,1.0305433186778947,-0.3945244977880216
-0.3181298784180898,-0.31719613392972157,1.0305433186778947,-0.4469542935556621
-0.31699880442814377,-0.31719613392972157,1.0305433186778947,-0.20083812438918378
-0.3167972141142605,-0.31719613392972157,1.0305433186778947,-0.24549268273479685
-0.3178074383349911,-0.31719613392972157,1.0305433186778947,-0.5565697064917611
-0.3172756993504428,-0.31719613392972157,0.4886074323865624,-0.25058613851498346
-0.3168336686698028,-0.31719613392972157,-0.5952643401961024,-0.4014508259133512
-0.3172569653328516,-0.31719613392972157,-0.5952643401961024,-0.17722301122650042
-0.31696692588673436,-0.31719613392972157,0.4886074323865624,-0.16637047760394374
-0.3174688440006579,-0.31719613392972157,-0.05332845390476999,-0.39287491267739305
-0.31716203607322135,-0.31719613392972157,-0.05332845390476999,-0.2703425730563133
-0.3170114268563896,-0.31719613392972157,1.0305433186778947,-0.3910516870288035
-0.3172910551025668,-0.31719613392972157,1.0305433186778947,-0.24406497164489613
3.6930123478827257,3.6950148325024297,-1.6791361127787672,3.1487553797525782
-0.31679242311959777,-0.31719613392972157,1.0305433186778947,-0.3886593062835644
-0.3180254285921427,-0.31719613392972157,-0.05332845390476999,-0.42772842732476835
-0.3178102637933819,-0.31719613392972157,1.0305433186778947,-0.4095347576250867
-0.3178582658745213,-0.31719613392972157,1.0305433186778947,-0.374044561005188
-0.31797275836235755,-0.31719613392972157,-0.05332845390476999,-0.39997488134068343
-0.31809990398994387,-0.31719613392972157,1.0305433186778947,-0.46175232606855265
-0.31777024670334686,-0.31719613392972157,1.0305433186778947,-0.35193433250483264
-0.3176856057976396,-0.31719613392972157,1.0305433186778947,-0.3260136588658906
-0.3169812067362097,-0.31719613392972157,1.0305433186778947,-0.35751012311268837
-0.31709953816207687,-0.31719613392972157,-0.05332845390476999,-0.20873876886640502
-0.3171598248449155,-0.31719613392972157,-0.05332845390476999,-0.24971793582517887
-0.3171857146429965,-0.31719613392972157,1.0305433186778947,-0.3446800166966881
-0.3171000602576491,-0.31719613392972157,1.0305433186778947,-0.13534670148826178
-0.3171494443564797,-0.31719613392972157,-0.05332845390476999,-0.34073451780635416
-0.31755560400015825,-0.31719613392972157,1.0305433186778947,-0.3737937468948001
-0.3168931261420267,-0.31719613392972157,-0.5952643401961024,-0.08119014703756562
-0.31777181299006346,-0.31719613392972157,-0.5952643401961024,-0.4007562637615075
-0.3170917067284936,-0.31719613392972157,-0.05332845390476999,-0.38928634155953434
-0.31723006205513044,-0.31719613392972157,-0.5952643401961024,-0.16170147647210606
2.5246602119849464,2.522214703853032,-2.2210719990700993,3.1754284957226844
-0.31614692872331535,-0.31719613392972157,-0.5952643401961024,-0.12562283136245106
-0.3168299218662845,-0.31719613392972157,1.0305433186778947,-0.3446607233035813
-0.3171385724839759,-0.31719613392972157,0.4886074323865624,-0.3068746129039774
-0.31722287556313644,-0.31719613392972157,0.4886074323865624,-0.1964488774573941
-0.3172882910671845,-0.31719613392972157,1.0305433186778947,-0.2428012543964028
-0.31682927692469526,-0.31719613392972157,-0.05332845390476999,-0.4051069239070836
-0.3175164161207379,-0.31719613392972157,1.0305433186778947,-0.37375516010858656
-0.3182964883286347,-0.31719613392972157,-0.5952643401961024,-0.5594058352784559
-0.31748183496695476,-0.31719613392972157,-0.05332845390476999,-0.2656060450486019
3.6315638181268857,3.633288509941935,-1.6791361127787672,3.1498551031596644
2.5246316809975,2.522214703853032,-1.6791361127787672,3.2228516559791185
-0.40271234013273277,-0.4200733381972126,-2.7630078853614317,-0.864347560027468
-0.31714124438484553,-0.31719613392972157,-0.5952643401961024,-0.2784168580714954
-0.31732953661738944,-0.31719613392972157,1.0305433186778947,-0.3534874506499274
-0.3175199786552307,-0.31719613392972157,-0.05332845390476999,-0.2642844476207883
-0.31780169528369673,-0.31719613392972157,-0.05332845390476999,-0.3533138101119665
3.692516633492661,3.6950148325024297,-3.304943771652764,3.0020773586583798
-0.31681662378494513,-0.31719613392972157,-0.05332845390476999,-0.09644157428846538
-0.31780409078102806,-0.31719613392972157,-0.5952643401961024,-0.24506822808644796
-0.3164717950152497,-0.31719613392972157,-0.05332845390476999,-0.4108852951425604
-0.31719121200225686,-0.31719613392972157,1.0305433186778947,-0.37892578946120026
-0.31728310082296657,-0.31719613392972157,1.0305433186778947,-0.39938643285092706
-0.3169089732782186,-0.31719613392972157,-0.05332845390476999,-0.23951173087169902
-0.3177761433121625,-0.31719613392972157,-0.5952643401961024,-0.2467178131970766
-0.3174362898061551,-0.31719613392972157,-0.05332845390476999,-0.3921803505255494
-0.3179960069710732,-0.31719613392972157,-0.05332845390476999,-0.476492478402123
-0.31729176146716453,-0.31719613392972157,1.0305433186778947,-0.39300996642914043
-0.31788667401595067,-0.31719613392972157,-0.5952643401961024,-0.38654667973837337
-0.31791333160163787,-0.31719613392972157,-0.5952643401961024,-0.3888811803042922
-0.31795036967576085,-0.31719613392972157,1.0305433186778947,-0.4027917167342715
-0.3169669873097429,-0.31719613392972157,-0.5952643401961024,-0.1306777003564241
-0.31778750656873417,-0.31719613392972157,-0.5952643401961024,-0.25056684512187666
3.631538757539419,3.633288509941935,-3.304943771652764,2.8414116275617736
-0.3174076666841961,-0.31719613392972157,-0.5952643401961024,-0.48884989668700746
-0.3177980406146912,-0.31719613392972157,-0.5952643401961024,-0.3620633638858855
2.524683491305166,2.522214703853032,-2.7630078853614317,3.214719490784616
-0.3169500959824066,-0.31719613392972157,1.0305433186778947,-0.29869421422670794
-0.31726688514872364,-0.31719613392972157,-0.05332845390476999,-0.25179197558415645
-0.31730831496795414,-0.31719613392972157,-0.5952643401961024,-0.40362133263786254
-0.3176931608276846,-0.31719613392972157,0.4886074323865624,-0.32178840577550855
-0.31698344867601974,-0.31719613392972157,-0.5952643401961024,-0.13607985042631887
-0.31717484277049274,-0.31719613392972157,0.4886074323865624,-0.4728942605877109
-0.3172969209998781,-0.31719613392972157,0.4886074323865624,-0.2534897941775519
-0.317056695613651,-0.31719613392972157,-0.5952643401961024,-0.12382854580352165
-0.31778231632451626,-0.31719613392972157,-0.05332845390476999,-0.4583277487921015
-0.3171124677053652,-0.31719613392972157,-0.05332845390476999,-0.457990114412733
-0.31716943754574506,-0.31719613392972157,1.0305433186778947,-0.21689022745401423
-0.31713396575833874,-0.31719613392972157,-0.5952643401961024,-0.4540349688258457
-0.31641095552533455,-0.31719613392972157,1.0305433186778947,-0.4402691328441672
2.5246474974221873,2.522214703853032,-3.304943771652764,3.208101856948995
-0.3181246574623677,-0.31719613392972157,-0.05332845390476999,-0.46921886920087164
-0.31715402037061263,-0.31719613392972157,0.4886074323865624,-0.1916544692703624
-0.3170863629267545,-0.31719613392972157,-0.5952643401961024,-0.30612217057281343
-0.31666257487963767,-0.31719613392972157,-0.5952643401961024,-0.24913913403197593
-0.3171999340694633,-0.31719613392972157,1.0305433186778947,-0.2922888077152612
-0.3182490390545717,-0.31719613392972157,1.0305433186778947,-0.506512998076253
-0.31779982188193756,-0.31719613392972157,1.0305433186778947,-0.4078562324247979
-0.31728666335745936,-0.31719613392972157,0.4886074323865624,-0.19491505270540616
-0.31665148802660414,-0.31719613392972157,0.4886074323865624,-0.4234935275378329
-0.3172034351809475,-0.31719613392972157,1.0305433186778947,-0.1566562541746864
-0.3172978730565098,-0.31719613392972157,0.4886074323865624,-0.25295922586711583
-0.31677636100287615,-0.31719613392972157,-0.5952643401961024,-0.31735092536095205
-0.3173029097432065,-0.31719613392972157,1.0305433186778947,-0.2506536653908571
-0.3168965965420067,-0.31719613392972157,1.0305433186778947,-0.07703242082305738
-0.31726172561601007,-0.31719613392972157,-0.05332845390476999,-0.19240691160152643
3.6316010097585294,3.633288509941935,-1.6791361127787672,3.145051048276079
-0.3170245099571993,-0.31719613392972157,-0.5952643401961024,-0.3313000485771449
-0.3174331265212176,-0.31719613392972157,-0.5952643401961024,-0.24747025552824048
-0.3169614899504825,-0.31719613392972157,-0.05332845390476999,-0.16207769763768798
-0.3172709697787887,-0.31719613392972157,-0.05332845390476999,-0.25018097725974137
-0.3178651452514729,-0.31719613392972157,1.0305433186778947,-0.3804113807304213
-0.3171391252910524,-0.31719613392972157,-0.5952643401961024,-0.2790631867405722
-0.3175425516108529,-0.31719613392972157,-0.5952643401961024,-0.278330037802515
-0.3177885200483744,-0.31719613392972157,1.0305433186778947,-0.3960390291469029
-0.3173130752511125,-0.31719613392972157,0.4886074323865624,-0.24973722921828564
-0.31680366353015255,-0.31719613392972157,-0.5952643401961024,-0.24550232943135025
-0.31753662429053303,-0.31719613392972157,-0.05332845390476999,-0.28297009884469254
-0.31681094215665934,-0.31719613392972157,1.0305433186778947,-0.09313275737065467
2.5245997410330823,2.522214703853032,-2.7630078853614317,3.213629414074084
-0.3171716794855552,-0.31719613392972157,1.0305433186778947,-0.32431584027249505
-0.3175565560567899,-0.31719613392972157,-0.5952643401961024,-0.3096914482975654
-0.3172363579135013,-0.31719613392972157,0.4886074323865624,-0.442603633410086
-0.3176177026617475,-0.31719613392972157,1.0305433186778947,-0.2939383928258898
-0.3169332660780787,-0.31719613392972157,0.4886074323865624,-0.3831510425515823
-0.319190469505787,-0.3377715747832198,0.4886074323865624,-0.016171412267759516
-0.3171784974394982,-0.31719613392972157,-0.5952643401961024,-0.14818645460081548
-0.31728233303536035,-0.31719613392972157,-0.5952643401961024,-0.3962512564710774
-0.31697868839286136,-0.31719613392972157,0.4886074323865624,-0.11226215663601453
-0.3176762080773398,-0.31719613392972157,0.4886074323865624,-0.33972161466824885
-0.3176225550794187,-0.31719613392972157,-0.05332845390476999,-0.4223069838617667
-0.3180520861778299,-0.31719613392972157,-0.05332845390476999,-0.4426229268031928
-0.3171024557549804,-0.31719613392972157,-0.5952643401961024,-0.4040264938931046
-0.3171273320734212,-0.31719613392972157,1.0305433186778947,-0.3886110728007975
-0.31744663958308666,-0.31719613392972157,1.0305433186778947,-0.24204881206523893
-0.31704960125616977,-0.31719613392972157,-0.5952643401961024,-0.12454240134847208
-0.3171155695672943,-0.31719613392972157,1.0305433186778947,-0.15744728329206387
-0.3166901538104523,-0.31719613392972157,0.4886074323865624,-0.1635439955138023
-0.31712582720971305,-0.31719613392972157,0.4886074323865624,-0.26799842579384103
3.6315992284912832,3.633288509941935,-2.7630078853614317,3.1541768232155802
-0.3171516248732813,-0.31719613392972157,-0.05332845390476999,-0.24087191508572614
-0.31780108105361177,-0.31719613392972157,0.4886074323865624,-0.3914857883737058
-0.31728337722650485,-0.31719613392972157,1.0305433186778947,-0.09122271145308467
-0.31741466890716463,-0.31719613392972157,-0.05332845390476999,-0.4703475326976176
-0.31682162976013756,-0.31719613392972157,-0.05332845390476999,-0.09953816388210143
-0.3181526663542418,-0.31719613392972157,-0.05332845390476999,-0.4781034767265381
-0.317317098458169,-0.31719613392972157,-0.05332845390476999,-0.20657790883844707
-0.3173680488437163,-0.31719613392972157,-0.5952643401961024,-0.46036320176486545
-0.3175043772110728,-0.31719613392972157,0.4886074323865624,-0.49150273823918805
-0.3177953994253259,-0.31719613392972157,-0.05332845390476999,-0.40721955045227465
-0.31710420631072256,-0.31719613392972157,0.4886074323865624,-0.3960004423606893
-0.3167988725354899,-0.31719613392972157,1.0305433186778947,-0.39434121055350735
-0.3175743380177495,-0.31719613392972157,1.0305433186778947,-0.27267707362223215
-0.3173088984865348,-0.31719613392972157,-0.5952643401961024,-0.2443736659346043
-0.31778563316697506,-0.31719613392972157,1.0305433186778947,-0.24723873481095932
-0.31777580548561574,-0.31719613392972157,-0.5952643401961024,-0.3988172777542774
-0.3182810097304938,-0.31719613392972157,-0.05332845390476999,-0.5542737927120558
2.524661348310603,2.522214703853032,-1.6791361127787672,3.2140924555086468
-0.31732879954128745,-0.31719613392972157,1.0305433186778947,-0.35805033811967785
-0.317991400245436,-0.31719613392972157,1.0305433186778947,-0.41990495641997416
-0.3177910998147312,-0.31719613392972157,-0.05332845390476999,-0.24791400356969617
-0.3172825173043859,-0.31719613392972157,0.4886074323865624,-0.24583996381071863
2.5246326330541313,2.522214703853032,-2.7630078853614317,3.2141117489017534
-0.3171383882149505,-0.31719613392972157,-0.05332845390476999,-0.3066045054004826
-0.3169763236070343,-0.31719613392972157,1.0305433186778947,-0.11045822438053185
-0.31819461826904444,-0.31719613392972157,-0.5952643401961024,-0.47699410662289893
-0.3775908824650228,-0.37892245649021616,-2.7630078853614317,-0.20045225652704843
-0.3166613157079635,-0.31719613392972157,1.0305433186778947,-0.17997231974421485
-0.3173400399518422,-0.31719613392972157,0.4886074323865624,-0.2886037696318686
6.204325249370025,6.184643175775713,-1.1372002264874348,1.376309941820071
-0.31778971779704,-0.31719613392972157,0.4886074323865624,-0.49710746893670393
-0.317112928377929,-0.31719613392972157,-0.05332845390476999,-0.45521186580535855
-0.31710564975142214,-0.31719613392972157,-0.5952643401961024,-0.30239854570320734
-0.31682233612473526,-0.31719613392972157,-0.5952643401961024,-0.24158577063067643
-0.31696797007787886,-0.31719613392972157,-0.5952643401961024,-0.4141458785776041
-0.3168113721177188,-0.31719613392972157,-0.05332845390476999,-0.1527396953740126
-0.3167923616965893,-0.31719613392972157,-0.05332845390476999,-0.24481741397606
-0.3171310174539309,-0.31719613392972157,-0.05332845390476999,-0.19871585114743923
2.5246537932805584,2.522214703853032,-2.7630078853614317,3.2071564806867636
-0.3171267485548405,-0.31719613392972157,-0.5952643401961024,-0.14572654697970258
-0.317515187660568,-0.31719613392972157,0.4886074323865624,-0.39999417473379023
-0.31710884374786397,-0.31719613392972157,-0.05332845390476999,-0.3439951012413978
-0.31714069157776903,-0.31719613392972157,-0.05332845390476999,-0.19133612828410082
-0.3169272159117419,-0.31719613392972157,-0.05332845390476999,-0.402251501727282
-0.3180669812573901,-0.31719613392972157,1.0305433186778947,-0.4364104542228137
-0.31676816103124195,-0.31719613392972157,0.4886074323865624,-0.3327374063635991
-0.31681490394070727,-0.31719613392972157,-0.5952643401961024,-0.23862423478878764
-0.3177432820026172,-0.31719613392972157,1.0305433186778947,-0.3431558386412535
-0.31681419757610957,-0.31719613392972157,1.0305433186778947,-0.2545895175846377
-0.31768081480297694,-0.31719613392972157,1.0305433186778947,-0.3731667116188302
-0.31821381295919937,-0.31719613392972157,-0.05332845390476999,-0.4799267023751276
-0.31679828901690915,-0.31719613392972157,0.4886074323865624,-0.09592065267458254
-0.3173011898989686,-0.31719613392972157,-0.05332845390476999,-0.3980551887265601
-0.31828773554992407,-0.31719613392972157,-0.5952643401961024,-0.40453776881043396
-0.3173076393148606,-0.31719613392972157,0.4886074323865624,-0.2502388574390617
-0.31728119670970323,-0.31719613392972157,1.0305433186778947,-0.4054734983761122
-0.3172903487379691,-0.31719613392972157,-0.5952643401961024,-0.40051509634767296
-0.3173074550458352,-0.31719613392972157,-0.05332845390476999,-0.2789763664715917
-0.3172913929291135,-0.31719613392972157,0.4886074323865624,-0.40341875201024147
2.5246369633762304,2.522214703853032,-2.7630078853614317,3.2179125473437864
-0.31691459348349593,-0.31719613392972157,-0.05332845390476999,-0.09225490798429681
-0.31790580728309714,-0.31719613392972157,0.4886074323865624,-0.3955084608364668
-0.31699407485648956,-0.31719613392972157,1.0305433186778947,-0.23913550970611708
-0.317068580965795,-0.31719613392972157,-0.05332845390476999,-0.12445558107949155
-0.3179212858812381,-0.31719613392972157,-0.5952643401961024,-0.482627777410075
-0.31754629841437115,-0.31719613392972157,1.0305433186778947,-0.2749440473122773
-0.31717346075280156,-0.31719613392972157,-0.05332845390476999,-0.4324263685462662
-0.3172718297009076,-0.31719613392972157,0.4886074323865624,-0.24457624656222543
-0.31778342193866926,-0.31719613392972157,-0.05332845390476999,-0.24922595430095634
-0.3177794908661255,-0.31719613392972157,0.4886074323865624,-0.2484349251835789
2.524647343864666,2.522214703853032,-2.2210719990700993,3.2221667405238286
-0.31779306535100305,-0.31719613392972157,-0.5952643401961024,-0.348046713793819
-0.31783864122330696,-0.31719613392972157,-0.5952643401961024,-0.36181254977549754
-0.31707613599583995,-0.31719613392972157,-0.05332845390476999,-0.2158580309228021
-0.3172995929007477,-0.31719613392972157,0.4886074323865624,-0.2536152012327459
-0.3174621488927319,-0.31719613392972157,-0.05332845390476999,-0.24532868889338932
-0.3177919597368501,-0.31719613392972157,0.4886074323865624,-0.405444558286452
-0.31732219656787414,-0.31719613392972157,1.0305433186778947,-0.24611971801076676
-0.3170878370789584,-0.31719613392972157,-0.05332845390476999,-0.3562078190779816
-0.317182059973991,-0.31719613392972157,-0.05332845390476999,-0.3905211187183674
-0.3173215209147807,-0.31719613392972157,0.4886074323865624,-0.405193744176064
-0.31778280770858425,-0.31719613392972157,-0.05332845390476999,-0.4044220084517934
-0.31728500493622996,-0.31719613392972157,-0.05332845390476999,-0.2478175366041624
-0.31738002633037293,-0.31719613392972157,1.0305433186778947,-0.4179563237161906
-0.3171061411354901,-0.31719613392972157,-0.05332845390476999,-0.3252129830519598
-0.3170715906932112,-0.31719613392972157,1.0305433186778947,-0.2600688412269596
-0.31688719882170685,-0.31719613392972157,1.0305433186778947,-0.15457256771915545
3.6310790984553414,3.633288509941935,-3.304943771652764,3.1456009099796223
-0.3169610292779188,-0.31719613392972157,-0.5952643401961024,-0.2311191048702551
-0.3171548188697231,-0.31719613392972157,1.0305433186778947,-0.42447749058627804
-0.3175127921632367,-0.31719613392972157,1.0305433186778947,-0.26468960887603044
3.6315538675995094,3.633288509941935,-2.2210719990700993,3.1509934133529636
-0.317529683490573,-0.31719613392972157,-0.05332845390476999,-0.2688473350905388
-0.31716427801303143,-0.31719613392972157,1.0305433186778947,-0.17797545355766428
-0.31716694991390104,-0.31719613392972157,-0.5952643401961024,-0.49254458146695346
-0.31792441845467134,-0.31719613392972157,1.0305433186778947,-0.3972352195195225
-0.31707595172681446,-0.31719613392972157,0.4886074323865624,-0.4990078681577205
-0.31771321543995845,-0.31719613392972157,1.0305433186778947,-0.44506354103119883
-0.3180724786166505,-0.31719613392972157,-0.05332845390476999,-0.4483627112524561
-0.31827299402788506,-0.31719613392972157,0.4886074323865624,-0.5532608895739505
-0.3172990708051755,-0.31719613392972157,1.0305433186778947,-0.4012482452857301
2.524617553705546,2.522214703853032,-2.7630078853614317,3.206818846307395
-0.3179345225395689,-0.31719613392972157,1.0305433186778947,-0.4079719927834386
-0.3172824865928816,-0.31719613392972157,0.4886074323865624,-0.08502953226581242
-0.3163153813241151,-0.31719613392972157,-0.05332845390476999,-0.3976307340782112
-0.3175774398796785,-0.31719613392972157,-0.05332845390476999,-0.2910540305564281
3.6929928153660243,3.6950148325024297,-1.6791361127787672,3.152816639001553
-0.31790414886186774,-0.31719613392972157,0.4886074323865624,-0.4753252281191635
-0.317184793297869,-0.31719613392972157,-0.05332845390476999,-0.16689139921782645
-0.31738291321177226,-0.31719613392972157,0.4886074323865624,-0.22104795366852262
-0.31684294354408565,-0.31719613392972157,-0.05332845390476999,-0.3069228463867443
-0.3172820873433264,-0.31719613392972157,-0.05332845390476999,-0.24555056291411723
-0.317771505875021,-0.31719613392972157,0.4886074323865624,-0.4039010868379106
-0.317665336204836,-0.31719613392972157,0.4886074323865624,-0.31445691639493695
3.693044871365724,3.6950148325024297,-2.7630078853614317,3.154504810898395
-0.3173007599379091,-0.31719613392972157,-0.05332845390476999,-0.09784999198525933
-0.3177781702714428,-0.31719613392972157,-0.05332845390476999,-0.24611007131421336
-0.3181687898939719,-0.31719613392972157,-0.05332845390476999,-0.46812879249033934
-0.3171482773193183,-0.31719613392972157,-0.05332845390476999,-0.2548789184812392
2.5246000174366205,2.522214703853032,-1.6791361127787672,3.2010694151615784
-0.31702435639967796,-0.31719613392972157,-0.05332845390476999,-0.3489342098767303
-0.3167915324859746,-0.31719613392972157,1.0305433186778947,-0.2486375058112
2.524649647227485,2.522214703853032,-1.6791361127787672,3.2077352824799665
-0.31819019581243274,-0.31719613392972157,-0.05332845390476999,-0.476695059029744
-0.3168137676150501,-0.31719613392972157,1.0305433186778947,-0.25476315812259864
-0.31771204840279704,-0.31719613392972157,-0.05332845390476999,-0.3132703727188707
-0.3172974123839461,-0.31719613392972157,1.0305433186778947,-0.4089366624387769
-0.3168149653637158,-0.31719613392972157,0.4886074323865624,-0.24441225272081787
-0.3168449090803575,-0.31719613392972157,-0.05332845390476999,-0.2390776295267967
-0.31618513383459973,-0.31719613392972157,-0.05332845390476999,-0.14601594787630412
-0.3178034458394388,-0.31719613392972157,0.4886074323865624,-0.25059578521153686
-0.3173954742170097,-0.31719613392972157,1.0305433186778947,-0.4044220084517934
-0.31727843267432093,-0.31719613392972157,1.0305433186778947,-0.19223327106356547
-0.3172883832016972,-0.31719613392972157,0.4886074323865624,-0.40452812211388056
-0.3173185726103729,-0.31719613392972157,-0.5952643401961024,-0.24681428016261042
-0.3175738773451858,-0.31719613392972157,-0.5952643401961024,-0.42962882654578494
-0.31779730353858926,-0.31719613392972157,1.0305433186778947,-0.4006790901890805
-0.3172972281149206,-0.31719613392972157,0.4886074323865624,-0.24494282103125398
-0.31773010676729485,-0.31719613392972157,-0.5952643401961024,-0.35518526924332294
-0.31769349865423135,-0.31719613392972157,0.4886074323865624,-0.31801654742313556
-0.3168357877635959,-0.31719613392972157,-0.5952643401961024,-0.34050299708907295
-0.31728611055038286,-0.31719613392972157,-0.05332845390476999,-0.2533258003361445
-0.317185038989903,-0.31719613392972157,-0.05332845390476999,-0.3921514104358893
-0.31715782859713937,-0.31719613392972157,1.0305433186778947,-0.15883640759575104
-0.31778136426788456,-0.31719613392972157,1.0305433186778947,-0.40194280743757377
-0.31755019877541063,-0.31719613392972157,-0.05332845390476999,-0.27786699636795253
-0.31731110971484067,-0.31719613392972157,1.0305433186778947,-0.09293982343958707
-0.3169459499293331,-0.31719613392972157,-0.05332845390476999,-0.48887883677666766
-0.31715531025379107,-0.31719613392972157,-0.5952643401961024,-0.44864246545250425
-0.3181734887541219,-0.31719613392972157,1.0305433186778947,-0.4624565349169497
2.524694670292712,2.522214703853032,-2.7630078853614317,3.21601214812277
-0.3175803267610778,-0.31719613392972157,-0.5952643401961024,-0.3003630927304433
2.5245798399783292,2.522214703853032,-1.6791361127787672,3.2075327018523456
-0.3168917441243355,-0.31719613392972157,-0.5952643401961024,-0.3409274517374218
-0.31705466865437065,-0.31719613392972157,1.0305433186778947,-0.11367057433280862
-0.3169344945382486,-0.31719613392972157,-0.05332845390476999,-0.09521644382618562
-0.31778747585722994,-0.31719613392972157,1.0305433186778947,-0.401798106989273
3.631552454870314,3.633288509941935,-1.6791361127787672,3.151253874159905
-0.31725395560543534,-0.31719613392972157,1.0305433186778947,-0.20831431421805613
-0.40181937243522065,-0.4200733381972126,-2.7630078853614317,-0.864347560027468
-0.31661411212593443,-0.31719613392972157,0.4886074323865624,-0.1363885447160272
-0.3172804596336013,-0.31719613392972157,0.4886074323865624,-0.40712308348674076
-0.3170289324138109,-0.31719613392972157,-0.05332845390476999,-0.22680703151089268
-0.31741325617796917,-0.31719613392972157,0.4886074323865624,-0.30891006587674136
-0.3173019576865748,-0.31719613392972157,-0.5952643401961024,-0.24997839663212035
-0.317104759117799,-0.31719613392972157,0.4886074323865624,-0.13933078716480923
-0.31679125608243636,-0.31719613392972157,-0.05332845390476999,-0.24316782886543134
-0.31779285037047333,-0.31719613392972157,1.0305433186778947,-0.40041862938213907
-0.31815377196839467,-0.31719613392972157,1.0305433186778947,-0.47719668725051995
-0.3181946796920529,-0.31719613392972157,1.0305433186778947,-0.4763574246503756
-0.31794450377844946,-0.31719613392972157,-0.05332845390476999,-0.40096849108568194
4.548378015919339,4.559183348349355,-2.7630078853614317,0.5204550236038691
-0.3174120277177993,-0.31719613392972157,-0.5952643401961024,-0.30882324560776087
-0.3177777403103833,-0.31719613392972157,1.0305433186778947,-0.4042773080034926
-0.31717462778996297,-0.31719613392972157,-0.5952643401961024,-0.1656855621486535
-0.3177820399209781,-0.31719613392972157,-0.05332845390476999,-0.4054542049830054
-0.3173022648016173,-0.31719613392972157,-0.5952643401961024,-0.5573607356091386
-0.3175638961063052,-0.31719613392972157,-0.05332845390476999,-0.29301230995676497
-0.31748653382710473,-0.31719613392972157,1.0305433186778947,-0.41834219157832603
-0.31716876189265164,-0.31719613392972157,-0.5952643401961024,-0.26484395602088456
-0.31743972949463095,-0.31719613392972157,-0.5952643401961024,-0.4129496882049845
3.6315579522295747,3.633288509941935,-2.7630078853614317,3.148205518049036
-0.3177801665192189,-0.31719613392972157,1.0305433186778947,-0.3466286494004716
-0.31717088098644475,-0.31719613392972157,1.0305433186778947,-0.25265053157740763
-0.31779297321649036,-0.31719613392972157,-0.5952643401961024,-0.24987228297003303
-0.31778753728023845,-0.31719613392972157,0.4886074323865624,-0.40338016522402786
-0.318281531826066,-0.31719613392972157,-0.05332845390476999,-0.3998977077682564
-0.3177878443952809,-0.31719613392972157,-0.5952643401961024,-0.4002835756303917
-0.31786572877005353,-0.31719613392972157,-0.05332845390476999,-0.3779418264127551
-0.3172838686105728,-0.31719613392972157,1.0305433186778947,-0.2458013770245052
-0.3173112632723619,-0.31719613392972157,0.4886074323865624,-0.3938492290292848
-0.3173731162419172,-0.31719613392972157,-0.05332845390476999,-0.28450392359668053
3.631582306452443,3.633288509941935,-2.7630078853614317,3.147539895986852
3.693017261723406,3.6950148325024297,-2.7630078853614317,3.1424657335997725
-0.3174192142097933,-0.31719613392972157,-0.5952643401961024,-0.24073686133397876
-0.317701760048874,-0.29662069307622335,-0.05332845390476999,-0.3231196498998755
-0.3171821213969995,-0.31719613392972157,0.4886074323865624,-0.31503571818813997
3.6930332317056145,3.6950148325024297,-2.2210719990700993,3.146006071234864
-0.3177574707175797,-0.31719613392972157,1.0305433186778947,-0.448285537680029
-0.31821657699458167,-0.31719613392972157,-0.5952643401961024,-0.4815666407892028
-0.31802109827004377,-0.31719613392972157,-0.5952643401961024,-0.42418808968967653
-0.31724925674528537,-0.31719613392972157,-0.5952643401961024,-0.2677572583800064
-0.3166564632902923,-0.31719613392972157,0.4886074323865624,-0.4547391776742427
-0.3177789073475447,-0.31719613392972157,-0.05332845390476999,-0.24975652261139245
-0.31766994293047324,-0.31719613392972157,0.4886074323865624,-0.3277211241558396
-0.3178002825545013,-0.31719613392972157,0.4886074323865624,-0.39879798436117064
-0.3177406408132519,-0.31719613392972157,-0.05332845390476999,-0.34749685209027614
-0.31730309401223195,-0.31719613392972157,-0.05332845390476999,-0.2528916989912422
2.5246335851107635,2.522214703853032,-1.6791361127787672,3.225851778607221
-0.3181264080181098,-0.31719613392972157,-0.05332845390476999,-0.44873893241803803
-0.31647821371963747,-0.31719613392972157,0.4886074323865624,-0.122931403024057
2.463186560218631,2.4604883812925373,-1.6791361127787672,3.2116807813703003
-0.31778068861479114,-0.31719613392972157,1.0305433186778947,-0.24607148452799993
-0.31780574920225746,-0.31719613392972157,1.0305433186778947,-0.4288570908215143
-0.3171629574183488,-0.31719613392972157,1.0305433186778947,-0.16941883371481295
-0.31757685636109784,-0.31719613392972157,1.0305433186778947,-0.43988326498203184
-0.31686576219174184,-0.31719613392972157,0.4886074323865624,-0.41127116300469574
-0.3180654149706735,-0.31719613392972157,-0.05332845390476999,-0.42819146875933073
-0.31701268602806376,-0.31719613392972157,-0.5952643401961024,-0.11569638060901923
-0.3177848039563604,-0.31719613392972157,-0.05332845390476999,-0.40043792277524587
3.6930304983817366,3.6950148325024297,-1.6791361127787672,3.151080233621944
-0.317288843874261,-0.31719613392972157,-0.05332845390476999,-0.2524190108601263
-0.31745106203969836,-0.31719613392972157,0.4886074323865624,-0.26595332612452366
-0.31678962837271124,-0.31719613392972157,1.0305433186778947,-0.40500081024499635
-0.3168117406557697,-0.31719613392972157,0.4886074323865624,-0.2728700075532998
-0.31730131274498563,-0.31719613392972157,-0.05332845390476999,-0.251078120039206
3.6315574301340017,3.633288509941935,-2.7630078853614317,3.1537427218706777
-0.3171437934396981,-0.31719613392972157,1.0305433186778947,-0.42760302026957436
-0.3171672877404477,-0.31719613392972157,1.0305433186778947,-0.15095505651163657
-0.3172694649150805,-0.31719613392972157,1.0305433186778947,-0.4016148197547587
2.5246528719354306,2.522214703853032,-1.6791361127787672,3.2111984465426313
3.8149328122708273,3.818467477623419,-2.2210719990700993,3.1443757795173424
-0.316928597929433,-0.31719613392972157,-0.05332845390476999,-0.3345509853156352
2.524632203093072,2.522214703853032,-2.7630078853614317,3.2166488300952927
2.5246182600701434,2.522214703853032,-3.304943771652764,3.2147001973915095
2.5246900021440664,2.522214703853032,-2.7630078853614317,3.2066548524659875
-0.31690799051008267,-0.31719613392972157,-0.05332845390476999,-0.31710975794711743
-0.31715672298298647,-0.31719613392972157,-0.5952643401961024,-0.15181361250488776
-0.31823445109005394,-0.31719613392972157,-0.5952643401961024,-0.48479828413458637
-0.3171815071669145,-0.31719613392972157,1.0305433186778947,-0.2366273686022372
2.5252247815675357,2.522214703853032,-2.7630078853614317,3.20583488325895
-0.31610565246160616,-0.31719613392972157,-0.5952643401961024,-0.40465352916907454
-0.31733859651114255,-0.31719613392972157,-0.05332845390476999,-0.3781637004334829
-0.31716943754574506,-0.31719613392972157,-0.05332845390476999,-0.2938515725569094
-0.31810134743064356,-0.31719613392972157,-0.5952643401961024,-0.44857493857663056
2.5246270742718626,2.522214703853032,-1.6791361127787672,3.1947315355260053
-0.317310771888294,-0.31719613392972157,-0.05332845390476999,-0.24360193021033363
-0.317647861358919,-0.31719613392972157,1.0305433186778947,-0.3161065015055656
-0.31679285308065724,-0.31719613392972157,1.0305433186778947,-0.09506209668133146
-0.31684948509449046,-0.31719613392972157,-0.5952643401961024,-0.2737092701534442
-0.3169106931224565,-0.31719613392972157,-0.5952643401961024,-0.14221514943427102
-0.31725555260365623,-0.31719613392972157,1.0305433186778947,-0.2851116654795437
-0.31744771448573533,-0.31719613392972157,-0.05332845390476999,-0.2432353557413051
-0.31695771243546,-0.31719613392972157,0.4886074323865624,-0.4417740175064951
-0.317262339846095,-0.31719613392972157,-0.5952643401961024,-0.24764389606620144
-0.3173049059909826,-0.31719613392972157,-0.05332845390476999,-0.2495828820734315
-0.317134365007894,-0.31719613392972157,1.0305433186778947,-0.13876163206815956
-0.3180924718059159,-0.31719613392972157,-0.5952643401961024,-0.49272786870146773
-0.3169311162727813,-0.31719613392972157,-0.5952643401961024,-0.2919222332462326
-0.3166739995592179,-0.31719613392972157,1.0305433186778947,-0.39895233150602477
-0.3166637419167991,-0.31719613392972157,1.0305433186778947,-0.2866647836246385
3.693009553135839,3.6950148325024297,-3.304943771652764,3.144173198889721
-0.3171479702042758,-0.31719613392972157,-0.05332845390476999,-0.24046675383048402
-0.31716185180419587,-0.31719613392972157,1.0305433186778947,-0.2529978126533294
3.693019165836669,3.6950148325024297,-3.304943771652764,3.149305241456122
2.5246165709374098,2.522214703853032,-1.6791361127787672,3.2160796749986433
-0.3170753067852252,-0.31719613392972157,-0.5952643401961024,-0.2953564572192372
-0.31680212795494017,-0.31719613392972157,0.4886074323865624,-0.24847351196979248
2.524577413769494,2.522214703853032,-2.7630078853614317,3.226372700221104
-0.3178116765225773,-0.31719613392972157,1.0305433186778947,-0.4100653259355228
-0.31727444017876866,-0.31719613392972157,-0.05332845390476999,-0.24560844309343746
-0.31779917694034837,-0.31719613392972157,1.0305433186778947,-0.3565647468504568
-0.3171725086961699,-0.31719613392972157,-0.05332845390476999,-0.158682060450897
-0.3173011898989686,-0.31719613392972157,1.0305433186778947,-0.346011260821055
-0.31722219991004297,-0.31719613392972157,-0.05332845390476999,-0.16754737458345653
-0.31710107373728924,-0.31719613392972157,1.0305433186778947,-0.18555775704862396
-0.3177973342500935,-0.31719613392972157,-0.05332845390476999,-0.24501034790712772
-0.3173315635766698,-0.31719613392972157,-0.05332845390476999,-0.2581298552197296
-0.3173111404263449,-0.31719613392972157,1.0305433186778947,-0.25224537032216554
-0.31776864970512597,-0.31719613392972157,1.0305433186778947,-0.24869538599052024
-0.31770698100459616,-0.31719613392972157,1.0305433186778947,-0.3407538111994609
-0.31778664664661527,-0.31719613392972157,1.0305433186778947,-0.40465352916907454
-0.3169316076568493,-0.31719613392972157,1.0305433186778947,-0.06594836648321939
-0.31744596392999325,-0.31719613392972157,-0.05332845390476999,-0.3771507972953776
-0.3176570440986891,-0.31719613392972157,0.4886074323865624,-0.31403246174658805
-0.315826024215429,-0.31719613392972157,0.4886074323865624,-0.09220667450152985
-0.3786602263314306,-0.37892245649021616,-2.7630078853614317,-0.544424515531051
-0.3175597500532317,-0.31719613392972157,-0.5952643401961024,-0.27777052940241875
-0.31764190332709485,-0.31719613392972157,-0.05332845390476999,-0.3168492971401761
-0.31719674007302145,-0.31719613392972157,-0.5952643401961024,-0.23245034899462205
-0.3168119249247952,-0.31719613392972157,-0.05332845390476999,-0.5547561275397249
4.5478900101168405,4.559183348349355,-1.6791361127787672,0.3799219482141751
-0.31778170209443135,-0.31719613392972157,1.0305433186778947,-0.39954077999578125
-0.3171905363491634,-0.31719613392972157,-0.05332845390476999,-0.19766436122312045
-0.31689404748715416,-0.31719613392972157,-0.5952643401961024,-0.17289164447403108
-0.3171098879390084,-0.31719613392972157,-0.5952643401961024,-0.17175333428073186
-0.3173077314493734,-0.31719613392972157,-0.05332845390476999,-0.28816966828696633
-0.31828011909687054,-0.31719613392972157,0.4886074323865624,-0.40310041102397975
-0.31754559204977345,-0.31719613392972157,0.4886074323865624,-0.26749679757306505
-0.3177383681619375,-0.31719613392972157,0.4886074323865624,-0.3311457014322907
-0.3182754816597292,-0.31719613392972157,-0.5952643401961024,-0.5549104746845791
-0.31780851323763976,-0.31719613392972157,-0.05332845390476999,-0.40304253084465946
-0.3171243837690134,-0.31719613392972157,1.0305433186778947,-0.35297617573259804
-0.31747854883600024,-0.31719613392972157,-0.05332845390476999,-0.25654779698497454
-0.31681883501325103,-0.31719613392972157,1.0305433186778947,-0.4043158947897061
-0.3172936655804279,-0.31719613392972157,1.0305433186778947,-0.4022225616376218
-0.3169379649382286,-0.31719613392972157,-0.5952643401961024,-0.23511283724335608
-0.3179385150351211,-0.31719613392972157,-0.05332845390476999,-0.4056181988244129
-0.31715018143258167,-0.31719613392972157,-0.5952643401961024,-0.2563259229642468
-0.31718135360939326,-0.31719613392972157,-0.5952643401961024,-0.2833656134033813
-0.3178328367490041,-0.31719613392972157,1.0305433186778947,-0.35175104527031836
-0.31730524381752934,-0.31719613392972157,-0.05332845390476999,-0.3982191825679676
-0.3171534982750404,-0.31719613392972157,0.4886074323865624,-0.26627166711078537
-0.31781588399865923,-0.31719613392972157,-0.05332845390476999,-0.39985912098204285
-0.3173203231661151,-0.31719613392972157,-0.05332845390476999,-0.25283381881192185
-0.31729197644769425,-0.31719613392972157,-0.05332845390476999,-0.24614865810042694
-0.31810540134920423,-0.31719613392972157,-0.05332845390476999,-0.4615690388340384
-0.31829255725609096,-0.31719613392972157,-0.05332845390476999,-0.5549201213811324
-0.31633841495230103,-0.31719613392972157,0.4886074323865624,-0.24645735239013525
-0.31715785930864365,-0.31719613392972157,-0.05332845390476999,-0.43819509308518967
-0.3171554945228165,-0.31719613392972157,1.0305433186778947,-0.21702528120576162
-0.31706308360653457,-0.31719613392972157,1.0305433186778947,-0.4440024044103266
-0.3165761834181883,-0.31719613392972157,-0.05332845390476999,-0.3189233368991536
-0.3169861512883936,-0.31719613392972157,1.0305433186778947,-0.24309065529300433
-0.31751709177383136,-0.31719613392972157,-0.05332845390476999,-0.26121679811681237
-0.3172983030175693,-0.31719613392972157,-0.05332845390476999,-0.25039320458391573
-0.3172905637184988,-0.31719613392972157,-0.05332845390476999,-0.4003511025062654
-0.31706772104367603,-0.31719613392972157,-0.5952643401961024,-0.36280615952049605
-0.3168949074092731,-0.31719613392972157,1.0305433186778947,-0.29314736370851235
-0.31712232609822877,-0.31719613392972157,-0.5952643401961024,-0.4545173036535149
-0.3177348056274448,-0.31719613392972157,1.0305433186778947,-0.3531208761808988
-0.3169543955930012,-0.31719613392972157,-0.05332845390476999,-0.08993970081148468
-0.3169899902264246,-0.31719613392972157,-0.05332845390476999,-0.3004884997856373
-0.31658401485177157,-0.31719613392972157,-0.05332845390476999,-0.45405426221895245
3.6316055550611583,3.633288509941935,-3.304943771652764,3.1561061625262568
-0.3167999781496428,-0.31719613392972157,1.0305433186778947,-0.24444119281047805
-0.3175093524747609,-0.31719613392972157,-0.05332845390476999,-0.2789956598646985
-0.3172557982956902,-0.31719613392972157,-0.5952643401961024,-0.33453169192252846
2.52462474019754,2.522214703853032,-2.2210719990700993,3.2019472645479365
-0.3171690997191984,-0.31719613392972157,-0.05332845390476999,-0.1528361623395464
-0.3171419507494432,-0.31719613392972157,1.0305433186778947,-0.3252998033209403
-0.31727981469201205,-0.31719613392972157,-0.05332845390476999,-0.2491680741216361
-0.31778723016519594,-0.31719613392972157,1.0305433186778947,-0.2467660466798436
-0.31680298787705913,-0.31719613392972157,-0.5952643401961024,-0.3908683997942892
-0.31716870046964313,-0.31719613392972157,1.0305433186778947,-0.15497772897439757
-0.3171622203422468,-0.31719613392972157,-0.05332845390476999,-0.1737502004672823
-0.3171840869332713,-0.31719613392972157,-0.5952643401961024,-0.21196076551523518
-0.31810245304479645,-0.31719613392972157,1.0305433186778947,-0.4489029262594456
-0.3174572350520522,-0.31719613392972157,0.4886074323865624,-0.2543483501708031
-0.3167388315446852,-0.31719613392972157,-0.5952643401961024,-0.2888159969560431
-0.3176672403180994,-0.31719613392972157,-0.05332845390476999,-0.3082926772973248
-0.3171268714008575,-0.31719613392972157,-0.05332845390476999,-0.44765850240405913
-0.3180463124150313,-0.31719613392972157,-0.5952643401961024,-0.44230458581693116
-0.31755259427274196,-0.31719613392972157,1.0305433186778947,-0.2755324958020337
-0.3170538701552602,-0.31719613392972157,1.0305433186778947,-0.35283147528429726
-0.316045304355759,-0.31719613392972157,1.0305433186778947,-0.4183614849714328
-0.31717941878462563,-0.31719613392972157,1.0305433186778947,-0.38566883035201543
-0.3171395245406076,-0.31719613392972157,0.4886074323865624,-0.23903904274058313
-0.3171756105580989,-0.31719613392972157,-0.05332845390476999,-0.161875117010067
-0.317294801906085,-0.31719613392972157,-0.05332845390476999,-0.09441576801225478
-0.3172980266140311,-0.31719613392972157,1.0305433186778947,-0.2530171060464362
-0.31676533557285114,-0.31719613392972157,0.4886074323865624,-0.23625114743665526
2.524626460041778,2.522214703853032,-1.6791361127787672,3.1953392774088685
-0.31748168140943356,-0.31719613392972157,-0.5952643401961024,-0.2534415606947851
-0.3171839947987586,-0.31719613392972157,-0.05332845390476999,-0.16202946415492114
-0.31710930442042773,-0.31719613392972157,-0.05332845390476999,-0.23363689267068835
-0.31770133008781454,-0.31719613392972157,1.0305433186778947,-0.3180358408162423
-0.3161092149960989,-0.31719613392972157,0.4886074323865624,-0.16245391880326993
-0.31722689877019294,-0.31719613392972157,1.0305433186778947,-0.3226855485549733
2.5246234196028574,2.522214703853032,-2.7630078853614317,3.2113335002943786
-0.31716412445551023,-0.31719613392972157,1.0305433186778947,-0.36689635885913074
-0.3178005589580395,-0.31719613392972157,-0.5952643401961024,-0.39915491213364584
-0.3181323660499339,-0.31719613392972157,-0.5952643401961024,-0.46704836247636033
-0.3167462637287132,-0.31719613392972157,0.4886074323865624,-0.2089992296733464
-0.31729609178926343,-0.31719613392972157,1.0305433186778947,-0.40411331416208507
-0.3180875886767405,-0.31719613392972157,-0.5952643401961024,-0.4456423428244019
-0.3168667142483735,-0.31719613392972157,-0.05332845390476999,-0.31219958940144515
-0.3177859095705133,-0.31719613392972157,-0.5952643401961024,-0.40114213162364293
-0.3168108807336508,-0.31719613392972157,-0.05332845390476999,-0.25017133056318797
-0.31717229371564015,-0.31719613392972157,0.4886074323865624,-0.37120843221849326
3.070259175554239,3.0777516068974835,-1.6791361127787672,-0.026811718566141802
-0.3172661173611175,-0.31719613392972157,-0.05332845390476999,-0.255149025984734
-0.31736473200125753,-0.31719613392972157,0.4886074323865624,-0.4573437857436563
-0.31730383108833393,-0.31719613392972157,1.0305433186778947,-0.25165692183240906
-0.31712158902212684,-0.31719613392972157,-0.5952643401961024,-0.30593888333829916
-0.3172817495167797,-0.31719613392972157,1.0305433186778947,-0.40190422065136017
-0.31680719535314106,-0.31719613392972157,-0.05332845390476999,-0.251078120039206
2.4631766711142635,2.4604883812925373,-2.7630078853614317,3.2105714112666615
3.693055866084245,3.6950148325024297,-2.2210719990700993,3.143112062268849
-0.31783977754896414,-0.31719613392972157,1.0305433186778947,-0.3809901825236244
-0.3176972454577496,-0.31719613392972157,-0.05332845390476999,-0.3408020446822278
-0.31714741739719937,-0.31719613392972157,-0.05332845390476999,-0.24370804387242084
3.6930291777870536,3.6950148325024297,-3.304943771652764,3.145388682655448
-0.3179160035025074,-0.31719613392972157,1.0305433186778947,-0.464048239848258
-0.3177523111848661,-0.31719613392972157,-0.05332845390476999,-0.40453776881043396
-0.31777070737591057,-0.31719613392972157,-0.05332845390476999,-0.247885063480036
-0.3172848206672044,-0.31719613392972157,-0.05332845390476999,-0.38264941433080635
-0.3172873390105528,-0.31719613392972157,-0.5952643401961024,-0.3947946052915164
-0.3177870766076747,-0.31719613392972157,-0.05332845390476999,-0.4012385985891767
-0.317302602628164,-0.31719613392972157,1.0305433186778947,-0.28182214195483984
-0.3171188556982488,-0.31719613392972157,-0.5952643401961024,-0.443934877534453
-0.31722121714190704,-0.31719613392972157,-0.05332845390476999,-0.15395517913973894
-0.31783839553127297,-0.31719613392972157,0.4886074323865624,-0.38240824691697173
-0.318219218183947,-0.31719613392972157,-0.05332845390476999,-0.5015160092616003
-0.31796759882964387,-0.31719613392972157,0.4886074323865624,-0.42301119271016374
3.693017476703935,3.6950148325024297,-2.2210719990700993,3.1419737520755495
-0.3168101129460446,-0.31719613392972157,-0.05332845390476999,-0.4195190885578388
-0.31732192016433597,-0.31719613392972157,0.4886074323865624,-0.2269710253523001
-0.31728878245125247,-0.31719613392972157,1.0305433186778947,-0.09450258828123519
2.6466135683940974,2.6456673489740212,-3.304943771652764,3.1793739946130186
-0.3171394016945906,-0.31719613392972157,-0.5952643401961024,-0.14876525639401855
-0.3170320956987484,-0.31719613392972157,1.0305433186778947,-0.16124808173409697
-0.3172654724195283,-0.31719613392972157,1.0305433186778947,-0.24468236022431264
-0.31779306535100305,-0.31719613392972157,0.4886074323865624,-0.39999417473379023
-0.3177827155740715,-0.31719613392972157,-0.05332845390476999,-0.39934784606471346
-0.3172983030175693,-0.31719613392972157,-0.5952643401961024,-0.3974378001471435
-0.3168181900716618,-0.31719613392972157,-0.5952643401961024,-0.24669851980396984
-0.3170870078683437,-0.31719613392972157,1.0305433186778947,-0.26202712062729655
-0.3171367297937211,-0.31719613392972157,1.0305433186778947,-0.21021471343907272
-0.317522988382647,-0.31719613392972157,0.4886074323865624,-0.27911142022333907
-0.3177920518713629,-0.31719613392972157,1.0305433186778947,-0.3992031456164128
-0.31679365157976774,-0.31719613392972157,1.0305433186778947,-0.24551197612790365
-0.31740880300985325,-0.31719613392972157,1.0305433186778947,-0.2164850661987721
-0.31719514307480057,-0.31719613392972157,-0.05332845390476999,-0.25576641456415045
-0.31715478815821885,-0.31719613392972157,1.0305433186778947,-0.3404644103028594
-0.31788166804075824,-0.31719613392972157,1.0305433186778947,-0.46275558251010457
-0.3167733205639556,-0.31719613392972157,1.0305433186778947,-0.3782119339162498
-0.3176996409550809,-0.31719613392972157,-0.05332845390476999,-0.3387858851025706
-0.3171980606677041,-0.31719613392972157,-0.5952643401961024,-0.16664058510743848
-0.31716311097587,-0.31719613392972157,1.0305433186778947,-0.16054387288570005
-0.3175612856284441,-0.31719613392972157,-0.05332845390476999,-0.2775486553816909
-0.3182638419996192,-0.31719613392972157,1.0305433186778947,-0.40141223912713764
-0.316786250107244,-0.31719613392972157,1.0305433186778947,-0.2435536967275668
-0.3177625688272849,-0.31719613392972157,-0.05332845390476999,-0.40199104092034066
-0.31671315672713396,-0.31719613392972157,-0.5952643401961024,-0.2038575404103928
2.5246359498965902,2.522214703853032,-1.6791361127787672,3.2056998295072026
-0.31743822463092275,-0.31719613392972157,-0.5952643401961024,-0.4340277201741279
-0.31714723312817383,-0.31719613392972157,0.4886074323865624,-0.45531797946744573
-0.31732020032009806,-0.31719613392972157,1.0305433186778947,-0.20321121174131612
-0.31828054905793,-0.31719613392972157,-0.05332845390476999,-0.5548525945052588
-0.31752903854898384,-0.31719613392972157,-0.05332845390476999,-0.26788266543520045
-0.3177888885864253,-0.31719613392972157,-0.05332845390476999,-0.39582680182272845
-0.31677451831262127,-0.31719613392972157,-0.05332845390476999,-0.0835728810862515
-0.31781032521639035,-0.31719613392972157,-0.05332845390476999,-0.40749930465232276
3.631591366346196,3.633288509941935,-1.6791361127787672,3.1581416154990207
-0.316998712293631,-0.31719613392972157,1.0305433186778947,-0.2898481934872551
-0.3170628379145006,-0.31719613392972157,1.0305433186778947,-0.16261791264467748
-0.31728006038404605,-0.31719613392972157,1.0305433186778947,-0.4007562637615075
-0.318276832965916,-0.31719613392972157,0.4886074323865624,-0.5542834394086091
-0.31803012745229264,-0.31719613392972157,-0.05332845390476999,-0.4289535577870481
-0.31768087622598545,-0.31719613392972157,-0.5952643401961024,-0.30520573440024196
-0.31777181299006346,-0.31719613392972157,-0.05332845390476999,-0.40763435840407014
-0.3168198484928912,-0.31719613392972157,-0.05332845390476999,-0.49672160107456864
-0.3177957065403684,-0.31719613392972157,-0.05332845390476999,-0.34641642207629714
-0.3173128909820871,-0.31719613392972157,-0.5952643401961024,-0.5536853442222993
3.6315757341905335,3.633288509941935,-1.6791361127787672,3.1462761787383586
-0.3177719358360805,-0.31719613392972157,-0.05332845390476999,-0.3945630845742352
-0.3182957512525328,-0.31719613392972157,-0.05332845390476999,-0.5559619646088979
-0.3171591799033263,-0.31719613392972157,0.4886074323865624,-0.4246125443380254
-0.31826881726330736,-0.31719613392972157,-0.05332845390476999,-0.4002256954510714
2.5245975605162805,2.522214703853032,-2.2210719990700993,3.208950766245693
-0.31717462778996297,-0.31719613392972157,0.4886074323865624,-0.294295320598365
-0.3165304846998674,-0.31719613392972157,-0.05332845390476999,-0.1400253493166529
-0.3182315334971504,-0.31719613392972157,-0.5952643401961024,-0.4871424313970586
-0.3170928123426465,-0.31719613392972157,-0.5952643401961024,-0.4445812062035297
-0.3175608863788889,-0.31719613392972157,0.4886074323865624,-0.42962882654578494
-0.3172958460972295,-0.31719613392972157,1.0305433186778947,-0.24816481768008414
-0.31725211291518046,-0.31719613392972157,-0.05332845390476999,-0.1839178186345487
-0.31682795633001265,-0.31719613392972157,-0.05332845390476999,-0.3992031456164128
2.5246291626541515,2.522214703853032,-2.7630078853614317,3.2009343614098307
2.524649278689434,2.522214703853032,-2.7630078853614317,3.2298358642837686
-0.3177852953404283,-0.31719613392972157,0.4886074323865624,-0.4000617016096639
-0.3168263593317917,-0.31719613392972157,-0.05332845390476999,-0.39956007338888794
-0.31731387375022296,-0.31719613392972157,-0.05332845390476999,-0.39973371392684887
-0.31758195447080295,-0.31719613392972157,1.0305433186778947,-0.4960366856192784
2.524686593167095,2.522214703853032,-1.6791361127787672,3.2177582001989324
-0.3172862026848956,-0.31719613392972157,-0.5952643401961024,-0.4106151876390657
-0.31749587012439606,-0.31719613392972157,1.0305433186778947,-0.274683586505336
-0.31779300392799453,-0.31719613392972157,-0.5952643401961024,-0.24813587759042396
2.5246459004239665,2.522214703853032,-2.7630078853614317,3.203442502513711
-0.31762015958208734,-0.31719613392972157,-0.05332845390476999,-0.31422539567765573
2.5246599048699037,2.522214703853032,-1.6791361127787672,3.1747725203570543
-0.3172845749751705,-0.31719613392972157,-0.05332845390476999,-0.2453383355899427
-0.31717951091913843,-0.31719613392972157,1.0305433186778947,-0.17474381021228086
-0.31770999073201245,-0.31719613392972157,-0.5952643401961024,-0.3182963016231836
-0.31698240448487536,-0.31719613392972157,-0.05332845390476999,-0.2524479509497865
-0.31788605978586576,-0.31719613392972157,-0.05332845390476999,-0.4043834216655798
-0.316834190765375,-0.31719613392972157,-0.5952643401961024,-0.2641590405655943
-0.31728905885479064,-0.31719613392972157,0.4886074323865624,-0.2407754481201922
-0.31793077573605066,-0.31719613392972157,1.0305433186778947,-0.39685899835394056
-0.3170367638473941,-0.31719613392972157,-0.5952643401961024,-0.22044985848221277
2.5246240338329424,2.522214703853032,-1.6791361127787672,3.1974326105609525
-0.3181926220212683,-0.31719613392972157,-0.05332845390476999,-0.47617413741586134
3.693030590516249,3.6950148325024297,-2.7630078853614317,3.155305486712326
-0.3168166852079537,-0.31719613392972157,1.0305433186778947,-0.09568913195730136
-0.31730103634144735,-0.31719613392972157,0.4886074323865624,-0.09339321817759602
-0.3178433093719526,-0.31719613392972157,-0.05332845390476999,-0.373841980377567
-0.3173171291696733,-0.31719613392972157,1.0305433186778947,-0.20129151912719273
-0.3173023262246258,-0.31719613392972157,-0.05332845390476999,-0.2467467532867368
-0.31777113733697004,-0.31719613392972157,0.4886074323865624,-0.3976596741678714
-0.31777915303957877,-0.31719613392972157,0.4886074323865624,-0.2461775981900871
-0.3170844588134911,-0.31719613392972157,-0.5952643401961024,-0.2304245427184116
-0.31780703908543584,-0.31719613392972157,-0.05332845390476999,-0.3905018253252607
-0.40198644301832925,-0.4200733381972126,-3.304943771652764,-0.864347560027468
-0.31710049021870856,-0.31719613392972157,1.0305433186778947,-0.19695050567817013
-0.31760458884943366,-0.31719613392972157,-0.05332845390476999,-0.2878802673903649
-0.3171931161155202,-0.31719613392972157,-0.5952643401961024,-0.3348403862122367
-0.31702107026872345,-0.31719613392972157,1.0305433186778947,-0.21470042733639608
-0.31714102940431577,-0.31719613392972157,-0.05332845390476999,-0.25819738209560317
3.693036364279048,3.6950148325024297,-1.6791361127787672,3.1535304945465037
-0.31716415516701446,-0.31719613392972157,-0.05332845390476999,-0.2977874247506899
-0.3182175904742218,-0.31719613392972157,-0.05332845390476999,-0.4778140758299365
-0.3177961672129321,-0.31719613392972157,-0.05332845390476999,-0.4029846506653392
-0.3174038584576694,-0.31719613392972157,-0.05332845390476999,-0.4150912548398357
-0.31675814908085714,-0.31719613392972157,1.0305433186778947,-0.40457635559664745
-0.3171443155352703,-0.31719613392972157,1.0305433186778947,-0.1557205246090082
-0.31731408873075273,-0.31719613392972157,0.4886074323865624,-0.40828068707314685
-0.31631396859491967,-0.31719613392972157,-0.5952643401961024,-0.24888831992158797
-0.3172756993504428,-0.31719613392972157,1.0305433186778947,-0.19488611261574595
2.5246815564803984,2.522214703853032,-2.7630078853614317,3.218404528868009
-0.31681487322920304,-0.31719613392972157,0.4886074323865624,-0.2457820836313984
-0.31730659512371623,-0.31719613392972157,1.0305433186778947,-0.25009415699076093
-0.3182611393872454,-0.31719613392972157,0.4886074323865624,-0.5550937619190933
-0.31822004739456167,-0.31719613392972157,-0.05332845390476999,-0.4780841833334313
2.5246021058189094,2.522214703853032,-2.7630078853614317,3.2073301212247247
-0.31705159750394585,-0.31719613392972157,-0.05332845390476999,-0.2681527729386952
-0.3177735328343014,-0.31719613392972157,0.4886074323865624,-0.4002546355407316
-0.3182877662614283,-0.31719613392972157,-0.05332845390476999,-0.4066214552659648
-0.3171418279034262,-0.31719613392972157,-0.05332845390476999,-0.4043351881828129
-0.31678201191965777,-0.31719613392972157,1.0305433186778947,-0.4022997352100489
3.631574475018859,3.633288509941935,-1.6791361127787672,3.146758513566028
-0.31733365195895863,-0.31719613392972157,-0.05332845390476999,-0.346011260821055
2.5246439963107035,2.522214703853032,-1.6791361127787672,3.205709476203756
-0.31730942058210704,-0.31719613392972157,-0.05332845390476999,-0.39843140989214204
-0.3171532525830065,-0.31719613392972157,-0.5952643401961024,-0.16125772843065037
-0.3172261924055952,-0.31719613392972157,-0.05332845390476999,-0.36599921607966607
-0.31753591792593533,-0.31719613392972157,-0.5952643401961024,-0.26652248122117334
-0.31766972794994347,-0.31719613392972157,1.0305433186778947,-0.32019670084420027
-0.31759669599284196,-0.31719613392972157,0.4886074323865624,-0.30226349195145996
-0.31757522865137267,-0.31719613392972157,1.0305433186778947,-0.2820729560652279
-0.31712287890530527,-0.31719613392972157,1.0305433186778947,-0.1420415088963101
-0.317903688189304,-0.31719613392972157,0.4886074323865624,-0.3854276629381808
-0.3168273113884234,-0.31719613392972157,1.0305433186778947,-0.5573125021263716
-0.31711025647705937,-0.31719613392972157,-0.05332845390476999,-0.27017857921490573
-0.31699072730252653,-0.31719613392972157,0.4886074323865624,-0.39817094908520073
-0.3177934953120625,-0.31719613392972157,0.4886074323865624,-0.40500081024499635
2.5246545917796688,2.522214703853032,-3.304943771652764,3.2068284930039486
-0.3155124290455536,-0.31719613392972157,-0.5952643401961024,-0.2963018334814688
-0.31780581062526597,-0.31719613392972157,1.0305433186778947,-0.39921279231296614
-0.31777175156705506,-0.31719613392972157,0.4886074323865624,-0.5551516420984137
-0.3171180571991384,-0.31719613392972157,-0.5952643401961024,-0.16210663772734815
-0.31703455261908825,-0.31719613392972157,-0.05332845390476999,-0.13432415165360317
-0.3169644689663946,-0.31719613392972157,1.0305433186778947,-0.3434259461447482
-0.317306441566195,-0.31719613392972157,-0.5952643401961024,-0.2543869369570167
-0.31680522981686915,-0.31719613392972157,1.0305433186778947,-0.24950570850100448
2.5246204098754412,2.522214703853032,-2.7630078853614317,3.2204882153235395
-0.3173007906494134,-0.31719613392972157,1.0305433186778947,-0.5524312736703595
-0.31736055523667983,-0.31719613392972157,1.0305433186778947,-0.21180641837038103
-0.3168060897389881,-0.31719613392972157,-0.5952643401961024,-0.09102977752201706
-0.31712232609822877,-0.31719613392972157,0.4886074323865624,-0.16063069315468045
-0.317152822621947,-0.31719613392972157,-0.05332845390476999,-0.14386473454489954
-0.3177846196873349,-0.31719613392972157,0.4886074323865624,-0.3471399243178009
-0.31679226956207657,-0.31719613392972157,-0.05332845390476999,-0.0663728211315683
3.6315733079816983,3.633288509941935,-1.6791361127787672,3.159578973285475
-0.31724326800195707,-0.31719613392972157,-0.5952643401961024,-0.17315210528097244
-0.31756042570632514,-0.31719613392972157,-0.05332845390476999,-0.3152672389054212
2.524641477967355,2.522214703853032,-2.2210719990700993,3.220121640854511
-0.31589082548939207,-0.31719613392972157,0.4886074323865624,-0.39427368367763366
2.5246463610965306,2.522214703853032,-3.304943771652764,3.21475807757083
-0.3177862166855558,-0.31719613392972157,0.4886074323865624,-0.24846386527323908
-0.317658026866825,-0.31719613392972157,-0.05332845390476999,-0.30604499700038634
-0.3175758428814576,-0.31719613392972157,0.4886074323865624,-0.3002955658545697
-0.3168264207548002,-0.31719613392972157,1.0305433186778947,-0.24478847388639982
-0.31720408012253676,-0.31719613392972157,0.4886074323865624,-0.17456052297776653
-0.31707899216573504,-0.31719613392972157,1.0305433186778947,-0.13243339912913996
-0.3173140580192485,-0.31719613392972157,-0.5952643401961024,-0.2503160310114887
-0.3168325016326414,-0.31719613392972157,1.0305433186778947,-0.26483430932433116
-0.316774610447134,-0.31719613392972157,-0.05332845390476999,-0.24837704500425867
-0.3177963821934618,-0.31719613392972157,-0.05332845390476999,-0.40307147093431966
-0.317064864873781,-0.31719613392972157,1.0305433186778947,-0.341660600675479
-0.3170046089024466,-0.31719613392972157,-0.05332845390476999,-0.38512861534502596
-0.31685799218116706,-0.31719613392972157,-0.5952643401961024,-0.19396002974662113
-0.31729470977157226,-0.31719613392972157,-0.05332845390476999,-0.2519945562117774
-0.31690888114370586,-0.31719613392972157,-0.5952643401961024,-0.3809998292201777
-0.3178464419453859,-0.31719613392972157,0.4886074323865624,-0.36203442379622536
-0.31776812760955375,-0.31719613392972157,-0.05332845390476999,-0.3952576467260789
-0.3182526937235772,-0.31719613392972157,-0.5952643401961024,-0.49674089446767533
-0.3172883217786887,-0.31719613392972157,-0.5952643401961024,-0.24599431095557278
3.6930276115003373,3.6950148325024297,-3.304943771652764,3.1502602644149063
2.5247184717085047,2.522214703853032,-3.304943771652764,2.980198650875305
-0.3167981661708921,-0.31719613392972157,-0.5952643401961024,-0.40967945807338746
-0.3170404799394081,-0.31719613392972157,1.0305433186778947,-0.10555770253141285
-0.3173327920368397,-0.31719613392972157,1.0305433186778947,-0.29863633404738765
-0.31713024966632475,-0.31719613392972157,-0.5952643401961024,-0.22531179354511818
-0.31692267060911317,-0.31719613392972157,0.4886074323865624,-0.418139610950705
-0.31702291295897833,-0.31719613392972157,-0.5952643401961024,-0.3972352195195225
-0.3174697346342811,-0.31719613392972157,-0.05332845390476999,-0.24810693750076393
-0.31716830122008793,-0.31719613392972157,1.0305433186778947,-0.4620610203582609
-0.3175891102512927,-0.31719613392972157,-0.5952643401961024,-0.46946968331125966
3.6930121636137003,3.6950148325024297,-2.7630078853614317,3.163746346196537
2.5246237267178997,2.522214703853032,-2.7630078853614317,3.198667387719786
-0.31767593167380154,-0.31719613392972157,0.4886074323865624,-0.32215498024453715
2.5246409558717824,2.522214703853032,-1.6791361127787672,3.2086710120456448
-0.31806258951228267,-0.31719613392972157,-0.5952643401961024,-0.44098298838911754
-0.3169623805841057,-0.31719613392972157,1.0305433186778947,-0.3194056717268228
-0.31687558987310116,-0.31719613392972157,-0.05332845390476999,-0.06823463356637134
-0.3174581563971796,-0.31719613392972157,0.4886074323865624,-0.30240819239976074
-0.3174803301032466,-0.31719613392972157,-0.05332845390476999,-0.2632136643033627
-0.3178107244659456,-0.31719613392972157,1.0305433186778947,-0.35686379444361166
-0.3179347989431071,-0.31719613392972157,-0.5952643401961024,-0.3856205968692485
-0.3172076733685337,-0.31719613392972157,0.4886074323865624,-0.25176303549449625
-0.3174014936718423,-0.31719613392972157,1.0305433186778947,-0.433477858470585
-0.3171800637262148,-0.31719613392972157,-0.05332845390476999,-0.1607850402995346
-0.31713261445215185,-0.31719613392972157,0.4886074323865624,-0.17507179789509583
-0.3175248003613976,-0.31719613392972157,-0.05332845390476999,-0.39081051961496893
-0.3172849128017172,-0.31719613392972157,1.0305433186778947,-0.39847964337490893
-0.31745576089984834,-0.31719613392972157,0.4886074323865624,-0.32611012583142446
-0.3171675334324817,-0.31719613392972157,0.4886074323865624,-0.15618356604357053
-0.3173256669678542,-0.31719613392972157,1.0305433186778947,-0.34647430225561743
-0.31717300008023785,-0.31719613392972157,1.0305433186778947,-0.4586653831714699
-0.3174089872788788,-0.31719613392972157,-0.05332845390476999,-0.25580500135036405
-0.31798762273041353,-0.31719613392972157,1.0305433186778947,-0.4146378601018267
-0.31829234227556125,-0.31719613392972157,1.0305433186778947,-0.5551034086156468
-0.3169113994870542,-0.31719613392972157,0.4886074323865624,-0.15111905035304413
-0.31795430074830455,-0.31719613392972157,0.4886074323865624,-0.3871640683177899
-0.31680099162928294,-0.31719613392972157,1.0305433186778947,-0.09412636711565325
-0.31714170505740924,-0.31719613392972157,-0.05332845390476999,-0.16843487066636792
-0.31716943754574506,-0.31719613392972157,0.4886074323865624,-0.23880752202330197
-0.3172327646675043,-0.31719613392972157,0.4886074323865624,-0.18610761875216686
-0.3182690936668456,-0.31719613392972157,1.0305433186778947,-0.3987883376646173
-0.31693566157541003,-0.31719613392972157,-0.05332845390476999,-0.26774761168345307
-0.3174999547544611,-0.31719613392972157,0.4886074323865624,-0.2847354443139618
3.693007864003105,3.6950148325024297,-3.304943771652764,3.1468839206212222
-0.31715681511749916,-0.31719613392972157,-0.05332845390476999,-0.4911651038598196
-0.3171376204273442,-0.31719613392972157,0.4886074323865624,-0.1501929674839193
2.5246520734363207,2.522214703853032,-2.7630078853614317,3.2085938384732176
-0.3177869537616577,-0.31719613392972157,0.4886074323865624,-0.40008099500277067
-0.3171623431882638,-0.31719613392972157,-0.5952643401961024,-0.3699929484527669
-0.3170110890298429,-0.31719613392972157,-0.05332845390476999,-0.1383854109025776
-0.3171095808239659,-0.31719613392972157,-0.05332845390476999,-0.14469435044849058
-0.3180334750062557,-0.31719613392972157,-0.5952643401961024,-0.4387642481818393
-0.31778308411212247,-0.31719613392972157,0.4886074323865624,-0.39945395972680076
-0.3180424120539918,-0.31719613392972157,1.0305433186778947,-0.4365069211883475
-0.3167981968823964,-0.31719613392972157,-0.05332845390476999,-0.40312935111363996
-0.31716243532277655,-0.31719613392972157,-0.05332845390476999,-0.3171869315195445
-0.3171262878822768,-0.31719613392972157,1.0305433186778947,-0.2928000826325905
-0.3175473118940113,-0.31719613392972157,-0.05332845390476999,-0.26809489275937487
-0.3171172587000279,-0.31719613392972157,-0.05332845390476999,-0.34113967906159626
-0.31779564511735986,-0.31719613392972157,-0.05332845390476999,-0.35818539187142523
3.69252378927315,3.6950148325024297,-1.6791361127787672,3.1481090510835017
-0.3171208212345207,-0.31719613392972157,-0.05332845390476999,-0.23308703096714548
-0.31745649797595027,-0.31719613392972157,0.4886074323865624,-0.2476921295489684
-0.3171398316556501,-0.31719613392972157,-0.5952643401961024,-0.1751103846813094
-0.31827210339426193,-0.31719613392972157,-0.5952643401961024,-0.5549587081673459
-0.3168001931301725,-0.31719613392972157,0.4886074323865624,-0.24694933391435778
-0.31727966113449085,-0.31719613392972157,-0.5952643401961024,-0.3987497508784037
-0.3181480596286046,-0.31719613392972157,1.0305433186778947,-0.4594757056819541
-0.3177807807493039,-0.31719613392972157,1.0305433186778947,-0.40734495750746863
-0.3171251822681238,-0.31719613392972157,1.0305433186778947,-0.3187496963611927
2.5246542232416176,2.522214703853032,-2.7630078853614317,3.2176424398402914
-0.31776855757061323,-0.31719613392972157,1.0305433186778947,-0.5566565267607415
-0.317059920321597,-0.31719613392972157,-0.05332845390476999,-0.12940433641137739
3.6315714038684352,3.633288509941935,-1.6791361127787672,3.1488807868077724
-0.3167959856540906,-0.31719613392972157,1.0305433186778947,-0.24974687591483904
-0.3167950950204674,-0.31719613392972157,-0.05332845390476999,-0.09573736544006833
-0.31714652676357613,-0.31719613392972157,1.0305433186778947,-0.1879597844904165
-0.31720828759861863,-0.31719613392972157,1.0305433186778947,-0.16550227491413927
-0.31802125182756497,-0.31719613392972157,1.0305433186778947,-0.4212844340271081
-0.31692482041441056,-0.31719613392972157,1.0305433186778947,-0.29723756304714705
-0.3172725667770096,-0.31719613392972157,1.0305433186778947,-0.24028346659596966
-0.3182672509765907,-0.31719613392972157,-0.05332845390476999,-0.5497205519388587
-0.3167187769324113,-0.31719613392972157,1.0305433186778947,-0.43712430976776406
-0.3168017287053849,-0.31719613392972157,1.0305433186778947,-0.28334632001027454
-0.31706194728087744,-0.31719613392972157,1.0305433186778947,-0.24178835125829756
-0.3177558430078546,-0.31719613392972157,-0.5952643401961024,-0.35435565333973196
-0.31728190307430093,-0.31719613392972157,0.4886074323865624,-0.09425177417084722
-0.317299623612252,-0.31719613392972157,0.4886074323865624,-0.24383345092761483
-0.31734449311995816,-0.31719613392972157,-0.05332845390476999,-0.38359479059303797
-0.317218606664046,-0.31719613392972157,-0.05332845390476999,-0.3932029003602081
-0.31717300008023785,-0.31719613392972157,-0.05332845390476999,-0.19671898496088883
-0.31730570449009304,-0.31719613392972157,-0.05332845390476999,-0.3947367251121961
-0.3171343342963897,-0.31719613392972157,-0.05332845390476999,-0.23318349793267926
-0.3168001009956598,-0.31719613392972157,0.4886074323865624,-0.24555056291411723
-0.31752222059504076,-0.31719613392972157,-0.05332845390476999,-0.3208719696029371
-0.3173102497927217,-0.31719613392972157,-0.05332845390476999,-0.24560844309343746
-0.3166656460300625,-0.31719613392972157,1.0305433186778947,-0.37651411532285434
-0.3177886736058956,-0.31719613392972157,-0.5952643401961024,-0.2474509621351337
-0.31704450314646465,-0.31719613392972157,-0.05332845390476999,-0.46439552092417985
-0.3171586885192583,-0.31719613392972157,1.0305433186778947,-0.3251454561760861
-0.31777436204491605,-0.31719613392972157,-0.5952643401961024,-0.24411320512766296
2.5246508449761507,2.522214703853032,-2.7630078853614317,3.1939019196224145
-0.3177927889474648,-0.31719613392972157,0.4886074323865624,-0.40507798381742344
-0.31733979425980824,-0.31719613392972157,-0.5952643401961024,-0.39848929007146233
-0.31786201267803954,-0.31719613392972157,-0.05332845390476999,-0.3782987541852303
-0.3177782316944513,-0.31719613392972157,1.0305433186778947,-0.40050544965111956
-0.3172655952655453,-0.31719613392972157,-0.5952643401961024,-0.3502172205183303
-0.3163264374656443,-0.31719613392972157,-0.5952643401961024,-0.24055357409946443
-0.3173152250564099,-0.31719613392972157,-0.05332845390476999,-0.2466213462315428
-0.3172937270034364,-0.31719613392972157,1.0305433186778947,-0.24806835071455036
-0.31729470977157226,-0.31719613392972157,0.4886074323865624,-0.2515701015634286
-0.31772116971955866,-0.31719613392972157,1.0305433186778947,-0.31664671651255505
-0.3171484001653353,-0.31719613392972157,-0.5952643401961024,-0.32877261408015834
-0.31729833372907357,-0.31719613392972157,-0.05332845390476999,-0.2550911458054136
-0.3168021586664444,-0.31719613392972157,-0.05332845390476999,-0.5542448526223955
-0.31632963146208615,-0.31719613392972157,1.0305433186778947,-0.3949489524363705
-0.31730834567945837,-0.31719613392972157,0.4886074323865624,-0.3999652346441301
-0.316811894213291,-0.31719613392972157,-0.05332845390476999,-0.09533220418482621
-0.3173209988192085,-0.31719613392972157,0.4886074323865624,-0.24845421857668568
-0.3177589141582794,-0.31719613392972157,-0.5952643401961024,-0.39493930573981717
-0.31830017370914443,-0.31719613392972157,-0.05332845390476999,-0.40982415852168824
-0.31779214400587563,-0.31719613392972157,0.4886074323865624,-0.2519945562117774
-0.31718933860049775,-0.31719613392972157,1.0305433186778947,-0.1620584042445812
-0.3173399171058252,-0.31719613392972157,1.0305433186778947,-0.22643081034531062
-0.31780857466064827,-0.31719613392972157,0.4886074323865624,-0.4029267704860189
-0.3172963681928017,-0.31719613392972157,-0.5952643401961024,-0.3974956803264638
-0.317390068992262,-0.31719613392972157,1.0305433186778947,-0.33600763649519616
-0.3177717208555508,-0.31719613392972157,-0.05332845390476999,-0.3936466484016638
-0.31715669227148224,-0.31719613392972157,-0.5952643401961024,-0.16052457949259327
-0.3179884826525325,-0.31719613392972157,-0.05332845390476999,-0.41072130130115286
-0.317030928661587,-0.31719613392972157,0.4886074323865624,-0.34071522441324736
-0.3171326451636561,-0.31719613392972157,-0.5952643401961024,-0.24647664578324205
-0.31712604219024276,-0.31719613392972157,-0.05332845390476999,-0.15861453357502325
-0.31796569471638053,-0.31719613392972157,1.0305433186778947,-0.4866600965693894
-0.3175619612815375,-0.31719613392972157,-0.05332845390476999,-0.29003148072176943
-0.31723334818608495,-0.31719613392972157,-0.05332845390476999,-0.18313643621372463
-0.3155836490239045,-0.31719613392972157,-0.5952643401961024,-0.20574829293485603
-0.31815076224097844,-0.31719613392972157,0.4886074323865624,-0.4897277460733654
-0.3182672509765907,-0.31719613392972157,-0.05332845390476999,-0.5523155133117189
-0.3174215175726119,-0.31719613392972157,-0.5952643401961024,-0.22885213118020994
-0.318222934275961,-0.31719613392972157,1.0305433186778947,-0.49528424328811443
-0.3177952151563004,-0.31719613392972157,0.4886074323865624,-0.40057297652699325
-0.31663518021784853,-0.31719613392972157,-0.5952643401961024,-0.37442078217077
-0.31708215545067253,-0.31719613392972157,1.0305433186778947,-0.3467347630625588
-0.3177696324732619,-0.31719613392972157,-0.05332845390476999,-0.2504896715494497
-0.31716265030330626,-0.31719613392972157,-0.5952643401961024,-0.3669252989487909
-0.3172899494884139,-0.31719613392972157,1.0305433186778947,-0.21315695588785477
-0.3168209848185483,-0.31719613392972157,-0.05332845390476999,-0.5577948369540408
-0.3174852746554306,-0.31719613392972157,-0.05332845390476999,-0.4469832336453223
-0.31810801182706533,-0.31719613392972157,-0.05332845390476999,-0.4682927863317468
-0.31730321685824897,-0.31719613392972157,0.4886074323865624,-0.25011345038386773
-0.31780458216509605,-0.31719613392972157,1.0305433186778947,-0.3669156522522375
-0.3179613336827773,-0.31719613392972157,0.4886074323865624,-0.4238986887930751
-0.3177750376980096,-0.31719613392972157,0.4886074323865624,-0.397524620416124
-0.31680200510892315,-0.31719613392972157,0.4886074323865624,-0.1153973330158643
-0.31699819019805875,-0.31719613392972157,-0.05332845390476999,-0.17315210528097244
-0.3180862680820578,-0.31719613392972157,-0.05332845390476999,-0.4387642481818393
-0.31728549632029796,-0.31719613392972157,1.0305433186778947,-0.08575303450731613
-0.3175769792071148,-0.31719613392972157,1.0305433186778947,-0.5057798491381958
-0.3174887143439063,-0.31719613392972157,1.0305433186778947,-0.25939357246822276
-0.3171191628132913,-0.31719613392972157,-0.05332845390476999,-0.3315122759013193
-0.31705562071100235,-0.31719613392972157,-0.5952643401961024,-0.2106295213908681
-0.3171208826575292,-0.31719613392972157,1.0305433186778947,-0.27822392414042774
3.693013361362366,3.6950148325024297,-1.6791361127787672,3.1517555023806807
-0.3167943579443654,-0.31719613392972157,-0.05332845390476999,-0.09600747294356307
-0.31727192183542036,-0.31719613392972157,-0.05332845390476999,-0.5496240849733248
-0.3177997604589291,-0.31719613392972157,1.0305433186778947,-0.2508465993219248
-0.31794192401209265,-0.31719613392972157,-0.05332845390476999,-0.39407110305001264
2.5246410172947913,2.522214703853032,-2.2210719990700993,3.203828370375846
-0.3175050835756704,-0.31719613392972157,-0.05332845390476999,-0.26739068391097787
-0.3171718637545807,-0.31719613392972157,1.0305433186778947,-0.14990356658731777
-0.3172892738353204,-0.31719613392972157,-0.05332845390476999,-0.27636211170562475
-0.31680335641511004,-0.31719613392972157,0.4886074323865624,-0.4001002883958774
-0.31746736984845403,-0.31719613392972157,1.0305433186778947,-0.4117534978323649
-0.3169660352531112,-0.31719613392972157,-0.05332845390476999,-0.31289415155328876
-0.31779214400587563,-0.31719613392972157,-0.05332845390476999,-0.4026952497687376
-0.31742068836199716,-0.31719613392972157,0.4886074323865624,-0.4193647414129847
-0.3182555806049765,-0.31719613392972157,-0.5952643401961024,-0.40316793789985345
-0.31712653357431075,-0.31719613392972157,1.0305433186778947,-0.14219585604116425
3.6930090310402672,3.6950148325024297,-2.7630078853614317,3.1511959939805845
-0.3169402683010472,-0.31719613392972157,-0.05332845390476999,-0.3084470244421789
-0.3177875679917427,-0.31719613392972157,-0.05332845390476999,-0.24667922641086304
-0.3169156376746404,-0.31719613392972157,-0.5952643401961024,-0.47163054333921756
2.524705480742208,2.522214703853032,-2.7630078853614317,3.2089893530319067
-0.31691096952599473,-0.31719613392972157,0.4886074323865624,-0.2570204851160904
-0.3178035072624473,-0.31719613392972157,0.4886074323865624,-0.404991163548443
-0.31580937858012664,-0.31719613392972157,1.0305433186778947,-0.09893042199923832
-0.3170340305235161,-0.31719613392972157,-0.5952643401961024,-0.20944297771480194
-0.31773234870710493,-0.31719613392972157,-0.05332845390476999,-0.33961550100616167
-0.3173124610210276,-0.31719613392972157,-0.05332845390476999,-0.2092886305699479
-0.3171317852415372,-0.31719613392972157,1.0305433186778947,-0.328637560328411
-0.3169557776106924,-0.31719613392972157,1.0305433186778947,-0.3491464372009047
-0.31711197632129723,-0.31719613392972157,1.0305433186778947,-0.2877452136386175
-0.3191397648122737,-0.31719613392972157,-0.5952643401961024,-0.14644040252465304
-0.31764798420493595,-0.31719613392972157,-0.05332845390476999,-0.3046751660898059
-0.31730665654672474,-0.31719613392972157,-0.05332845390476999,-0.2492838344802767
-0.317489666400538,-0.31719613392972157,1.0305433186778947,-0.2577825741438077
-0.31677120147016247,-0.31719613392972157,-0.05332845390476999,-0.23385876669141614
-0.3170182448103327,-0.31719613392972157,-0.05332845390476999,-0.1983396299818573
-0.31771459745764963,-0.31719613392972157,1.0305433186778947,-0.46968191063543413
2.516352780797392,2.522214703853032,-2.7630078853614317,1.1173926063272523
-0.3172913007946008,-0.31719613392972157,-0.5952643401961024,-0.2498144027907128
-0.31679085683288116,-0.31719613392972157,1.0305433186778947,-0.09094295725303665
-0.31777371710332686,-0.31719613392972157,-0.05332845390476999,-0.40233832199626246
-0.3171128976664247,-0.31719613392972157,1.0305433186778947,-0.3320621376048622
-0.3173047217219571,-0.31719613392972157,1.0305433186778947,-0.4299375208354932
3.63157484355691,3.633288509941935,-2.7630078853614317,3.1474820158075323
-0.31778047363426143,-0.31719613392972157,-0.5952643401961024,-0.3962705498641841
-0.3172941569644958,-0.31719613392972157,-0.05332845390476999,-0.5549683548638994
3.631111468380818,3.633288509941935,-1.6791361127787672,3.1472504950902507
-0.3173039539343509,-0.31719613392972157,-0.05332845390476999,-0.3811348829719251
-0.31824341884929436,-0.31719613392972157,-0.05332845390476999,-0.4871810181832721
-0.3177594362538516,-0.31719613392972157,0.4886074323865624,-0.39956007338888794
-0.31779886982530586,-0.31719613392972157,-0.05332845390476999,-0.40557961203819937
-0.3175435650904931,-0.31719613392972157,1.0305433186778947,-0.27532026847785923
-0.31781689747829944,-0.31719613392972157,-0.5952643401961024,-0.3666166046590826
-0.31704794283494037,-0.31719613392972157,-0.5952643401961024,-0.12393465946560885
3.631093287170304,3.633288509941935,-2.7630078853614317,3.147202261607484
-0.3179609344332221,-0.31719613392972157,-0.05332845390476999,-0.41271816748770335
-0.31680949871595965,-0.31719613392972157,0.4886074323865624,-0.4033415784378144
-0.31718516183592,-0.31719613392972157,1.0305433186778947,-0.32182699256172215
3.631594744611663,3.633288509941935,-2.2210719990700993,3.145871017483117
-0.3171140032805776,-0.31719613392972157,1.0305433186778947,-0.28454251038289413
-0.31697653858756397,-0.31719613392972157,1.0305433186778947,-0.5017282365857747
-0.3182743760455762,-0.31719613392972157,-0.5952643401961024,-0.5586244528576318
3.692515159340456,3.6950148325024297,-1.6791361127787672,3.147501309200639
3.693008171118148,3.6950148325024297,-1.6791361127787672,3.1450992817588466
-0.31726860499296156,-0.31719613392972157,-0.05332845390476999,-0.37600284040552495
-0.317299255074201,-0.31719613392972157,-0.05332845390476999,-0.24845421857668568
3.070111729622345,3.0777516068974835,-2.7630078853614317,-0.07411911846393539
-0.31818214939831974,-0.31719613392972157,-0.05332845390476999,-0.4778719560092568
-0.31713921742556517,-0.31719613392972157,0.4886074323865624,-0.4656592381726731
-0.3175211764038964,-0.31719613392972157,-0.5952643401961024,-0.39648277718835856
-0.31739464500639497,-0.31719613392972157,-0.5952643401961024,-0.2876101598868701
-0.31798875905607066,-0.31719613392972157,0.4886074323865624,-0.42000142338550805
-0.3167991182275238,-0.31719613392972157,0.4886074323865624,-0.09506209668133146
-0.3176138330122123,-0.31719613392972157,-0.05332845390476999,-0.29178717949448524
-0.31724569421079263,-0.31719613392972157,1.0305433186778947,-0.17301705152922506
-0.31676309363304106,-0.31719613392972157,-0.5952643401961024,-0.13853975804743177
-0.3170296387784086,-0.31719613392972157,0.4886074323865624,-0.48380467438958785
-0.3169264788356399,-0.31719613392972157,1.0305433186778947,-0.2308007638839935
-0.3170403570933912,-0.31719613392972157,-0.5952643401961024,-0.37185476088756997
-0.31780544208721495,-0.31719613392972157,0.4886074323865624,-0.4038142665689302
-0.317082585411732,-0.31719613392972157,-0.05332845390476999,-0.3367600788263601
-0.31765572350400645,-0.31719613392972157,0.4886074323865624,-0.4103547268321243
-0.3177787845015278,-0.31719613392972157,-0.05332845390476999,-0.398730457485297
-0.31730152772551534,-0.31719613392972157,-0.05332845390476999,-0.40080449724427447
3.6315278549554115,3.633288509941935,-2.7630078853614317,3.1456009099796223
-0.3171876494677641,-0.31719613392972157,-0.05332845390476999,-0.3223479141756048
-0.3171623431882638,-0.31719613392972157,1.0305433186778947,-0.24102626223058016
-0.3171035306576291,-0.31719613392972157,-0.5952643401961024,-0.13202823787389784
-0.31790626795566085,-0.31719613392972157,-0.5952643401961024,-0.3785881550818318
-0.31819222277171305,-0.31719613392972157,1.0305433186778947,-0.4818656883823577
-0.31699468908657447,-0.31719613392972157,-0.05332845390476999,-0.3313000485771449
3.6316009790470254,3.633288509941935,-3.304943771652764,3.1506847190632556
2.524659259928314,2.522214703853032,-2.7630078853614317,3.2234208110757687
-0.3169098024888333,-0.31719613392972157,0.4886074323865624,-0.20381895362417923
-0.31814888883921927,-0.31719613392972157,-0.05332845390476999,-0.4684857202628145
-0.3171306182043757,-0.31719613392972157,-0.05332845390476999,-0.37220204196349177
-0.316800500245215,-0.31719613392972157,0.4886074323865624,-0.3952190599398653
-0.3172899187769096,-0.31719613392972157,-0.05332845390476999,-0.24495246772780738
3.6930708532983183,3.6950148325024297,-2.7630078853614317,3.0032928424241057
-0.3171758562501329,-0.31719613392972157,-0.05332845390476999,-0.15327026368444868
-0.31771984912487605,-0.31719613392972157,-0.5952643401961024,-0.41231300623246125
2.5246263064842567,2.522214703853032,-2.2210719990700993,3.048555142652582
-0.317464022294491,-0.31719613392972157,1.0305433186778947,-0.38058502126838223
-0.3174192142097933,-0.31719613392972157,-0.05332845390476999,-0.24681428016261042
-0.3173259433713924,-0.31719613392972157,-0.05332845390476999,-0.19907277891991454
-0.317655416388964,-0.31719613392972157,1.0305433186778947,-0.508017882738581
-0.31682639004329594,-0.31719613392972157,0.4886074323865624,-0.06569755237283142
-0.31707659666840365,-0.31719613392972157,-0.5952643401961024,-0.33479215272946977
-0.317122848193801,-0.31719613392972157,0.4886074323865624,-0.41075988808736646
-0.3165023836734806,-0.31719613392972157,-0.5952643401961024,-0.13924396689582882
-0.31698682694148705,-0.31719613392972157,-0.05332845390476999,-0.4664599139866039
-0.31716968323777905,-0.31719613392972157,1.0305433186778947,-0.42915613841466915
-0.31739249520109764,-0.31719613392972157,1.0305433186778947,-0.2626830959929266
-0.3173057966246058,-0.31719613392972157,-0.05332845390476999,-0.2511070601288662
-0.3174243737425069,-0.31719613392972157,-0.5952643401961024,-0.24507787478300136
-0.31698535278928314,-0.31719613392972157,-0.05332845390476999,-0.4356001317123295
-0.3169101710268843,-0.31719613392972157,-0.05332845390476999,-0.47314507469809886
-0.317134242161877,-0.31719613392972157,-0.05332845390476999,-0.25845784290254453
-0.31727748061768923,-0.31719613392972157,-0.5952643401961024,-0.08524175958998681
-0.31580523252705317,-0.31719613392972157,-0.05332845390476999,-0.24504893469334116
-0.31805506519374194,-0.31719613392972157,-0.5952643401961024,-0.43592811939514453
-0.3169341260001976,-0.31719613392972157,0.4886074323865624,-0.28847836257667464
-0.31729993072729445,-0.31719613392972157,1.0305433186778947,-0.25327756685337754
-0.31829707184721545,-0.31719613392972157,0.4886074323865624,-0.5587691533059326
-0.31729452550254683,-0.31719613392972157,-0.05332845390476999,-0.1010623419375361
-0.31800052156219766,-0.31719613392972157,-0.05332845390476999,-0.4348573360777189
-0.317786124551043,-0.31719613392972157,0.4886074323865624,-0.39991700116136314
-0.3175708369062652,-0.31719613392972157,0.4886074323865624,-0.28532389280371817
-0.3172941569644958,-0.31719613392972157,-0.5952643401961024,-0.40444130184490007
-0.31705565142250663,-0.31719613392972157,-0.05332845390476999,-0.165897789472828
-0.31682021703094215,-0.31719613392972157,-0.05332845390476999,-0.4235610544137066
-0.31714124438484553,-0.31719613392972157,1.0305433186778947,-0.4624565349169497
-0.3178241146817977,-0.31719613392972157,0.4886074323865624,-0.4579804677161796
-0.31728546560879367,-0.31719613392972157,-0.5952643401961024,-0.24315818216887794
-0.3170372859429664,-0.31719613392972157,0.4886074323865624,-0.2822465966031888
3.69302850213396,3.6950148325024297,-1.6791361127787672,3.151832675953108
-0.3168042777602375,-0.31719613392972157,-0.5952643401961024,-0.09417460059842007
-0.31744458191230207,-0.31719613392972157,-0.5952643401961024,-0.24955394198377145
-0.3172171939348506,-0.31719613392972157,-0.05332845390476999,-0.3007489605925787
-0.31715051925912835,-0.31719613392972157,0.4886074323865624,-0.14960451899416283
-0.3171333515282538,-0.31719613392972157,-0.5952643401961024,-0.1939986165328347
-0.3171457282644657,-0.31719613392972157,-0.5952643401961024,-0.4387160146990724
-0.3168029264540506,-0.31719613392972157,-0.05332845390476999,-0.09463764203298256
-0.31683677053173176,-0.31719613392972157,1.0305433186778947,-0.2578211609300212
-0.3167930373496828,-0.31719613392972157,0.4886074323865624,-0.4051262173001903
-0.3172575181399281,-0.31719613392972157,0.4886074323865624,-0.32484640858293123
-0.3176235992705631,-0.31719613392972157,-0.05332845390476999,-0.29364899192928834
-0.3172064756198681,-0.31719613392972157,-0.05332845390476999,-0.211931825425575
-0.31747894808555543,-0.31719613392972157,0.4886074323865624,-0.44396381762411313
-0.3174989105633166,-0.31719613392972157,-0.5952643401961024,-0.3276632439765192
-0.318276832965916,-0.31719613392972157,0.4886074323865624,-0.4012000118029632
-0.31777374781483114,-0.31719613392972157,0.4886074323865624,-0.2477982432110556
3.6315162152953016,3.633288509941935,-1.6791361127787672,3.150752245939129
-0.3174870866341812,-0.31719613392972157,1.0305433186778947,-0.3777681858747942
-0.3174067146275644,-0.31719613392972157,0.4886074323865624,-0.2391065696164569
-0.31712373882742423,-0.31719613392972157,-0.05332845390476999,-0.2059894603486906
-0.3176028075821873,-0.31719613392972157,-0.05332845390476999,-0.2858448144176009
-0.317841497393202,-0.31719613392972157,-0.05332845390476999,-0.3762729479090197
-0.31715687654050767,-0.31719613392972157,-0.5952643401961024,-0.4725855662980026
-0.3167629707870241,-0.31719613392972157,0.4886074323865624,-0.2604064756063281
-0.3182001770513133,-0.31719613392972157,1.0305433186778947,-0.4678104515040777
-0.3177880900873149,-0.31719613392972157,-0.5952643401961024,-0.24956358868032483
-0.31642305585800823,-0.31719613392972157,1.0305433186778947,-0.3494744248837198
-0.31730057566888364,-0.31719613392972157,-0.5952643401961024,-0.24977581600449922
-0.3169039673030262,-0.31719613392972157,-0.05332845390476999,-0.07580729036077762
-0.31780172599520096,-0.31719613392972157,1.0305433186778947,-0.40557961203819937
3.6930009846261544,3.6950148325024297,-3.304943771652764,3.146604166421174
-0.31720788834906344,-0.31719613392972157,-0.5952643401961024,-0.36681918528670365
2.5246404337762103,2.522214703853032,-1.6791361127787672,3.2142275092603936
-0.3171683319315922,-0.31719613392972157,-0.5952643401961024,-0.15405164610527275
-0.3178009274960905,-0.31719613392972157,-0.05332845390476999,-0.40388179344480385
-0.3171214661761098,-0.31719613392972157,0.4886074323865624,-0.27464499971912243
-0.31707380192151713,-0.31719613392972157,-0.5952643401961024,-0.26027142185458074
-0.31714434624677457,-0.31719613392972157,-0.05332845390476999,-0.44721475436260344
-0.3178022173792689,-0.31719613392972157,0.4886074323865624,-0.4033705185274745
-0.31703922076773394,-0.31719613392972157,-0.05332845390476999,-0.318932983595707
-0.3166630355522013,-0.31719613392972157,-0.05332845390476999,-0.2892886850871589
-0.3170916760169894,-0.31719613392972157,1.0305433186778947,-0.2779924034231466
-0.31729182289017294,-0.31719613392972157,-0.5952643401961024,-0.24952500189411125
-0.3171565694254652,-0.31719613392972157,-0.5952643401961024,-0.3895853891526892
-0.3171565694254652,-0.31719613392972157,1.0305433186778947,-0.2750405142778112
-0.31778176351743986,-0.31719613392972157,1.0305433186778947,-0.4026470162859707
-0.3171607769015472,-0.31719613392972157,1.0305433186778947,-0.24806835071455036
-0.31717650119172214,-0.31719613392972157,-0.5952643401961024,-0.41129045639780254
-0.37802695511383877,-0.37892245649021616,-3.304943771652764,-0.34274103068945794
-0.3168417765069242,-0.31719613392972157,1.0305433186778947,-0.3992513790991797
2.5246888351069052,2.522214703853032,-1.6791361127787672,3.2238163256344574
-0.3172554297576392,-0.31719613392972157,1.0305433186778947,-0.2918354129772522
-0.3172829779769496,-0.31719613392972157,-0.05332845390476999,-0.5522286930427384
3.693003687238528,3.6950148325024297,-3.304943771652764,3.1532700337395623
2.5246248016205484,2.522214703853032,-1.6791361127787672,3.2084973715076837
-0.31778971779704,-0.31719613392972157,-0.5952643401961024,-0.3998398275889361
-0.3172937270034364,-0.31719613392972157,-0.5952643401961024,-0.2529978126533294
2.524610397925056,2.522214703853032,-1.6791361127787672,3.2180186610058734
2.5245930152136515,2.522214703853032,-2.7630078853614317,3.2060567572796774
-0.3167937130027762,-0.31719613392972157,1.0305433186778947,-0.40866655493528214
-0.31783529366934393,-0.31719613392972157,-0.05332845390476999,-0.4324938954221399
-0.31789561106368686,-0.31719613392972157,-0.5952643401961024,-0.3960583225400097
3.6315272100138225,3.633288509941935,-2.2210719990700993,3.1466138131177273
-0.31749725214208724,-0.31719613392972157,1.0305433186778947,-0.2645256150346229
-0.31728915098930344,-0.31719613392972157,-0.5952643401961024,-0.240794741513299
-0.3172922835627367,-0.31719613392972157,0.4886074323865624,-0.4001292284855376
-0.31729345059989816,-0.31719613392972157,-0.5952643401961024,-0.40096849108568194
-0.3174724986696634,-0.31719613392972157,-0.05332845390476999,-0.2517148020117294
-0.31824983755368214,-0.31719613392972157,0.4886074323865624,-0.4912133373425865
-0.3178116458110731,-0.31719613392972157,-0.5952643401961024,-0.2534801474809985
-0.31777678825375166,-0.31719613392972157,1.0305433186778947,-0.3987786909680639
-0.31797223626678534,-0.31719613392972157,-0.05332845390476999,-0.4118789048875589
-0.3166036395029859,-0.31719613392972157,-0.05332845390476999,-0.4674245836419423
-0.31822142941225284,-0.31719613392972157,0.4886074323865624,-0.4922841206600121
3.6930000325695227,3.6950148325024297,-2.7630078853614317,3.1486492660904912
-0.3171646772625866,-0.31719613392972157,-0.5952643401961024,-0.43140381871160755
-0.3171395552521119,-0.31719613392972157,0.4886074323865624,-0.18023278055115619
-0.3177845582643264,-0.31719613392972157,1.0305433186778947,-0.3975535605057841
-0.31738202257814907,-0.31719613392972157,-0.5952643401961024,-0.44371300351372517
-0.31779724211558075,-0.31719613392972157,0.4886074323865624,-0.4013254188581572
-0.3182700457234773,-0.31719613392972157,1.0305433186778947,-0.39538305378127286
-0.3180489228928924,-0.31719613392972157,1.0305433186778947,-0.44613432434862443
-0.318112188591643,-0.31719613392972157,1.0305433186778947,-0.46323791733777375
-0.3173877656294435,-0.31719613392972157,0.4886074323865624,-0.23915480309922374
3.692995210863356,3.6950148325024297,-1.6791361127787672,3.146469112669427
-0.31774598461499104,-0.31719613392972157,0.4886074323865624,-0.3811252362753717
-0.3172991015166798,-0.31719613392972157,0.4886074323865624,-0.24538656907270967
-0.31725165224261676,-0.31719613392972157,-0.05332845390476999,-0.43054526271835636
-0.3176987196099535,-0.31719613392972157,1.0305433186778947,-0.34215258219970157
-0.31729084012203707,-0.31719613392972157,0.4886074323865624,-0.24404567825178933
-0.31677878721171177,-0.31719613392972157,-0.5952643401961024,-0.3990005649887917
-0.3172860184158701,-0.31719613392972157,-0.05332845390476999,-0.23964678462344638
-0.31802217317269244,-0.31719613392972157,1.0305433186778947,-0.43588953260893093
-0.3169008040180886,-0.31719613392972157,1.0305433186778947,-0.4294744794009308
-0.31779543013683015,-0.31719613392972157,-0.5952643401961024,-0.36535288741058936
-0.31735631704909356,-0.31719613392972157,-0.05332845390476999,-0.3256277910037553
-0.3175339523896635,-0.31719613392972157,-0.05332845390476999,-0.3972352195195225
-0.31744872796537554,-0.31719613392972157,-0.05332845390476999,-0.4054156181967919
-0.31827247193231284,-0.31719613392972157,-0.05332845390476999,-0.5533573565394843
-0.3173270796970496,-0.31719613392972157,1.0305433186778947,-0.20824678734218235
-0.3182932021976802,-0.31719613392972157,-0.5952643401961024,-0.3992417324026263
-0.3168970572145704,-0.31719613392972157,-0.05332845390476999,-0.2426758473412088
3.692534753280167,3.6950148325024297,-2.2210719990700993,3.1487264396629184
-0.3182905302968106,-0.31719613392972157,1.0305433186778947,-0.4042194278241723
-0.31716952968025786,-0.31719613392972157,-0.05332845390476999,-0.31119633295989324
-0.31755956578420624,-0.31719613392972157,1.0305433186778947,-0.3793020106267822
-0.3182725947783298,-0.31719613392972157,-0.05332845390476999,-0.3989137447198113
2.5246611333300737,2.522214703853032,-2.2210719990700993,3.1968538087677496
-0.3177850803598986,-0.31719613392972157,1.0305433186778947,-0.25389495543279406
-0.3171730922147506,-0.31719613392972157,0.4886074323865624,-0.23774638540242976
-0.317185407527954,-0.31719613392972157,1.0305433186778947,-0.2924720949497755
3.6930071576385077,3.6950148325024297,-2.7630078853614317,3.1494595886009753
-0.31728221018934344,-0.31719613392972157,0.4886074323865624,-0.2467371065901834
-0.3179496325996589,-0.31719613392972157,-0.5952643401961024,-0.40567607900373326
-0.37480528760672926,-0.3994978973437144,-3.304943771652764,1.7568238873682909
-0.3168294304822165,-0.31719613392972157,-0.05332845390476999,-0.39991700116136314
-0.3172057692552704,-0.31719613392972157,0.4886074323865624,-0.45218280308759606
-0.3167864343762695,-0.31719613392972157,-0.05332845390476999,-0.08908114481823348
-0.3169151155790682,-0.31719613392972157,-0.5952643401961024,-0.20816961376975535
2.524649401535451,2.522214703853032,-3.304943771652764,3.208757832314625
-0.3177780167139216,-0.31719613392972157,-0.05332845390476999,-0.4055024384657723
2.524609998675501,2.522214703853032,-1.6791361127787672,3.210513531087341
-0.3171331979707326,-0.31719613392972157,1.0305433186778947,-0.2493803014458105
-0.31823334547590104,-0.31719613392972157,-0.05332845390476999,-0.4860137679003127
-0.31745834066620515,-0.31719613392972157,0.4886074323865624,-0.37908978330260773
-0.31660993536135673,-0.31719613392972157,-0.5952643401961024,-0.18214282646872607
3.6315745364418683,3.633288509941935,-2.7630078853614317,3.1551221994778116
-0.3171355013335512,-0.31719613392972157,-0.05332845390476999,-0.3086303116766932
-0.31670243841215145,-0.31719613392972157,1.0305433186778947,-0.44809260374896137
-0.3169894374193481,-0.31719613392972157,0.4886074323865624,-0.27315940844990133
-0.3173030633007277,-0.31719613392972157,1.0305433186778947,-0.25163762843930226
-0.3168055983549201,-0.31719613392972157,-0.05332845390476999,-0.09084649028750272
-0.31769488067192253,-0.31719613392972157,1.0305433186778947,-0.3540855458362372
-0.3179140379662355,-0.31719613392972157,-0.05332845390476999,-0.38300634210328155
-0.31692380693477035,-0.31719613392972157,-0.5952643401961024,-0.17781145971625686
-0.3182723183747916,-0.31719613392972157,1.0305433186778947,-0.5478587395040556
-0.31698157527426063,-0.31719613392972157,1.0305433186778947,-0.1853937632072164
-0.31688808945533004,-0.31719613392972157,-0.05332845390476999,-0.1516592653600336
-0.31826356559608093,-0.31719613392972157,1.0305433186778947,-0.3951804731536518
-0.31727542294690464,-0.31719613392972157,1.0305433186778947,-0.3951225929743315
-0.31693400315418063,-0.31719613392972157,-0.5952643401961024,-0.4335839721326723
-0.31677918646126696,-0.31719613392972157,0.4886074323865624,-0.4033608718309211
-0.3171154467212773,-0.31719613392972157,0.4886074323865624,-0.2928290227222507
2.5245829418402583,2.522214703853032,-1.6791361127787672,3.1119725257945263
-0.31782162704995365,-0.31719613392972157,-0.05332845390476999,-0.40958299110785357
-0.3171628959953403,-0.31719613392972157,0.4886074323865624,-0.28806355462487915
-0.3178027087633369,-0.31719613392972157,0.4886074323865624,-0.405820779452034
-0.3178293356375198,-0.31719613392972157,1.0305433186778947,-0.37218274857038497
-0.31792801170066837,-0.31719613392972157,-0.05332845390476999,-0.43867742791285885
-0.3171400773476841,-0.31719613392972157,1.0305433186778947,-0.15351143109828325
-0.3167687138383184,-0.31719613392972157,-0.05332845390476999,-0.27302435469815395
-0.3177384602964503,-0.31719613392972157,1.0305433186778947,-0.35085390249085363
-0.31713408860435577,-0.31719613392972157,-0.05332845390476999,-0.3044629387656314
-0.3172911472370795,-0.31719613392972157,-0.5952643401961024,-0.400138875182091
-0.31727447089027294,-0.31719613392972157,-0.05332845390476999,-0.0909815440392501
-0.31701667852361604,-0.31719613392972157,-0.5952643401961024,-0.4613182247236504
2.5246278727709734,2.522214703853032,-2.7630078853614317,3.214632670515636
-0.3172819644973094,-0.31719613392972157,-0.5952643401961024,-0.25042214467357593
-0.3178134270783194,-0.31719613392972157,-0.05332845390476999,-0.45885831710253755
3.631588110926746,3.633288509941935,-2.7630078853614317,3.1488229066284523
-0.3171932389615372,-0.31719613392972157,1.0305433186778947,-0.3408020446822278
2.5246611026185692,2.522214703853032,-2.7630078853614317,3.206616265679774
-0.3177866773581195,-0.31719613392972157,1.0305433186778947,-0.40190422065136017
-0.31728822964417597,-0.31719613392972157,-0.5952643401961024,-0.24583996381071863
-0.31717822103596,-0.31719613392972157,-0.05332845390476999,-0.4438769973551327
-0.31730303258922343,-0.31719613392972157,0.4886074323865624,-0.5547754209328317
-0.3177864009545812,-0.31719613392972157,-0.5952643401961024,-0.39817094908520073
-0.31702211445986783,-0.31719613392972157,0.4886074323865624,-0.3031316946412645
-0.31697973258400575,-0.31719613392972157,-0.5952643401961024,-0.16277225978953164
-0.31779152977579067,-0.31719613392972157,0.4886074323865624,-0.24942853492857747
-0.3168082088327812,-0.31719613392972157,-0.05332845390476999,-0.3989812715956849
-0.31716486153161216,-0.31719613392972157,-0.05332845390476999,-0.34261562363426395
-0.3173772930064949,-0.31719613392972157,-0.5952643401961024,-0.22017975097871803
-0.31744918863793925,-0.31719613392972157,1.0305433186778947,-0.24809729080421053
-0.3177756519280945,-0.31719613392972157,1.0305433186778947,-0.39539270047782615
-0.3171661207032863,-0.31719613392972157,-0.05332845390476999,-0.27746183511271044
-0.31718534610494553,-0.31719613392972157,0.4886074323865624,-0.18462202748294576
-0.31718132289788903,-0.31719613392972157,0.4886074323865624,-0.29560727132962517
-0.31712214182920334,-0.31719613392972157,1.0305433186778947,-0.4973679297436453
-0.3168032642805973,-0.31719613392972157,-0.05332845390476999,-0.4066986288383919
-0.3172963067697932,-0.31719613392972157,1.0305433186778947,-0.18152543788930955
-0.31728393003358124,-0.31719613392972157,1.0305433186778947,-0.2500169834183338
-0.3172276358462949,-0.31719613392972157,1.0305433186778947,-0.30102871479262683
-0.31712398451945817,-0.31719613392972157,-0.05332845390476999,-0.37528898486057455
-0.31680034668769375,-0.31719613392972157,-0.5952643401961024,-0.09233208155672383
-0.3171367297937211,-0.31719613392972157,1.0305433186778947,-0.36985789470101954
2.5245977140738014,2.522214703853032,-2.7630078853614317,3.213166372639521
-0.3173832817498232,-0.31719613392972157,-0.05332845390476999,-0.218115357916294
-0.31729547755917853,-0.31719613392972157,1.0305433186778947,-0.40312935111363996
-0.3172909629680541,-0.31719613392972157,-0.05332845390476999,-0.2448270606726134
-0.31804923000793484,-0.31719613392972157,0.4886074323865624,-0.42187288251686444
-0.3172899494884139,-0.31719613392972157,0.4886074323865624,-0.24345722976203288
-0.3148658290351182,-0.31719613392972157,-0.05332845390476999,-0.09054744269434793
-0.31779119194924393,-0.31719613392972157,-0.5952643401961024,-0.39944431303024736
-0.31683778401137197,-0.31719613392972157,-0.05332845390476999,-0.3005174398752975
3.6930039329305617,3.6950148325024297,-2.7630078853614317,3.144674827110497
-0.31708522660109734,-0.31719613392972157,0.4886074323865624,-0.24003265248558173
-0.3177335464557706,-0.31719613392972157,-0.5952643401961024,-0.3396347943992684
-0.31631439855597915,-0.31719613392972157,-0.05332845390476999,-0.09109730439789068
-0.3177385831424672,-0.31719613392972157,-0.05332845390476999,-0.3225601414997793
-0.316261359788143,-0.31719613392972157,-0.05332845390476999,-0.21402515857765922
-0.31678975121872827,-0.31719613392972157,1.0305433186778947,-0.09021945501153282
-0.31708826704001786,-0.31719613392972157,-0.05332845390476999,-0.13411192432942864
-0.31776109467508096,-0.31719613392972157,1.0305433186778947,-0.49479226176389185
-0.3174080352222471,-0.31719613392972157,0.4886074323865624,-0.2498915763631398
-0.3169266631046654,-0.31719613392972157,0.4886074323865624,-0.21075492844606222
-0.31716114543959817,-0.31719613392972157,0.4886074323865624,-0.21584838422624883
-0.3175357029454056,-0.31719613392972157,-0.5952643401961024,-0.2758315433951886
-0.3177760511776497,-0.31719613392972157,0.4886074323865624,-0.40228044181694217
-0.3178883017256758,-0.31719613392972157,0.4886074323865624,-0.39814200899554053
-0.3169472705240158,-0.31719613392972157,1.0305433186778947,-0.24128672303752152
-0.3177624459812679,-0.31719613392972157,-0.5952643401961024,-0.2488497331353744
-0.3173079464299032,-0.31719613392972157,1.0305433186778947,-0.3999555879475767
-0.3171330137017071,-0.31719613392972157,1.0305433186778947,-0.2014555129686003
-0.3170437967818669,-0.31719613392972157,-0.5952643401961024,-0.2668697622970952
2.5246392360275447,2.522214703853032,-1.6791361127787672,3.1962171267952266
-0.31727093906728443,-0.31719613392972157,-0.05332845390476999,-0.24210669224455914
2.524650507149604,2.522214703853032,-1.6791361127787672,3.213552240501657
-0.31822004739456167,-0.31719613392972157,-0.5952643401961024,-0.4872871318453594
-0.3171361769866446,-0.31719613392972157,1.0305433186778947,-0.14492587116577174
-0.31729191502468573,-0.31719613392972157,1.0305433186778947,-0.25329686024648435
3.69299791347573,3.6950148325024297,-1.6791361127787672,3.1609005707132884
-0.3177598355034068,-0.31719613392972157,-0.05332845390476999,-0.3378790956265526
3.631569622601188,3.633288509941935,-2.7630078853614317,3.1414817705513274
-0.31732164376079774,-0.31719613392972157,-0.05332845390476999,-0.25266982497051427
-0.31731636138206704,-0.31719613392972157,1.0305433186778947,-0.4539192084672051
-0.3177563651034268,-0.31719613392972157,1.0305433186778947,-0.4027724233411647
-0.31712208040619483,-0.31719613392972157,-0.05332845390476999,-0.2856132937003197
-0.31818168872575603,-0.31719613392972157,-0.5952643401961024,-0.4749490069535816
-0.3178164982287442,-0.31719613392972157,-0.5952643401961024,-0.5512833167805068
3.692540250639427,3.6950148325024297,-1.6791361127787672,3.1444047196070026
2.5246721280485946,2.522214703853032,-2.7630078853614317,3.2062786313004055
-0.31756469460541564,-0.31719613392972157,-0.05332845390476999,-0.31768855974032045
-0.31778581743600054,-0.31719613392972157,-0.05332845390476999,-0.40085273072704136
-0.3171352556415172,-0.31719613392972157,-0.05332845390476999,-0.15300015618095394
-0.31678382389840837,-0.31719613392972157,0.4886074323865624,-0.24583996381071863
-0.3171150167602178,-0.31719613392972157,1.0305433186778947,-0.30884253900086767
-0.3182548435288745,-0.31719613392972157,0.4886074323865624,-0.5448103833931863
-0.3172284343454053,-0.31719613392972157,-0.05332845390476999,-0.19003382424939394
-0.3178732223770901,-0.31719613392972157,1.0305433186778947,-0.39288455937394645
-0.31780129603414153,-0.31719613392972157,0.4886074323865624,-0.24966970234241204
-0.3171882944093533,-0.31719613392972157,-0.05332845390476999,-0.3608864669063727
-0.3168523719758897,-0.31719613392972157,1.0305433186778947,-0.4304680891459293
-0.31767639234636524,-0.31719613392972157,-0.05332845390476999,-0.5070242729935824
2.5246643887495237,2.522214703853032,-2.2210719990700993,3.2007317807822098
-0.31770185218338676,-0.31719613392972157,-0.5952643401961024,-0.3155469931054693
-0.3175236947472447,-0.31719613392972157,1.0305433186778947,-0.38617045857279136
-0.3174326044256454,-0.31719613392972157,1.0305433186778947,-0.3693948532664571
-0.31769515707546075,-0.31719613392972157,1.0305433186778947,-0.3501882804286702
-0.3172059535242958,-0.31719613392972157,0.4886074323865624,-0.23360795258102818
-0.31729848728659477,-0.31719613392972157,0.4886074323865624,-0.24748954892134728
-0.31679669201868826,-0.31719613392972157,-0.05332845390476999,-0.332785639846366
-0.31716308026436574,-0.31719613392972157,-0.5952643401961024,-0.24510681487266153
-0.3179528265961007,-0.31719613392972157,1.0305433186778947,-0.3889487071801659
-0.31729679815386114,-0.31719613392972157,1.0305433186778947,-0.40456670890009405
-0.31717929593860866,-0.31719613392972157,0.4886074323865624,-0.47299072755324467
-0.3171632952448955,-0.31719613392972157,-0.05332845390476999,-0.27507910106402467
-0.3172741944867347,-0.31719613392972157,1.0305433186778947,-0.25270841175672787
-0.31827695581193305,-0.31719613392972157,-0.05332845390476999,-0.5544860200362303
-0.3172001183384887,-0.31719613392972157,-0.05332845390476999,-0.20114681867889195
3.6930185208950794,3.6950148325024297,-2.7630078853614317,3.145523736407195
-0.3168523412643855,-0.31719613392972157,-0.05332845390476999,-0.09284335647405313
-0.3168987156357998,-0.31719613392972157,0.4886074323865624,-0.2746257063260157
-0.31758637692741465,-0.31719613392972157,0.4886074323865624,-0.4197023757923531
-0.31757258746200734,-0.31719613392972157,-0.5952643401961024,-0.2791500070095526
-0.31717183304307645,-0.31719613392972157,-0.05332845390476999,-0.2789956598646985
-0.3171031621195781,-0.31719613392972157,-0.05332845390476999,-0.27420125167766674
-0.3177798286926722,-0.31719613392972157,0.4886074323865624,-0.39814200899554053
-0.3171202684274442,-0.31719613392972157,-0.5952643401961024,-0.476318837864162
-0.31732879954128745,-0.31719613392972157,1.0305433186778947,-0.4498483025216772
-0.3182507588988096,-0.31719613392972157,-0.05332845390476999,-0.4039300269275708
-0.31771324615146274,-0.31719613392972157,-0.05332845390476999,-0.4888981301697744
-0.3169595551257149,-0.31719613392972157,0.4886074323865624,-0.17859284213708093
-0.316804462029263,-0.31719613392972157,-0.05332845390476999,-0.0919462136945885
-0.31780074322706503,-0.31719613392972157,-0.05332845390476999,-0.4042773080034926
-0.31778117999885913,-0.31719613392972157,-0.05332845390476999,-0.3949875392225841
-0.31701133472187687,-0.31719613392972157,-0.5952643401961024,-0.8546236899016573
-0.31709665128067754,-0.31719613392972157,-0.05332845390476999,-0.29878103449568844
-0.31687654192973286,-0.31719613392972157,1.0305433186778947,-0.1803388942132434
-0.31712063696549514,-0.31719613392972157,-0.05332845390476999,-0.15892322786473156
-0.31689177483583975,-0.31719613392972157,-0.05332845390476999,-0.28283504509294516
-0.3163028203188777,-0.31719613392972157,-0.5952643401961024,-0.24093944196159975
-0.31724293017541033,-0.31719613392972157,0.4886074323865624,-0.17749311872999515
-0.31757823837878896,-0.31719613392972157,-0.5952643401961024,-0.2847065042243016
-0.3172891202777992,-0.31719613392972157,-0.05332845390476999,-0.24857962563187966
-0.31680347926112706,-0.31719613392972157,-0.05332845390476999,-0.401672699934079
-0.3173639335021471,-0.31719613392972157,-0.05332845390476999,-0.4718524173599454
-0.3170261376669244,-0.31719613392972157,1.0305433186778947,-0.21126620336339152
-0.3178789961398887,-0.31719613392972157,0.4886074323865624,-0.36950096692854434
-0.3177741163528821,-0.31719613392972157,-0.05332845390476999,-0.4006115633132068
-0.31748539750144755,-0.31719613392972157,-0.5952643401961024,-0.2745871195398021
-0.31631206448165633,-0.31719613392972157,1.0305433186778947,-0.2498336961838196
-0.31810945526776496,-0.31719613392972157,0.4886074323865624,-0.4454204688036741
-0.3168289698096528,-0.31719613392972157,1.0305433186778947,-0.4001195817889842
-0.3170946243213972,-0.31719613392972157,-0.05332845390476999,-0.25007486359765413
-0.31701505081389086,-0.31719613392972157,-0.05332845390476999,-0.12858436720433974
-0.31711298980093744,-0.31719613392972157,-0.5952643401961024,-0.32531909671404696
-0.317958446801378,-0.31719613392972157,-0.05332845390476999,-0.40500081024499635
-0.31712886764863363,-0.31719613392972157,-0.05332845390476999,-0.400264282237285
-0.3170923209585786,-0.31719613392972157,-0.5952643401961024,-0.38488744793119134
-0.3172113587490435,-0.31719613392972157,-0.05332845390476999,-0.1518907860773148
3.6315714345799393,3.633288509941935,-2.7630078853614317,3.153771661960338
-0.3168374768963295,-0.31719613392972157,0.4886074323865624,-0.4361210533262122
-0.3171028857160399,-0.31719613392972157,-0.05332845390476999,-0.4334489183809249
-0.3167839467444254,-0.31719613392972157,0.4886074323865624,-0.4002835756303917
-0.3173051823945208,-0.31719613392972157,-0.5952643401961024,-0.09536114427448639
-0.31716476939709937,-0.31719613392972157,1.0305433186778947,-0.16964070773554088
-0.3170956378010374,-0.31719613392972157,1.0305433186778947,-0.38984584995963056
-0.3168149346522115,-0.31719613392972157,1.0305433186778947,-0.2386628215750012
-0.3177807807493039,-0.31719613392972157,-0.05332845390476999,-0.3996083068716549
-0.31829166662246783,-0.31719613392972157,-0.05332845390476999,-0.5599556969819988
-0.31778916498996357,-0.31719613392972157,-0.5952643401961024,-0.4059075997210144
-0.3173631657145409,-0.31719613392972157,-0.05332845390476999,-0.25825526227492357
-0.3177938331386092,-0.31719613392972157,0.4886074323865624,-0.2552647863433746
-0.31752495391891883,-0.31719613392972157,-0.05332845390476999,-0.2811179331064429
-0.31738441807548046,-0.31719613392972157,-0.5952643401961024,-0.22779099455933774
-0.3167778965780885,-0.31719613392972157,0.4886074323865624,-0.3997240672302955
-0.31778351407318195,-0.31719613392972157,-0.5952643401961024,-0.4003703958993722
-0.31717551842358616,-0.31719613392972157,-0.05332845390476999,-0.2008863578719506
2.52466862693711,2.522214703853032,-2.2210719990700993,3.2138416413982585
-0.31680624329650936,-0.31719613392972157,-0.5952643401961024,-0.39939607954748046
-0.3181508236639869,-0.31719613392972157,1.0305433186778947,-0.4691899291112115
-0.3167638921321515,-0.31719613392972157,1.0305433186778947,-0.4000327615200037
-0.3171625888802978,-0.31719613392972157,1.0305433186778947,-0.31459197014668433
-0.3175974023574396,-0.31719613392972157,-0.5952643401961024,-0.43415312722932187
2.4631553880418195,2.4604883812925373,-2.7630078853614317,3.222494728206643
-0.31731012694670474,-0.31719613392972157,-0.5952643401961024,-0.29586773213656653
-0.31778050434576566,-0.31719613392972157,1.0305433186778947,-0.3956724546778743
-0.3171535596980489,-0.31719613392972157,-0.05332845390476999,-0.40716167027295436
-0.3172935120229066,-0.29662069307622335,-0.05332845390476999,-0.23895222247160272
-0.317750560629124,-0.31719613392972157,-0.05332845390476999,-0.33582434926068183
-0.31694591921782883,-0.31719613392972157,-0.05332845390476999,-0.4594949990750609
-0.3172995314777392,-0.31719613392972157,-0.5952643401961024,-0.2473834352592601
2.524672711567175,2.522214703853032,-2.2210719990700993,3.216600596612526
3.631573277270194,3.633288509941935,-3.304943771652764,3.145842077393457
-0.31679405082932294,-0.31719613392972157,-0.05332845390476999,-0.09325816442584865
-0.3167522217605373,-0.31719613392972157,0.4886074323865624,-0.20815996707320195
-0.3177901477580995,-0.31719613392972157,1.0305433186778947,-0.39949254651301425
-0.31782058285880915,-0.31719613392972157,-0.05332845390476999,-0.35595700496759364
-0.3177749455634968,-0.31719613392972157,-0.05332845390476999,-0.4027145431618444
-0.3172643053823669,-0.31719613392972157,1.0305433186778947,-0.3337310161085976
-0.3168159481318517,-0.31719613392972157,-0.05332845390476999,-0.24865679920430667
-0.3166253525364892,-0.31719613392972157,-0.05332845390476999,-0.07599057759529182
-0.31680648898854336,-0.31719613392972157,-0.05332845390476999,-0.2411034358030073
-0.31679402011781865,-0.31719613392972157,0.4886074323865624,-0.40147011930645793
3.631596403032893,3.633288509941935,-1.6791361127787672,3.156241216278004
-0.31780667054738493,-0.31719613392972157,1.0305433186778947,-0.3992320857060729
-0.3171804936872743,-0.31719613392972157,-0.05332845390476999,-0.42392762888273516
3.012300424737593,2.9748744026299923,-2.7630078853614317,0.6841691108113438
-0.3179425075306734,-0.31719613392972157,-0.5952643401961024,-0.41595945752964025
-0.31732044601213205,-0.31719613392972157,-0.5952643401961024,-0.44992547609410427
-0.31763938498374655,-0.31719613392972157,-0.05332845390476999,-0.3060160569107262
-0.3172960303662549,-0.31719613392972157,0.4886074323865624,-0.25326792015682414
-0.3177836062076947,-0.31719613392972157,-0.5952643401961024,-0.5577755435609341
-0.3172240733118021,-0.31719613392972157,-0.5952643401961024,-0.48264707080318175
-0.31594162231741807,-0.31719613392972157,-0.5952643401961024,-0.2652008837933598
-0.3175656159505431,-0.31719613392972157,-0.5952643401961024,-0.2937358121982687
-0.31801265260637557,-0.31719613392972157,-0.05332845390476999,-0.44086722803047695
-0.31716498437762913,-0.31719613392972157,-0.5952643401961024,-0.1906994463115774
-0.3172511301470445,-0.31719613392972157,-0.05332845390476999,-0.3649477261553472
-0.3171346721229365,-0.31719613392972157,-0.05332845390476999,-0.15214160018770273
-0.31713470283444073,-0.31719613392972157,-0.05332845390476999,-0.39299067303603363
-0.31683237878662435,-0.31719613392972157,0.4886074323865624,-0.4025987828032038
-0.3170309900845955,-0.31719613392972157,0.4886074323865624,-0.419422621592305
-0.3177868309156407,-0.31719613392972157,-0.5952643401961024,-0.4018463404720399
-0.31805896555478147,-0.31719613392972157,-0.5952643401961024,-0.4227893186894359
-0.31680151372485515,-0.31719613392972157,-0.5952643401961024,-0.09930664316482025
-0.31824301959973916,-0.31719613392972157,-0.05332845390476999,-0.5037636895585387
2.463162789514343,2.4604883812925373,-2.2210719990700993,3.2067995529142883
-0.3172065063313723,-0.31719613392972157,-0.5952643401961024,-0.3224057943549251
-0.3168268507158597,-0.31719613392972157,1.0305433186778947,-0.09821656645428788
-0.31770120724179757,-0.31719613392972157,1.0305433186778947,-0.42386010200686147
-0.3171704817368895,-0.31719613392972157,-0.5952643401961024,-0.36032695850627644
-0.31713755900433577,-0.31719613392972157,-0.5952643401961024,-0.14822504138702905
-0.31763465541209235,-0.31719613392972157,-0.5952643401961024,-0.3905307654149208
3.692535521067773,3.6950148325024297,-1.6791361127787672,3.145668436855496
-0.3177964129049661,-0.31719613392972157,-0.05332845390476999,-0.40571466578994675
-0.31812815857385196,-0.31719613392972157,1.0305433186778947,-0.4652154901312174
-0.31788590622834445,-0.31719613392972157,1.0305433186778947,-0.3934151276843825
2.5246130391144215,2.522214703853032,-1.6791361127787672,3.2096935618803033
-0.3171595791528815,-0.31719613392972157,-0.05332845390476999,-0.38488744793119134
-0.31768339456933375,-0.31719613392972157,-0.05332845390476999,-0.3248560552794846
-0.3172570267558601,-0.31719613392972157,0.4886074323865624,-0.254898211874346
-0.3168789681385684,-0.31719613392972157,0.4886074323865624,-0.07130228307034735
-0.31681511892123704,-0.31719613392972157,1.0305433186778947,-0.2423671530515005
-0.31750213527126264,-0.31719613392972157,-0.5952643401961024,-0.2770277337678082
-0.31726909637702955,-0.31719613392972157,1.0305433186778947,-0.36456185829321186
-0.31812020429425175,-0.31719613392972157,-0.05332845390476999,-0.44875822581114483
-0.3171177807956001,-0.31719613392972157,-0.05332845390476999,-0.45075509199769526
-0.31716943754574506,-0.31719613392972157,1.0305433186778947,-0.1748885106605815
-0.3173065337007077,-0.31719613392972157,-0.05332845390476999,-0.24423861218285695
-0.3170463458367195,-0.31719613392972157,-0.05332845390476999,-0.3600857910924419
-0.31728611055038286,-0.31719613392972157,1.0305433186778947,-0.4059751265968881
-0.31779546084833443,-0.31719613392972157,-0.5952643401961024,-0.39726415960918265
-0.31714296422908345,-0.31719613392972157,1.0305433186778947,-0.46330544421364744
-0.3177617396166702,-0.31719613392972157,-0.05332845390476999,-0.4012868320719436
-0.31716344880241676,-0.31719613392972157,-0.05332845390476999,-0.1491221841664937
3.6310694857545114,3.633288509941935,-1.6791361127787672,3.1437005107586056
2.5246335851107635,2.522214703853032,-2.7630078853614317,3.216600596612526
-0.3167349926066542,-0.31719613392972157,1.0305433186778947,-0.2569433115436634
-0.3173077007378691,-0.31719613392972157,-0.5952643401961024,-0.2441614386104299
-0.31725533762312647,-0.31719613392972157,-0.05332845390476999,-0.3603173118097231
-0.3172930513503429,-0.31719613392972157,-0.05332845390476999,-0.2524672443428933
-0.31720140822166715,-0.31719613392972157,-0.5952643401961024,-0.33392395003966524
-0.3171738292908525,-0.31719613392972157,-0.05332845390476999,-0.4040843740724249
-0.31729765807598004,-0.31719613392972157,-0.05332845390476999,-0.24956358868032483
-0.31731688347763926,-0.31719613392972157,0.4886074323865624,-0.2534415606947851
-0.40186795803494085,-0.4200733381972126,-2.7630078853614317,-0.864347560027468
-0.3173014355910026,-0.31719613392972157,-0.5952643401961024,-0.2446051866518856
2.524632233804576,2.522214703853032,-2.7630078853614317,3.2126358043290857
-0.3166005990640654,-0.31719613392972157,-0.05332845390476999,-0.1282274394318646
-0.317152454083896,-0.31719613392972157,-0.05332845390476999,-0.3480274204007122
-0.3171291747636761,-0.31719613392972157,0.4886074323865624,-0.4509866127149765
-0.3175386819613176,-0.31719613392972157,-0.05332845390476999,-0.27619811786421716
2.52463247949661,2.522214703853032,-3.304943771652764,3.2068477863970553
-0.3175228962481342,-0.31719613392972157,0.4886074323865624,-0.2795358748716879
-0.31727072408675466,-0.31719613392972157,-0.5952643401961024,-0.2473641418661533
2.463167764778031,2.4604883812925373,-2.7630078853614317,3.2206715025580537
3.692521516621836,3.6950148325024297,-2.7630078853614317,3.1466813399936013
-0.31724388223204203,-0.31719613392972157,-0.05332845390476999,-0.2401387661476689
-0.31827130489515143,-0.31719613392972157,1.0305433186778947,-0.5515437775874481
-0.31779653575098304,-0.31719613392972157,-0.05332845390476999,-0.40488504988635576
-0.31777319500775464,-0.31719613392972157,-0.05332845390476999,-0.4013640056443707
-0.3181545397560009,-0.31719613392972157,0.4886074323865624,-0.4777272555609561
-0.31728730829904855,-0.31719613392972157,1.0305433186778947,-0.24657311274877586
-0.3167911332364194,-0.31719613392972157,1.0305433186778947,-0.16341858845860832
-0.3182686637057861,-0.31719613392972157,1.0305433186778947,-0.5540133319051144
-0.31733402049700965,-0.31719613392972157,-0.05332845390476999,-0.2697348311734501
-0.3168317031335309,-0.31719613392972157,-0.5952643401961024,-0.4671062426556806
-0.31716790197053274,-0.31719613392972157,-0.05332845390476999,-0.3119294818979504
-0.31744700812113763,-0.31719613392972157,-0.05332845390476999,-0.25008451029420753
-0.31827652585087357,-0.31719613392972157,-0.5952643401961024,-0.4034380454033482
-0.3171702053333513,-0.31719613392972157,-0.05332845390476999,-0.4209275062546329
-0.3167995481885833,-0.31719613392972157,0.4886074323865624,-0.4037274462999497
-0.31656211754924274,-0.31719613392972157,-0.5952643401961024,-0.33056689963908775
-0.31795985953057343,-0.31719613392972157,1.0305433186778947,-0.4161138046744944
-0.31713353579727926,-0.31719613392972157,0.4886074323865624,-0.33848683750941577
-0.3177805657687741,-0.31719613392972157,-0.05332845390476999,-0.24713262114887213
-0.3181629547081648,-0.31719613392972157,-0.05332845390476999,-0.47560498231921167
-0.31730782358388615,-0.31719613392972157,-0.05332845390476999,-0.4043351881828129
-0.3166821995308521,-0.31719613392972157,-0.5952643401961024,-0.1896672497803654
-0.3171179036416171,-0.31719613392972157,-0.05332845390476999,-0.269204262863014
-0.31751245433668995,-0.31719613392972157,-0.05332845390476999,-0.268374646959423
-0.3167428854632459,-0.31719613392972157,-0.05332845390476999,-0.3311457014322907
-0.3179167405786094,-0.31719613392972157,0.4886074323865624,-0.44964572189405616
-0.3172686971274743,-0.31719613392972157,1.0305433186778947,-0.2354794117123846
2.5246635595389093,2.522214703853032,-3.304943771652764,3.2264209337038707
-0.3169001897880037,-0.31719613392972157,1.0305433186778947,-0.449240560638814
-0.31827812284909446,-0.31719613392972157,1.0305433186778947,-0.39437979733972095
-0.31714609680251665,-0.31719613392972157,-0.05332845390476999,-0.15217054027736293
2.5246660471707534,2.522214703853032,-2.7630078853614317,3.1998828714855123
-0.31827793858006903,-0.31719613392972157,1.0305433186778947,-0.5474439315522601
-0.31726851285844887,-0.31719613392972157,-0.05332845390476999,-0.2514350478116813
-0.316902953823386,-0.31719613392972157,-0.05332845390476999,-0.09885324842681117
-0.3168912220287633,-0.31719613392972157,-0.05332845390476999,-0.15149527151862605
-0.3170028276352002,-0.31719613392972157,-0.5952643401961024,-0.20055837018913564
-0.3163413325452046,-0.31719613392972157,1.0305433186778947,-0.09085613698405612
-0.3173894854736813,-0.31719613392972157,0.4886074323865624,-0.41419411206037104
-0.3177969964235468,-0.31719613392972157,0.4886074323865624,-0.4037756797827166
-0.3177882743563404,-0.31719613392972157,-0.5952643401961024,-0.4002064020579647
-0.3177711066254658,-0.31719613392972157,-0.5952643401961024,-0.4001195817889842
-0.3170585997269144,-0.31719613392972157,-0.05332845390476999,-0.33640315105388485
3.693039036179918,3.6950148325024297,-3.304943771652764,3.1500576837872853
-0.3176862814507331,-0.31719613392972157,1.0305433186778947,-0.35759694338166886
-0.3171479702042758,-0.31719613392972157,0.4886074323865624,-0.29303160334987177
-0.3171704817368895,-0.31719613392972157,-0.5952643401961024,-0.21279038141882609
-0.3167958320965693,-0.31719613392972157,-0.05332845390476999,-0.40523233096227756
-0.31743874672649497,-0.31719613392972157,-0.05332845390476999,-0.44898009983187265
-0.3173975318877943,-0.31719613392972157,-0.5952643401961024,-0.28497661172779637
3.6310786992057853,3.633288509941935,-1.6791361127787672,3.148128344476609
2.52471619905719,2.522214703853032,-1.6791361127787672,3.2064619185349197
-0.31791578852197766,-0.31719613392972157,0.4886074323865624,-0.3811252362753717
-0.3167650898808172,-0.31719613392972157,0.4886074323865624,-0.4039975538034445
-0.3170992310470344,-0.31719613392972157,-0.05332845390476999,-0.1291728156940962
-0.3177750684095138,-0.31719613392972157,-0.05332845390476999,-0.40248302244456324
-0.3177789687705533,-0.31719613392972157,1.0305433186778947,-0.244692006920866
-0.3168597427369092,-0.31719613392972157,-0.05332845390476999,-0.11050645786329868
-0.31707481540115734,-0.31719613392972157,-0.05332845390476999,-0.43073819664942403
-0.31717223229263164,-0.31719613392972157,1.0305433186778947,-0.1643060845415197
-0.3177791223280745,-0.31719613392972157,-0.05332845390476999,-0.40253125592733013
3.693013944880947,3.6950148325024297,-2.7630078853614317,3.151958083008302
-0.31691241296669437,-0.31719613392972157,1.0305433186778947,-0.15561441094692086
-0.3173973476187688,-0.31719613392972157,-0.5952643401961024,-0.4246125443380254
-0.31799456353037353,-0.31719613392972157,1.0305433186778947,-0.4221526367169126
-0.3167204967766492,-0.31719613392972157,-0.5952643401961024,-0.5550165883466663
-0.31681690018848335,-0.31719613392972157,1.0305433186778947,-0.40585936623824753
-0.3178461655418477,-0.31719613392972157,-0.05332845390476999,-0.37754631185406634
-0.31716943754574506,-0.31719613392972157,1.0305433186778947,-0.2954722175778778
-0.31634010408503466,-0.31719613392972157,0.4886074323865624,-0.09016157483221246
-0.3171322459141009,-0.31719613392972157,1.0305433186778947,-0.23416746098112445
-0.31632278279663884,-0.31719613392972157,1.0305433186778947,-0.4039975538034445
-0.3177659470927522,-0.31719613392972157,-0.5952643401961024,-0.3936852351878773
-0.3172932356193684,-0.31719613392972157,1.0305433186778947,-0.4054542049830054
-0.3168321638060946,-0.31719613392972157,-0.05332845390476999,-0.08469189788644392
-0.3170395893057849,-0.31719613392972157,1.0305433186778947,-0.2030279245068018
2.463132753663189,2.4604883812925373,-2.2210719990700993,3.2185492293163094
-0.31702205303685943,-0.31719613392972157,-0.5952643401961024,-0.11040034420121149
-0.317691717386985,-0.31719613392972157,0.4886074323865624,-0.43287976328427524
-0.3177916219103034,-0.31719613392972157,1.0305433186778947,-0.39543128726403975
-0.31716163682366616,-0.31719613392972157,0.4886074323865624,-0.3225312014101191
-0.3176096255361303,-0.31719613392972157,1.0305433186778947,-0.29498023605365525
-0.31719013709960814,-0.31719613392972157,-0.5952643401961024,-0.26490183620020485
-0.31779702713505104,-0.31719613392972157,0.4886074323865624,-0.41003638584586266
-0.31729176146716453,-0.31719613392972157,-0.05332845390476999,-0.40989168539756193
-0.31689404748715416,-0.31719613392972157,-0.05332845390476999,-0.2251960331864776
-0.31698565990432565,-0.31719613392972157,-0.05332845390476999,-0.25819738209560317
-0.3168005616682235,-0.31719613392972157,0.4886074323865624,-0.24045710713393062
-0.3177792144625873,-0.31719613392972157,1.0305433186778947,-0.3997819474096158
-0.3172904715839861,-0.31719613392972157,-0.5952643401961024,-0.2428205477895096
-0.31691843242152695,-0.31719613392972157,0.4886074323865624,-0.15849877321638267
-0.317786738781128,-0.31719613392972157,-0.5952643401961024,-0.3652274803553954
-0.31715469602370605,-0.31719613392972157,0.4886074323865624,-0.19120107453235347
-0.31718510041291154,-0.31719613392972157,-0.5952643401961024,-0.18983124362177295
-0.3170916760169894,-0.31719613392972157,-0.5952643401961024,-0.1341890979018558
-0.31698139100523515,-0.31719613392972157,-0.05332845390476999,-0.24233821296184047
-0.3172968902883739,-0.31719613392972157,1.0305433186778947,-0.40239620217558275
-0.3168179750911321,-0.31719613392972157,-0.5952643401961024,-0.2325082291739424
-0.3174030599585589,-0.31719613392972157,0.4886074323865624,-0.22026657124769844
-0.3182999587286147,-0.31719613392972157,-0.05332845390476999,-0.5551612887949671
-0.31679362086826346,-0.31719613392972157,0.4886074323865624,-0.2504896715494497
-0.3171640016094932,-0.31719613392972157,-0.05332845390476999,-0.23257575604981615
-0.3177856024554708,-0.31719613392972157,-0.5952643401961024,-0.253943188915561
-0.31814538772773504,-0.31719613392972157,-0.5952643401961024,-0.4530317123842938
-0.3177857560129921,-0.31719613392972157,1.0305433186778947,-0.3613398616443817
-0.31714296422908345,-0.31719613392972157,1.0305433186778947,-0.49136768448744067
-0.31715337542902344,-0.31719613392972157,-0.05332845390476999,-0.3729544842946557
-0.31729609178926343,-0.31719613392972157,-0.05332845390476999,-0.24564702987965104
-0.3175890181167799,-0.31719613392972157,-0.05332845390476999,-0.28330773322406094
2.524670254646835,2.522214703853032,-1.6791361127787672,3.222813069192905
-0.3173056123555803,-0.31719613392972157,1.0305433186778947,-0.09426142086740062
-0.3167794321533009,-0.31719613392972157,1.0305433186778947,-0.138395057599131
-0.316829491905225,-0.31719613392972157,-0.05332845390476999,-0.22841802983530776
-0.3168245166415369,-0.31719613392972157,1.0305433186778947,-0.4210046798270599
-0.3783010245777471,-0.37892245649021616,-2.7630078853614317,-0.4237346949516675
-0.317119377793821,-0.31719613392972157,-0.5952643401961024,-0.2941216800604041
-0.3171735528873143,-0.31719613392972157,1.0305433186778947,-0.15247923456707124
-0.317287369722057,-0.31719613392972157,-0.5952643401961024,-0.2522743104118256
-0.3177244558505132,-0.31719613392972157,-0.5952643401961024,-0.33244800546699754
-0.3171654143386886,-0.31719613392972157,1.0305433186778947,-0.2862210355831829
-0.31688848870488523,-0.31719613392972157,-0.5952643401961024,-0.2252732067589046
-0.3169406982621067,-0.31719613392972157,0.4886074323865624,-0.2732751688085419
-0.31688673814914314,-0.31719613392972157,1.0305433186778947,-0.3991934989198594
-0.31679030402580466,-0.31719613392972157,-0.05332845390476999,-0.2493899481423639
-0.31775664150696503,-0.31719613392972157,1.0305433186778947,-0.24972758252173227
-0.31692402191530006,-0.31719613392972157,-0.05332845390476999,-0.38234072004109804
-0.3172897345078841,-0.31719613392972157,0.4886074323865624,-0.25058613851498346
-0.3169389477063646,-0.31719613392972157,-0.05332845390476999,-0.07552753616072948
-0.3180251829001087,-0.31719613392972157,-0.05332845390476999,-0.42971564681476543
-0.3169954875856849,-0.31719613392972157,1.0305433186778947,-0.3854276629381808
-0.3163092390232655,-0.358347015636718,-0.5952643401961024,-0.24502964130023452
3.693054361220537,3.6950148325024297,-1.6791361127787672,2.9906942567253867
-0.31706532554634465,-0.31719613392972157,-0.05332845390476999,-0.1408646119167973
-0.3171605004980089,-0.31719613392972157,-0.05332845390476999,-0.3811252362753717
-0.31727963042298657,-0.31719613392972157,-0.05332845390476999,-0.3997433606234022
-0.3181153825880848,-0.31719613392972157,-0.05332845390476999,-0.45665887028836605
-0.31737710873746944,-0.31719613392972157,1.0305433186778947,-0.367706681369615
-0.318138692619809,-0.31719613392972157,0.4886074323865624,-0.4622732476824354
-0.31750210455975836,-0.31719613392972157,1.0305433186778947,-0.2593260455923491
-0.31781054019692007,-0.31719613392972157,-0.5952643401961024,-0.39536376038816606
-0.3171897071385487,-0.31719613392972157,1.0305433186778947,-0.16767278163865051
-0.3177874451457257,-0.31719613392972157,-0.5952643401961024,-0.40382391326548356
-0.31777236579713997,-0.31719613392972157,1.0305433186778947,-0.4003607492028188
-0.3171175351035661,-0.31719613392972157,-0.05332845390476999,-0.1388484523371401
2.524644794809814,2.522214703853032,-2.2210719990700993,3.2125875708463183
-0.31679917965053234,-0.31719613392972157,0.4886074323865624,-0.24380451083795476
-0.3182657154013783,-0.31719613392972157,-0.05332845390476999,-0.4027627766446113
-0.31778547960945386,-0.31719613392972157,0.4886074323865624,-0.4002353421476248
4.487938850462111,4.518032466642358,-2.7630078853614317,0.8423556408937296
-0.317588403886695,-0.31719613392972157,0.4886074323865624,-0.2836936010861963
-0.31782202629950884,-0.31719613392972157,0.4886074323865624,-0.3948621321673901
-0.3167660726489531,-0.31719613392972157,0.4886074323865624,-0.3535935643120146
-0.31764601866866404,-0.31719613392972157,-0.05332845390476999,-0.2984819869025335
-0.31716243532277655,-0.31719613392972157,-0.05332845390476999,-0.14581336724868313
-0.31728239445836887,-0.31719613392972157,-0.05332845390476999,-0.246852866948824
-0.3165910170747401,-0.31719613392972157,1.0305433186778947,-0.22080678625468791
-0.31747572337760943,-0.31719613392972157,0.4886074323865624,-0.35041015444939805
-0.3171757334041159,-0.31719613392972157,-0.05332845390476999,-0.44371300351372517
-0.31748487540587533,-0.31719613392972157,-0.05332845390476999,-0.4919368395840903
-0.3176760545198185,-0.31719613392972157,-0.05332845390476999,-0.3123828766359595
3.6930179373764993,3.6950148325024297,-1.6791361127787672,3.1434593433447713
-0.31666371120529485,-0.31719613392972157,0.4886074323865624,-0.24664063962464947
-0.3179245720121926,-0.31719613392972157,1.0305433186778947,-0.4018366937754865
-0.31778237774752477,-0.31719613392972157,1.0305433186778947,-0.40000382143034363
-0.3172864176654253,-0.31719613392972157,-0.5952643401961024,-0.394659551539769
-0.317786124551043,-0.31719613392972157,1.0305433186778947,-0.409467230749213
-0.317162865283836,-0.31719613392972157,1.0305433186778947,-0.15498737567095097
-0.31678308682230644,-0.31719613392972157,-0.05332845390476999,-0.2131858959775148
-0.3172724746424968,-0.31719613392972157,1.0305433186778947,-0.2377174453127696
-0.3166395105399475,-0.31719613392972157,1.0305433186778947,-0.2310033445116145
-0.31809778489615076,-0.31719613392972157,-0.5952643401961024,-0.4559643081365225
-0.31740398130368636,-0.31719613392972157,1.0305433186778947,-0.22674915133157234
-0.31730269476267675,-0.31719613392972157,1.0305433186778947,-0.2509912997702256
-0.318024476535511,-0.31719613392972157,-0.5952643401961024,-0.42390833548962836
-0.3182709977801089,-0.31719613392972157,0.4886074323865624,-0.5545246068224438
-0.31692267060911317,-0.31719613392972157,0.4886074323865624,-0.30102871479262683
-0.3171586270962498,-0.31719613392972157,-0.05332845390476999,-0.3644750380242314
-0.31729345059989816,-0.31719613392972157,1.0305433186778947,-0.09180151324628773
-0.3174655578697034,-0.31719613392972157,1.0305433186778947,-0.2684035870490832
-0.31729569253970824,-0.31719613392972157,0.4886074323865624,-0.24956358868032483
-0.3168166544964494,-0.31719613392972157,-0.05332845390476999,-0.31922238449230855
-0.3173102497927217,-0.31719613392972157,1.0305433186778947,-0.2508369526253714
-0.3177640122679845,-0.31719613392972157,1.0305433186778947,-0.4508708523563359
-0.31728654051144234,-0.31719613392972157,1.0305433186778947,-0.3910709804219103
-0.3169332046550702,-0.31719613392972157,0.4886074323865624,-0.235566231981365
-0.31730800785291163,-0.31719613392972157,-0.05332845390476999,-0.09238996173604419
-0.31828644566674563,-0.31719613392972157,0.4886074323865624,-0.5597434696578243
3.6315323081235267,3.633288509941935,-1.6791361127787672,3.148504565642191
-0.3171772996908325,-0.31719613392972157,-0.05332845390476999,-0.16654411814190467
-0.31780031326600555,-0.31719613392972157,0.4886074323865624,-0.5598592300164649
-0.3172926828122919,-0.31719613392972157,0.4886074323865624,-0.25116494030818654
-0.3179787778171901,-0.31719613392972157,0.4886074323865624,-0.4102582598665905
-0.3169496660213471,-0.31719613392972157,-0.05332845390476999,-0.40092990429946845
-0.3170189204634261,-0.31719613392972157,-0.5952643401961024,-0.1152815726572237
-0.31707073077109227,-0.31719613392972157,-0.05332845390476999,-0.32278201552050706
-0.3177899327775698,-0.31719613392972157,0.4886074323865624,-0.2400712392717953
-0.31727533081239184,-0.31719613392972157,-0.5952643401961024,-0.5594444220646694
-0.3171504885476242,-0.31719613392972157,-0.05332845390476999,-0.3433487725723211
-0.3171592413263348,-0.31719613392972157,-0.05332845390476999,-0.24434472584494427
-0.3171082909407875,-0.31719613392972157,0.4886074323865624,-0.24556020961067063
-0.3158204347216559,-0.358347015636718,-0.05332845390476999,-0.1805125347512042
-0.31932277466608694,-0.3377715747832198,-1.1372002264874348,-0.34105285879261577
3.631451076194792,3.633288509941935,-1.6791361127787672,3.1450799883657394
-0.31753711567460097,-0.31719613392972157,0.4886074323865624,-0.2863175025487167
3.631072925442987,3.633288509941935,-2.7630078853614317,3.1493341815457816
-0.3169043972640857,-0.31719613392972157,-0.05332845390476999,-0.15289404251886676
-0.31767200060125783,-0.31719613392972157,-0.5952643401961024,-0.3120838290428046
-0.31702272868995285,-0.31719613392972157,-0.05332845390476999,-0.28285433848605196
-0.31761214387947867,-0.31719613392972157,1.0305433186778947,-0.30236960561354714
-0.3172817495167797,-0.31719613392972157,0.4886074323865624,-0.24219351251353968
2.5246711145689544,2.522214703853032,-2.7630078853614317,3.209375220894042
3.693050276590472,3.6950148325024297,-1.6791361127787672,3.151109173711604
-0.31707076148259655,-0.31719613392972157,-0.05332845390476999,-0.13485471996403928
-0.3170731262684237,-0.31719613392972157,1.0305433186778947,-0.19194387016696393
-0.31779082341119297,-0.31719613392972157,1.0305433186778947,-0.39554704762268034
-0.3174125498133715,-0.31719613392972157,-0.5952643401961024,-0.2772013743057691
-0.3177911305262354,-0.31719613392972157,0.4886074323865624,-0.3420947020203813
-0.3175682264284041,-0.31719613392972157,0.4886074323865624,-0.42927189877330973
-0.31712714780439577,-0.31719613392972157,0.4886074323865624,-0.17836132141979977
-0.3182273874440769,-0.31719613392972157,-0.05332845390476999,-0.492332354142779
2.5246198570683642,2.522214703853032,-2.7630078853614317,3.201686803740995
3.6930394354294727,3.6950148325024297,-3.304943771652764,3.1434207565585575
-0.38071040350900376,-0.3994978973437144,-2.2210719990700993,3.7665394737278244
-0.3171504885476242,-0.31719613392972157,0.4886074323865624,-0.4186701792611411
-0.31779890053681015,-0.31719613392972157,-0.05332845390476999,-0.40447024193456027
-0.3168966272535109,-0.31719613392972157,-0.5952643401961024,-0.35455823396735303
-0.3169225170515919,-0.31719613392972157,0.4886074323865624,-0.18069582198571854
3.693024939599468,3.6950148325024297,-2.7630078853614317,3.1516976222013606
-0.3176991802825172,-0.31719613392972157,-0.05332845390476999,-0.32681433467982146
-0.3172811352866947,-0.31719613392972157,0.4886074323865624,-0.40448953532766707
-0.31752738012775444,-0.31719613392972157,-0.5952643401961024,-0.2775872421679045
-0.3173896083196983,-0.31719613392972157,-0.05332845390476999,-0.41875699953012147
-0.31701173397143206,-0.31719613392972157,-0.05332845390476999,-0.30854349140771276
-0.31741700298148745,-0.31719613392972157,0.4886074323865624,-0.3901159574631253
-0.316830351827344,-0.31719613392972157,1.0305433186778947,-0.10030989960637222
-0.3177927889474648,-0.31719613392972157,1.0305433186778947,-0.40513586399674373
-0.31680065380273625,-0.31719613392972157,-0.05332845390476999,-0.5578334237402544
-0.31719446742170715,-0.31719613392972157,1.0305433186778947,-0.1702388029218506
-0.31678655722228644,-0.31719613392972157,1.0305433186778947,-0.10947426133208667
-0.3181634153807285,-0.31719613392972157,-0.5952643401961024,-0.4691995758077649
-0.31702715114656455,-0.31719613392972157,-0.05332845390476999,-0.10113951550996311
-0.3171135426080139,-0.31719613392972157,-0.5952643401961024,-0.3214604180926935
-0.3171502735670944,-0.31719613392972157,0.4886074323865624,-0.19410473019492192
-0.31730475243346135,-0.31719613392972157,-0.05332845390476999,-0.24807799741110373
-0.31728239445836887,-0.31719613392972157,1.0305433186778947,-0.24791400356969617
-0.31712816128403587,-0.31719613392972157,1.0305433186778947,-0.43438464794660314
-0.3178005896695438,-0.31719613392972157,0.4886074323865624,-0.4001678152717511
-0.31684880944139693,-0.31719613392972157,-0.5952643401961024,-0.2638889330620996
-0.3169969310263846,-0.31719613392972157,-0.05332845390476999,-0.2629628501929748
-0.3168766647757498,-0.31719613392972157,1.0305433186778947,-0.06421196110361033
-0.3177788766360405,-0.31719613392972157,-0.5952643401961024,-0.40055368313388645
-0.317284513552162,-0.31719613392972157,-0.05332845390476999,-0.3999459412510233
-0.31728027536457576,-0.31719613392972157,1.0305433186778947,-0.30754023496616084
-0.31680357139563975,-0.31719613392972157,-0.05332845390476999,-0.3991163253474323
-0.3173134437891635,-0.31719613392972157,-0.05332845390476999,-0.25373096159138664
-0.37726890305448774,-0.358347015636718,-3.304943771652764,-0.09345109835691638
2.5246362570116325,2.522214703853032,-1.6791361127787672,3.201792917403082
-0.3168371390697828,-0.31719613392972157,-0.5952643401961024,-0.3996854804440819
-0.31717723826782407,-0.31719613392972157,1.0305433186778947,-0.15449539414672844
-0.3170284410297429,-0.31719613392972157,1.0305433186778947,-0.4380214525472288
-0.3174802993917424,-0.31719613392972157,1.0305433186778947,-0.2591620517509416
2.5246650951141216,2.522214703853032,-2.7630078853614317,3.208545604990451
-0.3170942864948505,-0.31719613392972157,1.0305433186778947,-0.18727486903512625
-0.31799075530384685,-0.31719613392972157,-0.05332845390476999,-0.41583405047444627
-0.3172923142742409,-0.31719613392972157,-0.05332845390476999,-0.24411320512766296
-0.31706431206670455,-0.31719613392972157,1.0305433186778947,-0.41511054823294247
-0.31714984360603493,-0.31719613392972157,-0.05332845390476999,-0.14585195403489656
-0.31756880994698483,-0.31719613392972157,1.0305433186778947,-0.2737092701534442
-0.3178175424198886,-0.31719613392972157,-0.05332845390476999,-0.36922121272849623
-0.31736270504197717,-0.31719613392972157,-0.05332845390476999,-0.4517872885289073
-0.3173123381750106,-0.31719613392972157,1.0305433186778947,-0.2555927740261897
-0.3168356342060746,-0.31719613392972157,1.0305433186778947,-0.27421089837422014
-0.31757682564959355,-0.31719613392972157,0.4886074323865624,-0.2882564885559468
-0.3177735328343014,-0.31719613392972157,-0.05332845390476999,-0.2499880433286736
-0.3182664831889845,-0.31719613392972157,1.0305433186778947,-0.5546789539672979
-0.3174355527300532,-0.31719613392972157,1.0305433186778947,-0.25090447950124517
-0.31812275334910434,-0.31719613392972157,0.4886074323865624,-0.458366335578315
-0.317294924752102,-0.31719613392972157,0.4886074323865624,-0.25007486359765413
-0.31752802506934363,-0.31719613392972157,1.0305433186778947,-0.28186072874105345
-0.31753481231178243,-0.31719613392972157,0.4886074323865624,-0.2815906212375587
-0.31730097491843884,-0.31719613392972157,1.0305433186778947,-0.25285311220502865
-0.31681327623098215,-0.31719613392972157,1.0305433186778947,-0.09107801100478403
-0.3172390912373793,-0.31719613392972157,-0.05332845390476999,-0.1890112744147353
-0.31734823992347644,-0.31719613392972157,1.0305433186778947,-0.2308297039736537
-0.31679924107354085,-0.31719613392972157,0.4886074323865624,-0.40821316019727316
-0.3168397188361396,-0.31719613392972157,1.0305433186778947,-0.15647296694017207
-0.31804244276549604,-0.31719613392972157,0.4886074323865624,-0.4481215438386215
-0.31779868555628044,-0.31719613392972157,0.4886074323865624,-0.40481752301048207
-0.3171745970784588,-0.31719613392972157,-0.05332845390476999,-0.2381226065680117
-0.31828113257651075,-0.31719613392972157,-0.05332845390476999,-0.5555375099605491
-0.31586978810898225,-0.31719613392972157,1.0305433186778947,-0.2140830387569796
-0.3177832376696437,-0.31719613392972157,-0.05332845390476999,-0.4016534065409722
-0.3172932356193684,-0.31719613392972157,-0.05332845390476999,-0.24815517098353074
-0.31777955228913396,-0.31719613392972157,-0.05332845390476999,-0.3946788449328758
-0.31777749461834937,-0.31719613392972157,-0.5952643401961024,-0.40417119434140536
-0.3169266938161696,-0.31719613392972157,1.0305433186778947,-0.19761612774035361
-0.31752314194016823,-0.31719613392972157,1.0305433186778947,-0.27760653556101117
-0.3173056737785888,-0.31719613392972157,1.0305433186778947,-0.25016168386663457
-0.31729649103881863,-0.31719613392972157,0.4886074323865624,-0.24605219113489316
-0.31780900462170775,-0.31719613392972157,-0.05332845390476999,-0.36103116735467344
-0.31698728761405076,-0.31719613392972157,-0.5952643401961024,-0.09259254236366518
-0.31825831392885456,-0.31719613392972157,-0.05332845390476999,-0.4003703958993722
-0.31680200510892315,-0.31719613392972157,1.0305433186778947,-0.3951032995812247
-0.3177073802541514,-0.31719613392972157,1.0305433186778947,-0.3241229063414274
-0.317804950703147,-0.31719613392972157,1.0305433186778947,-0.5562610122020528
-0.3168214147796078,-0.31719613392972157,-0.5952643401961024,-0.39484283877428333
-0.31722358192773414,-0.31719613392972157,1.0305433186778947,-0.4348669827742723
-0.31692475899140204,-0.31719613392972157,0.4886074323865624,-0.16283978666540525
-0.3174324201566199,-0.31719613392972157,-0.05332845390476999,-0.46280381599287146
-0.31800350057810967,-0.31719613392972157,0.4886074323865624,-0.43327527784296405
-0.31730852994848385,-0.31719613392972157,1.0305433186778947,-0.2837128944793031
-0.31729197644769425,-0.31719613392972157,-0.05332845390476999,-0.2507694257494978
-0.31773241013011344,-0.31719613392972157,-0.5952643401961024,-0.34737144503508216
-0.31720447937209195,-0.31719613392972157,1.0305433186778947,-0.2243567705863332
-0.31679110252491516,-0.31719613392972157,-0.05332845390476999,-0.090450975728814
-0.31719824493672966,-0.31719613392972157,-0.5952643401961024,-0.20037508295462128
-0.3173522017075244,-0.31719613392972157,-0.05332845390476999,-0.3096914482975654
2.52467701117777,2.522214703853032,-2.7630078853614317,3.2068477863970553
-0.3175999821237965,-0.31719613392972157,1.0305433186778947,-0.46662390782801144
2.524642522158499,2.522214703853032,-1.6791361127787672,3.2134268334464626
-0.3175505980249658,-0.31719613392972157,0.4886074323865624,-0.3747198297639249
-0.31767547100123783,-0.31719613392972157,-0.05332845390476999,-0.35074778882876645
3.6929936752881427,3.6950148325024297,-2.7630078853614317,3.144269665855255
-0.31712647215130224,-0.31719613392972157,1.0305433186778947,-0.26913673598714033
-0.3168079938522515,-0.31719613392972157,-0.05332845390476999,-0.24817446437663754
-0.31759242709375146,-0.31719613392972157,-0.05332845390476999,-0.3769289232746498
-0.31696259556463546,-0.31719613392972157,1.0305433186778947,-0.18880869378711418
-0.31762114235022326,-0.31719613392972157,0.4886074323865624,-0.3174666857195927
-0.3173044146069146,-0.31719613392972157,-0.05332845390476999,-0.4011903651064098
-0.3173006370918921,-0.31719613392972157,-0.05332845390476999,-0.5547271874500648
-0.3180176892930722,-0.31719613392972157,-0.5952643401961024,-0.41347060981886724
-0.3173628585994984,-0.31719613392972157,-0.05332845390476999,-0.41647073244696964
-0.31713332081674955,-0.31719613392972157,-0.5952643401961024,-0.27402761113970586
-0.3177980099031869,-0.31719613392972157,1.0305433186778947,-0.3986050504301029
-0.31679036544881317,-0.31719613392972157,0.4886074323865624,-0.4064767548176641
-0.3171744435209375,-0.31719613392972157,-0.5952643401961024,-0.21128549675649833
-0.3179615793748113,-0.31719613392972157,0.4886074323865624,-0.4049718701553362
-0.31711280553191196,-0.31719613392972157,1.0305433186778947,-0.37334999885334447
-0.3176242135006481,-0.31719613392972157,-0.5952643401961024,-0.44638513845901245
-0.31717008248733425,-0.31719613392972157,1.0305433186778947,-0.3240553794655537
-0.3181217091579599,-0.31719613392972157,1.0305433186778947,-0.44543976219678083
-0.3174420328574495,-0.31719613392972157,0.4886074323865624,-0.28392512180347756
-0.3173114168298831,-0.31719613392972157,1.0305433186778947,-0.2490619604595488
-0.31775716360253725,-0.31719613392972157,-0.05332845390476999,-0.3952094132433119
3.6311229544834065,3.633288509941935,-2.7630078853614317,3.1464498192763197
-0.3180346113319128,-0.31719613392972157,0.4886074323865624,-0.4429509144860079
-0.3182978396348216,-0.31719613392972157,-0.05332845390476999,-0.4078176456385844
3.6310962047632067,3.633288509941935,-2.2210719990700993,3.1461893584693783
-0.3171312324344607,-0.31719613392972157,-0.05332845390476999,-0.1467780369040214
-0.3177915911987992,-0.31719613392972157,1.0305433186778947,-0.40155693957543837
-0.31730776216087764,-0.31719613392972157,0.4886074323865624,-0.24952500189411125
-0.3171336893548005,-0.31719613392972157,-0.5952643401961024,-0.27510804115368487
-0.31680479985580967,-0.31719613392972157,-0.05332845390476999,-0.5500195995320135
-0.31716013195995796,-0.31719613392972157,1.0305433186778947,-0.2964175938401094
-0.3177798901156807,-0.31719613392972157,-0.05332845390476999,-0.4023865554790294
-0.3167767602524314,-0.31719613392972157,-0.05332845390476999,-0.12886412140438788
-0.3174084958948108,-0.31719613392972157,1.0305433186778947,-0.2449042342450404
-0.31730638014318646,-0.31719613392972157,-0.05332845390476999,-0.24272408082397579
-0.3176860971817076,-0.31719613392972157,1.0305433186778947,-0.3684687703973323
-0.3172948326175893,-0.31719613392972157,-0.05332845390476999,-0.24599431095557278
-0.3172963681928017,-0.31719613392972157,0.4886074323865624,-0.2556120674192963
-0.3171575829051054,-0.31719613392972157,1.0305433186778947,-0.45060074485284113
-0.3172939726954703,-0.31719613392972157,1.0305433186778947,-0.2458013770245052
-0.31768938331266217,-0.31719613392972157,-0.5952643401961024,-0.3277404175489463
-0.31726900424251675,-0.31719613392972157,0.4886074323865624,-0.25113600021852633
-0.3169019710552501,-0.31719613392972157,-0.5952643401961024,-0.41229371283935445
-0.31827649513936934,-0.31719613392972157,-0.05332845390476999,-0.40441236175524
-0.316896381561477,-0.31719613392972157,-0.5952643401961024,-0.0754021291055355
-0.3173042610493934,-0.31719613392972157,0.4886074323865624,-0.27011105233903204
-0.3166194866391778,-0.31719613392972157,-0.05332845390476999,-0.38502250168293867
-0.3176704036030369,-0.31719613392972157,0.4886074323865624,-0.31290379824984216
2.5246607340805185,2.522214703853032,-3.304943771652764,3.2168514107229145
-0.31730871421750934,-0.31719613392972157,1.0305433186778947,-0.2474606088316871
-0.3169560233027264,-0.31719613392972157,0.4886074323865624,-0.15023155427013288
-0.3170116725484236,-0.31719613392972157,1.0305433186778947,-0.1199505737890614
-0.31716529149267164,-0.31719613392972157,1.0305433186778947,-0.18059935502018473
-0.3171209133690334,-0.31719613392972157,1.0305433186778947,-0.1823550537929006
-0.3173860764967098,-0.31719613392972157,-0.05332845390476999,-0.2478754167834826
-0.3177895642395188,-0.31719613392972157,-0.5952643401961024,-0.37069715730116387
-0.3168980706942106,-0.31719613392972157,1.0305433186778947,-0.3265152870866666
-0.317559780764736,-0.31719613392972157,-0.5952643401961024,-0.2850055518174565
-0.31729194573618996,-0.31719613392972157,-0.05332845390476999,-0.41003638584586266
-0.3167045882174488,-0.31719613392972157,-0.05332845390476999,-0.10747739514553625
-0.31753247823745956,-0.31719613392972157,1.0305433186778947,-0.27133618280131183
-0.31762221725287193,-0.31719613392972157,1.0305433186778947,-0.2949609426605485
-0.31680360210714403,-0.31719613392972157,1.0305433186778947,-0.25729059261958515
-0.3180529153884446,-0.31719613392972157,-0.5952643401961024,-0.4558099609916683
-0.3167610052507522,-0.31719613392972157,0.4886074323865624,-0.09521644382618562
-0.31714363988217686,-0.31719613392972157,-0.5952643401961024,-0.23032807575287764
-0.31699229358924313,-0.31719613392972157,-0.05332845390476999,-0.1169890379471726
-0.3177852953404283,-0.31719613392972157,-0.05332845390476999,-0.4082324535903799
-0.3173382279730916,-0.31719613392972157,1.0305433186778947,-0.2258134217658941
-0.3173092670245858,-0.31719613392972157,1.0305433186778947,-0.24887867322503457
-0.31769036608079804,-0.31719613392972157,1.0305433186778947,-0.32144112469958674
-0.31664313449744874,-0.31719613392972157,0.4886074323865624,-0.42922366529054284
-0.3168030493000676,-0.31719613392972157,1.0305433186778947,-0.09388519970181868
2.5246392053160407,2.522214703853032,-1.6791361127787672,3.2060374638865707
-0.31685188059182173,-0.31719613392972157,-0.5952643401961024,-0.336933719364321
-0.3170341840810373,-0.31719613392972157,-0.05332845390476999,-0.1717340408876251
-0.3176869263923223,-0.31719613392972157,-0.5952643401961024,-0.33601728319174956
-0.31714035375122235,-0.31719613392972157,-0.5952643401961024,-0.3087074852491203
-0.31778941068199756,-0.31719613392972157,-0.05332845390476999,-0.24759566258343446
-0.31744934219546045,-0.31719613392972157,-0.5952643401961024,-0.24317747556198474
-0.3168212919335908,-0.31719613392972157,1.0305433186778947,-0.24493317433470058
-0.3177974263846063,-0.31719613392972157,-0.5952643401961024,-0.4063513477624701
2.5246422457549613,2.522214703853032,-1.6791361127787672,3.218394882171456
3.631582613567485,3.633288509941935,-2.7630078853614317,3.157437406650624
-0.3170543001163197,-0.31719613392972157,1.0305433186778947,-0.13040759285292935
-0.3172680521858851,-0.31719613392972157,-0.05332845390476999,-0.3931450201808878
-0.31692337697371087,-0.31719613392972157,-0.05332845390476999,-0.4039879071068911
-0.31714268782554517,-0.31719613392972157,-0.05332845390476999,-0.3126529841394542
-0.31736365709860886,-0.31719613392972157,-0.5952643401961024,-0.20876770895606506
-0.3166433494779785,-0.31719613392972157,-0.05332845390476999,-0.37269402348771435
-0.31677074079759876,-0.31719613392972157,-0.05332845390476999,-0.3245377142932229
-0.31718820227484057,-0.31719613392972157,1.0305433186778947,-0.1950597531537069
-0.3180431491300938,-0.31719613392972157,1.0305433186778947,-0.4750551206156688
-0.31733976354830395,-0.31719613392972157,-0.05332845390476999,-0.2875908664937633
-0.3178137341933619,-0.31719613392972157,0.4886074323865624,-0.3613012748581682
-0.31798332311981886,-0.31719613392972157,-0.05332845390476999,-0.4123901798048883
-0.3173746518171296,-0.31719613392972157,-0.05332845390476999,-0.22739548000064902
-0.317574153748724,-0.31719613392972157,-0.5952643401961024,-0.29717003617127336
-0.31736758817115257,-0.31719613392972157,1.0305433186778947,-0.3157109869468768
-0.3177670219954008,-0.31719613392972157,-0.05332845390476999,-0.397650027471318
-0.3173772008719822,-0.31719613392972157,1.0305433186778947,-0.4297928203871925
-0.3168086695053449,-0.31719613392972157,0.4886074323865624,-0.39542164056748635
-0.3177700624343214,-0.31719613392972157,0.4886074323865624,-0.40400720049999783
-0.31669721745642926,-0.31719613392972157,-0.05332845390476999,-0.4170495342401726
3.693052979202846,3.6950148325024297,-3.304943771652764,3.141742231358269
-0.317126809977849,-0.31719613392972157,0.4886074323865624,-0.24654417265911566
-0.31711903996727425,-0.31719613392972157,0.4886074323865624,-0.19809846256802274
-0.31793587384575583,-0.31719613392972157,-0.05332845390476999,-0.40770188527994383
-0.31698495353972794,-0.31719613392972157,0.4886074323865624,-0.3550888022777891
-0.31750797045706974,-0.31719613392972157,1.0305433186778947,-0.26610767326937784
-0.3172862641079041,-0.31719613392972157,-0.05332845390476999,-0.4006597967959737
-0.316808300967294,-0.31719613392972157,1.0305433186778947,-0.40430624809315274
-0.31683139601848836,-0.31719613392972157,1.0305433186778947,-0.40045721616835267
-0.31724670769043284,-0.31719613392972157,-0.5952643401961024,-0.1961401831676859
-0.31704993908271645,-0.31719613392972157,0.4886074323865624,-0.2729954146084938
-0.3178007125155608,-0.31719613392972157,-0.5952643401961024,-0.3496866522078942
-0.3181265615756311,-0.31719613392972157,1.0305433186778947,-0.46693260211771975
3.6930355043569283,3.6950148325024297,-2.7630078853614317,3.1503277912907803
-0.3172015617791884,-0.31719613392972157,0.4886074323865624,-0.32420972661040787
-0.3169816059857649,-0.31719613392972157,0.4886074323865624,-0.476695059029744
-0.31775992763791955,-0.31719613392972157,1.0305433186778947,-0.39470778502253595
-0.3171133276274842,-0.31719613392972157,-0.05332845390476999,-0.4793189604922644
-0.317662848572992,-0.31719613392972157,1.0305433186778947,-0.3238045653551658
-0.3172932970423769,-0.31719613392972157,1.0305433186778947,-0.3409756852201888
-0.3177919904483544,-0.31719613392972157,-0.05332845390476999,-0.2484252784870255
-0.3177631523458656,-0.31719613392972157,1.0305433186778947,-0.3523009069738612
-0.3173177433997582,-0.31719613392972157,0.4886074323865624,-0.4000713483062173
-0.31777746390684514,-0.31719613392972157,-0.05332845390476999,-0.4049718701553362
-0.3177886736058956,-0.31719613392972157,1.0305433186778947,-0.401672699934079
-0.3175639575293137,-0.31719613392972157,-0.05332845390476999,-0.2903112349218175
-0.3172771427911425,-0.31719613392972157,-0.05332845390476999,-0.34422662195867904
2.5246338308027974,2.522214703853032,-2.2210719990700993,3.2101566033148656
2.524643566349644,2.522214703853032,-3.304943771652764,2.9087648628974985
-0.31680513768235646,-0.31719613392972157,-0.05332845390476999,-0.24800082383867658
-0.3172905330069946,-0.31719613392972157,-0.05332845390476999,-0.5484857747800255
-0.31706317574104737,-0.31719613392972157,1.0305433186778947,-0.11849392260950048
-0.31731967822452584,-0.31719613392972157,-0.05332845390476999,-0.38644056607628613
-0.3174246501460452,-0.31719613392972157,-0.05332845390476999,-0.24818411107319094
-0.31679058042934294,-0.31719613392972157,0.4886074323865624,-0.24147965696858925
-0.3173031861467447,-0.31719613392972157,1.0305433186778947,-0.25042214467357593
-0.31734704217481075,-0.31719613392972157,0.4886074323865624,-0.20755222519033872
-0.317881760175271,-0.31719613392972157,1.0305433186778947,-0.4253263998829758
-0.31730386179983816,-0.31719613392972157,1.0305433186778947,-0.10214277195151508
-0.3168518498803175,-0.31719613392972157,1.0305433186778947,-0.10939708775965966
-0.3173012513219771,-0.31719613392972157,1.0305433186778947,-0.24523222192785551
-0.3178073769119826,-0.31719613392972157,0.4886074323865624,-0.3512590637460958
-0.3171616675351704,-0.31719613392972157,1.0305433186778947,-0.3583204456231726
-0.3176900896772598,-0.31719613392972157,-0.05332845390476999,-0.32375633187239883
2.524614758958659,2.522214703853032,-1.6791361127787672,3.2109572791287966
-0.3176189925449259,-0.31719613392972157,-0.05332845390476999,-0.29871350761981474
-0.3176543414863153,-0.31719613392972157,-0.05332845390476999,-0.32688186155569515
-0.3177957679633769,-0.31719613392972157,1.0305433186778947,-0.40080449724427447
-0.31753720780911376,-0.31719613392972157,1.0305433186778947,-0.2846775641346415
-0.3169013568251651,-0.31719613392972157,1.0305433186778947,-0.23625114743665526
-0.31678824635502006,-0.31719613392972157,-0.05332845390476999,-0.09089472377026969
-0.3176366516598685,-0.31719613392972157,1.0305433186778947,-0.31312567227057003
-0.317411997006295,-0.31719613392972157,-0.5952643401961024,-0.23435074821563867
-0.3168928804499927,-0.31719613392972157,-0.05332845390476999,-0.28695418452124005
-0.3178039372235068,-0.31719613392972157,0.4886074323865624,-0.4001099350924308
-0.31770817875326185,-0.31719613392972157,0.4886074323865624,-0.33569894220548785
-0.31769650838164765,-0.31719613392972157,0.4886074323865624,-0.3069614331729578
-0.3177571021795288,-0.31719613392972157,1.0305433186778947,-0.34517199822091066
-0.31753527298434614,-0.31719613392972157,0.4886074323865624,-0.2632908378757898
-0.3175645717593986,-0.31719613392972157,-0.5952643401961024,-0.3653046539278224
-0.3168361563016468,-0.31719613392972157,-0.05332845390476999,-0.46046931542695263
-0.3171616675351704,-0.31719613392972157,-0.05332845390476999,-0.3977561411334052
-0.3174493114839562,-0.31719613392972157,1.0305433186778947,-0.2422899794790735
-0.316511228586704,-0.31719613392972157,-0.5952643401961024,-0.30427965153111713
-0.3157627585166783,-0.31719613392972157,0.4886074323865624,-0.43720148334019115
-0.31698440073265144,-0.31719613392972157,-0.05332845390476999,-0.19321723411201067
-0.3178034151279346,-0.31719613392972157,1.0305433186778947,-0.36167749602375016
-0.31812972486056856,-0.31719613392972157,1.0305433186778947,-0.46775257132475734
-0.31686524009616956,-0.31719613392972157,-0.5952643401961024,-0.4319536804151504
-0.3168024350699826,-0.31719613392972157,-0.05332845390476999,-0.09839985368880222
2.5246629760203287,2.522214703853032,-3.304943771652764,3.211989475660009
-0.31779797919168273,-0.31719613392972157,0.4886074323865624,-0.5601679243061732
-0.3171216811566396,-0.31719613392972157,-0.5952643401961024,-0.40671792223149866
-0.3171787431315322,-0.31719613392972157,-0.05332845390476999,-0.2473544951695999
-0.3179978496613281,-0.31719613392972157,-0.5952643401961024,-0.42357070111025996
-0.3179433060297838,-0.31719613392972157,1.0305433186778947,-0.40710379009363407
-0.31716774841301143,-0.31719613392972157,-0.5952643401961024,-0.16570485554176026
-0.3177733792767802,-0.31719613392972157,1.0305433186778947,-0.3993381993681602
-0.3171623124767596,-0.31719613392972157,-0.5952643401961024,-0.2692910831319945
-0.31715196269982804,-0.31719613392972157,1.0305433186778947,-0.25238042407391287
-0.3177736249688141,-0.31719613392972157,0.4886074323865624,-0.4099399188803288
-0.3175720960779394,-0.31719613392972157,-0.05332845390476999,-0.29279043593603715
-0.3169994800812372,-0.31719613392972157,1.0305433186778947,-0.36060671270632455
-0.3171247830185686,-0.31719613392972157,1.0305433186778947,-0.1683191103077273
-0.3168429742555898,-0.31719613392972157,-0.5952643401961024,-0.20309545138267554
-0.31735174103496067,-0.31719613392972157,-0.05332845390476999,-0.3938395823327314
2.5246310360559105,2.522214703853032,-2.7630078853614317,3.0468959108454
-0.31707874647370105,-0.31719613392972157,0.4886074323865624,-0.2092886305699479
-0.31727870907785916,-0.31719613392972157,0.4886074323865624,-0.3250104024243387
-0.31727628286902354,-0.31719613392972157,-0.5952643401961024,-0.28595092807968814
-0.3172936962919321,-0.31719613392972157,-0.5952643401961024,-0.39963724696131503
-0.31687804679344095,-0.31719613392972157,-0.5952643401961024,-0.3277982977282666
-0.3172047864871344,-0.31719613392972157,-0.5952643401961024,-0.19678651183676257
3.631571772406486,3.633288509941935,-1.6791361127787672,3.14830198501457
-0.31779840915274216,-0.31719613392972157,0.4886074323865624,-0.39849893676801573
-0.31788805603364184,-0.31719613392972157,-0.05332845390476999,-0.39018348433899896
-0.3180776381493642,-0.31719613392972157,1.0305433186778947,-0.44277727394804695
-0.37840280250282465,-0.37892245649021616,-2.2210719990700993,-0.09107801100478403
-0.3167776508860546,-0.31719613392972157,0.4886074323865624,-0.09572771874351493
-0.3179443502209282,-0.31719613392972157,0.4886074323865624,-0.41503337466051543
-0.3168417457954199,-0.31719613392972157,-0.5952643401961024,-0.17377914055694246
-0.3174792244890937,-0.31719613392972157,-0.05332845390476999,-0.2679694857041809
-0.3170501847747505,-0.31719613392972157,1.0305433186778947,-0.3326698794877254
-0.31719821422522537,-0.31719613392972157,-0.05332845390476999,-0.4192586277508975
-0.317024233553661,-0.31719613392972157,1.0305433186778947,-0.19037145862876242
-0.31735496574290667,-0.31719613392972157,1.0305433186778947,-0.26589544594520337
-0.3171693761227366,-0.31719613392972157,-0.05332845390476999,-0.16075610020987444
-0.3168086695053449,-0.31719613392972157,1.0305433186778947,-0.2490716071561022
-0.3168252844291431,-0.31719613392972157,1.0305433186778947,-0.3955856344088939
-0.31773339289824937,-0.31719613392972157,1.0305433186778947,-0.3430883117653798
-0.31791836828833453,-0.31719613392972157,0.4886074323865624,-0.38526366909677334
-0.31712957401323133,-0.31719613392972157,0.4886074323865624,-0.34008818913727745
-0.3171338429123218,-0.31719613392972157,-0.05332845390476999,-0.15768845070589843
-0.31716013195995796,-0.31719613392972157,-0.05332845390476999,-0.16093938744438877
-0.31729541613617,-0.31719613392972157,-0.5952643401961024,-0.095351497577933
-0.3163333168425959,-0.31719613392972157,-0.05332845390476999,-0.4419090712582424
-0.31698845465121217,-0.31719613392972157,-0.5952643401961024,-0.3460305542141618
-0.3187883023576607,-0.31719613392972157,-0.05332845390476999,-0.40455706220354076
-0.31716424730152715,-0.31719613392972157,-0.5952643401961024,-0.21584838422624883
-0.3171598248449155,-0.31719613392972157,1.0305433186778947,-0.294169913543171
-0.3171131126469544,-0.31719613392972157,0.4886074323865624,-0.34679264324187914
-0.3178118607916028,-0.31719613392972157,-0.05332845390476999,-0.3612144545891877
-0.31739989667362134,-0.31719613392972157,-0.05332845390476999,-0.26476678244845747
-0.3168060590274839,-0.31719613392972157,-0.5952643401961024,-0.09947063700622781
-0.3168203705884634,-0.31719613392972157,1.0305433186778947,-0.24343793636892608
-0.3172815345362499,-0.31719613392972157,-0.05332845390476999,-0.24300383502402392
-0.31748493682888385,-0.31719613392972157,0.4886074323865624,-0.5057509090485357
-0.3172712461823269,-0.31719613392972157,-0.05332845390476999,-0.24037028686495007
-0.31711744296905336,-0.31719613392972157,-0.05332845390476999,-0.3280973453214215
-0.31704588516415577,-0.31719613392972157,-0.5952643401961024,-0.30485845332432016
-0.31704766643140214,-0.31719613392972157,0.4886074323865624,-0.4988342276197596
-0.3182618150403388,-0.31719613392972157,0.4886074323865624,-0.39979159410616916
-0.31715663084847373,-0.31719613392972157,-0.5952643401961024,-0.19747142729205283
-0.3176348089696136,-0.31719613392972157,1.0305433186778947,-0.30880395221465406
-0.31711520102924323,-0.31719613392972157,-0.05332845390476999,-0.22049809196497974
-0.3174504785211177,-0.31719613392972157,-0.05332845390476999,-0.3255795575209884
-0.318145510573752,-0.31719613392972157,-0.05332845390476999,-0.4851648586036149
-0.31778308411212247,-0.31719613392972157,-0.5952643401961024,-0.39437015064316755
-0.3180404465177199,-0.31719613392972157,1.0305433186778947,-0.4212554939374479
2.5246397888346213,2.522214703853032,-2.2210719990700993,3.21478701766049
-0.31726866641597007,-0.31719613392972157,-0.05332845390476999,-0.5547754209328317
2.5246416929478848,2.522214703853032,-1.6791361127787672,3.2243276005517862
-0.318076133285656,-0.31719613392972157,0.4886074323865624,-0.4340277201741279
-0.31715687654050767,-0.31719613392972157,0.4886074323865624,-0.26209464750317024
3.6925175548377878,3.6950148325024297,-1.6791361127787672,3.1450992817588466
-0.31729173075566025,-0.31719613392972157,-0.05332845390476999,-0.39594256218136903
-0.31673929221724895,-0.31719613392972157,-0.05332845390476999,-0.44123380249950556
-0.31800027587016366,-0.31719613392972157,0.4886074323865624,-0.4197023757923531
-0.3170427218792182,-0.31719613392972157,-0.5952643401961024,-0.2744906525742683
-0.3171628959953403,-0.31719613392972157,-0.05332845390476999,-0.4672220030143212
-0.3177745463139416,-0.31719613392972157,1.0305433186778947,-0.24551197612790365
-0.3177919597368501,-0.31719613392972157,1.0305433186778947,-0.4040843740724249
-0.31679223885057234,-0.31719613392972157,-0.05332845390476999,-0.10304956142753312
2.5246262757727522,2.522214703853032,-3.304943771652764,3.2136101206809773
-0.3178293970605283,-0.31719613392972157,1.0305433186778947,-0.3695781405009714
-0.3182685408597691,-0.31719613392972157,-0.05332845390476999,-0.5509070956149248
-0.31816777641433175,-0.31719613392972157,0.4886074323865624,-0.5017668233719883
-0.3177656092662054,-0.31719613392972157,1.0305433186778947,-0.2537984884672602
-0.31730948200511555,-0.31719613392972157,-0.05332845390476999,-0.25101059316333235
-0.31716734916345624,-0.31719613392972157,-0.05332845390476999,-0.4750744140087756
-0.3182760958898141,-0.31719613392972157,-0.5952643401961024,-0.39962760026476163
-0.31794926406160784,-0.31719613392972157,-0.05332845390476999,-0.400717676975294
-0.3173151636334014,-0.31719613392972157,1.0305433186778947,-0.23965643131999978
-0.31729940863172224,-0.31719613392972157,-0.05332845390476999,-0.5586726863403987
-0.31778081146080817,-0.31719613392972157,0.4886074323865624,-0.39033783148385315
-0.31687380860585473,-0.31719613392972157,1.0305433186778947,-0.10908839346995133
-0.3175109187614775,-0.31719613392972157,-0.5952643401961024,-0.25758964021274006
-0.31821154030788495,-0.31719613392972157,1.0305433186778947,-0.496027038922725
-0.31680645827703907,-0.31719613392972157,0.4886074323865624,-0.16107444119613615
-0.3171224796557501,-0.31719613392972157,1.0305433186778947,-0.17848672847499375
3.631091229499519,3.633288509941935,-1.6791361127787672,3.146922507407436
-0.3167925459656148,-0.31719613392972157,0.4886074323865624,-0.24965040894930524
-0.31780783758454634,-0.31719613392972157,0.4886074323865624,-0.40756683152819645
-0.3168264207548002,-0.31719613392972157,1.0305433186778947,-0.5011783748822318
-0.3177707380874148,-0.31719613392972157,0.4886074323865624,-0.3981998891748609
-0.3171808008023168,-0.31719613392972157,0.4886074323865624,-0.34482471714498886
-0.31743066960087774,-0.31719613392972157,0.4886074323865624,-0.25519725946750094
-0.31711811862214684,-0.31719613392972157,-0.05332845390476999,-0.29058134242531225
-0.3173144572688037,-0.31719613392972157,-0.05332845390476999,-0.2493995948389173
-0.3173198624935513,-0.31719613392972157,0.4886074323865624,-0.09599782624700968
-0.3173744061250956,-0.31719613392972157,0.4886074323865624,-0.22640187025565056
2.5163499553390016,2.522214703853032,-2.7630078853614317,1.1035110099869334
-0.3171464960520719,-0.31719613392972157,1.0305433186778947,-0.1921850375807985
-0.31802708701337207,-0.31719613392972157,-0.5952643401961024,-0.41392400455687633
-0.31632023374178625,-0.31719613392972157,1.0305433186778947,-0.40513586399674373
-0.31632975430810306,-0.31719613392972157,-0.5952643401961024,-0.235489058408938
-0.31773867527698,-0.31719613392972157,1.0305433186778947,-0.45609936188826977
-0.3169187702480737,-0.31719613392972157,-0.5952643401961024,-0.28558435361065954
-0.31730573520159727,-0.31719613392972157,-0.05332845390476999,-0.4528291317566727
-0.3172026981048456,-0.31719613392972157,1.0305433186778947,-0.19984451464418518
2.524614206151583,2.522214703853032,-1.6791361127787672,3.215240412398499
3.693027918615379,3.6950148325024297,-2.7630078853614317,3.151253874159905
-0.3173165763625968,-0.31719613392972157,-0.5952643401961024,-0.24606183783144653
-0.316925618913521,-0.31719613392972157,1.0305433186778947,-0.2984626935094268
-0.31705190461898836,-0.31719613392972157,0.4886074323865624,-0.40416154764485196
2.5246224061232168,2.522214703853032,-1.6791361127787672,3.212770858080833
-0.3171358391600979,-0.31719613392972157,1.0305433186778947,-0.37083221105291125
-0.317214890572032,-0.31719613392972157,-0.05332845390476999,-0.36499595963811415
-0.31753232467993836,-0.31719613392972157,-0.5952643401961024,-0.2742494851604336
-0.31683010613530993,-0.31719613392972157,0.4886074323865624,-0.08708427863168307
-0.31707893074272653,-0.31719613392972157,0.4886074323865624,-0.2243471238897798
-0.317273488122137,-0.31719613392972157,-0.05332845390476999,-0.24571455675552464
3.6315554953092346,3.633288509941935,-1.6791361127787672,3.153684841691357
-0.3177840054572499,-0.31719613392972157,-0.5952643401961024,-0.4063802878521302
-0.31727821769379116,-0.31719613392972157,-0.05332845390476999,-0.24596537086591275
-0.31730733219981816,-0.31719613392972157,0.4886074323865624,-0.2467081665005232
-0.3171458511104827,-0.31719613392972157,1.0305433186778947,-0.43698925601601674
-0.31791317804411656,-0.31719613392972157,1.0305433186778947,-0.39986876767859625
2.4631481094153123,2.4604883812925373,-2.7630078853614317,3.2124525170945715
-0.3171402309052053,-0.31719613392972157,0.4886074323865624,-0.15423493333978708
-0.3169860898653851,-0.31719613392972157,0.4886074323865624,-0.4222780437721066
-0.3172846671096832,-0.31719613392972157,0.4886074323865624,-0.40052474304422636
-0.3172336245896232,-0.31719613392972157,1.0305433186778947,-0.30114447515126747
-0.3176336726439564,-0.31719613392972157,-0.5952643401961024,-0.31369482736721965
-0.3168203398769591,-0.31719613392972157,-0.05332845390476999,-0.4083675073421273
-0.31709453218688444,-0.31719613392972157,-0.05332845390476999,-0.2863946761211438
-0.3170317578722017,-0.31719613392972157,0.4886074323865624,-0.33145439572199903
-0.31798746917289233,-0.31719613392972157,-0.05332845390476999,-0.4172135280815801
-0.3171824899350505,-0.31719613392972157,0.4886074323865624,-0.41511054823294247
-0.31752765653129267,-0.31719613392972157,-0.05332845390476999,-0.2730629414843675
-0.3170111811643556,-0.31719613392972157,-0.5952643401961024,-0.5016607097099011
-0.31774659884507594,-0.31719613392972157,0.4886074323865624,-0.35166422500133787
-0.31709972243110235,-0.31719613392972157,0.4886074323865624,-0.15448574745017504
-0.31723405455068265,-0.31719613392972157,-0.05332845390476999,-0.17102983203922803
-0.3176609137482243,-0.31719613392972157,-0.05332845390476999,-0.32696868182467564
-0.3171427185370494,-0.31719613392972157,-0.05332845390476999,-0.19149047542895486
-0.31704864919953807,-0.31719613392972157,-0.05332845390476999,-0.4770519868022192
-0.3171812614748805,-0.31719613392972157,1.0305433186778947,-0.1594248560855075
-0.31752390972777444,-0.31719613392972157,-0.05332845390476999,-0.2798349224648429
-0.3172952318671445,-0.31719613392972157,-0.05332845390476999,-0.20839148779048314
-0.31713679121672955,-0.31719613392972157,-0.5952643401961024,-0.37129525248747375
-0.3172834386495133,-0.31719613392972157,-0.5952643401961024,-0.3992706724922865
-0.31704447243496037,-0.31719613392972157,1.0305433186778947,-0.5049888200208185
-0.3171364226786786,-0.31719613392972157,-0.05332845390476999,-0.44797684339032073
-0.31713774327336125,-0.31719613392972157,-0.5952643401961024,-0.41846759863352
-0.3182858928596692,-0.31719613392972157,1.0305433186778947,-0.5525663274221069
-0.31728709331851884,-0.31719613392972157,-0.05332845390476999,-0.24601360434867958
-0.31763913929171256,-0.31719613392972157,-0.05332845390476999,-0.361397741823702
-0.31730014570782417,-0.31719613392972157,1.0305433186778947,-0.2506343719977504
-0.3169129350622666,-0.31719613392972157,1.0305433186778947,-0.16339929506550152
-0.31732115237672975,-0.31719613392972157,-0.05332845390476999,-0.561846449506462
-0.3174049640718223,-0.31719613392972157,-0.05332845390476999,-0.2498240494872662
-0.31747022601834907,-0.31719613392972157,-0.05332845390476999,-0.3820706125376033
-0.3172974430954504,-0.31719613392972157,-0.05332845390476999,-0.2470650942729984
-0.31682427094950283,-0.31719613392972157,1.0305433186778947,-0.09953816388210143
-0.3173101883697132,-0.31719613392972157,-0.5952643401961024,-0.2499205164528
-0.3172925292547707,-0.31719613392972157,-0.05332845390476999,-0.09434824113638103
-0.3177703388378596,-0.31719613392972157,0.4886074323865624,-0.5488812893387143
-0.3180113320116929,-0.31719613392972157,1.0305433186778947,-0.4127953410601304
-0.31731897185992813,-0.31719613392972157,0.4886074323865624,-0.4040264938931046
-0.31730788500689466,-0.31719613392972157,0.4886074323865624,-0.09981791808214957
-0.31715672298298647,-0.31719613392972157,0.4886074323865624,-0.15872064723711043
-0.3172893352583289,-0.31719613392972157,-0.5952643401961024,-0.24447977959669162
-0.31715613946440574,-0.31719613392972157,1.0305433186778947,-0.21399621848799905
-0.3167925459656148,-0.31719613392972157,1.0305433186778947,-0.254975385446773
-0.3168059668929712,-0.31719613392972157,1.0305433186778947,-0.24698792070057135
-0.3177123248063353,-0.31719613392972157,-0.5952643401961024,-0.32685292146603506
-0.31731967822452584,-0.31719613392972157,1.0305433186778947,-0.39062723238045466
-0.3173645784437363,-0.31719613392972157,-0.05332845390476999,-0.3417474209444594
-0.31717545700057764,-0.31719613392972157,1.0305433186778947,-0.32793335148001396
-0.3172717375663949,-0.31719613392972157,0.4886074323865624,-0.40882090208013633
-0.31681250844337594,-0.31719613392972157,-0.5952643401961024,-0.09238996173604419
-0.3175501373524021,-0.31719613392972157,-0.5952643401961024,-0.3604041320787035
-0.31715472673521033,-0.31719613392972157,-0.5952643401961024,-0.35795387115414407
-0.3172951090211275,-0.31719613392972157,-0.05332845390476999,-0.1878633175248827
2.524624248813472,2.522214703853032,-2.7630078853614317,3.196776635195323
-0.3172857727238361,-0.31719613392972157,-0.5952643401961024,-0.4028688903066986
-0.3173011284759601,-0.31719613392972157,-0.05332845390476999,-0.24943818162513087
-0.31716679635637973,-0.31719613392972157,-0.05332845390476999,-0.28001820969935715
-0.31729173075566025,-0.31719613392972157,1.0305433186778947,-0.2336947728500086
-0.3172875232795783,-0.31719613392972157,0.4886074323865624,-0.4688137079456296
-0.31712797701501044,-0.31719613392972157,1.0305433186778947,-0.27779946949207884
-0.31728789181762923,-0.31719613392972157,-0.5952643401961024,-0.25354767435687225
-0.31689143700929306,-0.31719613392972157,-0.5952643401961024,-0.373639399749946
-0.31713562417956814,-0.31719613392972157,-0.05332845390476999,-0.20968414512863665
-0.3181123728606685,-0.31719613392972157,1.0305433186778947,-0.46902593526980396
-0.31791004547068336,-0.31719613392972157,0.4886074323865624,-0.4000713483062173
-0.3514018621981514,-0.37892245649021616,-1.6791361127787672,-0.47731244760916064
-0.37824792438690247,-0.37892245649021616,-2.7630078853614317,-0.40344769209990156
-0.31720097826060767,-0.31719613392972157,0.4886074323865624,-0.20607628061767114
-0.3171842097792883,-0.31719613392972157,1.0305433186778947,-0.2976234309092824
3.0085453598247054,3.016025284336989,-1.6791361127787672,-0.07994572318217921
-0.316818220783166,-0.31719613392972157,-0.05332845390476999,-0.40078520385116767
-0.31763222920325673,-0.31719613392972157,1.0305433186778947,-0.30137599586854863
3.631548032413702,3.633288509941935,-1.6791361127787672,3.1493245348492285
-0.317735204877,-0.31719613392972157,-0.05332845390476999,-0.3395286807371812
-0.31641875624741356,-0.31719613392972157,-0.05332845390476999,-0.3083216173869849
-0.3171070931921218,-0.31719613392972157,0.4886074323865624,-0.34517199822091066
-0.31957233634960547,-0.31719613392972157,0.4886074323865624,-0.3312421683978246
2.5246365948381793,2.522214703853032,-1.6791361127787672,3.222475434813537
-0.3181968602088545,-0.31719613392972157,1.0305433186778947,-0.4930558563842828
-0.31769623197810937,-0.31719613392972157,1.0305433186778947,-0.3157206336434302
-0.3182830981127826,-0.31719613392972157,1.0305433186778947,-0.555035881739773
-0.317012962431602,-0.31719613392972157,0.4886074323865624,-0.428924617697388
-0.31703765448101734,-0.31719613392972157,1.0305433186778947,-0.14941158506309524
-0.3170641892206875,-0.31719613392972157,-0.05332845390476999,-0.3475257921799363
-0.3171678405475242,-0.31719613392972157,0.4886074323865624,-0.26898238884228615
-0.3169123208321817,-0.31719613392972157,-0.05332845390476999,-0.07394547792597458
-0.31728288584243686,-0.31719613392972157,1.0305433186778947,-0.09018086822531925
3.630936136403067,3.633288509941935,-1.6791361127787672,3.1449545813105453
2.5246385910859557,2.522214703853032,-1.6791361127787672,3.2141792757776266
-0.3175458377418074,-0.31719613392972157,-0.5952643401961024,-0.3802088001028002
-0.31717112667847874,-0.31719613392972157,1.0305433186778947,-0.4428158607342605
-0.317764319383027,-0.31719613392972157,0.4886074323865624,-0.3560534719331275
-0.31829304864015895,-0.31719613392972157,1.0305433186778947,-0.40496222345878286
-0.31732281079795915,-0.31719613392972157,0.4886074323865624,-0.253943188915561
-0.3180560786733821,-0.31719613392972157,-0.5952643401961024,-0.4488932795628922
2.524666262151283,2.522214703853032,-1.6791361127787672,2.995942059650427
-0.3173049674139911,-0.31719613392972157,1.0305433186778947,-0.4008237906373812
-0.3177847118218476,-0.31719613392972157,1.0305433186778947,-0.24962146885964506
-0.31755732384439617,-0.31719613392972157,-0.05332845390476999,-0.28704100479022043
-0.31697070340175687,-0.31719613392972157,-0.05332845390476999,-0.2720500383462622
-0.3170184290793581,-0.31719613392972157,0.4886074323865624,-0.11304353905683859
-0.31826940078188803,-0.31719613392972157,0.4886074323865624,-0.5545728403052106
-0.3175498609488639,-0.31719613392972157,-0.05332845390476999,-0.27518521472611185
-0.31746967321127256,-0.31719613392972157,1.0305433186778947,-0.35096001615294087
-0.31768345599234227,-0.31719613392972157,1.0305433186778947,-0.3067492058487834
2.524627627078939,2.522214703853032,-1.6791361127787672,3.2235269247378557
-0.3177479808627671,-0.31719613392972157,1.0305433186778947,-0.43842661380247094
-0.3171572143670544,-0.31719613392972157,1.0305433186778947,-0.151668912056587
-0.3173076393148606,-0.31719613392972157,1.0305433186778947,-0.3595841628716659
-0.3173102190812175,-0.31719613392972157,1.0305433186778947,-0.5593961885819024
2.5246158645728123,2.522214703853032,-2.2210719990700993,3.220237401213152
-0.31719956553141226,-0.31719613392972157,0.4886074323865624,-0.1881430717249307
-0.3175937169769299,-0.31719613392972157,1.0305433186778947,-0.27515627463645176
2.524574373330573,2.522214703853032,-3.304943771652764,3.2194946055785416
-0.31716412445551023,-0.31719613392972157,1.0305433186778947,-0.3909069865805028
-0.31751472698800426,-0.31719613392972157,1.0305433186778947,-0.5047476526069838
2.5246453476168904,2.522214703853032,-2.7630078853614317,3.2141696290810735
-0.3171681783740709,-0.31719613392972157,1.0305433186778947,-0.3945534378776818
-0.31732278008645487,-0.31719613392972157,0.4886074323865624,-0.24791400356969617
-0.3171947131137411,-0.31719613392972157,-0.5952643401961024,-0.1613156086099707
-0.31679644632665427,-0.31719613392972157,1.0305433186778947,-0.40755718483164305
-0.31784767040555584,-0.31719613392972157,-0.05332845390476999,-0.37992904590275217
-0.3177883664908531,-0.31719613392972157,-0.5952643401961024,-0.4038142665689302
2.524685825379489,2.522214703853032,-2.7630078853614317,3.205767356383076
-0.31713909457954814,-0.31719613392972157,1.0305433186778947,-0.14367180061383195
-0.3175398797099833,-0.31719613392972157,-0.5952643401961024,-0.2742687785535404
-0.31718298131911843,-0.31719613392972157,1.0305433186778947,-0.27054515368393434
-0.31718021728373613,-0.31719613392972157,-0.5952643401961024,-0.16615825027976935
-0.31779235898640534,-0.31719613392972157,-0.5952643401961024,-0.39957936678199474
-0.3171395552521119,-0.31719613392972157,0.4886074323865624,-0.14285183140679433
-0.31752900783747956,-0.31719613392972157,-0.05332845390476999,-0.3496191253320205
-0.3174252950876344,-0.31719613392972157,-0.5952643401961024,-0.4565141698400653
-0.31712659499731927,-0.31719613392972157,0.4886074323865624,-0.14333416623446346
-0.3182745603146017,-0.31719613392972157,0.4886074323865624,-0.5552963425467143
-0.3179726662278448,-0.31719613392972157,1.0305433186778947,-0.40254090262388353
-0.31807591830512627,-0.31719613392972157,1.0305433186778947,-0.4494238478733283
-0.3177603268874748,-0.31719613392972157,1.0305433186778947,-0.40714237687984756
-0.3177886121828871,-0.31719613392972157,1.0305433186778947,-0.3991934989198594
-0.3172869704725018,-0.31719613392972157,-0.05332845390476999,-0.3940325162637991
-0.31680347926112706,-0.31719613392972157,-0.05332845390476999,-0.09202338726701564
-0.31683022898132696,-0.31719613392972157,1.0305433186778947,-0.28405052885867155
-0.3168608790625664,-0.31719613392972157,1.0305433186778947,-0.32469206143807705
-0.31685639518294617,-0.31719613392972157,1.0305433186778947,-0.37238532919800604
-0.3177659470927522,-0.31719613392972157,1.0305433186778947,-0.24055357409946443
2.5245705958155504,2.522214703853032,-2.7630078853614317,3.2351029606019157
-0.3173090520440561,-0.31719613392972157,0.4886074323865624,-0.4012289518926233
-0.3174436298556704,-0.31719613392972157,1.0305433186778947,-0.260078487923513
-0.3172909322565498,-0.31719613392972157,1.0305433186778947,-0.19334264116720462
-0.3174911098412377,-0.31719613392972157,-0.05332845390476999,-0.26759326453859894
-0.31728488209021294,-0.31719613392972157,1.0305433186778947,-0.544424515531051
-0.317288843874261,-0.31719613392972157,-0.5952643401961024,-0.18604973857284648
-0.317196187265945,-0.31719613392972157,-0.5952643401961024,-0.2735549230085901
-0.31698823967068246,-0.31719613392972157,1.0305433186778947,-0.37505746414329333
-0.31776803547504107,-0.31719613392972157,-0.05332845390476999,-0.3956821013744277
-0.3180893699439868,-0.31719613392972157,1.0305433186778947,-0.45151718102541255
-0.3170395893057849,-0.31719613392972157,1.0305433186778947,-0.4242652632621036
-0.40227639032993373,-0.4200733381972126,-3.304943771652764,-0.864347560027468
-0.3177572864485542,-0.31719613392972157,-0.05332845390476999,-0.3520790329531334
3.693035012972861,3.6950148325024297,-3.304943771652764,3.1483984519801034
-0.3168796130801576,-0.31719613392972157,1.0305433186778947,-0.4141072917913906
-0.3174915705138014,-0.31719613392972157,0.4886074323865624,-0.261785953213462
-0.3167834246488532,-0.31719613392972157,1.0305433186778947,-0.24529974880372912
-0.31776809689804947,-0.31719613392972157,-0.05332845390476999,-0.3979297816713661
3.692550999665914,3.6950148325024297,-3.304943771652764,3.1502120309321393
-0.31710230219745916,-0.31719613392972157,1.0305433186778947,-0.4139336512534296
-0.3180187027727124,-0.31719613392972157,1.0305433186778947,-0.4335839721326723
-0.31719701647655973,-0.31719613392972157,1.0305433186778947,-0.40932253030091226
-0.3177855103209581,-0.31719613392972157,0.4886074323865624,-0.3993285526716068
-0.31753035914366645,-0.31719613392972157,1.0305433186778947,-0.4979274381437416
-0.3177984398642464,-0.31719613392972157,-0.05332845390476999,-0.3418631813031
-0.3171731229262548,-0.31719613392972157,-0.5952643401961024,-0.14842762201465004
3.631572540194092,3.633288509941935,-1.6791361127787672,3.1593860393544073
-0.317793556735071,-0.31719613392972157,-0.05332845390476999,-0.24985298957692623
-0.3169269395082036,-0.31719613392972157,-0.5952643401961024,-0.305784536193445
-0.31687675691026257,-0.31719613392972157,1.0305433186778947,-0.48166310775473664
-0.31828491009153326,-0.31719613392972157,1.0305433186778947,-0.4000231148234504
-0.31728592628135743,-0.31719613392972157,-0.5952643401961024,-0.24138319000305544
-0.31678262614974273,-0.31719613392972157,-0.05332845390476999,-0.39387816911894497
-0.3166997357997776,-0.31719613392972157,-0.5952643401961024,-0.2348427297398613
-0.3180529153884446,-0.31719613392972157,1.0305433186778947,-0.467820098200631
-0.31717883526604496,-0.31719613392972157,0.4886074323865624,-0.26206570741351004
-0.31779229756339683,-0.31719613392972157,-0.05332845390476999,-0.3549151617398282
-0.3178548568975499,-0.31719613392972157,-0.5952643401961024,-0.461057763916709
-0.31778142569089307,-0.31719613392972157,0.4886074323865624,-0.4037660330861632
-0.3171874959102428,-0.31719613392972157,-0.5952643401961024,-0.4851069784242946
-0.3173653462313425,-0.31719613392972157,-0.5952643401961024,-0.21515382207440517
3.69300890819425,3.6950148325024297,-2.7630078853614317,2.997070723147173
-0.317724547985026,-0.31719613392972157,1.0305433186778947,-0.34214293550314817
-0.3168856632464945,-0.31719613392972157,1.0305433186778947,-0.22023763115803838
-0.31778280770858425,-0.31719613392972157,1.0305433186778947,-0.35703743498157264
-0.31706188585786893,-0.31719613392972157,1.0305433186778947,-0.4169144804884252
2.5246158645728123,2.522214703853032,-2.2210719990700993,3.2122402897703966
-0.31732790890766427,-0.31719613392972157,-0.05332845390476999,-0.20363566638966502
-0.3174245887230367,-0.31719613392972157,-0.05332845390476999,-0.361445975306469
2.524645224770873,2.522214703853032,-1.6791361127787672,3.2026032399135667
-0.31731270671306155,-0.31719613392972157,-0.05332845390476999,-0.260078487923513
-0.31714889154940323,-0.31719613392972157,1.0305433186778947,-0.16031235216841874
-0.3176114068033767,-0.31719613392972157,-0.05332845390476999,-0.31000014258727365
-0.31680295716555484,-0.31719613392972157,-0.5952643401961024,-0.24294595484470358
-0.31764518945804937,-0.31719613392972157,1.0305433186778947,-0.3524166673325018
-0.3182838044773803,-0.31719613392972157,-0.05332845390476999,-0.5042846111724214
3.6925277510571983,3.6950148325024297,-2.7630078853614317,3.1439030913862265
-0.3171516555847856,-0.31719613392972157,-0.5952643401961024,-0.39044394514594033
-0.31729781163350135,-0.31719613392972157,-0.5952643401961024,-0.2536441413224061
-0.31727935401944835,-0.31719613392972157,-0.05332845390476999,-0.2423767997480539
-0.31748699449966844,-0.31719613392972157,-0.5952643401961024,-0.2745002992708217
-0.31716780983601994,-0.31719613392972157,-0.5952643401961024,-0.2155782767227541
-0.31729980788127743,-0.31719613392972157,-0.5952643401961024,-0.5596759427819507
-0.31726645518766416,-0.31719613392972157,0.4886074323865624,-0.2502002706528481
-0.317137835407874,-0.31719613392972157,-0.5952643401961024,-0.4309504239735985
2.4631692389302353,2.4604883812925373,-1.6791361127787672,3.2109765725219033
-0.3171873423527216,-0.31719613392972157,-0.05332845390476999,-0.4079719927834386
-0.317273610968154,-0.31719613392972157,1.0305433186778947,-0.4953035366812212
-0.31779788705717,-0.31719613392972157,-0.05332845390476999,-0.40838680073523403
-0.3163706006087528,-0.31719613392972157,-0.5952643401961024,-0.3934826545602562
-0.3169474547930412,-0.31719613392972157,-0.5952643401961024,-0.34526846518644444
-0.3173666975375294,-0.31719613392972157,1.0305433186778947,-0.2717799308427674
2.524655113875241,2.522214703853032,-2.7630078853614317,3.2005581402442487
-0.3172702941256952,-0.31719613392972157,1.0305433186778947,-0.28818896168007313
-0.3172920992937112,-0.31719613392972157,0.4886074323865624,-0.2493706547492571
-0.3173144572688037,-0.31719613392972157,1.0305433186778947,-0.3988462178439376
-0.317236327201997,-0.31719613392972157,1.0305433186778947,-0.18140967753066897
-0.31679144035146184,-0.31719613392972157,-0.05332845390476999,-0.09646086768157203
-0.317316975612152,-0.31719613392972157,1.0305433186778947,-0.2463994722108149
-0.3172963989043059,-0.31719613392972157,-0.5952643401961024,-0.5590103207197672
-0.3167845916860146,-0.31719613392972157,-0.05332845390476999,-0.3941868634086533
-0.31780335370492613,-0.31719613392972157,0.4886074323865624,-0.40733531081091523
-0.31680694966110706,-0.31719613392972157,1.0305433186778947,-0.24950570850100448
-0.3179693186738818,-0.31719613392972157,-0.5952643401961024,-0.41512984162604927
-0.317292559966275,-0.31719613392972157,-0.05332845390476999,-0.24611007131421336
-0.3176789721127221,-0.31719613392972157,-0.05332845390476999,-0.3113217400150873
-0.31713755900433577,-0.31719613392972157,1.0305433186778947,-0.15900040143715857
-0.31679011975677923,-0.31719613392972157,-0.05332845390476999,-0.3986532839128699
-0.31778618597405156,-0.31719613392972157,-0.05332845390476999,-0.3483843481731874
-0.31682721925391066,-0.31719613392972157,-0.05332845390476999,-0.4003125157200519
-0.31779334175454127,-0.31719613392972157,0.4886074323865624,-0.4011228382305361
-0.3167821040541705,-0.31719613392972157,-0.05332845390476999,-0.08954418625279596
-0.3176538501022473,-0.31719613392972157,1.0305433186778947,-0.36827583646626466
-0.3171209133690334,-0.31719613392972157,-0.5952643401961024,-0.45810587477137366
-0.3167697273179586,-0.31719613392972157,0.4886074323865624,-0.4345679351811174
-0.3176758088277845,-0.31719613392972157,1.0305433186778947,-0.32321611686540935
-0.31780961885179265,-0.31719613392972157,0.4886074323865624,-0.3389788190336383
-0.3173883184365199,-0.31719613392972157,1.0305433186778947,-0.24753778240411425
-0.3173361088792985,-0.31719613392972157,0.4886074323865624,-0.23903904274058313
-0.317126564285815,-0.31719613392972157,-0.5952643401961024,-0.41094317532188074
-0.3177679740520325,-0.31719613392972157,-0.5952643401961024,-0.40502010363810315
-0.31710558832841373,-0.31719613392972157,-0.5952643401961024,-0.15407093949837955
-0.3170783472241458,-0.31719613392972157,-0.5952643401961024,-0.36056812592011106
2.5246545917796688,2.522214703853032,-3.304943771652764,3.209076173300887
-0.3177837290537117,-0.31719613392972157,-0.05332845390476999,-0.39810342220932704
-0.3182632584810385,-0.31719613392972157,1.0305433186778947,-0.39831564953350146
-0.3177215689691139,-0.31719613392972157,1.0305433186778947,-0.3358725827434488
-0.3180428727265555,-0.31719613392972157,-0.05332845390476999,-0.4389475354163536
-0.31715254621840877,-0.31719613392972157,-0.05332845390476999,-0.4751226474915425
-0.31730456816443586,-0.31719613392972157,1.0305433186778947,-0.2425986737687818
-0.31731924826346636,-0.31719613392972157,1.0305433186778947,-0.20741717143859134
-0.31827529739070365,-0.31719613392972157,1.0305433186778947,-0.5624831314789853
-0.31701600287052256,-0.31719613392972157,1.0305433186778947,-0.3603848386855968
-0.31713660694770407,-0.31719613392972157,1.0305433186778947,-0.45254937755662467
-0.31719787639867864,-0.31719613392972157,-0.5952643401961024,-0.16232851174807594
3.631596126629354,3.633288509941935,-2.2210719990700993,3.143083122179189
-0.31701194895196183,-0.31719613392972157,-0.05332845390476999,-0.37197052124621055
-0.3173338362279841,-0.31719613392972157,-0.05332845390476999,-0.27782840958173904
-0.3168089151973789,-0.31719613392972157,1.0305433186778947,-0.24532868889338932
-0.31709582207006287,-0.31719613392972157,1.0305433186778947,-0.2395985511406794
-0.3176475849553807,-0.31719613392972157,-0.05332845390476999,-0.32531909671404696
-0.31727539223540036,-0.31719613392972157,1.0305433186778947,-0.24291701475504338
-0.31715263835292146,-0.31719613392972157,1.0305433186778947,-0.3963766635262713
-0.3171464653405677,-0.31719613392972157,-0.05332845390476999,-0.31142785367717446
-0.317859709315221,-0.31719613392972157,-0.5952643401961024,-0.3756362659364964
-0.3164443696419563,-0.31719613392972157,-0.05332845390476999,-0.25015203717008117
-0.31759030799995835,-0.31719613392972157,-0.05332845390476999,-0.33492720648121715
-0.3180614838981297,-0.31719613392972157,-0.05332845390476999,-0.4473112213281373
-0.31728205663182213,-0.31719613392972157,1.0305433186778947,-0.2453383355899427
-0.3177480115742714,-0.31719613392972157,1.0305433186778947,-0.4605175489097195
-0.3177793987316127,-0.31719613392972157,-0.05332845390476999,-0.3654011208933563
-0.31714711028215686,-0.31719613392972157,-0.05332845390476999,-0.2610528042754048
-0.3170613637622967,-0.31719613392972157,-0.5952643401961024,-0.1662064837625362
-0.3173375216084939,-0.31719613392972157,1.0305433186778947,-0.39895233150602477
-0.31716928398822386,-0.31719613392972157,-0.05332845390476999,-0.29477765542603424
-0.31729870226712453,-0.31719613392972157,1.0305433186778947,-0.39478495859496304
-0.31716440085904846,-0.31719613392972157,-0.5952643401961024,-0.341988588358294
2.524599341783527,2.522214703853032,-2.7630078853614317,3.202892640810168
-0.31730152772551534,-0.31719613392972157,0.4886074323865624,-0.24339934958271264
2.5246191199922623,2.522214703853032,-2.2210719990700993,3.214063515418986
-0.3172719832584288,-0.31719613392972157,-0.05332845390476999,-0.4323781350634993
-0.31728878245125247,-0.29662069307622335,-0.05332845390476999,-0.25039320458391573
-0.31705466865437065,-0.31719613392972157,-0.05332845390476999,-0.13844329108189798
-0.3173033704157702,-0.31719613392972157,-0.05332845390476999,-0.25237077737735947
-0.317188877927934,-0.31719613392972157,-0.05332845390476999,-0.3993381993681602
-0.31731089473431096,-0.31719613392972157,-0.5952643401961024,-0.4049236366725693
-0.3172936655804279,-0.31719613392972157,1.0305433186778947,-0.09481128257094351
2.524620287029424,2.522214703853032,-2.7630078853614317,3.209732148666517
-0.31732225799088265,-0.31719613392972157,-0.05332845390476999,-0.3970712256781149
-0.3181405660215681,-0.31719613392972157,1.0305433186778947,-0.4732222482705259
-0.3171712188129915,-0.31719613392972157,-0.05332845390476999,-0.4678297448971844
-0.31681751441856837,-0.31719613392972157,-0.05332845390476999,-0.10480526020024897
-0.3173756345852655,-0.31719613392972157,-0.5952643401961024,-0.23248893578083563
-0.31723448451174213,-0.31719613392972157,-0.5952643401961024,-0.2603485954270078
-0.31713071033888846,-0.31719613392972157,1.0305433186778947,-0.2391837431888839
-0.3171794802076342,-0.31719613392972157,0.4886074323865624,-0.15731222954031648
-0.3178582965860256,-0.31719613392972157,-0.5952643401961024,-0.4449284872794515
3.692539513563325,3.6950148325024297,-1.6791361127787672,3.142504320385986
-0.31707432401708935,-0.31719613392972157,-0.5952643401961024,-0.3495515984561468
-0.3173079464299032,-0.31719613392972157,-0.05332845390476999,-0.24594607747280595
-0.31703390767749906,-0.31719613392972157,-0.05332845390476999,-0.17499462432266882
-0.31727066266374615,-0.31719613392972157,-0.05332845390476999,-0.2360099800228207
-0.31778974850854425,-0.31719613392972157,-0.05332845390476999,-0.39843140989214204
-0.3182669438615482,-0.31719613392972157,1.0305433186778947,-0.5590392608094273
-0.31728371505305153,-0.31719613392972157,-0.05332845390476999,-0.25180162228070985
-0.3171266564203278,-0.31719613392972157,0.4886074323865624,-0.17281447090160407
-0.3172911472370795,-0.31719613392972157,1.0305433186778947,-0.24935136135615033
-0.31778440470680513,-0.31719613392972157,0.4886074323865624,-0.4032161713826204
-0.31756819571689987,-0.31719613392972157,-0.05332845390476999,-0.3041735378690299
-0.3168315188645054,-0.31719613392972157,1.0305433186778947,-0.09440612131570139
-0.31682583723621954,-0.31719613392972157,0.4886074323865624,-0.0898239404528441
-0.317130403223846,-0.31719613392972157,0.4886074323865624,-0.2784940316439225
-0.31713421145037274,-0.31719613392972157,-0.05332845390476999,-0.35913076813365685
-0.31681115713718905,-0.31719613392972157,1.0305433186778947,-0.39239257784972387
-0.3177683425900835,-0.31719613392972157,-0.5952643401961024,-0.24231891956873367
-0.31779303463949876,-0.31719613392972157,0.4886074323865624,-0.554707894056958
3.07015073323274,3.0777516068974835,-1.6791361127787672,-0.05412151650877106
-0.3171273013619169,-0.31719613392972157,0.4886074323865624,-0.14229232300669803
-0.3182698000314433,-0.31719613392972157,1.0305433186778947,-0.3935598281326833
-0.3175496766798384,-0.31719613392972157,-0.05332845390476999,-0.2772013743057691
-0.3177580542361605,-0.31719613392972157,1.0305433186778947,-0.35023651391143706
-0.3171306182043757,-0.31719613392972157,1.0305433186778947,-0.15800679169216014
-0.3175909529415476,-0.31719613392972157,0.4886074323865624,-0.3046751660898059
-0.31714959791400094,-0.31719613392972157,1.0305433186778947,-0.1521126600980427
-0.31679663059567975,-0.31719613392972157,-0.5952643401961024,-0.23831554049907944
-0.3175055135367299,-0.31719613392972157,1.0305433186778947,-0.40194280743757377
-0.3168701846483535,-0.31719613392972157,-0.5952643401961024,-0.25119388039784657
-0.3170041789413871,-0.31719613392972157,1.0305433186778947,-0.313579067008579
-0.31751810525347157,-0.31719613392972157,-0.5952643401961024,-0.2673617438213177
-0.31680040811070226,-0.31719613392972157,-0.5952643401961024,-0.045777123990094114
-0.3171325837406476,-0.31719613392972157,-0.05332845390476999,-0.358330092319726
-0.31776997029980864,-0.31719613392972157,1.0305433186778947,-0.32990127757690424
-0.31712232609822877,-0.31719613392972157,1.0305433186778947,-0.16119020155477673
-0.31777903019356174,-0.31719613392972157,-0.05332845390476999,-0.4130654485636251
-0.3168060897389881,-0.31719613392972157,1.0305433186778947,-0.40655392839009113
-0.31680458487528,-0.31719613392972157,1.0305433186778947,-0.3443616757104264
-0.31728377647606004,-0.31719613392972157,-0.05332845390476999,-0.24747025552824048
-0.3174845375793286,-0.31719613392972157,-0.05332845390476999,-0.2703232796632065
2.524666139305266,2.522214703853032,-2.7630078853614317,3.201136942037452
2.5246611026185692,2.522214703853032,-2.7630078853614317,3.2162050820538375
-0.31701806054130716,-0.31719613392972157,0.4886074323865624,-0.30345968232407955
-0.3172821487663349,-0.31719613392972157,1.0305433186778947,-0.40447988863111367
-0.31714876870338626,-0.31719613392972157,1.0305433186778947,-0.3384964842059692
-0.3173967948116923,-0.31719613392972157,0.4886074323865624,-0.41065377442527917
-0.3177547681052059,-0.31719613392972157,1.0305433186778947,-0.4034380454033482
-0.3175367778480543,-0.31719613392972157,0.4886074323865624,-0.265634985138262
-0.3171731229262548,-0.31719613392972157,1.0305433186778947,-0.3119970087738241
-0.31718046297577007,-0.31719613392972157,0.4886074323865624,-0.3976114406851044
-0.3174850596749008,-0.31719613392972157,-0.05332845390476999,-0.36021119814763586
2.5246541003956007,2.522214703853032,-1.6791361127787672,3.205323608341621
-0.3171341500273643,-0.31719613392972157,-0.5952643401961024,-0.2640432802069537
-0.31675560002600456,-0.31719613392972157,-0.05332845390476999,-0.12553601109347054
-0.317790454873142,-0.31719613392972157,0.4886074323865624,-0.4037274462999497
-0.31729338917688965,-0.31719613392972157,-0.5952643401961024,-0.40195245413412706
-0.31702325078552507,-0.31719613392972157,0.4886074323865624,-0.11448089684329286
-0.31810868748015875,-0.31719613392972157,1.0305433186778947,-0.44849776500420346
-0.31719480524825383,-0.31719613392972157,1.0305433186778947,-0.16760525476277688
-0.3171530068909724,-0.31719613392972157,-0.05332845390476999,-0.29987111120622084
-0.31769761399580054,-0.31719613392972157,0.4886074323865624,-0.32171123220308145
-0.3172097617508226,-0.31719613392972157,-0.5952643401961024,-0.3429532580136324
-0.31777230437413145,-0.31719613392972157,-0.05332845390476999,-0.39745709354025033
-0.31680372495316106,-0.31719613392972157,-0.05332845390476999,-0.09162787270832679
-0.3166299285506221,-0.31719613392972157,-0.5952643401961024,-0.0945894085502156
-0.31710085875675953,-0.31719613392972157,-0.5952643401961024,-0.2851116654795437
-0.3165835234677036,-0.31719613392972157,0.4886074323865624,-0.30619934414524047
-0.3168793673881236,-0.31719613392972157,-0.05332845390476999,-0.08510670583823944
-0.3172837457645558,-0.31719613392972157,-0.5952643401961024,-0.24743166874202704
-0.3180983991262357,-0.31719613392972157,-0.05332845390476999,-0.4548838781225435
2.5246247094860355,2.522214703853032,-1.6791361127787672,3.2242021934965925
-0.3172580402355003,-0.31719613392972157,1.0305433186778947,-0.19267701910502116
2.463169085372714,2.4604883812925373,-1.6791361127787672,3.2235269247378557
-0.31581748641724805,-0.31719613392972157,-0.05332845390476999,-0.24271443412742238
2.4631460824560323,2.4604883812925373,-1.6791361127787672,3.2231699969653804
-0.3167185005288731,-0.31719613392972157,0.4886074323865624,-0.18730380912478642
-0.31821848110784506,-0.31719613392972157,1.0305433186778947,-0.48017751648551554
-0.31717548771208187,-0.31719613392972157,0.4886074323865624,-0.15286510242920656
-0.3167864343762695,-0.31719613392972157,0.4886074323865624,-0.2469107471281442
-0.31683099676893317,-0.31719613392972157,-0.05332845390476999,-0.40052474304422636
-0.3175276872427969,-0.31719613392972157,-0.05332845390476999,-0.26794054561452074
-0.3172885367592184,-0.31719613392972157,1.0305433186778947,-0.24434472584494427
-0.3174495878874945,-0.31719613392972157,0.4886074323865624,-0.2533740338189113
-0.3179411869359907,-0.31719613392972157,1.0305433186778947,-0.40092025760291505
-0.3171784974394982,-0.31719613392972157,-0.05332845390476999,-0.3372134735643691
-0.317332454210293,-0.31719613392972157,0.4886074323865624,-0.37084185774946465
-0.3171504578361199,-0.31719613392972157,-0.05332845390476999,-0.27613059098834347
-0.3171853153934413,-0.31719613392972157,-0.5952643401961024,-0.1512444574082381
-0.31801320541345207,-0.31719613392972157,-0.05332845390476999,-0.4143870459914387
-0.31778870431739986,-0.31719613392972157,-0.5952643401961024,-0.34215258219970157
-0.3172988558246458,-0.31719613392972157,-0.05332845390476999,-0.4066214552659648
-0.3177877215492639,-0.31719613392972157,-0.05332845390476999,-0.3635489551551066
-0.3172909322565498,-0.31719613392972157,1.0305433186778947,-0.24880149965260742
-0.3172983644405778,-0.31719613392972157,0.4886074323865624,-0.4053480913209182
-0.31714781664675457,-0.31719613392972157,1.0305433186778947,-0.3370108929367481
-0.3173202310316023,-0.31719613392972157,-0.5952643401961024,-0.2447209470105262
-0.31787377518416654,-0.31719613392972157,1.0305433186778947,-0.3652660671416089
-0.31740318280457586,-0.31719613392972157,-0.5952643401961024,-0.23585563287796654
-0.31775888344677516,-0.31719613392972157,1.0305433186778947,-0.244614833348439
-0.31789450544953385,-0.31719613392972157,0.4886074323865624,-0.38785863046963354
-0.31725834735054276,-0.31719613392972157,0.4886074323865624,-0.18333901684134563
-0.3172972281149206,-0.31719613392972157,-0.05332845390476999,-0.24114202258922088
-0.31718439404831383,-0.31719613392972157,0.4886074323865624,-0.1633221214930745
-0.3170906932488534,-0.31719613392972157,-0.05332845390476999,-0.17043173685291832
3.692510245499777,3.6950148325024297,-2.7630078853614317,3.138973629447447
3.07010395961177,3.0777516068974835,-2.2210719990700993,-0.06461712235885245
2.5246513056487143,2.522214703853032,-3.304943771652764,3.1925031486221735
-0.3168100822345404,-0.31719613392972157,1.0305433186778947,-0.24571455675552464
-0.3176483220314827,-0.31719613392972157,1.0305433186778947,-0.3133186062016377
-0.3177883664908531,-0.31719613392972157,1.0305433186778947,-0.4054349115898986
-0.3177962593474449,-0.31719613392972157,-0.05332845390476999,-0.39446661760870133
-0.31727582219645983,-0.31719613392972157,1.0305433186778947,-0.4056857257002866
-0.31716357164843373,-0.31719613392972157,-0.05332845390476999,-0.3086303116766932
-0.3179020297680746,-0.31719613392972157,-0.05332845390476999,-0.39726415960918265
-0.3173186954563899,-0.31719613392972157,-0.05332845390476999,-0.2479815304455698
-0.31696324050622465,-0.31719613392972157,1.0305433186778947,-0.4533500533705555
-0.31690043548003766,-0.31719613392972157,-0.05332845390476999,-0.3230617697205552
-0.31730300187771926,-0.31719613392972157,1.0305433186778947,-0.247682482852415
-0.317291700044156,-0.31719613392972157,0.4886074323865624,-0.250045923507994
2.5246484801903235,2.522214703853032,-1.6791361127787672,3.2077063423903067
-0.3171362076981489,-0.31719613392972157,1.0305433186778947,-0.21970706284760227
-0.31702500134126715,-0.31719613392972157,-0.05332845390476999,-0.40460529568630765
-0.31773889025750973,-0.31719613392972157,0.4886074323865624,-0.3317341499220472
-0.31682067770350586,-0.31719613392972157,-0.5952643401961024,-0.4000713483062173
-0.31779085412269725,-0.31719613392972157,1.0305433186778947,-0.40104566465810904
-0.317790086335091,-0.31719613392972157,-0.05332845390476999,-0.40863761484562205
-0.3175130071437664,-0.31719613392972157,-0.05332845390476999,-0.2749054605260638
-0.31729348131140234,-0.31719613392972157,-0.5952643401961024,-0.39590397539515554
-0.3181172252783397,-0.31719613392972157,-0.5952643401961024,-0.46076836302010754
-0.31718657456511545,-0.31719613392972157,-0.05332845390476999,-0.2928000826325905
-0.3170382072880938,-0.31719613392972157,-0.5952643401961024,-0.3123925233325129
-0.31738951618518557,-0.31719613392972157,-0.05332845390476999,-0.4570736782401616
-0.31706332929856856,-0.31719613392972157,-0.05332845390476999,-0.3652274803553954
-0.3173209373962,-0.31719613392972157,0.4886074323865624,-0.21344635678445617
-0.31729943934322646,-0.31719613392972157,0.4886074323865624,-0.09506209668133146
-0.31754688193295183,-0.31719613392972157,-0.05332845390476999,-0.4862163485279338
-0.3177843739953009,-0.31719613392972157,0.4886074323865624,-0.3957303348571946
-0.3172892431238162,-0.31719613392972157,-0.05332845390476999,-0.24116131598232754
-0.3172936348689236,-0.31719613392972157,1.0305433186778947,-0.40046686286490607
-0.31717877384303644,-0.31719613392972157,-0.5952643401961024,-0.3634139014033592
-0.3179025825751511,-0.31719613392972157,0.4886074323865624,-0.3767456360401355
2.5245759396172898,2.522214703853032,-2.2210719990700993,3.210687171625302
-0.3168188964362595,-0.31719613392972157,-0.05332845390476999,-0.09900759557166533
2.524619642087835,2.522214703853032,-2.7630078853614317,3.203722256713759
-0.3167968148647053,-0.31719613392972157,-0.05332845390476999,-0.3997723007130624
-0.3172913007946008,-0.31719613392972157,-0.05332845390476999,-0.24993980984590677
-0.3171650150891334,-0.31719613392972157,-0.05332845390476999,-0.248762912866394
-0.3180336592752811,-0.31719613392972157,1.0305433186778947,-0.4273136193729729
2.5246779632344016,2.522214703853032,-1.6791361127787672,3.2234208110757687
3.631586943889584,3.633288509941935,-1.6791361127787672,3.149093014131947
-0.3172808895946607,-0.31719613392972157,1.0305433186778947,-0.24596537086591275
-0.3173967641001881,-0.31719613392972157,1.0305433186778947,-0.36945273344577745
-0.31718347270318636,-0.31719613392972157,1.0305433186778947,-0.17445440931567932
-0.3177700624343214,-0.31719613392972157,0.4886074323865624,-0.3996951271406353
-0.3171675334324817,-0.31719613392972157,1.0305433186778947,-0.48935152490778344
-0.317317098458169,-0.31719613392972157,1.0305433186778947,-0.3981998891748609
-0.31720936250126736,-0.31719613392972157,0.4886074323865624,-0.35681556096084477
-0.3175927034972897,-0.31719613392972157,1.0305433186778947,-0.30012192531660875
-0.31779174475632044,-0.31719613392972157,0.4886074323865624,-0.40114213162364293
-0.31740143224883377,-0.31719613392972157,1.0305433186778947,-0.22551437417273917
-0.3781313435167774,-0.37892245649021616,-2.7630078853614317,-0.36476443892083293
-0.31777979798116796,-0.31719613392972157,-0.05332845390476999,-0.3998205341958293
-0.3165767362252648,-0.31719613392972157,1.0305433186778947,-0.4588390237094308
3.6930473282860645,3.6950148325024297,-1.6791361127787672,3.1447809407725846
-0.31715107206620485,-0.31719613392972157,1.0305433186778947,-0.21771019666105187
-0.3181296327260558,-0.31719613392972157,0.4886074323865624,-0.4547584710673495
4.486906145420271,4.49745702578886,-1.6791361127787672,0.5219792016593037
-0.31801188481876935,-0.31719613392972157,1.0305433186778947,-0.41478256055012747
-0.31675391089327093,-0.31719613392972157,1.0305433186778947,-0.38654667973837337
-0.317991891629504,-0.31719613392972157,1.0305433186778947,-0.4330148170360226
-0.31717570269261164,-0.31719613392972157,0.4886074323865624,-0.21575191726071488
-0.31680731819915803,-0.31719613392972157,-0.05332845390476999,-0.0955347848124472
-0.318163968187805,-0.31719613392972157,1.0305433186778947,-0.4639903596689377
-0.3178055342217277,-0.31719613392972157,1.0305433186778947,-0.25432905677769635
-0.3172925292547707,-0.31719613392972157,-0.05332845390476999,-0.24002300578902833
-0.3772223137025437,-0.37892245649021616,-2.7630078853614317,-0.08923549196308764
-0.3171539282360999,-0.31719613392972157,1.0305433186778947,-0.15546971049862024
-0.31727953828847383,-0.31719613392972157,1.0305433186778947,-0.4018752805617001
-0.31732063028115753,-0.31719613392972157,-0.05332845390476999,-0.483331986258472
-0.3187805630585902,-0.31719613392972157,0.4886074323865624,-0.40471140934839483
-0.3181677457028275,-0.31719613392972157,0.4886074323865624,-0.4698362577802882
-0.3175203164817774,-0.31719613392972157,-0.05332845390476999,-0.26502724325539884
-0.3158171178791971,-0.31719613392972157,-0.05332845390476999,-0.24374663065863442
-0.31758508704423627,-0.31719613392972157,-0.05332845390476999,-0.3065080384349487
-0.3182820539216382,-0.31719613392972157,-0.05332845390476999,-0.4037370929965031
-0.3177224596027371,-0.31719613392972157,0.4886074323865624,-0.3468022899384325
-0.31750585136327664,-0.31719613392972157,1.0305433186778947,-0.28287363187915876
-0.3168088844858747,-0.31719613392972157,-0.05332845390476999,-0.243785217444848
-0.3173105569077642,-0.31719613392972157,0.4886074323865624,-0.21566509699173447
-0.31719772284115744,-0.31719613392972157,-0.05332845390476999,-0.331251815094378
-0.3173015891485238,-0.31719613392972157,-0.05332845390476999,-0.2535380276603189
-0.31751365208535565,-0.31719613392972157,1.0305433186778947,-0.2499205164528
-0.3175323861029469,-0.31719613392972157,0.4886074323865624,-0.26509477013127253
-0.31679884182398566,-0.31719613392972157,0.4886074323865624,-0.08527069967964698
-0.31793016150596565,-0.31719613392972157,1.0305433186778947,-0.40666004205217837
-0.3172889974317822,-0.31719613392972157,1.0305433186778947,-0.24493317433470058
-0.31827253335532135,-0.31719613392972157,-0.5952643401961024,-0.4055410252519859
-0.31711185347528026,-0.31719613392972157,1.0305433186778947,-0.16751843449379647
-0.3163255468320212,-0.31719613392972157,-0.5952643401961024,-0.24664063962464947
-0.3167569206206873,-0.31719613392972157,1.0305433186778947,-0.30743412130407366
-0.3179070664547713,-0.31719613392972157,-0.5952643401961024,-0.40960228450096037
-0.3171682090855752,-0.31719613392972157,-0.5952643401961024,-0.3032667483930119
-0.3173156550174694,-0.31719613392972157,-0.5952643401961024,-0.2494767684113443
-0.31716228176525535,-0.31719613392972157,0.4886074323865624,-0.19739425371962568
-0.3172963374812975,-0.31719613392972157,-0.05332845390476999,-0.39949254651301425
-0.3171894000235062,-0.31719613392972157,-0.05332845390476999,-0.335023673446751
-0.3171079531142408,-0.31719613392972157,-0.05332845390476999,-0.30387449027587504
-0.3173004221113624,-0.31719613392972157,1.0305433186778947,-0.2489462001009082
-0.3177557201618376,-0.31719613392972157,-0.05332845390476999,-0.3368661924884473
-0.3179898339587194,-0.31719613392972157,0.4886074323865624,-0.4196348489164794
-0.31678360891787866,-0.31719613392972157,-0.5952643401961024,-0.25013274377697436
-0.31719652509249174,-0.31719613392972157,0.4886074323865624,-0.1786989557991681
-0.31729609178926343,-0.31719613392972157,0.4886074323865624,-0.24479812058295322
-0.318123582559719,-0.31719613392972157,0.4886074323865624,-0.4738203434568357
-0.3170764123993782,-0.31719613392972157,1.0305433186778947,-0.4520381026392953
-0.3168092530239257,-0.31719613392972157,-0.5952643401961024,-0.2483288115214917
-0.3172897345078841,-0.31719613392972157,1.0305433186778947,-0.09814903957841425
-0.3174857967510028,-0.31719613392972157,1.0305433186778947,-0.42551933381404344
-0.31782647946762477,-0.31719613392972157,1.0305433186778947,-0.3613591550374885
-0.3177778324448961,-0.31719613392972157,-0.5952643401961024,-0.3378501555368924
2.524644948367335,2.522214703853032,-2.7630078853614317,3.213359306570589
-0.31775086774416644,-0.31719613392972157,1.0305433186778947,-0.5014291889926198
-0.3172932970423769,-0.31719613392972157,-0.05332845390476999,-0.09954781057865482
-0.3171363919671743,-0.31719613392972157,0.4886074323865624,-0.37120843221849326
-0.31712048340797394,-0.31719613392972157,1.0305433186778947,-0.1526528751050322
-0.31728773826010803,-0.31719613392972157,1.0305433186778947,-0.2395985511406794
-0.31760729146180744,-0.31719613392972157,0.4886074323865624,-0.2937647522879289
2.524658829967255,2.522214703853032,-1.6791361127787672,3.2071082472039967
-0.31682027845395067,-0.31719613392972157,0.4886074323865624,-0.23000973476661607
-0.31764006063683997,-0.31719613392972157,0.4886074323865624,-0.3179007870644949
-0.31729609178926343,-0.31719613392972157,1.0305433186778947,-0.092283848073957
-0.3163290479435054,-0.31719613392972157,1.0305433186778947,-0.09297841022580051
-0.3173140580192485,-0.31719613392972157,1.0305433186778947,-0.24623547836940748
-0.31716845477760913,-0.31719613392972157,-0.05332845390476999,-0.19142294855308123
-0.3172813502672245,-0.31719613392972157,-0.5952643401961024,-0.39437979733972095
-0.3177341913973598,-0.31719613392972157,1.0305433186778947,-0.3302196185631659
-0.31752949922154755,-0.31719613392972157,-0.05332845390476999,-0.2898578401838085
-0.31895472799918007,-0.31719613392972157,1.0305433186778947,-0.24454730647256526
-0.3169995415042457,-0.31719613392972157,-0.5952643401961024,-0.4181878444334719
-0.3173037389538212,-0.31719613392972157,1.0305433186778947,-0.2508562460184782
2.5246817100379197,2.522214703853032,-2.2210719990700993,3.2117868950323873
-0.31705949036053754,-0.31719613392972157,-0.05332845390476999,-0.19457741832603764
-0.3165720987881233,-0.31719613392972157,-0.05332845390476999,-0.32170158550652805
-0.3168009302062745,-0.31719613392972157,1.0305433186778947,-0.2491777208181895
-0.31715156345027284,-0.31719613392972157,-0.05332845390476999,-0.38377807782755224
-0.31728826035568025,-0.31719613392972157,-0.05332845390476999,-0.2539721290052212
-0.3167713550276838,-0.31719613392972157,0.4886074323865624,-0.09169539958420053
-0.31762789888115783,-0.31719613392972157,-0.5952643401961024,-0.4100556792389694
-0.31808943136699536,-0.31719613392972157,1.0305433186778947,-0.4502534637769193
-0.31717106525547023,-0.31719613392972157,0.4886074323865624,-0.45766212672991796
-0.3172990708051755,-0.31719613392972157,1.0305433186778947,-0.3946788449328758
-0.31695344353636956,-0.31719613392972157,-0.05332845390476999,-0.1695056539837935
-0.3171589956343008,-0.31719613392972157,-0.5952643401961024,-0.24180764465140436
-0.31717453565545023,-0.31719613392972157,-0.5952643401961024,-0.4692671026836386
-0.3168193571088232,-0.31719613392972157,-0.05332845390476999,-0.09872784137161719
-0.3172852199167597,-0.31719613392972157,1.0305433186778947,-0.24420967209319688
-0.31754138457369147,-0.31719613392972157,1.0305433186778947,-0.26760291123515234
-0.3171578900201479,-0.31719613392972157,1.0305433186778947,-0.3444099091931933
-0.3166300821081434,-0.31719613392972157,-0.5952643401961024,-0.04878689331474989
-0.3177857560129921,-0.31719613392972157,1.0305433186778947,-0.5541001521740948
-0.3169331125205575,-0.31719613392972157,0.4886074323865624,-0.2329616239119515
-0.3177708609334318,-0.31719613392972157,0.4886074323865624,-0.3992417324026263
3.631112788975501,3.633288509941935,-2.2210719990700993,3.1506943657598088
-0.3171476630892333,-0.31719613392972157,1.0305433186778947,-0.29279043593603715
-0.3171717101970594,-0.31719613392972157,1.0305433186778947,-0.30375872991723446
-0.3174969450270448,-0.31719613392972157,-0.5952643401961024,-0.2587375971025927
3.6316210643708033,3.633288509941935,-2.7630078853614317,3.1476942431317063
-0.31741675728945346,-0.31719613392972157,0.4886074323865624,-0.24180764465140436
-0.3153332581297713,-0.31719613392972157,1.0305433186778947,-0.2456759699693112
-0.31707779441706935,-0.31719613392972157,-0.05332845390476999,-0.38006409965449955
-0.3170048545944806,-0.31719613392972157,-0.5952643401961024,-0.11814664153357858
-0.3174677998095135,-0.31719613392972157,-0.5952643401961024,-0.25440623035012333
-0.31731107900333644,-0.31719613392972157,0.4886074323865624,-0.2555348938468693
-0.3167723685073239,-0.31719613392972157,-0.05332845390476999,-0.4018656338651467
-0.31730456816443586,-0.31719613392972157,-0.05332845390476999,-0.24604254443833976
2.5245963320561104,2.522214703853032,-2.7630078853614317,3.153723428477571
-0.3170778251285736,-0.31719613392972157,1.0305433186778947,-0.40317758459640685
-0.3175188116180693,-0.31719613392972157,-0.05332845390476999,-0.5012169616684453
-0.3180187027727124,-0.31719613392972157,-0.5952643401961024,-0.4233391803929788
-0.3173510960933715,-0.31719613392972157,1.0305433186778947,-0.22121194750993003
-0.3174329729636964,-0.31719613392972157,1.0305433186778947,-0.40079485054772107
-0.31696529817700925,-0.31719613392972157,-0.5952643401961024,-0.3719512278531038
-0.31696634236815374,-0.31719613392972157,0.4886074323865624,-0.09085613698405612
-0.31753392167815925,-0.31719613392972157,0.4886074323865624,-0.30382625679310815
-0.31778047363426143,-0.31719613392972157,1.0305433186778947,-0.3999555879475767
-0.31679140963995767,-0.31719613392972157,0.4886074323865624,-0.08841552275605001
-0.3176968769196986,-0.31719613392972157,-0.05332845390476999,-0.4902679610803549
-0.3171139418575691,-0.31719613392972157,1.0305433186778947,-0.16202946415492114
-0.31754826395064295,-0.31719613392972157,-0.05332845390476999,-0.27819498405076765
-0.3170874685409074,-0.31719613392972157,-0.05332845390476999,-0.3753179249502347
-0.3171475095317121,-0.31719613392972157,1.0305433186778947,-0.15798749829905334
-0.31729569253970824,-0.31719613392972157,-0.05332845390476999,-0.24806835071455036
-0.3177760511776497,-0.31719613392972157,-0.05332845390476999,-0.2456663232727578
-0.31774030298670514,-0.31719613392972157,1.0305433186778947,-0.4140108248258567
-0.31716056192101744,-0.31719613392972157,1.0305433186778947,-0.25673108421948887
-0.3173086835060051,-0.31719613392972157,0.4886074323865624,-0.25621016260560614
-0.3168182514946703,-0.31719613392972157,0.4886074323865624,-0.3941868634086533
-0.37737356786096465,-0.37892245649021616,-3.304943771652764,-0.13550104863311596
-0.31779831701822947,-0.31719613392972157,1.0305433186778947,-0.4037949731758234
-0.3176663496844762,-0.31719613392972157,1.0305433186778947,-0.32447983411390263
2.524634690724916,2.522214703853032,-1.6791361127787672,3.2220702735582947
-0.31716903829618986,-0.31719613392972157,1.0305433186778947,-0.47836393753347944
-0.31782131993491114,-0.31719613392972157,1.0305433186778947,-0.36598956938311267
-0.31632137006744343,-0.31719613392972157,0.4886074323865624,-0.23578810600209293
-0.31776699128389657,-0.31719613392972157,-0.5952643401961024,-0.35194397920138604
-0.31769088817637026,-0.31719613392972157,0.4886074323865624,-0.3218945194375958
-0.31731636138206704,-0.31719613392972157,0.4886074323865624,-0.20828537412839593
-0.31779813274920393,-0.31719613392972157,1.0305433186778947,-0.40508763051397684
3.631537774771283,3.633288509941935,-3.304943771652764,3.1489386669870925
-0.3173145801148207,-0.31719613392972157,1.0305433186778947,-0.2489462001009082
-0.31819827293804986,-0.31719613392972157,-0.05332845390476999,-0.4779105427954704
-0.31695347424787385,-0.31719613392972157,1.0305433186778947,-0.08695887157648909
-0.3172937270034364,-0.31719613392972157,1.0305433186778947,-0.40240584887213615
-0.31760081133441115,-0.31719613392972157,1.0305433186778947,-0.29458472149496656
-0.3169816674087734,-0.31719613392972157,-0.05332845390476999,-0.37386127377067374
-0.3171655371847056,-0.31719613392972157,-0.05332845390476999,-0.1511383437461509
-0.3168278334839956,-0.31719613392972157,0.4886074323865624,-0.09770529153695856
-0.3170310207960998,-0.31719613392972157,-0.5952643401961024,-0.3304511392804471
-0.3176417497695736,-0.31719613392972157,-0.05332845390476999,-0.3080900966697037
-0.3173188490139111,-0.31719613392972157,-0.05332845390476999,-0.4064671081211107
2.524661286887595,2.522214703853032,-2.2210719990700993,3.206635559072881
-0.3175125464712027,-0.31719613392972157,1.0305433186778947,-0.2590077046060874
-0.3802449399506225,-0.3994978973437144,-2.7630078853614317,-0.0304195830771073
-0.3170702700985286,-0.31719613392972157,0.4886074323865624,-0.14004464270975966
-0.31779610578992357,-0.31719613392972157,1.0305433186778947,-0.39544093396059316
-0.3177815792484143,-0.31719613392972157,-0.5952643401961024,-0.40156658627199177
-0.3174402515902031,-0.31719613392972157,-0.5952643401961024,-0.28390582841037076
-0.3169586337805875,-0.31719613392972157,1.0305433186778947,-0.32170158550652805
-0.317127055669883,-0.31719613392972157,1.0305433186778947,-0.36195725022379827
2.5246415393903634,2.522214703853032,-2.2210719990700993,3.218838630212911
-0.3168084545248152,-0.31719613392972157,-0.05332845390476999,-0.18380205827590812
-0.3177886121828871,-0.31719613392972157,1.0305433186778947,-0.24645735239013525
-0.31766472197475104,-0.31719613392972157,-0.05332845390476999,-0.3018583306962178
-0.31716578287673963,-0.31719613392972157,-0.05332845390476999,-0.3779997065920754
-0.31714296422908345,-0.31719613392972157,0.4886074323865624,-0.26487289611054476
3.6315695304666757,3.633288509941935,-2.7630078853614317,3.144105672013848
-0.31794564010410664,-0.31719613392972157,-0.05332845390476999,-0.3934344210774893
-0.31694831471516016,-0.31719613392972157,1.0305433186778947,-0.20216936851355072
-0.31725972936823393,-0.31719613392972157,-0.05332845390476999,-0.2477982432110556
-0.3170843052559699,-0.31719613392972157,1.0305433186778947,-0.136359604626367
-0.31725828592753424,-0.31719613392972157,0.4886074323865624,-0.179451398130332
-0.3171224182327415,-0.31719613392972157,1.0305433186778947,-0.1597239036786624
-0.3176349932386391,-0.31719613392972157,1.0305433186778947,-0.4489415130456591
-0.31778068861479114,-0.31719613392972157,-0.05332845390476999,-0.2506729587839639
-0.3172905330069946,-0.31719613392972157,-0.05332845390476999,-0.20199572797558976
-0.3172081340410975,-0.31719613392972157,1.0305433186778947,-0.380353500551101
-0.3168240559689731,-0.31719613392972157,-0.05332845390476999,-0.24771142294207507
2.6471155479310293,2.6456673489740212,-1.6791361127787672,3.1884804761594125
-0.31740892585587027,-0.31719613392972157,-0.5952643401961024,-0.2443833126311577
-0.31777162872103804,-0.31719613392972157,0.4886074323865624,-0.40691085616256634
-0.31719818351372114,-0.31719613392972157,-0.05332845390476999,-0.1685409843284551
-0.31739366223825904,-0.31719613392972157,0.4886074323865624,-0.23596174654005375
-0.31763318125988843,-0.31719613392972157,-0.05332845390476999,-0.3184024152852709
-0.317463530910423,-0.31719613392972157,-0.5952643401961024,-0.40987239200445513
-0.31732969017491064,-0.31719613392972157,1.0305433186778947,-0.24362122360344043
-0.3176868649693138,-0.31719613392972157,-0.05332845390476999,-0.36684812537636385
-0.3175388355188389,-0.31719613392972157,-0.05332845390476999,-0.2768830333195074
-0.3168074717566793,-0.31719613392972157,0.4886074323865624,-0.2552840797364813
-0.31730788500689466,-0.31719613392972157,1.0305433186778947,-0.210098953080432
-0.3173538294172495,-0.31719613392972157,-0.5952643401961024,-0.2810504062305692
-0.31789078935751985,-0.31719613392972157,0.4886074323865624,-0.37590637343999117
-0.3169824351963796,-0.31719613392972157,-0.5952643401961024,-0.3011637685443742
-0.3174478680432566,-0.31719613392972157,1.0305433186778947,-0.24562773648654423
-0.3172864176654253,-0.31719613392972157,1.0305433186778947,-0.2505186116391098
-0.3172809510176693,-0.31719613392972157,-0.5952643401961024,-0.24807799741110373
-0.31729566182820396,-0.31719613392972157,1.0305433186778947,-0.25007486359765413
-0.3178432172374399,-0.31719613392972157,-0.05332845390476999,-0.46794550525582507
2.524638376105426,2.522214703853032,-2.2210719990700993,3.2327009331601233
-0.3171492907989584,-0.31719613392972157,-0.05332845390476999,-0.21689987415056763
-0.3170820018931513,-0.31719613392972157,-0.5952643401961024,-0.2258134217658941
-0.3168896250305424,-0.31719613392972157,-0.5952643401961024,-0.07985890291319868
3.69302850213396,3.6950148325024297,-2.2210719990700993,3.150800479421896
-0.3171961565544408,-0.31719613392972157,1.0305433186778947,-0.47750538154022826
-0.31677310558342586,-0.31719613392972157,-0.5952643401961024,-0.04557454336247312
-0.3179950549144415,-0.31719613392972157,0.4886074323865624,-0.43333315802228434
-0.3178266023136418,-0.31719613392972157,-0.5952643401961024,-0.3648898459760269
2.524619427107305,2.522214703853032,-2.7630078853614317,3.2090182931215665
-0.3172866940689636,-0.31719613392972157,1.0305433186778947,-0.24531904219683592
-0.3173878884754604,-0.31719613392972157,1.0305433186778947,-0.2943532007776853
2.5246388367779895,2.522214703853032,-1.6791361127787672,3.2193016716474734
-0.3173061344511525,-0.31719613392972157,0.4886074323865624,-0.25410718275696853
-0.31676257153746884,-0.31719613392972157,-0.05332845390476999,-0.15832513267842172
-0.3178700283806483,-0.31719613392972157,-0.05332845390476999,-0.3879743908282741
-0.31799342720471635,-0.31719613392972157,1.0305433186778947,-0.4286545101938932
-0.31726863570446584,-0.31719613392972157,-0.05332845390476999,-0.2443929593277111
-0.317294924752102,-0.31719613392972157,-0.05332845390476999,-0.40456670890009405
-0.31713184666454564,-0.31719613392972157,-0.5952643401961024,-0.2933595910326868
-0.3173006063803879,-0.31719613392972157,-0.05332845390476999,-0.25211996326697156
2.5246134383639767,2.522214703853032,-2.7630078853614317,3.2122113496807367
-0.3164977155248349,-0.31719613392972157,-0.5952643401961024,-0.25040285128046913
-0.3172913622176093,-0.31719613392972157,1.0305433186778947,-0.4004765095614594
-0.31812576307652063,-0.31719613392972157,0.4886074323865624,-0.45106378628740357
-0.31827330114292757,-0.31719613392972157,-0.05332845390476999,-0.395035772705351
-0.3176744882331019,-0.31719613392972157,1.0305433186778947,-0.3308080670529223
-0.31717542628907347,-0.31719613392972157,-0.05332845390476999,-0.1628011998791918
-0.3172967060193484,-0.31719613392972157,-0.5952643401961024,-0.40202962770655415
-0.31778326838114795,-0.31719613392972157,1.0305433186778947,-0.4003800425959256
-0.31679506430896315,-0.31719613392972157,1.0305433186778947,-0.09676956197128035
-0.3169033837844455,-0.31719613392972157,1.0305433186778947,-0.11248403065674245
-0.31697119478582486,-0.31719613392972157,-0.05332845390476999,-0.4053095045347046
-0.31740907941339147,-0.31719613392972157,-0.5952643401961024,-0.22999044137350927
-0.3177288475956207,-0.31719613392972157,1.0305433186778947,-0.34150625353062486
-0.316649983162896,-0.31719613392972157,1.0305433186778947,-0.275590375981354
-0.3177837290537117,-0.31719613392972157,-0.05332845390476999,-0.2515604548668753
-0.3161310508756192,-0.31719613392972157,1.0305433186778947,-0.14048839075121522
-0.31780673197039333,-0.31719613392972157,1.0305433186778947,-0.40577254596926704
-0.3177805350572699,-0.31719613392972157,1.0305433186778947,-0.4002546355407316
-0.4025484021230574,-0.4200733381972126,-2.7630078853614317,-0.864347560027468
-0.3171176272380789,-0.31719613392972157,-0.05332845390476999,-0.17730983149548082
-0.3181233982906935,-0.31719613392972157,-0.5952643401961024,-0.4632089772481136
-0.3167746411586383,-0.31719613392972157,-0.05332845390476999,-0.24139283669960884
-0.3168096215619766,-0.31719613392972157,1.0305433186778947,-0.40345733879645496
-0.3168186814557298,-0.31719613392972157,-0.05332845390476999,-0.3225601414997793
-0.317761340367115,-0.31719613392972157,-0.05332845390476999,-0.3457025665313468
-0.3167984425744304,-0.31719613392972157,-0.05332845390476999,-0.39958901347854814
2.52462249825773,2.522214703853032,-1.6791361127787672,3.2021498451755575
-0.3176567062721423,-0.31719613392972157,1.0305433186778947,-0.3665780178728691
-0.31700338044227666,-0.31719613392972157,1.0305433186778947,-0.13919573341306185
3.6315166145448563,3.633288509941935,-2.2210719990700993,3.15095482656675
-0.3168176065530811,-0.31719613392972157,-0.5952643401961024,-0.29205728699797995
-0.3172884139132015,-0.31719613392972157,-0.05332845390476999,-0.5541580323534151
-0.3172970131343909,-0.31719613392972157,-0.05332845390476999,-0.2540975360604152
-0.3179060836866353,-0.31719613392972157,-0.05332845390476999,-0.38723159519366357
-0.31716845477760913,-0.31719613392972157,1.0305433186778947,-0.31029919018042856
-0.31827093635710046,-0.31719613392972157,-0.5952643401961024,-0.40825174698348665
-0.3181261623260758,-0.31719613392972157,-0.05332845390476999,-0.4717463036978582
-0.31757369307616024,-0.31719613392972157,-0.05332845390476999,-0.44756203543852524
-0.31678201191965777,-0.31719613392972157,-0.05332845390476999,-0.24450871968635168
-0.31734827063498067,-0.31719613392972157,1.0305433186778947,-0.47603908366411396
-0.317559412226685,-0.31719613392972157,-0.05332845390476999,-0.2838383015344971
-0.31728515849375116,-0.31719613392972157,1.0305433186778947,-0.24724838150751272
2.5163022910844086,2.522214703853032,-2.7630078853614317,1.1113827143744943
-0.3177817328059356,-0.31719613392972157,1.0305433186778947,-0.4027917167342715
-0.31785949433469124,-0.31719613392972157,1.0305433186778947,-0.38420253247590114
-0.31735898894996317,-0.31719613392972157,1.0305433186778947,-0.28226588999629554
-0.31718672812263665,-0.31719613392972157,-0.05332845390476999,-0.4779298361885771
-0.3172980573255353,-0.31719613392972157,-0.05332845390476999,-0.39581715512617505
-0.3173147336723419,-0.31719613392972157,1.0305433186778947,-0.2456759699693112
-0.31728236374686464,-0.31719613392972157,-0.05332845390476999,-0.3225408481066725
-0.3170986782399579,-0.31719613392972157,-0.05332845390476999,-0.31813230778177615
-0.31811323278278747,-0.31719613392972157,1.0305433186778947,-0.4544304833845344
-0.3176464179182193,-0.31719613392972157,-0.05332845390476999,-0.3098168553527594
-0.3165204727494826,-0.31719613392972157,-0.5952643401961024,-0.8546526299913174
-0.31708823632851363,-0.31719613392972157,1.0305433186778947,-0.14366215391727855
-0.31730432247240187,-0.31719613392972157,1.0305433186778947,-0.40169199332718575
-0.31776809689804947,-0.31719613392972157,-0.05332845390476999,-0.24230927287218026
-0.3169023395933011,-0.31719613392972157,1.0305433186778947,-0.3005656733580644
-0.31752406328529564,-0.31719613392972157,-0.05332845390476999,-0.26485360271743796
-0.3170946243213972,-0.31719613392972157,1.0305433186778947,-0.14460753017951017
-0.31715690725201195,-0.31719613392972157,-0.05332845390476999,-0.31728339848507836
-0.3167097784616667,-0.31719613392972157,1.0305433186778947,-0.35144235098061005
-0.31762387567410133,-0.31719613392972157,-0.05332845390476999,-0.2901375943838566
-0.3178020023987392,-0.31719613392972157,-0.05332845390476999,-0.24961182216309166
-0.31802588926470643,-0.31719613392972157,-0.05332845390476999,-0.4220947565375923
-0.3177647800555907,-0.31719613392972157,1.0305433186778947,-0.2447209470105262
-0.3178643160408582,-0.31719613392972157,-0.05332845390476999,-0.3721731018738316
-0.3175711133098034,-0.31719613392972157,-0.5952643401961024,-0.3095467478492646
-0.3172370028550905,-0.31719613392972157,-0.05332845390476999,-0.1955710280710362
-0.31681717659202163,-0.31719613392972157,-0.5952643401961024,-0.24516469505198177
-0.31763560746872405,-0.31719613392972157,-0.05332845390476999,-0.3678417351213623
-0.3176604837871648,-0.31719613392972157,-0.05332845390476999,-0.4119464317634326
-0.31776809689804947,-0.31719613392972157,0.4886074323865624,-0.4012289518926233
-0.3169159755011871,-0.31719613392972157,1.0305433186778947,-0.19882196480952657
-0.3163003941100421,-0.31719613392972157,-0.05332845390476999,-0.4003125157200519
-0.3180332293142216,-0.31719613392972157,0.4886074323865624,-0.4278924211661759
-0.31678968979571975,-0.31719613392972157,-0.05332845390476999,-0.25446411052944373
-0.31781103158098806,-0.31719613392972157,0.4886074323865624,-0.3806332547511491
-0.31754365722500577,-0.31719613392972157,-0.5952643401961024,-0.41009426602518295
-0.3168188657247552,-0.31719613392972157,1.0305433186778947,-0.39948289981646085
2.524645716154941,2.522214703853032,-1.6791361127787672,3.2207100893442675
-0.317325022026265,-0.31719613392972157,-0.05332845390476999,-0.4005343897407797
-0.31711375758854365,-0.31719613392972157,-0.5952643401961024,-0.22102866027541584
-0.3176347475466051,-0.31719613392972157,-0.05332845390476999,-0.30494527359330065
-0.31738690570732453,-0.31719613392972157,1.0305433186778947,-0.26612696666248464
-0.31828368163136334,-0.31719613392972157,-0.05332845390476999,-0.4001774619683045
-0.31776342874940383,-0.31719613392972157,-0.5952643401961024,-0.4008237906373812
-0.31709898535500036,-0.31719613392972157,-0.05332845390476999,-0.13579044952971747
-0.31763984565631026,-0.31719613392972157,1.0305433186778947,-0.3184120619818243
-0.3173635649640961,-0.31719613392972157,1.0305433186778947,-0.23586527957451994
-0.31718651314210694,-0.31719613392972157,1.0305433186778947,-0.18836494574565862
-0.31718086222532527,-0.31719613392972157,-0.05332845390476999,-0.2013011658237461
3.631590506424077,3.633288509941935,-2.7630078853614317,3.1509934133529636
-0.317167072759918,-0.31719613392972157,-0.05332845390476999,-0.43818544638863627
-0.31761524574140765,-0.31719613392972157,-0.5952643401961024,-0.3272580827212771
-0.31714873799188203,-0.31719613392972157,0.4886074323865624,-0.43325598444985725
2.5245811912845166,2.522214703853032,-2.7630078853614317,3.2068574330936084
-0.3176985046294238,-0.31719613392972157,1.0305433186778947,-0.313376486380958
-0.31768833912151767,-0.31719613392972157,1.0305433186778947,-0.31822877474730993
-0.31680584404695417,-0.29662069307622335,-0.05332845390476999,-0.09555407820555399
-0.31680805527526,-0.31719613392972157,-0.05332845390476999,-0.09136741190138542
-0.3178007125155608,-0.31719613392972157,1.0305433186778947,-0.4071713169695077
3.693016923896859,3.6950148325024297,-1.6791361127787672,3.1481572845662686
-0.318259480966016,-0.31719613392972157,-0.5952643401961024,-0.5543220261948226
-0.31776471863258227,-0.31719613392972157,-0.05332845390476999,-0.3946306114501089
-0.3169996029272542,-0.31719613392972157,1.0305433186778947,-0.33472462585359614
-0.31713286014418585,-0.31719613392972157,0.4886074323865624,-0.49268928191525424
-0.31711646020091744,-0.31719613392972157,-0.05332845390476999,-0.15682989471264722
-0.31741258052487575,-0.31719613392972157,-0.05332845390476999,-0.4308153702218511
-0.31776831187857923,-0.31719613392972157,-0.05332845390476999,-0.40189457395480677
-0.31681370619204163,-0.31719613392972157,-0.5952643401961024,-0.09054744269434793
-0.31684189935294116,-0.31719613392972157,1.0305433186778947,-0.1209248901409532
-0.3171580435776691,-0.31719613392972157,-0.05332845390476999,-0.2588822975508934
-0.31813347166408684,-0.31719613392972157,-0.05332845390476999,-0.460025567385497
-0.3171373747353103,-0.31719613392972157,-0.05332845390476999,-0.43106618433223914
-0.31717164877405096,-0.31719613392972157,-0.05332845390476999,-0.22351750798618877
-0.31729237569724944,-0.31719613392972157,0.4886074323865624,-0.24808764410765713
-0.31698231235036256,-0.31719613392972157,1.0305433186778947,-0.2258713019452145
-0.31729338917688965,-0.31719613392972157,-0.5952643401961024,-0.24496211442436078
-0.3168191421282935,-0.31719613392972157,-0.05332845390476999,-0.24294595484470358
-0.31697841198932314,-0.31719613392972157,1.0305433186778947,-0.10960931508383404
-0.3180752426520328,-0.31719613392972157,-0.05332845390476999,-0.4514400074529855
-0.317203987988024,-0.31719613392972157,-0.05332845390476999,-0.16072716012021426
-0.31696035362482533,-0.31719613392972157,-0.5952643401961024,-0.12703124905924504
-0.31710626398150715,-0.31719613392972157,1.0305433186778947,-0.24478847388639982
-0.31729449479104255,-0.31719613392972157,1.0305433186778947,-0.24549268273479685
-0.3173897925887238,-0.31719613392972157,-0.05332845390476999,-0.3895371556699223
3.693003134431452,3.6950148325024297,-1.6791361127787672,3.153163920077475
3.6315837498931423,3.633288509941935,-2.2210719990700993,3.1501155639666054
-0.31716747200947326,-0.31719613392972157,-0.5952643401961024,-0.485116625120848
-0.31780077393856926,-0.31719613392972157,-0.05332845390476999,-0.4067950958039257
3.693011487960607,3.6950148325024297,-2.7630078853614317,3.144443306393216
-0.3168024350699826,-0.31719613392972157,-0.05332845390476999,-0.39928996588539317
-0.317056695613651,-0.31719613392972157,-0.5952643401961024,-0.17167616070830471
-0.3170111504528514,-0.31719613392972157,1.0305433186778947,-0.34386969418620383
-0.31716056192101744,-0.31719613392972157,1.0305433186778947,-0.40709414339708067
-0.3168188657247552,-0.31719613392972157,-0.5952643401961024,-0.09114553788065764
-0.3175583373240363,-0.31719613392972157,-0.05332845390476999,-0.2824684706239166
-0.31764334676779454,-0.31719613392972157,-0.05332845390476999,-0.29860739395772756
-0.3179716834597089,-0.31719613392972157,-0.5952643401961024,-0.41478256055012747
-0.3169540577664545,-0.31719613392972157,-0.5952643401961024,-0.37798041319896863
-0.31717920380409587,-0.31719613392972157,1.0305433186778947,-0.3260136588658906
-0.31778277699708,-0.31719613392972157,1.0305433186778947,-0.39959866017510154
-0.3168200941849252,-0.31719613392972157,1.0305433186778947,-0.39940572624403387
-0.3174543481706529,-0.31719613392972157,1.0305433186778947,-0.2503642644942557
-0.3177215689691139,-0.31719613392972157,-0.05332845390476999,-0.3712373723081534
-0.31725748742842386,-0.31719613392972157,-0.5952643401961024,-0.1899855907666271
-0.3177516969547811,-0.31719613392972157,0.4886074323865624,-0.35283147528429726
-0.31729025660345633,-0.31719613392972157,-0.05332845390476999,-0.24595572416935935
-0.3175773170336615,-0.31719613392972157,-0.05332845390476999,-0.3004209729097636
-0.31779466234922393,-0.31719613392972157,-0.05332845390476999,-0.40043792277524587
-0.317851785747125,-0.31719613392972157,-0.05332845390476999,-0.37771030569547387
-0.3168965965420067,-0.31719613392972157,0.4886074323865624,-0.1920692772221579
-0.3171522698148705,-0.31719613392972157,0.4886074323865624,-0.40567607900373326
-0.31812600876855457,-0.31719613392972157,-0.05332845390476999,-0.4740808042637771
-0.31781275142522597,-0.31719613392972157,-0.5952643401961024,-0.3751539311088272
-0.31735121893938845,-0.31719613392972157,1.0305433186778947,-0.30437611849665097
-0.3177739935068651,-0.31719613392972157,-0.05332845390476999,-0.39963724696131503
-0.31734977549868876,-0.31719613392972157,-0.05332845390476999,-0.23808401978179813
-0.3178716253788692,-0.31719613392972157,-0.05332845390476999,-0.37542403861232193
-0.3171081988062747,-0.31719613392972157,-0.05332845390476999,-0.31705187776779714
-0.31756472531691987,-0.31719613392972157,1.0305433186778947,-0.3833825632688635
-0.3170718363852453,-0.31719613392972157,-0.5952643401961024,-0.32972763703894337
-0.3168066118345603,-0.31719613392972157,-0.05332845390476999,-0.2434282896723727
-0.31713543991054266,-0.31719613392972157,-0.5952643401961024,-0.17947069152343878
4.486467554428106,4.49745702578886,-2.7630078853614317,0.5238506607906601
-0.3171312938574692,-0.31719613392972157,1.0305433186778947,-0.46788762507650467
3.6310786992057853,3.633288509941935,-1.6791361127787672,3.1446073002346235
-0.3173272639660751,-0.31719613392972157,-0.5952643401961024,-0.1983396299818573
-0.31729427981051284,-0.31719613392972157,0.4886074323865624,-0.3904921786287073
-0.3171256736521918,-0.31719613392972157,-0.5952643401961024,-0.2864911430866776
-0.31714336347863864,-0.31719613392972157,-0.5952643401961024,-0.35900536107846287
-0.3177672676874348,-0.31719613392972157,0.4886074323865624,-0.3977850812230654
-0.31742474228055795,-0.31719613392972157,1.0305433186778947,-0.4496553685906095
-0.3177048004877946,-0.31719613392972157,0.4886074323865624,-0.3214893581823537
-0.3169280758338608,-0.31719613392972157,-0.05332845390476999,-0.17548660584689135
-0.3168154260362795,-0.31719613392972157,-0.5952643401961024,-0.25569888768827687
-0.31760489596447616,-0.31719613392972157,-0.5952643401961024,-0.3333451482464623
-0.31649470579741856,-0.31719613392972157,-0.5952643401961024,-0.08446037716916276
-0.31679831972841344,-0.31719613392972157,1.0305433186778947,-0.2443736659346043
-0.3170351975606775,-0.31719613392972157,-0.5952643401961024,-0.20584475990038983
2.516320748698462,2.522214703853032,-2.7630078853614317,1.110418044719156
-0.3172867554919721,-0.31719613392972157,1.0305433186778947,-0.24874361947328721
-0.31736218294640495,-0.31719613392972157,1.0305433186778947,-0.4589547840680714
4.548377401689254,4.559183348349355,-1.6791361127787672,0.3683169722604547
-0.31777212010510597,-0.31719613392972157,-0.05332845390476999,-0.24449907298979828
-0.3171261343247555,-0.31719613392972157,-0.5952643401961024,-0.22600635569696184
-0.3175818009132817,-0.31719613392972157,1.0305433186778947,-0.28806355462487915
-0.3177803507882444,-0.31719613392972157,-0.5952643401961024,-0.24575314354173822
-0.3173982075408877,-0.31719613392972157,0.4886074323865624,-0.3556965441606523
-0.3173775386985289,-0.31719613392972157,-0.05332845390476999,-0.4351177968846603
-0.3177947237722324,-0.31719613392972157,0.4886074323865624,-0.399762654016509
-0.31800737022764497,-0.31719613392972157,1.0305433186778947,-0.2723587326359705
-0.3173527545146008,-0.31719613392972157,0.4886074323865624,-0.321547238361674
-0.3171054347708924,-0.31719613392972157,0.4886074323865624,-0.2151152352881916
-0.3172981187485438,-0.31719613392972157,1.0305433186778947,-0.3947367251121961
-0.3177917754678246,-0.31719613392972157,1.0305433186778947,-0.34412050829659185
-0.3178328367490041,-0.31719613392972157,1.0305433186778947,-0.4103933136183378
-0.31780685481641036,-0.31719613392972157,-0.05332845390476999,-0.39907773856121875
-0.317789840643057,-0.31719613392972157,-0.5952643401961024,-0.5504247607872557
-0.3175309733737514,-0.31719613392972157,-0.05332845390476999,-0.3924697514221509
-0.31714142865387096,-0.31719613392972157,-0.05332845390476999,-0.3537864982430823
-0.31703138933415076,-0.31719613392972157,1.0305433186778947,-0.1833004300551322
-0.31733469615010307,-0.31719613392972157,-0.05332845390476999,-0.2166780001298397
-0.31680160585936795,-0.31719613392972157,-0.5952643401961024,-0.39434121055350735
-0.3171476016662248,-0.31719613392972157,-0.05332845390476999,-0.14240808336533864
-0.31763020224397637,-0.31719613392972157,0.4886074323865624,-0.3121224158290181
-0.3175681035823872,-0.31719613392972157,1.0305433186778947,-0.3956821013744277
-0.31766223434290697,-0.31719613392972157,1.0305433186778947,-0.3080900966697037
2.5246362263001285,2.522214703853032,-1.6791361127787672,3.2223403810617897
-0.31768204326314686,-0.31719613392972157,1.0305433186778947,-0.31783326018862124
-0.3168150882097328,-0.31719613392972157,-0.05332845390476999,-0.24993016314935337
-0.3173117853679341,-0.31719613392972157,1.0305433186778947,-0.21226945980494338
-0.3176754095782293,-0.31719613392972157,-0.05332845390476999,-0.3249332288519116
-0.31777325643076315,-0.31719613392972157,1.0305433186778947,-0.24805870401799696
-0.3172875847025868,-0.31719613392972157,-0.5952643401961024,-0.4065056949073242
-0.3178441385825673,-0.31719613392972157,1.0305433186778947,-0.3798325789372183
3.6315575836915235,3.633288509941935,-2.7630078853614317,3.1516976222013606
-0.31729765807598004,-0.31719613392972157,0.4886074323865624,-0.24925489439061652
2.52458960623668,2.522214703853032,-1.6791361127787672,3.2199287069234432
-0.31728872102824396,-0.31719613392972157,0.4886074323865624,-0.4099977990596491
-0.31764472878548566,-0.31719613392972157,-0.5952643401961024,-0.30123129542024785
-0.3173490077110826,-0.31719613392972157,0.4886074323865624,-0.355011628705362
-0.3170624386649454,-0.31719613392972157,0.4886074323865624,-0.36315344059641785
-0.3173043531839061,-0.31719613392972157,-0.05332845390476999,-0.5638819024792259
-0.317189492158019,-0.31719613392972157,-0.5952643401961024,-0.4256640342623442
-0.31793949780325703,-0.31719613392972157,-0.05332845390476999,-0.40471140934839483
-0.3168497307865244,-0.31719613392972157,0.4886074323865624,-0.08157601489970108
-0.31763066291654013,-0.31719613392972157,0.4886074323865624,-0.30224419855835316
-0.3167885841815668,-0.31719613392972157,1.0305433186778947,-0.10071506086161434
-0.3168414693918817,-0.31719613392972157,-0.05332845390476999,-0.32836745282491625
-0.31719978051194203,-0.31719613392972157,-0.5952643401961024,-0.19709520612647088
-0.3167852980506123,-0.31719613392972157,-0.05332845390476999,-0.39980124080272256
-0.3178655752125324,-0.31719613392972157,1.0305433186778947,-0.374044561005188
-0.31815309631530125,-0.31719613392972157,-0.05332845390476999,-0.4693249828629589
-0.3177810878643464,-0.31719613392972157,1.0305433186778947,-0.39938643285092706
-0.3174658956962501,-0.31719613392972157,-0.5952643401961024,-0.4046921159552881
-0.3171056190399179,-0.31719613392972157,-0.05332845390476999,-0.2742880719466472
2.524671360260988,2.522214703853032,-2.7630078853614317,3.2210766638132964
-0.3171118841867845,-0.31719613392972157,-0.05332845390476999,-0.15196795964974194
-0.3182840194579101,-0.31719613392972157,0.4886074323865624,-0.5500099528354602
-0.31778004367320195,-0.31719613392972157,-0.5952643401961024,-0.4102775532596972
-0.31731147825289163,-0.31719613392972157,-0.5952643401961024,-0.30378767000689455
-0.3176527751995986,-0.31719613392972157,-0.5952643401961024,-0.3103956571459624
-0.317518903752582,-0.31719613392972157,-0.05332845390476999,-0.3496384187251273
-0.3174996783509228,-0.31719613392972157,1.0305433186778947,-0.28967455294929423
-0.31712837626456564,-0.31719613392972157,1.0305433186778947,-0.15332814386376906
3.6929437690937403,3.6950148325024297,-3.304943771652764,3.147018974372969
2.5246346293019077,2.522214703853032,-2.2210719990700993,3.2198225932613562
-0.31776137107861924,-0.31719613392972157,0.4886074323865624,-0.48716172479016534
-0.31717300008023785,-0.31719613392972157,-0.05332845390476999,-0.26242263518598524
-0.31783016484813453,-0.31719613392972157,1.0305433186778947,-0.42913684502156235
-0.3173961498701031,-0.31719613392972157,0.4886074323865624,-0.4762706043813951
-0.317966001831423,-0.31719613392972157,-0.05332845390476999,-0.43981573810615815
-0.31779653575098304,-0.31719613392972157,1.0305433186778947,-0.4023093819066023
-0.31708405956393587,-0.31719613392972157,1.0305433186778947,-0.26900168223539295
-0.31713448785391096,-0.31719613392972157,-0.05332845390476999,-0.2867226638039588
-0.3172911472370795,-0.31719613392972157,-0.05332845390476999,-0.09718436992307586
-0.3177884893368701,-0.31719613392972157,0.4886074323865624,-0.39536376038816606
-0.31761576783697987,-0.31719613392972157,-0.05332845390476999,-0.314659497022558
-0.3177367404522124,-0.31719613392972157,-0.05332845390476999,-0.34143872665475117
-0.3173735154914724,-0.31719613392972157,-0.05332845390476999,-0.24068862785121178
-0.3169045508216069,-0.31719613392972157,1.0305433186778947,-0.3212771308581792
2.5163069592330545,2.522214703853032,-2.2210719990700993,1.098002746254951
-0.31775209620433637,-0.31719613392972157,0.4886074323865624,-0.35709531516089293
-0.31744780662024813,-0.31719613392972157,-0.5952643401961024,-0.3310878212529704
-0.3179207330741616,-0.31719613392972157,1.0305433186778947,-0.4167504866470177
-0.3171977842641659,-0.31719613392972157,0.4886074323865624,-0.26993741180107117
-0.31788480061419155,-0.31719613392972157,-0.05332845390476999,-0.4494334945698817
-0.3172974738069546,-0.31719613392972157,0.4886074323865624,-0.20629815463839893
3.6930188894331306,3.6950148325024297,-1.6791361127787672,3.1461700650762716
-0.31808869429089337,-0.31719613392972157,1.0305433186778947,-0.44459085290008304
-0.317786370243077,-0.31719613392972157,1.0305433186778947,-0.3991934989198594
-0.3170774258790183,-0.31719613392972157,0.4886074323865624,-0.41926827444745085
-0.3171866052766197,-0.31719613392972157,0.4886074323865624,-0.41016179290105664
-0.31739513639046296,-0.31719613392972157,-0.5952643401961024,-0.2937551055913755
-0.3168508671121815,-0.31719613392972157,-0.5952643401961024,-0.3689414585284481
-0.3170063594581887,-0.31719613392972157,1.0305433186778947,-0.24899443358367518
-0.31728331580349634,-0.31719613392972157,0.4886074323865624,-0.3906561724701148
-0.3166415682107321,-0.31719613392972157,1.0305433186778947,-0.09941275682690745
-0.3173037389538212,-0.31719613392972157,-0.05332845390476999,-0.24571455675552464
2.524674062873362,2.522214703853032,-1.6791361127787672,3.2094041609837016
-0.31616904100637383,-0.31719613392972157,0.4886074323865624,-0.21700598781265482
-0.31739648769664985,-0.31719613392972157,-0.05332845390476999,-0.2278681681317649
-0.31729498617511054,-0.31719613392972157,-0.05332845390476999,-0.24504893469334116
-0.3172967674423569,-0.31719613392972157,-0.05332845390476999,-0.2461968915831939
-0.3180431491300938,-0.31719613392972157,-0.5952643401961024,-0.43529143742262116
-0.3174568050909927,-0.31719613392972157,-0.05332845390476999,-0.28797673435589866
-0.3172733959876243,-0.31719613392972157,0.4886074323865624,-0.24453765977601186
-0.317189492158019,-0.31719613392972157,-0.5952643401961024,-0.3071350737109187
-0.31719345394206694,-0.31719613392972157,-0.05332845390476999,-0.1587881741129842
-0.3172783712513124,-0.31719613392972157,1.0305433186778947,-0.24591713738314577
-0.3177735635458056,-0.31719613392972157,-0.5952643401961024,-0.40306182423776626
-0.31727726563715947,-0.31719613392972157,-0.5952643401961024,-0.4015183527892249
-0.3170302530084936,-0.31719613392972157,1.0305433186778947,-0.45257831764628476
-0.31671386309173166,-0.31719613392972157,1.0305433186778947,-0.21029188701149976
-0.31758235372035815,-0.31719613392972157,0.4886074323865624,-0.43732689039538514
-0.3170880213479839,-0.31719613392972157,-0.5952643401961024,-0.18904021450439548
-0.3174395145141012,-0.31719613392972157,1.0305433186778947,-0.2495925287699849
-0.3168157024398177,-0.31719613392972157,1.0305433186778947,-0.2502099173494015
2.5246292240771604,2.522214703853032,-1.6791361127787672,3.2056612427209887
-0.31778246988203757,-0.31719613392972157,1.0305433186778947,-0.3998205341958293
-0.3171617596696831,-0.31719613392972157,-0.5952643401961024,-0.1633221214930745
-0.3177452782503933,-0.31719613392972157,-0.05332845390476999,-0.4000231148234504
-0.3169843700211472,-0.31719613392972157,-0.5952643401961024,-0.23030878235977087
-0.31828414230392704,-0.31719613392972157,-0.5952643401961024,-0.5495083246146842
-0.3173181426493134,-0.31719613392972157,-0.05332845390476999,-0.2125878007912051
-0.31738318961531053,-0.31719613392972157,-0.05332845390476999,-0.225282853455458
-0.3173830360577893,-0.31719613392972157,-0.05332845390476999,-0.32428690018283496
-0.3171031621195781,-0.31719613392972157,-0.05332845390476999,-0.28572905405896026
-0.3176102704777195,-0.31719613392972157,0.4886074323865624,-0.304125304386263
3.0701405984363377,3.0777516068974835,-1.6791361127787672,-0.07171709102214285
-0.31746463652457596,-0.31719613392972157,1.0305433186778947,-0.24980475609415942
-0.31728638695392114,-0.31719613392972157,0.4886074323865624,-0.24032205338218324
-0.3175241861313126,-0.31719613392972157,-0.5952643401961024,-0.2750501609743645
-0.3173036775308127,-0.31719613392972157,0.4886074323865624,-0.2519945562117774
-0.31730014570782417,-0.31719613392972157,-0.5952643401961024,-0.39852787685767593
-0.31729572325121247,-0.31719613392972157,1.0305433186778947,-0.24589784399003897
-0.3171628345723318,-0.31719613392972157,0.4886074323865624,-0.16528040089341137
-0.31715543309980804,-0.31719613392972157,-0.05332845390476999,-0.26500794986229215
-0.31715484958122736,-0.31719613392972157,-0.5952643401961024,-0.33962514770271507
-0.31682350316189667,-0.31719613392972157,1.0305433186778947,-0.40441236175524
2.5246006930897136,2.522214703853032,-1.6791361127787672,3.203365328941284
-0.3169731603220967,-0.31719613392972157,-0.05332845390476999,-0.4191911008750238
-0.3181769591541019,-0.31719613392972157,0.4886074323865624,-0.4627169957238911
-0.3171477859352503,-0.31719613392972157,-0.05332845390476999,-0.4660161659451483
-0.317142042883956,-0.31719613392972157,1.0305433186778947,-0.2554673669709957
-0.31714922937595,-0.31719613392972157,-0.5952643401961024,-0.42160277501336973
-0.31827345470044877,-0.31719613392972157,0.4886074323865624,-0.4043544815759197
-0.3177777095988791,-0.31719613392972157,0.4886074323865624,-0.40460529568630765
-0.31820948263710036,-0.31719613392972157,-0.05332845390476999,-0.48592694763133226
-0.31706787460119723,-0.31719613392972157,-0.05332845390476999,-0.46024744140622487
2.524688527991863,2.522214703853032,-3.304943771652764,3.2184334689576692
-0.3174651586201481,-0.31719613392972157,-0.5952643401961024,-0.26562533844170866
-0.3169793640459548,-0.31719613392972157,1.0305433186778947,-0.37850133481285136
-0.3171431484981089,-0.31719613392972157,-0.05332845390476999,-0.43548437135368884
-0.31738386526840395,-0.31719613392972157,-0.5952643401961024,-0.4223069838617667
-0.31715524883078255,-0.31719613392972157,0.4886074323865624,-0.3812602900271191
-0.31718218282000793,-0.31719613392972157,-0.5952643401961024,-0.38240824691697173
-0.31778329909265224,-0.31719613392972157,-0.05332845390476999,-0.4011324849270895
-0.3168220904327013,-0.31719613392972157,-0.05332845390476999,0.05353561702699107
-0.31615482157990704,-0.31719613392972157,-0.05332845390476999,-0.2105716412115479
-0.31711440253013284,-0.31719613392972157,-0.5952643401961024,-0.26246122197219884
-0.31680691894960283,-0.31719613392972157,-0.05332845390476999,-0.2543869369570167
-0.3169488982337409,-0.31719613392972157,1.0305433186778947,-0.45377450801890434
-0.31761533787592044,-0.31719613392972157,1.0305433186778947,-0.2948355356053545
-0.31720705913844877,-0.31719613392972157,0.4886074323865624,-0.26349341850341085
2.5246132848064553,2.522214703853032,-2.7630078853614317,3.1967669884987693
-0.3170819097586386,-0.31719613392972157,-0.05332845390476999,-0.13197035769457746
-0.3162862668180881,-0.31719613392972157,-0.05332845390476999,0.06511165289105157
-0.3177788766360405,-0.31719613392972157,1.0305433186778947,-0.42272179181356223
-0.3178495130958107,-0.31719613392972157,-0.05332845390476999,-0.38707724804880944
-0.31641264465806823,-0.31719613392972157,-0.05332845390476999,-0.4792128468301772
-0.317745861768974,-0.31719613392972157,1.0305433186778947,-0.34284714435154523
-0.31788262009738993,-0.31719613392972157,0.4886074323865624,-0.3838745447930861
-0.3171605004980089,-0.31719613392972157,1.0305433186778947,-0.39062723238045466
-0.31771754576205746,-0.31719613392972157,-0.05332845390476999,-0.32433513366560185
-0.31678944410368576,-0.31719613392972157,1.0305433186778947,-0.25324862676371734
-0.31680473843280116,-0.31719613392972157,-0.05332845390476999,-0.2540300091845414
-0.3177740242183693,-0.31719613392972157,1.0305433186778947,-0.40366956612062943
-0.31755889013111277,-0.31719613392972157,-0.05332845390476999,-0.2988196212819019
2.5163398205425995,2.522214703853032,-1.6791361127787672,1.0920410877849602
-0.31777767888737485,-0.31719613392972157,1.0305433186778947,-0.39950219320956765
-0.31775716360253725,-0.31719613392972157,-0.05332845390476999,-0.3925758650842382
-0.31708845130904334,-0.31719613392972157,-0.5952643401961024,-0.14580372055212973
-0.31718442475981806,-0.31719613392972157,-0.5952643401961024,-0.3211420771064319
-0.3172921300052155,-0.31719613392972157,1.0305433186778947,-0.2502002706528481
-0.3180266570523126,-0.31719613392972157,-0.05332845390476999,-0.4315871059461219
-0.3172991936511925,-0.31719613392972157,1.0305433186778947,-0.24902337367333535
-0.3169458270833161,-0.31719613392972157,-0.05332845390476999,-0.3499374663182822
-0.31678591228069725,-0.31719613392972157,1.0305433186778947,-0.09444470810191483
-0.3176099940741813,-0.31719613392972157,1.0305433186778947,-0.3535356841326943
-0.31689877705880826,-0.31719613392972157,-0.5952643401961024,-0.22407701638628505
3.693024632484425,3.6950148325024297,-1.6791361127787672,3.1501155639666054
-0.3176326898758205,-0.31719613392972157,0.4886074323865624,-0.29316665710161915
-0.31716575216523535,-0.31719613392972157,0.4886074323865624,-0.32686256816258835
-0.3168601726979687,-0.31719613392972157,1.0305433186778947,-0.059195678895850874
-0.3177245786965302,-0.31719613392972157,1.0305433186778947,-0.3941096898362262
3.6930501537444553,3.6950148325024297,-2.2210719990700993,2.8509522104530705
-0.31689441602520513,-0.31719613392972157,-0.5952643401961024,-0.2396081978372328
-0.3173016198600281,-0.31719613392972157,-0.05332845390476999,-0.24658275944532923
-0.31632778877183126,-0.31719613392972157,-0.05332845390476999,-0.2474413154385803
-0.31799622195160293,-0.31719613392972157,-0.05332845390476999,-0.4146668001914869
-0.3173049674139911,-0.31719613392972157,-0.05332845390476999,-0.39478495859496304
-0.31715269977592997,-0.31719613392972157,0.4886074323865624,-0.2543869369570167
-0.31702902454832366,-0.31719613392972157,-0.5952643401961024,-0.12324009731376519
-0.31727981469201205,-0.31719613392972157,-0.05332845390476999,-0.24102626223058016
-0.316467372558638,-0.29662069307622335,-0.05332845390476999,-0.3845691069449297
2.5246701318008182,2.522214703853032,-2.7630078853614317,3.2103977707287004
-0.31729563111669973,-0.31719613392972157,1.0305433186778947,-0.5526820877807475
-0.3180981227226975,-0.31719613392972157,-0.05332845390476999,-0.45273266479113894
-0.3177750069865053,-0.31719613392972157,-0.05332845390476999,-0.40232867529970906
2.516303304564049,2.522214703853032,-1.6791361127787672,0.9089660805948441
-0.3169850456742407,-0.31719613392972157,-0.05332845390476999,-0.26866404785602455
-0.31779404811913897,-0.31719613392972157,0.4886074323865624,-0.402878537003252
-0.31714253426802397,-0.31719613392972157,-0.5952643401961024,-0.21283861490159303
-0.31697441949377086,-0.31719613392972157,1.0305433186778947,-0.12231401444464036
-0.31793443040505615,-0.31719613392972157,-0.5952643401961024,-0.47762114189886884
-0.3173044760299231,-0.31719613392972157,-0.5952643401961024,-0.24584961050727203
-0.31803163231600073,-0.31719613392972157,1.0305433186778947,-0.4303040953045218
-0.31744525756539554,-0.31719613392972157,1.0305433186778947,-0.25183056237037
-0.3168067653920816,-0.31719613392972157,1.0305433186778947,-0.4026663096790775
-0.3172667008796982,-0.31719613392972157,-0.05332845390476999,-0.24755707579722103
-0.3169330818090532,-0.31719613392972157,-0.05332845390476999,-0.3108104650977579
-0.31751859663753956,-0.31719613392972157,-0.05332845390476999,-0.42195005608929154
-0.3174895128430168,-0.31719613392972157,1.0305433186778947,-0.26765114471791923
-0.3173671582100931,-0.31719613392972157,1.0305433186778947,-0.3782601673990167
-0.31762019029359156,-0.31719613392972157,-0.5952643401961024,-0.3137237674568798
3.6925168791846943,3.6950148325024297,-2.7630078853614317,3.1493341815457816
-0.3172995621892435,-0.31719613392972157,1.0305433186778947,-0.39986876767859625
-0.3167868643373289,-0.31719613392972157,-0.05332845390476999,-0.1589714613474984
-0.3175202857702732,-0.31719613392972157,-0.5952643401961024,-0.25609440224696556
-0.31679263810012753,-0.31719613392972157,-0.5952643401961024,-0.0923706683429374
-0.31730521310602505,-0.31719613392972157,-0.05332845390476999,-0.2500555702045474
-0.31791250239102314,-0.31719613392972157,-0.5952643401961024,-0.4820875624030855
-0.31827118204913446,-0.31719613392972157,0.4886074323865624,-0.5534827635946783
-0.3180456674734421,-0.31719613392972157,-0.05332845390476999,-0.4310951244218993
-0.3169924778582687,-0.31719613392972157,0.4886074323865624,-0.25566994759861666
-0.3171778217864048,-0.31719613392972157,-0.05332845390476999,-0.4411083954443115
-0.3163113274055544,-0.31719613392972157,0.4886074323865624,-0.4038046198723768
-0.3177775560413579,-0.31719613392972157,-0.5952643401961024,-0.35672874069186433
-0.3171704817368895,-0.31719613392972157,1.0305433186778947,-0.42411091611724944
-0.31803878809649055,-0.31719613392972157,1.0305433186778947,-0.42405303593792915
-0.31688452692083724,-0.31719613392972157,-0.05332845390476999,-0.24664063962464947
-0.3181469233029474,-0.31719613392972157,-0.05332845390476999,-0.4665949677383513
-0.3173506968438162,-0.31719613392972157,0.4886074323865624,-0.21144949059790574
-0.31714170505740924,-0.31719613392972157,1.0305433186778947,-0.15068494900814183
-0.31713304441321133,-0.31719613392972157,-0.05332845390476999,-0.27069950082878846
-0.31777678825375166,-0.31719613392972157,-0.05332845390476999,-0.3988365711473842
-0.31777555979358174,-0.31719613392972157,-0.05332845390476999,-0.39998452803723683
-0.31751785956143763,-0.31719613392972157,0.4886074323865624,-0.30394201715174873
-0.3176508710863352,-0.31719613392972157,0.4886074323865624,-0.3611565744098674
2.5246558816628473,2.522214703853032,-1.6791361127787672,3.2060664039762314
-0.31712275605928825,-0.31719613392972157,-0.5952643401961024,-0.40609088695552875
-0.31775897558128785,-0.31719613392972157,-0.05332845390476999,-0.4026952497687376
-0.3173099733891835,-0.31719613392972157,-0.05332845390476999,-0.2524190108601263
-0.31780820612259725,-0.31719613392972157,-0.05332845390476999,-0.4036985062102895
-0.31732714112005805,-0.31719613392972157,-0.5952643401961024,-0.20213078172733714
-0.31780544208721495,-0.31719613392972157,0.4886074323865624,-0.560013577161319
-0.3171148324911923,-0.31719613392972157,-0.5952643401961024,-0.32961187668030273
-0.31781591471016346,-0.31719613392972157,0.4886074323865624,-0.3718065274048031
-0.3177726729121824,-0.31719613392972157,-0.05332845390476999,-0.4003125157200519
-0.31631602626570426,-0.31719613392972157,-0.5952643401961024,-0.24226103938941332
-0.31749725214208724,-0.31719613392972157,0.4886074323865624,-0.2794779946923676
-0.3180677490449963,-0.31719613392972157,0.4886074323865624,-0.43867742791285885
-0.31679988601513004,-0.31719613392972157,-0.5952643401961024,-0.24635123872804807
2.4631880036593308,2.4604883812925373,-2.2210719990700993,3.2273952500557623
-0.31727963042298657,-0.31719613392972157,1.0305433186778947,-0.0960557064263299
-0.3172913929291135,-0.31719613392972157,-0.05332845390476999,-0.39641525031248487
-0.3173684480932715,-0.31719613392972157,1.0305433186778947,-0.25594970179866483
-0.3149953394485316,-0.31719613392972157,1.0305433186778947,-0.3977368477402984
-0.31718626745007295,-0.31719613392972157,0.4886074323865624,-0.1614313689686113
-0.31717554913509044,-0.31719613392972157,-0.5952643401961024,-0.17664420943329734
-0.31712269463627973,-0.31719613392972157,1.0305433186778947,-0.14617029502115828
-0.31695522480361593,-0.31719613392972157,1.0305433186778947,-0.20189926101005595
-0.3178119529261155,-0.31719613392972157,0.4886074323865624,-0.3481624741524596
-0.3178211663773899,-0.31719613392972157,1.0305433186778947,-0.3603462518993832
-0.31728712403002307,-0.31719613392972157,-0.05332845390476999,-0.2548596250881324
-0.31679322161870827,-0.31719613392972157,1.0305433186778947,-0.245975017562466
-0.31693314323206173,-0.31719613392972157,0.4886074323865624,-0.1577945643679856
-0.31785743666390665,-0.31719613392972157,1.0305433186778947,-0.3795045912544032
-0.3177947544837367,-0.31719613392972157,-0.05332845390476999,-0.4001871086648579
-0.31729821088305654,-0.31719613392972157,1.0305433186778947,-0.2502195640459549
-0.40231192354034856,-0.4200733381972126,-2.7630078853614317,-0.864347560027468
-0.31759663456983345,-0.31719613392972157,-0.05332845390476999,-0.48644786924521494
-0.31729080941053284,-0.31719613392972157,0.4886074323865624,-0.553299476360164
-0.31773173447702,-0.31719613392972157,1.0305433186778947,-0.35102754302881456
-0.3171475095317121,-0.31719613392972157,-0.05332845390476999,-0.33706877311606837
-0.3171927782889735,-0.31719613392972157,-0.5952643401961024,-0.33971196797169545
-0.3171898914075742,-0.31719613392972157,-0.05332845390476999,-0.29682275509535155
-0.3171741671173993,-0.31719613392972157,1.0305433186778947,-0.2780213435128067
2.5246854875529423,2.522214703853032,-1.6791361127787672,3.2006449605132294
-0.31735619420307665,-0.31719613392972157,-0.5952643401961024,-0.21887744694401126
-0.3173017734175493,-0.31719613392972157,-0.5952643401961024,-0.24993016314935337
3.6929992647819168,3.6950148325024297,-2.7630078853614317,3.14459765353807
-0.31779094625720994,-0.31719613392972157,0.4886074323865624,-0.39951183990612105
-0.3168058747584584,-0.31719613392972157,-0.05332845390476999,-0.3992031456164128
-0.31766223434290697,-0.31719613392972157,1.0305433186778947,-0.3688449915629142
-0.31729682886536537,-0.31719613392972157,0.4886074323865624,-0.24262761385844184
-0.317584933486715,-0.31719613392972157,0.4886074323865624,-0.2847257976174084
-0.31787098043728,-0.31719613392972157,1.0305433186778947,-0.3874148824281779
-0.3170296387784086,-0.31719613392972157,0.4886074323865624,-0.11502111185028235
-0.3174136554275244,-0.31719613392972157,-0.05332845390476999,-0.4555784402743871
-0.3177740549298736,-0.31719613392972157,-0.05332845390476999,-0.40400720049999783
-0.31778609383953876,-0.31719613392972157,1.0305433186778947,-0.25281452541881505
-0.3172916386211475,-0.31719613392972157,1.0305433186778947,-0.3992513790991797
-0.3176177333732518,-0.31719613392972157,-0.05332845390476999,-0.302716886689469
-0.3171591799033263,-0.31719613392972157,-0.5952643401961024,-0.16211628442390155
3.69254055775447,3.6950148325024297,-2.7630078853614317,3.1484466854628703
-0.3168044006062545,-0.31719613392972157,0.4886074323865624,-0.24802976392833678
2.524695714483857,2.522214703853032,-1.6791361127787672,3.2057770030796293
-0.31749442668369643,-0.31719613392972157,-0.05332845390476999,-0.2629724968895281
-0.3172918843131815,-0.31719613392972157,1.0305433186778947,-0.2508562460184782
-0.3178182180729821,-0.31719613392972157,1.0305433186778947,-0.40325475816883394
-0.3176597159995586,-0.31719613392972157,1.0305433186778947,-0.4540349688258457
2.524622467546225,2.522214703853032,-2.7630078853614317,3.210658231535642
-0.3177668377263753,-0.31719613392972157,1.0305433186778947,-0.3378790956265526
-0.3170039946723616,-0.31719613392972157,0.4886074323865624,-0.34515270482780386
-0.3178776755452061,-0.31719613392972157,-0.05332845390476999,-0.37712185720571745
-0.3171235545583987,-0.31719613392972157,1.0305433186778947,-0.15251782135328482
-0.31731218461748933,-0.31719613392972157,-0.5952643401961024,-0.3988269244508308
2.5163351216824497,2.522214703853032,-1.6791361127787672,1.1034434831110596
-0.317291454352122,-0.31719613392972157,-0.5952643401961024,-0.4028399502170384
-0.3171730615032463,-0.31719613392972157,1.0305433186778947,-0.2527566452394948
-0.31785955575769975,-0.31719613392972157,1.0305433186778947,-0.48993997339753986
-0.31728282441942834,-0.31719613392972157,1.0305433186778947,-0.24941888823202407
3.6315918884417684,3.633288509941935,-1.6791361127787672,3.296533124253864
-0.316763339325075,-0.31719613392972157,-0.05332845390476999,-0.046905787486840066
-0.31778959495102305,-0.31719613392972157,-0.5952643401961024,-0.3975921472919977
-0.31781591471016346,-0.31719613392972157,-0.5952643401961024,-0.36070317967185844
2.5246405566222276,2.522214703853032,-1.6791361127787672,3.2204592752338796
-0.3175806645876245,-0.31719613392972157,0.4886074323865624,-0.31818054126454304
-0.317273488122137,-0.31719613392972157,1.0305433186778947,-0.24878220625950065
-0.3177905470076547,-0.31719613392972157,-0.05332845390476999,-0.40872443511460244
-0.31720447937209195,-0.31719613392972157,1.0305433186778947,-0.16137348878929095
-0.3173198317820471,-0.31719613392972157,1.0305433186778947,-0.25506220571575355
-0.31699069659102225,-0.31719613392972157,-0.05332845390476999,-0.2814555674858113
-0.3170464686827365,-0.31719613392972157,-0.5952643401961024,-0.48195250865133815
-0.3177869230501535,-0.31719613392972157,-0.05332845390476999,-0.2502292107425083
3.631449878446126,3.633288509941935,-2.7630078853614317,3.143613690489625
2.524676274101668,2.522214703853032,-1.6791361127787672,3.2062400445141916
-0.31776582424673516,-0.31719613392972157,1.0305433186778947,-0.33760898812305784
-0.31717969518816386,-0.31719613392972157,-0.5952643401961024,-0.22194509644798727
3.6925432603668438,3.6950148325024297,-1.6791361127787672,3.147009327676416
-0.3171406608662648,-0.31719613392972157,-0.5952643401961024,-0.27160629030480654
-0.31692125787991776,-0.31719613392972157,-0.05332845390476999,-0.25369237480517304
-0.31716086903605994,-0.31719613392972157,-0.05332845390476999,-0.26888592187675237
-0.3173308572120721,-0.31719613392972157,-0.05332845390476999,-0.22441465076565356
2.5246499543425274,2.522214703853032,-2.7630078853614317,3.208960412942246
-0.3179273667590791,-0.31719613392972157,1.0305433186778947,-0.41477291385357407
-0.3177698167422874,-0.31719613392972157,1.0305433186778947,-0.4001967553614113
-0.31715174771929827,-0.31719613392972157,-0.05332845390476999,-0.14990356658731777
-0.317151839853811,-0.31719613392972157,0.4886074323865624,-0.15885570098885782
3.69252480275279,3.6950148325024297,-1.6791361127787672,3.1435268702206445
-0.31732480704573524,-0.31719613392972157,-0.5952643401961024,-0.40743177777644907
-0.31748432259879883,-0.31719613392972157,-0.05332845390476999,-0.25881477067501985
-0.31728859818222693,-0.31719613392972157,-0.05332845390476999,-0.244692006920866
-0.317207704080038,-0.31719613392972157,-0.05332845390476999,-0.16425785105875274
-0.3177904241616378,-0.31719613392972157,1.0305433186778947,-0.4042001344310655
-0.31758235372035815,-0.31719613392972157,1.0305433186778947,-0.2888449370457032
-0.3173131059626168,-0.31719613392972157,-0.05332845390476999,-0.2491777208181895
-0.31734513806154735,-0.31719613392972157,-0.05332845390476999,-0.2837225411758565
-0.3173951978134715,-0.31719613392972157,-0.05332845390476999,-0.2304245427184116
-0.3179774572225075,-0.31719613392972157,0.4886074323865624,-0.41894993346118925
-0.31728282441942834,-0.31719613392972157,0.4886074323865624,-0.39676253138840667
-0.3171376511388485,-0.31719613392972157,1.0305433186778947,-0.1786217822267411
-0.31794723710232753,-0.31719613392972157,-0.5952643401961024,-0.41130974979090934
-0.3173059194706228,-0.31719613392972157,-0.05332845390476999,-0.24993980984590677
-0.3178477932515728,-0.31719613392972157,1.0305433186778947,-0.38137605038575967
-0.3171421964414772,-0.31719613392972157,0.4886074323865624,-0.22108654045473605
-0.3169635169097629,-0.31719613392972157,-0.05332845390476999,-0.258920884337107
-0.31692171855248147,-0.31719613392972157,-0.05332845390476999,-0.08686240461095529
-0.3175970645308929,-0.31719613392972157,1.0305433186778947,-0.2886809432042957
-0.3177843739953009,-0.31719613392972157,-0.05332845390476999,-0.403003944058446
-0.3182658996704038,-0.31719613392972157,-0.05332845390476999,-0.39792013497481277
-0.31699106512907327,-0.31719613392972157,1.0305433186778947,-0.36704105930743147
-0.3178032001474049,-0.31719613392972157,-0.5952643401961024,-0.3618414898651577
-0.31689060779867834,-0.31719613392972157,1.0305433186778947,-0.19805022908525577
-0.31747225297762943,-0.31719613392972157,-0.05332845390476999,-0.2663102538969989
-0.3174365969211976,-0.31719613392972157,0.4886074323865624,-0.3654493543761232
-0.3177204019319525,-0.31719613392972157,0.4886074323865624,-0.40980486512858144
-0.3177847732448561,-0.31719613392972157,-0.05332845390476999,-0.550231826856188
-0.3175407703436065,-0.31719613392972157,-0.05332845390476999,-0.4480540169627478
-0.31733168642268683,-0.31719613392972157,1.0305433186778947,-0.4607201295373406
-0.31793968207228257,-0.31719613392972157,0.4886074323865624,-0.3953155269053992
-0.31760117987246217,-0.31719613392972157,-0.05332845390476999,-0.29602207928142066
-0.31716526078116736,-0.31719613392972157,0.4886074323865624,-0.18298208906887048
-0.3177847118218476,-0.31719613392972157,1.0305433186778947,-0.24611007131421336
-0.31662007015775856,-0.31719613392972157,1.0305433186778947,-0.2242217168345858
-0.31716952968025786,-0.31719613392972157,-0.05332845390476999,-0.1568877748919676
-0.3170074650723416,-0.31719613392972157,-0.05332845390476999,-0.11314000602237252
-0.31716056192101744,-0.31719613392972157,-0.05332845390476999,-0.1648462995485092
-0.31678898343112205,-0.31719613392972157,-0.5952643401961024,-0.4015279994857782
-0.31680320285758884,-0.31719613392972157,-0.05332845390476999,-0.4051069239070836
-0.3177384602964503,-0.31719613392972157,0.4886074323865624,-0.3404258235166459
3.7544588199677813,3.7567411550629246,-2.2210719990700993,3.147752123311027
-0.31680037739919803,-0.31719613392972157,-0.05332845390476999,-0.2502002706528481
-0.31722493323392104,-0.31719613392972157,1.0305433186778947,-0.38476204087599736
-0.31771659370542576,-0.31719613392972157,1.0305433186778947,-0.4723154587945078
-0.31711185347528026,-0.31719613392972157,1.0305433186778947,-0.21630177896425778
-0.31740456482226703,-0.31719613392972157,-0.05332845390476999,-0.3331329209222878
-0.3168085773708322,-0.31719613392972157,0.4886074323865624,-0.24508752147955473
-0.31771459745764963,-0.31719613392972157,1.0305433186778947,-0.3377343951782518
-0.31761718056617533,-0.31719613392972157,1.0305433186778947,-0.30481021984155326
3.69287826145518,3.6950148325024297,-2.7630078853614317,3.14576490382103
-0.31753247823745956,-0.31719613392972157,-0.5952643401961024,-0.2825167041066835
-0.3169372892851352,-0.31719613392972157,1.0305433186778947,-0.08277220527232065
-0.3175203779047859,-0.31719613392972157,-0.5952643401961024,-0.39279773910496596
-0.3171404458857351,-0.31719613392972157,-0.5952643401961024,-0.29618607312282824
-0.31717447423244177,-0.31719613392972157,-0.5952643401961024,-0.3791573101784814
-0.3162974765171386,-0.31719613392972157,0.4886074323865624,-0.24943818162513087
-0.31780169528369673,-0.31719613392972157,1.0305433186778947,-0.2533354470326978
-0.3170139451997379,-0.31719613392972157,-0.05332845390476999,-0.3614363286099156
-0.3177917754678246,-0.31719613392972157,-0.5952643401961024,-0.40559890543130617
-0.31633442245674875,-0.31719613392972157,-0.5952643401961024,-0.4033222850447076
-0.3174475916397184,-0.31719613392972157,1.0305433186778947,-0.23862423478878764
-0.317566230180628,-0.31719613392972157,-0.05332845390476999,-0.2822948300859557
-0.31689693436855343,-0.31719613392972157,1.0305433186778947,-0.15745692998861727
-0.31713774327336125,-0.31719613392972157,-0.05332845390476999,-0.3701858823838346
-0.3177968428660255,-0.31719613392972157,1.0305433186778947,-0.40710379009363407
-0.3167990260930111,-0.31719613392972157,1.0305433186778947,-0.24955394198377145
-0.3177926046784393,-0.31719613392972157,-0.05332845390476999,-0.4028688903066986
-0.3167814284010771,-0.31719613392972157,0.4886074323865624,-0.3946691982363224
-0.3172935120229066,-0.31719613392972157,1.0305433186778947,-0.24665028632120287
-0.3168203091654549,-0.31719613392972157,-0.5952643401961024,-0.3997047738371887
-0.3177916219103034,-0.31719613392972157,0.4886074323865624,-0.40045721616835267
-0.31729968503526046,-0.31719613392972157,-0.5952643401961024,-0.4053095045347046
-0.3171171358540109,-0.31719613392972157,1.0305433186778947,-0.34748720539372274
-0.31727769559821895,-0.31719613392972157,-0.05332845390476999,-0.19730743345064528
2.5247026552838165,2.522214703853032,-1.6791361127787672,3.2073204745281707
-0.3169637626017969,-0.31719613392972157,-0.05332845390476999,-0.12767757772832172
-0.31680848523631944,-0.31719613392972157,1.0305433186778947,-0.2533258003361445
-0.3180237701709133,-0.31719613392972157,-0.5952643401961024,-0.4417450774168349
-0.3171446226503128,-0.31719613392972157,-0.5952643401961024,-0.16515499383821738
-0.3168639809244954,-0.31719613392972157,-0.5952643401961024,-0.24678534007295022
-0.3171070317691133,-0.31719613392972157,1.0305433186778947,-0.24548303603824348
-0.3171586270962498,-0.31719613392972157,-0.5952643401961024,-0.28340420018959483
-0.3170739861905426,-0.31719613392972157,-0.5952643401961024,-0.39021242442865917
-0.31731749770772427,-0.31719613392972157,-0.05332845390476999,-0.25473421803293844
-0.3179691958278648,-0.31719613392972157,1.0305433186778947,-0.42186323582031104
-0.3177942630996687,-0.31719613392972157,1.0305433186778947,-0.40388179344480385
-0.31680836239030247,-0.31719613392972157,1.0305433186778947,-0.558855973574913
-0.31727032483719947,-0.31719613392972157,1.0305433186778947,-0.19053545247016998
3.6315901378860262,3.633288509941935,-1.6791361127787672,3.2950668263777487
-0.3174918469173396,-0.31719613392972157,-0.05332845390476999,-0.2563452163573535
-0.3177976720766402,-0.31719613392972157,0.4886074323865624,-0.4032644048653873
-0.3171793266501129,-0.31719613392972157,0.4886074323865624,-0.2508465993219248
2.5246257843886846,2.522214703853032,-1.6791361127787672,3.2005774336373554
-0.3170640970861748,-0.31719613392972157,0.4886074323865624,-0.24590749068659237
-0.31797546097473134,-0.31719613392972157,1.0305433186778947,-0.4113965700598897
-0.31729560040519544,-0.31719613392972157,0.4886074323865624,-0.2033173254034033
-0.31792610758740497,-0.31719613392972157,1.0305433186778947,-0.4002546355407316
-0.3170414319960398,-0.31719613392972157,-0.5952643401961024,-0.12912458221132925
-0.3177938945616177,-0.31719613392972157,-0.05332845390476999,-0.25517796607439414
-0.3168864617456049,-0.31719613392972157,-0.05332845390476999,-0.49146415145297445
-0.31712475230706433,-0.31719613392972157,1.0305433186778947,-0.3510950699046882
-0.3170433668208074,-0.31719613392972157,-0.05332845390476999,-0.1875063897524074
-0.3172970131343909,-0.31719613392972157,-0.05332845390476999,-0.39962760026476163
-0.3174161737708728,-0.31719613392972157,1.0305433186778947,-0.24888831992158797
3.692520472430692,3.6744393916489315,-1.1372002264874348,3.1474723691109783
-0.317844722101148,-0.31719613392972157,0.4886074323865624,-0.37185476088756997
-0.31634176250626406,-0.31719613392972157,-0.05332845390476999,-0.248762912866394
-0.31731012694670474,-0.31719613392972157,0.4886074323865624,-0.40457635559664745
-0.3172069362924318,-0.31719613392972157,1.0305433186778947,-0.16338000167239475
-0.3178555939736518,-0.31719613392972157,-0.05332845390476999,-0.3614652686995757
-0.3172777263097232,-0.31719613392972157,-0.05332845390476999,-0.24099732214092012
-0.31750145961816917,-0.31719613392972157,-0.05332845390476999,-0.254145769543182
-0.3177570714680245,-0.31719613392972157,1.0305433186778947,-0.35698920149880564
3.63157874391795,3.633288509941935,-2.7630078853614317,2.991012597711648
-0.31700184486706423,-0.31719613392972157,-0.5952643401961024,-0.23591351305728692
-0.31728770754860375,-0.31719613392972157,-0.5952643401961024,-0.24964076225275186
-0.3171501507210774,-0.31719613392972157,-0.05332845390476999,-0.32723878932817035
-0.31794941761912915,-0.31719613392972157,-0.05332845390476999,-0.39506471279501115
-0.31705915253399086,-0.31719613392972157,1.0305433186778947,-0.401421885823691
-0.3165191214432957,-0.358347015636718,-0.05332845390476999,-0.41075024139081306
-0.317808052565076,-0.31719613392972157,-0.05332845390476999,-0.3601533179683155
-0.31728764612559524,-0.31719613392972157,-0.5952643401961024,-0.25026779752872175
-0.31755090514000833,-0.31719613392972157,1.0305433186778947,-0.4688137079456296
-0.31799130811092324,-0.31719613392972157,0.4886074323865624,-0.420580225178711
-0.3171066325195581,-0.31719613392972157,-0.05332845390476999,-0.39295208624982014
-0.31717785249790903,-0.31719613392972157,0.4886074323865624,-0.37113125864606616
-0.31731316738562526,-0.31719613392972157,-0.05332845390476999,-0.24301348172057732
-0.31781112371550085,-0.31719613392972157,-0.05332845390476999,-0.2509237728943518
-0.3172850663592385,-0.31719613392972157,-0.5952643401961024,-0.2447498871001864
-0.3172959996547507,-0.31719613392972157,1.0305433186778947,-0.4018849272582534
-0.31688676886064737,-0.31719613392972157,-0.05332845390476999,-0.15424458003634048
-0.3177106356736017,-0.31719613392972157,-0.05332845390476999,-0.3468987569039663
-0.31726101925141237,-0.31719613392972157,1.0305433186778947,-0.23893292907849595
-0.3169985280246055,-0.31719613392972157,0.4886074323865624,-0.23720617039544029
-0.31777291860421647,-0.31719613392972157,1.0305433186778947,-0.39851823016112253
-0.3173114475413874,-0.31719613392972157,0.4886074323865624,-0.09576630552972851
-0.3177857253014878,-0.31719613392972157,1.0305433186778947,-0.3454228123312986
-0.3169974224104526,-0.31719613392972157,-0.05332845390476999,-0.38163651119270103
-0.31780141888015845,-0.31719613392972157,-0.05332845390476999,-0.3998398275889361
-0.31752851645341157,-0.31719613392972157,1.0305433186778947,-0.33557353515029387
-0.3170484649305126,-0.31719613392972157,0.4886074323865624,-0.26136149856511315
-0.31680372495316106,-0.31719613392972157,1.0305433186778947,-0.24890761331469477
-0.31695175440363593,-0.31719613392972157,1.0305433186778947,-0.3322936583221434
-0.316778940769233,-0.29662069307622335,-0.5952643401961024,-0.09105871761167725
2.5246388674894935,2.522214703853032,-2.7630078853614317,3.2151053586467513
-0.3168460146945104,-0.31719613392972157,0.4886074323865624,-0.40395896701723094
-0.31732016960859377,-0.31719613392972157,-0.05332845390476999,-0.24582067041761196
-0.31707773299406083,-0.31719613392972157,-0.05332845390476999,-0.18461238078639236
-0.3170675674861548,-0.31719613392972157,-0.5952643401961024,-0.1255938912727909
-0.31778498822538587,-0.31719613392972157,-0.05332845390476999,-0.4048271697070355
-0.3172722596619671,-0.31719613392972157,1.0305433186778947,-0.25026779752872175
-0.3172893966813374,-0.31719613392972157,-0.5952643401961024,-0.3945727312707886
-0.31731749770772427,-0.31719613392972157,1.0305433186778947,-0.24405532494834273
-0.3178687384974699,-0.31719613392972157,1.0305433186778947,-0.3781540537369295
-0.31719188765535034,-0.31719613392972157,-0.05332845390476999,-0.16267579282399783
-0.31696797007787886,-0.31719613392972157,1.0305433186778947,-0.27331375559475546
4.48692761276174,4.49745702578886,-2.7630078853614317,0.3771822863930143
-0.3171115463602378,-0.31719613392972157,0.4886074323865624,-0.43931410988538216
-0.3162969544215663,-0.31719613392972157,0.4886074323865624,-0.09934522995103383
2.5246330937266954,2.522214703853032,-1.6791361127787672,3.217902900647233
-0.31714096798130725,-0.31719613392972157,-0.5952643401961024,-0.14828292156634929
-0.3171241687884837,-0.31719613392972157,1.0305433186778947,-0.24677569337639685
-0.3171322766256051,-0.31719613392972157,-0.5952643401961024,-0.14801281406285455
-0.31776536357417146,-0.31719613392972157,1.0305433186778947,-0.24793329696280297
-0.31763078576255716,-0.31719613392972157,0.4886074323865624,-0.40997850566654237
-0.3173020805325918,-0.31719613392972157,-0.05332845390476999,-0.206828722948835
-0.3171769311527816,-0.31719613392972157,-0.5952643401961024,-0.14728931182135085
-0.3172299392091134,-0.31719613392972157,0.4886074323865624,-0.1922139776704587
3.692996746438568,3.6950148325024297,-1.6791361127787672,3.1478292968834536
-0.31793074502454644,-0.31719613392972157,-0.5952643401961024,-0.4030135907549993
-0.31681149496373573,-0.31719613392972157,0.4886074323865624,-0.2120475857842156
-0.31771935774080806,-0.31719613392972157,0.4886074323865624,-0.3445931964277076
-0.31703145075715927,-0.31719613392972157,-0.05332845390476999,-0.21270356114984568
-0.3173006678033964,-0.31719613392972157,0.4886074323865624,-0.24583031711416536
-0.31712069838850365,-0.31719613392972157,-0.05332845390476999,-0.2573967062816723
-0.31666199136105694,-0.31719613392972157,-0.05332845390476999,-0.16587849607972122
-0.3170985246824367,-0.31719613392972157,-0.05332845390476999,-0.18225858682736665
-0.3169317305028663,-0.31719613392972157,1.0305433186778947,-0.0800711302373732
-0.31682322675835844,-0.31719613392972157,0.4886074323865624,-0.24742202204547367
2.52470354591744,2.522214703853032,-2.7630078853614317,3.214864191232917
-0.3175484482196685,-0.31719613392972157,0.4886074323865624,-0.4718524173599454
-0.317899849251273,-0.31719613392972157,1.0305433186778947,-0.4003028690234985
-0.31710525050186694,-0.31719613392972157,-0.5952643401961024,-0.2201893976752714
-0.31716483082010793,-0.31719613392972157,-0.05332845390476999,-0.27053550698738094
-0.3178149012305233,-0.31719613392972157,1.0305433186778947,-0.245975017562466
-0.31827735506148824,-0.31719613392972157,1.0305433186778947,-0.5547464808431716
-0.3171793266501129,-0.31719613392972157,-0.05332845390476999,-0.15863382696813003
-0.3171082909407875,-0.31719613392972157,0.4886074323865624,-0.28183178865139324
-0.31678796995148184,-0.31719613392972157,-0.05332845390476999,-0.0932195776396352
-0.3169219335330112,-0.31719613392972157,0.4886074323865624,-0.26085987034433705
-0.31780498141465124,-0.31719613392972157,-0.5952643401961024,-0.40571466578994675
-0.3172967674423569,-0.31719613392972157,-0.5952643401961024,-0.24055357409946443
2.5245875485658953,2.522214703853032,-1.6791361127787672,3.217082931440195
-0.3173062572971695,-0.31719613392972157,0.4886074323865624,-0.40454741550698736
-0.3177218453726522,-0.31719613392972157,-0.05332845390476999,-0.3416509539789256
-0.3173234557395483,-0.31719613392972157,1.0305433186778947,-0.24950570850100448
-0.317159272037839,-0.31719613392972157,-0.05332845390476999,-0.16137348878929095
-0.3172963681928017,-0.31719613392972157,-0.05332845390476999,-0.24801047053522998
2.5246472210186495,2.522214703853032,-2.7630078853614317,3.2233339908067875
-0.31779023989261224,-0.31719613392972157,-0.05332845390476999,-0.39549881413991345
2.5246216997586193,2.522214703853032,-3.304943771652764,3.226227999772803
-0.31796293068099823,-0.31719613392972157,1.0305433186778947,-0.41433881250867177
-0.3177836062076947,-0.31719613392972157,1.0305433186778947,-0.40494293006567605
-0.3178064862783594,-0.31719613392972157,1.0305433186778947,-0.24795259035590975
-0.31759291847781945,-0.31719613392972157,0.4886074323865624,-0.2953082237364703
-0.31692402191530006,-0.31719613392972157,-0.5952643401961024,-0.118030881174938
-0.31810088675807985,-0.31719613392972157,-0.05332845390476999,-0.46391318609651067
-0.31663969480897297,-0.31719613392972157,-0.05332845390476999,-0.15245994117396444
-0.3168241173919817,-0.31719613392972157,1.0305433186778947,-0.39483319207772993
-0.31807591830512627,-0.31719613392972157,-0.5952643401961024,-0.44382876387236575
-0.3177711066254658,-0.31719613392972157,0.4886074323865624,-0.2549850321433264
-0.31709041684531525,-0.31719613392972157,0.4886074323865624,-0.18082122904091252
-0.31710359208063754,-0.31719613392972157,-0.5952643401961024,-0.16865674468709568
-0.3177628452308231,-0.31719613392972157,1.0305433186778947,-0.4001002883958774
-0.3156568345385273,-0.358347015636718,-1.1372002264874348,-0.16235745183773612
-0.31694358514350596,-0.31719613392972157,1.0305433186778947,-0.18058970832363133
-0.3178011424766203,-0.31719613392972157,0.4886074323865624,-0.3957978617330683
-0.3169907580140308,-0.31719613392972157,1.0305433186778947,-0.17087548489437387
-0.31801676794794476,-0.31719613392972157,-0.05332845390476999,-0.4271592722281187
-0.31726270838414594,-0.31719613392972157,-0.05332845390476999,-0.367002472521218
-0.3172927135237962,-0.31719613392972157,1.0305433186778947,-0.24772106963862844
-0.31710620255849864,-0.31719613392972157,1.0305433186778947,-0.3715171265082015
-0.3177576856981094,-0.31719613392972157,0.4886074323865624,-0.3956338678916608
-0.31738085554098766,-0.31719613392972157,-0.5952643401961024,-0.2372929906644207
-0.31790144624949396,-0.31719613392972157,0.4886074323865624,-0.407933405997225
-0.3177926968129521,-0.31719613392972157,0.4886074323865624,-0.3991259720439857
-0.31728703189551033,-0.31719613392972157,0.4886074323865624,-0.24341864297581944
-0.3177792144625873,-0.31719613392972157,1.0305433186778947,-0.40972769155615435
-0.3177820399209781,-0.31719613392972157,-0.5952643401961024,-0.2517244487082827
-0.3175367164250458,-0.31719613392972157,1.0305433186778947,-0.3159135675744979
-0.31717511917403096,-0.31719613392972157,-0.5952643401961024,-0.4062355874038294
-0.3173108025997982,-0.31719613392972157,0.4886074323865624,-0.2530749862257564
-0.31750720266946353,-0.31719613392972157,1.0305433186778947,-0.31659848302978816
-0.3171425956910324,-0.31719613392972157,1.0305433186778947,-0.36754268752820746
-0.3163163948037553,-0.31719613392972157,-0.05332845390476999,-0.4117342044392582
-0.31780415220403657,-0.31719613392972157,-0.05332845390476999,-0.40219362154796173
-0.31726673159120244,-0.31719613392972157,0.4886074323865624,-0.23926091676131106
-0.31712530511414083,-0.31719613392972157,-0.5952643401961024,-0.2507983658391579
-0.3167927609461445,-0.31719613392972157,1.0305433186778947,-0.4042773080034926
-0.31713586987160214,-0.31719613392972157,-0.05332845390476999,-0.25441587704667673
-0.3178030465898836,-0.31719613392972157,-0.05332845390476999,-0.4040457872862114
-0.3175034558659453,-0.31719613392972157,0.4886074323865624,-0.26450632164151616
-0.31794060341741,-0.31719613392972157,-0.5952643401961024,-0.3963477234366112
-0.31687902956157693,-0.31719613392972157,-0.05332845390476999,-0.44741733499022446
-0.31697230039997776,-0.31719613392972157,0.4886074323865624,-0.10857711855262202
-0.31704606943318125,-0.31719613392972157,-0.5952643401961024,-0.4174643421919681
-0.317786861627145,-0.31719613392972157,1.0305433186778947,-0.404036140589658
2.516312518015323,2.522214703853032,-2.7630078853614317,1.1165629904236614
-0.31738297463478077,-0.31719613392972157,1.0305433186778947,-0.2360389201124809
2.5246349364169505,2.522214703853032,-1.6791361127787672,3.1962460668848864
2.5246572022575298,2.522214703853032,-3.304943771652764,3.171097128970215
-0.3168165316504324,-0.31719613392972157,-0.5952643401961024,-0.40449918202422036
-0.31715828926970313,-0.31719613392972157,1.0305433186778947,-0.3794177709854228
-0.31730776216087764,-0.31719613392972157,-0.5952643401961024,-0.5547464808431716
-0.31669000025293104,-0.31719613392972157,0.4886074323865624,-0.3808744221649837
-0.3179406341289142,-0.31719613392972157,1.0305433186778947,-0.4028978303963587
-0.3168026193390081,-0.31719613392972157,-0.05332845390476999,-0.3835369104137177
-0.31666509322298597,-0.31719613392972157,0.4886074323865624,-0.3357857624744683
-0.3177762354466752,-0.31719613392972157,-0.5952643401961024,-0.39868222400253
-0.3172967060193484,-0.31719613392972157,0.4886074323865624,-0.24994945654246017
-0.3174251108186089,-0.31719613392972157,-0.05332845390476999,-0.2484349251835789
-0.3168164088044154,-0.31719613392972157,-0.05332845390476999,-0.5558847910364708
-0.3171283148415572,-0.31719613392972157,-0.05332845390476999,-0.1927059591946812
-0.31778812079881913,-0.31719613392972157,0.4886074323865624,-0.3499374663182822
-0.31681582528583474,-0.31719613392972157,1.0305433186778947,-0.39482354538117653
-0.31680648898854336,-0.31719613392972157,-0.5952643401961024,-0.2417690578651908
-0.3172240733118021,-0.31719613392972157,1.0305433186778947,-0.44586421684512967
-0.3169463184673841,-0.31719613392972157,-0.5952643401961024,-0.19169305605657597
-0.31631753112941247,-0.31719613392972157,1.0305433186778947,-0.09284335647405313
-0.31829676473217294,-0.31719613392972157,-0.05332845390476999,-0.5616921023616078
-0.317818832303067,-0.31719613392972157,1.0305433186778947,-0.44335607574124997
-0.3177654557086842,-0.31719613392972157,0.4886074323865624,-0.3389691723370849
-0.3166950369396277,-0.31719613392972157,1.0305433186778947,-0.1334077154810316
-0.31716197465021284,-0.31719613392972157,-0.5952643401961024,-0.31797796063692196
-0.31662615103559966,-0.31719613392972157,-0.05332845390476999,-0.4027724233411647
-0.3168079938522515,-0.31719613392972157,-0.5952643401961024,-0.4005440364373331
-0.3179091241255559,-0.31719613392972157,-0.05332845390476999,-0.39589432869860214
-0.3174271684893935,-0.31719613392972157,1.0305433186778947,-0.23384911999486274
-0.31778246988203757,-0.31719613392972157,1.0305433186778947,-0.39543128726403975
2.5163552070062276,2.522214703853032,-1.6791361127787672,1.1150870458509936
-0.317064127797679,-0.31719613392972157,-0.05332845390476999,-0.17157969374277093
-0.31753441306222724,-0.31719613392972157,-0.5952643401961024,-0.42999540101481354
-0.3177692025122025,-0.31719613392972157,1.0305433186778947,-0.3925565716911314
-0.31674399107739887,-0.31719613392972157,0.4886074323865624,-0.46191631990996024
-0.3172902258919521,-0.31719613392972157,-0.05332845390476999,-0.2504414380666827
-0.3172598522142509,-0.31719613392972157,-0.05332845390476999,-0.3923346976704036
-0.31677937073029244,-0.31719613392972157,-0.05332845390476999,-0.4052709177484911
-0.31713980094414584,-0.31719613392972157,1.0305433186778947,-0.27529132838819914
2.5246544996451563,2.522214703853032,-2.7630078853614317,3.2056901828106494
-0.3172779105787487,-0.31719613392972157,-0.5952643401961024,-0.24949606180445108
-0.31724022756303655,-0.31719613392972157,-0.05332845390476999,-0.18825883208357141
-0.3176574740597486,-0.31719613392972157,-0.5952643401961024,-0.2991090221785035
-0.3171303725123418,-0.31719613392972157,-0.05332845390476999,-0.1409610788823311
-0.31682116908757385,-0.31719613392972157,0.4886074323865624,-0.24505858138989456
-0.3171391867140609,-0.31719613392972157,-0.05332845390476999,-0.3443809691035332
2.5246375776063155,2.522214703853032,-2.7630078853614317,3.1941720271259086
-0.3181021766412582,-0.31719613392972157,-0.5952643401961024,-0.448160130624835
-0.31713869532999295,-0.31719613392972157,1.0305433186778947,-0.15032802123566666
-0.3177826848625672,-0.31719613392972157,0.4886074323865624,-0.4002449888441782
2.5246162638223675,2.522214703853032,-1.6791361127787672,3.209664621790643
-0.3171458511104827,-0.31719613392972157,0.4886074323865624,-0.2299518545872957
-0.3177638894219676,-0.31719613392972157,1.0305433186778947,-0.35080566900808674
-0.3177708302219276,-0.31719613392972157,1.0305433186778947,-0.3483843481731874
-0.3173145186918122,-0.31719613392972157,-0.05332845390476999,-0.25089483280469177
-0.3180596104963706,-0.31719613392972157,1.0305433186778947,-0.43930446318882876
-0.3173163920935713,-0.31719613392972157,-0.5952643401961024,-0.5492960972905098
3.693028686402986,3.6950148325024297,-2.7630078853614317,3.15035673138044
-0.3172709697787887,-0.31719613392972157,-0.05332845390476999,-0.2456663232727578
-0.317295907520238,-0.31719613392972157,1.0305433186778947,-0.0933256913017224
-0.31730410749187216,-0.31719613392972157,-0.05332845390476999,-0.24247326671358782
-0.31807558047857953,-0.31719613392972157,-0.05332845390476999,-0.44388664405168604
-0.31779936120937385,-0.31719613392972157,1.0305433186778947,-0.36451362481044497
-0.3173102497927217,-0.31719613392972157,1.0305433186778947,-0.5581903515127296
3.6315905371355814,3.633288509941935,-2.2210719990700993,3.148861493414666
-0.3179148978883545,-0.31719613392972157,1.0305433186778947,-0.39555669431923374
-0.31771315401695005,-0.31719613392972157,-0.5952643401961024,-0.3419596482686339
-0.31728027536457576,-0.31719613392972157,0.4886074323865624,-0.2492838344802767
-0.3182463364421979,-0.31719613392972157,-0.05332845390476999,-0.4971460557229175
-0.31779189831384164,-0.31719613392972157,-0.05332845390476999,-0.5552288156708407
2.524641846505406,2.522214703853032,-3.304943771652764,3.2035679095689047
-0.31730383108833393,-0.31719613392972157,0.4886074323865624,-0.2508658927150316
-0.31760182481405136,-0.31719613392972157,0.4886074323865624,-0.49661548741248135
-0.31753766848167747,-0.31719613392972157,-0.05332845390476999,-0.4768879929608117
-0.31771376824703496,-0.31719613392972157,0.4886074323865624,-0.3373581740126699
-0.3177701545688341,-0.31719613392972157,-0.05332845390476999,-0.3985954037335496
-0.3173014355910026,-0.31719613392972157,-0.05332845390476999,-0.2482130511628511
-0.3170839981409274,-0.31719613392972157,-0.05332845390476999,-0.34631995511076336
-0.31750096823410123,-0.31719613392972157,-0.05332845390476999,-0.25506220571575355
-0.3173021112440961,-0.31719613392972157,-0.5952643401961024,-0.2454444492520299
-0.3172105909614373,-0.31719613392972157,1.0305433186778947,-0.349001736752604
-0.31727330385311153,-0.31719613392972157,-0.05332845390476999,-0.3978622547954925
-0.3175704069452057,-0.31719613392972157,0.4886074323865624,-0.3030159342826239
-0.3168093144469341,-0.31719613392972157,0.4886074323865624,-0.4088787822594566
-0.3176824118011979,-0.31719613392972157,-0.05332845390476999,-0.322328620782498
-0.31756472531691987,-0.31719613392972157,0.4886074323865624,-0.4481118971420681
2.5246400959496635,2.522214703853032,-3.304943771652764,3.2091244067836535
-0.3175816473557605,-0.31719613392972157,1.0305433186778947,-0.2886520031146355
-0.3178750957788492,-0.31719613392972157,-0.05332845390476999,-0.37742090479887236
-0.3806960305250157,-0.3994978973437144,-1.1372002264874348,3.650682648121686
-0.3168145354026563,-0.31719613392972157,-0.5952643401961024,-0.4030135907549993
-0.31718811014032783,-0.31719613392972157,0.4886074323865624,-0.17755099890931553
2.5245993110720226,2.522214703853032,-2.7630078853614317,3.199101489064688
-0.31715524883078255,-0.31719613392972157,-0.05332845390476999,-0.17941281134411857
-0.317510857338469,-0.31719613392972157,1.0305433186778947,-0.26801771918694783
-0.3170002785803476,-0.31719613392972157,1.0305433186778947,-0.10708188058684753
-0.3171236774044157,-0.31719613392972157,-0.5952643401961024,-0.4522117431772562
-0.31684500121487025,-0.31719613392972157,0.4886074323865624,-0.22642116364875736
-0.3179779793180797,-0.31719613392972157,-0.5952643401961024,-0.41602698440551394
-0.3168209541070441,-0.31719613392972157,1.0305433186778947,-0.09901724226821872
-0.3171991048588486,-0.31719613392972157,-0.05332845390476999,-0.1865996002763894
-0.3171659364342608,-0.31719613392972157,0.4886074323865624,-0.270863494670196
-0.31737692446844395,-0.31719613392972157,-0.5952643401961024,-0.23123486522889583
-0.31760762928835423,-0.31719613392972157,-0.05332845390476999,-0.3936466484016638
-0.3173925873356104,-0.31719613392972157,1.0305433186778947,-0.36051024574079077
3.6316140928593392,3.633288509941935,-3.304943771652764,3.1428612481584612
-0.3179343382705434,-0.31719613392972157,-0.05332845390476999,-0.4470604072177493
-0.3171676562784987,-0.31719613392972157,-0.05332845390476999,-0.16230921835496917
-0.3168051991053649,-0.31719613392972157,-0.5952643401961024,-0.09271794941885916
-0.3170191661554601,-0.31719613392972157,1.0305433186778947,-0.29580985195724624
-0.31729127008309654,-0.31719613392972157,-0.5952643401961024,-0.24561808978999083
-0.3172969824228866,-0.31719613392972157,0.4886074323865624,-0.2528724055981354
-0.316723690773091,-0.31719613392972157,-0.05332845390476999,-0.3379369758058729
-0.31700215198210674,-0.31719613392972157,-0.05332845390476999,-0.22563013453137978
-0.3170241721306525,-0.31719613392972157,-0.5952643401961024,-0.3046655193932525
-0.31779401740763474,-0.31719613392972157,-0.05332845390476999,-0.46473315530354825
-0.3178752800478747,-0.31719613392972157,-0.05332845390476999,-0.37232744901868575
-0.31680943729295113,-0.31719613392972157,-0.05332845390476999,-0.3941386299258863
-0.316829369059208,-0.31719613392972157,1.0305433186778947,-0.06321835135861188
-0.3165331873122412,-0.31719613392972157,-0.05332845390476999,-0.09769564484040517
-0.31679144035146184,-0.31719613392972157,1.0305433186778947,-0.3280973453214215
-0.3171648922431164,-0.31719613392972157,-0.5952643401961024,-0.21478724760537649
-0.3172724439309926,-0.31719613392972157,-0.5952643401961024,-0.36449433141733817
-0.31760062706538567,-0.31719613392972157,-0.05332845390476999,-0.28792850087313177
-0.31705780122780397,-0.31719613392972157,-0.05332845390476999,-0.33498508666053745
-0.3173342354775393,-0.31719613392972157,1.0305433186778947,-0.2275305337523964
-0.31717490419350125,-0.31719613392972157,-0.05332845390476999,-0.4191621607853636
-0.3177832376696437,-0.31719613392972157,-0.5952643401961024,-0.35660333363667035
-0.3171000295461448,-0.31719613392972157,-0.05332845390476999,-0.13789342937835508
-0.31708298466128726,-0.31719613392972157,-0.05332845390476999,-0.3951804731536518
-0.3175121165101432,-0.31719613392972157,-0.05332845390476999,-0.25836137593701075
-0.317992014475521,-0.31719613392972157,0.4886074323865624,-0.41752222237128844
-0.31689816282872335,-0.31719613392972157,1.0305433186778947,-0.3831799826412424
-0.3178091274677247,-0.31719613392972157,-0.05332845390476999,-0.40368885951373623
-0.31731147825289163,-0.31719613392972157,-0.05332845390476999,-0.2456566765762044
-0.3171586578077541,-0.31719613392972157,1.0305433186778947,-0.15375259851211784
-0.31756131633994833,-0.31719613392972157,-0.05332845390476999,-0.3561981723814282
-0.31711280553191196,-0.31719613392972157,-0.05332845390476999,-0.46414470681379183
-0.3172755457929216,-0.31719613392972157,-0.05332845390476999,-0.24972758252173227
-0.3177717822785593,-0.31719613392972157,1.0305433186778947,-0.3951515330639916
-0.317908018511403,-0.31719613392972157,0.4886074323865624,-0.39646348379525176
-0.3173177741112625,-0.31719613392972157,0.4886074323865624,-0.23491025661573495
-0.31719606441992804,-0.31719613392972157,-0.05332845390476999,-0.2648053692346711
-0.31711268268589493,-0.31719613392972157,1.0305433186778947,-0.287832033907598
2.524619457818809,2.522214703853032,-1.6791361127787672,3.1196898830372333
-0.3182120009804487,-0.31719613392972157,-0.05332845390476999,-0.4971460557229175
-0.31715503385025284,-0.31719613392972157,1.0305433186778947,-0.4436647700309582
-0.3172865097999381,-0.31719613392972157,-0.05332845390476999,-0.24508752147955473
-0.31745873991576035,-0.31719613392972157,0.4886074323865624,-0.3043278850138841
-0.31770188289489104,-0.31719613392972157,-0.5952643401961024,-0.35258066117390935
-0.3174758769351307,-0.31719613392972157,-0.05332845390476999,-0.25608475555041216
-0.3172928056583089,-0.31719613392972157,1.0305433186778947,-0.09424212747429384
-0.3175743687292537,-0.31719613392972157,-0.05332845390476999,-0.3418535346065466
-0.31790792637689025,-0.31719613392972157,-0.05332845390476999,-0.3859582312486169
-0.3174458410839762,-0.31719613392972157,-0.5952643401961024,-0.2974787304609816
-0.3173092670245858,-0.31719613392972157,-0.05332845390476999,-0.09214879432220961
-0.3170398657093232,-0.31719613392972157,-0.05332845390476999,-0.21591591110212244
-0.3175326010834766,-0.31719613392972157,-0.05332845390476999,-0.32630305976249213
-0.31730155843701957,-0.31719613392972157,1.0305433186778947,-0.3948621321673901
2.5246229282187893,2.522214703853032,-3.304943771652764,3.13692852977813
2.5176544879049394,2.522214703853032,-2.7630078853614317,1.525351403569849
-0.31711695158498543,-0.31719613392972157,1.0305433186778947,-0.23037630923564462
-0.31729292850432594,-0.31719613392972157,-0.5952643401961024,-0.24980475609415942
-0.3177624152697636,-0.31719613392972157,-0.5952643401961024,-0.5546982473604046
-0.3180677797565006,-0.31719613392972157,1.0305433186778947,-0.45555914688128035
3.6316069370788493,3.633288509941935,-2.7630078853614317,2.9916203395945113
-0.3165993706038955,-0.31719613392972157,1.0305433186778947,-0.24830951812838492
-0.31747044099887883,-0.31719613392972157,-0.05332845390476999,-0.3079839830076165
-0.31726587166908354,-0.31719613392972157,-0.5952643401961024,-0.40213574136864144
-0.31688489545888826,-0.31719613392972157,1.0305433186778947,-0.07158203727039548
-0.3171346414114322,-0.31719613392972157,-0.5952643401961024,-0.22485839880710912
-0.3180634494344016,-0.31719613392972157,-0.5952643401961024,-0.4427483338583868
-0.3171382346574292,-0.31719613392972157,0.4886074323865624,-0.22481981202089554
2.667950815931389,2.522214703853032,-1.6791361127787672,3.1579872683541663
2.5246667228238464,2.522214703853032,-2.7630078853614317,3.214680903998403
-0.3175692091965401,-0.31719613392972157,-0.05332845390476999,-0.4206477520545847
-0.3176516695854457,-0.31719613392972157,-0.05332845390476999,-0.3008164874684524
-0.31681717659202163,-0.31719613392972157,1.0305433186778947,-0.24478847388639982
-0.3168054447973989,-0.31719613392972157,1.0305433186778947,-0.09756059108865779
-0.3176459265341513,-0.31719613392972157,1.0305433186778947,-0.34568327313824
-0.317501060368614,-0.31719613392972157,0.4886074323865624,-0.3549441018294884
-0.31700964558914324,-0.31719613392972157,-0.5952643401961024,-0.13759438178520017
-0.31827201125974913,-0.31719613392972157,0.4886074323865624,-0.395161179760545
-0.3171532525830065,-0.31719613392972157,-0.05332845390476999,-0.1742904154742718
3.693011088711052,3.6950148325024297,-3.304943771652764,3.1449352879174386
-0.3180968942625276,-0.31719613392972157,1.0305433186778947,-0.44808295705240797
-0.3177911612377397,-0.31719613392972157,-0.05332845390476999,-0.25173409540483604
-0.3172932049078641,-0.31719613392972157,-0.05332845390476999,-0.24422896548630355
-0.3168253151406473,-0.31719613392972157,-0.05332845390476999,-0.09549619802623377
-0.31731623853605007,-0.31719613392972157,-0.05332845390476999,-0.2545026973156573
-0.3171462810715422,-0.31719613392972157,-0.5952643401961024,-0.15305803636027432
-0.3167979819018667,-0.31719613392972157,0.4886074323865624,-0.08998793429425166
-0.3170088163785285,-0.31719613392972157,-0.05332845390476999,-0.2577729274472543
2.5163363808541237,2.522214703853032,-2.7630078853614317,1.1118554025056102
-0.3166614385539805,-0.31719613392972157,0.4886074323865624,-0.24003265248558173
-0.3167880006629861,-0.31719613392972157,-0.05332845390476999,-0.2554480735778889
-0.31774061010174764,-0.31719613392972157,-0.05332845390476999,-0.47052117323557846
3.692999694742976,3.6950148325024297,-1.6791361127787672,3.1469610941936494
-0.31714769380073754,-0.31719613392972157,0.4886074323865624,-0.42556756729681045
-0.3173051823945208,-0.31719613392972157,1.0305433186778947,-0.24668887310741644
-0.31765520140843423,-0.31719613392972157,0.4886074323865624,-0.30450152555184495
-0.31703227996777394,-0.31719613392972157,1.0305433186778947,-0.16852169093534833
-0.31775040707160274,-0.31719613392972157,0.4886074323865624,-0.35284112198085066
-0.31729520115564025,-0.31719613392972157,1.0305433186778947,-0.24290736805849
-0.3171640630325017,-0.31719613392972157,1.0305433186778947,-0.3367697255229134
-0.3171003980841958,-0.31719613392972157,1.0305433186778947,-0.4361210533262122
-0.3172952318671445,-0.31719613392972157,-0.05332845390476999,-0.3991259720439857
3.6930399882365488,3.6950148325024297,-3.304943771652764,3.1413949502823466
-0.3170228515359699,-0.31719613392972157,1.0305433186778947,-0.24433507914839087
-0.31778246988203757,-0.31719613392972157,1.0305433186778947,-0.34224904916523535
-0.31728497422472574,-0.31719613392972157,0.4886074323865624,-0.39973371392684887
-0.3181117893420878,-0.31719613392972157,0.4886074323865624,-0.4464719587279929
-0.317537729904686,-0.31719613392972157,-0.5952643401961024,-0.2693103765251012
-0.317540340382547,-0.31719613392972157,-0.05332845390476999,-0.4908371161770045
-0.3174706866909128,-0.31719613392972157,-0.5952643401961024,-0.4842484224310435
2.5246539775495838,2.522214703853032,-2.7630078853614317,3.210706465018409
-0.3171467417441059,-0.31719613392972157,1.0305433186778947,-0.4610770573098158
-0.3177847118218476,-0.31719613392972157,1.0305433186778947,-0.40453776881043396
-0.3178949354105933,-0.31719613392972157,0.4886074323865624,-0.48496227797599384
-0.31778541818644535,-0.31719613392972157,-0.5952643401961024,-0.39631878334695103
-0.3177946009262155,-0.31719613392972157,-0.05332845390476999,-0.4017691668996128
-0.3171519012768195,-0.31719613392972157,-0.05332845390476999,-0.3845208734621628
-0.31683778401137197,-0.31719613392972157,-0.05332845390476999,-0.2467178131970766
-0.31710574188593493,-0.31719613392972157,1.0305433186778947,-0.46045966873039923
-0.31718703523767916,-0.31719613392972157,-0.05332845390476999,-0.3901159574631253
-0.31782531243046336,-0.31719613392972157,0.4886074323865624,-0.37634047478489335
-0.3173797192153305,-0.31719613392972157,-0.5952643401961024,-0.35549396353303125
-0.3167819812081535,-0.31719613392972157,-0.5952643401961024,-0.09084649028750272
-0.31729661388483565,-0.31719613392972157,0.4886074323865624,-0.39998452803723683
-0.3172886288937312,-0.31719613392972157,-0.5952643401961024,-0.24556020961067063
-0.31726799076287665,-0.31719613392972157,0.4886074323865624,-0.24545409594858328
-0.31710647896203686,-0.31719613392972157,-0.5952643401961024,-0.32735454968681094
3.6925053930821057,3.6950148325024297,-2.2210719990700993,3.1475591893799586
-0.3170954535320119,-0.31719613392972157,1.0305433186778947,-0.39661783094010594
-0.31733494184213706,-0.31719613392972157,0.4886074323865624,-0.32462453456220336
-0.31633279474702364,-0.31719613392972157,0.4886074323865624,-0.24962146885964506
-0.3171758869616371,-0.31719613392972157,1.0305433186778947,-0.3087943055181007
-0.31788716540001866,-0.31719613392972157,1.0305433186778947,-0.4065153416038776
-0.31780267805183265,-0.31719613392972157,0.4886074323865624,-0.24854103884566608
2.463156800771015,2.4604883812925373,-3.304943771652764,3.22373915206203
-0.317201131818129,-0.31719613392972157,0.4886074323865624,-0.30392272375864193
-0.3168197870698827,-0.31719613392972157,-0.05332845390476999,-0.2448270606726134
-0.31729845657509054,-0.31719613392972157,-0.05332845390476999,-0.2453672756796029
-0.31731399659624,-0.31719613392972157,-0.5952643401961024,-0.24824199125251128
-0.316800254553181,-0.31719613392972157,-0.5952643401961024,-0.38908376093191327
-0.3172772349256553,-0.31719613392972157,-0.05332845390476999,-0.24147001027203585
-0.31729080941053284,-0.31719613392972157,-0.05332845390476999,-0.24571455675552464
-0.31781993791722,-0.31719613392972157,1.0305433186778947,-0.3648512591898134
-0.31705159750394585,-0.31719613392972157,-0.05332845390476999,-0.2554287801847821
-0.3177807807493039,-0.31719613392972157,1.0305433186778947,-0.39958901347854814
-0.3174418178769198,-0.31719613392972157,-0.5952643401961024,-0.3819837922686229
-0.31806747264145807,-0.31719613392972157,-0.05332845390476999,-0.44390593744479284
2.5246306060948513,2.522214703853032,-3.304943771652764,3.217700320019612
-0.3173131059626168,-0.31719613392972157,1.0305433186778947,-0.24576279023829162
-0.31779238969790957,-0.31719613392972157,-0.05332845390476999,-0.40189457395480677
-0.31763471683510086,-0.31719613392972157,-0.05332845390476999,-0.2890861044595378
-0.3170847352170294,-0.31719613392972157,-0.05332845390476999,-0.21281932150848626
-0.3174409272432966,-0.31719613392972157,-0.05332845390476999,-0.2773653681471766
-0.3176091341520624,-0.31719613392972157,-0.05332845390476999,-0.39037641827006664
-0.3177731642962504,-0.31719613392972157,-0.5952643401961024,-0.2467660466798436
-0.3178032922819176,-0.31719613392972157,-0.05332845390476999,-0.40677580241081895
-0.31633611158948244,-0.31719613392972157,0.4886074323865624,-0.258168442005943
2.524635919185086,2.522214703853032,-1.6791361127787672,3.2255913178002795
4.548360541073421,4.559183348349355,-2.7630078853614317,0.3713074481920037
-0.31716642781832877,-0.31719613392972157,0.4886074323865624,-0.1541191729811465
-0.3168061511619966,-0.31719613392972157,-0.05332845390476999,-0.400264282237285
-0.31716261959180203,-0.31719613392972157,-0.05332845390476999,-0.15330885047066226
-0.31756911706202734,-0.31719613392972157,1.0305433186778947,-0.2783879179818353
-0.31740880300985325,-0.31719613392972157,0.4886074323865624,-0.24173047107897722
2.524664235192003,2.522214703853032,-1.6791361127787672,3.2169671710815546
-0.3172916386211475,-0.31719613392972157,-0.05332845390476999,-0.46995201813892884
-0.3167816126701025,-0.31719613392972157,-0.05332845390476999,-0.09614252669531045
-0.31717346075280156,-0.31719613392972157,0.4886074323865624,-0.26273132947569355
-0.3173040767803679,-0.31719613392972157,-0.05332845390476999,-0.0949077495364773
-0.3178074690464953,-0.31719613392972157,1.0305433186778947,-0.35244560742216197
-0.31579955089876727,-0.31719613392972157,1.0305433186778947,-0.10027131282015865
-0.31707051579056256,-0.31719613392972157,-0.05332845390476999,-0.24399744476902238
-0.3170881749055051,-0.31719613392972157,-0.05332845390476999,-0.4722672253117409
-0.3171569379635162,-0.31719613392972157,0.4886074323865624,-0.16139278218239772
2.524636042031103,2.522214703853032,-2.2210719990700993,3.2048509202105047
-0.3172689735310125,-0.31719613392972157,0.4886074323865624,-0.29567479820549886
2.5246021058189094,2.522214703853032,-2.7630078853614317,3.2031531016171093
-0.3172911472370795,-0.31719613392972157,-0.05332845390476999,-0.24700721409367815
-0.31780786829605057,-0.31719613392972157,1.0305433186778947,-0.3486158688904686
-0.3177767268307432,-0.31719613392972157,1.0305433186778947,-0.4049718701553362
-0.3176385557731318,-0.31719613392972157,0.4886074323865624,-0.33591116952966227
-0.31682589865922806,-0.31719613392972157,-0.05332845390476999,-0.4062548807969362
-0.31717336861828876,-0.31719613392972157,1.0305433186778947,-0.2739022040845119
-0.3171409372698031,-0.31719613392972157,1.0305433186778947,-0.3623720581755938
-0.31779678144301704,-0.31719613392972157,1.0305433186778947,-0.4052419776588309
-0.31680762531420054,-0.31719613392972157,-0.5952643401961024,-0.3532655766291996
-0.317720217662927,-0.31719613392972157,1.0305433186778947,-0.33191743715656147
-0.3171292668981889,-0.31719613392972157,-0.5952643401961024,-0.15414811307080656
-0.3180815385104036,-0.31719613392972157,-0.05332845390476999,-0.4427386871618334
2.4631906755602,2.4604883812925373,-3.304943771652764,3.2263919936142105
-0.31679868826646435,-0.31719613392972157,1.0305433186778947,-0.2451261082657683
-0.3168296454627463,-0.31719613392972157,0.4886074323865624,-0.24353440333446003
-0.31713243018312637,-0.31719613392972157,-0.5952643401961024,-0.4282879357248646
-0.317313628058189,-0.31719613392972157,1.0305433186778947,-0.24954429528721805
-0.31669291784583464,-0.31719613392972157,-0.05332845390476999,-0.20328838531374313
-0.3171206062539909,-0.31719613392972157,1.0305433186778947,-0.3607996466373922
-0.3172975045184589,-0.31719613392972157,1.0305433186778947,-0.20050049000981526
-0.3171507342396581,-0.31719613392972157,-0.05332845390476999,-0.19582184218142418
-0.3169294271400477,-0.31719613392972157,1.0305433186778947,-0.224250656924246
-0.3180826748360608,-0.31719613392972157,1.0305433186778947,-0.4571122650263751
-0.3180796958201488,-0.31719613392972157,-0.05332845390476999,-0.45759459985404427
-0.3167787565002075,-0.31719613392972157,1.0305433186778947,-0.41231300623246125
-0.3172344538002379,-0.31719613392972157,0.4886074323865624,-0.18414933935182987
-0.3172867554919721,-0.31719613392972157,-0.05332845390476999,-0.24817446437663754
-0.31708881984709436,-0.31719613392972157,-0.5952643401961024,-0.1388291589440333
-0.3175494309878044,-0.31719613392972157,0.4886074323865624,-0.2864236162108039
-0.31716713418292647,-0.31719613392972157,1.0305433186778947,-0.22451111773118734
-0.3171049740983287,-0.31719613392972157,-0.5952643401961024,-0.40909100958363104
-0.3175206235968199,-0.31719613392972157,1.0305433186778947,-0.26942613688374184
-0.31772875546110796,-0.31719613392972157,-0.05332845390476999,-0.336808312309127
-0.31826804947570114,-0.31719613392972157,-0.05332845390476999,-0.399888061071703
-0.3170704543675541,-0.31719613392972157,1.0305433186778947,-0.30931522713198345
-0.31698516852025765,-0.31719613392972157,-0.05332845390476999,-0.10695647353165355
-0.3174108913921421,-0.31719613392972157,0.4886074323865624,-0.4730196676429049
-0.317779183751083,-0.31719613392972157,1.0305433186778947,-0.40049580295456616
-0.3170464379712322,-0.31719613392972157,-0.05332845390476999,-0.42767054714544805
-0.3173209681077042,-0.31719613392972157,-0.5952643401961024,-0.49640326008830693
-0.3174015243833465,-0.31719613392972157,-0.5952643401961024,-0.344352029013873
-0.37828738866986106,-0.37892245649021616,-2.7630078853614317,-0.41886311319220876
-0.317566598718679,-0.31719613392972157,1.0305433186778947,-0.29049452215633187
-0.31765077895182253,-0.31719613392972157,-0.5952643401961024,-0.4093514703905724
-0.31780491999164273,-0.31719613392972157,-0.05332845390476999,-0.4043448348793663
-0.31679125608243636,-0.31719613392972157,1.0305433186778947,-0.2456663232727578
-0.31647440549311073,-0.31719613392972157,0.4886074323865624,-0.3615906757547697
-0.3175435650904931,-0.31719613392972157,0.4886074323865624,-0.2735452763120367
-0.3161275497641349,-0.31719613392972157,1.0305433186778947,-0.43719183664363775
-0.31676330861357077,-0.31719613392972157,0.4886074323865624,-0.3744304288673234
-0.31770403270018843,-0.31719613392972157,-0.05332845390476999,-0.3189908637750273
-0.3172974123839461,-0.31719613392972157,0.4886074323865624,-0.5580360043678754
-0.31707856220467556,-0.31719613392972157,-0.05332845390476999,-0.2616701928548213
-0.31744052799374134,-0.31719613392972157,0.4886074323865624,-0.2436694570862074
-0.3177993304978696,-0.31719613392972157,-0.05332845390476999,-0.40338981192058126
-0.3809947613268351,-0.3994978973437144,-2.2210719990700993,3.5579489541540084
2.5246815257688944,2.522214703853032,-1.6791361127787672,3.2088157124939456
-0.3171632645333913,-0.31719613392972157,-0.05332845390476999,-0.32055362861667547
-0.3179047016689442,-0.31719613392972157,-0.5952643401961024,-0.4119753718530928
-0.3171630188413573,-0.31719613392972157,-0.05332845390476999,-0.23266257631879655
2.524651029245176,2.522214703853032,-2.7630078853614317,3.2180476010955337
-0.3173084378139711,-0.31719613392972157,-0.05332845390476999,-0.5618850362926755
-0.3167969684222265,-0.31719613392972157,-0.05332845390476999,-0.09284335647405313
-0.31796572542788476,-0.31719613392972157,-0.05332845390476999,-0.40062121000976014
-0.31708811348249666,-0.31719613392972157,-0.05332845390476999,-0.12805379889390364
-0.31728660193445085,-0.31719613392972157,0.4886074323865624,-0.24804905732144356
-0.31714446909279154,-0.31719613392972157,0.4886074323865624,-0.33245765216355094
-0.31795172098194774,-0.31719613392972157,-0.5952643401961024,-0.5113363463529449
-0.31715362112105744,-0.31719613392972157,-0.05332845390476999,-0.14990356658731777
-0.31579998085982675,-0.3377715747832198,-1.6791361127787672,-0.11075727197368677
-0.3169789955079038,-0.31719613392972157,1.0305433186778947,-0.11297601218096498
-0.3174783645669748,-0.31719613392972157,0.4886074323865624,-0.4544594234741946
-0.31775089845567067,-0.31719613392972157,1.0305433186778947,-0.33862189126116315
-0.3166406161541004,-0.31719613392972157,-0.05332845390476999,-0.17269871054296349
-0.3177962593474449,-0.31719613392972157,-0.05332845390476999,-0.35687344114016506
-0.3171427492485537,-0.31719613392972157,-0.05332845390476999,-0.2556313608124031
-0.3177814871139016,-0.31719613392972157,-0.05332845390476999,-0.25431941008114295
-0.31732179731831894,-0.31719613392972157,-0.05332845390476999,-0.247807889907609
2.524650200034561,2.522214703853032,-2.7630078853614317,3.213185666032628
-0.3167964770381585,-0.31719613392972157,-0.05332845390476999,-0.24522257523130211
-0.31696962849910826,-0.31719613392972157,-0.05332845390476999,-0.10367659670350303
3.693011242268573,3.6950148325024297,-2.7630078853614317,3.153810248746552
-0.31680612045049233,-0.31719613392972157,1.0305433186778947,-0.4069397962522265
3.6925959305966285,3.6950148325024297,-2.7630078853614317,3.064018797227656
-0.31804136786284737,-0.31719613392972157,-0.05332845390476999,-0.4234645874481728
-0.31717634763420083,-0.31719613392972157,-0.05332845390476999,-0.4013543589478173
-0.31732370143158234,-0.31719613392972157,1.0305433186778947,-0.2564609767159941
-0.3175435650904931,-0.31719613392972157,-0.05332845390476999,-0.2687701615181117
-0.3171284683990784,-0.31719613392972157,-0.05332845390476999,-0.19408543680181511
-0.3171113313797081,-0.31719613392972157,-0.05332845390476999,-0.14939229166998844
-0.3177048004877946,-0.31719613392972157,-0.5952643401961024,-0.3296986969492832
-0.31727738848317644,-0.31719613392972157,1.0305433186778947,-0.2458881972934856
3.0704964219245543,3.0777516068974835,-1.6791361127787672,-0.04087660214097524
-0.317526581628644,-0.31719613392972157,1.0305433186778947,-0.5015642427443672
-0.31715131775823885,-0.31719613392972157,1.0305433186778947,-0.41997248329584785
-0.31718107720585503,-0.31719613392972157,0.4886074323865624,-0.21112150291509077
-0.31732904523332145,-0.31719613392972157,1.0305433186778947,-0.2715098233392727
-0.316631894086894,-0.31719613392972157,1.0305433186778947,-0.4945221542603971
-0.3173354025147008,-0.31719613392972157,-0.05332845390476999,-0.4820972090996389
-0.3183041662046967,-0.31719613392972157,0.4886074323865624,-0.5547947143259385
-0.31762212511835924,-0.31719613392972157,-0.5952643401961024,-0.40352486567232865
-0.3179449644510132,-0.31719613392972157,1.0305433186778947,-0.40848326770076787
-0.31779546084833443,-0.31719613392972157,-0.05332845390476999,-0.40734495750746863
3.6930316654188977,3.6950148325024297,-3.304943771652764,3.1428419547653546
-0.3171791116695832,-0.31719613392972157,0.4886074323865624,-0.3342519377224803
2.5246334008417377,2.522214703853032,-2.7630078853614317,3.2201023474614043
-0.317782899843097,-0.31719613392972157,-0.5952643401961024,-0.402579489410097
-0.3171351635070044,-0.31719613392972157,-0.05332845390476999,-0.20766798554897944
2.5246179222435967,2.522214703853032,-2.7630078853614317,3.2172565719781563
-0.31780467429960874,-0.31719613392972157,0.4886074323865624,-0.39943466633369396
-0.3168142897106223,-0.31719613392972157,-0.05332845390476999,-0.09422283408118705
-0.316697555282976,-0.31719613392972157,1.0305433186778947,-0.353728618063762
-0.31721403064991305,-0.31719613392972157,-0.05332845390476999,-0.16179794343763984
-0.3171835648376991,-0.31719613392972157,-0.5952643401961024,-0.23350183891894097
-0.31716519935815884,-0.31719613392972157,-0.05332845390476999,-0.4287220370697669
-0.3170414627075441,-0.31719613392972157,-0.5952643401961024,-0.19945864678204986
-0.3173170677466648,-0.31719613392972157,1.0305433186778947,-0.24456659986567203
-0.31713709833177206,-0.31719613392972157,1.0305433186778947,-0.24494282103125398
-0.31719139627128234,-0.31719613392972157,1.0305433186778947,-0.2773171346644097
-0.3168000395726513,-0.31719613392972157,-0.5952643401961024,-0.09439647461914799
-0.3178121064836368,-0.31719613392972157,-0.05332845390476999,-0.5529521952842421
-0.3171831348766396,-0.31719613392972157,1.0305433186778947,-0.2646510220898169
2.5246448562328223,2.522214703853032,-3.304943771652764,3.2023524258031784
-0.31777875379002357,-0.31719613392972157,-0.05332845390476999,-0.40091061090636165
-0.3175712975788289,-0.31719613392972157,1.0305433186778947,-0.3785881550818318
3.631680091881968,3.633288509941935,-2.7630078853614317,3.1511670538909247
-0.3169457656603076,-0.31719613392972157,0.4886074323865624,-0.09293017674303368
-0.3173139658847357,-0.31719613392972157,0.4886074323865624,-0.2504607314597895
-0.3173061344511525,-0.31719613392972157,0.4886074323865624,-0.24910054724576236
