Interval Duration,Data Packets,Max Data Gap,Min Data Gap
-0.690033853736776,-0.6728826421978956,-0.6177981233573977,0.4228358814221956
-0.6931284573940878,-0.6728826421978956,-0.1871604766242257,-1.0063072492882499
1.835308891689691,1.8499793412084304,1.38660679551058,-0.2876104507790019
-0.8137392293064046,-0.8383162148802777,-0.48513190778185644,0.5307527359229143
0.17246686804997569,0.17496441779931235,-0.4823170376618614,0.6611365352899482
0.17141833468737727,0.17496441779931235,1.2540267876750657,-0.07111594928149631
1.1672815811780632,1.1882450504789024,-0.4583213006336197,-0.15632042170307475
0.5410734967089628,0.4851523665787787,1.231305425934172,0.26921106597916744
-0.6887673398537687,-0.7142410353684912,-0.2698112103339661,-0.3885795441782051
-0.9352224769407358,-0.9210330012214687,-0.46597879684553756,0.6338363653095354
-0.3826025492375569,-0.40405308658902483,-0.44220794957388726,-1.0599447201833758
-0.7504754813629148,-0.7969578217096822,2.946959393664742,0.5544279870677531
-0.2575957496832329,-0.23861951390664277,-0.5831688490050196,0.5891290330041284
-0.13869292758293508,-0.11454433439485624,-0.337596731133052,0.018298715329316456
-0.6886820484775739,-0.6728826421978956,-0.42705037997966466,0.5266747022328941
0.7892429504723095,0.8160195119435427,-0.3535601556883912,-0.24871809243899468
11.384562897219078,11.300372180689505,1.3372697310771615,-0.3906752003800205
-0.1974639453648516,-0.1765819241507495,-0.5767107648282532,0.6215833844538727
1.7123243866515738,1.7052249651113462,-0.4241792874205216,-0.07513734361471099
-0.1359207271731081,-0.11454433439485624,-0.6996767355695098,0.47821029259270115
0.10862345862946823,0.13360602462871682,-0.34301657426689125,-1.0914550823530218
-0.1359569291023477,-0.11454433439485624,-0.6552010380410626,0.35826701466354344
-0.5041476508053638,-0.6108450524420024,2.9392831566397755,-0.3174405120300758
-0.07451468876420979,-0.07318594122426073,-0.42384570094824514,0.5196325422033684
0.9120845547769968,0.9400946914553293,-0.3288035416503507,0.06181662114180015
0.8459666368897603,0.8780571016994361,-0.15269986958929013,-0.969472787578854
0.17276715644009152,0.17496441779931235,-0.4928981007094601,-0.8781890241934495
-0.25762340094439373,-0.23861951390664277,-0.6313627238424349,0.6132573990034145
0.3547945782019081,0.38175638365228987,-0.6365052029431449,0.5524644893651509
-0.6286364890271516,-0.6522034456125979,-0.4837713247544823,0.5291290743611474
-0.6902954488159458,-0.6728826421978956,-0.4410010412135159,0.5073229219909005
0.9699695326476089,1.0021322812112226,-0.27116429703612027,-0.47355745917256004
-0.8762495342094071,-0.900353804636171,1.2523363663380247,-0.06977548450375842
-0.2615568620495832,-0.2799779070772383,0.9207926426839923,0.6644027381990842
-0.8752905060414452,-0.900353804636171,-0.4860352149708302,-0.36781178001606457
1.157047877104423,1.1468866573083067,0.9574196877074186,-0.09303538036535511
-0.012181025899969373,0.009530845116930291,-0.6330943749681841,0.08847487841174617
0.2318017685581027,0.2370020075552056,1.0404677266538025,0.46801520836765
-0.8149304173400423,-0.8176370182949799,-0.47684846841409484,0.5398339127974501
-0.19887523620701847,-0.19726112073604726,-0.5457696824839643,0.5272599755865546
0.48455601057496367,0.4644731699934809,1.0573944289998722,0.6947425536614107
-0.5070099408080053,-0.5281282661008113,-0.46956578846316166,0.6281913094145539
-0.8733151786840736,-0.8796746080508732,-0.4810501586997333,0.5311680912061575
-0.014355079395673381,0.009530845116930291,-0.5128683110947259,0.050545389137438605
-0.6889850743117868,-0.6728826421978956,-0.46355748379957656,0.5696639740485229
-0.5670564537501916,-0.6108450524420024,1.2233030987621483,0.6105953492335401
0.044055887592973124,0.07156843487282356,-0.4142354120165969,-1.3348532783332996
-0.1959306690924687,-0.21794031732134503,1.0720272558287163,0.513175655527503
-0.07617687097154864,-0.09386513780955849,-0.4358623102754154,0.5355670812514104
-0.07473734447004284,-0.052506744638962974,-0.43376333921390137,0.45057028647145303
-0.93483809672858,-0.9210330012214687,-0.4834602272578648,0.5426092412809361
-0.8765214946667874,-0.8796746080508732,-0.48041671921866874,0.6065550751147241
-0.3808923541062222,-0.3626946934184293,-0.45391346140444,0.5346419717569146
-0.6904348739181065,-0.7142410353684912,-0.6526897690924652,0.4567439763632895
0.6021877051224275,0.5678691529199696,1.2532134363887284,-0.9737207393392923
-0.5660301890339564,-0.5488074626861091,-0.6288814401947163,0.7054473920977133
0.0453632478328454,0.07156843487282356,-0.42092213411256435,0.44045072138881075
-0.9982973412415236,-0.9830705909773619,-0.46558898793411385,0.6114260598000265
-0.19777570641393638,-0.1765819241507495,-0.45322754764683776,0.5240126524630199
-0.38248757658547733,-0.38337389000372707,-0.4233846769472344,-0.9798755494455262
0.17518219728973977,0.15428522121401458,-0.6441102248785251,0.6986129097098086
-0.5070020975693,-0.5074490695155136,-0.4873508200468865,0.5400604702246736
1.2783135748275294,1.2916410334053912,1.2294463372796876,-0.08293469506831429
-0.6262792113237329,-0.6108450524420024,-0.4933966063365695,0.6990660245642557
-0.4426597966515398,-0.4454114797596203,-0.6853175246111848,0.6415770774063323
-0.6302123648509337,-0.6522034456125979,-0.4858852884664362,0.599663953370014
-0.5058066957172206,-0.5074490695155136,0.8924715260039866,0.6448999196722748
0.2944953591844178,0.29903959731109886,-0.301606873753299,-1.5921658763022106
-0.19555770002368397,-0.23861951390664277,-0.505533156867255,0.5733644120265047
-0.5067070687627866,-0.5281282661008113,-0.4741235541967354,0.6068005123275491
0.049117390970773195,0.050889238287525805,-0.570818653205573,0.5086822665542408
0.41753818100914364,0.40243558023758763,1.3602684568511842,-0.1887370135816151
-0.2601745758117264,-0.25929871049194053,-0.523869168354627,0.5897143063577889
-0.3193536880687076,-0.30065710366253606,-0.7917578464056256,0.5891290330041284
-0.07610271391853522,-0.07318594122426073,1.0813002101254776,0.5231819418965346
0.6623785951723886,0.6919443324317562,-0.34354131703227,-0.1603040564650855
0.11263892002637609,0.07156843487282356,1.2145361464177153,0.6959508599399343
0.046395910171240305,0.07156843487282356,-0.463797366206607,-1.0286420356553507
0.9684266291841879,0.9400946914553293,-0.4586548871058961,0.2974929848108813
-0.6272952952085508,-0.6108450524420024,-0.45689325067926806,0.5674550391330957
-0.1401521083179023,-0.11454433439485624,-0.2572023913144396,-0.45396024171774124
0.29611869429181664,0.29903959731109886,-0.4933253912469825,0.6541698944028302
-0.567121537252546,-0.5901658558567047,1.1948695372038471,0.5348496493985367
1.038945557476844,0.9814530846259248,2.927075391019503,-0.04972515219449249
0.5420114557847164,0.5678691529199696,-0.7237886656386564,0.520840848481893
-0.7530326540010219,-0.7762786251243844,-0.4915862437960133,0.7024077466157997
-0.6298446861235503,-0.6522034456125979,-0.4859602517186328,0.6809603101719905
-0.5663096543942547,-0.5901658558567047,-0.6160252424429402,-0.09777420655144338
-0.3981526465680191,-0.38337389000372707,-0.43905574481900544,0.47222540055688433
-0.2615014057382671,-0.23861951390664277,-0.46755677330428325,-0.9736452201968845
-0.56722734408057,-0.6108450524420024,2.8713102277101967,0.5984745268770918
-0.6286599879854686,-0.6108450524420024,-0.7818626971156283,0.5251643193847381
-0.6271735865985243,-0.6108450524420024,-0.4846671356182353,0.5248056034583013
0.17006056241519923,0.1956436143846101,-0.00925393834782882,-1.682505650407518
0.7826222727555,0.7746611187729473,-0.426173309928961,-0.9728145096303991
-0.811962658845164,-0.8589954114655755,-0.6125019695896841,0.6949502313030318
0.3549932428246427,0.3403979904816944,-0.4608775475335357,-0.9655646719592522
-0.2589386659385691,-0.23861951390664277,-0.4238944270621733,0.23900340901605532
-0.5030794324515051,-0.48676987293021584,-0.48852774310637825,0.7079772833683734
-0.5641926566154067,-0.5901658558567047,-0.47847891914937823,0.3526219587685619
0.29333059209998713,0.3197187938963966,-0.36589161067478854,-0.8417132784104916
-0.872646104285816,-0.8589954114655755,-0.49526319131627383,0.7135279403353455
1.277015872536494,1.3123202299906889,-0.4430250490228333,0.04633519694820428
0.8469086867527604,0.8780571016994361,-0.4475978074068469,0.03855672528020347
1.032988048660914,1.0228114777965203,2.935883573152643,-0.6726825579162765
0.17102291242543638,0.17496441779931235,1.0705767168987048,0.6189779740408038
-0.5079116364389217,-0.48676987293021584,-0.3539949425511335,0.0424837206854078
-0.32027632976063686,-0.3213363002478338,-0.6427309010381016,0.6508659319224891
-0.3244703094220365,-0.3213363002478338,-0.319275712296119,-0.22032289489366902
-0.19739394061468216,-0.1765819241507495,-0.6050168888578191,-0.07349480226734167
3.0687983721403147,3.070051939740998,0.9814566545243686,-0.7893029935794917
-0.3839694565759915,-0.3626946934184293,-0.4842023634546151,-0.9768170241780113
3.7453017323106312,3.690427837299931,1.243145871618679,-1.0678364705649883
-0.6270052184076511,-0.6315242490273001,-0.5928053750749371,-1.3154259789488978
-0.8107648578847749,-0.8176370182949799,1.0165094712516596,0.5398150330118475
-0.13361376922859844,-0.2799779070772383,2.9407786735211037,0.5294311509307779
-0.25722105817771285,-0.23861951390664277,-0.36861652489214713,-0.10115368817419128
-0.015978752838859276,-0.03182754805366522,1.2247648821799884,-1.0412159728662462
-0.8751890053052594,-0.9210330012214687,1.226013020329068,0.6503372979256352
2.3258009877184946,2.3669592558408743,-0.3628481026355925,0.22616515480673233
-0.014485646251766892,-0.011148351468367465,-0.6246197793073194,0.33980258434484034
-0.505640603603462,-0.48676987293021584,-0.7186311938875065,0.6181661432599209
-0.13586828512607874,-0.15590272756545176,1.2679737007463066,-0.19332480148288764
-0.19622154559613814,-0.19726112073604726,0.872542545407429,0.46958223057261145
-0.9368215133870476,-0.9210330012214687,-0.484161133665906,0.6683674931754926
1.7061327494708414,1.6845457685260485,1.0193318376968745,-0.027786841325032254
-0.9409517321314431,-0.9830705909773619,1.2268488605910632,-1.2150232791177535
0.784652441268211,0.7746611187729473,1.1943935205523966,0.008405707673896715
0.784492500714221,0.795340315358245,1.23036838528171,-1.2044128396094602
-0.07539676091946347,-0.052506744638962974,-0.6179892796505,0.270948006254546
0.7855253168416103,0.7539819221876495,1.0214607940592673,-0.10341926244642487
-0.44504011194629295,-0.4454114797596203,0.7181519793452138,0.5309981731357393
-0.6906779835601711,-0.6728826421978956,-0.4232872247193781,0.5295821892155935
-0.6291268606141246,-0.6108450524420024,-0.7828409675567987,0.5384368086629058
-0.5038736910910585,-0.48676987293021584,-0.47425848805069043,0.653509101906762
-0.03242946927727811,-0.052506744638962974,-0.4505288705677476,-0.22804472720486446
-0.0706478182935181,-0.11454433439485624,2.937562750001855,0.7008973637676447
-0.6287734535054048,-0.6108450524420024,-0.6456244825729036,0.5572977144792496
-0.8724174815670072,-0.8589954114655755,-0.46406348575190587,-0.9882959338239938
0.11255756564843317,0.13360602462871682,-0.48604645945865965,0.6768067573395626
-0.9358442150865723,-0.9417121978067665,-0.8117655384169893,0.6297394518339129
-0.13707076127189247,-0.11454433439485624,-0.53165410209528,0.5710233186118633
-0.7502500574551857,-0.7349202319537889,-0.48379381373014124,0.5165928967214559
-0.6272608157160464,-0.6108450524420024,-0.4886776696107723,0.5825966271858563
-0.8767575607729166,-0.8589954114655755,-0.48427357854420217,0.5211618048371259
0.17287151765156994,0.17496441779931235,-0.3612588816890173,-0.07647780839244886
-0.8096398606342496,-0.7969578217096822,-0.49015819384166165,0.687134000063826
-0.8148919700914872,-0.8383162148802777,1.055670274199343,-0.14010268587100386
-0.01073590147907386,0.009530845116930291,-0.4242242653718402,0.5245224066742724
-0.07334490815856749,-0.07318594122426073,-0.36292681405039945,0.22350310503685802
1.8334589946360058,1.8706585377937284,-0.3069967315862594,-0.3652063696029967
3.3178711209401177,3.338881495349869,1.2197798259088921,0.5717407504647368
-0.07624023203716768,-0.052506744638962974,-0.36087282094020323,-0.3713422999236292
-0.07570363147853194,-0.052506744638962974,-0.5019986395261694,0.4786445276615458
-0.8109396852134051,-0.8176370182949799,-0.48736581269732554,0.6973668438600811
0.16903915743118128,0.1956436143846101,-0.20417713487293185,-1.0013985050317433
-0.6288164221503901,-0.6315242490273001,-0.6151519205548461,0.6859634533565052
-0.93534876846279,-0.9417121978067665,1.2533708592183423,0.536001316320255
0.0454395886895767,0.07156843487282356,-0.43923565662427827,0.47953187758483656
-0.6887148670489406,-0.6728826421978956,-0.4821783556452968,0.5228043461844952
-0.3210403534839266,-0.3213363002478338,-0.4404762984481372,-0.3640924622524824
0.4820570009344708,0.4851523665787787,-0.4896446955641124,0.6613819725027732
0.10938677492338449,0.11292682804341907,-0.3629905328147666,-0.07517510318591492
-0.13545394681784878,-0.11454433439485624,-0.7723798457127152,0.672011291796668
0.3550547891801299,0.38175638365228987,-0.42383820462302607,-0.9744948105489722
-0.1979930102627705,-0.1765819241507495,-0.3788939867683482,0.1590097574206137
-0.4414530451716869,-0.4454114797596203,-0.49056299540352516,-0.9546899154525313
-0.07676822041212715,-0.052506744638962974,-0.32665959263751804,-0.7625314575959329
-0.3839819134845235,-0.3626946934184293,-0.48525184898537166,-0.9707943725709904
-0.19640904513789254,-0.1765819241507495,-0.6392226208352845,0.48925496716983913
0.23379164435432762,0.21632281096990785,1.2173772536759797,-0.1050995633649981
-0.19839584515423292,-0.21794031732134503,-0.5601476342553388,0.6365739342218175
1.092554094027355,1.126207460723009,-0.504071373449415,0.042427081328602435
-0.5060982488924647,-0.48676987293021584,-0.4620469742678084,0.5668697657794354
-0.4425667543100361,-0.4247322831743226,-0.7808169597474812,0.5192549464913302
-0.4425723829872246,-0.4454114797596203,0.8788469549171919,0.5975682971681986
-0.320463644755598,-0.3213363002478338,-0.6169023124936447,0.357436304097057
-1.0585104691800489,-1.0451081807332552,-0.6504296270387276,0.6671025475401625
-0.44536248443597887,-0.4247322831743226,-0.4755553523136974,0.658361206806462
1.837481960935832,1.8499793412084304,-0.49265072197721055,0.47082829642234003
0.29111959848787144,0.1956436143846101,1.3034650524989502,-0.016553368891874636
0.6624857245857628,0.6712651358464584,-0.33350748572570893,-0.10289062844956987
2.209998367194898,2.2222048797437903,-0.4087368574679515,0.27513931865817787
-0.5072211546126684,-0.5074490695155136,0.737181400915408,0.6243587129373588
-0.505521355617343,-0.5074490695155136,1.2667555478981065,0.564207716009561
-0.381999850169205,-0.38337389000372707,1.1467618701064588,0.5950384058975374
-0.0763112825524978,-0.15590272756545176,2.9010369053688945,0.010935598944557805
-0.3812495136664009,-0.38337389000372707,-0.4584150046988665,0.6382164755691868
-0.07483164788129903,-0.052506744638962974,-0.42242889548172297,0.5236539365365831
2.201260230332258,2.139488093402599,2.935778624599568,-0.9843122990619831
-0.19654290307846237,-0.19726112073604726,0.8872128538623708,0.057530909810157974
-0.7502419373962909,-0.7349202319537889,-0.42401436826568856,0.5237483354645924
0.6623890528239954,0.6712651358464584,1.2591467778001169,-0.09481008021193764
-0.4443551665238316,-0.4247322831743226,-0.4727517266815318,0.10490029188543815
-0.38398305152308077,-0.40405308658902483,-0.48125630764327454,0.5266369426616903
8.119535043970526,8.177813496309545,1.2385356316085674,-1.2329590754396016
-0.3835068285235761,-0.3626946934184293,-0.48364013906313763,0.5291290743611474
-0.5029889122495067,-0.48676987293021584,-0.5188353859696028,0.5875997703703709
-0.014770217406673454,-0.03182754805366522,-0.48427357854420217,0.23252764255458847
-0.565920322176485,-0.5901658558567047,-0.6576785735261717,0.56041287910357
-0.5041061892925218,-0.48676987293021584,-0.4255885965618247,0.5317344847742154
-0.5668850097794341,-0.5901658558567047,-0.6036525576678347,-0.19517502047187804
-0.2594474614470497,-0.23861951390664277,-0.4816123830912107,0.5254852757399721
-0.2589271932796001,-0.25929871049194053,-0.4202474648427924,-1.2783838395978822
-0.2589480778250155,-0.25929871049194053,-0.6034951348382207,0.5242769694614474
0.2943975493840933,0.29903959731109886,-0.6320561339252561,0.43350296028729424
0.16895094406409616,0.15428522121401458,-0.4235008699881393,-0.983160632140265
0.35142623013488294,0.36107718706699216,1.2673177722895839,-0.4607003251776356
0.7252608233790149,0.7539819221876495,-0.18329237281086286,-0.9854450861980999
-0.3826117458194114,-0.3626946934184293,-0.46823519073666553,-1.0603789552522205
0.6631073397004038,0.6919443324317562,-0.24300809951094837,-0.7865276650960056
0.11375004550962264,0.13360602462871682,-0.4965413147662314,0.702256708330984
-0.5654698434546129,-0.5488074626861091,-0.4240406054039578,0.4558755062256002
0.17019764992464784,0.1956436143846101,-0.4795321528427452,0.19801539447423272
0.35492108502855413,0.38175638365228987,-0.4462334762168624,0.19397512035541556
-0.19972596616524993,-0.1765819241507495,-0.3373980785147298,-0.8000455915869983
-0.7535330526304181,-0.7555994285390867,-0.48678484749279954,0.6111806225872005
0.23705018707947906,0.21632281096990785,-0.48931860541705585,-0.9319397738021872
-0.8167137237592298,-0.8176370182949799,-0.4232872247193781,-1.2833681029967954
-0.5056497079119199,-0.5488074626861091,2.886220418572169,0.6655355253352011
-0.32049092692317277,-0.30065710366253606,-0.5719393538259174,0.6009477787909464
-0.13832383399680478,-0.11454433439485624,-0.32198188570042824,-0.1557917877062208
0.9083749489317957,0.8780571016994361,-0.30515638374482434,-1.2900137875286795
1.0911163514781825,1.064169870967116,1.4119293821027077,-0.3039414653246846
-0.25669270070916755,-0.30065710366253606,1.2267738973388667,-0.9672827324490283
-0.320896745321123,-0.3213363002478338,-0.26747235686542076,-0.4292843619359988
-0.8107846043916328,-0.7969578217096822,-0.4723319324692285,0.6717469747982415
-0.4470061504484136,-0.4247322831743226,-0.3065357075852487,-0.3765342409641636
0.29458421846527877,0.2783604007258011,-0.43202419176293216,0.14569950857124214
-0.5647539249287156,-0.5901658558567047,-0.49530067294237257,0.7126217106264523
0.23286549627333025,0.1956436143846101,2.9958954046989072,0.5151580330157076
0.8478445542981927,0.8573779051141383,1.2562419517774854,-0.06418706796558231
-0.4423025448179646,-0.4247322831743226,-0.41002247724312907,0.4466621708518501
0.1695372492256643,0.1956436143846101,-0.45274778283277683,0.5114575950377258
-0.25534664715834904,-0.2799779070772383,-0.4947009669247964,-0.10827136734612491
-0.5057482251416178,-0.5074490695155136,-0.6399347717311551,0.42108006136121445
-0.4453697125187072,-0.48676987293021584,1.2293826185153205,0.6513945659193442
-0.4425040699159917,-0.4247322831743226,-0.12489599934944402,-1.1350107477367095
-0.87370220406693,-0.900353804636171,-0.2961458008307523,-0.2004236008692188
-0.8135307529458387,-0.8796746080508732,1.222883304549845,0.5838049334643798
1.8910651530600955,1.891337734379026,1.2796792125768601,-0.28200315445522434
0.2323542093831432,0.21632281096990785,1.0728406071150527,0.5251454395991367
-0.6887247403023695,-0.6935618387831934,1.1954205171074952,-0.9814236918648852
5.162266680934857,5.137971598270774,1.2466878852849843,-0.33160035123153414
1.6514522113572139,1.6638665719407508,-0.4435235546499436,-0.32351980299390193
-0.3810892347766239,-0.3626946934184293,-0.6395711999579998,0.63757456285872
0.6649289088213535,0.6919443324317562,-0.34331267911306895,-0.016307931679049627
-0.5659681197958888,-0.5488074626861091,-0.4777292866274089,0.6107275077327544
-1.0584205948918262,-1.065787377318553,-0.30637453659302516,-0.1971385181744802
0.1702192111416376,0.17496441779931235,1.259232985540143,0.22557988145307198
-0.25539702843285583,-0.2799779070772383,1.2209904824318722,0.6861711309981273
3.003117553332453,3.028693546570403,1.1573991555932048,-0.9482896681334724
-0.5044923534570106,-0.48676987293021584,-0.65552712818812,-0.16155012231481408
-0.5030600550382331,-0.5074490695155136,-0.486065200271709,0.5502177948785199
-0.7509191318534434,-0.7349202319537889,-0.494258683736835,0.6780528231892902
-0.13394896772040235,-0.11454433439485624,-0.4810314178866839,0.6672724656105797
-0.5659092493689011,-0.5488074626861091,-0.46212943384522487,0.6303247251875732
0.17032021975304196,0.1956436143846101,-0.42183293762675717,0.5221813132596309
-0.2591623981673618,-0.3213363002478338,1.219629899404498,0.40089757055273534
0.41805718810684056,0.4231147768228854,-0.4826768612724071,0.5263159863064574
-0.9368370460754639,-1.0037497875626598,-0.48333653789174,0.6951390291590513
0.41839610829230484,0.4231147768228854,-0.4281785769252291,-0.9354702937097508
-0.6906708169930403,-0.7555994285390867,2.934800354158398,0.528298363794661
0.17016092511282793,0.13360602462871682,2.94480794832669,0.5887325575064878
-0.7522294448420047,-0.7349202319537889,-0.6036787948061031,-0.37432530604873643
0.3554420606253771,0.36107718706699216,0.8934235593068877,0.5244091279606606
-0.3185303325514476,-0.30065710366253606,-0.4742022656115424,0.6408030061966533
-0.442562448218198,-0.4454114797596203,0.8955937454579895,0.5400038308678672
-0.7520660594145444,-0.7762786251243844,-0.6276670355091257,-0.174917010520991
0.2949888988246718,0.29903959731109886,1.1948095666020897,-0.37974380451649437
1.0324490182361696,1.0228114777965203,1.0759628265690557,-0.07923425709033247
-0.13585638185792615,-0.135223530980154,-0.42258257014872735,0.5227665866132913
-0.5058894649539104,-0.48676987293021584,-0.48196471037653565,0.6189779740408038
-0.7517149283829391,-0.7349202319537889,-0.6051068447604556,-0.07730851895893423
-0.5656287997590397,-0.5694866592714068,-0.4266043486290929,0.23313179569385026
-0.44293913898064274,-0.4247322831743226,-0.7661316586421005,0.5404569457223144
-0.0728598576707945,-0.09386513780955849,1.255807164914743,0.5273543745145639
-0.32222831194868573,-0.30065710366253606,-0.4808065281300933,-0.9903160708834015
-0.7492690682188491,-0.7555994285390867,1.1957765925554305,-0.9804797025847881
-0.44403826892234,-0.48676987293021584,-0.6030790887885278,0.5288081180059135
-0.6289719643391453,-0.7142410353684912,2.9357523874612985,0.480079391367293
-0.5641010291326499,-0.5694866592714068,-0.4802443037386158,0.6434461761809251
0.7242705145296285,0.6919443324317562,1.3798301175119763,-0.08614425862064504
0.23686419466986816,0.2576812041405034,-0.4910689973558545,0.6879269510591085
0.11255910353837544,0.07156843487282356,1.2246674299521327,0.4929931647190238
-0.7522137891223931,-0.7555994285390867,1.2440679196207012,-0.0698321238605638
-0.3194901296643805,-0.3213363002478338,1.134126813948664,-0.3686236107969485
0.10801611513349092,0.09224763145812132,1.2276434710643513,-0.17714482522202069
-0.012938129118519258,0.009530845116930291,-0.47417228031066355,0.5303185008540696
-0.8110087057140116,-0.8383162148802777,1.2238765676414551,0.7278576976072221
-0.8108356315799152,-0.7969578217096822,-0.6367038555614671,-0.23117877161478737
0.9085226786396442,0.9194154948700315,0.9839829161234058,-0.799951192658989
-0.2594350660541156,-0.25929871049194053,-0.6014936160045622,0.5226910674708835
1.705603038659147,1.6638665719407508,1.2733335732783881,-1.3036261129476823
-0.44403848422693193,-0.4454114797596203,-0.6626673779598782,0.5210485261235142
0.22998512068496843,0.21632281096990785,-0.43872590650933857,0.4487011876968601
-0.2566040567328986,-0.34201549683313154,1.2243488361302954,0.5815582389777487
-1.055871880648401,-1.0451081807332552,-0.4879017999505337,0.69968905748912
4.3608442116947215,4.352162128029459,1.2326135346850084,-0.8668989124034865
-0.0732972950859567,-0.07318594122426073,-0.5466692415103277,0.38824811419943195
-0.1346882621734214,-0.11454433439485624,-0.432526445552652,0.532697353839915
0.9715387955446397,1.0021322812112226,-0.32160706943944356,-0.12728331144728336
-0.20070068081062226,-0.1765819241507495,-0.4129572885666393,0.34233247561550145
1.6493120221980373,1.6638665719407508,1.0775632920034603,-0.060920865056446186
-0.6891846309106879,-0.7349202319537889,1.257160251616898,0.5204443729842524
-0.751706469988257,-0.7349202319537889,-0.42365829281775325,0.5258628714520103
0.11136001075043475,0.13360602462871682,-0.4272152991344985,0.530828255065322
-0.8134046459705776,-0.7969578217096822,-0.4511885471870805,0.5639056394399297
-0.013778616729735464,0.009530845116930291,-0.662453732691117,0.23734198788308458
1.4022309331467924,1.4363954095024754,-0.4228599341818557,-0.07717636045972101
0.6655054330028889,0.6919443324317562,-0.48561916892113727,0.6572850590271506
-0.3824999719784115,-0.38337389000372707,-0.6611531202655004,0.547782302535869
0.5406341215524735,0.5265107597493742,-0.36339908253923964,-0.3775537493866686
0.4766237895576387,0.4851523665787787,-0.12503842952861816,-1.2752875547591631
0.11173417937337421,0.11292682804341907,-0.6031053259267971,0.5258439916664088
-0.5660617772933694,-0.5488074626861091,-0.5098847736572875,0.7636537711085104
1.5267661848870357,1.560470589014262,-0.18292880103770762,-0.9716439629230783
-0.5672370020294071,-0.5694866592714068,-0.6456544678737823,0.5310736922781472
-0.4440268270211699,-0.5074490695155136,1.2572239703812653,0.5287325988635057
-0.1337076727884698,-0.11454433439485624,-0.45858367201630906,0.552143533009918
-0.3796390045611203,-0.40405308658902483,1.2488055971595486,-0.2958231575158484
1.8298916128526599,1.7879417514525373,1.2283743627732713,-0.41165064218378217
1.9550710559318965,1.9533753241349192,1.3151368308660136,-0.07362696076655491
-0.19787031740318112,-0.21794031732134503,-0.4272078028092786,0.4176816999528641
-0.8736788896554062,-0.8796746080508732,-0.6485405530833644,0.531885523059031
-0.7506303776378941,-0.7349202319537889,-0.6433006217547981,0.6624392404964821
1.217588175749254,1.2089242470642,1.1967398703461611,-0.08134879307775035
-0.010185121575171124,-0.011148351468367465,-0.47690843901585245,0.5849566003860991
-0.5057623429712872,-0.5281282661008113,-0.49220094246402846,0.7127161095544616
-0.0694883415504886,-0.052506744638962974,-0.16999764003373502,-0.9093973097934651
-0.25846265824365644,-0.25929871049194053,-0.4205885476402879,-0.06490449981845693
-0.32297917133407017,-0.3213363002478338,-0.4755703449641364,0.643767132536158
-0.8762567622921356,-0.8589954114655755,-0.48386128065711875,0.5420050881416733
-0.3820715465983108,-0.3626946934184293,-0.7691489295430273,0.6250195054334271
-0.8738845362984785,-0.8589954114655755,-0.495068286860562,-0.9339032715047894
-0.8133479593473076,-0.7969578217096822,-0.6349647081104979,-0.3461566659306343
-0.013057807713821878,-0.011148351468367465,1.0508688778961284,0.38885226733869377
-0.5043819022013611,-0.48676987293021584,-0.6481057662206222,0.5894688691449638
-0.3219712690237448,-0.30065710366253606,-0.48380880638058105,0.5224833898292623
-0.5038646175403996,-0.48676987293021584,-0.48156365697728254,0.6593429556577631
-0.5657614581454546,-0.5488074626861091,-0.6517077504886852,0.5729490567432615
0.4159832512463745,0.44379397340818316,-0.4560873957181506,-1.0005111551084527
-0.6301211679773607,-0.6522034456125979,1.2286254896681312,0.6671591868969678
-0.5042301432218639,-0.48676987293021584,-0.4623768125774744,0.6010988170757622
0.1724249759279499,0.1956436143846101,-0.48452470543906123,0.24551693504872613
-0.5040209594319246,-0.48676987293021584,-0.4807315648778958,0.6662340774024732
2.8881260774799755,2.904618367058616,1.2215901884494484,-0.11421849981073678
-0.1343850825502143,-0.11454433439485624,-0.4830554256960013,0.5377571363812361
-0.5055775808736303,-0.5074490695155136,-0.4237594932082191,0.529110194575545
0.2949945890174578,0.2370020075552056,2.9377801434332267,-0.08044256336885712
1.403698264698453,1.39503701633188,1.0135184374890012,-0.3659993205982781
-0.38101440105203593,-0.38337389000372707,-0.6639155161089578,0.5333770261215847
-0.7519221129159536,-0.7349202319537889,-0.44669450021787394,0.5366809886019247
-0.6887188348049915,-0.6728826421978956,-0.4819009916121685,0.5254475161687681
0.9141297330955438,0.9194154948700315,-0.6524461385228252,0.03070273446979375
-0.19949475979133816,-0.19726112073604726,-0.34677972952717784,0.020375491745530407
0.3549315119223624,0.3403979904816944,-0.6344099800442404,0.2976251433100956
-0.8752481525524368,-0.8796746080508732,-0.42211030165988633,0.5204821325554563
-0.9969832450437044,-1.0244289841479575,1.2282919031958548,0.6403498913422062
-0.38087660611321394,-0.40405308658902483,-0.6009801177270138,0.510117130259988
-0.813272295162151,-0.8176370182949799,1.2371263224672644,0.05128170077591468
-0.3785628506951597,-0.3626946934184293,-0.5437456746746469,0.5283172435802636
-0.3204649980987471,-0.30065710366253606,-0.6639380050846168,-0.07968737194477961
-0.25535467494384745,-0.30065710366253606,2.9396579729007613,0.6906456401857881
-0.5671012371053088,-0.5488074626861091,-0.603536364626929,0.5388332841605464
1.157961291456699,1.1468866573083067,-0.5101209079017084,0.5288081180059135
0.1708823185269194,0.1956436143846101,-0.5779289176764532,0.34016130027127717
0.11371418191617017,0.13360602462871682,-0.4939663270532669,0.4864607589007505
-0.07597107053948227,-0.07318594122426073,0.8930412467206831,0.5650384265760464
-0.1960935316373488,-0.21794031732134503,-0.5849942041960157,0.588336082008847
-0.07433669338229852,-0.09386513780955849,-0.5686447188918615,0.32403796336721663
-0.8120151008921935,-0.7969578217096822,-0.4774894042203784,0.6641006616294529
-1.286803372111912,-1.2725793431715307,-4.563293998287815,-7.9261073883275985
-0.5069451956414384,-0.5074490695155136,-0.4746108153360154,0.6265110084959806
-0.6273191325026549,-0.6522034456125979,1.0606928120965378,-1.19091379290407
1.8950207597804525,1.891337734379026,1.1953118203918094,-0.2037086835639574
-0.6286541440036882,-0.6728826421978956,-0.4214431287153335,0.5282039648666517
-0.44420516073886857,-0.4247322831743226,-0.45585500963634007,0.614786661637172
-0.3224268227824262,-0.3213363002478338,0.8521637852976902,-0.1927772877004312
-0.3791437424841312,-0.38337389000372707,1.261639305935665,0.5190661486353105
-0.44406062984209965,-0.4454114797596203,-0.42166801847192414,0.5202555751282327
3.1911530189737007,3.2148063158380826,-0.46623742006561736,-0.07825250823903139
-0.2595414880381164,-0.23861951390664277,-0.446522084737821,0.4004633354838907
-0.2014218896779209,-0.1765819241507495,-0.3056174077458359,-0.18326187575705075
0.11443400668252082,0.13360602462871682,-0.19244163774150033,-0.8686169728932637
-0.9969447670373501,-0.9830705909773619,-0.5065226717962548,0.6839810758683016
-0.13825764321369202,-0.11454433439485624,-0.29683921091357357,-0.09042996995228617
-0.5687748919716166,-0.5694866592714068,-0.43980162917836524,0.5036413637985211
-0.8735351277036084,-0.900353804636171,-0.6149457716113039,-0.30596160238409315
-0.6888406356884145,-0.6728826421978956,-0.4596294093844569,0.5547678232085884
-0.07620944348052458,-0.052506744638962974,-0.5922131653825808,0.6244342320797667
-0.44206900085134065,-0.4247322831743226,-0.7820313644330718,0.5156489074413576
1.0927365800478976,1.126207460723009,-0.4441232606675189,-0.0614117394820962
-0.6901054271346865,-0.6728826421978956,-0.6171421949006743,0.5677759954883286
-0.07315460965711858,-0.09386513780955849,-0.5685022887126874,0.6649502519815407
1.7077184062746558,1.7052249651113462,1.2429847006264554,0.4306898722326053
-0.567351513314504,-0.5488074626861091,-0.5772392557562415,0.6736160735728334
-0.26283647875489796,-0.25929871049194053,-0.36243205658589955,-1.579912895446548
-0.875099869204209,-0.900353804636171,-0.4715110848576721,0.6489401937910909
0.35552879761811773,0.38175638365228987,-0.3042230912549726,-0.07906433901991532
-0.6271683577727207,-0.6108450524420024,-0.4828905065411683,0.5390032022309647
0.971578380831752,0.9814530846259248,1.25196155007704,-0.02854203274910977
-0.2118538277651121,-0.25929871049194053,1.250020001845139,0.33863203763751965
0.35371796296896474,0.38175638365228987,-0.39011223745962087,-0.7328901942008796
0.4206035032419557,0.4231147768228854,-0.4939925641915353,0.5614135077404735
-0.5040817060846418,-0.5074490695155136,-0.5391129456888757,0.5199346187729998
-0.5678795016894633,-0.5488074626861091,-0.5290266401057769,-0.7360997577532103
-0.5656591884642977,-0.5901658558567047,-0.481496190050305,0.5179522412847952
0.2919334190874897,0.2370020075552056,1.226863853241503,-0.02740924561299297
-0.19684491390531347,-0.19726112073604726,0.7170650121883585,-0.9716250831374759
-0.87381157879962,-0.8589954114655755,-0.480536660422184,0.6662907167592786
0.6682620699665006,0.629906742675863,-0.4844984683007928,0.6800918400343012
-0.13585195273489262,-0.15590272756545176,-0.42243639180694287,0.2209543339805955
-0.2600053464024857,-0.23861951390664277,-0.7776347696917214,0.6413316401935072
-0.9969095801154725,-0.9830705909773619,-0.6543089753399192,0.6718224939406483
-0.9367455416239024,-1.0244289841479575,1.2277221824791582,0.6402932519854008
-0.44600944397686754,-0.4247322831743226,-0.48225331889749423,-0.6805176689410837
0.23193092055544945,0.2370020075552056,-0.8064581401614462,0.632477020746195
1.0920314267515958,1.0848490675524136,1.015130147411236,-0.9932990770085096
-0.20224856703745617,-0.1765819241507495,-0.06573874887822638,-1.5881633617545983
4.420071336875698,4.331482931444161,2.935564979330807,-1.2950546902843991
-0.7522395334000256,-0.7349202319537889,-0.603929921700963,0.5154978691565429
-0.5040931787436108,-0.48676987293021584,-0.42323100228023086,0.5250321608855248
-0.2589372818376211,-0.2799779070772383,-0.36147252695777854,0.23179133091611237
1.1584431123755932,1.1468866573083067,0.6896584471851559,-0.9561058993726771
-0.19749808652156875,-0.1765819241507495,-0.46140229029891444,0.6066117144715304
-0.07531878989939339,-0.052506744638962974,-0.48222333359661546,0.5249755215287195
-0.813489629768784,-0.8383162148802777,-0.6295523613018786,0.6835279610138545
0.4792724666473074,0.4851523665787787,-0.477140825097663,0.5594688898234728
0.6010403469521426,0.629906742675863,-0.4047975385650025,-1.0447842523450137
-0.6273954118437886,-0.6108450524420024,-0.6383980250611176,0.5883738415800509
-0.5038933760823189,-0.5488074626861091,1.2256719375315717,0.5404191861511104
-0.5660278206834455,-0.5488074626861091,-0.5840871488444324,-0.23722030300741062
0.23529926862247452,0.2576812041405034,-0.5441392317486808,0.5231253025397281
-0.4449390725770898,-0.4247322831743226,-0.18307497937949213,-0.9779498113141281
-0.6286391034400534,-0.6522034456125979,-0.663735604303685,-0.0708705120686713
-0.7536189899203888,-0.7349202319537889,-0.48912744912395356,-0.9504608434776957
-0.5656302146177865,-0.5901658558567047,-0.6023407007543878,0.5269390192313217
-0.7505076847783047,-0.7349202319537889,-0.4730403352024896,0.5925840337692853
-0.8120751708733362,-0.8176370182949799,-0.4307872981016828,0.5505953905905591
0.9699967225417871,0.9814530846259248,1.2577712021223029,-0.20871182674847316
0.4146169590639167,0.40243558023758763,1.1944609874793741,0.47150796870401074
-0.38102467415685,-0.40405308658902483,-0.6001217884893586,-0.0828214163547025
-0.9969698346434083,-1.0037497875626598,-0.4753492033701553,0.6816399824536602
0.9669346606356526,0.9814530846259248,1.236863951084575,-0.974362652049758
-1.0598723937550707,-1.0451081807332552,-0.4794234561270594,0.6683297336042886
0.6035350812585962,0.5885483495052675,0.8962346812642732,0.5247678438870974
-0.3832338530588339,-0.40405308658902483,-0.6042260265471415,0.6391415850636815
2.511392500179181,2.4703552387673633,1.3773338412138179,-0.08518138955494539
-0.3818109050109051,-0.3626946934184293,-0.5899905049549412,0.41360366626284406
2.5143001886929164,2.553072025108554,-0.46979442638236185,-0.8498315862193278
-0.8133555257658233,-0.8176370182949799,-0.6094059872739503,-0.15971878311142512
-0.87393771653268,-0.8589954114655755,-0.6534768832405332,0.7165109464604528
-0.628943390344019,-0.6108450524420024,-0.4794159598018395,0.672256729009494
1.0359217582724718,1.0228114777965203,-0.49118893855936974,0.4060517520220668
-0.3852981627282618,-0.4247322831743226,2.868858929363357,-0.945910815147627
0.41661061806939953,0.44379397340818316,-0.3921512379193781,0.27189199553464427
0.9159338010289507,0.8987362982847338,1.2252858767827575,-0.9415684644591794
-0.5041060355035276,-0.5074490695155136,-0.6615954034534618,0.5317344847742154
-0.9397632507841037,-0.9417121978067665,-0.48167985001818736,-0.9632990976870186
-0.7505028250460872,-0.7555994285390867,-0.4485310998966994,0.5018666639519386
0.17095607572854776,0.1956436143846101,-0.8045803106939124,0.6200352420345128
0.35756068856756373,0.36107718706699216,-0.37800942039242463,-0.8591204407354847
-0.07410164228353108,-0.052506744638962974,-0.7668063279118724,0.6693870015979976
1.5292084463886608,1.560470589014262,-0.35522433988716295,-0.761965064027875
-0.3192176155666209,-0.3213363002478338,-0.6146159333016379,0.4929742849334224
0.7898311626174059,0.795340315358245,-0.3294782109201226,-0.47225475396602606
-0.44233074971950476,-0.48676987293021584,1.2262866361995868,0.474944089683564
-0.8739311958793251,-0.900353804636171,-0.6537130174849534,0.6928356953156138
-0.5065473127555898,-0.5074490695155136,1.2314516042759556,0.010501363875713156
-0.7534608025609332,-0.7349202319537889,-0.4863125790039586,0.6846229885787674
-0.8736532991667678,-0.8589954114655755,-0.45546520072491636,0.5694185368356979
-0.07724004504639688,-0.07318594122426073,-0.46577264790199624,0.5939244985470231
-0.4415805054900972,-0.4247322831743226,-0.4809864399353661,-1.2767224184649102
0.968401530820331,0.9194154948700315,1.2259605460525302,-0.051424332898667165
-0.19739624744959552,-0.21794031732134503,1.1364656674172084,0.5344720536864975
-0.07623869414722542,-0.07318594122426073,-0.4244753922667001,-0.6819902922180348
-1.2864270812008523,-1.2725793431715307,-4.563293998287815,-7.9261073883275985
-0.8150675663650887,-0.8383162148802777,-0.4783814669215219,0.6451264770994983
0.9131542187474013,0.9194154948700315,-0.49453229960735384,0.6928356953156138
-0.8750718796072607,-0.8589954114655755,-0.6366251441466602,0.5879396065112062
-0.8750069498939007,-0.9210330012214687,1.2375048868908594,-0.1947974247598398
-1.2864457819425494,-1.2725793431715307,-4.563293998287815,-7.9261073883275985
-0.5085086760722862,-0.5281282661008113,1.2530672580469446,-0.9598629767074642
0.42020746582403795,0.44379397340818316,-0.47382370118794814,0.6110673438735887
-0.012080570928944356,-0.011148351468367465,1.077600773629559,0.587316573586342
1.2168746255738678,1.2089242470642,-0.4206747553803148,-0.9877484200415374
1.461699168712909,1.4984329992583687,-0.4195765437356292,-0.028825229533138704
-0.8750367542009808,-0.8589954114655755,-0.6322697791940182,0.6692359633131818
0.5981171257499908,0.5885483495052675,-0.4999483945785827,-0.9075470908044737
-0.8185929022374144,-0.8383162148802777,-0.6206804604043703,-4.751263761718893
0.10780813089770644,0.11292682804341907,1.2081267883548772,0.05543525360834258
-0.8751176472119409,-0.900353804636171,-0.6456807050120508,0.6128609235057737
0.6008546621205203,0.629906742675863,-0.42967409380655824,0.04044470384039778
0.8493334163090446,0.8366987085288405,-0.48057789021089226,0.5238993737494081
-0.8725257490189386,-0.8589954114655755,-0.3034847032208327,-0.23216052046608843
-0.6916398106878278,-0.7142410353684912,1.2556272531094703,0.5318288837022257
0.17191276630379765,0.17496441779931235,-0.36415246322381933,0.23011102999753916
0.17229047207360423,0.17496441779931235,1.0776045217921686,0.5212750835507377
-0.5651294161370054,-0.5488074626861091,-0.48721963435554183,0.5496325215248594
1.1584879264885093,1.1882450504789024,-0.4223052061155982,-0.08078239950969247
-0.7519297100922682,-0.7349202319537889,-0.6517264913017347,0.6378955192139529
0.23173114865195663,0.2370020075552056,-0.3511313463172103,-0.05773018128971688
-1.056942836446357,-1.0451081807332552,-0.4261208356524225,0.5346797313281186
4.916667533389723,4.9311796324177966,2.93598477354311,-0.9736452201968845
0.23160633350424686,0.17496441779931235,1.225533255515007,0.3284180736268681
-0.3824822247284784,-0.38337389000372707,-0.6038811955870348,0.524748964101496
-0.7521289591131808,-0.7349202319537889,-0.6756172797769001,0.5647929893632214
-0.8122752811126166,-0.8176370182949799,-0.6007102500191045,-0.38478470727221403
1.7413276068606975,1.725904161696644,-0.4018927125423702,-1.0514865762337042
1.339703403876437,1.3329994265759866,-0.4827968024759223,-0.06018455341797011
-0.7502342787043786,-0.7555994285390867,-0.4810389142119038,0.5220491547604177
-0.8137386756660254,-0.7969578217096822,-0.42242889548172297,0.526995658588127
-1.0584823257941063,-1.0864665739038508,-0.30817740280836153,-0.19674204267683948
-0.44402781127073293,-0.4660906763449181,-0.36521694140501576,0.22165288604786762
3.1268075807604583,3.1320895294968913,1.5562036572809452,-0.9823110417881771
-0.07659157837336489,-0.07318594122426073,1.3774650269051625,-0.14990129459841325
-0.44405933801454817,-0.4660906763449181,-0.4822345780844449,0.526221587378447
-0.2592161935575402,-0.23861951390664277,-0.6168385937292767,-0.39441339792920627
-0.6916144047459825,-0.6728826421978956,-0.47968582750974875,0.6107841470895597
-0.8752857693404232,-0.8589954114655755,-0.3045604258898586,-0.3694165617922299
1.2784479248928808,1.3123202299906889,-0.4844947201381824,0.5292801126459621
0.724028389137127,0.7539819221876495,-0.4427701739653639,-0.6622797960496042
-0.014305005699154924,0.009530845116930291,-0.7808244560727011,0.6244908714365721
1.2154158754480844,1.2296034436494978,1.2954627253269264,0.03889656142103778
0.47768779409305584,0.4851523665787787,-0.4738874199523153,0.037197380716863106
0.11529301048864146,0.11292682804341907,1.0571995245441606,-0.1374217563155281
-0.1965518843557249,-0.19726112073604726,1.2331645145886565,0.6676311815370165
-0.5026152972669462,-0.5074490695155136,0.7802815227660405,0.5122505460330083
0.4163269081328606,0.4231147768228854,-0.3202614790625084,0.007310680108983847
0.7252589471532853,0.7333027256023518,1.1330098614909299,-0.07664772646286601
-0.6888154450511611,-0.6728826421978956,-0.6348560113948122,0.6665172741865022
0.41642348762123144,0.40243558023758763,1.0754118466654077,0.3403500981272968
1.1552904687518626,1.1675658538936047,-0.3947037366566838,-0.21903906947273652
-0.010612009065329516,-0.03182754805366522,0.7183843654270243,0.5808219273392726
-0.31851778336951914,-0.3213363002478338,1.2532921478035353,0.5212562037651363
-0.32186490855534167,-0.3213363002478338,-0.5839597113156972,0.6604191034370736
-0.2591610448242126,-0.23861951390664277,-0.6365314400814142,0.5621875789501535
0.35738539987195067,0.29903959731109886,1.255098762181482,0.2310738990632388
0.7854580495355378,0.8160195119435427,-0.4507874937878274,-1.0084973044180756
1.094665801464802,1.1055282641377113,0.9101478608720257,-0.12292208097323436
-0.625789024283553,-0.6728826421978956,1.111694060728729,0.6208659526009992
-0.5040693722073054,-0.5074490695155136,0.8809571704665361,0.4854223706926441
0.47910369860504926,0.44379397340818316,1.1972796057619797,0.22709026430122806
-0.5050632797191565,-0.5074490695155136,-0.60253935337271,0.5283172435802636
-0.5085601646275514,-0.48676987293021584,-0.4255811002366048,-1.2649414322492962
6.771151313069569,6.7509489319239995,0.7211692502461405,-0.9198944705881467
-0.07488242900719087,-0.052506744638962974,-0.433013706691932,0.37235133472259396
-0.3814939766516146,-0.4454114797596203,2.9406737249680286,-0.058221055715367946
1.3375690586990407,1.3743578197465822,-0.43900327054246774,0.014994752848975364
-0.5027901553533755,-0.5074490695155136,1.229000305929116,-1.1688999628922019
-0.9367734389474542,-0.9210330012214687,-0.48202468097829326,0.6696701983820265
-0.750223175138996,-0.7349202319537889,-0.42475275629982845,0.528581560578691
-0.3223671834104673,-0.34201549683313154,1.0604154480634094,0.48940600545465485
-0.5670892723215584,-0.5488074626861091,-0.6030116218615511,-0.9719837990639126
0.2314343666509089,0.2370020075552056,1.09327184150133,0.5880151256536141
-0.2589189809473089,-0.23861951390664277,-0.48142497496071796,0.5129679778858819
0.4796113253171737,0.4851523665787787,1.3759020430968567,-0.36630139716790955
-0.8750496417186964,-0.8589954114655755,-0.4574030007942069,0.5228609855413017
-0.19895726725653598,-0.1765819241507495,-0.6111188975866503,-0.1657414347184459
-0.6878929571482261,-0.6728826421978956,-0.4873320792338372,0.6886632626975835
-0.3836830399531545,-0.3626946934184293,-0.5334194866845184,-0.11984467592011684
-0.6917607195950842,-0.6935618387831934,-0.4740111093184401,0.5609226333148224
-1.0659443215827011,-1.0451081807332552,-0.9883414789668904,0.5641888362239597
-0.1925590299409673,-0.21794031732134503,1.2220699532635084,0.6543775720444513
-0.7516954279384719,-0.7969578217096822,1.1943785279019576,0.5228043461844952
-0.4439172984994858,-0.4454114797596203,1.2249073123591625,0.489821360737897
-0.5682951933408426,-0.5694866592714068,1.064924487683056,0.6531881455515292
-0.3839079102205043,-0.38337389000372707,-0.467500550865136,0.554220309426132
2.144406684488087,2.1601672899878968,-0.345640288093784,-0.4145581291664815
2.696034242569357,2.656468008035043,0.9558454594112824,-0.06903917286528236
-0.19767014564830301,-0.2799779070772383,1.2246037111877648,-1.1074840203290741
-0.5057572064188803,-0.48676987293021584,-0.6316213470625146,-0.1894922050056926
0.05382151948380252,0.07156843487282356,-0.4630552300098567,0.5946419303998968
-0.6281659562204331,-0.6315242490273001,-0.6619065009500794,0.5338867803328371
-0.6904225400407701,-0.6728826421978956,-0.49747835541869356,0.7184744441630548
-0.257944942973511,-0.23861951390664277,-0.4250188758451273,0.5228798653269031
-0.752134434001375,-0.7349202319537889,-0.8053074542402229,0.7221748821410368
0.23555664988320263,0.21632281096990785,0.9419435242913594,0.6607400597923074
-0.07525183017130971,-0.052506744638962974,-0.48216711115746735,-0.9933934759365189
0.6596604054573321,0.6505859392611607,-0.18282010432202267,-0.6920720977294742
-0.8735935982792113,-0.8796746080508732,-0.47575025676940924,0.6591919173729475
-0.5037526283948078,-0.48676987293021584,-0.5903203432646081,0.6332322121702725
-0.13457445831769782,-0.1765819241507495,0.8991320109616847,0.6024015222822962
-0.565798121441677,-0.5488074626861091,-0.6460030469964978,0.5540503913557149
-0.6289957401176518,-0.6315242490273001,-0.7547784740968727,0.6148055414227744
-0.07582687797850066,-0.052506744638962974,-0.6428920720303251,0.3987452749941135
-0.9969052740236343,-0.9830705909773619,-0.6222097107491878,0.7550068293028193
-0.2595686164166969,-0.2799779070772383,1.076821155806711,0.41366030561965045
-0.13475380704275833,-0.11454433439485624,-0.6097283292583965,0.538814404374945
-0.6891735888609029,-0.6935618387831934,-0.6381131647027694,0.5717973898215433
-0.44536869751134545,-0.4247322831743226,-0.47937473001313124,0.6091416057421905
-0.2618223018536085,-0.30065710366253606,2.81188310953107,-0.27760416440997143
2.0801234385441076,2.1188088968173013,-0.4224963624087005,-0.07090827163987522
0.6025576291691267,0.5885483495052675,-0.4224251473191134,0.5228043461844952
-0.3810226441421263,-0.3626946934184293,-0.6010400883287714,0.5201611762002234
-0.2577788816175513,-0.23861951390664277,-0.6189150758151327,-0.965923387885689
-0.13868228538453498,-0.135223530980154,-0.4804841861456463,0.6216966631674845
-0.5069126538902612,-0.48676987293021584,-0.48052916409696406,0.5709666792550578
-0.9382185018527519,-0.9210330012214687,-0.4674893063773057,0.6596450322273946
-0.6914231219949704,-0.6728826421978956,-0.5098098104050909,0.6349502726600497
0.543719313323339,0.5471899563346719,-0.4940487866306834,-0.9455332194355877
-0.13587185303074484,-0.15590272756545176,1.3188550081749824,0.5161209020814073
0.980392581730934,0.960773888040627,1.2192101051921949,-3.2873818255008693
-0.565778959332997,-0.5488074626861091,-0.6317150511277606,0.6346293163048168
0.6009852904922115,0.5471899563346719,2.941558291343953,-0.0005433107014248223
0.10675046246885118,0.11292682804341907,-0.33296025398467133,-0.143368888780141
0.3585156567060783,0.36107718706699216,-0.4851693894079552,-0.20697488647309353
-0.7505764592165203,-0.7349202319537889,-0.5175310253813759,0.6440692091057895
1.1538912349668424,1.1468866573083067,-0.44528519107657166,0.5021498607359675
-0.26084700281005807,-0.30065710366253606,2.880392025713857,0.04254036004221317
-0.19804695944194317,-0.1765819241507495,-0.25926013258724623,-0.450731798379808
1.9019838333139956,1.9326961275496215,-0.1751176301587862,-0.9058290303146976
2.020663692130472,2.0360921104761105,-0.45812639617790785,-0.9832172714970703
-0.2746460278945217,-0.2799779070772383,-0.44546135471923415,-0.2595550893745116
1.2838784910990122,1.2709618368200934,-0.6282255117379928,0.6711805812301825
-0.26018724802485016,-0.2799779070772383,-0.4560948920433705,-1.0438213832793142
-0.38055770925479737,-0.38337389000372707,1.4938829575670163,-0.6739663833372079
-0.38250901477127175,-0.38337389000372707,-0.6030228663493805,0.522388990901253
-0.5041532179669547,-0.5074490695155136,1.0549581233034715,-0.18312971725783753
-0.6916674927067875,-0.7142410353684912,2.878394255042808,0.5273543745145639
-0.9968635049328037,-1.0244289841479575,-0.3051301466065559,-0.3620723251930738
0.0487449755423678,0.050889238287525805,1.1979280378934831,0.235567288036501
-0.26020979349140305,-0.25929871049194053,-0.33403222849108766,0.032685111957998406
0.051088996634484685,0.030210041702228047,-0.4958441565207998,0.673276237431999
-0.627168296257123,-0.6108450524420024,-0.4238906788995638,0.5206520506258734
-0.010459265836269388,-0.03182754805366522,-0.4957766895938231,-0.10098377010377411
-0.26029151696293207,-0.23861951390664277,-0.6170372463475989,0.6360641800105651
-0.5049842629339258,-0.48676987293021584,-0.3771960691060873,-1.452625380918234
-0.07449346588300734,-0.07318594122426073,-0.6302157860838219,0.3310801233967424
-0.38249855711966463,-0.38337389000372707,1.072881836903761,0.5489150896719859
-0.380484351904554,-0.38337389000372707,-0.5602001085318764,0.6172221539798237
1.2838305089328153,1.2916410334053912,1.1245615029683345,-0.15607498449024973
0.04827035194840289,0.030210041702228047,-0.6295298723262197,0.643729372964954
-0.3204975398499243,-0.30065710366253606,-0.602224507713483,0.5316778454174099
0.47789239497096747,0.5058315631640764,-0.4064467301133352,0.033006068313231274
-0.6296318113977497,-0.6522034456125979,-0.4853268122375691,0.5247300843158935
1.326358671480902,1.3329994265759866,-0.30180552637162117,-1.9004161358251703
-0.07552603594800551,-0.07318594122426073,-0.801353142686834,0.388493551412257
1.2811635617106332,1.2916410334053912,0.9997326954099838,-0.8414112018408602
1.0339702682092045,1.064169870967116,-0.48282303961419076,0.22271015404157657
-0.07647657496348637,-0.135223530980154,1.2407095659222782,0.017675682404452168
-0.38245540392788624,-0.38337389000372707,-0.6289788924225718,0.43693908126684855
-0.5045164983291033,-0.5281282661008113,-0.5847168401628865,0.6423133890448083
0.7908803726515793,0.7539819221876495,1.2252521433192691,-0.9467981650709177
2.0806103037420125,2.056771307061408,-0.3661727228705272,-0.07249417363043811
-0.5029154318680679,-0.48676987293021584,-0.5100909226008296,0.6648558530535315
-0.8751493277447504,-0.8589954114655755,-0.47095635679141457,0.6575304962399767
-0.3196656029067866,-0.3213363002478338,-0.6290463593495492,0.44158350852492756
-0.5686661323949035,-0.5488074626861091,-0.4733964106504249,0.5275431723705835
-0.2574545406287393,-0.23861951390664277,-0.6618952564622499,0.24663084239924146
-0.5041226754727023,-0.48676987293021584,-0.4233996695976734,0.5274676532281757
0.2988002207106508,0.3197187938963966,-0.48480581763479996,0.5606960758875988
-0.6887220951316689,-0.6728826421978956,-0.3056174077458359,-0.37610000589531895
-0.3209729323888601,-0.3213363002478338,-0.42323475044284037,-0.36065634127292806
-0.813765588740014,-0.8176370182949799,-0.4897196588163098,-0.8863262117878881
1.4054063375416677,1.3743578197465822,1.2165976358531314,-0.9439095578738209
-0.8767549463600148,-0.8796746080508732,-0.48394374023453524,0.5405513446503236
-0.010326176840670465,-0.03182754805366522,1.197635681209915,0.523446258894962
-0.8751666751432985,-0.8589954114655755,-0.6370711754972319,-0.18137389719685645
-0.2589474011534409,-0.25929871049194053,1.0760827677725708,-0.08389756413401288
-0.32074532467741307,-0.30065710366253606,-0.48361015376225885,0.4808723423625755
-0.8737849733036198,-0.8796746080508732,1.0781704943462556,0.6592296769441514
1.0387650091976286,1.064169870967116,-0.49101277491670725,0.6937230452389057
-0.07457691179127163,-0.052506744638962974,-0.517264905836077,0.06274173063629482
-0.507174833367609,-0.48676987293021584,-0.4728491789093873,0.6082920153901037
0.1734480110753064,0.1956436143846101,-0.11327294709630784,-1.0499950731711507
-0.687716315109464,-0.7142410353684912,1.2533633628931224,0.5209918867667088
-0.6902844375239596,-0.7142410353684912,-0.6434767853974606,0.5566369219831813
-0.2005591949359391,-0.1765819241507495,-0.42367703363080256,0.46167160040539634
-0.1975857154904758,-0.1765819241507495,-0.8758666153705961,0.5883738415800509
2.2102923194784525,2.1601672899878968,1.2277484196174266,0.5769893308620776
0.421259659364699,0.44379397340818316,-0.4719083900943157,0.4841763048429155
-0.44411851601952446,-0.4247322831743226,-0.5813285011635846,-1.0810145609151467
-0.19790255157636974,-0.1765819241507495,-0.43069359403643603,0.4498150950473755
-0.5646647580698663,-0.5488074626861091,-0.49859155971381813,0.6900037274753225
-0.38383636758039275,-0.38337389000372707,-0.47525549930490935,0.4539686478798034
-0.3235138033935798,-0.3213363002478338,-0.4421667197851782,0.4871215513968188
0.48080291320219654,0.5058315631640764,-0.49754207418306073,0.6805071953175434
0.10650486144508038,0.13360602462871682,-0.4884265427159124,-0.7834502600428881
-0.07547211752663162,-0.07318594122426073,0.9093307614230796,0.5777445222861561
7.439858893818235,7.412683222653527,1.2792444257141178,-0.44197157786050606
0.7257653743112552,0.7333027256023518,-0.4824182380523273,0.2282796907941502
1.2819764288184874,1.2916410334053912,-0.47926978146005583,0.06489402619491662
-0.3825169810411724,-0.40405308658902483,-0.46867372576201816,0.5962278323904606
0.10673945117686501,0.13360602462871682,-0.4604427606707934,-1.106823227833006
-0.014343699010100916,0.009530845116930291,-0.6445375154160474,0.5896199074297795
-0.3868918165597758,-0.40405308658902483,-0.062054305032745935,-1.592675630513463
-0.0729067940718309,-0.07318594122426073,-0.49404129030546345,-1.0069114024275116
0.23185251892619577,0.2370020075552056,-0.4260121389367375,0.5205198921266602
-0.9395331516909503,-0.9210330012214687,-0.8141756069751217,1.3426779157345674
-0.32097323996684857,-0.34201549683313154,-0.4192841870520619,0.23422682325876312
1.7729430254100609,1.7465833582819417,1.1953493020179082,-0.6764773948222665
-0.44201259104826046,-0.4247322831743226,-0.48123756683022517,-0.08208510471622643
-0.8708554775105037,-0.900353804636171,-0.4818222801973615,0.5327728729823228
-0.13710170361752963,-0.11454433439485624,-0.6055941058997356,0.63223158353337
-0.6887081926065914,-0.7555994285390867,1.0727918810011245,0.5283361233658649
0.9113652221354277,0.9400946914553293,-0.6629447419930073,0.22591971759390733
-0.7518457720592223,-0.7555994285390867,1.2246599336269128,0.49031223516354805
-0.13755405856513117,-0.135223530980154,1.2631648081178728,-0.9655835517448537
-0.1406557980317748,-0.135223530980154,-0.12872287337409777,-1.0490510838910534
-0.8738059193646327,-0.8589954114655755,-0.4818560136608507,0.5348874089697407
-0.8134362034721916,-0.7969578217096822,-0.6327233068698089,-0.3464587425002647
-0.25944472400295254,-0.2799779070772383,-0.449902927411903,0.5931693071229446
-0.3852751558947263,-0.3626946934184293,-0.4130959705832039,0.3283991938412656
-0.19543147001722747,-0.1765819241507495,-0.48665366180145486,0.6998589755595371
-0.06955244080328,-0.135223530980154,1.224787371155648,-0.8875533978520143
-0.5661611557414349,-0.5488074626861091,-0.4874745094130113,0.6758250084882615
1.4642344725560377,1.4984329992583687,-0.42348962550030983,-0.07036075785741878
-0.7520191230135082,-0.7555994285390867,-0.6383230618089211,-0.14801331603821893
-0.8777566355949736,-0.8589954114655755,-0.47338141799998595,-1.02416752646769
-0.5068557827201983,-0.48676987293021584,-0.484146141015467,0.6318162282501267
-0.19740858132693218,-0.1765819241507495,-0.6640017238489838,0.5215205207635627
0.4796297492386814,0.4644731699934809,2.934939036174963,0.03872664335062062
-0.3807258928988774,-0.40405308658902483,2.8834955043548103,0.4867439556847805
0.04625590067090165,0.030210041702228047,2.932989991617842,-0.3782334216683393
-0.6902567555049998,-0.6728826421978956,-0.6188738460264236,0.6533014242651409
-0.32091661485917644,-0.30065710366253606,-0.714718112122826,0.6049880529097625
-0.44007980172669037,-0.4247322831743226,-0.4923058910171047,-0.9389064146893051
-0.44363226597759664,-0.4247322831743226,-0.588952263912014,0.511098879111289
-0.38333962912905906,-0.38337389000372707,-0.6386978780699057,0.22008586384290618
4.792686814004842,4.765746059735414,1.2725427109677105,-0.10502404422259023
0.48427596081648716,0.4644731699934809,1.0746697104686582,0.16204940290252626
1.4080871872889273,1.4157162129171776,1.0500967563985002,-0.7710462409024108
-0.07187031776637934,-0.052506744638962974,-0.48484329926089864,0.5328295123391282
-0.010858840401054254,-0.011148351468367465,-0.4215818107318981,0.23103613949203486
-0.32070703121785205,-0.3213363002478338,0.8991619962625635,0.6351013109448654
-0.9983389565433598,-0.9830705909773619,-0.48133127089547195,0.52886475736272
-0.627242514825734,-0.6522034456125979,-0.6054254385822921,0.6907022795425936
1.0928648708268769,1.1055282641377113,-0.339530783039733,-0.03380949293205303
-0.19730302056129878,-0.1765819241507495,-0.6112463351153845,0.4708849357791464
-0.4440570311796349,-0.4247322831743226,-0.7064534135681129,0.7039558890351597
-0.934312384430735,-0.9623913943920642,2.925857238171303,0.2151582398007983
-0.6918196515376697,-0.6935618387831934,-0.4738049603748988,0.6169578369813963
-0.25647625807870084,-0.23861951390664277,-0.6628735269034203,0.5235217780373688
0.4158223264428217,0.44379397340818316,-0.5896044442061271,0.2458945307607654
-0.4456650181454103,-0.4660906763449181,1.233460619434834,-1.3530156320823712
0.41634253309467356,0.4231147768228854,1.246395528601417,-0.11157532982646497
0.2309869021933237,0.2370020075552056,-0.36129636331511605,-0.08444507791646931
-0.1928626709311572,-0.19726112073604726,-0.36694109620554594,0.04497585238486496
-0.8738213290218536,-0.8589954114655755,-0.48544675344108434,0.5263159863064574
-0.8736890704868238,-0.8796746080508732,-0.46504175619307625,0.6137671532146669
-0.6301360239942024,-0.6108450524420024,-0.48395873288497426,0.5219547558324074
-0.9352806399383501,-0.9417121978067665,1.2386855581129608,0.6165424816981531
-0.13730239825498808,-0.11454433439485624,-0.7772674497559559,0.565831377571329
0.04579557945339945,0.009530845116930291,1.2270887429980937,0.5935091432637799
-0.3795608182364583,-0.3626946934184293,-0.48115885541541903,0.5271844564441467
-0.25955292993928636,-0.30065710366253606,1.2196074104288392,0.3865111739240534
-0.07742508396424361,-0.052506744638962974,-0.5680075312481875,-5.019149039624894
0.23385334449880912,0.21632281096990785,1.255286170311974,-0.3861818114067573
-0.9338677804484422,-0.9210330012214687,-0.12774460293292822,-0.9622984690501151
0.1732698311466021,0.1956436143846101,-0.6011113034183584,0.5245412864598739
-0.6306174450617118,-0.6315242490273001,-0.4229161566210038,0.5241259311766316
-0.8136020495235595,-0.7969578217096822,-0.6426821749241735,0.7034838943951112
-0.19773833568834062,-0.21794031732134503,-0.46037904190642626,0.5632448469438625
-0.9353680843604643,-0.9623913943920642,-0.3052838212735595,-0.16487296458075662
0.17156006662445122,0.17496441779931235,-0.4777555237656773,0.04571216402333999
0.10987197920015153,0.13360602462871682,-0.36480089535532284,-0.06662256030823305
-0.8119563842542,-0.8176370182949799,1.0754793135923852,0.6580213706656267
-0.4428861125354354,-0.4454114797596203,1.2155481503223742,0.7114511639191315
0.908643526031303,0.9400946914553293,-0.3426642469815655,0.04625967780579643
1.0959828811691092,1.0848490675524136,1.2545590267656634,0.13654281255429848
0.10876688224547873,0.13360602462871682,-0.4831041518099295,0.5254097565975642
-0.8737536311065977,-0.8796746080508732,-0.6480457956188646,0.6595317535137828
-0.010577345026032213,0.009530845116930291,-0.6455757564589754,-0.03484788114015948
-0.5041980013220717,-0.48676987293021584,-0.6169697794206214,-0.23085781525955448
0.10861955238901505,0.11292682804341907,-0.4697307076179947,0.6207904334585913
-0.5688870656640014,-0.5694866592714068,-0.6085626506867342,-1.0495041987454996
0.10585424172612927,0.13360602462871682,-0.125139629919084,-1.2731541389861427
1.0341027112910275,1.043490674381818,1.2689594675126967,-0.5873081674242798
1.2851738557973356,1.2916410334053912,1.2250422462131174,0.1996012964647956
0.41537009452641566,0.44379397340818316,-0.5093712753797381,0.1033332696804767
-0.8119780685023851,-0.8176370182949799,1.2262229174352188,0.6617218086436085
0.4185529115508124,0.40243558023758763,-0.4821783556452968,0.5283172435802636
-0.07254089929678041,-0.07318594122426073,-0.3513337470981421,0.031023690825026616
2.271591536051965,2.2222048797437903,2.8627906540980144,-1.3384026780264655
-0.8147391653468293,-0.8176370182949799,-0.49272568522940713,0.5678137550595325
-0.6901742630884997,-0.6728826421978956,-0.603858706611376,-0.3777236674570868
-0.506665545734347,-0.48676987293021584,-0.5104694870244237,0.6036287083464232
3.0658499910587085,3.028693546570403,2.936119707397065,-1.0229025808323589
-0.07838884883322751,-0.052506744638962974,-0.4314282339079664,-0.8799448442544305
-0.13254527405455005,-0.11454433439485624,-0.48584780684033746,0.6737859916432515
-0.8119835126327805,-0.7969578217096822,-0.4553677484970601,0.5827854250418748
-0.26018291117521314,-0.2799779070772383,-0.5482959440830015,0.5989654013027418
-0.014338131848510186,-0.011148351468367465,1.2327034905876448,0.041671889904523876
0.6026719866652294,0.5678691529199696,1.253689453040179,-0.38017803958533897
-0.6271515024989541,-0.6108450524420024,-0.7796362885253791,0.5196514219889709
-0.9379815130126574,-0.9210330012214687,-0.8175302125109344,0.7122629947000155
-0.7508793005039401,-0.7349202319537889,-0.4921222310492215,0.711545562847142
-0.8136767294591533,-0.7969578217096822,-0.490176934654711,0.7028608614702468
-0.873658989359554,-0.9210330012214687,1.2239665235440909,-0.21133611694714355
0.7855864633457125,0.7539819221876495,-0.29874702568198613,-0.21035436809584246
-0.01192404449062611,0.009530845116930291,-0.4553190223831319,-0.9360744468490136
1.8344596996214018,1.8293001446231327,-0.3467909740150073,-0.09577294927763728
-0.7532071737516639,-0.7349202319537889,-0.6033227193581678,-0.36752858323203563
0.4189097942908016,0.44379397340818316,-0.6015610829315398,0.5263537458776614
-0.998214110637851,-0.9830705909773619,-0.6151968985061639,-3.348174735139133
1.6478847988160692,1.6638665719407508,1.255972084069576,-0.6820469315748412
-0.38401328643934457,-0.3626946934184293,-0.4745208594333798,0.5481410184623059
-0.5663469636042527,-0.5488074626861091,-0.36257073860246414,-0.7642683978713125
-0.07233211535822603,-0.09386513780955849,1.1968073372731385,0.5256363140247867
0.9744958195677212,1.0021322812112226,-0.49120393120980954,0.6866808852093799
-1.2641731678233044,-1.2725793431715307,-4.563293998287815,-7.9261073883275985
-0.5040219129236888,-0.5488074626861091,1.041367285680166,-0.15505547606774472
0.23297680874734739,0.2576812041405034,-0.42189665639112517,-0.07608133289480815
-0.5070251659184333,-0.5074490695155136,-0.4796371013958206,-0.2031989293527049
0.5410232077078525,0.5471899563346719,1.2551737254336786,-0.9737396191248937
1.0344266524284544,1.043490674381818,1.0146241454589067,0.22019914255651796
-0.07497857788637786,-0.052506744638962974,-0.4727067487302132,0.6472032535157123
-0.62871024622878,-0.6108450524420024,-0.6649687498023248,0.5827854250418748
-0.32057003598180006,-0.34201549683313154,-0.46637235391957155,0.41150801006102866
-0.13629849445851244,-0.15590272756545176,-0.6020858256969185,0.5822567910450209
2.0867531590537776,2.1188088968173013,-0.49194231924394943,-0.926710073190449
-0.6301229826874926,-0.6728826421978956,1.257812431911011,0.5253531172407577
-0.568554112491513,-0.5694866592714068,-0.4852893306114704,-0.9748724062610106
0.051716117395118937,0.050889238287525805,1.0787589558760013,0.5253531172407577
0.847254619716361,0.8366987085288405,1.2263203696630751,-0.39097727694965195
3.9299294799023334,3.9592573929088015,1.0518359038494693,-0.28115356410313647
1.2189954988353697,1.1882450504789024,1.2221336720278757,-0.24103401969900318
-0.4435369783167773,-0.4247322831743226,-0.5424000842977117,-0.36728314601921064
-0.3193184088734334,-0.30065710366253606,-0.6020670848838691,0.5963977504608778
-0.8122510439671273,-0.8383162148802777,-0.6585181619507775,0.5246545651734856
-0.1347672482008534,-0.11454433439485624,-0.6544589018443132,-0.46895079148568497
-0.13686222339572887,-0.11454433439485624,-0.31744286077990386,-0.21558406870758076
-0.011316147354269678,-0.03182754805366522,0.953577821032325,0.5205765314834656
0.3549904746227467,0.38175638365228987,-0.21543286719030244,-0.7089128664864083
0.17129105891575985,0.1956436143846101,-0.3456927623703217,0.01954478117904399
3.251773441684521,3.2148063158380826,1.2096372978866452,-0.5269683726404635
1.2189589278125441,1.2502826402347957,-0.4316268865262886,-0.0026578466888427022
-0.13622578302204477,-0.19726112073604726,2.9303437888152897,0.5751957512298936
0.2330611466317781,0.2370020075552056,1.2458408005351596,0.4589906708499206
0.7844027494571935,0.7539819221876495,1.2186516289633278,-1.0894160655080118
0.8457580374979989,0.8573779051141383,-0.3633203711244335,0.22416389753292623
0.049825035648781484,0.07156843487282356,-0.5422913875820259,-0.6868612769033373
-0.873664925614731,-0.9417121978067665,1.2256906783446209,-0.14735252354215073
2.203193696325403,2.2222048797437903,0.9573109909917328,-0.3681704959425024
-0.8122538429268221,-0.8176370182949799,0.870874613046047,-0.1680070089906795
-0.19884841540642628,-0.1765819241507495,-0.6428395977537865,-0.11582328158690217
-0.75222664588231,-0.7555994285390867,1.1948545445534082,-5.806606017296426
-0.9353613484025174,-0.9417121978067665,-0.66042597671919,0.822577581972181
-0.5041063430815161,-0.5074490695155136,-0.6034651495373419,0.5674550391330957
-0.505565585332081,-0.5074490695155136,-0.4211620165195948,0.5212184441939324
0.04663019232503661,0.050889238287525805,-0.3501868093395283,0.02690789756380264
-0.6236149400300501,-0.6315242490273001,0.08813457074383003,-0.15201583058583112
0.7869592454237261,0.8160195119435427,-0.33924592268138476,-0.06764206873073805
-0.9967735691289835,-1.0037497875626598,-0.6350134342244261,0.6376123224299239
-0.6274280458683622,-0.6315242490273001,-0.6274571384029741,0.6353656279432929
-0.627653531291689,-0.6315242490273001,1.25709653285253,0.5315079273469918
-0.3194800103485608,-0.30065710366253606,-0.4824632160036459,0.5288458775771174
-0.13491642352524763,-0.11454433439485624,-0.48192348058782736,0.6393681424909051
-1.1240559229151972,-1.0864665739038508,-0.8001649751395128,-4.470294792390745
-0.6275860794388237,-0.6108450524420024,-0.47422475458720126,0.5031127298016661
-0.7504738204417772,-0.8176370182949799,1.4131737720891768,-0.34292822259270106
-0.5067035008581207,-0.5488074626861091,1.2280407763009948,0.6000415490820532
-1.2512265028604113,-1.2725793431715307,-4.563293998287815,-7.9261073883275985
-0.25952198759364925,-0.25929871049194053,-0.46985439698411946,0.488027781105712
-0.5030172401822421,-0.5281282661008113,1.2328571652546485,0.5302996210684671
0.04726518708217476,0.030210041702228047,-0.6009351397756951,-0.36841593315532745
-0.5197909135085249,-0.5901658558567047,2.9469106675508137,0.4689214380765443
-0.13624986637853995,-0.15590272756545176,-0.46182583267382726,0.48245824435313833
-0.07400524734195353,-0.052506744638962974,-0.6446799455952216,0.6627224372805111
0.6627532559201096,0.6919443324317562,-0.30114959791489776,-0.9756087178994866
-0.6301918186413059,-0.6108450524420024,-0.48732833107122764,0.6190912527544156
0.9163351595460688,0.9194154948700315,-0.6245110825916343,0.37246461343620574
-0.6274478846486167,-0.6315242490273001,-0.6517077504886852,0.5750635927306794
-0.627169495811278,-0.6522034456125979,1.2558558910286712,0.5248622428151077
-0.6272449446918428,-0.6108450524420024,-0.4733926624878154,0.6430874602544884
-0.6904735057134548,-0.6728826421978956,-0.5937424157273984,-1.0303412163595254
-0.6275301925183238,-0.6315242490273001,-0.6200245319476468,-0.22236191173867903
-0.011307135319208354,0.009530845116930291,-0.4212782095605005,0.5222001930452335
-0.2594150119692691,-0.23861951390664277,-0.78134170251286,0.5245790460310777
-0.07760052644885092,-0.052506744638962974,-0.41737262412103976,-0.19292832598524692
-0.3812586179748589,-0.3626946934184293,-0.6226894755632487,0.5536161562868702
0.11024743965064267,0.11292682804341907,-0.36384886205242173,0.22599523673631516
-1.0570618076122862,-1.1071457704891485,1.2284193407245898,-1.0241864062532915
-0.8133583247255182,-0.8176370182949799,-0.6370786718224518,-0.17508692859140818
-0.1988029861375334,-0.19726112073604726,0.97062446458191,0.5994562757283929
0.4762140649192353,0.4644731699934809,1.396513189288406,-0.8349165555937907
1.8964575180800622,1.891337734379026,2.9362246559501406,-0.675759962969393
-0.8762737098392986,-0.8796746080508732,-0.48152242718857424,-0.981083855724051
-0.3826837805843044,-0.3626946934184293,-0.4589547401146842,-0.9768170241780113
0.1678072460718739,0.17496441779931235,-0.4363645640651352,-1.007251238568347
-0.7487437557723892,-0.7349202319537889,-0.6619552270640076,0.5315645667037981
-0.9351635757559492,-0.9417121978067665,1.2533033922913648,0.5633203660862692
-0.5673084216383233,-0.5901658558567047,1.0875446490334837,0.6439370506065762
4.608017604900297,4.641670880223628,1.059036124222986,-0.018686784664895
-0.5660530728362965,-0.5488074626861091,-0.471612285248138,0.5770082106476802
-0.5056663478810945,-0.48676987293021584,-0.41266493188307113,0.3966118592210942
-0.013442864597552225,0.009530845116930291,-0.30563240039627493,-0.26648397069042556
-0.935266060741698,-0.9210330012214687,-0.7900336916050954,0.5657180988577171
1.1586939729829664,1.1675658538936047,1.3392225237968918,-0.7913797699957057
-0.44207472180192564,-0.4454114797596203,-0.6635931741245108,0.22997887149832594
-0.3831496074477997,-0.38337389000372707,-0.5739895987735042,0.2631884143721467
-0.5057526850224502,-0.5074490695155136,1.2246037111877648,0.5181787987120188
-0.32081320713946215,-0.3626946934184293,0.9281315450740727,0.5369075460291483
-0.07489445530653896,-0.09386513780955849,-0.6035438609521488,0.5313191294909732
-0.26146840262010734,-0.23861951390664277,-0.46896983060819586,-0.010738394926475988
0.355438738783102,0.38175638365228987,-0.4849932257652927,0.22780769615410162
0.6614217508081447,0.6919443324317562,-0.5113727942133967,0.01399412421207284
-0.6283398608150983,-0.6315242490273001,-0.5757474870375227,0.6634587489189872
0.11031384573834725,0.13360602462871682,-0.41379312882863556,0.32832367469885776
1.7734000555430864,1.6845457685260485,1.3169284525935205,-1.2743624452646674
-0.13786012942142975,-0.135223530980154,-0.5802527784945587,-1.0750863082361362
-0.9366725841250441,-0.9623913943920642,-0.4697719374067029,-0.1434255281369464
2.695496903823549,2.739184794376234,-0.3046278928168361,-0.6803477508706655
-0.8736555444860834,-0.8796746080508732,-0.5762347481768026,0.6534335827643541
-0.25638733728224233,-0.30065710366253606,2.9577353611680524,0.5651139457184543
-0.07672272962763649,-0.07318594122426073,-0.3356401902507121,-0.2332744278166038
-0.13354318008025112,-0.15590272756545176,-0.6521163002131584,-0.9344130257160419
0.294982747264903,0.3197187938963966,-0.3635077792549254,-0.9886168901792267
-0.012942496725955035,0.009530845116930291,-0.42357958140294627,0.20645465863830176
-0.3205730810038856,-0.30065710366253606,-0.45192693522122046,0.4339371953561389
1.5868214638018927,1.6225081787701552,-0.42366953730558266,-0.08270813764109071
0.6647119433083064,0.6712651358464584,-0.48072032039006635,-0.08085791865210033
-0.5685837937673976,-0.5488074626861091,-0.4849295070009247,0.5249377619575156
1.7760045951914138,1.808620948037835,-0.2372884033683219,-0.5575536253156138
-0.3836196173719377,-0.3626946934184293,0.028778667654290192,-1.9243368241828342
-0.3234463822985134,-0.3213363002478338,-0.4597755877262406,-1.066061770718406
-0.44218034408315654,-0.4247322831743226,-0.417657484479388,0.3553784074664455
-0.015895030110405432,-0.07318594122426073,1.24877561185867,0.01760016326204431
-0.1361297571740533,-0.135223530980154,-0.7334439325216224,0.6071025888971805
0.604136027132414,0.5678691529199696,0.9552719905319764,-1.5769676488926447
0.7261792204947036,0.712623529017054,1.356389108549992,-0.2421479270495175
0.10867076412409049,0.11292682804341907,-0.4829504771429259,-0.2194733045415822
-0.81225762613608,-0.8176370182949799,-0.424419169827552,0.5322064794142639
-0.25806957357442767,-0.23861951390664277,-0.4763199774861058,0.03479964794541629
0.9078983875965037,0.9400946914553293,-0.47526674379273876,0.6223763354491542
-0.6277649975547004,-0.6522034456125979,1.055763978264589,-0.037717608551654874
-0.5671480504751496,-0.5901658558567047,-0.42579099734275644,-0.9677358473034754
1.2170957741475574,1.2502826402347957,-0.4261770580915705,-0.07104043013908845
1.6513034358842045,1.643187375355453,1.2870968263817475,0.012899096647159972
0.7913748965413959,0.795340315358245,-0.2009049889145348,-1.3603598686815273
1.155059846776129,1.1468866573083067,1.1922945494908825,-0.9771568603188466
-0.565551566926142,-0.5488074626861091,-0.6223109111396536,0.6267564457088056
-0.8150013140663782,-0.8176370182949799,-0.47452460759598936,0.5739119258089611
0.23118984215009758,0.2576812041405034,-0.42630449562030487,0.04546672681051498
-0.7502572547801153,-0.7349202319537889,-0.42330596553242744,0.517253689217523
-0.13413865106587464,-0.15590272756545176,-0.4945885220465011,0.1620871624737302
0.6621391764661854,0.6712651358464584,1.2681798496898486,-0.35187724096802364
1.037634998425892,0.960773888040627,1.2226921482567428,0.6883611861279532
-0.7716123945176367,-0.7762786251243844,-0.2946990100633513,-0.02174530993241004
-0.1384393910470624,-0.15590272756545176,-0.29226645252956,-0.9656401911016601
-0.5651467327777547,-0.5488074626861091,-0.4820809034174413,0.5278641287258163
2.757030402550858,2.7805431875468294,1.014980220906842,-0.07796931145500245
0.2319467915796532,0.2370020075552056,1.0781217682323274,-0.9793846750198753
1.1565204423698427,1.1675658538936047,1.2562531962653147,-0.08210398450182892
-0.012805163154115623,0.009530845116930291,-0.18119340174934884,-0.6787996084513066
3.623073684577288,3.6490694441293354,-0.17541373500496474,-1.0624746114540369
-0.38613000739800296,-0.3626946934184293,-0.4732314914955919,-1.0132172508185613
-0.6286409181501852,-0.6108450524420024,-0.8442358711060958,0.5204632527698538
1.0919691729667353,1.043490674381818,1.0872110625612073,0.4149252512549805
1.2209302258982673,1.2502826402347957,-0.4670320305389045,0.5707967611846397
-0.7547599812263128,-0.7349202319537889,-0.29423798606233975,-0.24511205338902323
-0.8177783434506238,-0.7969578217096822,-0.1502448230798408,-1.0237332913988453
0.048237318072444364,0.050889238287525805,0.7310756440239665,0.24899081559948436
-0.5656024710832291,-0.5694866592714068,-0.470315420985131,0.6178263071190856
-0.3823081663448191,-0.38337389000372707,1.2809648323520375,0.37831734697280933
-1.2861457703726231,-1.2725793431715307,-4.563293998287815,-7.9261073883275985
-0.5056874784889005,-0.48676987293021584,-0.4554801933753554,0.4938993944279171
0.23724134679929562,0.21632281096990785,0.8886259111662834,-0.16764829306424167
0.2953797381745849,0.2783604007258011,1.2603724269735368,-0.07647780839244886
-0.628726640135564,-0.6522034456125979,-0.45673582784965494,0.2698152191184303
0.41503910985305326,0.44379397340818316,-0.39403656371213097,-0.0006754692006390948
-0.011636489829231761,0.009530845116930291,-0.4610537111761982,0.5955670398943924
-0.2576113438872469,-0.2799779070772383,-0.5974081187598295,-0.32956133438652413
3.2502733530770906,3.2768439055939758,-0.20514416082627193,-1.1543625279787033
-0.6446541049000454,-0.6315242490273001,-0.955380136975894,0.6534335827643541
-0.25827242125780503,-0.25929871049194053,-0.5961712250985792,0.4787200468039537
-0.38262060406547843,-0.40405308658902483,-0.45670959071138567,-0.1832429959714493
-0.38124373120021826,-0.3626946934184293,-0.6117935668564229,-1.1213417829609011
-0.31920869580495614,-0.30065710366253606,-0.5224598592133247,0.6684618921035029
-0.6261711591763933,-0.6522034456125979,-0.6499348695742277,-0.9563890961567061
-0.7479561408173859,-0.7349202319537889,-0.6448073831239567,0.7333328354317865
1.8386887124156845,1.8706585377937284,-0.4956005259511598,-0.9786483633814002
-0.44403793058655266,-0.4247322831743226,-0.547010324307824,0.5346986111137211
5.286107944459779,5.158650794856071,2.9387659101996157,0.003987837843041315
-0.1359810739744404,-0.135223530980154,1.2747353860944715,0.4029932267545507
-0.7519063034073477,-0.7349202319537889,-0.6614154916481898,0.6575682558111806
-0.9983379722937966,-1.0037497875626598,-0.6462841591922365,0.6978765980713336
-0.3205052292996354,-0.30065710366253606,-0.4564622119791353,0.3372915728597818
0.294210880302908,0.29903959731109886,-0.2704483979776401,-0.29293455031875054
-0.0738396473529762,-0.07318594122426073,1.2562606925905349,0.5304128997820788
-0.5655820786625955,-0.5488074626861091,-0.47664231947055274,0.6118225352976673
-0.2618694843170355,-0.23861951390664277,-0.4648843333634623,0.5831630207539141
-1.249899795965066,-1.231220950000935,-2.6438599257850726,0.8274108070862786
-0.873717613724151,-0.900353804636171,-0.6208153942583245,-0.17231160010792312
-0.565577834086355,-0.5488074626861091,-0.46938962482049834,0.6652712083367736
-0.1379269046027204,-0.11454433439485624,-0.4203636578836973,-1.1082014521819477
0.417919116347829,0.44379397340818316,-0.3604717675409493,0.22208712111671228
0.3588735544534292,0.3403979904816944,-0.48728710128251856,0.6783926593301255
-0.319177138303342,-0.3213363002478338,-0.6156991522958837,0.540853421219955
2.574747937121025,2.5117136319379587,1.2269200756806504,-0.2548162631884233
2.39100296911395,2.387638452426172,-0.40404415788042275,-0.11440729766675643
-0.07587689015942135,-0.07318594122426073,-0.4796670866966994,0.6129175628625801
-1.2487158052563576,-1.2725793431715307,-4.563293998287815,-7.9261073883275985
-0.2557138030031523,-0.23861951390664277,-0.4781528290023217,0.40720341894378503
-0.8132659898133879,-0.7969578217096822,-0.6653323215754801,0.5333015069791768
-0.21554384089244952,-0.23861951390664277,-0.4816048867659908,0.5276375712985938
-0.7506023265253482,-0.7349202319537889,-0.8099664203642625,0.6326280590310107
0.2973530355172327,0.2783604007258011,1.2198323001854299,0.6967060513640129
0.7909655717543775,0.8160195119435427,-0.48440101607293645,0.6399534158445654
-0.877796436186678,-0.8589954114655755,-0.49507203502317154,-0.8945200387391321
0.17057710888898847,0.15428522121401458,1.241447953956418,0.47932419994321546
-0.9381867290465459,-0.9417121978067665,-0.47690094269063255,0.6765613201267365
-0.9365324208357111,-0.9417121978067665,-0.6152568691079215,0.6589276003745199
-0.13831977396735734,-0.135223530980154,-0.37907764673623057,-0.025124791555157937
-0.25679727722523776,-0.2799779070772383,-0.4103260784145267,0.19063339830387158
-0.7505554208821108,-0.7349202319537889,-0.6355531696402438,0.5315079273469918
-0.8147247399391713,-0.7969578217096822,-0.4832390856638837,0.5313380092765746
-0.6262406410439822,-0.6522034456125979,-0.46156720945374746,-0.09377169200383013
-0.25908658019321085,-0.23861951390664277,-0.6032889858946794,0.5245601662454763
-0.6272395928348439,-0.6108450524420024,-0.7800935643637812,0.6575304962399767
0.6008548159095145,0.6092275460905652,-0.3057898232258889,-0.1670252601393784
-0.2579401755146902,-0.2799779070772383,1.0764163542448473,0.5207086899826798
0.5436649642927813,0.5265107597493742,0.8892218690212492,-0.9747591275473988
-0.6876952460172556,-0.6728826421978956,-0.48216336299485785,0.5352461248961775
-0.4423213378330584,-0.4247322831743226,-0.4760201244773185,0.654283173116442
-0.38111421010928537,-0.3626946934184293,-0.5897881041740095,-0.2794166238277579
0.6603409217567596,0.6505859392611607,1.2285955043672523,-1.1081070532539383
-0.31946976800154564,-0.38337389000372707,1.2247836229930376,0.5445349794123344
1.159974112570862,1.0848490675524136,2.911587983115614,0.5479522206062862
-0.13875530439899098,-0.11454433439485624,-0.4694870770483547,0.6267375659232032
-0.9367039570798651,-0.9830705909773619,1.226807630802355,0.6408974051246626
-0.6916529750257331,-0.6728826421978956,-0.48408991857631894,0.5305072987100893
-0.8147452553910004,-0.8383162148802777,-0.48367762068923636,0.5184808752816502
-0.19860810472405666,-0.1765819241507495,-0.6311415822484537,0.4117345674882522
0.4171180909925297,0.38175638365228987,1.1415444277535514,0.4441511593667915
-0.3792605298463425,-0.3626946934184293,-0.5736147825125195,0.6136349947154537
-0.6890427759424185,-0.6728826421978956,-0.44855733703496786,-1.088604234727129
-0.19619918467637848,-0.1765819241507495,-0.6370524346841825,0.602967915850355
0.9150955587370503,0.8987362982847338,0.7367915920039835,-0.9374904307691594
-0.504095485578524,-0.5074490695155136,-0.4216792629597536,0.5289780360763318
-0.4440569081484395,-0.4454114797596203,0.9548372036692341,0.5334525452639924
0.17415319512940725,0.13360602462871682,1.227223676852048,0.650450576639247
-0.6276640504588937,-0.6108450524420024,-0.42231645060342765,0.5182165582832227
-0.1993515207221207,-0.19726112073604726,-0.2412727002225896,-0.906168866455532
-0.3211013769568334,-0.30065710366253606,-0.590721396663862,0.6494121884311395
-0.6903107969575691,-0.6728826421978956,-0.6463703669322626,0.6272095605632528
-0.25541775918927695,-0.25929871049194053,-0.3238372261923031,-0.962581665834144
-0.13587858898869154,-0.11454433439485624,-0.5426924409812799,0.21878315863637224
-0.8135024250131031,-0.7969578217096822,-0.4677741667356548,0.6017973691430343
0.5426013596087492,0.5678691529199696,-0.3631217185061113,-0.0864652149758779
-0.5071113492707946,-0.48676987293021584,-0.4832240930134447,0.5270145383737296
-0.8134841241227909,-0.7969578217096822,-0.4542732850149848,0.547536865323044
0.6628339028686792,0.629906742675863,1.2232168910221215,0.4834399932044394
-0.0728564435551229,-0.07318594122426073,-0.6604222285565796,-0.6942055135024935
-0.6890714114531424,-0.6728826421978956,-0.46740309863727963,0.2086824733393314
-0.8135997119308473,-0.7969578217096822,-0.44911581326383493,0.5544279870677531
0.7257650974910654,0.7539819221876495,-0.4230360978245182,-0.9837081459227214
0.10926924937400076,0.09224763145812132,-0.6038699510992054,0.5143084426636197
-0.19741971565011363,-0.25929871049194053,1.2526774491355201,0.4758125598212533
-0.6879084898366424,-0.6935618387831934,-0.48778185874701846,0.6876059947038745
-0.38327869792954883,-0.3626946934184293,-0.309620445413153,-0.16929083441161097
1.900754167274004,1.9326961275496215,-0.48633506797961745,-0.8490008756528423
0.053265356965101866,0.050889238287525805,-0.4889925152699994,0.522143553688427
-1.2641772893683496,-1.2725793431715307,-4.563293998287815,-7.9261073883275985
2.641143751720819,2.656468008035043,1.2236329370718144,0.12485622526669478
-0.6288013508289565,-0.6935618387831934,1.2332357296782435,0.5699282910469504
0.7935963478051189,0.795340315358245,1.386558069396652,-0.9365464414890622
-0.5685589107081327,-0.5488074626861091,-0.4814662047494262,-0.3633183910428024
-1.2868394510099563,-1.2725793431715307,-4.563293998287815,-7.9261073883275985
-0.8136152446192637,-0.8589954114655755,1.2229920012655306,-1.0131039721049495
-0.568109754571611,-0.5694866592714068,-0.48245946784103555,0.5227665866132913
-0.7505881164222823,-0.7969578217096822,1.3989944729361254,-0.3495927869101876
0.47801462646357423,0.4851523665787787,-0.42324599493066983,-0.07951745387436246
1.9592128396086577,1.9947337173055149,-0.008882870249453681,-1.6404603678719865
0.04713105232141537,0.07156843487282356,-0.8000300412855578,0.5436853890602465
-0.7520579393556496,-0.7349202319537889,-0.4841836226415657,0.5700604495461646
-0.6888694557459315,-0.6728826421978956,-0.6219810728299876,0.6035154296328115
-0.07311853075907429,-0.052506744638962974,-0.6112725722536538,0.5570145176952196
0.6065717372228855,0.6092275460905652,0.8910097425861465,0.6481472427958095
0.36038899120248247,0.38175638365228987,-0.4878380811861665,0.6863788086397484
1.0980418082237395,1.1055282641377113,1.2163689979339305,0.6771843530516009
-1.264182948803337,-1.2725793431715307,-4.563293998287815,-7.9261073883275985
-0.2600712603654087,-0.23861951390664277,-0.6389977310786937,0.6540943752604224
0.2344157508506751,0.2370020075552056,1.2574788454387347,-1.2771755333193575
-0.012938621243300617,0.009530845116930291,-0.45123352513839915,0.489821360737897
1.4632750752944896,1.4363954095024754,-0.48066409795091913,0.5281284457242439
-0.13539799838175104,-0.11454433439485624,-0.5418566007192844,-0.6641677746097986
-0.13628828286929615,-0.15590272756545176,1.2353946713415151,0.1597271892734873
-0.2579512175644753,-0.23861951390664277,-0.7211537073239342,0.5121372673193966
0.05070507778931154,0.050889238287525805,1.0770685345389603,0.5220869143316217
-0.8737815284301493,-0.8796746080508732,-0.4810838921632216,0.5314135284189825
0.046935617267559335,0.009530845116930291,1.2259717905403595,0.4617659993334067
-0.6904775042273046,-0.7142410353684912,-0.46878242247770313,0.6476752481557609
-0.7518137531906256,-0.7349202319537889,-0.6474685785769482,-1.145715586173013
-0.3827088789481613,-0.40405308658902483,-0.42468528937285094,-1.0381952071699352
-0.3821312782436663,-0.40405308658902483,-0.40059210011675367,0.3408787321241518
-0.6271802610408734,-0.6108450524420024,-0.6003654190589987,0.833660016120523
0.5416880067720709,0.5265107597493742,-0.2815766927662764,-0.09913355111478268
0.97516886172203,0.9194154948700315,1.2221186793774366,-0.20151862843413168
-1.0640176223053022,-1.0864665739038508,-0.30346221424517383,-1.844192134302577
-0.37865370923294556,-0.3626946934184293,-0.48684481809455715,0.6223196960923488
-0.8725620432215748,-0.8589954114655755,-0.4870996931520266,0.6878325521310981
1.154768047538494,1.1468866573083067,1.2258031232229163,0.036933063718435605
-0.013783384188556297,-0.011148351468367465,0.8944093260732779,-0.07064395464144772
1.2189336449018944,1.2296034436494978,1.2112939857601979,-1.002248095383831
-0.4440331016121341,-0.4247322831743226,-0.4619532702025616,-0.47840956407226004
1.1600850559512925,1.1882450504789024,-0.4901432011912227,0.687908071273506
0.8473544595314093,0.8573779051141383,-0.48229829684881204,-0.9622418296933096
0.35473103258949595,0.29903959731109886,1.2309306096731873,0.5134210927403291
0.04855403112714304,0.030210041702228047,-0.4842848230320316,0.4433770881571115
-0.3848832707796525,-0.3626946934184293,-0.19058254908701594,-0.8979561597186865
-0.5050926226592539,-0.5488074626861091,1.2533146367791943,0.5198779794161934
-0.1358643173700278,-0.11454433439485624,-0.6018946694038161,-0.9757786359699038
0.04873968520096641,0.030210041702228047,-0.4206747553803148,0.5151580330157076
0.23004377580736415,0.21632281096990785,-0.45207686172561445,0.048015497866777515
1.1610267059629078,1.1468866573083067,-0.1744392127264039,-0.8805867569648963
0.4814320947353534,0.4851523665787787,-0.6026892798771041,0.23430234240117098
-0.32231311120009914,-0.34201549683313154,1.233411893320906,0.4750007290403704
-0.8134030465650376,-0.8176370182949799,-0.6192936402387269,-0.18766086580230365
1.1577382358994812,1.1468866573083067,1.118856799476147,-0.7514867830187949
0.4063420654096688,0.4231147768228854,-0.35924237020491984,-3.1805033592082577
-0.9955180357801636,-1.0037497875626598,1.2240752202597764,0.6568130643871021
-0.074323529044393,-0.052506744638962974,-0.4238044711595369,0.2140632122358854
-0.6271087184007619,-0.6108450524420024,-0.4705103254408428,0.632684698387816
-0.5646380603004695,-0.6108450524420024,1.2212940836032697,0.7143775306874334
1.279114877003018,1.3123202299906889,-0.42560358921226366,-0.05623867822716329
-0.44416951245000813,-0.4454114797596203,1.0447668691672973,-1.0290007515817876
0.2938979196996682,0.2783604007258011,1.2530672580469446,0.5193493454193395
0.16803940593754985,0.1956436143846101,-0.3248867117230605,-0.09454576321351013
0.11270317306816176,0.11292682804341907,1.0736352175883406,0.5209352474099024
-0.19739280257612493,-0.21794031732134503,-0.48222333359661546,0.5246734449590881
0.9684324731659684,0.8987362982847338,1.2308481500957709,0.040652381482018864
-1.058562726680285,-1.065787377318553,1.2363242156687573,0.6346859556616222
1.5840147531417625,1.5397913924289641,2.9376714467175407,-2.6174137536302426
0.11026644797032825,0.050889238287525805,2.935707409509981,0.24306256292047393
-0.25798252900369856,-0.23861951390664277,-0.4595769351079184,0.15378005680887438
-0.3196847957732654,-0.3213363002478338,-0.7428780578106082,0.6096324801678416
-0.6887127447608203,-0.6728826421978956,-0.6182066730818716,-0.3022989239773153
0.5429604261524563,0.5265107597493742,1.2547614275465953,0.5114387152521244
-0.6906340614234215,-0.7142410353684912,-0.4841536373406869,0.5336791026912161
-0.8751988170430908,-0.900353804636171,-0.626276467180872,0.6779017849044755
-0.07577012983963304,-0.052506744638962974,-0.6522549822297229,0.6548684464701023
-0.25763105963630606,-0.23861951390664277,-0.8077512562618427,0.6402743721997983
-0.19643500472011682,-0.23861951390664277,1.2348999138770151,0.5565236432695695
-0.4426653022975329,-0.4247322831743226,-0.4434973175116743,0.5604506386747738
-0.1962091194454052,-0.19726112073604726,1.0964765205327487,0.5810107251952923
0.543633222244374,0.5471899563346719,1.2267476602005973,0.7009728829100526
-0.4456971292874036,-0.4247322831743226,-0.4725568222258192,0.5707023622566304
-0.44403626966541504,-0.4454114797596203,1.2564893305097349,0.5171404105039124
-0.445251325750956,-0.4247322831743226,-0.475694034330262,0.6249439862910192
-0.25933577987944656,-0.2799779070772383,-0.3901872007118175,0.21357233781023538
-1.0598975843923242,-1.065787377318553,-0.6502084854447466,-0.1751813275194185
-0.6271614680257797,-0.6108450524420024,-0.41985390776875836,-0.36222336347788947
0.17374602338830783,0.1956436143846101,-0.6603809987678714,0.6905134816865749
2.8807513108089027,2.8839391704733184,-0.3323792887801445,-1.572134423778547
-0.1358579197478684,-0.1765819241507495,1.1930179448745828,-1.2902969843127094
1.3429211617603207,1.3743578197465822,-0.3084472705162708,-0.7878303703025396
-0.5044169968498423,-0.5281282661008113,0.7355397056922951,0.6960830184391485
-0.4425525134491713,-0.4247322831743226,-0.6045858501576864,0.5207653293394852
-0.5057959304876251,-0.5488074626861091,1.2209642452936038,0.5070397252068715
-0.997863717793418,-1.0451081807332552,1.1943073128123707,0.5451580123371987
-0.8736614499834615,-0.8796746080508732,1.231477841414225,-0.22693081985435015
-0.7505238326226978,-0.7762786251243844,1.246991486456382,0.5951894441823532
-0.813444815655868,-0.8383162148802777,-0.6529333996621052,0.5882039235096338
-0.7492514440001113,-0.7555994285390867,-0.4894310502953512,0.6954788652998857
-0.32374725508680724,-0.30065710366253606,-0.39425020898089214,-3.1440464932109013
-0.32097311693565317,-0.34201549683313154,1.2555972678085914,-0.9751178434738356
0.23184221506358296,0.2370020075552056,1.0229338219649375,0.03421437459175593
-0.6901725714095632,-0.6935618387831934,-0.6020146106073314,-0.9868799499038482
-0.19983103480610173,-0.19726112073604726,-0.34591015580169326,-0.08155647071937248
-0.13971460938714259,-0.11454433439485624,-0.3570909248668673,0.04658063416103034
-0.07316036136550234,-0.052506744638962974,-0.4877143918200418,0.6849061853627963
-0.5064699261336979,-0.5074490695155136,1.0974547909739192,0.686643125638176
-0.8752257301170795,-0.900353804636171,-0.48041671921866874,0.6762781233427076
0.724146253022298,0.7539819221876495,-0.48289425470377784,-1.28584135491065
0.10941476452033262,0.11292682804341907,1.378979284599541,0.22303111039680942
-0.688755436585616,-0.6728826421978956,-0.5013464592320556,0.6077067420364433
-0.8122432930018185,-0.8176370182949799,0.8936259600878194,-0.3779691046699118
-0.19703379754801564,-0.1765819241507495,-0.35951223791282827,0.0847744404337654
-0.7507554080901958,-0.7349202319537889,-0.4621444264956639,0.5654349020736872
0.35836408227337396,0.38175638365228987,-0.422320198766038,0.5194815039185527
-0.011815746280895737,0.009530845116930291,-0.4749743871091706,0.4934273997878685
0.47384067012922204,0.4644731699934809,-0.12565687635924283,-1.0962127883247126
0.5375287526655664,0.5471899563346719,1.0868250018123922,0.01928046418061754
-0.8123095760583278,-0.8796746080508732,2.939110741159722,0.7074297695859169
0.7872835864125384,0.795340315358245,-0.36140880819341137,-0.07481638725947812
0.9083940495248778,0.8987362982847338,1.2540267876750657,-0.6704736230008482
-0.8736957756869717,-0.8589954114655755,-0.4673993504746701,0.6095380812398312
-0.6287279934787131,-0.6728826421978956,-0.44950187401264907,0.5189528699216988
-0.01256685172867085,-0.052506744638962974,1.4818663482398462,-0.9985665371914518
0.6036526068079797,0.5885483495052675,1.2552149552223868,-0.09320529843577226
-0.0746878244139037,-0.052506744638962974,-0.4523992037100614,0.521652679262777
-0.13450063960047193,-0.11454433439485624,-0.6328994705124722,0.48919832781303274
-0.7519530245037921,-0.8176370182949799,1.249052975891798,0.4740378599746708
-0.813446784154994,-0.7969578217096822,-0.4619682628530014,0.5743272810922033
-0.6903401706554653,-0.6728826421978956,-0.62216473279787,0.6645726562695015
0.04881138163007237,0.030210041702228047,1.2405971210439828,0.46576851388101886
1.3451220052988182,1.3123202299906889,1.223198150209073,0.37450363028121575
0.11010579998696524,0.09224763145812132,-0.4213419283248676,0.2642456823658556
-0.38065791816343186,-0.3626946934184293,-0.47921355902090773,0.3872852451337323
0.7244184595420693,0.6919443324317562,2.82660964042516,0.03523388301426093
-0.6902021911698502,-0.7555994285390867,1.2542741664073151,0.5309226539933314
1.3401423176659435,1.3743578197465822,-0.42292365294622286,0.23602040289094814
0.970931267501869,0.960773888040627,-0.42275873379138984,-0.08153759093376999
-0.9968632588704132,-1.0244289841479575,-0.30256265521881043,-0.3757224101832797
-0.009226554774191875,0.009530845116930291,-0.5012002808902719,0.504736391363434
-0.4455809263233704,-0.4247322831743226,-0.4617321286085805,0.5704191654726014
-0.44245012073681905,-0.4247322831743226,-0.4589959699033924,0.606101960260278
0.41941056201378385,0.40243558023758763,0.7754501411619479,0.2347176976844142
0.17437818842795247,0.1956436143846101,-0.49475344120133413,0.6817910207384759
-0.5050832415306065,-0.5074490695155136,-0.6622063539588674,0.5323763974846821
0.3554155474027735,0.36107718706699216,-0.4828117951263613,0.23494425511163672
-1.2641836869905092,-1.2725793431715307,-4.563293998287815,-7.9261073883275985
-0.6283885504106687,-0.6522034456125979,-0.42214028696076517,0.42274148249418625
-0.5647751478099181,-0.5488074626861091,-0.49349031040181635,0.7115833224183448
1.5280263011478834,1.5397913924289641,1.1188680439639764,-0.5298758596231627
-0.19885967276080324,-0.1765819241507495,-0.4691047644621501,0.6031755934919761
-0.7517245248161785,-0.7969578217096822,1.2284193407245898,0.5669264051362418
1.0920273667221485,1.1055282641377113,1.2234155436404437,-0.397660721052741
-0.2618041855100893,-0.23861951390664277,-0.4525416338892356,0.5181787987120188
4.607937880685694,4.579633290467735,1.296159883572358,-0.17557780301705925
-0.20221559467709518,-0.21794031732134503,-0.12718612670406035,-1.1032360685686358
-0.5671996313038113,-0.5694866592714068,-0.598693738535007,0.652527353055461
-0.44270396485068014,-0.4454114797596203,-0.5522839890998787,0.19021804302062942
-0.19737514759958838,-0.23861951390664277,1.252842368290354,0.5251831991703406
-0.3824338427108965,-0.38337389000372707,1.226564000232715,-1.0915117217098282
-0.13699202130685126,-0.11454433439485624,-0.3118955801173295,-0.1451058290555196
-0.6272996320581877,-0.6315242490273001,-0.4937414372966754,0.6281535498433499
-0.6886892458025033,-0.7142410353684912,-0.6613292839081629,0.825220751956454
-0.9970174169582201,-1.0037497875626598,-0.48393624390931533,0.6798086432502712
-0.5054229306610416,-0.5281282661008113,0.8748626580629242,0.6145789839955509
-0.6887145594709522,-0.6728826421978956,-0.4262257842054987,0.5276186915129913
-0.9970063441506362,-0.9830705909773619,-0.4916349699099415,0.6954222259430803
-0.38463966901280655,-0.3626946934184293,-0.5427111817943292,-0.6901274798124735
-0.8133484207142903,-0.7969578217096822,-0.4439133635613673,-1.1353883434487486
1.6451908154887032,1.6225081787701552,1.1705064802398406,-1.0754639039481746
-1.02919868673292,-1.0244289841479575,-0.6595001805545574,1.4757237648714747
-0.3818989030733984,-0.40405308658902483,1.0529641007950328,0.5073040422052979
-0.3787707426575477,-0.3626946934184293,-0.45169829730202027,0.4875746662512659
-0.25784104312901535,-0.23861951390664277,-0.621283914584556,0.6676878208938228
-0.5687085781573085,-0.5488074626861091,-0.4730740686659788,0.5836538951795651
-0.13437530157018185,-0.135223530980154,1.25269244178596,0.5195570230609605
-0.015267263435995554,-0.011148351468367465,1.193287812582492,0.03685754457602775
1.7689526623770095,1.7879417514525373,1.2254095661488822,-0.1781643336445257
-0.38322154993929625,-0.40405308658902483,-0.5344277424265668,-0.6563326635849913
-0.25778081935887837,-0.23861951390664277,-0.4189805858806643,0.2586195062564766
0.10899901135335568,0.07156843487282356,1.0784141249158954,0.5754034288715147
-0.7518864953848919,-0.7349202319537889,-0.5011627992641732,0.09041949632874689
0.41641961213857703,0.36107718706699216,2.944909148717157,0.024963279646802963
1.8307973069974262,1.8499793412084304,0.9956434500026399,0.04695822987306857
-0.1365510159870234,-0.135223530980154,-0.30925312547738737,-0.21769860469499863
0.11024897754058494,0.09224763145812132,-0.4818972434495589,-0.06986988343176773
-0.8750740941687776,-0.8589954114655755,-0.46661598448921154,0.6581724089504424
0.5406430413141383,0.5471899563346719,1.255743446150376,-0.07559045846915707
1.0361586548391695,0.960773888040627,2.9369892811225498,0.2858252773088791
0.29308234590551563,0.3197187938963966,-0.6329182113255216,-0.5115247080180715
-0.4423573552155049,-0.48676987293021584,1.0739837967110561,0.6972346853608667
0.3610891617353717,0.38175638365228987,-0.4663798502447915,-0.5815120732444826
1.4007102368141366,1.3123202299906889,2.877925734716577,-0.9848220532732357
1.0954889416774705,1.0848490675524136,0.9537502365123779,-0.07617573182281744
-0.32040249825149575,-0.3213363002478338,0.9084349505593258,0.3517912482020755
-0.07438876633574161,-0.052506744638962974,-0.4528677240362921,0.41894664558819517
-0.8736600043669159,-0.900353804636171,-0.28042975500766265,-0.28491064143792366
-0.8766064477071951,-0.900353804636171,-0.47610633221734455,0.6513568063481402
-0.6915903213894874,-0.6728826421978956,-0.4774894042203784,0.6526217519834703
-1.2799136559286122,-1.2725793431715307,-4.563293998287815,-7.9261073883275985
1.1522887536470603,1.1675658538936047,-0.3518809788391797,-0.02827771575068227
-1.2863299173143032,-1.2725793431715307,-4.563293998287815,-7.9261073883275985
-0.2576862698852314,-0.23861951390664277,-0.613555203283051,0.6151642573492112
-0.8737304397262691,-0.8796746080508732,-0.6471199994542327,0.5721183461767761
3.069240669287694,3.1114103329115936,-0.31141206714065983,-0.368887927795376
0.23529523935082605,0.2370020075552056,-0.5415792366861553,0.5225400291860678
2.270668033141668,2.304921666084981,-0.49087784106275223,-0.8960681811584911
1.53014892760392,1.560470589014262,-0.29055729037946965,-1.5926001113710553
-0.6276576528367341,-0.6522034456125979,-0.4267842604343658,0.5321875996286625
1.0350749345546937,1.0228114777965203,-0.315407608482757,-0.9251052914142835
-0.6881778973967186,-0.7349202319537889,2.9443206871874104,0.5732511333128929
-0.7502198532967207,-0.7349202319537889,-0.6663443254801387,-0.0792720166615364
-0.1959463555698792,-0.1765819241507495,-0.4241118204935449,0.5310170529213417
0.5411110519813516,0.5678691529199696,-0.16021493562203387,-0.8050298549859115
-0.6891998252633169,-0.6728826421978956,-0.48804797829231816,0.8268632933038221
-0.012752967169477028,-0.011148351468367465,1.2528985907295014,0.5345664526145067
-0.7496903885474169,-0.7349202319537889,-0.29722152349977815,-0.19906425630587948
-0.8133513734629793,-0.7969578217096822,-0.7776122807160617,0.6843397917947385
-0.3834037898974481,-0.3626946934184293,-0.5830676486145537,-0.20665393011786065
1.3421456346202632,1.2502826402347957,-0.36117642211160084,-0.07591141482439098
0.9080800739142766,0.9194154948700315,-0.17152689037855254,-0.8039725869922025
-0.01693199854063858,0.009530845116930291,-0.3213222090810953,-0.10434437194091953
-0.3805144637896225,-0.3626946934184293,-0.4802592963890556,0.5286948392923028
-0.7543038123116547,-0.7349202319537889,-0.958989617569177,-0.8672387485443208
-0.5654735343904742,-0.5901658558567047,-0.569506796292127,-0.45537622563788693
-0.2594398335129364,-0.2799779070772383,-0.6020483440708198,0.5249188821719131
-0.13782017504073105,-0.15590272756545176,-0.4309034911425877,-1.0167288909405234
-0.07460816171489731,-0.052506744638962974,-0.4473616731624268,0.5333581463359832
-0.5056195652690526,-0.5074490695155136,-0.8055585811350828,0.6924014602467692
-0.2615760241582631,-0.23861951390664277,-0.5025721084054755,0.6627035574949096
-0.19672615804397603,-0.19726112073604726,1.2255519963280563,-0.03037337195249871
-0.8119539236302923,-0.8383162148802777,-0.6167673786396897,0.5628294916606192
-0.07449060540771484,-0.052506744638962974,-0.4484598848071116,-0.26376528156374485
-0.19636198570566082,-0.1765819241507495,-0.6434917780479004,0.541665252000839
-0.812264731187613,-0.8176370182949799,-0.6305006464421702,0.6582290483072478
-0.13475940496214803,-0.15590272756545176,-0.5169500601768499,0.6539055774044027
-0.8762751862136432,-0.900353804636171,-0.4812825447815438,0.5207464495538837
0.29538019954156747,0.3197187938963966,-0.4716422705490168,-0.3215185457200958
-0.752203146923993,-0.7349202319537889,-0.4824782086540849,-0.9785917240245938
0.6658347875129125,0.5885483495052675,2.938342367824704,-0.40630766285843106
-0.8753143125777506,-0.8589954114655755,-0.47758685644823473,0.6552460421821407
-0.6890483123462104,-0.6728826421978956,-0.5028419761133848,0.6306079219716021
-0.5670148384483554,-0.5694866592714068,1.091086662699789,0.678656976328553
-0.38348926582043613,-0.3626946934184293,-0.481402485985059,0.5194626241329513
3.8068677420313186,3.7731446236411217,1.3336115243699511,-0.3189508948782308
-0.6287053557387637,-0.6315242490273001,-0.607389475789852,0.5696450942629214
-0.19558175262238017,-0.1765819241507495,-0.4978719124927276,-0.7153886329478762
-0.8764497674798828,-0.900353804636171,-0.4800718882585629,0.6836789992986703
-0.2589803427560029,-0.23861951390664277,-0.6451409695962331,0.36232616856796096
0.35443631136097087,0.38175638365228987,-0.46877492615248406,-0.7925691964886278
-0.5055844398627725,-0.5281282661008113,-0.6025505978605395,-0.3813297065070583
-0.5036239685222426,-0.5281282661008113,-0.6011637776948962,0.5260894288792338
-0.07444197732774212,-0.11454433439485624,1.2380258814936278,0.42451618234076877
-0.6906163756890861,-0.7142410353684912,-0.427147832207521,0.5255985544535827
-0.9968102631830045,-1.0037497875626598,-0.6408380789201288,-1.073330488175155
0.47947469917470786,0.4644731699934809,-0.6028954288206454,-0.07608133289480815
0.7277008088035257,0.629906742675863,2.951528403886147,-1.6706491450494971
-0.4438879555593884,-0.4247322831743226,-0.6025093680718313,-1.0952687990446155
-0.4422425978680173,-0.4247322831743226,-0.4329050099762462,0.44490635079086904
-0.7519265420389872,-0.7762786251243844,-0.6512804599511629,0.6198086846072902
-0.0750567949688385,-0.09386513780955849,-0.6426446932980747,0.6445789633170419
-0.9998345545121584,-0.9830705909773619,-0.4582013594301044,0.6025336807815104
2.1406932339180305,2.0360921104761105,2.9363520934788747,-0.3789508535212129
0.17034491826551376,0.1956436143846101,-0.35013808322560097,0.04654287458982641
0.04856307392000313,0.050889238287525805,-0.47126745428803213,0.3270964886347316
0.7866758738229745,0.795340315358245,-0.6051893043378721,-0.36178912840904487
-0.75072575757211,-0.7969578217096822,-0.6024981235840018,0.5369830651715561
2.45146772660482,2.491034435352661,-0.2795414404691287,-1.1530787025577718
0.7879807426811408,0.8160195119435427,-0.4897346514667488,-0.8942746015263071
4.175207239207344,4.186728555347077,-0.1998704960342172,-1.5035252829010777
-0.693645619023854,-0.6728826421978956,-0.4222977097903783,-1.280913730868542
1.4029710273025813,1.3536786231612845,-0.10349024268460667,-1.691926663422889
-0.31952482446147673,-0.34201549683313154,-0.6342150755885285,0.6640817818438515
0.29191121195672437,0.29903959731109886,-0.4602216190768123,-0.7613420311030107
0.7854735514661555,0.712623529017054,2.9429301188591572,-0.06598064759776731
0.17281258570898442,0.1956436143846101,-0.4837076059901152,0.5220302749748152
-0.6275305923697088,-0.6315242490273001,-0.4695283068370629,0.576517336222029
0.416380734280838,0.4231147768228854,1.0268019257782997,0.046712792660243564
-0.5029724875849237,-0.5281282661008113,1.2441541273607282,0.5346608515425172
-0.26057089004983375,-0.25929871049194053,-0.5125946952242071,0.006102373830459195
-0.44346297505275817,-0.4247322831743226,-0.6170597353232579,0.2919612076295116
1.215423657171192,1.2089242470642,-0.44407453455359075,0.291243775776638
-0.7541096998431489,-0.7555994285390867,-0.3650032961362546,-0.9737207393392923
0.9093695331152215,0.9400946914553293,-0.4253262251791353,-0.07296616827048669
2.637023590776645,2.6357888114497454,1.2198735299741381,-0.7816378006251016
0.10926531237574881,0.11292682804341907,-0.6019621363307937,-0.3603165051320927
2.3882998507203275,2.40831764901147,-0.18237032480884058,-0.688560457607512
0.2951876557208029,0.29903959731109886,-0.3304227478978046,-0.14980689567040395
-0.07471870524394333,-0.07318594122426073,-0.4629277924811224,0.48081570300576904
-0.3224472459608587,-0.34201549683313154,-0.48118884071629786,0.5196514219889709
-0.7505331522357477,-0.7349202319537889,-0.46769920348345734,0.6071025888971805
-0.5057274328695991,-0.48676987293021584,-0.8028636522186021,0.6414637986927205
0.9115430637283451,0.9400946914553293,-0.3428029289981301,0.06283612956430516
-0.4427873184855479,-0.4247322831743226,-0.4898733334833134,0.3230184549447116
-0.32151380828153525,-0.3213363002478338,-0.6228356539050324,0.5138175682379698
0.10984583507113396,0.11292682804341907,-0.4257535157166577,0.3590222060876209
0.5936235036122511,0.5885483495052675,-0.6076518471725414,-3.4675138599290283
3.806698574137675,3.814503016811717,-0.4715373219959414,-0.2819465150984179
-0.8752116738030076,-0.8589954114655755,-0.6508081914623219,-0.13621345003700344
-0.3231903851387332,-0.30065710366253606,-0.3426942322824443,-1.0031920846639284
0.9690875835235507,0.9194154948700315,1.2245662295616668,0.012483741363916763
-0.5052271572713983,-0.48676987293021584,-0.4517957495298758,0.43012347866454637
-0.8765476080380062,-0.900353804636171,-0.47709209898373484,-0.9967918373448693
-0.7505975283087285,-0.7762786251243844,2.863180463009438,-0.16321154344778482
-0.6286525138403495,-0.6108450524420024,-0.6025056199092217,-0.38385959777771833
0.8478427088302619,0.8160195119435427,2.9371729410904313,-0.08387868434841145
-0.9353360654918674,-0.9417121978067665,-0.30399445333577163,-0.3704171904291335
-0.44541834059867996,-0.4247322831743226,-0.48847526882984055,-0.8752248978539438
-0.2615384996436731,-0.23861951390664277,-0.1882999180576187,-0.865086452985699
-0.3834645365501653,-0.40405308658902483,1.2336217904270577,0.40221915554487175
-0.19890614779485685,-0.21794031732134503,-0.4224213991565039,-0.0680951835851852
-0.19790882616733407,-0.1765819241507495,-0.6628922677164697,0.5273166149433599
-0.630368460680068,-0.6315242490273001,-0.47940471531401,0.4491920621225112
-0.7515902977820225,-0.7349202319537889,-0.6435405041618285,0.09834900628156343
0.10735835960520783,0.13360602462871682,-0.47793168740834063,0.5118163109641637
2.205722571788573,2.2222048797437903,1.2450836716879703,-1.0371001796050223
-0.26320511097404564,-0.23861951390664277,-0.43676186930177874,-1.1198880394695514
0.11174399111120566,0.11292682804341907,1.1951319085865366,0.22029354148452726
0.36125208579584933,0.36107718706699216,1.086603860218412,0.5694940559781058
0.2914752816737056,0.29903959731109886,1.2406196100196425,0.004610870767905605
5.345795452373856,5.365442760709049,0.9444585414025671,-0.014552111618068539
0.1702971514039087,0.17496441779931235,-0.4259296793593202,-0.149523698886375
-0.8122417551118764,-0.8383162148802777,-0.425322477016525,0.5211806846227284
-0.4451924245661693,-0.4660906763449181,1.0592422731665272,0.6711994610157851
-0.4456507157689478,-0.4247322831743226,-0.441694451296338,0.5166117765070573
-0.7522275993740741,-0.7969578217096822,-0.42197911596854165,0.5240315322486213
-0.19887735849513882,-0.21794031732134503,-0.48360265743703895,-0.37045495000033746
0.10889292770514218,0.09224763145812132,-0.4823807564262286,0.5183298369968344
-0.25895970427297854,-0.30065710366253606,1.2241764206502423,0.43389943578493495
-0.13734019958976765,-0.11454433439485624,-0.4269754167274681,0.24529037762150255
1.0371869495701287,0.9814530846259248,2.942446605882486,0.6795065666806409
1.278606604377118,1.2916410334053912,-0.30351468852171154,-0.08384092477720752
1.0329800516332144,1.0021322812112226,2.9979006716951764,-0.0639416307527573
-0.19511038935509303,-0.1765819241507495,-0.4409035889856604,0.46829840515168
-0.9368374766846477,-0.9417121978067665,-0.5106868804557945,-0.12178929383711756
-0.5672593937069657,-0.6108450524420024,2.9360597367953076,0.4279711831059245
-0.13341553521504765,-0.135223530980154,-0.5449338422219688,0.5206331708402719
0.41611317218869237,0.4231147768228854,-0.3027388188614729,-0.3767230388201832
-0.812246553328496,-0.8176370182949799,-0.6337053254735897,0.6392171042060893
-0.8733361555028853,-0.8589954114655755,-0.4823695119383991,0.8331880214804743
0.04892779989869765,0.07156843487282356,-0.609214830980848,0.47122477191998074
-0.4425735517835807,-0.4247322831743226,-0.6005790643277598,0.5174991264303491
-0.31923410174680145,-0.30065710366253606,-0.4022113063642076,0.332571626459296
0.5449927477110861,0.4851523665787787,1.2243975622442236,-0.827100324354586
-0.6297931668104864,-0.6108450524420024,-0.5062303151126867,0.606064200689074
-0.1993680991756978,-0.1765819241507495,-0.48145496026159673,0.5301108232124485
-0.3208554991128729,-0.3213363002478338,-0.6471874663812094,0.4504192481866373
-0.5051005274135568,-0.48676987293021584,-0.6037874915217889,0.23169693198810204
-0.3797684333786566,-0.40405308658902483,-0.4747457491899704,0.6171277550518134
0.16748084431053928,0.17496441779931235,-0.12557816494443585,-1.2813102063661828
-0.5659194917159162,-0.5488074626861091,-0.5836336211686407,-0.16585471343205768
0.8455679543011418,0.8160195119435427,1.2234642697543718,0.007556117321808856
-0.3218505139054825,-0.30065710366253606,-0.6321648306409419,0.2597522933925934
-0.008253101198572036,-0.011148351468367465,-0.4903306093217146,-0.69756611533964
1.28105852382758,1.2709618368200934,-0.45931456372522905,0.33262826581610133
-0.6916871161824502,-0.7142410353684912,-0.46838136907845,-0.16340034130380446
4.670672471457867,4.683029273394223,1.230518311786104,-1.6861494490286935
-0.5674712841832034,-0.5694866592714068,-0.6541740414859649,0.6419924326895755
-0.44307924075437805,-0.4454114797596203,1.2551025103440916,0.522672187685282
-0.19639243592651665,-0.19726112073604726,-0.6137800930396416,-0.21480999749790075
-0.6890957101142293,-0.7349202319537889,0.792301880255821,0.7011805605516737
-0.7506105388576396,-0.7555994285390867,-0.47314153559295546,-0.18018447070393429
0.6015754711364338,0.6092275460905652,-0.6011637776948962,-0.06977548450375842
-0.19699867214173553,-0.1765819241507495,-0.7752209529709796,0.6837733982266806
-0.9353123819867574,-0.9210330012214687,-0.48257940904455077,0.5856929120245752
-0.1374275824962839,-0.135223530980154,-0.35210212043316075,0.04331443125189317
-0.7520154628354457,-0.7349202319537889,-0.6181317098296741,0.646334783378023
-0.7851677563196567,-0.7762786251243844,-0.6013099560366798,0.5379270544516532
0.7850230727442835,0.795340315358245,-0.433272329912011,-1.0983462040977319
-0.19545826006002087,-0.21794031732134503,1.0773196614338203,0.5231064227541267
-0.19644893800299326,-0.1765819241507495,-0.6637730859297837,0.5275809319417875
1.3378352059324394,1.3536786231612845,0.996824121224742,-1.047276384044471
0.5989512157390476,0.5678691529199696,2.8672172341402433,-0.8990323074979968
2.7645869785708985,2.7598639909615317,1.219674877355816,-0.154413563357279
-0.07433866188142439,-0.052506744638962974,-0.5440642684964843,0.526504784162477
-0.3213958213651689,-0.3213363002478338,1.496607871784375,-0.9742682531217487
-0.13674146827746658,-0.15590272756545176,-0.6429108128433736,0.6416148369775362
0.11396618056210057,0.13360602462871682,-0.4902444015816885,-0.9631480594022029
0.908423884589757,0.9194154948700315,-0.30504393886652903,-0.07630789032203171
-0.13488867999069007,-0.135223530980154,1.077758196459172,0.5261271884504377
0.16824523712741518,0.17496441779931235,-0.3578705426897154,-0.8649354147008843
0.04826779905109893,-0.011148351468367465,2.911396826822512,0.6061208400458794
-0.32046189156106386,-0.30065710366253606,-0.5906764187125434,0.6797331241078634
0.17342771092806936,0.15428522121401458,-0.6230343065233546,0.6609099778627247
0.17200660834807124,0.13360602462871682,-0.3933019238406006,0.23122493734805347
-0.8753036088637529,-0.8796746080508732,-0.604308486124558,-0.36590492167026883
-0.13439267972652866,-0.11454433439485624,-0.6019396473551347,-0.3815940235054847
1.0344371408378605,1.064169870967116,-0.42232394692864755,-0.07755395617175924
-0.007711763938914229,-0.03182754805366522,-0.4625604725453568,0.5912435689915464
0.050712490418832856,0.07156843487282356,-0.363489038441876,0.22969567471429594
-0.4445867419913296,-0.4454114797596203,1.1953605465057375,0.020092294961500425
-0.20222958947556935,-0.21794031732134503,-0.22911740887885476,-0.5254957493635113
0.6621615373859451,0.6919443324317562,-0.404572648808411,0.06634776968626628
-0.5040880729490026,-0.48676987293021584,-0.4225525848478485,0.5284871616506807
1.8307666107141798,1.8293001446231327,1.2351173073083868,-1.1060302768377244
0.048314919998928146,0.030210041702228047,-0.4545881306742119,0.5184431157104462
0.6632498098246502,0.629906742675863,1.2584383750668557,0.24175985771393893
0.16980321191226988,0.1956436143846101,-0.512860814769506,0.2848624082431805
-0.8108158235574596,-0.8383162148802777,-0.30042995069380724,-0.3751560166152218
-0.6903624085440296,-0.6728826421978956,-0.4700268124641724,0.47892772444557474
1.6478630222944874,1.6845457685260485,-0.36142005268124083,-1.5731539322010522
-1.0640321707441556,-1.0244289841479575,-0.7917953280317235,-4.865977339036313
-0.4411500500952728,-0.4660906763449181,-0.4753604478579856,0.6857935352860881
-0.6886987192045474,-0.7142410353684912,-0.24198859928106978,-0.38506790405624297
0.291874548660502,0.3197187938963966,-0.4701017757163698,0.049563640286137516
-0.8736656022863055,-0.8589954114655755,-0.6482107147736976,0.5538049541428899
-0.5685396563260562,-0.5694866592714068,-0.48006814009595333,0.48806554067691593
0.29498000982080574,0.3197187938963966,-0.30054239557210255,-1.8702273586476597
-0.19741928504092982,-0.23861951390664277,0.8957661609380425,0.5199157389873974
-0.812046412331417,-0.7969578217096822,-0.5107356065697227,0.6745600628529305
-0.6288891335868578,-0.6315242490273001,-0.6422136545979428,-0.20963693624296784
0.04871212621320209,0.050889238287525805,1.2557921722643033,0.5197080613457763
-0.01271904131735209,-0.011148351468367465,1.1366718163607505,0.5259950299512245
-0.7519453965696786,-0.7555994285390867,-0.6410404797010606,0.6351768300872732
0.10978281234130224,0.13360602462871682,-0.4244304143153815,0.5270145383737296
-0.13531689006619893,-0.11454433439485624,-0.3652056969171863,-0.06460242324882551
0.10803413920361356,0.11292682804341907,-0.12563438738358393,-1.1632171474260156
-0.5040907796353009,-0.48676987293021584,-0.5414892807835189,-0.9751178434738356
0.04995646372324264,0.030210041702228047,-0.45872985035809355,-0.25381563455151973
0.6065502375214933,0.6092275460905652,-0.4899482967355108,-0.0008076276998523193
-0.07117805198779299,-0.07318594122426073,1.3410741161261563,0.08428356600811433
-0.8764813864970947,-0.900353804636171,-0.6387541005090538,-0.1529220602947254
1.830742527357685,1.808620948037835,1.2349336473405044,0.3499221494274837
-0.6877003210540649,-0.7555994285390867,2.8784767146202244,0.8299218185713383
-0.7490928567892707,-0.7555994285390867,-0.4965675519045007,0.50188554373754
-0.5035993622831673,-0.48676987293021584,-0.48190473977477805,0.5225966685428741
0.9769894158356176,0.9814530846259248,1.2197011144940852,-0.19742171495851019
-0.5055616175760301,-0.48676987293021584,-0.42106831245434884,0.2346988178988117
-0.5670966234354822,-0.5488074626861091,-0.6029666439102325,0.5351894855393711
0.4157183958405271,0.44379397340818316,-0.46747806188947627,-0.8528901114868428
1.9020196969074483,1.9326961275496215,-0.48518813022100454,-0.15042992859526824
-1.058499396372465,-1.0451081807332552,-0.47956963446884393,0.6724266470799112
0.6025628887527291,0.5471899563346719,0.8356868624648017,-0.07946081451755604
1.0372407757181061,1.064169870967116,-0.4877143918200418,-0.9362066053482269
0.5997308644241502,0.6092275460905652,-0.30423808390541246,-0.36615035888309383
-0.44565739021129697,-0.48676987293021584,1.2405971210439828,0.6386129510668276
-0.6891880142685607,-0.7555994285390867,1.4359813415700975,-0.36190240712265664
-0.7536845040319269,-0.7555994285390867,-0.48209589606788034,0.5285626807930885
0.17390384165417733,0.15428522121401458,2.9368805844068637,0.6328923760294383
-0.011961753552009168,0.009530845116930291,-0.474914416507413,0.6376689617867304
-0.3192327176458534,-0.30065710366253606,-0.34898739730437767,0.052773203838468265
-0.13468346395680178,-0.135223530980154,-0.4661362196751515,0.6067627527563462
-0.3825175346815516,-0.38337389000372707,-0.48296921795597525,-0.9785350846677884
-0.06936097350547489,-0.07318594122426073,1.058571352059365,0.44909766319450084
0.049734300142191164,0.07156843487282356,-0.4844647348373036,-0.9043564070377454
0.11026447947120238,0.13360602462871682,-0.6612918022820642,0.5264292650200691
-0.502603117178604,-0.5281282661008113,2.917247708656484,0.5227854663988938
-0.260697366118681,-0.23861951390664277,-0.4705665478799909,0.6073669058956079
-0.6890370242340346,-0.6728826421978956,-0.6356093920793918,0.5535217573588599
-0.4450349446360871,-0.4247322831743226,-0.4842585858937623,0.5318666432734286
-0.6872378160328448,-0.6728826421978956,-0.662832297114712,0.2351141731820549
-0.26076900103218925,-0.2799779070772383,1.2421676011775094,0.40748661572781397
-0.9340639844472693,-0.9210330012214687,-0.6451597104092824,-0.9346962225000719
0.6006028172635841,0.629906742675863,-0.30807620241789563,-0.023576649135797934
0.3555462065322635,0.38175638365228987,-0.30569986732325244,-0.07332488419692453
0.7275901422432844,0.7539819221876495,-0.4230998165888862,0.23441562111478276
0.6624091684244396,0.6919443324317562,-0.3808055496993703,-0.20323668892390884
-0.9997087551148857,-1.0037497875626598,-0.48287926205333886,0.6450698377426919
-0.8739158784955008,-0.9417121978067665,2.939714195339908,-0.10315494544799737
1.1570143511036828,1.1882450504789024,-0.36305050341652423,-1.2704920892162683
1.343210285069456,1.3536786231612845,1.1789435942746067,0.37703352155187686
-0.257976315928332,-0.25929871049194053,-0.4506600562590923,0.49123734465804275
-0.7504469688833861,-0.7555994285390867,-0.4598617954662675,0.6136727542866577
0.6630110370322227,0.6919443324317562,-0.5965535376847839,0.12657428575647195
-0.26015885857651694,-0.23861951390664277,-0.34378119943929963,0.028059564485521927
-0.6264258337508232,-0.6315242490273001,0.9038471995248732,0.7023699870445957
-0.6747149320224268,-0.6935618387831934,1.434380876135692,-0.34793136577721684
0.4147868959025308,0.44379397340818316,-0.4711700020601758,0.028776996338395512
-0.4438529224265048,-0.4247322831743226,-0.4212782095605005,-1.2485915379180121
-0.6916902227201333,-0.7142410353684912,-0.47671728272275016,0.6452397558131101
1.035408256820768,0.9194154948700315,1.2457845780960115,0.3258504227850031
0.050871723543449335,0.07156843487282356,-0.47863634197899135,0.6135783553586484
-0.5070257195588125,-0.48676987293021584,-0.4834602272578648,0.5166872956494651
-0.1941624647525139,-0.1765819241507495,-0.49938991834971563,-0.901562198768658
-0.6891673450277374,-0.7142410353684912,-0.3022590540474128,-0.36307295382997734
3.0017262858173335,3.0080143499851046,1.0146841160606634,-0.6856529706248127
-0.4447389315800106,-0.48676987293021584,0.9329704230033852,-0.13693088188987704
-0.6901747244554823,-0.6728826421978956,-0.48176605775821424,0.5199534985586013
-0.5658957466952085,-0.5488074626861091,-0.4797158128106276,0.6455795919539444
-0.1413319774815654,-0.11454433439485624,-0.16308977634378652,-1.7357655255906057
-0.20055531945328467,-0.1765819241507495,-0.3284737033406838,-1.7004603265149685
0.730731528512638,0.7333027256023518,1.056629803827464,0.5777634020717576
-0.8767606980683987,-0.900353804636171,-0.42329846920720754,-0.37194645306289104
-0.7522139736691862,-0.7349202319537889,-0.6033527046590466,0.5230875429685242
-0.8122841701164825,-0.8796746080508732,2.8724796544444695,0.5393241585861975
-0.19984758250187987,-0.19726112073604726,1.020703665212078,0.040293665555582066
1.2170916526025122,1.2296034436494978,-0.48142497496071796,-0.0503293053337543
-0.5027899092909848,-0.48676987293021584,-0.6444213223751426,0.5764040575084173
3.684055019299746,3.7111070338852286,1.0265245617451713,-0.11034814376233887
-0.2600715371855982,-0.25929871049194053,1.2568566504455005,0.5897331861433913
1.2806163189535973,1.2916410334053912,1.256568041924542,-0.07515622340031243
1.7734130968497965,1.7052249651113462,2.9383798494508024,0.5229742642549123
-0.7505866092901389,-0.7969578217096822,1.0579903868548381,0.5543335881397438
-0.3825457703408905,-0.4247322831743226,1.2182655682145136,-0.9822544024313716
-0.2594236856685431,-0.23861951390664277,-0.4478564306269267,0.3408598523385493
-0.3835049830556455,-0.4247322831743226,1.2585433236199313,0.5219925154036112
-0.6903278982937264,-0.6728826421978956,-0.6771427819591082,0.41707754681360226
-0.5641654667212285,-0.5488074626861091,-0.48563416157157624,0.5318477634878271
-0.6931287034564784,-0.6935618387831934,-0.42186667109024634,-0.9739850563377198
-0.6905726380991297,-0.7142410353684912,-0.4916499625603813,0.6953089472294686
1.4032071549243081,1.3743578197465822,1.255702216361667,0.5216904388339809
0.10703740197426867,0.13360602462871682,-0.4462447207046927,-0.409158510484325
1.8991569455378239,1.9326961275496215,-0.4847346025452129,-0.8390889882118212
-0.4434609450380345,-0.4660906763449181,-0.39398034127298287,0.21991594577248905
-0.37955906504192427,-0.3626946934184293,-0.42166052214670424,-1.2853316006993976
-0.75320062234051,-0.7349202319537889,-0.5420964831263141,0.5355293216802064
0.04931608635130657,0.07156843487282356,-0.4946260036725998,0.5712876356102907
-0.44256789234859345,-0.4247322831743226,-0.8176089239257414,0.7010106424812564
-0.8119902793485262,-0.8176370182949799,-0.6213776186498019,0.6286255444833986
-0.5042995328160563,-0.48676987293021584,-0.5839334741774288,0.6115770980848412
-0.3835030453143183,-0.40405308658902483,-0.544345380692223,0.5331504686943611
-0.7531087795531612,-0.7762786251243844,-0.47526674379273876,0.6592485567297528
-0.009562675999961186,-0.011148351468367465,1.045205404192649,0.6325714196742043
0.04774685421207491,0.07156843487282356,-0.7583692138771064,0.5198402198449895
3.069510046089971,3.090731136326296,1.3097956991469815,-2.1509697705485844
0.9682421439067203,0.9400946914553293,1.345616889209291,-0.31998928308633834
1.9575253744906689,1.9740545207202171,-0.3632566523600655,-0.0679819048715734
0.04733792927644141,0.07156843487282356,-0.4250900909347144,-1.2742302867654542
-0.1976306833923859,-0.21794031732134503,1.0059021710657916,0.5726658599592326
-0.1362625078338649,-0.1765819241507495,1.2303646371191004,0.3693494488118853
-0.3235782409821584,-0.30065710366253606,-0.4341868815888142,-1.196011335016595
-0.8137436584294382,-0.8383162148802777,-0.4292018253177172,0.523974892891816
1.2791387450549212,1.3123202299906889,-0.4835914129492095,-0.06766094851634055
1.2217040613593884,1.2296034436494978,1.2237828635762085,-0.6644509713938275
-0.4484882149857209,-0.48676987293021584,-0.30175305209508346,-1.891070641952207
-0.8751993706834699,-0.900353804636171,-0.48156365697728254,0.6807715123159709
-0.38496514804017573,-0.3626946934184293,-0.30492024950040425,-0.3754203336136493
-0.7505797810587954,-0.7349202319537889,-0.6267862172958117,0.5689843017668532
0.6634319267516067,0.6505859392611607,-0.47312279477990615,-0.2095236575293571
-0.505461747003183,-0.48676987293021584,-0.6572287940129904,0.6252460628606495
-0.38218473529805747,-0.40405308658902483,-0.40859067912616787,0.2936603883336863
-0.6893402961306383,-0.6935618387831934,-0.6574386911191412,-0.06894477393727305
-0.44404601988764875,-0.48676987293021584,-0.42101958634042064,-0.9896363986017318
-0.9351443521316716,-0.9417121978067665,-0.6407556193427115,0.5690787006948625
0.047443305495281536,0.07156843487282356,-0.7485940057906252,0.6183549411159395
0.4833008770775287,0.5058315631640764,-0.48947977640927937,0.5437609082026544
-0.8108229286089926,-0.8176370182949799,1.2302034661268768,0.6062341187594912
-0.4449117596517162,-0.4247322831743226,-0.8078899382784074,0.6261711723551453
-0.3218518980064305,-0.30065710366253606,-0.618705178708981,0.34048225662651105
-0.26276469005239567,-0.23861951390664277,-0.3334924930752691,-0.047497337493462834
-1.1228407745562599,-1.1071457704891485,-0.645242169986699,-4.56633626174784
0.29270968441471945,0.3197187938963966,-0.48677360300497013,0.01212502543747997
-0.629114926588173,-0.6522034456125979,-0.6640429536376922,0.5333392665503807
-0.6286511604972004,-0.6522034456125979,-0.48226831154793326,-1.259107578498295
-0.7492553809983634,-0.7349202319537889,-0.4841986152920047,0.5352838844673814
-1.0598990300088698,-1.0451081807332552,-0.4779241910831207,0.666101918903259
-0.5670181602906306,-0.5694866592714068,-0.4609225254848535,-1.0606999116074534
-0.6887995740269575,-0.6935618387831934,1.2248773270582836,0.5331693484799636
-0.6271417522767205,-0.6108450524420024,-0.6618465303483217,-0.37039831064353207
0.6009770166443226,0.5678691529199696,1.2298211535406722,0.5009793140286468
1.1565130297403217,1.1675658538936047,1.1948133147647,-0.07543942018434135
0.4163285690539982,0.4231147768228854,-0.28577838305191483,-1.7857403180789548
-0.5072390864093945,-0.5281282661008113,1.0527392110384421,0.590167421212236
-0.2580384159241985,-0.23861951390664277,-0.460352804768157,0.5388332841605464
-0.38331114740732936,-0.3626946934184293,-0.6508306804379808,0.6231126470876303
2.0781705028642943,2.1188088968173013,-0.3059659868685513,-0.6717952079929846
-0.2609189145437559,-0.23861951390664277,-0.47169849298816485,0.32154583166775946
-0.1938599618008812,-0.19726112073604726,-0.48893254466824176,0.6922504219619535
-0.13501048087411327,-0.11454433439485624,-0.5956015043818828,-0.24329959397123677
-0.20001401295142585,-0.19726112073604726,-0.47006054592766155,0.04818541593719571
-0.7517312300163266,-0.7762786251243844,-0.48174356878255453,0.5237483354645924
-0.8147574354793428,-0.8176370182949799,-0.497583303971769,0.6177696677622802
-1.0608768204341266,-1.0864665739038508,-0.6040910926931865,0.5310548124925457
0.1743764352334184,0.1956436143846101,-0.4975758076465491,0.6967815705064208
-0.19602989375154,-0.1765819241507495,-0.6264151491974366,0.5231253025397281
-0.2602572527750196,-0.23861951390664277,-0.7846813153982337,0.578839549851069
-0.7502622067857291,-0.7349202319537889,-0.44661953696567736,0.5344154143296921
-0.38101486241901866,-0.38337389000372707,1.2554735784424667,-1.2801962990156686
-0.010828390180198455,0.009530845116930291,-0.3044629736620031,-0.053991983740532185
-0.3203002285703388,-0.30065710366253606,-0.6483756339285315,0.6624958798532875
-0.1353824041777371,-0.11454433439485624,-0.6035476091147592,0.5270711777305349
-0.6914051901982443,-0.6935618387831934,-0.5078232842218713,0.6622126830692585
-0.6878173544786671,-0.7142410353684912,-0.4976582672239664,0.5038868010113461
1.707975264652804,1.7465833582819417,-0.42300611252363934,-0.8421475134793363
0.4821779713573251,0.5058315631640764,-0.49033435748432497,0.25767551697637947
-0.32204905549702173,-0.3213363002478338,-0.6109952082205254,0.48683835461278985
1.7733011999776012,1.725904161696644,2.8457327660605998,0.023188579800219388
1.0990877886890336,1.126207460723009,-0.48956598414930624,-0.9754765594002733
3.127555179819165,3.090731136326296,1.2195474398270816,-1.0497496359583256
-0.1962118876473012,-0.21794031732134503,-0.6171759283641635,-0.25003967743113115
-0.8748059784362529,-0.900353804636171,1.197062212330608,0.5283927627226713
-0.3193109039705154,-0.30065710366253606,-0.46744058026337837,0.5201234166290195
-0.6297395559671009,-0.6108450524420024,-0.8024738433071785,0.16975235542812028
-0.25670540368009004,-0.23861951390664277,-0.48161987941642975,-0.20176406564695668
-0.6901217902836715,-0.6935618387831934,-0.18596481275168458,-0.9666596995241651
0.17290775033860828,0.11292682804341907,1.2225347254271295,-0.9523299422522885
-0.07580777738541834,-0.07318594122426073,-0.48285677307767993,0.5309792933501378
0.6016944730601621,0.629906742675863,-0.4230923202636663,-0.9709076512846022
-0.8160931236519505,-0.8176370182949799,-0.3234624099313184,-0.9764205486803705
-0.875084859398373,-0.8589954114655755,-0.4740223538062695,0.6000226692964508
-0.6890018988277545,-0.6935618387831934,-0.6447174272213203,0.5725714610312232
-0.3197417592167249,-0.30065710366253606,-0.6035626017651983,0.4577068454289881
-0.1940571808070703,-0.19726112073604726,-0.4777330347900184,-0.0872392861855579
-0.692816296493618,-0.6728826421978956,-0.5398663263734554,-0.6817637347908112
-0.13370118289291366,-0.11454433439485624,-0.4772307810002986,0.12479958590988836
-0.4428408985711344,-0.4454114797596203,1.2265602520701056,-0.9006182094885608
-0.9353193947648939,-0.9623913943920642,0.8949415651638757,0.5125148630314348
1.0925309334048254,1.043490674381818,1.2552261997102163,-0.07664772646286601
-0.6946590577379712,-0.6728826421978956,-0.1354208399578946,-1.0745576742392813
-0.07633084451256271,-0.052506744638962974,-0.4225413403600191,0.519859099630592
3.8689301518675516,3.8972198031529084,1.262771251043839,-0.916156273038961
2.2662218395297455,2.242884076329088,1.1936588806808672,-0.9726823511311848
-0.8108050275700655,-0.7969578217096822,-0.6627498375372947,-0.07536390104193455
-0.5080219646633758,-0.48676987293021584,-0.7827809969550411,-0.676779471391898
