Interval Duration,Data Packets,Max Data Gap,Min Data Gap
0.6087508406421235,0.5415345412092267,1.3009631624105218,0.7789333285082893
-0.5916283928193301,-0.5707780182227469,-0.7611791299019671,-0.8825569126293311
0.37058735129065346,0.38263274700465905,0.4573835297860655,0.7764383696418663
-0.5916414866327003,-0.5972616505901749,-1.6607396197391409,-0.6740754833827532
-0.5916918172066155,-0.5707780182227469,-0.8595735291649155,-0.685540866875782
-0.5915565537892185,-0.5707780182227469,-0.8690724420263658,-0.6672905284502092
-0.5916348021033522,-0.5707780182227469,-0.8583704828897742,-0.6764704534396442
-0.5916911094329198,-0.5972616505901749,-1.6641695337935938,-0.6813651437348409
-0.5922171818926162,-0.5972616505901749,-1.6933361249594483,-0.7433534442729398
-0.5505948196045353,-0.5972616505901749,0.35872477398593533,3.6179298816724867
1.3745549802750279,1.309559879864637,2.503978073216841,-0.2927800616613078
0.44945567518184587,0.4620836441069429,0.4542448559844401,0.42280175718578816
-0.04016266439383529,-0.014621738506760096,1.1756267994513938,-0.6693617252190911
0.3723299687709452,0.35614911463723115,0.3637161838574713,0.7497223120092312
-0.12854507890619468,-0.12055626797647187,0.9703293049236605,-0.4692365036262779
0.5263427045742581,0.5415345412092267,0.49929972309685244,0.7263487374381024
0.5299131869444105,0.5150509088417988,0.3852657222570684,0.7758670050159677
-0.5916237529695474,-0.5707780182227469,-0.86026578484279,-0.6812651549253086
-0.5915397638243264,-0.5707780182227469,-0.869473457451413,-0.6681523367609393
-0.5916869807530283,-0.5707780182227469,-0.8609356374242931,-0.6804366762177559
-0.09999199383345421,-0.09407263560904393,0.35721704560014395,0.6091761367819787
0.6905887863565947,0.6474690706789386,0.5009553119186949,0.6916050068115944
-0.5916946876221592,-0.5707780182227469,-0.8599655833514142,-0.6835934657758449
1.0876837634510441,1.0976908209252136,0.46943863594348656,0.7934936037249347
-0.5916404249721567,-0.5972616505901749,-1.660502146917605,-0.6735707779632096
0.6107695685052531,0.6209854383115105,0.5058055822830911,0.7274010006241322
0.7396987258920605,0.7004363354137944,2.5004607870865394,-0.6742088017954628
0.038382403522234626,0.06482915859552374,0.9756186759769347,-0.2761009759569558
-0.5915657941680231,-0.5707780182227469,-0.8342132240725527,-0.6693760093347384
-0.5916300049705259,-0.5707780182227469,-0.858249506169369,-0.6787940029182978
-0.5916273704795475,-0.5707780182227469,-0.8616032496961593,-0.6717947862510419
2.8728368700228923,2.8985778219103135,1.534656581588935,0.16672089322998715
0.3744523068389705,0.38263274700465905,0.49364742188236194,0.7768097566487001
-0.5899698038050203,-0.5707780182227469,-0.8603083507258956,-0.47140768920469206
2.499831678434689,2.4748397040314667,1.158425702057475,0.4024040400412136
0.37274582513791954,0.3296654822698032,1.2691238818475659,0.798521612432841
-0.471847367732261,-0.5178107534878911,0.3622756647607934,0.8222713353826865
-0.17670978667107656,-0.17352353271132775,0.46769119442652163,0.803378211752978
0.5822922152179506,0.6209854383115105,1.2483942967751602,-0.9723373408455069
0.06101299559254847,0.03834552622809579,1.4609369526693867,0.3962571089409229
-0.4719923433775933,-0.5178107534878911,0.3493468378448901,0.8545820049772436
0.9251751088085641,0.912305394353218,0.41946180855828963,0.7414422863055864
-0.591556042619327,-0.5707780182227469,-0.8690298761432602,-0.6701711584391138
-0.5915834491896543,-0.5707780182227469,-0.8345111852542915,-0.6667239251961933
-0.5915820729630238,-0.5707780182227469,-0.8354991618042679,-0.6687951219650751
-0.5505944263969266,-0.544294385855319,0.35692132472804217,-0.6800795733265693
-0.5506009143224703,-0.5972616505901749,0.35953128545530405,3.619643975550183
-0.5915911560587851,-0.6237452829576028,-1.981310006335994,-1.35538970879159
0.03247402667296082,-0.014621738506760096,1.4848567386650722,-0.3087116119801096
-0.17688731990641027,-0.2000071650787557,0.3514684110712566,0.8509776464622009
-0.5916489182565049,-0.5707780182227469,-0.8630482494121111,-0.6784369000271113
1.2374285452278704,1.2565926151297813,0.265306102427063,0.7998976489068798
-0.5916211184785689,-0.5972616505901749,-1.6618485730095225,-0.6764323624645843
-0.5916520245966138,-0.5707780182227469,-0.8609109940182847,-0.6780750357640424
0.21521089285880401,0.1707636880652355,0.45795480874353506,0.3259887826991791
-0.5915901337190024,-0.5972616505901749,-1.6577555273024778,-0.6677333360352805
-0.47175991836008335,-0.5178107534878911,0.3651880672890685,0.8205620028768736
-0.5916451041427004,-0.5972616505901749,-1.6630583402135752,-0.6790035032811274
-0.5504885749086612,-0.5972616505901749,0.3615072385552563,3.6238435055505356
-0.5915739335655235,-0.5707780182227469,-0.8696033954103668,-0.6669334255590227
0.7652491597023902,0.7269199677812224,0.4114056551031535,0.8040686106759386
0.5283780651192362,0.5415345412092267,0.42738130312555983,0.613304246204095
-0.5916818297333541,-0.5707780182227469,-0.8614195443059144,-0.6766228173398838
-0.5916444356897657,-0.5707780182227469,-0.8611036606470783,-0.6693664865909736
-0.5916680281462884,-0.5707780182227469,-0.8626494742967011,-0.6789987419092449
0.3740318106222135,0.3296654822698032,1.1858493323256387,0.8190764548495377
1.7872481493202517,1.812748894845768,0.5042597686334681,0.3800398763091719
-0.5916962211318331,-0.5707780182227469,-0.8621991720596371,-0.6832696924878356
-0.5505394952939894,-0.5972616505901749,0.3620538741067174,3.6250052802898627
-0.5916700728258537,-0.5707780182227469,-0.8583211960777574,-0.6809318588935346
0.2151353576771704,0.2237309528000914,0.3487531557910496,0.7905034621827328
-0.5916379870849827,-0.5972616505901749,-1.6606836119982127,-0.6739564490856911
-0.5915800676042194,-0.5972616505901749,-1.6585373953658378,-0.6693950548222684
-0.4717506779812786,-0.5178107534878911,0.3645159743979282,0.8245567938862804
-0.5915998459469376,-0.5707780182227469,-0.8693345582539106,-0.6696616916476877
-0.5915952060971549,-0.5707780182227469,-0.7615308585149974,-0.8998073629595816
-0.17660991193846362,-0.2000071650787557,0.3632255560469389,0.7870467061960472
-0.5916519459550921,-0.5707780182227469,-0.8609042730893733,-0.6808175859683548
-0.5916432953877003,-0.5707780182227469,-0.8590739401158346,-0.683760113791732
1.317836394869455,1.2830762474972093,1.4965063487781713,0.5461355730578502
-0.5916475420298745,-0.5707780182227469,-0.8591456300242227,-0.6776227054352061
-0.5900140396610004,-0.5972616505901749,-1.5687793897540432,-0.4786306903504249
-0.5916512381813963,-0.5707780182227469,-0.8636329702274033,-0.6777179328728558
-0.5505300583113802,-0.5972616505901749,0.36336893586371516,3.627800205584882
0.21647281403744484,0.2237309528000914,0.4937885613895017,0.7742195703446272
-0.5916732971282451,-0.5707780182227469,-0.7666813303707695,-0.8880039220628964
0.10979287666126106,0.11779642333037962,0.992761525320288,-0.3261668013013071
0.2937705094563964,0.2766982175349473,0.38836631079486217,0.8080919699166401
-0.5505225873668148,-0.5972616505901749,0.35908994445678855,3.6187059852893326
1.1596375708637894,1.1241744532926414,0.4943710418951565,0.7101695957814114
0.3500731598534735,0.35614911463723115,1.4951576823766164,-0.3644863222115629
-0.59002575724774,-0.5972616505901749,-1.5666914211722336,-0.474193091755947
-0.5917071916241161,-0.5707780182227469,-0.7624897110396909,-0.8955745033560507
-0.04431737462901258,-0.014621738506760096,0.9677327860542213,-0.4669034314038593
-0.550587859829861,-0.5972616505901749,0.3576740687661191,3.6156967982596
0.8221428797768839,0.8593381296183621,1.1758530707247445,-0.7481338616429567
-0.591575624358241,-0.5707780182227469,-0.87027324799187,-0.6670238916247898
-0.5991846241151961,-0.544294385855319,-1.332377436224334,-0.6765228285303515
-0.12643284627371323,-0.09407263560904393,1.0686497739685834,-0.5194070791520439
-0.5916611470131359,-0.5707780182227469,-0.8591545912627713,-0.6805271422835232
0.8237636422192356,0.8328544972509341,1.0687214638769713,-0.8858898729470721
-0.5916615008999837,-0.5707780182227469,-0.8604987770450521,-0.6813318141316634
0.6104682928354576,0.5150509088417988,1.4782747089511707,0.7808569227488141
-0.5916574115408532,-0.5707780182227469,-0.8633394896649386,-0.6785321274647611
-0.5916475813506353,-0.5707780182227469,-0.8618989705682611,-0.6718614454573968
0.5288534924389305,0.5415345412092267,0.35720360374232124,0.8006737525237253
-0.5916078280613946,-0.5707780182227469,-0.868758798677167,-0.6731851068407282
1.4732711266689156,1.4949453064366327,0.45632610363733794,0.7009801480482114
1.1599035364903223,1.1771417180274975,0.4988830255043454,0.7263296919505724
-0.5916584338806358,-0.5972616505901749,-1.6616581466903662,-0.6760276458545729
-0.4712644374523448,-0.46484348875303516,0.9672869644364319,-0.5141076722468358
0.8481567873956027,0.8063708648835062,0.35643517753678416,0.4078748563341913
-0.01769368065070229,-0.014621738506760096,0.3656473307646811,0.5852264362130689
-0.5916133722886773,-0.5707780182227469,-0.7601463471592482,-0.8861184187974314
-0.5915583625442185,-0.5707780182227469,-0.8636441717755888,-0.666233503892297
-0.5915767646603062,-0.5707780182227469,-0.8325621158699846,-0.670114021976524
0.19561102707416314,0.2237309528000914,0.9886169524915894,-0.4712743707919824
-0.5916710558448754,-0.5707780182227469,-0.8615875675286994,-0.6789463668185375
0.6864029733995684,0.6739527030463665,1.497445038516131,0.7922556470354882
-0.5916851719980283,-0.5707780182227469,-0.8594279090385017,-0.6860360495515606
-0.5921996448332676,-0.5972616505901749,-1.6922092492119696,-0.7409584742160488
-0.5916992488304201,-0.5707780182227469,-0.762926571418932,-0.8932938062243394
-0.5916397958399828,-0.5972616505901749,-1.6608001080993435,-0.6742040404235804
-0.5916319316878086,-0.5707780182227469,-0.8604898158065035,-0.6741183357296957
-0.5915980371919376,-0.5707780182227469,-0.7612575407392668,-0.8874944552714702
-0.17877440186214297,-0.2000071650787557,0.44096878107478116,0.6128138249001986
-0.5916707805995494,-0.5972616505901749,-1.6607597825258753,-0.6741183357296957
-0.5505648178639905,-0.544294385855319,0.35892192123400335,-0.6808890065465921
0.5823125440513209,0.5945018059440826,0.9609043222802354,-0.6684094508425936
-0.5915755063959584,-0.5707780182227469,-0.8713777206429772,-0.6655335822255715
-0.5916632310134621,-0.5707780182227469,-0.7658232917797472,-0.8806333183888064
-0.591653479464766,-0.5707780182227469,-0.8616054900057964,-0.6790320715124222
0.2170085987250765,0.2237309528000914,0.46325986196426944,0.8057112839753966
-0.5128957648739044,-0.544294385855319,0.34913848904863687,0.8545629594897136
-0.25539668457160913,-0.2794580621810395,0.3666577104110287,0.8043304861294752
1.1393587928219453,1.1771417180274975,0.9594301985390008,0.16707799612117363
-0.47182023640725984,-0.5178107534878911,0.36379683500440796,0.6097665468954071
0.21664342681886523,0.19724732043266346,0.46556962120015516,0.7889226867177471
0.43061784574288964,0.43560001173951496,0.9605839580021251,-0.4403159308120516
-0.5916872166775936,-0.5972616505901749,-1.6629911309244612,-0.6788606621246528
4.395315733671137,4.408144866853707,1.4775869338925702,0.6750163871730096
0.05723081024586524,-0.014621738506760096,0.4939901892568437,0.7756860728844331
0.4510521767147401,0.43560001173951496,1.370677117698874,0.38402038320293114
-0.5916364535753088,-0.5707780182227469,-0.8650085203446038,-0.6735231642443847
0.45137460695388426,0.43560001173951496,1.478348639169196,0.7670584670333667
-0.5916556421066139,-0.5707780182227469,-0.8616032496961593,-0.6747944505370087
-0.5916707805995494,-0.5707780182227469,-0.8581598937838835,-0.6846552517056395
0.765764143707521,0.7798872325160783,0.5197425485357051,0.6836297089084287
-0.5916745947133538,-0.5972616505901749,-1.661855293938434,-0.6764466465802318
0.2152070787449995,0.14428005569780758,0.4943105535349539,0.7767383360704628
-0.5899873408643689,-0.5972616505901749,-1.5681588239845565,-0.47731179033897597
-0.1264140116292559,-0.12055626797647187,0.961495764024439,-0.2906612511736011
-0.022683957054393585,-0.041105370874188044,0.4517043448559296,0.7867276942799206
-0.5915784554530237,-0.5707780182227469,-0.7257284702039505,-0.8996454763155771
-0.33609625493809714,-0.33242532691589544,0.4605513276129738,0.8115153963001481
0.8476380285974288,0.8593381296183621,0.4586941109237893,0.8118106013568623
4.958852109948126,4.990784778937122,0.8158420329661379,-0.438306631877642
-0.17869253603800903,-0.17352353271132775,0.4581004288699488,0.8124152955859382
-0.5916652756930274,-0.5707780182227469,-0.8660659464933314,-0.6693855320785034
0.7677380852240183,0.7798872325160783,0.3494678145652954,0.7765812107983407
-0.5506238776468191,-0.5972616505901749,0.3577054331010394,3.6157634574659556
-0.5915671310738928,-0.5707780182227469,-0.8684653181147024,-0.6716852746977447
-0.5915984303995463,-0.5707780182227469,-0.762155904903758,-0.8837234487405404
1.7870107698868718,1.812748894845768,0.4893908335718063,0.6537282934864099
1.0849922180486467,1.0712071885577856,1.390994485798047,0.7760193689162073
1.7942919917812044,1.7862652624783402,0.453364414297046,0.6433246959231758
-0.5505573075986641,-0.5972616505901749,0.36128096728190595,3.623362606990405
0.3457214919270921,0.35614911463723115,1.4744325779234853,-0.6837363069323195
0.45119302368018094,0.409116379372087,0.4579749715302691,0.7762383920228016
-0.4717997896116068,-0.5178107534878911,0.9710058784340752,-0.459813748670836
-0.5915607217898707,-0.5707780182227469,-0.7604734323662699,-0.900407295816775
-0.5916961031695505,-0.5707780182227469,-0.333974485196785,-0.6836506022384347
-0.5916835991675934,-0.5972616505901749,-1.6630516192846638,-0.6789892191654799
-0.5916830486769412,-0.5707780182227469,-0.8624971332413761,-0.6808128245964724
-0.5915902123605242,-0.5707780182227469,-0.8716196740837877,-0.6692855432689713
0.4249973361839541,0.43560001173951496,1.0690866343478245,-0.5193499426894541
0.42485063042514354,0.409116379372087,0.984465658733979,-0.6614102341753377
-0.5916538333516139,-0.5972616505901749,-1.660643286424744,-0.6738707443918062
-0.5916937046031373,-0.5707780182227469,-0.8637696291152683,-0.6812318253221313
-0.5915463303913919,-0.5707780182227469,-0.8695003411670585,-0.669233168178264
0.4495178413047834,0.38263274700465905,1.481023568875935,0.8078062876036909
-0.5916276850456345,-0.5707780182227469,-0.863263319137276,-0.6763466577706996
-0.471979603451071,-0.5178107534878911,0.350856806540319,0.7792094880774736
-0.5916502944831354,-0.5707780182227469,-0.8336531466632692,-0.7431439439101103
-0.5915698835271537,-0.5707780182227469,-0.7639123076592714,-0.8956030715873458
-0.5915825448121543,-0.5707780182227469,-0.8681449538365922,-0.6709377393121942
0.528952305511,0.48856727647437087,0.38505961377045156,0.8047161572519567
1.319679712818338,1.309559879864637,0.42250414904551825,0.7753099245057167
0.9220988490818025,0.9387890267206459,0.4461618188136586,0.7642397348789344
-0.5916569790124836,-0.5707780182227469,-0.8602792267006127,-0.6780845585078074
0.5317791143307944,0.5415345412092267,0.38696387696201595,0.7747099916485235
-0.550528013631815,-0.5972616505901749,0.3619777035790547,3.624843393645858
-0.021102908580521718,-0.014621738506760096,0.4666180861103339,0.7952981636683975
0.5023886150137792,0.5415345412092267,1.0685736034409206,-0.5191785333016845
-0.5123079588196402,-0.544294385855319,0.384598109985202,0.8534773667005066
1.3200138999649822,1.2830762474972093,1.3092187034233624,0.810163166685522
1.0037731024687668,1.0182399238229298,0.46231445129739884,0.7679678890629217
-0.59158234820835,-0.5707780182227469,-0.8703158138749755,-0.6684380190738886
0.6083824444335207,0.6209854383115105,0.3931314493930473,0.8073063435560296
0.4241838289622889,0.43560001173951496,0.9997804154134307,-0.3349848620276731
-0.4719656839017226,-0.46484348875303516,0.35051403916583723,-0.6712757967158508
-0.5916351559902,-0.5707780182227469,-0.8624366448811734,-0.6742706996299351
-0.1752287702128612,-0.17352353271132775,0.3605931922233055,0.4078034357559538
-0.5916491541810702,-0.5707780182227469,-0.8580433976827526,-0.6837886820230268
0.6068333637382373,0.5680181735766546,1.4834319017358544,0.7633207901056144
-0.5916018906265029,-0.5972616505901749,-1.6596956354482364,-0.6718566840855142
-0.5915993347770463,-0.5707780182227469,-0.7621962304772263,-0.9005834665764271
-0.5915825841329151,-0.5707780182227469,-0.8335612939681465,-0.6685046782802434
-0.047110603519023124,-0.041105370874188044,0.960967050950075,-0.4408063521159477
0.4519580090829309,0.409116379372087,0.5107253022462388,0.6989898946013319
13.411196664936616,13.51851440124892,1.5515037100601872,-0.4001204293800959
-0.5916892613571588,-0.5707780182227469,-0.8660076984427658,-0.6764656920677617
-0.5915819156799803,-0.5707780182227469,-0.8615965287672479,-0.6655431049693363
-0.5236214854205579,-0.544294385855319,0.3499136361830853,-0.5157693910338238
0.6644861317805894,0.7004363354137944,0.9836210620007796,-0.34299348953401626
-0.5129189248020575,-0.544294385855319,0.3583775259921797,0.7639588139378676
0.10852470348164157,0.11779642333037962,1.0698416186955388,-0.4708029949756161
-0.5916788020347671,-0.5707780182227469,-0.764705377270817,-0.8836853577654804
0.6874964444386367,0.7004363354137944,0.37752097184149425,0.5440596149170857
0.45325024656820345,0.4620836441069429,0.47186489128050313,0.7963837564576045
-0.5916142373454165,-0.5707780182227469,-0.8591971571458767,-0.6788559007527702
4.553125518068743,4.540563028690847,1.4752211669157564,0.604586174287261
0.03816436990320367,0.06482915859552374,0.9689492741871852,-0.2739631199817191
1.3760168868434597,1.362527144599493,2.0793116993305323,-0.46223728695902194
0.6890735608364215,0.7004363354137944,0.4715176432867475,0.6823108088969796
-0.591654698408353,-0.5707780182227469,-0.7614793313933432,-0.8913511664962847
-0.5916443963690048,-0.5972616505901749,-1.6618351311516997,-0.6764037942332893
-0.5916249719131343,-0.5707780182227469,-0.8605883894305375,-0.6764609306958792
0.5103980573994471,0.5415345412092267,1.2155199931598484,-0.8145788062630636
-0.5916570576540052,-0.6237452829576028,-1.981310006335994,-1.35538970879159
1.3147439743099747,1.309559879864637,1.399668964713032,0.7918223621941819
1.6315801274465418,1.6273634682737725,0.46101955232713465,0.7846231679078614
-0.5915575761290011,-0.5707780182227469,-0.8691284497672942,-0.6682047118516466
-0.1262377366582701,-0.09407263560904393,0.987622255012702,-0.46936029929522255
-0.5915722820935669,-0.5707780182227469,-0.8695765116947212,-0.6686713262961305
0.6101205793470731,0.6209854383115105,0.38545614857622457,0.7589593734612562
-0.5915658728095449,-0.5707780182227469,-0.8353064951754742,-0.6671143576905572
1.078011878616501,1.0447235561903576,2.499284624527044,0.548140110620377
-0.47179165021410646,-0.5178107534878911,0.36222861825841396,0.8319035907009578
-0.5916453007465048,-0.5707780182227469,-0.8647979312387132,-0.6719281046637515
-0.4430749907761416,-0.41187622401817925,0.9707011963234246,-0.4658083158708872
0.1378249223316966,0.06482915859552374,1.497626503596739,0.7747814122267607
-0.5915827020951978,-0.5707780182227469,-0.8688887366361209,-0.6717947862510419
0.37091406749273265,0.38263274700465905,0.4568324136153305,0.8028687449615517
-0.47200005024672403,-0.5178107534878911,0.3499427602083682,0.852777445033781
-0.47173207926138655,-0.5178107534878911,0.36763224510318215,0.8217666299631429
-0.5916835598468325,-0.5707780182227469,-0.8598356453924603,-0.6860550950390906
-0.5505371360483371,-0.5707780182227469,0.36016753339225016,-0.6789701736779499
0.05722845100021305,0.06482915859552374,0.38538669897747363,0.5491257146000519
-0.5916740442227016,-0.5707780182227469,-0.8603934824921067,-0.6812794390409561
-0.550536860803011,-0.5972616505901749,0.3604542930258032,3.6216056607657667
-0.5916575295031358,-0.5707780182227469,-0.8622506991812913,-0.6783416725894617
0.425100867747328,0.4620836441069429,0.9957612999244116,-0.47200286069000286
-0.019126450535328677,-0.041105370874188044,1.3890342148655543,0.8094775291344438
-0.2555116584763967,-0.3059416945484675,0.5638318421945123,0.5522158449517861
-0.5896877953080517,-0.5707780182227469,-0.7611231221610388,-0.6693855320785034
-0.5915880890394372,-0.5707780182227469,-0.8683196979882886,-0.6716567064664498
-0.5505420118226851,-0.5972616505901749,0.3616147734178389,3.624072051400895
-0.5916642533532448,-0.5707780182227469,-0.8591097850700286,-0.6799414935419772
-0.5922109298916376,-0.6237452829576028,-1.981310006335994,-1.35538970879159
-0.5505134256295318,-0.5972616505901749,0.362383199623376,3.625705201956588
-0.591653479464766,-0.5707780182227469,-0.8616839008430962,-0.6790035032811274
-0.5916902443761807,-0.5707780182227469,-0.8632140323252591,-0.6784083317958164
0.8466929147891274,0.8593381296183621,0.4876859579379469,0.7778715425784949
-0.5915953633801982,-0.5707780182227469,-0.8697131705825863,-0.6692426909220288
-0.5916782515441149,-0.5707780182227469,-0.864011582556079,-0.673732664607214
-0.5916469128977005,-0.5972616505901749,-0.5407169794404703,1.706329536919704
-0.5922169459680509,-0.5707780182227469,-0.8345582317566714,-0.7430963301912855
-0.3644099158978926,-0.33242532691589544,0.9836501860260624,-0.46681772670997446
-0.5916466769731353,-0.5707780182227469,-0.8628309393773091,-0.6734326981786175
-0.5916825768278108,-0.5707780182227469,-0.7625546800191677,-0.8884276841604377
-0.04774284203307183,-0.014621738506760096,0.994336462995194,-0.5143552635847253
0.2672740181395046,0.30318184990237523,0.984284193653371,-0.46864609351284947
-0.5922040880792461,-0.5707780182227469,-0.8346568053807054,-0.7473101443072866
0.5279558781097617,0.5415345412092267,0.46258552876349174,0.7817663447783691
-0.5896902331952256,-0.5707780182227469,-0.7630632303067975,-0.6694474299129758
0.7656951750929528,0.7798872325160783,0.5912487515337645,0.529856442591627
-0.5916703480711798,-0.5707780182227469,-0.8575729326589543,-0.6857598899823764
-0.5505083139306185,-0.5972616505901749,0.36200458729470053,3.6249005301084485
-0.09987179026747081,-0.14703990034389983,0.36028178918374404,0.7980883275915347
-0.47133552938800005,-0.544294385855319,1.390544183560983,1.0085314420536973
-0.591593318700633,-0.5972616505901749,-1.6590997130847585,-0.6705901591647727
-0.5916574901823749,-0.5707780182227469,-0.8588655913195811,-0.6812937231566035
-0.590996901399738,-0.5707780182227469,-0.8619079318068097,-0.5954557108591271
-0.5916539119931357,-0.5707780182227469,-0.8592262811711596,-0.6812223025783664
0.68870296266521,0.6739527030463665,0.38987403918065405,0.7642587803664643
0.21710658606116762,0.2237309528000914,0.492847631341905,0.774833787317468
0.8451712013434103,0.8593381296183621,0.4218387770832893,0.6987042122883826
-0.5916613042961794,-0.5972616505901749,-0.5428900797884906,1.701711006193692
0.372568527827151,0.38263274700465905,0.49453458449866733,0.7027180487853192
-0.1840340647985631,-0.25297442981361157,1.4795091195612318,0.3371065860447862
-0.5916026770417204,-0.5707780182227469,-0.862463528596819,-0.670123544720289
-0.5922197770628337,-0.5972616505901749,-1.6584343411225295,-0.6691760317156741
0.5271551108146189,0.5415345412092267,0.4218275755351035,0.4694822471216911
0.45119137220822436,0.43560001173951496,0.49417613495672597,0.7747337985079358
-0.12519821370311704,-0.09407263560904393,0.9930326027863815,-0.9883498344863108
-0.09996301443269207,-0.17352353271132775,1.4790095305121511,0.8075396507782716
-0.5916633489757447,-0.5707780182227469,-0.8645492568689912,-0.6740231082920458
-0.511627001882872,-0.5178107534878911,1.3547641983463072,-0.5138886491402415
-0.5916195063273733,-0.5707780182227469,-0.8579448240587186,-0.6787987642901804
0.05890355473408881,0.06482915859552374,0.4507880582143413,0.8145293447017624
-0.47174969496225677,-0.5178107534878911,0.9748838544159549,-0.46665584006597
0.6870659607486184,0.6209854383115105,1.4751808413422882,0.7410042400923976
-0.5915832132650891,-0.5707780182227469,-0.869191178437134,-0.6717043201852747
0.6870459071605741,0.6474690706789386,1.3898362457156486,0.747851092859414
-0.55052372766888,-0.5972616505901749,0.359246766131388,3.6190392813211067
0.031327747852042336,0.06482915859552374,0.9827182172170145,-0.4708839382976185
0.02897416438933305,0.06482915859552374,1.101483752010427,-0.5669303319111472
-0.20699196288236912,-0.2000071650787557,1.0303539210314054,-0.5190594990046223
1.1355778264188492,1.0182399238229298,2.5026988564140376,-0.7420583511209032
1.0799179131789736,1.0976908209252136,0.2929268799432946,0.774629048326521
0.038121667556897464,0.06482915859552374,0.6834352527922133,0.17152511745941648
-0.5916651970515057,-0.5972616505901749,-1.6640844020273826,-0.6811842116033063
-0.5505056794396401,-0.5972616505901749,0.3611868742771461,3.6231626293713397
-0.5916643319947664,-0.5707780182227469,-0.8614755520468427,-0.6813651437348409
0.6919738994790452,0.7004363354137944,0.4604146687251084,0.7462227036756034
0.9900181105045929,0.9917562914555018,1.1857507587016045,-0.9266472162611611
-0.591594223078133,-0.5707780182227469,-0.8706966665132884,-0.6692569750376762
-0.5915988629279159,-0.5972616505901749,-1.660840433672812,-0.6742897451174651
-0.5915598174123707,-0.5707780182227469,-0.8351384719526893,-0.6669239028152577
-0.5506024085113834,-0.5707780182227469,0.3581243710031834,-0.6765133057865865
2.3970009289817122,2.4483560716640387,1.2106271569123461,-0.8210018969325386
-0.47242746691739446,-0.5178107534878911,0.3250394782819805,0.6837439818336082
0.3721494078370244,0.38263274700465905,0.45813627382414296,0.7996310120814605
-0.5915904482850894,-0.5707780182227469,-0.869473457451413,-0.6717662180197469
-0.5916962211318331,-0.5972616505901749,-1.666141006274272,-0.6855551509914295
-0.5917632630291185,-0.5707780182227469,-0.8636374508466775,-0.6862169816830952
-0.4713407590491959,-0.4913271211204631,0.6717161930803627,-0.6669286641871401
0.37299610178086495,0.38263274700465905,0.4761685260934387,0.7520030091409426
-0.5916328360653086,-0.5707780182227469,-0.8650802102529921,-0.6715233880537401
-0.5916593382581359,-0.5707780182227469,-0.863529915984095,-0.6707615685525422
-0.5505916346229047,-0.5972616505901749,0.35686307667747647,3.6139731816381397
-0.5915919424740025,-0.5707780182227469,-0.8323985732664738,-0.6717043201852747
0.05787394061067536,-0.014621738506760096,1.4804478092991915,0.7865039098014439
0.135924982487159,0.03834552622809579,2.5003666940817797,0.7767621429298752
-0.5916017726642203,-0.5707780182227469,-0.8686355816471246,-0.6710853418405515
-0.5893374473286889,-0.5707780182227469,-0.8604270871366637,-0.39782068676085464
0.6624737345599598,0.6474690706789386,0.9696034446012289,-0.23581976983111527
0.921452219169275,0.9387890267206459,0.39223980615746795,0.8010070485554994
-0.5917138761534643,-0.5707780182227469,-0.8624052805462535,-0.67889399172783
-0.4717817020616061,-0.5178107534878911,0.36879720611449224,0.8157101649286194
-0.5915898977944373,-0.5707780182227469,-0.8633126059492929,-0.6716376609789199
-0.5505645426186644,-0.5972616505901749,0.3620426725585317,3.6249814734304504
-0.5915686645835667,-0.5972616505901749,-1.6592789378557293,-0.6709710689153716
-0.591626308819004,-0.5707780182227469,-0.8657321403573983,-0.6670286529966724
-0.4713611272033272,-0.544294385855319,0.35121301577262337,3.4442731263744197
0.6074229785475015,0.6209854383115105,0.376405297642201,0.7293960154428942
-0.0979234465663007,-0.12055626797647187,0.46185070720251187,0.809772734191158
-0.5505642673733383,-0.5972616505901749,0.3600398357429335,3.620724806967507
-0.5916695223352015,-0.5972616505901749,-1.6641359291490367,-0.6812937231566035
-0.5916916206028111,-0.5972616505901749,-1.6618642551769824,-0.6764656920677617
-0.47171835631584247,-0.5178107534878911,0.970524211862091,-0.4642941996122563
-0.4716151786393163,-0.46484348875303516,0.3767525456359571,-0.8979456665535293
0.6059818726615703,0.5945018059440826,0.46195824206509445,0.805882693363166
0.1378470205993063,0.09131279096295168,0.5655479193765575,0.5519634922420141
0.8452052531223246,0.8063708648835062,0.4937168714811134,0.6992517700548686
-0.4020981574192839,-0.41187622401817925,0.3512690235135516,-0.51440287730355
2.343200415881916,2.315937909826899,0.45262287180715477,0.7459322599907717
0.45269287478285364,0.43560001173951496,1.472754586005271,0.8229522115618821
-0.5505960778688832,-0.5972616505901749,0.3605887116040316,3.6218913430787167
-0.591642784217809,-0.5972616505901749,-1.6607082554042212,-0.6740088241763984
-0.591623556365743,-0.5707780182227469,-0.8588252657461124,-0.6812413480658963
-0.049651275161957685,-0.014621738506760096,0.9995138185666117,-0.47832596254994564
0.8465919390752099,0.8593381296183621,0.35503498401357486,0.525261718725027
-0.5505331646514892,-0.5972616505901749,0.36326364131077005,3.6275764211064057
-0.5505694970345342,-0.5972616505901749,0.35904065764477117,3.618601235107917
0.767789084250868,0.7798872325160783,0.3641418426885267,0.7669156258768922
0.7707957069101269,0.7534036001486503,0.46066558340446767,0.6215271354451499
0.6116853097051834,0.5945018059440826,1.495314504051216,0.7749861512177078
-0.5916722354677016,-0.5707780182227469,-0.8623515131149623,-0.6783035816144017
-0.5916395205946567,-0.5707780182227469,-0.8617779938478558,-0.6746087570335918
-0.5916505697284615,-0.5707780182227469,-0.8638816445971252,-0.6763990328614069
-0.09997626552910568,-0.14703990034389983,0.458375986955316,0.8152149822528407
0.6094371845231309,0.5945018059440826,0.36204491286816864,0.8076729691909811
0.21709982289029767,0.2237309528000914,0.45652101057576905,0.7758812891316151
-0.5915849826993284,-0.5707780182227469,-0.8330572242997911,-0.6696093165569804
0.3711041833715451,0.3296654822698032,0.46282300158502837,0.7965599272172563
-0.5915937512290026,-0.5972616505901749,-1.658909286765602,-0.6701854425547612
-0.5916966929809635,-0.5707780182227469,-0.8648965048627472,-0.6783797635645215
0.1365619394925123,0.11779642333037962,0.3863813964563611,0.39464300387275963
-0.5916527323703095,-0.5707780182227469,-0.8608393041098966,-0.6764228397208193
-0.5916494687471572,-0.5707780182227469,-0.8550324215304438,-0.6860360495515606
0.44556461064831027,0.4620836441069429,1.1703463896366677,-0.9957775746229905
-0.5915933973421548,-0.5707780182227469,-0.7607333082841774,-0.9004882391387773
-0.5916418011987873,-0.5707780182227469,-0.8583211960777574,-0.6800843346984519
-0.20002129635739765,-0.22649079744618364,2.2003937142887415,-0.7122331176490044
1.3964917181990075,1.362527144599493,1.499546448955763,0.6242411174181677
0.3744762138615802,0.35614911463723115,1.2727666253175467,0.7659490673847472
-0.5915884822470459,-0.5707780182227469,-0.8702194805605787,-0.6705853977928902
0.6103979086734981,0.5680181735766546,0.3671348963637384,0.8110059295087222
0.05597852265363787,0.06482915859552374,0.3855995283930013,0.5508398084777474
-0.47198691711259305,-0.5178107534878911,0.35022279891300984,0.7813806736558877
-0.28251715704276675,-0.25297442981361157,0.851236684923226,-0.441277727932314
-0.5908697773798413,-0.5707780182227469,-0.6942319570154761,-0.9329893636086338
-0.5916452614257439,-0.5707780182227469,-0.8583435991741286,-0.6785226047209961
-0.5128947032133608,-0.544294385855319,0.3515535428374677,0.7796427729187799
0.18861751518712547,0.2237309528000914,0.9876491387283474,-0.47166004191446387
-0.5916441211236787,-0.5972616505901749,-0.540999258454749,1.705729604062511
0.21522630659706563,0.1707636880652355,0.3494902176616669,0.6256552448672663
0.609197721089425,0.5945018059440826,0.3774828865776626,0.7336717273933674
0.8462809904982401,0.8593381296183621,0.39021456624549833,0.5821696354645121
0.9218773552358146,0.912305394353218,0.45950958363170635,0.7981026117071823
-0.04791349413525307,-0.041105370874188044,1.4857304594235543,-0.743063000588108
0.6878530050982171,0.6474690706789386,0.5301555077291064,0.7019847975154162
-0.5916869021115065,-0.5707780182227469,-0.8611148621952641,-0.6828792599934718
-0.5916893006779197,-0.5972616505901749,-1.6640933632659312,-0.6812032570908363
0.9223948164488804,0.912305394353218,1.2897257692706554,0.789232175890109
0.2687615618440246,0.2502145851675193,1.4869962343685357,-0.7942572710686089
-0.5916887501872675,-0.5707780182227469,-0.8605279010703349,-0.6857646513542589
3.34378583029919,3.375283204524017,0.8047121746888534,0.1860520630728846
-0.5916560746349835,-0.5707780182227469,-0.8582629480271917,-0.68260786179617
-0.5235297500854452,-0.544294385855319,0.36262739337382394,-0.4620135024805451
-0.5916364535753088,-0.5707780182227469,-0.8628623037122289,-0.6718328772261019
-0.471760940699866,-0.5178107534878911,0.36451373408829124,0.8294181545782996
-0.2751887109146278,-0.3059416945484675,1.486086668655859,-0.4716838487738763
-0.046966886138038726,-0.014621738506760096,1.0637995036041872,-0.47651187986271815
-0.5916749092794409,-0.6237452829576028,-1.981310006335994,-1.35538970879159
-0.5505150771014884,-0.544294385855319,0.3620157888428863,-0.6737136191196843
0.8188933727777233,0.8328544972509341,1.0789955238728706,-0.5117841227681822
-0.5916373579528088,-0.5972616505901749,-1.659408875814683,-0.6712472284845559
-0.5916226519882429,-0.5707780182227469,-0.7627742303636069,-0.8861850780037861
-0.5915772365094366,-0.6237452829576028,-1.981310006335994,-1.35538970879159
2.3453906215832054,2.236487012724615,1.4770246161736496,0.8171290537496005
-0.5916002784753073,-0.5707780182227469,-0.8699842480486796,-0.6697569190853375
-0.514811590305834,-0.5178107534878911,0.36079033947137357,0.385477362998972
-0.5129119650273833,-0.544294385855319,0.349971884233651,0.7788428624425221
-0.5916491148603092,-0.5972616505901749,-0.5409006848307151,1.7059391044253405
1.2179005577941022,1.2565926151297813,0.9933440058259434,-0.4646084501565005
-0.5916275670833518,-0.5707780182227469,-0.863281241614373,-0.6748087346526562
-0.5916806107897672,-0.5707780182227469,-0.7631281992862742,-0.8907512336390913
-0.591556986317588,-0.5707780182227469,-0.8710461548166814,-0.666819152633843
0.29540597786331396,0.2502145851675193,0.3531105580352764,0.7848612365019857
-0.5915727539426974,-0.5707780182227469,-0.8679634887559843,-0.6693664865909736
-0.5915633169600882,-0.5707780182227469,-0.870407666570098,-0.6666096522710134
-0.5916520639173747,-0.5707780182227469,-0.8581442116164236,-0.6775512848569688
0.8977370425518496,0.9387890267206459,1.0116473355613325,-0.4926291236849368
-0.5917114775870511,-0.5707780182227469,-0.762592765282999,-0.8980028030161192
-0.591631813725526,-0.5707780182227469,-0.7612037733079757,-0.8862850668133185
-0.5916164393080253,-0.5707780182227469,-0.8569590878183795,-0.6827126119775848
0.3750770744084538,0.38263274700465905,0.45817211877833713,0.7753242086213642
0.13496323599700924,0.14428005569780758,0.4414930135298703,0.8036591326940445
-0.5505340690289892,-0.5972616505901749,0.35945735523727823,3.6194868502780597
-0.5128873502310779,-0.544294385855319,0.34991587649272227,0.7815901740187171
0.03285799390286844,0.03834552622809579,1.0664654720723767,-0.4398493163675678
1.0066534268441072,0.9917562914555018,1.3709392339264186,0.8030591998368511
-0.589677925797073,-0.5707780182227469,-0.7606324943505065,-0.6694759981442707
0.8970443680283416,0.912305394353218,2.2128789598964924,-0.7455579594545313
0.5502524009957135,0.5415345412092267,1.2834753053830499,-0.6702901927361761
0.8468384016043511,0.7798872325160783,1.2836298867480118,0.7954505275686369
-0.5916367288206349,-0.6237452829576028,-1.981310006335994,-1.35538970879159
-0.592191584077289,-0.5972616505901749,-1.6945391712345894,-0.7459103009738353
-0.5915741694900887,-0.6237452829576028,-1.981310006335994,-1.35538970879159
-0.5903125628775349,-0.5707780182227469,-0.8335052862272182,-0.5141171949906008
0.029058782666728056,0.06482915859552374,1.0674556889319904,-0.5190975899796824
0.504269877496903,0.5415345412092267,0.9602031053638123,-0.5183548159660143
-0.5916429021800916,-0.5707780182227469,-0.8612649629409521,-0.6788463780090053
0.6870805880716624,0.7004363354137944,0.4793206417528868,0.7445228939135555
2.079968879814485,2.0775852185200474,1.6748170734169827,-0.464808427775565
-0.4719943094156368,-0.5178107534878911,0.34905111697278834,0.8557913934353952
-0.5916857618094413,-0.5972616505901749,-1.6641538516261338,-0.6813318141316634
-0.019201513867831862,-0.014621738506760096,0.4608112035308814,0.8110106908806045
0.05724822934293122,0.06482915859552374,0.38558160591590424,0.7754480042903088
-0.5916040532683509,-0.5707780182227469,-0.8347934642685706,-0.6694283844254458
-0.5916413293496569,-0.5707780182227469,-0.7638159743448746,-0.8861374642849613
-0.5916615795415056,-0.5707780182227469,-0.8579470643683559,-0.6806033242336429
-0.5505677669210558,-0.5707780182227469,0.3611196649880321,1.6969258274517924
0.7649778071316178,0.7798872325160783,0.3689719502661888,0.7473654329274003
-0.5916321282916129,-0.5707780182227469,-0.8604629320908579,-0.676537112645999
-0.020905439719426322,-0.014621738506760096,0.36668683443631156,0.5562296814487225
-0.5916162820249818,-0.5707780182227469,-0.8582629480271917,-0.6807175971588227
0.8972303945480234,0.9387890267206459,1.0680068051027254,-0.48511091748248975
-0.2572382724070138,-0.25297442981361157,0.378502227462559,-0.20086177746989545
0.29641707190835714,0.30318184990237523,0.4549953597128801,0.7821424931570856
-0.5505809393759477,-0.5972616505901749,0.3599054171647056,3.620439124654558
-0.5915727932634582,-0.6237452829576028,-1.981310006335994,-1.35538970879159
-0.4719816874513971,-0.46484348875303516,0.3511010002907664,-0.6700187945388743
-0.5916605572017228,-0.5972616505901749,-1.6635780920493903,-0.6801081415578643
-0.01952064116306292,-0.041105370874188044,0.36935504321413865,0.809529904225151
1.2411969683082487,1.2036253503949252,2.50161006593039,0.8031401431588536
0.13652407359979332,0.03834552622809579,1.495901465176145,0.7774239736215409
2.8189765893665717,2.81912692480803,1.3738628380028792,0.4490750072333516
-0.5916407002174828,-0.5707780182227469,-0.8577902426937564,-0.6813556209910759
-0.55051334698801,-0.5972616505901749,0.3637385869538423,3.6285858319454927
0.059337380688781284,0.06482915859552374,0.3715751900645389,0.7870228993366348
10.199505699770402,10.128609458218143,2.5000396088747583,0.1709109004865757
-0.5916452614257439,-0.5707780182227469,-0.8650936521108149,-0.673799323813569
-0.47201275085248545,-0.46484348875303516,0.3499225974216341,-0.6694141003097984
-0.5505322995947499,-0.5972616505901749,0.36196650203086894,3.6248195867864452
-0.5916385375756349,-0.5707780182227469,-0.8646321483255652,-0.6757419635416236
-0.47175799164280063,-0.5178107534878911,0.36301944756032206,0.7455513502401727
0.7727109425306437,0.7269199677812224,1.4766527247738854,0.8085585843611238
1.4776621939976897,1.441978041701777,0.45495503413941196,0.8146150493956473
0.7400519836077277,0.7534036001486503,1.5112274234037826,-0.6856408556853142
-0.20698877790073855,-0.25297442981361157,2.536258694778313,-0.514607616294497
0.3543778001498529,0.2502145851675193,2.5076051345193613,0.7617876283594537
-0.09809838463141683,-0.12055626797647187,0.35942151028308406,0.7878132870691277
1.0811871480191362,1.0447235561903576,0.4947698170105665,0.7734482280996643
0.3732056027947869,0.35614911463723115,0.38606775310716224,0.7767669043017578
-0.5921715304892446,-0.5707780182227469,-0.8330325808937827,-0.7432248872321127
-0.5916102659485685,-0.5707780182227469,-0.7618624243412931,-0.901326240590095
-0.09812803248511377,-0.12055626797647187,0.3588681538027121,0.8098584388850428
-0.511608992974393,-0.4913271211204631,0.957830617458087,-0.7455246298513538
-0.5916444750105265,-0.5707780182227469,-0.8657724659308667,-0.6740992902421656
-0.019134471970546414,-0.09407263560904393,0.38011301009165854,0.8187907725365885
-0.5916796277707453,-0.5707780182227469,-0.8598423663213717,-0.6830459080093588
0.7662848292229779,0.7798872325160783,0.22269765343840145,0.791912828259949
0.29205742186751893,0.2766982175349473,0.4592698705005328,0.7666156594482954
-0.5122613243972468,-0.544294385855319,2.573456795993294,-0.6706044432804201
0.9244817658321217,0.912305394353218,1.4970888292838267,0.7772954165807138
1.7138588982111407,1.7068143653760564,1.479448631201029,0.8203096501671019
-0.1767841422298841,-0.2000071650787557,1.4865840173953027,0.7990167951086197
-0.12464571769211519,-0.09407263560904393,1.0805883840248731,-0.4830920958043152
-0.591623241799656,-0.5707780182227469,-0.866126434853534,-0.6691855544594391
0.6853196864375655,0.7004363354137944,0.46427248192025405,0.7246203594447596
-0.020909804323883046,-0.014621738506760096,0.281425130266246,0.8161148815386308
0.372255220004529,0.35614911463723115,1.279648856522824,0.8061683756761152
-0.5916446716143309,-0.5707780182227469,-0.8609714823784873,-0.6717281270446871
1.8696602961057258,1.892199791948052,0.4559519719279364,0.8092918356310267
-0.5915726753011756,-0.5707780182227469,-0.868841690133741,-0.671218660253261
0.5036654387607901,0.5415345412092267,0.961316539253468,-0.665900207860523
-0.5916493507848746,-0.5707780182227469,-0.8631737067517906,-0.6786130707867635
1.1593052317929053,1.1506580856600694,0.4917341974522492,0.7340716826314965
0.6841879562981693,0.7004363354137944,0.4757227044756488,0.7742100476008622
-0.5916310273103086,-0.5707780182227469,-0.8603979631113811,-0.6718043089948069
-0.5915961497954157,-0.5707780182227469,-0.8695317055019784,-0.6690808042780243
-0.47199953907683273,-0.5178107534878911,0.5645352994205729,0.3981330894626228
-0.2555650560696598,-0.25297442981361157,0.3743106081314804,0.8339366964947798
-0.5505308447265977,-0.5972616505901749,0.36119135489642046,3.623172152115105
-0.5916604785602011,-0.5972616505901749,-0.5416265451531469,1.7043964199354142
1.0003599031420995,0.9917562914555018,0.372870089034803,0.7292246060551245
-0.4719707956006358,-0.5178107534878911,0.3505319616429343,0.624850573019126
-0.04960200624858601,-0.041105370874188044,1.0682218748278904,-0.5190452148889749
1.55607144800571,1.5743962035389165,0.4630022263559988,0.7976359972626984
3.6865829653103432,3.7195704253005806,0.4521725695700905,0.4098174960622458
0.6084604568230891,0.5945018059440826,0.482934261197585,0.5517063781603598
-0.5916022445133508,-0.5707780182227469,-0.8687744808446269,-0.6712948422033808
1.0768707114944955,1.0976908209252136,0.49462195657451585,0.7546074795606631
-0.17689593115304106,-0.22649079744618364,0.5637399894993899,0.6019483742643632
-0.5916659834667231,-0.5707780182227469,-0.8602187383404102,-0.676556158133529
0.037851691212755556,0.011861893860667848,2.5000060042302015,-0.671571001772565
0.42445903496762677,0.43560001173951496,0.9984608730371586,-0.7265219946683481
-0.47198829333922354,-0.4913271211204631,0.350523000404386,0.8552628811564393
-0.5916281962155258,-0.5972616505901749,-1.6624108907284434,-0.6776274668070885
0.6907062374693173,0.7004363354137944,0.4583423823107593,0.5926446536059837
-0.59160401394759,-0.5707780182227469,-0.8637024198261544,-0.6716900360696272
-0.27875589034086706,-0.3059416945484675,1.3882523468021946,-0.5204022058754838
-0.5505839277537738,-0.5972616505901749,0.36051702169564326,3.621738979178477
0.45373015645463705,0.43560001173951496,0.349575349427878,0.7015277058146976
-0.6257135550598067,-0.6237452829576028,-1.981310006335994,-1.35538970879159
-0.5916578047484619,-0.5707780182227469,-0.8656582101393728,-0.669223645434499
0.4510066039528903,0.4620836441069429,0.4737422707564221,0.7985739875235484
-0.5916646858816144,-0.5707780182227469,-0.861231358296395,-0.6768513631902432
1.1585681248096131,1.1241744532926414,0.38527244318597975,0.7732339663649523
-0.5915587557518271,-0.5707780182227469,-0.8697109302729492,-0.667142925921852
-0.591562137337262,-0.5707780182227469,-0.7624650676336825,-0.8954364235714586
0.5823591784737142,0.6209854383115105,0.9613949500907678,-0.6670905508311448
1.6857321288277667,1.7332979977434841,1.0887923979160599,-0.9113822580059077
-0.6169310665154102,-0.6237452829576028,-1.981310006335994,-1.35538970879159
-0.47175150371725694,-0.4913271211204631,0.5175313629238532,-0.9980963627297619
0.8158660673982463,0.8593381296183621,0.9611686788174174,-0.5182643499002471
0.3718824985122304,0.38263274700465905,0.4700412792358754,0.7864896256857963
-0.4717997896116068,-0.5178107534878911,0.36293207548447404,0.8223998924235136
-0.4717960148185631,-0.46484348875303516,0.3629029514591912,-0.681855565038737
0.9233579784864213,0.912305394353218,0.46951480647114885,0.7647872926454203
2.030048500076702,2.0511015861526194,0.4566800725600054,0.8049208962429037
1.0035864468169111,1.0182399238229298,0.4623502962515931,0.8043447702451229
-0.5916743194680277,-0.5707780182227469,-0.8601201647163764,-0.6806414152087028
1.5574165719143547,1.5743962035389165,0.4641470245805749,0.765634816840503
0.8433510040019194,0.8593381296183621,0.28163123875286233,0.7862277502322597
0.3743690254674452,0.35614911463723115,1.3767685196022426,0.5973441276539982
2.5807044567528146,2.5807742335011783,1.4776765462780557,0.4759577128818736
-0.5505543585415987,-0.5707780182227469,0.3607141689437108,-0.674142142589108
-0.5916513954644399,-0.5707780182227469,-0.8578104054804907,-0.681327052759781
-0.5916929181879199,-0.5707780182227469,-0.8587894207919186,-0.6858265491887312
0.5298319502524506,0.4620836441069429,1.474378810492194,0.39580953998396895
1.214152542188616,1.2036253503949252,1.3132871057243989,-0.616786656892669
-0.550559470240512,-0.5972616505901749,0.36116223087113764,3.6231102542806326
0.5311765629912035,0.43560001173951496,2.5038772592831697,0.6288453640285326
0.6907224769435568,0.6209854383115105,1.4794643133684893,0.39958530788678137
1.9220348024917657,1.892199791948052,2.5085729482826045,-0.6382985350577456
1.529621237224364,1.5479125711714885,1.1031751857864631,-0.5942653678885054
-0.4719711494874837,-0.5178107534878911,0.35061485309950846,0.6266408488469412
-0.02269174256504606,-0.06758900324161599,0.45711245231997216,0.774286229550982
-0.591669994184332,-0.5707780182227469,-0.8611372652916354,-0.6764514079521142
-0.5896824476845732,-0.5707780182227469,-0.8686871087687786,-0.4423871275809334
-0.47199289386824544,-0.5178107534878911,0.34990243463489956,0.6268741560691832
-0.5916744374303105,-0.5707780182227469,-0.8661421170209939,-0.6731184476343733
-0.5916424696517221,-0.5972616505901749,-1.6652202390134099,-0.6835982271477273
-0.5915924536438938,-0.5707780182227469,-0.7619117111533102,-0.8978075867689371
-0.5916591416543315,-0.5707780182227469,-0.8620065054308436,-0.6763942714895244
-0.5916318923670477,-0.6237452829576028,-1.981310006335994,-1.35538970879159
1.0083275868797221,0.9917562914555018,0.4531359027140587,0.4676062665999912
-0.1775046165313279,-0.2000071650787557,0.2610114288526762,0.8023449940544781
-0.5916038959853074,-0.5707780182227469,-0.8343297201736836,-0.6694141003097984
-0.4718539736200874,-0.5178107534878911,0.3623518352884562,0.8169385988743009
-0.5505145266108362,-0.544294385855319,0.36141986647940827,-0.8812665808491771
-0.5916197029311776,-0.5707780182227469,-0.7613493934343895,-0.8835948916997133
0.42509740752037145,0.409116379372087,1.4840659093631636,-0.37354721290393567
-0.5915722820935669,-0.5707780182227469,-0.8695361861212527,-0.6686237125773056
0.5303618368259513,0.48856727647437087,0.5067733960463332,0.7294960042524264
2.4750893649017844,2.5013233363988947,1.9746377121546956,-0.7146709400528378
-0.4717946779126935,-0.5178107534878911,0.3630732149916134,0.818490806107992
-0.5916122319866121,-0.5707780182227469,-0.8339107822715396,-0.6694474299129758
-0.5916735723735712,-0.5707780182227469,-0.8608482653484449,-0.6836791704697296
-0.5915510095619355,-0.5707780182227469,-0.8711380075118039,-0.6645289327583667
0.21664393798875653,0.19724732043266346,0.37561670864992985,0.5874499968821904
-0.550531355896489,-0.5972616505901749,0.3622622229029707,3.6254480878749336
-0.55055396533399,-0.544294385855319,0.3566614488101345,-0.6693664865909736
-0.5915667771870449,-0.5707780182227469,-0.7617280057630651,-0.9000454315537061
-0.4719972584727022,-0.5178107534878911,0.3502676051057528,0.8522298872672951
-0.5154586527467312,-0.5178107534878911,0.3584245724945596,-0.9743656852674465
-0.5916768753174845,-0.5707780182227469,-0.8613254513011547,-0.6813984733380183
-0.5915693330365016,-0.5707780182227469,-0.7618713855798417,-0.8979980416442366
-0.5505113416292056,-0.544294385855319,0.362844703408626,-0.6787273437119431
-0.5128944672887956,-0.4913271211204631,0.34855152792370764,-0.9004311026761875
-0.5916852899603109,-0.5707780182227469,-0.8646747142086707,-0.6742421313986403
0.6085462547233103,0.5680181735766546,0.4956009718859432,0.702599014488257
-0.5915661087341101,-0.5707780182227469,-0.870156751890739,-0.6708282277588969
0.921297020126116,0.9387890267206459,0.4936541428112733,0.7746338096984036
-0.5916620120698751,-0.5972616505901749,-1.6652471227290557,-0.6836553636103171
-0.5915591489594358,-0.5707780182227469,-0.8682076825064319,-0.6713900696410305
0.0364740490348706,0.06482915859552374,0.9880725572497657,-0.4619468432741902
0.4300208779513424,0.4620836441069429,1.1027159223108505,-0.5191261582109772
-0.5916013401358508,-0.5707780182227469,-0.8691777365793112,-0.6716233768632723
0.5298680467109304,0.5150509088417988,0.4575358708413906,0.3967475302448189
-0.5915536440529139,-0.5707780182227469,-0.8699282403077512,-0.6665191862052463
-0.5916506876907441,-0.5707780182227469,-0.8604786142583177,-0.6788654234965352
-0.5916741228642234,-0.5972616505901749,-1.663125549502689,-0.679146344437602
-0.5915654796019362,-0.5707780182227469,-0.7617817731943565,-0.8950221842176822
-0.5916538726723747,-0.5707780182227469,-0.7620125250869813,-0.8884419682760851
-0.5916802175821585,-0.5707780182227469,-0.8591053044507544,-0.6810842227937741
0.21677452223560992,0.19724732043266346,0.3711741746394919,0.8037638828754594
1.0869727654529702,1.0712071885577856,0.45393569325451555,0.7752099356961845
-0.5915752311506323,-0.5707780182227469,-0.8346612859999796,-0.669937851216872
-0.5916673203725926,-0.5707780182227469,-0.8589372812279692,-0.6822174293018061
-0.3360622031591826,-0.33242532691589544,0.4596552037581201,0.8120772381822816
-0.5916417225572655,-0.5707780182227469,-0.7622589591470661,-0.8885276729699699
1.2393063868047984,1.2565926151297813,0.4566061423419801,0.7054463148739842
1.1579258988223031,1.1771417180274975,0.4574552196944539,0.7760336530318549
2.1000951719456697,2.1040688508874754,0.5290510350779988,0.7000612032748914
-0.4718078503675854,-0.5178107534878911,0.3653986563949592,0.8224570288861035
-0.5915847074540022,-0.5707780182227469,-0.8333753482682644,-0.7456293800327686
0.10779117468758857,0.11779642333037962,2.0398060791893022,-0.6789368440747725
-0.09973027484909523,-0.17352353271132775,1.4858783198596055,0.5944015998306212
-0.019511558067301614,-0.041105370874188044,0.4925317476830692,0.7777477469095501
-0.5915416119000874,-0.5707780182227469,-0.8329586506757574,-0.6694236230535634
-0.5916742408265061,-0.5707780182227469,-0.8604450096137608,-0.6788511393808878
-0.5921995661917459,-0.5707780182227469,-0.833668828830729,-0.7432153644883477
-0.591643098783896,-0.5707780182227469,-0.8588185448172011,-0.6789511281904199
0.7678103174617386,0.7534036001486503,0.37934906450539585,0.5893545456351852
0.29597715123572965,0.2502145851675193,0.40581160193922866,0.528685145108535
-0.4717154072587771,-0.5178107534878911,0.3657884702718204,0.8314084080251791
-0.5505279349902932,-0.5972616505901749,0.36012720781878155,3.6209105004709237
-0.591559738770849,-0.5707780182227469,-0.8710618369841413,-0.6668953345839628
-0.5916401104060698,-0.6237452829576028,-1.981310006335994,-1.35538970879159
1.0040022638631245,1.0182399238229298,0.4706349612897165,0.7937269109471767
-0.47200020752976757,-0.5178107534878911,0.3497411323410262,0.8574340667348535
0.9237797722882872,0.9387890267206459,0.4755277975372182,0.7491842769865104
-0.5915819156799803,-0.5707780182227469,-0.8324366585303049,-0.745653186892181
1.0679805627068335,1.0976908209252136,1.0674848129572732,-0.5868376277518255
-0.5916684213538971,-0.5972616505901749,-0.5419177854059742,1.703777441590691
-0.09976837666637944,-0.09407263560904393,0.3682976170654111,0.812305784032641
1.0791306722255705,1.0976908209252136,0.2680258383265444,0.7806426610141022
-0.5915656368849797,-0.5707780182227469,-0.8701634728196503,-0.6678809385636376
0.7414116168771334,0.7798872325160783,1.0619154031993567,-0.7095667493948117
-0.021404931344773732,-0.014621738506760096,0.49372135210038776,0.7764336082699836
0.608546647930919,0.5945018059440826,0.49323968552840364,0.5525729478429726
0.7646335931909508,0.7269199677812224,0.4571572585127151,0.5501017958359619
0.5280905910365067,0.5150509088417988,0.4667816287138447,0.78329950652453
-0.591631184593352,-0.5707780182227469,-0.8611350249819981,-0.6734326981786175
-0.5915669344700885,-0.5972616505901749,-1.6599667129143294,-0.6724328100832951
0.6609112454852194,0.7004363354137944,1.0210207910831033,-0.6772084660814297
0.13801362266311779,0.14428005569780758,0.3663015011787243,0.7831233357648779
-0.5505807034513824,-0.544294385855319,0.3616259749660246,-0.681903178757562
0.29542013333722766,0.30318184990237523,0.46999199242385853,0.8024925965828353
-0.5905164017018915,-0.5707780182227469,-0.861614451244345,-0.5438329169092025
-0.5915915099456329,-0.5707780182227469,-0.7622970444108973,-0.90041681856054
-0.5984836135903836,-0.544294385855319,-1.299209652046557,-0.6696188393007454
0.05931469260975858,0.011861893860667848,2.4575588575354135,0.6023673749900222
0.10963830675027614,0.14428005569780758,1.0681412236809538,-0.5169930636076231
-0.0979997681631518,-0.09407263560904393,0.47397526295868386,0.787132410889932
1.6379765929005103,1.6008798359063445,1.3885503079839332,0.6843962897815089
-0.5916569396917227,-0.5707780182227469,-0.8604450096137608,-0.6790130260248923
-0.1887299073448505,-0.14703990034389983,0.9613030973956453,-0.8979075755784693
0.21714051987779948,0.2237309528000914,0.35061933371878284,0.5501160799516092
-0.5916612649754186,-0.5707780182227469,-0.7613650756018494,-0.8923986683104318
0.29236994327492355,0.2766982175349473,1.3827255029273837,0.8082586179325272
0.05536830376567713,0.03834552622809579,0.45805786298684326,0.7768288021362301
-0.5915559639778053,-0.5707780182227469,-0.7604801532951811,-0.8980075643880016
-0.5915893866245459,-0.5707780182227469,-0.8683465817039342,-0.6716757519539798
-0.5916882783381371,-0.5707780182227469,-0.8606443971714658,-0.6812413480658963
0.5106112152441302,0.5150509088417988,0.9686423517668982,-0.2716729001062428
-0.5916523391627008,-0.5972616505901749,-1.6651642312724817,-0.6834791928506652
3.369457450694524,3.401766836891445,0.4499860273642475,0.39671896201352397
0.1081546558010823,0.14428005569780758,0.9670741350209037,-0.6763847487457594
-0.591623831611069,-0.5707780182227469,-0.8658195124332465,-0.669018906443552
1.4008644620532162,1.415494409334349,0.4564381191191949,0.784932657080223
0.6116692668347479,0.6209854383115105,0.4627759550826484,0.8051351579776157
-0.5915781015661759,-0.5707780182227469,-0.8322753562364313,-0.6730755952874309
-0.1802369375627489,-0.17352353271132775,0.2575658326307632,0.8231569505528291
1.5531460227176506,1.5743962035389165,0.5307536704022213,0.6995374523678178
0.05750200553359429,0.06482915859552374,0.37674806501668273,0.8065302399391844
-0.5915804608118281,-0.5707780182227469,-0.8704345502857436,-0.6677666656384579
2.002007764518114,1.9716506890503358,1.6806620412602664,0.37896380626372983
-0.5917116741908555,-0.5707780182227469,-0.8627995750423892,-0.6790368328843047
-0.5916258762906343,-0.5972616505901749,-1.6606992941656726,-0.6739897786888686
-0.5967300649385696,-0.5707780182227469,-0.7427032963245189,-0.47320748777627214
-0.5109962968784972,-0.5178107534878911,1.2838225533768055,-0.6693379183596786
-0.5916585911636792,-0.5707780182227469,-0.8616368543407165,-0.6837648751636144
-0.5916128611187861,-0.6237452829576028,-1.981310006335994,-1.35538970879159
-0.591628156894765,-0.5707780182227469,-0.8604158855884779,-0.6717614566478645
-0.5916495867094398,-0.5707780182227469,-0.8660726674222428,-0.6763276122831696
-0.5915575761290011,-0.5707780182227469,-0.8712813873285805,-0.6669429483027877
1.1617318339085527,1.1506580856600694,1.4605516194117996,0.6990851220389815
1.0751993825536634,1.0976908209252136,0.4986186689671639,0.306886158706641
-0.5915873419449805,-0.5972616505901749,-1.6573455506388821,-0.6668620049807853
0.29203280707121354,0.30318184990237523,0.4584342350058817,0.5519015944075418
0.7624835339865113,0.7798872325160783,0.49297532899122165,0.7599592615565783
0.7427149821377328,0.7798872325160783,1.0817936706096511,-0.4761262087402367
0.5287350583071863,0.5415345412092267,0.39770616167207623,0.5914114582884196
-0.5916073955330249,-0.5707780182227469,-0.8698879147342828,-0.670456840752063
-0.09800704250391298,-0.17352353271132775,1.4777863214502753,0.5902306380615626
0.8464367007112905,0.8328544972509341,1.3903963231249319,0.7762145851633893
-0.5915571042798706,-0.6237452829576028,-1.981310006335994,-1.35538970879159
-0.5916719602223754,-0.5707780182227469,-0.7618825871280274,-0.8885371957137349
0.5302934973435571,0.48856727647437087,0.501992575280688,0.7175878131743262
-0.10131879426753256,-0.14703990034389983,1.494743225093747,0.6259314044364506
0.21693868641224734,0.19724732043266346,0.45109722094426635,0.8019450388163494
-0.4448850040405667,-0.46484348875303516,0.367197625033578,-0.45246695185615854
-0.5916964177356374,-0.5707780182227469,-0.8643005824992693,-0.6812032570908363
-0.5916196242896559,-0.5707780182227469,-0.8626494742967011,-0.6738374147886289
0.3731680907889157,0.30318184990237523,1.4953279459090385,0.774638571070286
-0.5915747199807408,-0.5707780182227469,-0.8706361781530858,-0.6670238916247898
-0.5917023158497681,-0.6237452829576028,-1.981310006335994,-1.35538970879159
-0.5916080639859598,-0.5707780182227469,-0.8689604265445091,-0.6717376497884522
-0.5916960638487896,-0.5972616505901749,-1.66475873522816,-0.6826173845399349
-0.5915906448888938,-0.5707780182227469,-0.870490558026672,-0.6705711136772426
-0.5916451827842222,-0.5707780182227469,-0.8623716759016965,-0.6718138317385719
-0.5916070809669379,-0.5707780182227469,-0.7616473546161282,-0.9003739662135978
0.26710835977395403,0.30318184990237523,1.0663041697785034,-0.4714695870391643
-0.5916265840643301,-0.5707780182227469,-0.8597930795093546,-0.6758562364668034
0.3481587892896961,0.38263274700465905,1.1746052182568603,-0.6703378064550009
-0.09671217052766201,-0.09407263560904393,0.45018765523158943,0.8234759624689557
-0.33094794839646435,-0.33242532691589544,0.45458762335892183,0.8199858768790927
-0.5916689325237885,-0.5707780182227469,-0.8643901948847547,-0.6714995811943276
-0.5916494294263963,-0.5707780182227469,-0.8570150955593079,-0.686116992873563
-0.5915681927344363,-0.5707780182227469,-0.7606347346601434,-0.8980361326192965
-0.4431767529052764,-0.41187622401817925,0.9769740633074016,-0.46656537400020265
-0.5505546731076857,-0.5972616505901749,0.36098076579052973,3.622724583158151
-0.5915613509220446,-0.5707780182227469,-0.7624785094915052,-0.8979266210659993
0.6871055174340547,0.6739527030463665,0.46537471426172455,0.7666061367045304
-0.5916057440610684,-0.6237452829576028,-1.981310006335994,-1.35538970879159
-0.591595481342481,-0.5972616505901749,-1.6584993101020065,-0.6693141115002662
-0.5915852972654153,-0.5972616505901749,-1.657376914973802,-0.6669286641871401
-0.5915773937924802,-0.5707780182227469,-0.7603905409096959,-0.9007025008734892
-0.4717845724771496,-0.5178107534878911,0.9722201262574017,-0.4727932484224957
-0.2573966171110423,-0.2794580621810395,0.3599210993321652,0.819528785178374
-0.502830593789127,-0.4913271211204631,0.349021992947506,-0.6706949093461874
-0.5915797923588934,-0.5707780182227469,-0.8353042548658373,-0.6667477320556056
1.16425052524616,1.1771417180274975,0.45096280236603786,0.766210942838284
-0.5916272918380258,-0.5707780182227469,-0.7637689278424947,-0.8836948805092455
0.6864875916769632,0.7004363354137944,0.28141168840842284,0.8052684763903253
0.9219412907929914,0.9387890267206459,0.3619485795537718,0.7440896090722492
-0.5505867195277957,-0.5972616505901749,0.36047669612217464,3.6216532744845917
-0.5915565931099793,-0.5707780182227469,-0.8685414886423649,-0.6693760093347384
0.13845822250628886,0.09131279096295168,0.3509284964487073,0.8516442385257492
-0.591639127387048,-0.6237452829576028,-1.981310006335994,-1.35538970879159
-0.5899410210080626,-0.5707780182227469,-0.7998491145485462,-0.5942606065166228
-0.047118624954240865,-0.014621738506760096,1.0679642392196198,-0.520445058222426
-0.591563985413023,-0.5707780182227469,-0.8332610924767705,-0.6690950883936718
1.2369440741331756,1.2036253503949252,1.4882351255978707,0.7644111442667039
1.4732753733110895,1.4684616740692047,1.280217895170656,0.7757813003220829
-0.55054358465312,-0.5707780182227469,0.3595962544347806,-0.6718662068292793
-0.5915827020951978,-0.5707780182227469,-0.8343498829604179,-0.6691617476000266
0.13641892988522353,0.09131279096295168,0.36159909125037926,0.7839089621254884
-0.5916677922217232,-0.5707780182227469,-0.8603688390860983,-0.6786130707867635
-0.5916652363722665,-0.5707780182227469,-0.8602590639138787,-0.6836077498914923
-0.5915591489594358,-0.5707780182227469,-0.8678357911066675,-0.6692426909220288
-0.5916190344782428,-0.5707780182227469,-0.8653356055516254,-0.6694759981442707
-0.5916727073168321,-0.5707780182227469,-0.7640668890242337,-0.8842948133664389
-0.5916421157648742,-0.5972616505901749,-1.6596821935904134,-0.6718281158542193
-0.5916462051240048,-0.5972616505901749,-1.6609345266775715,-0.6744897227365296
0.42421563945783375,0.43560001173951496,1.480290987624592,-0.5047801447290438
0.1983733105253679,0.1707636880652355,2.179048044066124,-1.0480955288677583
-0.5916493507848746,-0.5707780182227469,-0.7601732308748939,-0.8924605661449041
-0.5130015377206479,-0.544294385855319,0.3575710145228109,0.825061499305824
-0.5506926496575829,-0.5707780182227469,0.3481303497119262,-0.6665144248333638
0.21332931580959333,0.14428005569780758,1.4980163174736003,0.7760193689162073
-0.019278307313813414,-0.041105370874188044,0.48872546160957736,0.7823853231230926
-0.55059548805747,-0.5972616505901749,0.3604072465234237,3.621505671956235
-0.5991244633510632,-0.544294385855319,-1.3356415673656388,-0.669371247962856
0.8990915641223421,0.9387890267206459,1.082866778925839,-0.9122964414073452
-0.2834141422397615,-0.22649079744618364,0.6100046238158549,-0.24493779698607798
-0.28721268502296715,-0.3059416945484675,0.3772252509693924,-0.4308931758566097
-0.5916507663322659,-0.5972616505901749,-1.6596418680169451,-0.6717424111603346
-0.5916256010453083,-0.5707780182227469,-0.7624292226794883,-0.8789430313705234
-0.591558519827262,-0.5707780182227469,-0.8694600155935902,-0.6715614790288
-0.5915588343933489,-0.5707780182227469,-0.8324456197688535,-0.6690665201623769
-0.5915549416380227,-0.5707780182227469,-0.870407666570098,-0.6667191638243107
-0.5915768826225888,-0.5707780182227469,-0.862246218562017,-0.6670048461372599
-0.591646126482483,-0.5707780182227469,-0.8615853272190623,-0.6775322393694388
-0.09981611207007711,-0.09407263560904393,0.46731034178820874,0.8095156201095037
-0.5916853292810716,-0.5707780182227469,-0.8569882118436623,-0.686126515617328
-0.5922036555508765,-0.5972616505901749,-1.6943218611997877,-0.7454484479012341
-0.5910117646473473,-0.5707780182227469,-0.7644342998047237,-0.8171023333607816
1.2579650315364646,1.2830762474972093,1.0105540644584108,-0.3049310827054148
0.6597732633448447,0.7004363354137944,0.9959203619086481,-0.519378510920749
1.0058576926063556,0.9917562914555018,0.461158451524637,0.791051019949219
-0.5915864768882414,-0.5707780182227469,-0.760695223020346,-0.8979885189004716
0.1327828211651771,0.11779642333037962,0.49405739854595765,0.39789502086849826
-0.10134970038557735,-0.12055626797647187,0.4584006303613245,0.39610474504068316
0.6106166893869857,0.6209854383115105,0.27297020169569997,0.7921032831352485
2.6349223597292593,2.6867087629708903,0.6734860376936991,-0.2872997226245653
-0.5899528172363239,-0.5972616505901749,-1.5654570105621726,-0.4715695758486965
-0.592233421366856,-0.5707780182227469,-0.8323291236677226,-0.7479481681395398
-0.5916451827842222,-0.5707780182227469,-0.8620177069790292,-0.6756657815915039
0.764636306323451,0.7534036001486503,0.4199994828712019,0.7765002674763385
-0.4718285724085646,-0.46484348875303516,0.36383267995860213,-0.6835268065694899
0.5299474746478903,0.5150509088417988,0.3702646089268155,0.7537218643905205
0.687242275040365,0.7004363354137944,0.279196022177297,0.7758241526690253
-0.5916953953958547,-0.5707780182227469,-0.8631983501577992,-0.6807556881338825
-0.59165410859694,-0.5707780182227469,-0.8609333971146562,-0.6784749910021713
-0.5916242641394387,-0.5707780182227469,-0.861448668331197,-0.6683380302643562
-0.5916538333516139,-0.5972616505901749,-1.6618172086746026,-0.6763657032582295
-0.017677441176462465,-0.041105370874188044,1.4815141966864673,0.7964170860607818
-0.5915824268498717,-0.5707780182227469,-0.8341997822147298,-0.6693474411034436
-0.5916484857281354,-0.5707780182227469,-0.860433808065575,-0.681346098247311
0.9217569550660268,0.912305394353218,1.2799893835876683,0.786027772613195
-0.5774795641142697,-0.6237452829576028,-1.981310006335994,-1.35538970879159
1.0558447210338155,1.0976908209252136,1.0926054049184624,-0.46646538519067043
0.1397224636098211,0.03834552622809579,2.4667015611645593,0.8528298201244885
-0.5915648897905231,-0.5972616505901749,-1.658474666695998,-0.6692617364095588
6.17542414390625,6.182548235471379,1.560942134561435,0.05955669627085115
-0.5915444429948701,-0.5707780182227469,-0.8695317055019784,-0.6685380078834208
-0.4720044541719416,-0.5178107534878911,0.35095089954507885,0.8538154241041631
0.34396381459538666,0.35614911463723115,0.9720140177707853,-0.7028389309248575
-0.5916685786369406,-0.5707780182227469,-0.8621745286536286,-0.677827444426153
-0.591587538548785,-0.5707780182227469,-0.8605816685016259,-0.671023444006079
0.217015440537468,0.2237309528000914,0.2799420452864626,0.8093537334654992
-0.5916883569796588,-0.5972616505901749,-1.6632958130351116,-0.679508208700671
0.5333824969968413,0.48856727647437087,0.46245111018526375,0.7991643976369768
-0.5916029129662855,-0.5707780182227469,-0.7622634397663403,-0.8979170983222343
1.137488972680235,1.1771417180274975,0.9608259114429357,-0.6664858566020688
0.8451843737983021,0.8063708648835062,1.5040897968998717,0.5947729868374553
-0.5915431847305221,-0.5707780182227469,-0.8688887366361209,-0.6692284068063814
1.4770108849146184,1.4949453064366327,0.49378632107986425,0.7745385822607538
-0.5916137654962861,-0.5707780182227469,-0.762409059892754,-0.8837472555999528
-0.5915929254930243,-0.5707780182227469,-0.8686714266013188,-0.6716138541195075
-0.5915467235990006,-0.5972616505901749,-0.5466694821463367,1.693678571827936
0.45186080816205726,0.4620836441069429,0.42201352123498587,0.5509017063122197
-0.5916656689006361,-0.5707780182227469,-0.8578193667190392,-0.6810651773062442
0.6875652164494004,0.5945018059440826,1.475194283200111,0.7446324054668527
-0.5915859657183501,-0.5707780182227469,-0.868274891795546,-0.6718471613417493
-0.14171419153338724,-0.14703990034389983,1.0719497500640822,-0.46799378556494875
-0.4718553498467179,-0.4913271211204631,0.359645541246798,-0.6858455946762613
-0.5916561532765052,-0.5972616505901749,-1.6606007205416387,-0.673780278326039
-0.28545508633278344,-0.25297442981361157,0.3760983752219135,-0.6811842116033063
-0.017654556493635416,-0.014621738506760096,0.3500794190962336,0.6245220383592343
-0.5915863982467197,-0.5707780182227469,-0.8615830869094251,-0.6693522024753261
0.9214938598550375,0.88582176198579,0.48569208236089756,0.7785952711046328
-0.5916103839108511,-0.5707780182227469,-0.8573489016952409,-0.6758181454917436
4.046080964369383,4.063857646077143,0.6661714267284546,-0.44302515141318666
0.5286573998044657,0.48856727647437087,1.4835573590755342,0.7449657014986268
-0.019154171671742902,-0.041105370874188044,1.4791349878518303,0.8104107580234113
-0.47177894960834504,-0.5178107534878911,0.3645070131593799,0.8293467340000621
0.5151553582949762,0.4620836441069429,1.4855781183682293,-0.9956918699291059
0.8451894461764546,0.8593381296183621,0.3864530863647495,0.3974426905396622
-0.5916487609734615,-0.5707780182227469,-0.8661376364017196,-0.6716852746977447
-0.5129180990660792,-0.544294385855319,0.3494633339460215,0.7772001891430642
-0.5916646465608535,-0.5707780182227469,-0.8604898158065035,-0.6812508708096613
-0.17554632467765735,-0.22649079744618364,2.4950213152875773,0.6977900288869451
0.1345316513256865,0.11779642333037962,0.46289021087414234,0.7849897935428128
-0.5917110843794424,-0.5707780182227469,-0.862644993677427,-0.6836886932134946
0.13844611171194052,0.09131279096295168,0.6015720983416808,0.5464164939989169
-0.47194995559737407,-0.4913271211204631,0.3504893957598288,-0.6716233768632723
-0.5505985157560571,-0.5707780182227469,0.3579093012780183,-0.6783226271019317
-0.5506073236064923,-0.5972616505901749,0.35860379726553004,3.6176727675908324
-0.5899724776167595,-0.5707780182227469,-0.8612448001542178,-0.46926983322945537
0.37390460796079505,0.3296654822698032,0.396720425431737,0.8055160677282145
-0.5896451322825064,-0.5707780182227469,-0.8710663176034156,-0.43780668782998095
0.13591582074987596,0.14428005569780758,0.49320832119348385,0.7770859162178844
0.21381948841461423,0.2237309528000914,0.26656515644313244,0.6863389295095638
0.37050619324021516,0.38263274700465905,0.4635847068616541,0.796936075595973
-0.5915955206632418,-0.5707780182227469,-0.8688775350879351,-0.673799323813569
-0.5915649684320449,-0.5707780182227469,-0.8703449379002582,-0.6682285187110591
-0.5916514347852007,-0.6237452829576028,-1.981310006335994,-1.35538970879159
0.374428950307013,0.35614911463723115,0.38551439662679027,0.7866372282141534
-0.5916622873152012,-0.5707780182227469,-0.8631871486096134,-0.67893208270289
-0.5915840390010674,-0.5972616505901749,-0.11589154356992479,2.609218964251958
-0.550607441568775,-0.544294385855319,0.35789809972983305,-0.676537112645999
-0.5505822369610565,-0.5972616505901749,0.3584245724945596,3.617291857840234
0.9829052601083108,1.0182399238229298,1.194167602008319,-0.9789937387372237
-0.5916285894231345,-0.5707780182227469,-0.8582943123621117,-0.6790177873967748
-0.5916221408183516,-0.5707780182227469,-0.8650824505626292,-0.6662573107517095
-0.04710171702706624,-0.014621738506760096,0.9600328418313901,-0.4438869597239169
-0.5916297297251998,-0.6237452829576028,-1.981310006335994,-1.35538970879159
0.8466990488278232,0.8328544972509341,0.46759710142176175,0.7965504044734916
-0.5916655509383535,-0.5707780182227469,-0.861365776874623,-0.6742326086548753
0.27496083368222396,0.30318184990237523,0.9912717194115939,-0.36893344354980573
-0.5915701587724799,-0.5707780182227469,-0.8349480456335329,-0.6694188616816809
-0.5915710631499799,-0.5707780182227469,-0.7626465327142904,-0.8979980416442366
-0.3438245538835357,-0.33242532691589544,0.1554704418472686,0.7858135108784833
-0.5916508056530267,-0.5707780182227469,-0.8571159094929789,-0.6834887155944301
-0.5916867055077022,-0.5707780182227469,-0.7638450983701572,-0.8879420242284239
0.42370230692465977,0.43560001173951496,1.4978102089869838,-0.4431537084540138
-0.591565518922697,-0.5707780182227469,-0.8696347597452866,-0.6664953793458338
-0.471789959421389,-0.5178107534878911,0.36400966441993565,0.8243615776390983
0.05762134404283853,0.06482915859552374,0.47921758750957866,0.7788761920456995
1.529816700726655,1.5743962035389165,1.1929085479922494,-0.9711279523873552
-0.5916633882965056,-0.5707780182227469,-0.8612963272758719,-0.6788511393808878
-0.36427803406593046,-0.3589089592833234,1.068275642259182,-0.471574337220579
-0.5915831346235674,-0.5707780182227469,-0.8699775271197682,-0.6687427468743677
-0.5916751452040061,-0.5707780182227469,-0.8596071338094725,-0.6786083094148809
-0.5916065697970466,-0.5972616505901749,-0.5467658154607333,1.6934738328369894
1.1651707490128298,1.1771417180274975,0.6311867514349618,0.4244682373446585
-0.5921814393209842,-0.5707780182227469,-0.8336262629476235,-0.7453865500667617
-0.5916480531997658,-0.5707780182227469,-0.8593091726277335,-0.6788797076121827
-0.5916255617245474,-0.5972616505901749,-0.5407797081103098,1.7061962185069948
0.7645967889587755,0.7269199677812224,0.49372583271966164,0.6263551665339919
-0.5916082605897641,-0.5972616505901749,-1.6585575581525718,-0.6694379071692108
0.9776311271318902,1.0182399238229298,1.0677939756871977,-0.666614413642896
-0.4719879001316148,-0.5178107534878911,0.3496515199555407,0.625788563279976
0.10961361331244904,0.11779642333037962,1.391413423700191,-0.4410777503132495
-0.5506723994657342,-0.5972616505901749,0.34942972930146426,3.598174949732048
0.030972366815288026,0.06482915859552374,0.972007296841874,-0.47761651813945516
-0.021325739332379086,-0.014621738506760096,0.4532277554091811,0.8207857873553506
0.4534148825939714,0.4620836441069429,0.461689404908638,0.8085347775017114
-0.5916213937238951,-0.5707780182227469,-0.7648330749201336,-0.8783764281165075
0.13462177450960341,0.09131279096295168,0.46127270731613096,0.8062540803700001
-0.040508018636567396,-0.041105370874188044,0.666160225180269,-0.22351162351488638
-0.5915467235990006,-0.5707780182227469,-0.7626622148817502,-0.8956935376531129
-0.4719909278302019,-0.5178107534878911,0.3506596592922509,0.7802236602884435
-0.5921916233980499,-0.5707780182227469,-0.8328152708589807,-0.7458484031393631
-0.591662051390636,-0.5707780182227469,-0.8591814749784169,-0.6795224928163185
-0.5916448288973744,-0.5707780182227469,-0.8593517385108392,-0.6780893198796899
1.5296029530705588,1.5479125711714885,1.0656051931717172,-0.7477910428674177
0.5317765191605769,0.48856727647437087,0.387512752823114,0.622641296465652
-0.5916567430879184,-0.5707780182227469,-0.8578552116732334,-0.6830268625218289
0.37231192054170537,0.3296654822698032,0.4520179882051285,0.8232712234780086
0.6074247479817407,0.6209854383115105,0.36836034573525117,0.7090363892733796
0.9238463423364421,0.88582176198579,0.40632687315577004,0.725248860533248
-0.5916798243745497,-0.5707780182227469,-0.8613232109915175,-0.6759181343012757
-0.5921971283045718,-0.5707780182227469,-0.8354229912766054,-0.7407680193407493
-0.017914938572124797,-0.06758900324161599,1.4777325540189845,0.8270898437277634
1.4543162000040846,1.4684616740692047,1.163072104244892,-0.6836696477259646
-0.296848945248161,-0.3059416945484675,0.35202176755162906,1.0156973067368402
-0.5915692937157406,-0.5972616505901749,-0.5446263197572699,1.6980209429847641
0.0555619191922071,0.03834552622809579,0.4552552356307877,0.7976645654939933
0.6895326700403541,0.7004363354137944,0.36883977199759777,0.7981883164010669
0.8479547966470073,0.8593381296183621,0.4609657848958439,0.675002103057362
-0.019241542402398795,-0.014621738506760096,0.44093965704949833,0.8136484909035023
0.8436075719666044,0.8593381296183621,0.38424190075289755,0.8029734951429666
-0.5915652043566101,-0.5707780182227469,-0.8701276278654562,-0.667181016896912
-0.33734626192619394,-0.3853925916507513,0.38514026491738873,0.7774573032247185
-0.5505661547698601,-0.5972616505901749,0.36116447118077505,3.6231150156525156
0.13842586152009181,0.14428005569780758,0.49145191843797015,0.7765907335421057
-0.591592099757046,-0.5707780182227469,-0.8687027909362387,-0.6715757631444476
-0.5915631596770448,-0.5707780182227469,-0.8700626588859792,-0.6645098872708367
-0.5916334258767216,-0.5707780182227469,-0.8583458394837657,-0.6807652108776475
-0.5915646538659578,-0.5972616505901749,-0.5469024743485987,1.6931833891521573
0.13835838709443682,0.09131279096295168,0.5849422799052308,0.5455308788287742
3.4467600218878243,3.481217733993729,0.45648068500230043,0.43191502296886825
-0.47185527120519605,-0.5178107534878911,0.36279093597733475,0.6059050742987101
-0.019123304874458957,-0.06758900324161599,0.3775635377245998,0.7854706921029441
-0.5916348021033522,-0.5707780182227469,-0.8623492728053251,-0.6746087570335918
0.7411160427176643,0.7798872325160783,1.178745310466285,-0.7454817775044116
4.600654409130337,4.646497558160559,1.4961635814036902,-0.28887097534578604
0.2682564866706334,0.30318184990237523,1.1034373020140082,-0.5222162885627113
1.1598186429676014,1.1506580856600694,0.5287351514191629,0.7005230563474927
-0.5916454187087874,-0.5707780182227469,-0.8613949008999059,-0.6740754833827532
-0.5915957959085679,-0.5972616505901749,-1.6596172246109366,-0.6716900360696272
-0.5916286680646562,-0.5707780182227469,-0.862745807611098,-0.6715281494256227
1.527713393906891,1.5743962035389165,1.0994853958141027,-0.6831316127032435
0.9300444738725764,0.9387890267206459,0.6446017255421236,0.4141836740784865
-0.591618090779982,-0.6237452829576028,-1.981310006335994,-1.35538970879159
-0.5505303728774672,-0.5972616505901749,0.3610636572471039,3.6229007539178033
-0.4716884332168194,-0.4913271211204631,0.3666689119592144,-0.6693998161941509
-0.5915814438308499,-0.5707780182227469,-0.833052743680517,-0.6711377169312587
-0.5915992561355246,-0.5707780182227469,-0.8611708699361923,-0.6701759198109962
1.2403864494644097,1.2565926151297813,0.38692131107891037,0.7758146299252603
-0.27677919637110876,-0.25297442981361157,0.9780314894561286,-0.4741169098058271
-0.591624185497917,-0.5707780182227469,-0.7599940061039232,-0.8979504279254117
-0.5505828660932304,-0.5972616505901749,0.357481402137326,3.615287320277707
-0.5921913088319629,-0.5972616505901749,-1.6949693106849195,-0.7468244843752728
0.37243464063638454,0.38263274700465905,0.49955735870512313,0.7435515740495282
-0.5915771185471541,-0.6237452829576028,-1.981310006335994,-1.35538970879159
0.05950716773422336,0.03834552622809579,0.47134737975432484,0.7982930665824818
6.399787107852457,6.500351823880514,0.767316926225804,-0.6692712591533237
-0.5916552488990052,-0.5972616505901749,-1.6607216972620438,-0.6740373924076933
0.13617211346923472,0.09131279096295168,0.46601544281794505,0.8068682973428409
0.1359719707964001,0.09131279096295168,0.45682793299605606,0.7781191339163842
0.37470120725528555,0.30318184990237523,1.4788056623351717,0.779818943678432
-0.36278644032304064,-0.33242532691589544,0.9788738458796915,-0.47629285675612376
0.6872105431863418,0.6474690706789386,0.38636123366962705,0.7759098573629101
0.8259303341055239,0.7534036001486503,1.498211224412031,-0.6688094060807226
0.6924330086829779,0.6209854383115105,2.503270135371507,0.8177051797473814
-0.5915807360571542,-0.5707780182227469,-0.8682681708666345,-0.6725994580991822
-0.5505525497865986,-0.5707780182227469,0.35817589812483724,-0.6736755281446243
-0.5915840783218282,-0.5707780182227469,-0.8342087434532783,-0.6670238916247898
-0.09660470688820093,-0.09407263560904393,0.4550670496212684,0.8169957353368908
-0.5916683033916145,-0.5972616505901749,-1.6630336968075667,-0.6789511281904199
-0.5916868627907457,-0.6237452829576028,-1.981310006335994,-1.35538970879159
0.2939021946845542,0.30318184990237523,0.385812357808529,0.778500043666983
-0.5916346841410696,-0.5707780182227469,-0.865095892420452,-0.6788463780090053
-0.5916239495733517,-0.5972616505901749,-1.6607015344753098,-0.673994540060751
-0.591617736893134,-0.5972616505901749,-1.6584657054574494,-0.6692426909220288
-0.5916049183250901,-0.5707780182227469,-0.8603419553704527,-0.6734898346412073
-0.47174076914953905,-0.5178107534878911,0.3644890906822828,0.8254709772877178
-0.5915755063959584,-0.5707780182227469,-0.869341279182822,-0.6707091934618348
-0.5915956779462853,-0.5972616505901749,-1.6951238920498817,-0.7471530190351644
-0.5505494827672507,-0.5972616505901749,0.35939462656743865,3.6193535318653507
-0.5915692150742189,-0.5707780182227469,-0.8691486125540284,-0.6694426685410934
-0.5916489575772659,-0.5707780182227469,-0.862013226359755,-0.6790035032811274
-0.5915637101676969,-0.5707780182227469,-0.8332678134056819,-0.7454532092731166
1.0023376194516405,1.0182399238229298,0.4765045725390086,0.7670584670333667
-0.20635024806495048,-0.17352353271132775,1.1741168307559648,-0.7455674821982963
-0.5916687752407449,-0.5707780182227469,-0.8603710793957354,-0.6789416054466549
-0.5916059013441118,-0.5707780182227469,-0.8333686273393528,-0.6738993126231012
-0.5916639387871577,-0.5707780182227469,-0.8580075527285584,-0.6809889953561244
-0.5916605965224837,-0.5707780182227469,-0.8590022502074461,-0.6835648975445499
-0.5505940725100786,-0.5972616505901749,0.3580638826429808,3.6165252769671534
-0.5129794787737992,-0.544294385855319,0.3565875185921092,0.6082286237773638
-0.5505706373365994,-0.5972616505901749,0.3601160062705958,3.620886693611511
-0.5916784088271584,-0.5707780182227469,-0.8610364513579644,-0.6834744314787827
1.4757597376244562,1.3890107769669209,1.496394333296315,0.7018038653838818
-0.47176491209671395,-0.4913271211204631,0.36440395891607125,-0.6764561693239968
0.21711531527008093,0.2237309528000914,0.4952604448210989,0.5521777539767262
0.4533688379829912,0.38263274700465905,1.3881403313203375,0.8193668985343694
-0.5915774331132411,-0.5707780182227469,-0.8699954495968653,-0.6694283844254458
0.05791113805045952,-0.014621738506760096,1.4601013171747357,0.7753765837120715
0.05929805992790999,0.03834552622809579,0.46340996270995755,0.5980869016676662
1.0781908667199867,1.0976908209252136,0.4689950546353336,0.3841108492686983
0.13800626968083485,0.14428005569780758,0.47810415361992287,0.3689887321699194
0.7394961453320519,0.7534036001486503,1.1077790220907748,-0.5718631131814037
-0.021139123001284132,-0.12055626797647187,1.4771388719651435,0.7907605762643871
-0.5916381050472653,-0.5707780182227469,-0.8625352185052073,-0.6826602368868774
0.21583117786154796,0.19724732043266346,0.35058348876458867,0.7781715090070914
0.29577866003485165,0.2766982175349473,0.49122564716461975,0.7023228549190728
-0.5916413686704176,-0.5707780182227469,-0.8593808625361219,-0.6765894877367064
-0.5915932007383504,-0.5707780182227469,-0.8695115427152442,-0.6717995476229244
0.05610430976766506,0.011861893860667848,0.4621397071457023,0.8097870183068053
-0.47198322096107115,-0.5178107534878911,0.9592778574836758,-0.43952554307955877
-0.5916219442145473,-0.5707780182227469,-0.8575594908011316,-0.6762609530768148
-0.1822205519864205,-0.17352353271132775,0.25957090975599834,0.9821439190809542
-0.5916309879895476,-0.5707780182227469,-0.8637561872574456,-0.6718376385979843
1.1585630917522216,1.1506580856600694,0.3864127607912809,0.5526586525368574
0.03851479652408814,0.06482915859552374,0.9944327963095908,-0.5164026534941946
-0.5917714417473797,-0.5707780182227469,-0.8622148542270971,-0.6904688867741562
-0.550600088586492,-0.544294385855319,0.35783089044071853,-0.8837472555999528
8.051499510897413,8.142337030661047,1.5970559259120434,-0.3450265953278383
1.8621880146343202,1.839232527213196,0.636937626273486,0.46899182581779486
-0.5915750345468279,-0.5707780182227469,-0.86947569776105,-0.6668143912619605
-0.5915939085120461,-0.5707780182227469,-0.8715435035561252,-0.6689665313528447
-0.4236677573990089,-0.41187622401817925,0.7635644075836036,-0.038027620460720835
-0.5916723534299841,-0.5707780182227469,-0.8578641729117817,-0.6818269968074421
-0.5916405429344395,-0.5972616505901749,-1.6636609835059644,-0.6802843123175163
-0.5915554921286749,-0.5707780182227469,-0.8344103713206205,-0.667523835672451
0.662935203009545,0.7004363354137944,1.0676662780378812,-0.4659130660523019
-0.5916587877674836,-0.5707780182227469,-0.8630594509602968,-0.6773798754691992
0.3758212591287029,0.3296654822698032,1.4831003359095585,0.7772668483494188
-0.5916723534299841,-0.5707780182227469,-0.8616570171274506,-0.6766466241992962
2.264673514157369,2.289454277459471,0.452613910568606,0.8167052916520592
0.6889622830831558,0.7004363354137944,0.4615101801376676,0.6523046432935464
-0.5915596994500881,-0.5707780182227469,-0.8355596501644704,-0.6670905508311448
-0.5915904482850894,-0.5707780182227469,-0.8674907834225488,-0.6721661732578759
-0.5915627664694361,-0.5707780182227469,-0.870407666570098,-0.6670429371123199
-0.47199556767998474,-0.5178107534878911,0.34964255871699196,0.8526584107367188
0.1346693919510184,0.14428005569780758,0.4568660182598877,0.7773192234401263
-0.09816369641522399,-0.12055626797647187,0.4586627465888695,0.7775477692904856
-0.5915662266963927,-0.5707780182227469,-0.8679276438017901,-0.6715519562850351
1.6874713647226234,1.7332979977434841,1.157529578202621,-0.6762609530768148
-0.5915576547705228,-0.5707780182227469,-0.8696347597452866,-0.6693998161941509
2.556898881706146,2.6072578658686063,0.8866111740935805,-0.44196336548339205
-0.5916080639859598,-0.5707780182227469,-0.8580232348960184,-0.6738993126231012
0.2976146250014518,0.2502145851675193,0.4602197617866778,0.7324575775633334
-0.4718075358014984,-0.5178107534878911,0.36384164119715046,0.8283325617890925
0.10799768732368444,0.06482915859552374,0.4767756500051019,-0.22356875997747613
-0.5916548950121574,-0.5972616505901749,-1.6612504103364076,-0.6751610761719603
0.2797818735311254,0.2766982175349473,1.495047907204397,-0.4780164733775841
-0.5505167678942059,-0.5972616505901749,0.36268340111475217,3.6263432257888417
-0.5915764107734583,-0.6237452829576028,-1.981310006335994,-1.35538970879159
-0.5896856326662038,-0.5707780182227469,-0.8706496200109086,-0.44068255644700305
-0.5916430201423742,-0.5972616505901749,-1.6596396277073078,-0.6717376497884522
-0.5916294938006346,-0.5707780182227469,-0.8612448001542178,-0.6696854985071001
-0.35743921005216023,-0.3589089592833234,1.0330848584790726,-0.443115617478954
0.3731800836209815,0.35614911463723115,0.3504042639936177,0.7777905992564926
-0.47179727308291103,-0.4913271211204631,0.9693637314700554,-0.45162895040484075
-0.5915909987757416,-0.5707780182227469,-0.8617175054876532,-0.6715186266818577
-0.5915443250325875,-0.6237452829576028,-1.981310006335994,-1.35538970879159
3.450373914377978,3.481217733993729,0.6415414625777979,0.4150835733642765
-0.5916617761453099,-0.5707780182227469,-0.8625195363377475,-0.6781416949703971
-0.17860371043920087,-0.25297442981361157,1.4794844761552233,0.8051589648370281
-0.5916688538822666,-0.5707780182227469,-0.8579605062261785,-0.6853361278848351
-0.4719794461680275,-0.5178107534878911,0.34962463623989487,0.628154965105572
0.5823313786957783,0.6209854383115105,1.0672406192068258,-0.7456722323797109
-0.59167577433618,-0.5707780182227469,-0.86218124958254,-0.6741278584734605
-0.5915905269266112,-0.5972616505901749,-1.6592408525918978,-0.6708901255933694
0.6091445594207271,0.6209854383115105,0.4733793405952063,0.7285913435947537
0.05947071738889569,-0.014621738506760096,2.5076342585446443,0.7833518816152373
-0.5129022527994481,-0.5178107534878911,0.3507044654849939,-0.6701473515797014
0.6878400685678905,0.6739527030463665,1.389394904717133,0.6223698982683503
-0.5915868307750892,-0.5707780182227469,-0.868575093286922,-0.6694188616816809
0.689254436336429,0.7004363354137944,0.3748639646118524,0.8119153515382772
-0.5915832919066109,-0.6237452829576028,-1.981310006335994,-1.35538970879159
2.6601882291931633,2.6337414982360343,0.37071491116387933,0.8127962053365373
-0.5899705508994768,-0.5707780182227469,-0.7661481366771316,-0.6693902934503859
-0.5922021220412025,-0.5707780182227469,-0.836032355497906,-0.7431439439101103
-0.47179165021410646,-0.4913271211204631,0.36481169527003,-0.689949897238965
-0.5139606497198194,-0.5707780182227469,-0.8706339378434486,-0.6670143688810248
-0.019497402593388013,-0.041105370874188044,0.3674395784743885,0.8047352027394867
-0.5505171217810537,-0.5972616505901749,0.36190377336102936,3.624686268373736
-0.589956120180237,-0.5707780182227469,-0.8605727072630773,-0.4689841509165061
-0.5915867521335675,-0.5707780182227469,-0.8710954416286983,-0.6668381981213729
0.5314774454533903,0.5415345412092267,0.3740238484979269,0.7831471426242905
-0.5915596601293273,-0.5707780182227469,-0.8342154643821899,-0.669204599946969
-0.5915530542415008,-0.5707780182227469,-0.8337898055511342,-0.7431963190008177
1.6383346084282433,1.6008798359063445,1.37822472086638,0.8187383974458812
-0.591689222036398,-0.5707780182227469,-0.8612582420120406,-0.6813508596191935
0.05786536868480542,0.011861893860667848,0.458268452092734,0.7756146523061959
-0.5916669271649839,-0.5707780182227469,-0.8624299239522619,-0.6789654123060674
-0.5916518279928094,-0.5707780182227469,-0.7605003160819155,-0.8909226430268609
-0.591573461716393,-0.5707780182227469,-0.8703359766617097,-0.6693379183596786
0.2130154968170799,0.19724732043266346,0.4596664053063058,0.7568119947422546
0.6891135893709882,0.7004363354137944,0.31517091433040295,0.7726864085984664
-0.5915926895684591,-0.5972616505901749,-1.6580198838396596,-0.668295177917414
0.6604524115266127,0.6209854383115105,1.4874465366055996,-0.4526526453595756
0.531789652294708,0.5150509088417988,0.34938268279908435,0.7780429519662643
0.13780549787582622,0.14428005569780758,0.4545002512830733,0.8520584778795254
-0.5505746873749692,-0.5972616505901749,0.3605797503654828,3.621872297591186
-0.36243294668280823,-0.33242532691589544,0.9933417655163059,-0.7477529518923578
0.013838148661839276,0.011861893860667848,1.0182629699197907,-0.4497672539987883
-0.591603424136177,-0.5972616505901749,-1.6598793408384813,-0.6722471165798782
-0.5916145519115035,-0.5707780182227469,-0.7605182385590126,-0.8836853577654804
-0.5916605965224837,-0.5707780182227469,-0.862996722290457,-0.6756610202196214
0.18831034140319927,0.19724732043266346,1.4802753054571318,-0.5287726976448959
0.34435863435529473,0.38263274700465905,0.9923560292759668,-0.48056380733471454
-0.33438792516128507,-0.3589089592833234,1.4851726223239081,0.8035924734876897
-0.5505506230693159,-0.5972616505901749,0.36140866493122253,3.6236340051877063
-0.09816810034044154,-0.12055626797647187,1.3906427571850168,0.809782256934923
-0.5899608386715416,-0.5707780182227469,-0.8604898158065035,-0.47159814407999145
0.8447273485946957,0.7534036001486503,2.497702965923227,0.7885893906859732
-0.5915873026242198,-0.5707780182227469,-0.834452937203726,-0.6690474746748469
4.360186880474856,4.3286939697514235,2.5115144748361615,-0.7194418346790898
-0.5897032483670741,-0.5707780182227469,-0.8707213099192969,-0.44075397702524044
0.7670353052649664,0.7798872325160783,0.2828544478147377,0.8159720403821562
-0.5916350773486783,-0.5707780182227469,-0.8661757216655509,-0.6744754386208821
-0.5916351166694391,-0.5707780182227469,-0.7620797343760952,-0.8814189447494167
0.5307714018711863,0.5415345412092267,0.3935683097722889,0.7478368087437663
-0.4717658951157358,-0.5178107534878911,0.3671841831757553,0.823233132502949
1.2128737524035613,1.2301089827623533,1.0164505594233488,-0.680984233984242
-0.5916056260987856,-0.5707780182227469,-0.8598782112755659,-0.6751991671470201
-0.5915743267731322,-0.5972616505901749,-1.6585306744369261,-0.6693807707066209
-0.5915701980932407,-0.5972616505901749,-1.6946444657875348,-0.7461340854523123
-0.5915788093398715,-0.5707780182227469,-0.8694689768321388,-0.6727803902307168
-0.590965720036367,-0.5707780182227469,-0.8674526981587176,-0.4453915532387827
-0.5916858404509631,-0.5707780182227469,-0.864777768451979,-0.6764942602990567
0.3475525417985833,0.3296654822698032,1.460287262874618,-0.669195077203204
-0.5915874205865023,-0.5707780182227469,-0.7611567268055959,-0.8980361326192965
-0.5997948823239179,-0.544294385855319,-1.3648328019375018,-0.6812175412064838
0.9251142402707355,0.912305394353218,0.529286267589898,0.6998945552590043
-0.6262092718921105,-0.6237452829576028,-1.981310006335994,-1.35538970879159
-0.5915544304681314,-0.5972616505901749,-1.6590728293691128,-0.6705330227021828
-0.253791611112845,-0.2794580621810395,1.4778512904297523,0.8091728013339645
-0.27697410938274747,-0.2794580621810395,0.9802314735197948,-0.4788735203164317
1.2366156671383792,1.2565926151297813,0.4940775613326922,0.7752194584399494
0.05766687748392744,0.06482915859552374,0.4466614078627398,0.6663316448593533
-0.5915828986990022,-0.5707780182227469,-0.8690500389299946,-0.6715186266818577
-0.5916876492059631,-0.5972616505901749,-1.6650186111460679,-0.6831697036783034
-0.5917023551705289,-0.5972616505901749,-1.662424332586266,-0.6776560350383835
-0.5916937439238982,-0.5707780182227469,-0.8598938934430258,-0.6781845473173396
1.6335366498659731,1.6538471006412003,0.4488255469722118,0.8151483230464859
-0.5916383802925914,-0.5707780182227469,-0.7629064086321979,-0.8834044368244138
-0.591619899534982,-0.5707780182227469,-0.860548063857069,-0.6788178097777103
1.164296373253336,1.1771417180274975,0.44942370964532674,0.8206334234551108
-0.12709913656667643,-0.14703990034389983,1.5340785817025546,-0.3689715345248657
-0.5916763248268322,-0.5707780182227469,-0.8620580325524976,-0.6807080744150578
-0.01949126855469208,-0.06758900324161599,0.4919918330605199,0.7749671057301778
-0.5915683500174798,-0.5707780182227469,-0.7623754552481969,-0.8217541936899715
2.029939581569089,1.9716506890503358,1.478554747655813,0.4047513963792798
0.37231848710877075,0.38263274700465905,0.3686851906326353,0.5957395453296003
1.953045317156676,1.9451670566829078,1.377767697700405,0.7892369372619913
0.7660419448830762,0.7798872325160783,0.4753127278120531,0.7756813115125507
0.21501888958346976,0.11779642333037962,1.4833266071829094,0.7872609679307592
-0.5916190344782428,-0.5707780182227469,-0.8643521096209235,-0.6764656920677617
-0.5916502158416137,-0.5972616505901749,-1.6585105116501921,-0.6693379183596786
-0.5916628378058534,-0.5707780182227469,-0.8590761804254715,-0.6815794054695528
0.6895680194043773,0.7004363354137944,0.39764567331187356,0.7921032831352485
0.2935763435392142,0.30318184990237523,0.4011898431578203,0.813410422309378
-0.5915816797554151,-0.5707780182227469,-0.8331961234972934,-0.6718709682011618
-0.5922103794009854,-0.5707780182227469,-0.8330460227516057,-0.7476862926860031
-0.5916525357665051,-0.5707780182227469,-0.7607736338576457,-0.8909083589112134
1.1412662822525703,1.1771417180274975,0.7801202958020277,0.09472418899490051
-0.4430091285016822,-0.41187622401817925,0.9607900664887414,-0.4451392005290109
-0.5916817904125933,-0.5707780182227469,-0.8602881879391613,-0.6812365866940138
-0.5915520712224791,-0.5707780182227469,-0.8703359766617097,-0.6664525269988915
-0.5916990522266158,-0.5707780182227469,-0.7657829662062786,-0.8885657639450297
-0.20692236513562706,-0.25297442981361157,2.505864413931308,-0.47159338270810897
0.2955866960802782,0.30318184990237523,0.36862918289170704,0.8035781893720424
-0.5916514347852007,-0.6237452829576028,-1.981310006335994,-1.35538970879159
-0.591630555461178,-0.5707780182227469,-0.7621872692386777,-0.8884514910198501
-0.5915882856432415,-0.5707780182227469,-0.8691486125540284,-0.6720233321014012
1.2359547244688944,1.2565926151297813,0.4396694014852431,0.7153690138770874
-0.5916771505628106,-0.5707780182227469,-0.7627115016937671,-0.8925415094669065
-0.5916360603677001,-0.5707780182227469,-0.8612761644891377,-0.6787844801745329
0.672505089790388,0.7004363354137944,1.123102740008775,-0.9296802101503053
-0.5916829700354195,-0.5972616505901749,-1.6640978438852057,-0.6812127798346013
-0.5916673990141145,-0.5707780182227469,-0.7654715631667169,-0.8912178480835751
-0.5916473061053092,-0.6237452829576028,-1.981310006335994,-1.35538970879159
-0.591599413418568,-0.5707780182227469,-0.8682659305569974,-0.6718185931104543
-0.44319295305875533,-0.4383598563856072,0.9738824360081556,-0.4726408845222561
0.5322453799132056,0.5415345412092267,0.45978066109779975,0.7411994563395794
1.0012576747543118,0.9917562914555018,1.2808070966052227,0.6257123813298562
-0.5112651329205739,-0.4913271211204631,1.0656948055572029,-0.46686534042879935
-0.4717325904312778,-0.5178107534878911,0.35749484399514864,0.9480667805179942
-0.5915724786973713,-0.5707780182227469,-0.869390565994839,-0.6717186043009221
-0.5916715670147668,-0.5707780182227469,-0.8587446145991757,-0.6828792599934718
-0.5915841176425891,-0.5707780182227469,-0.8681942406486091,-0.673389845831675
0.8446965604389333,0.8063708648835062,0.47017345750446643,0.7652015319991967
1.7645436735402609,1.7862652624783402,1.2117562729694622,-0.7527809606002641
-0.4717805224387798,-0.5178107534878911,0.3618679284068351,0.8244329982173356
-0.5916485250488962,-0.5972616505901749,-1.6607508212873268,-0.6740992902421656
-0.5505857758295348,-0.5972616505901749,0.35891744061472897,3.6183393596543807
-0.5915754277544366,-0.5972616505901749,-1.6586874961115257,-0.6697140667383951
1.0805838889058497,0.9917562914555018,2.486378200707512,0.7963885178294868
0.37488113905703235,0.38263274700465905,0.39337116252422083,0.8032258478527382
-0.021439337010536096,-0.041105370874188044,0.4535010731849114,0.42000207051888566
0.8248553045033039,0.8593381296183621,1.1107855176238093,-0.5718631131814037
-0.5921891068693541,-0.5707780182227469,-0.8336150613994378,-0.7455103457357064
0.29203894110990947,0.2766982175349473,0.4561491191760045,0.3976712363900215
0.9198981447373608,0.9387890267206459,0.4067077257940829,-0.6222717573012941
-0.09836336723892813,-0.09407263560904393,0.3556219451385041,0.8242282592263886
0.8451173319010167,0.8593381296183621,0.3280078885511838,0.7641302233256372
0.21691375704985505,0.1707636880652355,1.3801961933470583,0.34318685793872206
-0.2573446743859314,-0.25297442981361157,0.4679241866287833,0.7977264633284659
0.5316620564256809,0.5415345412092267,0.39368928649269413,0.5730611310533144
-0.59155301492074,-0.5707780182227469,-0.8706563409398199,-0.666790584402548
-0.10177507237668247,-0.14703990034389983,0.4616378777869842,0.8077967648599259
0.8466091222477108,0.8593381296183621,0.3817708392231385,0.7794142270684206
-0.5916734544112886,-0.5707780182227469,-0.8591568315724084,-0.680055766467157
0.20127710939494847,0.2237309528000914,0.981394194221468,-0.1668560594851729
1.7129987958878432,1.6803307330086283,1.4961927054289725,0.7725102378388143
-0.5916315778009608,-0.5707780182227469,-0.8616211721732564,-0.6718328772261019
-0.5916350380279174,-0.5707780182227469,-0.8620938775066919,-0.6738707443918062
0.8446803996062152,0.7798872325160783,1.4816105300008642,0.7366761530512169
0.5286081702118548,0.48856727647437087,0.4208508005333127,0.7779858155036744
-0.5916439638406352,-0.5707780182227469,-0.8592957307699108,-0.6787987642901804
0.059150764357686327,-0.014621738506760096,0.3860923965131707,0.7789523739958193
-0.4717833142128018,-0.5178107534878911,0.3619754632694177,0.6129947570317333
-0.5505733111483386,-0.5972616505901749,0.3591325103398941,3.6187964513550996
-0.5915994920600899,-0.5707780182227469,-0.8701701937485619,-0.6693236342440312
0.3687351861705743,0.38263274700465905,0.4918372516955574,0.3245175187874906
-0.5916502944831354,-0.5707780182227469,-0.763724121649752,-0.8860898505661365
-0.5915509309204138,-0.5707780182227469,-0.8693121551575392,-0.666819152633843
-0.021018250982365937,-0.014621738506760096,0.3680265395993182,0.5561534994986029
0.529868754484626,0.48856727647437087,0.4660804117974216,0.7938935589630638
1.0839127452004484,1.0976908209252136,0.4601256687819184,0.7982692597230694
0.34975375731291636,0.30318184990237523,2.5085191808513128,-0.28181462221594017
-0.33246915067229016,-0.41187622401817925,1.4804478092991915,0.38523453303296534
1.5565777421226885,1.5479125711714885,0.45094712019857824,0.7851135892117577
-0.5916077494198727,-0.5972616505901749,-1.6605827980645416,-0.673742187350979
0.42965350408252234,0.4620836441069429,1.008109886644297,-0.4715362462455192
-0.5899931210162169,-0.5972616505901749,-1.5676525140065642,-0.47623572029353384
-0.5916618154660707,-0.5707780182227469,-0.8592778082928137,-0.6853075596535402
0.5279959852858505,0.5415345412092267,0.45617152227237595,0.3986996927166387
0.8464012333849845,0.8593381296183621,0.4581609172301514,0.8047732937145466
0.18833318676526548,0.2237309528000914,0.9988529272236571,-0.6788987530997126
-0.09756751503889419,-0.12055626797647187,0.4586829093756036,0.7774858714560134
-0.591681908374876,-0.5707780182227469,-0.864627667706291,-0.6788749462403002
-0.4717674286254098,-0.5178107534878911,0.36372290478638264,0.8250757834214714
1.2418011317990354,1.2565926151297813,0.4488053841854777,0.8192526256091898
0.8451995909327592,0.8328544972509341,0.49362949940526485,0.7753670609683065
3.4156679952856277,3.428250469258873,2.502956492022308,-0.8699630840001528
0.05934162733095541,0.06482915859552374,0.4368779756773733,0.8059588753132859
0.6108020474537327,0.6209854383115105,0.43393196850454147,0.8121105677854592
-0.5916770719212888,-0.5707780182227469,-0.8607496917244111,-0.6784987978615836
-0.5915498692598703,-0.5707780182227469,-0.8683286592268371,-0.668990338212257
-0.5916010648905247,-0.5707780182227469,-0.8689604265445091,-0.6706949093461874
-0.17676550418923112,-0.17352353271132775,0.2740007441287821,0.7861991820009647
-0.5915947735687852,-0.5707780182227469,-0.8695832326236325,-0.6691188952530841
-0.5916138834585687,-0.5972616505901749,-1.6594716044845226,-0.6713805468972656
-0.5915921783985677,-0.5707780182227469,-0.868657984743496,-0.671609092747625
-0.4719748456390056,-0.5178107534878911,0.3577569602226932,0.6042624009992521
1.1412750507822447,1.1241744532926414,1.4715537800397673,-0.461856377208423
-0.5916467162938962,-0.5707780182227469,-0.8637158616839772,-0.6738993126231012
0.5051717777890067,0.5150509088417988,1.0695839830872682,-0.4689793895446236
-0.5915769219433498,-0.5707780182227469,-0.8603352344415413,-0.6718471613417493
0.8177354156908261,0.8593381296183621,1.1740429005379396,-0.6737517100947441
-0.5916609110885707,-0.5707780182227469,-0.8601112034778279,-0.680750926762
-0.5899697251634984,-0.5972616505901749,-1.5654099640597927,-0.4714695870391643
0.7480444787454601,0.6739527030463665,1.4933587137379978,0.7289294009984103
0.4531193477552632,0.4620836441069429,0.3848445440452869,0.7748623555487629
-0.09833544949870955,-0.2000071650787557,2.503303740016064,0.6175132989482135
-0.5915594242047619,-0.5707780182227469,-0.8712813873285805,-0.6664620497426565
2.162263182279628,2.1305524832549034,2.5016481511942206,-0.2884186450169497
-0.5916714490524843,-0.5707780182227469,-0.8618295209695099,-0.6837077387010245
-0.5915656762057405,-0.5707780182227469,-0.871590550058505,-0.6670715053436148
-0.5915864375674805,-0.6237452829576028,-1.981310006335994,-1.35538970879159
-0.04887740326725073,-0.041105370874188044,0.9741490328549746,-0.4192706670914588
-0.5903359587302532,-0.5707780182227469,-0.8695025814766957,-0.5203022170659516
1.08245866346343,1.0976908209252136,0.4566419872961743,0.41545496037111057
0.4514569053063878,0.4620836441069429,0.49440912715898766,0.32864086683772425
0.1934161815230912,0.19724732043266346,0.665976519790024,-0.48866766227870756
1.6077092799368276,1.6538471006412003,1.0665550844578622,-0.5194166018958088
0.9257343286696752,0.88582176198579,1.4968177518177335,0.7765240743357509
-0.5916259549321561,-0.5707780182227469,-0.86103197073869,-0.6763180895394046
0.015120123428524358,0.011861893860667848,0.3868025746681426,0.7791904425899436
1.0556474487765244,1.0976908209252136,0.9608102292754755,-0.5214116167145709
0.05932865147986783,-0.014621738506760096,1.3785809300986844,0.7833280747558249
-0.592233106800769,-0.5972616505901749,-1.695477860972549,-0.7479053157925973
-0.0964198993121061,-0.09407263560904393,0.4688359926510972,0.3942859009815732
-0.5899746009378465,-0.5707780182227469,-0.8590716998061974,-0.47402168236817743
0.531496476701652,0.5415345412092267,0.38053642861307696,0.36073251332568707
-0.09784869779988446,-0.14703990034389983,0.3786523282082471,0.5663666421865374
0.05761568185327298,0.011861893860667848,0.3569347665858648,0.7998405124442901
0.21709129028518864,0.2237309528000914,0.3873671326967003,0.8537725717572208
0.6740206298766486,0.7004363354137944,1.1959396869312924,-0.7122616858802994
-0.0477576659599203,-0.014621738506760096,1.0682980453555528,-0.5179500993560029
-0.5506068517573618,-0.5972616505901749,0.35948647926256105,3.6195487481125324
1.007083124118908,1.0182399238229298,0.44663900476636825,0.7708199508205315
-0.353688520634935,-0.3589089592833234,0.9802695587836264,-0.3053310379435437
-0.5915793205097629,-0.5972616505901749,-1.6588039922126567,-0.6699616580762844
0.8433026787868086,0.8593381296183621,0.4910038565105433,0.7053891784113943
-0.5505649358262731,-0.5972616505901749,0.35982028539849403,3.6202581925230226
-0.5916838350921586,-0.5707780182227469,-0.8614957148335769,-0.6811842116033063
-0.47177828115541026,-0.4913271211204631,0.36333981183843234,-0.6747039844712415
-0.5916592202958533,-0.5707780182227469,-0.8598737306562915,-0.6740802447546357
0.42638036530607837,0.43560001173951496,1.4839718163584037,-0.38735519136314817
-0.5915688611873711,-0.5972616505901749,-0.5479016524467606,1.6910598172925684
-0.5915942623988939,-0.5707780182227469,-0.8344910224675575,-0.6718043089948069
0.6102179375509904,0.5945018059440826,0.37022428335334695,0.7548931618736123
-0.04757073506273841,-0.06758900324161599,2.002968667825899,-0.2989412768772462
-0.5916464410485701,-0.5707780182227469,-0.8638816445971252,-0.6741897563079329
-0.5504586124888772,-0.544294385855319,0.36261395151600073,-0.6741897563079329
-0.5916266627058518,-0.6237452829576028,-1.981310006335994,-1.35538970879159
-0.01950314342447518,-0.06758900324161599,0.3526087286765583,0.7758431981565552
-0.5916062159101988,-0.5972616505901749,-0.5487910553727029,1.689169552655221
-0.5915915099456329,-0.5707780182227469,-0.8713284338309604,-0.6671191190624397
0.6091628435745323,0.6209854383115105,0.4043576409847286,0.7950839019336854
-0.5915836851142195,-0.5707780182227469,-0.8602501026753302,-0.6668143912619605
-0.5916541479177008,-0.5707780182227469,-0.8612358389156692,-0.6777560238479157
-0.5916254044415039,-0.5707780182227469,-0.865393853602191,-0.6644717962957769
-0.5916828913938977,-0.5707780182227469,-0.8591926765266026,-0.6789558895623025
-0.022928453545490925,-0.041105370874188044,0.4611942964788312,0.7796713411500749
-0.5916981478491158,-0.5707780182227469,-0.8591568315724084,-0.680741404018235
-0.5916723534299841,-0.5707780182227469,-0.764154261100082,-0.8861231801693139
-0.591097090698438,-0.5972616505901749,-1.6315035789745354,-0.6119395803162972
10.617263225532797,10.68476573793413,1.5523639889608467,0.2106159806146354
0.6086967745959255,0.5945018059440826,0.35938118470961594,0.7571214839146162
-0.5916425876140047,-0.5707780182227469,-0.8637741097345426,-0.6789511281904199
-0.5915778263208498,-0.5972616505901749,-1.6584365814321667,-0.6691807930875565
-0.5129862419446691,-0.544294385855319,0.3590361770254973,0.8184765219923443
0.3725393518225846,0.3296654822698032,0.3860610321782509,0.5473592456316492
-0.5506414933476894,-0.5972616505901749,0.3505857290742256,3.600631817623411
-0.47184260992019555,-0.5178107534878911,0.36236303683664195,0.8161148815386308
2.030571780762376,2.024617953785192,0.6261281322743123,0.300453545293401
-0.04787212869481653,-0.014621738506760096,0.9969486640320928,-0.46728434115445827
0.6877979560329975,0.7004363354137944,0.3606043937714913,0.7349049227109316
-0.5921911908696803,-0.5707780182227469,-0.834618720116874,-0.7451627655882849
-0.5915672097154145,-0.5707780182227469,-0.8701500309618275,-0.6670381757404373
-0.2554435942393285,-0.2794580621810395,0.3631762692349215,0.3728406820228514
-0.5916907948668328,-0.5972616505901749,-1.663009053401558,-0.6788987530997126
0.3723242672606189,0.35614911463723115,1.4781671740885882,0.7742100476008622
-0.5921938253606587,-0.5707780182227469,-0.8328824801480949,-0.7432629782071725
1.316823649352455,1.309559879864637,1.4908607684925927,0.7592831467492653
-0.5922094750234854,-0.5972616505901749,-0.5473393347278398,1.6922549216350726
-0.5915986663241115,-0.5707780182227469,-0.761725765453428,-0.9002025568258281
2.5745305074846163,2.5542906011337503,0.4947698170105665,0.3944239807661653
0.37444884661201394,0.38263274700465905,0.4225579164768095,0.39760933855554925
-0.5915683893382406,-0.5707780182227469,-0.8677573802693679,-0.6701378288359364
-0.591635785122374,-0.5707780182227469,-0.8598222035346373,-0.6764799761834093
-0.4718545241107396,-0.5178107534878911,0.3615520447479993,0.6095808533919901
0.0616845548674684,0.06482915859552374,0.3505543647393058,0.7775858602655457
-0.5922152158545726,-0.5707780182227469,-0.8335075265368552,-0.7456722323797109
-0.5505239635934452,-0.5972616505901749,0.36213676556329155,3.625181451049515
-0.022665515617544943,-0.014621738506760096,0.4573745685475172,0.7775287238029557
-0.5916533221817225,-0.5707780182227469,-0.7591359675129006,-0.8979504279254117
0.21519960780043398,0.2237309528000914,0.27888461913773555,0.7759717551973824
-0.47195467408867864,-0.544294385855319,0.34959999283388643,3.2198744309246874
0.4512265642892041,0.4620836441069429,0.47009728697680414,0.5228762714119009
0.9236187930932803,0.912305394353218,0.4928745150575509,0.7745766732358137
-0.5915679961306319,-0.5707780182227469,-0.7967597275589378,-0.8217161027149116
-0.5916905589422675,-0.5707780182227469,-0.8615584435034167,-0.6788797076121827
-0.5505567964287728,-0.5972616505901749,0.3602795488741066,3.6212342737589327
0.3744457795926659,0.38263274700465905,0.4932419258380406,0.775938425594205
0.29573981112311093,0.2502145851675193,0.4584163125287846,0.7741529111382723
-0.5915631596770448,-0.5707780182227469,-0.8344618984422746,-0.666233503892297
-0.5916286680646562,-0.5707780182227469,-0.8637785903538169,-0.6694759981442707
-0.5900014570175216,-0.5972616505901749,-1.5658916306317765,-0.472493281993899
-0.5916282355362867,-0.5707780182227469,-0.8616368543407165,-0.6760704982015153
-0.5916497046717224,-0.5707780182227469,-0.858184537189892,-0.6833553971817206
-0.2556647341984684,-0.3059416945484675,1.4803716387715287,0.805020885052436
-0.59157196752748,-0.5972616505901749,-1.6595186509869027,-0.6714805357067979
1.2391344371175086,1.2301089827623533,1.3903044704298095,0.7749909125895901
-0.591663270334223,-0.5707780182227469,-0.8627749316363806,-0.6763752260019944
-0.5922082167591375,-0.5707780182227469,-0.7633477496307135,-0.8957078217687603
-0.5915512454865008,-0.5972616505901749,-1.6584993101020065,-0.6693141115002662
0.4543619624403162,0.4620836441069429,0.4587209946394347,0.3215464227328186
-0.5915637888092187,-0.5707780182227469,-0.835335619200757,-0.6667763002869006
-0.021411301308034928,-0.06758900324161599,0.4896731125860854,0.7756717887687857
14.592970415335103,14.65731059304832,1.604672978678301,-0.5208926271793799
-0.5915415725793265,-0.5707780182227469,-0.8678895585379588,-0.669018906443552
-0.4719775980922665,-0.5178107534878911,0.35002789197457923,0.8558437685261028
-0.4713963586050678,-0.4913271211204631,0.38444128831060254,-0.6710662963530214
-0.3542763266891992,-0.33242532691589544,0.5645106560145644,-0.5182405430408346
-0.5899462899900192,-0.5707780182227469,-0.7659375475712409,-0.6738945512512187
0.29363143192519475,0.2502145851675193,1.3962457715874905,0.8059255457101085
0.817741274484196,0.8328544972509341,1.0172122646999744,-0.46788427401165156
-0.5112581338251388,-0.4913271211204631,0.971388971382025,-0.46686057905691686
-0.5916494687471572,-0.5707780182227469,-0.8654341791756595,-0.6738945512512187
0.5299063451320188,0.5150509088417988,0.4931500731429182,0.3964094728411624
-0.5915951274556331,-0.5707780182227469,-0.8345716736144941,-0.7463054948400817
-0.591565833488784,-0.5707780182227469,-0.8681113491920351,-0.669371247962856
-0.25551134391030966,-0.3059416945484675,0.5653664542959496,0.548773373080748
-0.049324558959878494,-0.06758900324161599,2.1973379319436903,-0.7071955861973331
-0.5915701980932407,-0.5707780182227469,-0.8348629138673217,-0.6693379183596786
0.3711572663987212,0.38263274700465905,0.4410987190337347,0.7957600167409987
-0.5915751918298714,-0.5707780182227469,-0.833621782328349,-0.6696759757633352
0.5289680338153484,0.48856727647437087,0.4267786598331709,0.478005102791343
-0.5915714956783495,-0.5707780182227469,-0.8697310930596834,-0.6686760876680129
-0.17497794307926354,-0.17352353271132775,0.6698567360815407,0.4008423100637579
-0.5916722354677016,-0.5707780182227469,-0.86219693175,-0.6783083429862842
-0.5915886788508502,-0.5707780182227469,-0.8694308915683073,-0.6670953122030272
0.37444283053560057,0.35614911463723115,0.4941694140278146,0.7769335523176449
0.8426380006450412,0.8328544972509341,0.3993886342095641,0.3723978744377801
-0.4719934050381368,-0.5178107534878911,0.9593853923462583,-0.44321084491660373
0.529975038501261,0.5150509088417988,1.4793388560288097,0.3682554809000165
0.21657249216625352,0.2237309528000914,0.4627625132248257,0.7704104728386375
0.138373604228894,0.14428005569780758,0.4465516326905203,0.7967884730676159
0.37261999870313156,0.35614911463723115,1.5033616962678031,0.7858182722503656
-0.5916953560750939,-0.5972616505901749,-1.6630426580461153,-0.6789701736779499
-0.5915745233769365,-0.5707780182227469,-0.7621110987110152,-0.8980361326192965
-0.5129743277541251,-0.4913271211204631,0.3586418825293617,-0.6779655242107451
0.26696810261992626,0.2502145851675193,1.46349090565572,-0.5186881119977884
-0.5916287073854172,-0.5707780182227469,-0.8568582738847085,-0.6836363181227872
0.45309394654374036,0.43560001173951496,1.2715053309918398,0.7942316163667203
-0.5916340943296565,-0.5707780182227469,-0.861513637310674,-0.6765894877367064
-0.34138006082169225,-0.3059416945484675,0.27294779859932894,-0.5836427472186767
0.13911193015577333,0.06482915859552374,2.506057080560102,0.7880989693820769
0.9254036410707478,0.9387890267206459,0.3808478316526389,0.784004189563138
0.3707997620408799,0.35614911463723115,0.4625317613322009,0.801530799462573
-0.5915639067715013,-0.5707780182227469,-0.8702105193220302,-0.6670143688810248
0.18889732172148524,0.2237309528000914,0.9960032533652222,-0.7457626984454782
-0.591616832515634,-0.5707780182227469,-0.8570554211327762,-0.6764323624645843
0.8448501080101356,0.8328544972509341,0.3078249390302393,0.7966361091673761
-0.5916013794566116,-0.5972616505901749,-1.6594850463423456,-0.6714091151285605
0.45351554374180175,0.4620836441069429,0.48745968666459655,0.7557311633249298
-0.5917082926054205,-0.5707780182227469,-0.8640160631753532,-0.6813032459003685
-0.5916491935018311,-0.5707780182227469,-0.863612807440669,-0.67523725812208
-0.02103177732410565,-0.014621738506760096,0.4700883257382553,0.7883703675793786
-0.5916364535753088,-0.5707780182227469,-0.8629250323820687,-0.6694379071692108
-0.5916486823319398,-0.6237452829576028,-1.981310006335994,-1.35538970879159
-0.5896767461742469,-0.5972616505901749,-0.43787556554780976,1.9249003131852724
0.6873435653203692,0.6474690706789386,0.5129924955990189,0.6973900736488162
-0.5916711344863972,-0.5707780182227469,-0.7640444859278622,-0.8884848206230275
-0.5916656689006361,-0.5707780182227469,-0.8591254672374886,-0.681317530016016
0.21375095232841562,0.2237309528000914,0.44363250923333386,0.7963742337138395
0.29577685127985154,0.2502145851675193,0.38618648951793055,0.7764193241543363
-0.5915809719817194,-0.5707780182227469,-0.8692404652491509,-0.6668286753776079
-0.5916368861036784,-0.5707780182227469,-0.8608236219424364,-0.6765418740178815
4.130221140632866,4.169792175546855,0.9393256598553554,0.1761579323010764
-0.5916764034683539,-0.5972616505901749,-1.667500874224013,-0.6884453037240991
-0.5916255224037866,-0.5707780182227469,-0.8611843117940151,-0.6766085332242364
-0.5916351953109609,-0.5707780182227469,-0.8617600713707587,-0.6763990328614069
-0.10012320721248155,-0.09407263560904393,0.4607529554803157,0.8087776074677181
0.29400250194553673,0.2766982175349473,0.4707133721270162,0.3760260398122354
0.26888270910826884,0.2766982175349473,1.4980319996410605,-0.5191690105579195
-0.4719583309194397,-0.4913271211204631,0.3504625120441834,-0.6702235335298212
-0.10197226599245177,-0.14703990034389983,0.4932016002645725,0.5497256474572454
-0.09804549820804506,-0.12055626797647187,0.46825127183580495,0.7983168734418941
-0.4717624348887791,-0.46484348875303516,0.6842014386881135,-0.7381683102929114
0.2151126695981477,0.14428005569780758,0.4775395955913651,0.7744052638480442
-0.5916297297251998,-0.5972616505901749,-0.5426727697536887,1.7021728592662928
-0.12454250069482817,-0.12055626797647187,1.0682397973049875,-0.5169168816575032
-0.5915702767347625,-0.6237452829576028,-1.981310006335994,-1.35538970879159
-0.5916729432413973,-0.5707780182227469,-0.8613993815191802,-0.676508544414704
-0.5916640174286795,-0.5972616505901749,-1.6618709761058938,-0.6764799761834093
-0.5916705446749841,-0.5707780182227469,-0.8581330100682378,-0.6837934433949092
-0.020975863202146748,-0.041105370874188044,0.376053569029171,0.5962013984022015
0.9299625294069206,0.8328544972509341,1.478276949260808,0.4196925813465241
-0.5915911167380242,-0.5707780182227469,-0.8693748838273789,-0.6715567176569176
-0.5916990522266158,-0.5707780182227469,-0.8589753664918005,-0.688335792170802
-0.5916810433181368,-0.5707780182227469,-0.8603195522740814,-0.6813556209910759
0.13622661204380226,0.09131279096295168,0.3560924101623024,0.7587165434952494
0.5854875775293913,0.6209854383115105,1.1761510319064834,-0.7455389139670013
-0.09821457747979136,-0.09407263560904393,0.4560550261712446,0.7762621988822141
-0.5116096221065669,-0.4913271211204631,0.9594145163715412,-0.5121983621219586
-0.5915931220968287,-0.5707780182227469,-0.8695160233345185,-0.6718662068292793
0.8250902067287489,0.8593381296183621,1.1915778040677916,-0.7551616465415076
-0.4717407298287782,-0.5178107534878911,0.9702755374923692,-0.464417995281201
-0.5915679961306319,-0.5707780182227469,-0.8350264564708325,-0.6667524934274881
0.0295098311146821,0.06482915859552374,0.9725472114644232,-0.47170289426140616
-0.5916915812820502,-0.5707780182227469,-0.7628459202719954,-0.8879515469721889
-0.5505666659397515,-0.5972616505901749,0.36215020742111426,3.62521001928081
-0.5505466909932288,-0.5707780182227469,0.3608060216388332,1.7051011029740224
-0.5916439245198744,-0.5707780182227469,-0.8611843117940151,-0.680750926762
-0.5915649684320449,-0.5707780182227469,-0.760428626173527,-0.8978599618596445
0.6890815036301176,0.6739527030463665,0.4768473399134903,0.7674155699245532
0.3512050472759131,0.35614911463723115,2.201386171457992,-0.7214225653822045
0.8469327714304419,0.8593381296183621,0.3679212450463726,0.7669013417612446
0.4545249076733666,0.43560001173951496,0.4529970035165563,0.4027611429324001
0.7633932591100284,0.7534036001486503,1.35629432982847,0.65369020251135
-0.5916686965992232,-0.6237452829576028,-1.981310006335994,-1.35538970879159
-0.5916112096468295,-0.5707780182227469,-0.7625300366131592,-0.881433228865064
-0.5915698442063929,-0.5707780182227469,-0.7627697497443328,0.324003290624182
1.0053562742637256,1.0182399238229298,0.3603445178535836,0.6347399424190516
-0.5915975653428072,-0.5707780182227469,-0.8712634648514834,-0.6689855768403745
1.141300530635289,1.1506580856600694,1.1379828766186226,-0.43817807483681487
-0.5915550202795444,-0.5707780182227469,-0.8695429070501641,-0.6693855320785034
-0.5916388128209611,-0.5707780182227469,-0.7628459202719954,-0.8881658087069009
-0.5915576547705228,-0.5707780182227469,-0.8693748838273789,-0.6669191414433752
-0.5915723214143278,-0.5707780182227469,-0.8694084884719361,-0.6669477096746701
-0.5915525430716095,-0.5707780182227469,-0.8333238211466103,-0.6686570421804829
1.399014380933463,1.362527144599493,1.4753152599205162,0.8192335801216598
-0.5916846608281369,-0.5972616505901749,-1.6641628128646824,-0.6813508596191935
-0.5915711811122625,-0.5707780182227469,-0.7605899284674009,-0.8812856263367072
0.5104713906184719,0.5150509088417988,0.7041312332200622,-0.18813463042800752
-0.5897159882935963,-0.5972616505901749,-1.5505253468306708,-0.43983503225192044
-0.5917312952505303,-0.5707780182227469,-0.8581576534742466,-0.6894880441663638
-0.5899506939152368,-0.5707780182227469,-0.7615196569668116,-0.678746389199473
0.05758182667816282,-0.041105370874188044,1.4927807138516167,0.7630779601396075
-0.5916903623384632,-0.5707780182227469,-0.8561615375875595,-0.6881262918079726
-0.5915428308436744,-0.6237452829576028,-1.981310006335994,-1.35538970879159
-0.01953412818404172,-0.041105370874188044,0.38716102421008397,0.5464879145771541
-0.5915939478328069,-0.5707780182227469,-0.7611432849477732,-0.9026213337421315
0.05976927992619104,0.06482915859552374,0.4927737011238797,0.7756146523061959
1.2365861765677257,1.2301089827623533,0.4916289028993041,0.6058193696048252
-0.0998132809752944,-0.09407263560904393,0.365694377267061,0.7918033167066518
-0.591673336449006,-0.5707780182227469,-0.8577073512371826,-0.6837934433949092
-0.5916117208167208,-0.5707780182227469,-0.8579134597237988,-0.6790368328843047
0.1378205970480008,0.03834552622809579,1.60450943607479,0.5522586972987283
-0.5915781802076976,-0.5707780182227469,-0.8339735109413794,-0.669214122690734
-0.5916383409718305,-0.5707780182227469,-0.858668444071513,-0.6836648863540821
0.7603481021051158,0.7269199677812224,0.6092653216356007,0.5110014099369782
1.009019632271056,0.9652726590880738,0.46973435681558834,0.792636556786087
0.3725634554489987,0.35614911463723115,0.4944785767577391,0.7749766284739428
-0.5180226416008623,-0.5178107534878911,1.0690373475358075,-0.4756262646925756
-0.591657765427701,-0.5707780182227469,-0.8607384901762254,-0.6800033913764496
1.2144972279784134,1.2301089827623533,0.991639130192084,-0.5641973044505996
2.093417563051472,2.1040688508874754,1.6218830373107682,-0.6762561917049322
-0.12654467451763102,-0.09407263560904393,0.9763400556800924,-0.6835696589164324
-0.435456947244186,-0.4383598563856072,0.637981610564391,-0.901559547812337
0.8197876055214572,0.8063708648835062,1.4813058478902141,-0.7432010803727002
-0.592216316835877,-0.5707780182227469,-0.7637622069135833,-0.898050416734944
-0.5916760495815061,-0.5707780182227469,-0.86564476828155,-0.6785226047209961
0.1882855300030896,0.2237309528000914,0.9832603721492007,-0.7088668277280862
0.7694492854163738,0.7798872325160783,0.48267886589895126,0.7616305030873315
-0.5916509236153094,-0.5707780182227469,-0.858184537189892,-0.6801319484172768
-0.4717760791928014,-0.544294385855319,0.972872056361808,1.9142681697716786
-0.5129497522785805,-0.544294385855319,0.3604744558125377,0.8263280242265655
-0.5916128217980252,-0.5707780182227469,-0.8643476290016492,-0.6680237797201122
-0.5916040925891117,-0.5972616505901749,-1.658508271340555,-0.6693331569877962
-0.02091869081583993,-0.041105370874188044,0.36542329980096766,0.5993724720759379
-0.2071310797343316,-0.17352353271132775,1.1729137844808242,-0.6884453037240991
0.8480665462494034,0.6474690706789386,2.5039399879530095,0.7770478252428245
-0.5916545018045487,-0.5707780182227469,-0.7640915324302421,-0.8909226430268609
-0.5916147878360688,-0.5707780182227469,-0.7635672999751525,-0.8233159236674272
-0.47177623647584493,-0.46484348875303516,0.3668369351819996,-0.6762038166142249
-0.5915759782450888,-0.5707780182227469,-0.7606683393047007,-0.9001120907600608
-0.47199061326411496,-0.46484348875303516,0.34954174478332123,-0.6693950548222684
-0.5916631523719403,-0.5972616505901749,-1.6629194410160728,-0.6787082982244131
-0.5916711738071581,-0.6237452829576028,-1.981310006335994,-1.35538970879159
0.2683611585360727,0.2237309528000914,1.4769484456459872,-0.47099821122279817
-0.5505920278305134,-0.5707780182227469,0.3577367974359592,-0.6830887603563013
-0.1999594841213081,-0.2000071650787557,1.3877101918700077,-0.5067799209196883
-0.5916778190157453,-0.5707780182227469,-0.8584175293921542,-0.6823745545739281
0.4225843783723294,0.4620836441069429,1.1807235038758748,-0.7233271141351992
0.1384162279336784,0.14428005569780758,0.5635406019416849,0.5486781456430982
-0.5916438851991134,-0.5707780182227469,-0.8622170945367341,-0.671894775060574
-0.5916740835434625,-0.5707780182227469,-0.861247040463855,-0.6829982942905339
0.8450710513654712,0.8593381296183621,0.3545914027054224,0.733881227756197
1.005311959766224,0.9652726590880738,1.175595435116474,0.7900082795069542
0.6857646008468237,0.6739527030463665,0.43982846346947946,0.645067358032166
1.5302421906800425,1.5743962035389165,1.1860890454568118,-0.7336497683764311
1.0549979484484533,1.0182399238229298,1.4693918812399323,-0.390697674424654
0.9225908304418236,0.9387890267206459,0.45798169245918047,0.7759241414785577
0.37585747354946525,0.38263274700465905,0.43609834792365043,0.791717612012767
-0.4717625528510617,-0.5178107534878911,0.36699599716623604,0.8226903361083454
1.0619570939904894,1.0712071885577856,0.9945694551974557,-0.3644577539802679
-0.5917025910950942,-0.5707780182227469,-0.8605054979739634,-0.6805461877710531
-0.4323385356617703,-0.4383598563856072,0.960234469698732,-0.21586962164349455
0.21731506473530698,0.19724732043266346,0.39188583723480047,0.31178561037372016
1.1598429431978197,1.0712071885577856,2.5009088490139666,0.7048273365292611
-0.591659298937375,-0.5707780182227469,-0.7625277963035223,-0.886075566450489
-0.5916269772719388,-0.5707780182227469,-0.8612963272758719,-0.6742135631673454
-0.4720051226248765,-0.5178107534878911,0.35147065138089406,0.7769383136895273
-0.5916132543263948,-0.5972616505901749,-1.6607956274800693,-0.6741945176798154
-0.5910733016381109,-0.5972616505901749,-0.5050221259920057,1.7821924751233706
0.4531011422429798,0.4620836441069429,0.27950966552649587,0.7744814457981641
0.6786219453138014,0.6739527030463665,1.4952204110464566,-0.13888776104744402
-0.5236160984763185,-0.544294385855319,0.34901079139932023,-0.44374887993932477
-0.04772546225676676,-0.014621738506760096,0.9852049609142337,-0.6806985516712928
1.159840426669124,1.1771417180274975,0.35095089954507885,0.7762907671135092
0.9231486740763039,0.9387890267206459,0.4873947176851195,0.7374332111805322
-0.550563127071273,-0.5972616505901749,0.3613504168806569,3.623510209518761
-0.5915799496419368,-0.5707780182227469,-0.8351407122623264,-0.7455817663139438
-0.4718177985200858,-0.5178107534878911,0.36408807525723536,0.8187193519583512
1.7139689570208196,1.7068143653760564,0.450913515554021,0.4050704082954064
-0.5505593915989903,-0.5972616505901749,0.35960969629260375,3.6198106235660696
-0.5916676742594406,-0.5707780182227469,-0.8599162965393969,-0.6775703303444987
0.13947619768448447,0.14428005569780758,0.4549281504237661,0.8172052356997201
-0.09993446756029954,-0.09407263560904393,0.36542778042024204,0.5977869352390696
1.0005908339706964,1.0182399238229298,0.2795051849072215,0.8010213326711467
-0.5916601246733533,-0.5707780182227469,-0.8594727152312446,-0.6785083206053486
-0.471970127147701,-0.5178107534878911,0.34971872924465475,0.8574102598754408
-0.5916578440692227,-0.5707780182227469,-0.7573123554682731,-0.8980123257598841
0.8190200642692506,0.88582176198579,0.9947128350142325,-0.6711186714437287
1.86647146104059,1.892199791948052,0.3896455275976662,0.6754496720143159
-0.5916429415008525,-0.5707780182227469,-0.8629362339302543,-0.6761228732922226
-0.4718196465958468,-0.5178107534878911,0.36528888122273967,0.8219094711196175
0.37140734643786233,0.35614911463723115,1.402169150268074,0.8166957689082942
0.21710505255149362,0.1707636880652355,1.4968468758430162,0.7758955732472628
-0.5505657615622515,-0.5972616505901749,0.361278726972269,3.6233578456185227
-0.5915471168066093,-0.5707780182227469,-0.8683622638713943,-0.6690236678154344
-0.5916465983316135,-0.5707780182227469,-0.8602523429849671,-0.6789368440747725
0.29161329387347823,0.2766982175349473,0.3824675755202872,0.3788495333385503
-0.5916281962155258,-0.5707780182227469,-0.8605435832377948,-0.6763276122831696
1.0795298565899352,1.0976908209252136,0.2987696074769413,0.7994738868093384
-0.5916481318412875,-0.5972616505901749,-1.6641695337935938,-0.6813651437348409
0.05749732636305055,0.03834552622809579,0.36467951700143897,0.6062002793554243
0.2679064139365967,0.19724732043266346,5.489213067794965,-0.6671191190624397
1.4795995278858156,1.4949453064366327,0.4546257086227529,0.8166291097019394
-0.47194716382335217,-0.5178107534878911,0.35016455086244463,0.8554771428911513
3.1082704762301154,2.9780287190125976,2.5375782371545843,-0.5192594766236868
-0.35363783617417194,-0.33242532691589544,0.9602053456734492,-0.5153551516800474
-0.5916589057297662,-0.5707780182227469,-0.8640675902970074,-0.6709805916591366
0.057356911925979304,0.06482915859552374,0.3423884361119507,0.7859658747787227
-0.4360085781984486,-0.46484348875303516,0.36329052502641546,-0.4668320108256219
-0.10009277294356722,-0.14703990034389983,0.45570329755821454,0.5507683878995101
-0.5916432953877003,-0.5707780182227469,-0.8626091487232328,-0.6717709793916294
-0.5918118241687945,-0.544294385855319,-1.2578893810992482,-0.1499865189055212
0.6884597637592212,0.6739527030463665,0.49482134413222084,0.6271598383821321
-0.5236608455021899,-0.5178107534878911,0.35681827048473397,-0.47177431483964355
0.057232029189452235,0.03834552622809579,1.4603858364986517,-0.8208638171479464
-0.5916309486687868,-0.5707780182227469,-0.8637875515923654,-0.6739421649700436
-0.5916200174972647,-0.5707780182227469,-0.8582203821440861,-0.6765513967616464
-0.4734833079883091,-0.5178107534878911,0.3633151684324239,0.8165386436361721
-0.5915827020951978,-0.5707780182227469,-0.7606526571372405,-0.8790953952707631
0.819000364568054,0.8328544972509341,1.0678118981642948,-0.6670286529966724
0.4524459797253431,0.43560001173951496,1.496396573605952,0.7753432541088943
0.37393547475807903,0.38263274700465905,0.35439649576699134,0.6027863757156809
-0.2567903302991686,-0.33242532691589544,1.46005875129163,0.7810140480209363
1.4772046576241922,1.4684616740692047,0.45622080908439283,0.5913305149664173
-0.5916236743280257,-0.5707780182227469,-0.8586841262389732,-0.6771465682469574
-0.5915836457934587,-0.5972616505901749,-0.5456322187843432,1.6958830870095278
0.21554661351512278,0.1707636880652355,0.49389385594244684,0.7501413127348903
0.9999961074625185,0.9652726590880738,0.4567562430876677,0.7021704910188333
-0.5916601639941141,-0.5707780182227469,-0.8659158457476432,-0.6695855096975679
-0.5915698442063929,-0.5707780182227469,-0.869442093116493,-0.6669334255590227
-0.550617507683558,-0.5707780182227469,0.3577233555781365,-0.6764894989271742
-0.5916243821017213,-0.5707780182227469,-0.8649278691976671,-0.6701711584391138
-0.5916858011302022,-0.5707780182227469,-0.8616995830105562,-0.677984569698275
2.7059318790696816,2.739676027705746,1.161521809975995,-0.6800462437233921
-0.2050979604727231,-0.17352353271132775,0.99616903627837,-0.7456817551234759
-0.591595481342481,-0.5972616505901749,-0.5474894354735279,1.6919359097189457
-0.5504802389073564,-0.544294385855319,0.36098076579052973,-0.8765623454292798
0.03283098054014993,0.03834552622809579,2.09333155703972,-0.4883915027095233
-0.5916658261836796,-0.5707780182227469,-0.7590889210105206,-0.8936890000905858
-0.023103784818215827,-0.06758900324161599,0.4602780098372435,0.8062255121387052
-0.5916488789357441,-0.5707780182227469,-0.8615898078383366,-0.6738421761605115
-0.5916808467143324,-0.5707780182227469,-0.8619370558320923,-0.6755800768976192
-0.5915919424740025,-0.5707780182227469,-0.8689447443770492,-0.6715329107975051
0.29389629657042343,0.30318184990237523,0.3854718307436847,0.779418988440303
-0.047722985048831906,-0.014621738506760096,0.9594526016353723,-0.669214122690734
0.37440807098299045,0.38263274700465905,0.4931411119043699,0.7765526425670458
-0.5916696009767233,-0.5707780182227469,-0.860465172400495,-0.6758514750949208
-0.5916545804460704,-0.5707780182227469,-0.7635740209040641,-0.8932128629023371
0.5323734869521243,0.5150509088417988,1.639117739349244,0.47355798145310013
-0.5916148664775904,-0.5707780182227469,-0.8636441717755888,-0.6717947862510419
0.1397289515353648,0.14428005569780758,0.45801753741337464,0.7785143277826306
-0.5916188378744385,-0.5972616505901749,-1.6610196584437826,-0.6746706548680641
-0.5916455759918309,-0.5707780182227469,-0.862797334732752,-0.674142142589108
1.7687968036398989,1.812748894845768,1.0654394102585696,-0.5169454498887981
-0.5916433347084612,-0.5707780182227469,-0.8644708460316914,-0.6691427021124966
1.3723783009154784,1.3890107769669209,1.1616987944373285,-0.6717566952759819
5.2997349137162635,5.361555632081113,1.4812117548854542,-0.26915413438040714
0.21520916274532573,0.2237309528000914,0.38608791589389624,0.5467212217993961
-0.5916979905660723,-0.5707780182227469,-0.8584892193005423,-0.6841981600049206
1.0607193944005453,1.0976908209252136,1.068275642259182,-0.5193737495488666
-0.1208826815559763,-0.12055626797647187,0.3823286763227849,0.18154780527205183
-0.592213839627942,-0.5707780182227469,-0.834466379061549,-0.7432201258602302
-0.47200126919031105,-0.46484348875303516,0.5659153301570476,-0.6667144024524283
0.685511335826052,0.6474690706789386,1.4886652650482008,0.7462941242538406
-0.5915709845084581,-0.5707780182227469,-0.8694353721875816,-0.6691522248562616
-0.5916487216527005,-0.5707780182227469,-0.8615001954528512,-0.6746420866367693
-0.18901915086181936,-0.14703990034389983,0.38404251319519256,-0.9550678450277263
-0.5218601905788522,-0.5178107534878911,0.3615923703214674,-0.4707601426286737
-0.5916517886720486,-0.5707780182227469,-0.8617757535382188,-0.6786892527368832
0.13842546831248312,0.14428005569780758,0.4580085761748264,0.7753765837120715
0.8457140637679985,0.8593381296183621,0.2845526025196857,0.8130057056993666
0.3726962023377,0.38263274700465905,0.35337939519173234,0.8012117875464462
3.921699685505705,3.957923116607432,0.4528088175070371,0.41754520262752254
-0.5505332432930109,-0.544294385855319,0.36099196733871547,-0.6717424111603346
-0.5916796277707453,-0.5707780182227469,-0.7618557034123817,-0.8889942874144536
-0.5916503731246572,-0.5707780182227469,-0.8608169010135251,-0.6739469263419261
0.13599458023390112,0.09131279096295168,0.4909008022672351,0.7760812667506796
0.2701098707342995,0.30318184990237523,1.1385900005302858,-0.747881508933185
-0.5916152596851992,-0.5707780182227469,-0.8622775828969368,-0.6694759981442707
0.0539934140410532,0.06482915859552374,0.5703421820000254,0.5817125437637933
-0.01916978201380877,-0.041105370874188044,0.37480795687092416,0.8020640731134115
-0.591641250708135,-0.5707780182227469,-0.7643827726830695,-0.8790096905768783
-0.5505612789955121,-0.5972616505901749,0.36069176584733975,3.622110366185311
-0.5915678388475885,-0.5707780182227469,-0.8692830311322566,-0.6717328884165696
-0.5915571829213924,-0.5707780182227469,-0.8705062401941319,-0.6660240035294677
-0.5916150630813948,-0.5707780182227469,-0.8588767928677665,-0.6764704534396442
-0.550652896368342,-0.5972616505901749,0.3504154655418035,3.600269953360342
-0.5916482498035701,-0.5707780182227469,-0.863279001304736,-0.6717947862510419
-0.5916376331981349,-0.5707780182227469,-0.8596900252660463,-0.6793796516598438
0.2920009965756687,0.30318184990237523,0.4563641889011696,0.7759146187347927
-0.5916845035450935,-0.5972616505901749,-1.666387440334357,-0.6860789018985031
0.13829688942443413,0.14428005569780758,0.36675180341578856,0.811620146481563
-0.28568393316105406,-0.25297442981361157,0.9567127029491568,-0.6740183469201634
1.553755809077242,1.5479125711714885,0.49028471711702304,0.407608219508772
-0.5916811219596585,-0.5707780182227469,-0.8613590559457117,-0.6728518108089541
-0.5915597780916099,-0.5707780182227469,-0.8703046123267898,-0.6670953122030272
1.6343409953503556,1.6273634682737725,0.38597814072167674,0.702618059975787
0.21480077732291697,0.09131279096295168,2.500935732729612,0.7646015991420032
-0.5916423123686786,-0.5972616505901749,-1.6596015424434767,-0.6716567064664498
-0.47197091356291837,-0.544294385855319,0.9583100437204336,1.9220672969151926
0.21698830921246687,0.2237309528000914,0.4541238792640348,0.7904558484639082
-0.4713573917310444,-0.5178107534878911,0.9946053001516498,-0.5163455170316048
0.37407667561036767,0.38263274700465905,0.35883230884851786,0.7921889878291333
0.4474258195433897,0.4620836441069429,0.5629917260805869,0.548568634089801
-0.6256896480371971,-0.6237452829576028,-1.981310006335994,-1.35538970879159
11.602329325445606,11.664660135528964,1.7762717356442566,-0.5399333533374456
-0.591647384746831,-0.5707780182227469,-0.8625217766473845,-0.669223645434499
-0.5916363356130261,-0.5707780182227469,-0.7624359436083996,-0.8813808537743568
0.2955621992462555,0.30318184990237523,0.3600891225549504,0.7832566541775877
0.21460275797116937,0.2237309528000914,0.2782998983224433,0.7793189996307708
0.5296234322575503,0.48856727647437087,0.4923726856988328,0.38170159509615986
0.4530996873748275,0.4620836441069429,0.2575187861283833,0.8203191729108669
-0.5917046357746595,-0.5707780182227469,-0.8607160870798541,-0.6860550950390906
2.1903209437276736,2.1835197479897595,0.37293505801427956,0.7374617794118271
-0.5916599280695489,-0.5707780182227469,-0.8585228239450993,-0.680417630730226
0.7669904009560514,0.7798872325160783,0.5313271896693278,0.6649079946664896
-0.5916376725188958,-0.5707780182227469,-0.8619213736646325,-0.6741659494485205
0.05979751223249656,0.06482915859552374,0.3479309621542212,0.6235364343795596
0.6854116183764825,0.6209854383115105,2.4678463593891355,0.6542568057653659
0.6651086973874638,0.6739527030463665,1.19155540097142,-0.6927210156745726
2.157192494919955,2.1570361156223314,1.1749659081084391,-0.6693522024753261
-0.5916462051240048,-0.5707780182227469,-0.8624433658100847,-0.6716043313757425
1.2117691535891664,1.2565926151297813,0.9941594785338604,-0.745477016132529
-0.5505691431476863,-0.5972616505901749,0.36049237828963476,3.6216866040877695
-0.5916014580981334,-0.5707780182227469,-0.7601978742809022,-0.8931509650678648
1.2415157417166318,1.1771417180274975,1.4797331505249451,0.8075682190095665
-0.5916745553925931,-0.5707780182227469,-0.7653371445884889,0.1976269581192107
0.7646562026284519,0.7798872325160783,0.4658227761891514,0.795645743815819
1.1627719073543576,1.1771417180274975,0.4556965766293032,0.8142150941575185
0.45298219694134423,0.43560001173951496,0.33659051477104646,0.8053303742247975
0.8466019658692322,0.8063708648835062,0.4372252236711289,0.8084395500640617
0.44966918691337676,0.4620836441069429,0.4618843118470686,0.8011356055963266
-0.09800834008902168,-0.14703990034389983,0.578595482703229,0.5716755718355107
-0.5916868627907457,-0.5707780182227469,-0.8627122029665409,-0.6835839430320798
0.29639493431998665,0.30318184990237523,0.4580668242253915,0.776652631376578
-0.4719716999781359,-0.5178107534878911,0.3500951012636932,0.8575007259412081
0.818160512436605,0.8328544972509341,1.31069058685496,-0.9981963515392941
0.4527506763013344,0.43560001173951496,1.4793366157191727,0.4163977120038429
-0.5916948055844417,-0.5707780182227469,-0.8634940710299008,-0.6764466465802318
0.29342322849638147,0.2766982175349473,0.355205247545997,0.8054351244062123
-0.36241312901932915,-0.3589089592833234,1.0688514018359252,-0.5202831715784216
-0.5505777150735562,-0.544294385855319,0.3610636572471039,-0.6816936783947325
-0.5915839210387848,-0.544294385855319,-1.2282187202650385,-0.13286938698798045
-0.5916896545647676,-0.5707780182227469,-0.8591725137398684,-0.6813222913878985
0.6086440454555971,0.5945018059440826,0.5863402331188032,0.5352653610501321
-0.5916826161485715,-0.5972616505901749,-1.6636520222674158,-0.6802652668299863
-0.5916893793194414,-0.5972616505901749,-1.6670752153929576,-0.6875406430664266
-0.4717780845516058,-0.4913271211204631,0.3654927493997191,-0.6835887044039624
0.9232135926525024,0.9387890267206459,0.49372135210038776,0.7755908454467835
-0.5915521498640008,-0.5972616505901749,-0.5448682731980805,1.6975067148214555
-0.5916748306379191,-0.5707780182227469,-0.7632469356970423,-0.8860803278223716
3.4302458134917932,3.481217733993729,0.8030879502019311,0.08114475638604735
0.11677408115014594,-0.014621738506760096,2.507168274140121,-0.7122045494177095
-0.5916723141092234,-0.5707780182227469,-0.8582629480271917,-0.6814603711724906
-0.47199525311389773,-0.5178107534878911,0.3511816514377036,0.8540725381858174
-0.36441738684245817,-0.33242532691589544,0.9765058385932401,-0.4683889794311952
-0.591661461579223,-0.5707780182227469,-0.8648584195989159,-0.6740611992671057
-0.5916698369012884,-0.5707780182227469,-0.7631842070272027,-0.8838615285251326
-0.47199596088759344,-0.5178107534878911,0.35090833366197327,0.776200301047742
-0.5916441604444396,-0.5972616505901749,-1.6618440923902482,-0.6764228397208193
-0.5916423516894395,-0.5707780182227469,-0.8600529554272621,-0.6785511729522911
2.1578482865697657,2.210003380357187,1.0087550958197915,-0.6739183581106312
-0.5915593062424794,-0.5707780182227469,-0.871155929988901,-0.6691998385750865
-0.5916402676891133,-0.5707780182227469,-0.8591344284760372,-0.6829697260592391
-0.02102926079540989,-0.06758900324161599,0.3559467900358887,0.7918699759130068
-0.5915797530381324,-0.5707780182227469,-0.761358354672938,-0.8218494211276213
1.5504654871282972,1.5743962035389165,0.3937990616649137,0.705541542311634
0.8450401845681873,0.8328544972509341,1.5081313154852627,0.7451609177458086
-0.5915911167380242,-0.5707780182227469,-0.8694308915683073,-0.6714900584505626
-0.5915878137941111,-0.5707780182227469,-0.8623895983787936,-0.6686713262961305
-0.5915774331132411,-0.5707780182227469,-0.8691530931733027,-0.6696283620445104
-0.5916504517661789,-0.5707780182227469,-0.8593629400590248,-0.6760419299702204
0.3724675521132336,0.38263274700465905,0.31667864271619484,0.7994262730905137
0.6090617105775714,0.5680181735766546,0.46745596191462246,0.7473082964648105
-0.5915812079062847,-0.5707780182227469,-0.8668881401301597,-0.6711281941874937
-0.3539961269472307,-0.3589089592833234,1.4757745233961288,-0.46437038156237614
-0.5915626485071535,-0.5707780182227469,-0.868906659113218,-0.669204599946969
1.2387715458154278,1.1771417180274975,0.5111307982905601,0.7018419563589415
0.3706968202889189,0.38263274700465905,0.4572423902789262,0.7738338992221457
-0.47197991801715794,-0.5178107534878911,0.3865202956538635,0.8506253049428968
5.227858607523196,5.282104734978829,1.0196810859200967,-0.38350324151021614
0.6072703746745602,0.6209854383115105,0.4570340414826724,0.7752956403900693
-0.47177183255062727,-0.5178107534878911,0.3670049584047848,0.8194335577407242
-0.1213338086454521,-0.12055626797647187,1.4841868860835687,-0.4687127527192043
-0.5505328500854022,-0.5707780182227469,0.36228686630897916,-0.6704282725207681
-0.5916725107130277,-0.5707780182227469,-0.8633775749287699,-0.6738136079292164
-0.591669365052158,-0.5707780182227469,-0.8665162487303953,-0.674132619845343
-0.09442303379202086,-0.14703990034389983,0.458221405590354,0.7778905880660248
-0.5915956779462853,-0.5707780182227469,-0.8700873022919878,-0.669214122690734
-0.5916178155346558,-0.5707780182227469,-0.8683622638713943,-0.6742468927705229
-0.5922121488352247,-0.5707780182227469,-0.8340564023979533,-0.7455103457357064
-0.4717714786637795,-0.5178107534878911,0.36606850897646254,0.8290705744308778
-0.5916496260302007,-0.5707780182227469,-0.8612044745807494,-0.6788463780090053
-0.5505540439755118,-0.5972616505901749,0.3589622468074719,3.618434587092031
-0.5505537687301857,-0.5972616505901749,0.3617469516864299,3.624352972341962
-0.5917064445296596,-0.5707780182227469,-0.8646814351375822,-0.6788320938933577
-0.47198793945237566,-0.5178107534878911,0.35123317855935743,0.857529294172503
-0.5916250112338952,-0.6237452829576028,-1.981310006335994,-1.35538970879159
-0.589716696067292,-0.5707780182227469,-0.7609909438924478,-0.6714567288473854
-0.5916723141092234,-0.5707780182227469,-0.8632050710867105,-0.6740278696639284
-0.5916613829377012,-0.5707780182227469,-0.8616570171274506,-0.6781369335985147
0.6923788639952583,0.6474690706789386,1.4760075155983905,0.816576734611232
0.45262508579111166,0.4620836441069429,0.28828719868478864,0.779828466422197
-0.5506172324382318,-0.5972616505901749,0.35625819307545015,3.6126876112298683
-0.5916323642161782,-0.5707780182227469,-0.8614934745239398,-0.6741230971015781
0.05974336754477694,0.06482915859552374,0.47926239370232115,0.7783048274198012
0.6052160222020813,0.6209854383115105,0.4866935007686964,0.34190128753045057
0.8483199685532186,0.8328544972509341,0.42049907192028263,0.7748290259455857
-0.43231223007274744,-0.41187622401817925,0.9604965859262772,-0.44542488284196013
-0.591550262467479,-0.5707780182227469,-0.7618086569100021,-0.8980361326192965
1.0056773675970003,0.9652726590880738,1.4620481462494057,0.7755384703560763
0.3733066178294651,0.38263274700465905,0.5207574088013271,0.2771847209036867
-0.591640660896722,-0.5707780182227469,-0.8602008158633131,-0.6765180671584691
-0.43611242432790964,-0.4913271211204631,1.4970059378272527,0.6253552784386697
-0.5917021192459637,-0.5972616505901749,-1.6637416346529013,-0.6804557217052859
1.239801907033298,1.2565926151297813,0.4570945298428751,0.7751813674648895
-0.5921880452088106,-0.5707780182227469,-0.8342177046918269,-0.741048940281816
1.8468758418981226,1.812748894845768,2.214395649520833,-0.7455674821982963
-0.47184095844823903,-0.5178107534878911,0.9683511115140708,-0.4669129541476243
-0.5916736116943321,-0.5707780182227469,-0.8580142736574699,-0.6876739614791362
0.1889133252711598,0.19724732043266346,1.175680566882685,-0.6704996930990055
-0.5916384196133524,-0.5707780182227469,-0.861148466839821,-0.6786083094148809
1.2409952134842184,1.2565926151297813,0.3514952947869025,0.8176718501442041
0.21331264380698395,0.2237309528000914,0.45694442909718747,0.7751623219773596
-0.5916612649754186,-0.5707780182227469,-0.8604024437306552,-0.6813841892223709
-0.5917037313971595,-0.5707780182227469,-0.8626539549159754,-0.6834601473631352
-0.47185597897889175,-0.5178107534878911,0.35832151825125147,0.6147612260001358
0.03789938729569237,0.06482915859552374,0.9946702691311269,-0.5182643499002471
1.2364589739063074,1.2565926151297813,0.459590234778643,0.693466703217647
0.7665112774848353,0.7798872325160783,0.3493311556774305,0.7750528104240624
0.21522964886173962,0.1707636880652355,0.45705644457904393,0.7769716432927048
-0.591668460674658,-0.5707780182227469,-0.8638077143790998,-0.6742564155142878
-0.5916639387871577,-0.5707780182227469,-0.7609887035828109,-0.8910035863488631
-0.5921796305659841,-0.544294385855319,-1.2628740700418724,-0.1355357552421732
0.45309245235482726,0.4620836441069429,0.3872394350473837,0.7740386382130928
0.05743732288196109,0.011861893860667848,0.37104871729981226,0.5994153244228803
0.6091959909759467,0.6209854383115105,0.34936924094126165,0.6234316841981449
-0.5921785689054406,-0.5707780182227469,-0.8333798288875386,-0.7431487052819928
-0.5991623685645431,-0.544294385855319,-1.3355564355994276,-0.6716138541195075
-0.550485271964748,-0.5972616505901749,0.3598516497334143,3.6203248517293782
-0.5915700014894364,-0.6237452829576028,-1.981310006335994,-1.35538970879159
-0.5915427522021526,-0.5707780182227469,-0.7618333003160105,-0.8969219715987945
-0.591615888817373,-0.5972616505901749,-1.6614363560362897,-0.6755562700382067
0.9261420849599097,0.912305394353218,0.5362155452975551,0.6513523689170488
0.2941727215193483,0.2502145851675193,0.3854023811449333,0.5943063723929717
-0.008728940379667465,0.011861893860667848,0.9611126710764887,-0.5182976795034245
1.7943194769930537,1.7862652624783402,1.2787751357643418,0.8069873316399031
-0.5922022400034851,-0.5707780182227469,-0.8357299136968926,-0.7432248872321127
-0.5916364535753088,-0.5707780182227469,-0.8589126378219607,-0.6757467249135062
0.216749160344848,0.19724732043266346,0.35667937128723165,0.7885560610827956
-0.5916355098770479,-0.5707780182227469,-0.862530737885933,-0.6715186266818577
-0.5916495867094398,-0.5707780182227469,-0.8593696609879361,-0.6812175412064838
2.6618442230372565,2.6602251306034623,1.4784292903161331,0.6938666584557758
-0.5915914313041112,-0.5972616505901749,-0.04561975118192611,2.7585689160899296
-0.5916471881430266,-0.5707780182227469,-0.8615920481479736,-0.6793367993129014
0.4511173705362646,0.4620836441069429,0.39874566534370665,0.37090280366667927
-0.5915718495651973,-0.5707780182227469,-0.8683645041810313,-0.67158052451633
0.05940890515280612,0.011861893860667848,1.4915485435511926,0.7936316835095268
1.0044117895875984,0.9652726590880738,1.316172624537028,0.774814741829938
-0.5916652363722665,-0.5707780182227469,-0.7604532695795355,-0.8884086386729078
-0.2838907885030427,-0.3059416945484675,1.0700768512074381,-0.4824112196251195
-0.5916546197668313,-0.5707780182227469,-0.7612216957850728,-0.8933176130837519
-0.5915773151509585,-0.5707780182227469,-0.8705555270061488,-0.6694045775660334
0.4495270816835881,0.4620836441069429,0.4619672033036427,0.8095632338283286
-0.5916620120698751,-0.5707780182227469,-0.8591254672374886,-0.6808080632245899
1.1628759107668623,1.0976908209252136,1.4721497024032448,0.8190431252463601
-0.28186038237393435,-0.2794580621810395,1.0724246957071548,-1.1291150328201578
2.102383089737724,2.1040688508874754,1.496880480487573,0.3947572767979394
-0.017668358080701232,-0.06758900324161599,0.5666411904794793,0.5489162142372226
-0.5506296577986671,-0.5972616505901749,0.3856398539664694,3.675133003468686
-0.10166646843515607,-0.12055626797647187,0.4590615217042795,0.796498029382784
0.6692072968968777,0.6739527030463665,0.9959539665532048,-0.36443870849273796
-0.5916593382581359,-0.6237452829576028,-1.981310006335994,-1.35538970879159
-0.5846351561776186,-0.5707780182227469,-1.608094583576117,-0.6813127686441335
0.6872311865857993,0.7004363354137944,0.47852309152206685,0.7294912428805438
1.3964923080104208,1.415494409334349,0.46430608656481126,0.5624432717553681
-0.10008671754639305,-0.09407263560904393,0.5641723692593571,0.5503636712894987
0.137999191943878,0.14428005569780758,0.4456577491453035,0.8025640171610725
0.6597385037922344,0.6739527030463665,2.106856306319101,-0.5193689881769841
1.0034345507176654,0.9917562914555018,1.3903022301201726,0.7916461914345297
-0.5916513561436789,-0.5707780182227469,-0.8581464519260608,-0.684983786365531
0.5286056930039199,0.4620836441069429,1.4984531778528414,0.7751718447211245
-0.5916599673903098,-0.5707780182227469,-0.8655641171346132,-0.6757419635416236
-0.2821918957088398,-0.25297442981361157,1.067760371042641,-0.9362318578606076
-0.5916591809750923,-0.5707780182227469,-0.8604091646595666,-0.6788463780090053
-0.5915842356048717,-0.5707780182227469,-0.8344327744169917,-0.6717233656728047
-0.5915757816412844,-0.5707780182227469,-0.7969904794515625,-0.8219494099371535
0.6878764009509354,0.7004363354137944,0.45845887841189015,0.7728959089612958
-0.5916298476874824,-0.5707780182227469,-0.8657545434537697,-0.6752991559565524
2.078733500149432,2.1040688508874754,1.0001612680517435,-0.6722994916705856
-0.5505359171047501,-0.544294385855319,0.3595604094805864,-0.6716805133258622
1.3165735299925532,1.2565926151297813,2.536883741167073,0.7734482280996643
-0.591578062245415,-0.5707780182227469,-0.8706921858940141,-0.666800107146313
0.9238631716220953,0.9387890267206459,0.49289915846355936,0.6975138693177608
-0.5915647325074797,-0.6237452829576028,-1.981310006335994,-1.35538970879159
-0.5916719209016147,-0.5972616505901749,-1.6629530456606298,-0.6787797188026504
1.2364120249178272,1.1771417180274975,2.506348320812929,0.7920032943257163
-0.5916761282230278,-0.5972616505901749,-1.6641583322454083,-0.6813413368754284
-0.5915862409636762,-0.5707780182227469,-0.7624628273240452,-0.8986741564515498
-0.592839944103295,-0.5707780182227469,-0.8695384264308899,-0.7477434291485928
-0.09829538164338178,-0.09407263560904393,0.4503041513327203,0.40800341337501844
0.05895447511941716,0.06482915859552374,0.4520650347075084,0.8229760184212948
1.0561254712664363,1.0712071885577856,1.477076143295304,-0.4667653516192672
-0.4717576770767137,-0.4913271211204631,0.3672357102974096,-0.6811984957189539
-0.597253699511092,-0.6237452829576028,-1.981310006335994,-1.35538970879159
0.8425526352731899,0.8593381296183621,0.4949557627104488,0.36404642815589794
-0.5915618620919361,-0.5972616505901749,-1.6585911627971288,-0.6695093277474481
-0.5916874919229197,-0.5707780182227469,-0.8648180940254474,-0.6788463780090053
1.3945973619025138,1.362527144599493,1.495180085472988,0.7745052526575764
-0.5916497833132441,-0.5707780182227469,-0.859266606744628,-0.683517283825725
-0.5916594168996576,-0.5707780182227469,-0.8589507230857921,-0.6856075260821369
-0.5916766787136801,-0.5707780182227469,-0.8619258542839068,-0.6812556321815437
-0.5896827229298993,-0.5707780182227469,-0.7610469516333763,-0.6694236230535634
0.5820821243926155,0.5945018059440826,1.4707114236162044,-0.4690079577759186
0.45119613002028974,0.43560001173951496,1.3169253685751054,0.7780619974537942
2.474729579939813,2.5278069687663227,0.9810514268469862,-0.6962349081238479
0.5052609572746627,0.43560001173951496,2.5011015156427603,-0.3603391673019166
-0.5916508056530267,-0.5707780182227469,-0.8612560017024036,-0.6776274668070885
1.0788808281109945,1.0182399238229298,1.4789848871061426,0.759983068415991
-0.522349812693221,-0.544294385855319,0.3486613030959272,-0.516845461079266
-0.5903428791841666,-0.5707780182227469,-0.8680643026896553,-0.5190118852857974
-0.5916421157648742,-0.5707780182227469,-0.861912412426084,-0.6782750133831068
2.0262326954794743,2.0511015861526194,0.45349211194636313,0.41799753295635855
-0.5916096368163946,-0.6237452829576028,-1.981310006335994,-1.35538970879159
-0.5915694116780232,-0.5707780182227469,-0.8683488220135714,-0.6693902934503859
-0.591641565274222,-0.5707780182227469,-0.8601425678127477,-0.6787797188026504
0.34608418662536844,0.38263274700465905,1.0793158881509808,-0.909858619003512
-0.5505278563487715,-0.5707780182227469,0.36187688964538395,-0.676908499652833
-0.5916886322249849,-0.5707780182227469,-0.863429102050424,-0.6790749238593646
0.7680573698022927,0.7798872325160783,0.3654389819684278,0.7955933687251117
0.37473797216670013,0.38263274700465905,0.458375986955316,0.8098108251662179
-0.5915637101676969,-0.5707780182227469,-0.7628705636780038,0.17007289903525794
6.105745946887406,6.103097338369095,1.584460905132073,-0.11178127092044524
1.7891945663041393,1.7068143653760564,1.245708165520236,0.6234888206607347
-0.4325504745628663,-0.41187622401817925,0.9768060400846164,-0.464975075791452
-0.5916769539590062,-0.5972616505901749,-1.6618463326998854,-0.6764276010927018
-0.09820211279859521,-0.09407263560904393,0.45898983179589115,0.811563010018973
-0.5915988629279159,-0.5707780182227469,-0.8686781475302302,-0.6717138429290397
-0.5916631130511795,-0.5707780182227469,-0.8612335986060322,-0.6762561917049322
-0.5915681927344363,-0.5707780182227469,-0.8346881697156252,-0.6711996147657311
-0.5916746733548756,-0.5972616505901749,-1.6640575183117372,-0.6811270751407166
-0.5916047217212858,-0.5707780182227469,-0.8625284975762958,-0.6717614566478645
-0.5505515667675769,-0.5972616505901749,0.36151171917453073,3.6238530282943007
-0.5916691684483536,-0.5972616505901749,-1.6631725960050692,-0.6792463332471342
0.6895480837786157,0.6474690706789386,0.3891347370003993,0.5604149273334288
0.7662273422705843,0.7269199677812224,1.3474473470714259,0.7879513668537198
0.13471870018515092,0.14428005569780758,0.4594983820835206,0.7975645766844611
0.031545663508790706,0.06482915859552374,1.1036590926680843,-0.5216115943336355
0.6074063458656529,0.5945018059440826,0.39717296797843826,0.8100822233635195
2.033411683395541,2.024617953785192,1.5749687131995338,0.40733682131147014
0.8296183462299204,0.8063708648835062,1.483207870772141,-0.7576375599204009
-0.10324547222946263,-0.09407263560904393,0.4632665828931808,0.3852392944048477
0.6878512356639779,0.7004363354137944,0.4928453910322681,0.7038036415745262
1.1629580518363223,1.1506580856600694,1.3879319825240843,0.7749052078957053
0.6066879948852961,0.5945018059440826,1.2555565666850794,0.5949110666220474
0.503199448423705,0.5415345412092267,1.076793299499567,-0.5143600249566077
0.05939699096226204,0.06482915859552374,0.4666628923030769,0.7966361091673761
-0.5916592596166141,-0.5707780182227469,-0.8670068765409278,-0.6729422768747212
-0.591655327540527,-0.5707780182227469,-0.861298567585509,-0.6788654234965352
-0.5915598567331316,-0.5707780182227469,-0.8678223492488447,-0.6707948981557197
-0.5915678781683493,-0.5707780182227469,-0.8684003491352256,-0.6714472061036204
2.501788908627816,2.3953888069291827,2.486492456499006,0.7817187310595443
0.1364543185700077,0.14428005569780758,0.37630448370853026,0.8082871861638221
0.29290136335809847,0.30318184990237523,0.43000694602028183,0.4578883065878351
-0.5916768753174845,-0.5972616505901749,-1.6640956035755685,-0.6812080184627188
0.11503508117985424,0.14428005569780758,0.9750272342327316,-0.6711567624187886
1.1617192905858345,1.1506580856600694,0.3857294663519549,0.7761431645851521
-0.5916476206713962,-0.5707780182227469,-0.8605256607606977,-0.6764894989271742
0.6607212082479285,0.6739527030463665,1.0117391882564548,-0.7645320264062423
-0.591654423163027,-0.5972616505901749,-1.664503339929527,-0.6820745881453314
0.7661768937343865,0.6474690706789386,1.4781671740885882,0.36422736028743236
-0.1766344874140082,-0.2000071650787557,1.4953212249801273,0.7855944877718887
-0.5916603999186794,-0.5707780182227469,-0.7625345172324336,-0.8861755552600213
1.3741919710106647,1.362527144599493,2.5012538566980855,-0.6716947974415097
-0.5915952060971549,-0.5972616505901749,-1.6936273652122757,-0.743972422617663
-0.5916835991675934,-0.5707780182227469,-0.8611395056012725,-0.6813222913878985
0.21490666813194326,0.19724732043266346,0.36235407559809313,0.5906591615309866
-0.5916248146300909,-0.5707780182227469,-0.8615584435034167,-0.6789844577935974
-0.5916117208167208,-0.5707780182227469,-0.7624359436083996,-0.8832615956679393
-0.5916124679111774,-0.5707780182227469,-0.8616032496961593,-0.6717138429290397
0.3724076272736659,0.38263274700465905,0.47396630172013554,0.7680869233599839
0.6104551990220874,0.6209854383115105,0.4578383126424037,0.7769002227144673
0.5280119101940033,0.5415345412092267,0.45679880897077324,0.39718081508612524
-0.12137993189795405,-0.12055626797647187,1.479697305570751,-0.7144185873430661
-0.5916602819563967,-0.5707780182227469,-0.8605054979739634,-0.67889399172783
-0.5915837637557413,-0.5707780182227469,-0.8696795659380293,-0.6717043201852747
-0.5916310273103086,-0.5972616505901749,-1.6585373953658378,-0.6693950548222684
-0.4717761578343232,-0.5178107534878911,0.9703360258525718,-0.46137547864829187
-0.5916601246733533,-0.5707780182227469,-0.8641930476366869,-0.6728089584620116
0.05457658024553465,0.06482915859552374,0.17301430661566913,0.42481581749208025
-0.5916402676891133,-0.5707780182227469,-0.7614815717029805,-0.8877325238655945
-0.10161519416298001,-0.14703990034389983,0.36442188139316833,0.6049623226659775
-0.5917032595480289,-0.5707780182227469,-0.7584392312157516,-0.8979456665535293
-0.5915964643615027,-0.5707780182227469,-0.868593015764019,-0.6718709682011618
0.9285621991500131,0.8593381296183621,2.502017802284348,0.8202906046795719
-0.5916518279928094,-0.5707780182227469,-0.8626203502714184,-0.6731898682126107
-0.5916916992443328,-0.5707780182227469,-0.8591120253796657,-0.686097947386033
-0.591581994321502,-0.5707780182227469,-0.8691866978178597,-0.6665525158084237
-0.5915803821703064,-0.5707780182227469,-0.8691844575082225,-0.6669572324184351
1.71389947723636,1.6803307330086283,1.2777065080674284,0.3976998046213165
0.7658797860652433,0.7798872325160783,0.4887814693505061,0.7569691200143767
0.21829250020904428,0.1707636880652355,0.4703280388694289,0.6198797007738097
-0.5915781408869367,-0.5707780182227469,-0.8345582317566714,-0.7450151630599278
-0.5916640567494403,-0.5972616505901749,-1.6653120917085324,-0.6837934433949092
0.14031372989104196,0.14428005569780758,0.3500301322842162,0.702822798966734
-0.5505204640457277,-0.5972616505901749,0.35858587478843296,3.6176346766157725
-0.5916132150056339,-0.5707780182227469,-0.7620774940664582,-0.8823807418696791
0.37576652462957016,0.35614911463723115,0.45568537508111745,0.7822900956854427
-0.5916608717678098,-0.5707780182227469,-0.8620445906946748,-0.676732328893181
-0.5916950808297678,-0.5707780182227469,-0.8600283120212537,-0.683674409097847
-0.5916679888255275,-0.5707780182227469,-0.8582965526717486,-0.683674409097847
-0.5916672810518319,-0.5707780182227469,-0.8605346219992462,-0.6811032682813042
-0.5909508961095187,-0.5707780182227469,-0.8677618608886422,-0.5931845364711807
1.0809613682102137,1.0712071885577856,0.4645301175285247,0.7260202027782109
-0.5916297690459607,-0.5707780182227469,-0.8637987531405512,-0.6762561917049322
0.37633510283176835,0.35614911463723115,1.2125919084641132,0.7727149768297614
0.7415612323722488,0.7798872325160783,0.767251957246327,-0.4633943003264663
0.1952922143450191,0.19724732043266346,0.6914936465569863,-0.25019911291622626
-0.5915646538659578,-0.5707780182227469,-0.8691553334829398,-0.6713138876909107
0.9812020027096514,0.9652726590880738,1.482992801046976,-0.6741373812172254
-0.591714544606399,-0.5972616505901749,-1.6672499595446537,-0.6879120300732605
-0.5916405822552002,-0.5707780182227469,-0.8628331796869462,-0.6741802335641679
0.029668175818710625,0.03834552622809579,0.9597729659134825,-0.6697759645728674
-0.5916563105595487,-0.5707780182227469,-0.8575012427505659,-0.6835982271477273
-0.5909337522577788,-0.5707780182227469,-0.868225604983529,-0.5951700285461778
-0.09819487777859487,-0.09407263560904393,0.4582012428036195,0.7784238617168634
1.2373342540433012,1.2565926151297813,0.4007776261845877,0.7293150721208917
-0.5921970103422892,-0.5707780182227469,-0.8344327744169917,-0.74323917134776
-0.597240251810874,-0.6237452829576028,-1.981310006335994,-1.35538970879159
-0.5915635528846536,-0.5707780182227469,-0.8695048217863328,-0.6693617252190911
-0.5915850613408501,-0.5707780182227469,-0.7618870677473017,-0.8763337995789205
-0.5916618154660707,-0.5707780182227469,-0.8612672032505891,-0.6741373812172254
-0.5916052722119379,-0.5707780182227469,-0.8324187360532078,-0.7479386453957748
0.29260700814221635,0.2766982175349473,0.4578405529520412,0.7753670609683065
0.529892307620388,0.5150509088417988,1.38748168028702,0.7819615610255513
-0.5917086464922684,-0.5707780182227469,-0.86371362137434,-0.6764656920677617
0.8390640187271713,0.8328544972509341,0.669272015266249,0.37896380626372983
-0.5916304374988954,-0.5972616505901749,-1.6598031703108187,-0.6720852299358736
-0.4720052799079199,-0.5178107534878911,0.34953278354477246,0.8578483060886298
-0.5916645679193318,-0.5707780182227469,-0.8590761804254715,-0.6788892303559476
-0.5916483284450919,-0.5707780182227469,-0.86181383880205,-0.6742659382580526
0.29689709975707335,0.2502145851675193,0.45016525213521796,0.8232474166185964
-0.5916738869396582,-0.5707780182227469,-0.8667066750495518,-0.6716947974415097
-0.5922015322297894,-0.5707780182227469,-0.8323291236677226,-0.7480243500896595
1.0588226788583992,1.0712071885577856,0.7451199383410751,-0.21196529669985523
-0.5915978405881333,-0.5972616505901749,-1.657244736705211,-0.6666477432460735
0.9242700628555907,0.9387890267206459,0.360879951856859,0.8106631107331831
-0.12818423228367923,-0.09407263560904393,0.9796870782779711,-0.47119818884186254
-0.550567413034208,-0.5707780182227469,0.3614019440023112,-0.6763561805144646
-0.5505668232227949,-0.5972616505901749,0.35733802232054923,3.6149825924772276
-0.5505400851054025,-0.5972616505901749,0.3591728359133622,3.618882156048984
0.9750761034112376,0.9652726590880738,2.075108878451268,-0.5740485828754653
-0.5916601246733533,-0.5707780182227469,-0.8577723202166593,-0.6788463780090053
-0.5916451041427004,-0.5707780182227469,-0.8624299239522619,-0.6739421649700436
-0.5916207645917212,-0.5707780182227469,-0.8647508847363334,-0.6667429706837231
-0.5922243382710948,-0.5707780182227469,-0.8339107822715396,-0.7478624634456551
-0.5916590630128098,-0.5707780182227469,-0.8660144193716772,-0.6740231082920458
-0.591600946928242,-0.5707780182227469,-0.8345873557819542,-0.7456912778672409
-0.5915863589259588,-0.5707780182227469,-0.8338659760787969,-0.7428058865064537
-0.5505499546163811,-0.5707780182227469,0.3577233555781365,1.7048344661486035
-0.10135158778209916,-0.14703990034389983,0.4585440101781012,0.7748575941768806
-0.5915970148521549,-0.5707780182227469,-0.8692785505129823,-0.673427936806735
-0.5916698762220494,-0.5707780182227469,-0.8593584594397506,-0.6812080184627188
-0.5916420371233525,-0.5707780182227469,-0.8648494583603673,-0.6716376609789199
1.5521219921422806,1.4949453064366327,1.4285219125296873,0.7555407084496305
-0.5129341812572756,-0.544294385855319,0.38490951302476395,0.8519775345575231
-0.5916341336504174,-0.5972616505901749,-1.661855293938434,-0.6764466465802318
-0.5916524571249834,-0.5707780182227469,-0.8573421807663295,-0.6769656361154228
-0.5915701980932407,-0.5707780182227469,-0.8683465817039342,-0.6714948198224452
1.6865941185475857,1.7332979977434841,1.105453580687429,-0.9055829070530385
2.501930738612278,2.5278069687663227,0.45324791819591514,0.8170147808244208
-0.09947335299756252,-0.14703990034389983,1.461705378874924,0.7767859497892877
-0.5916175796100906,-0.5707780182227469,-0.8630527300313854,-0.6718043089948069
-0.5916633882965056,-0.5972616505901749,-1.6615998986398004,-0.6759038501856283
-0.47196898684563576,-0.5178107534878911,0.350458031424909,0.8564913151021208
-0.5916517493512877,-0.5972616505901749,-1.6634952005928165,-0.6799319707982123
-0.5917023944912898,-0.5972616505901749,-1.6641068051237542,-0.6812318253221313
-0.550536546236924,-0.5972616505901749,0.3592781304663078,3.6191059405274615
-0.5915644965829144,-0.5707780182227469,-0.8698431085415401,-0.6670429371123199
-0.591661461579223,-0.5972616505901749,-1.6614677203712096,-0.6756229292445615
-0.28440659824415176,-0.25297442981361157,1.1750600011131986,-0.6739993014326333
-0.5916920531311807,-0.5707780182227469,-0.8561144910851798,-0.6909021716154625
-0.36423572492723305,-0.33242532691589544,0.36923630680337083,-0.6737945624416865
-0.550526165556054,-0.5707780182227469,0.35942151028308406,-0.669195077203204
0.610661790299705,0.6209854383115105,0.3863500321214413,0.7939364113100061
-0.5916415259534612,-0.5707780182227469,-0.859781877961169,-0.672323298529998
2.0010593084451385,1.9981343214177636,1.9987344826117146,-0.732083277027093
-0.5915911560587851,-0.5972616505901749,-1.657278341349768,-0.6667191638243107
-0.5505035167977922,-0.5972616505901749,0.3618791299550209,3.6246338932830287
0.05545205698633278,0.06482915859552374,0.4538550421075789,0.4038276902340772
-0.5916033454946552,-0.5707780182227469,-0.8709520618119218,-0.6715186266818577
-0.5505535328056205,-0.5972616505901749,0.36124064170843734,3.6232769022965194
-0.5899576930106719,-0.5707780182227469,-0.7628033543888898,-0.6786130707867635
-0.5915525823923704,-0.5707780182227469,-0.7618557034123817,-0.8979170983222343
0.37249444751366956,0.35614911463723115,0.2647213816117707,0.8181479873324528
-0.5916658261836796,-0.5972616505901749,-1.6616178211168975,-0.6759419411606882
0.13617722516814806,0.14428005569780758,0.39132575982551715,0.3836823257992746
-0.5915978405881333,-0.5707780182227469,-0.868826007966281,-0.6718281158542193
1.1542023800508399,1.1771417180274975,0.6714137512793494,0.3224463220186086
0.662512190264092,0.6739527030463665,1.071846695820774,-0.6718519227136318
0.02985931403730567,0.03834552622809579,1.4128128613540998,-0.46696056786644907
1.87318437997805,1.812748894845768,0.4566218245094398,0.8150435728650712
0.5297362828412508,0.48856727647437087,0.47323148015915517,0.5973155594227033
-0.47180144108356337,-0.5178107534878911,0.36390436986699054,0.8226617678770505
-0.5916237922903083,-0.5707780182227469,-0.8603553972282753,-0.680946143009182
0.030869582346370546,0.011861893860667848,1.483871002424733,-0.4656749974581776
-0.5916366108583523,-0.5707780182227469,-0.8630482494121111,-0.6765228285303515
-0.5903035191025345,-0.5707780182227469,-0.7617481685497994,-0.7430820460756381
-0.5916264661020475,-0.5707780182227469,-0.8581083666622294,-0.680927097521652
-0.4717631033417139,-0.5178107534878911,0.3646078270930506,0.6090190115098566
-0.5916355491978087,-0.5707780182227469,-0.8630325672446512,-0.6717138429290397
-0.5916726679960712,-0.5707780182227469,-0.860480854567955,-0.6790558783718347
-0.1658414104039823,-0.17352353271132775,1.065464053664578,-0.9238332454786113
-0.5917067590957465,-0.5707780182227469,-0.8581531728549722,-0.6884738719553941
-0.5916706626372668,-0.5707780182227469,-0.8600215910923423,-0.6786797299931182
-0.47195518525856994,-0.5178107534878911,0.5648310202926747,0.39885681798876077
-0.5916795098084627,-0.5707780182227469,-0.8576580644251653,-0.6788844689840651
-0.59219524090805,-0.5707780182227469,-0.8338077280282313,-0.7435153309169443
-0.4713432755778917,-0.5178107534878911,0.38483782311637554,0.7811854574087057
1.0793021500637296,1.0447235561903576,0.38702660563185604,0.5506160239992705
-0.591661736824549,-0.5707780182227469,-0.857964986845453,-0.6836077498914923
0.5286033337582677,0.5415345412092267,0.45713485541634363,0.7769716432927048
-0.591574090848567,-0.5707780182227469,-0.7608117191214772,-0.8218589438713862
1.1592246635538803,1.1771417180274975,0.4925250267541578,0.7764383696418663
0.6078551923509982,0.5945018059440826,0.3739364764220789,0.7731101706960078
-0.5916108557599815,-0.5707780182227469,-0.860332994131904,-0.6741135743578132
-0.5916933507162895,-0.5707780182227469,-0.8593360563433792,-0.6864217206740421
1.7879322519178895,1.7862652624783402,0.38688994674399063,0.6259314044364506
-0.2556475903467285,-0.2794580621810395,0.4620904203336854,0.8154340053594351
-0.5916130970433512,-0.5707780182227469,-0.8613814590420831,-0.6715186266818577
0.689121610806206,0.7004363354137944,0.4921732981411278,0.7753956291996015
1.0812788047127273,1.0447235561903576,1.487726575310241,0.7609924792550782
-0.5916772685250932,-0.5972616505901749,-1.7391325345617523,-0.84068540829474
-0.591626623385091,-0.6237452829576028,-1.981310006335994,-1.35538970879159
-0.5915657548472623,-0.5707780182227469,-0.8712052168009179,-0.6673048125658566
-0.5916837564506369,-0.5707780182227469,-0.7618064166003649,-0.8884752978792625
-0.5916526537287877,-0.5707780182227469,-0.7644163773276266,-0.8854994404527081
-0.5916698369012884,-0.5707780182227469,-0.8613971412095429,-0.6810747000500091
0.7680446691965312,0.7534036001486503,1.4015844294527817,0.7900558932257791
-0.25570841956379636,-0.2794580621810395,0.4569578709550101,0.8149721522868337
0.4268704985903384,0.43560001173951496,1.1767066286964927,-0.7480433955771895
0.6107906444330801,0.5945018059440826,0.37884947545631464,0.7678536161377422
-0.5915858084353066,-0.5972616505901749,-1.6596127439916621,-0.6716805133258622
-0.5916265840643301,-0.5707780182227469,-0.763125958976637,-0.8860136686160167
-0.5916596921449837,-0.6237452829576028,-1.981310006335994,-1.35538970879159
-0.5915951274556331,-0.5972616505901749,-1.6954397757087174,-0.7478243724705952
-0.5910424348408269,-0.5707780182227469,-0.7425935211522992,-0.8582643932848822
-0.4718095411603029,-0.5178107534878911,0.3611823936578722,0.6221413524179907
-0.1946012047166229,-0.14703990034389983,0.9658890112228595,-0.7599277797958771
0.7660897196075348,0.7269199677812224,0.47103821702440035,0.7855754422843589
-0.5916798243745497,-0.5707780182227469,-0.8615382807166824,-0.6782988202425192
0.057718938171320844,0.03834552622809579,1.4782007787331455,0.7671822627023115
0.7682737912701281,0.7798872325160783,0.37179698071861533,0.7754575270340738
-0.47198160880987544,-0.5178107534878911,0.3478525513169215,0.8599956848076314
-0.47196371786367897,-0.5178107534878911,0.35168348079642175,0.7756289364218435
1.555052686412297,1.5214289388040607,1.2097041493418472,0.7027228101572018
0.37431177443961683,0.38263274700465905,0.3774425610041945,0.5853073795350712
-0.5916528503325921,-0.5972616505901749,-1.663022495259381,-0.6789273213310075
0.2938703448682484,0.2502145851675193,1.4603947977372,0.7784143389730984
0.684504134536335,0.6474690706789386,1.2965766361410127,0.8110868728307244
2.2678613268827226,2.262970645092043,1.4752368490832164,0.5937397691389555
0.6107713379394922,0.6209854383115105,0.5376179791304013,0.6568374693256741
-0.5506065765120357,-0.5972616505901749,0.3588838359701722,3.618267939076144
-0.591581404510089,-0.5707780182227469,-0.8706003331988916,-0.6693426797315611
0.9773147916106809,0.9652726590880738,1.490016171759393,-0.4884629232877607
-0.5903264037853616,-0.5707780182227469,-0.8324433794592163,-0.5184119524286042
0.667770948823012,0.6474690706789386,0.47995464938019594,0.5780700942736907
0.18884950767626582,0.1707636880652355,1.5131204850471613,-0.27388693803159925
-0.5128780705315124,-0.5178107534878911,0.3609337192881503,-0.6832792152316006
0.9231332996588032,0.88582176198579,0.3854673501244103,0.7775239624310734
-0.5916619727491143,-0.5707780182227469,-0.8624120014751648,-0.6739088353668662
-0.5916933900370503,-0.5707780182227469,-0.8591792346687797,-0.6817984285761471
0.687662142124948,0.7004363354137944,0.3856196911797354,0.7758193912971428
-0.5916879637720501,-0.5972616505901749,-1.6641538516261338,-0.6813318141316634
-0.5915690577911755,-0.5707780182227469,-0.8692471861780624,-0.6692284068063814
-0.5916579227107445,-0.5707780182227469,-0.8652101482119459,-0.6692903046408537
-0.5902904252891643,-0.5707780182227469,-0.9060330704198112,-0.5143885931879025
-0.5915681927344363,-0.5707780182227469,-0.868743116509707,-0.6716567064664498
-0.5916302015743302,-0.5972616505901749,-1.6596396277073078,-0.6717376497884522
-0.5915693723572625,-0.5707780182227469,-0.8714942167441082,-0.6671000735749097
-0.5505392200486633,-0.5972616505901749,0.358762859249767,3.6180108249944896
-0.5915503017882399,-0.5707780182227469,-0.8693704032081047,-0.6669572324184351
-0.5916207252709602,-0.544294385855319,-0.870356139448444,-0.511284178720521
-0.5915721248105233,-0.5707780182227469,-0.762274641314526,-0.8978552004877621
0.6049999546210938,0.6209854383115105,0.5105639999523649,-0.1493818246764454
0.2168162415628943,0.2237309528000914,0.3646347108086965,0.791912828259949
-0.5916349987071565,-0.5972616505901749,-1.6618799373444424,-0.6764990216709392
-0.5916686179577014,-0.5707780182227469,-0.7629310520382064,-0.8860374754754292
-0.5129043367997743,-0.5178107534878911,0.34929755103287324,-0.6693474411034436
-0.5915800282834586,-0.5707780182227469,-0.8702486045858614,-0.6694474299129758
0.34628008265602894,0.38263274700465905,0.9930953314562215,-0.6717662180197469
-0.5916566251256358,-0.5707780182227469,-0.7632402147681309,-0.8884276841604377
12.70749903796767,12.803456327328366,1.3072337890848613,-0.12783185553630913
-0.5916521425588964,-0.5707780182227469,-0.8610185288808673,-0.6733660389722627
-0.471717294655299,-0.5178107534878911,0.5680257018352284,0.39540006200207517
0.6284715784456826,0.6209854383115105,1.286428033484793,-0.9383792365796093
-0.47200115122802844,-0.5178107534878911,0.384797497542907,0.8550581421654923
5.064828520270802,5.096719308406834,1.705166548071244,-0.5695443250746326
-0.550622658703232,-0.5972616505901749,0.3572394486965154,3.6147730921143983
1.7706900196343276,1.7332979977434841,1.4259365952084342,-0.8990312593427364
-0.5916021265510681,-0.5707780182227469,-0.7629937807080462,-0.8228302637354136
-0.259149025460791,-0.2794580621810395,0.45758963827268184,0.8062112280230576
-0.5505571896363814,-0.5972616505901749,0.3593834250192529,3.619329725005938
0.12233041922733956,0.14428005569780758,1.1890507347971038,-0.6955587933165347
-0.5916444750105265,-0.5707780182227469,-0.8607922576075167,-0.6802652668299863
3.289322093925778,3.322315939789161,0.6043814466266472,0.5029166004805153
-0.591562176658023,-0.5707780182227469,-0.8701545115811018,-0.6670572212279673
0.6085464120063538,0.5680181735766546,1.4966922944780536,0.39760933855554925
-0.0230190878992992,-0.041105370874188044,0.46258328845385477,0.7882656173979641
-0.5915793991512845,-0.5707780182227469,-0.8691329303865685,-0.6708710801058394
-0.5915858870768284,-0.5707780182227469,-0.8321991857087688,-0.6716376609789199
-0.59162477530933,-0.6237452829576028,-1.981310006335994,-1.35538970879159
-0.4181144076996414,-0.3853925916507513,0.26794518717960725,-0.4838539153055131
-0.5916480925205266,-0.5972616505901749,-1.66178808464932,-0.6763038054237571
-0.591586909416611,-0.5972616505901749,-1.6562253958203148,-0.6644813190395418
-0.09801549646750025,-0.09407263560904393,0.35876958017867827,0.7831947563431154
-0.5916035814192204,-0.5707780182227469,-0.7614054011753177,-0.9002073181977106
3.844515391161106,3.772537690035436,1.4800467938741442,0.7890417210148093
-0.5916077494198727,-0.5707780182227469,-0.8336352241861721,-0.6735136415006198
-0.5915722034520451,-0.5707780182227469,-0.869392806304476,-0.6718614454573968
0.4315193528273846,0.43560001173951496,1.2793284922447137,-0.9337130921347719
-0.591602165871829,-0.5972616505901749,-1.6600025578685236,-0.672508992033415
2.0815212241329206,2.0775852185200474,1.5101408732297723,-0.24252854281353964
0.031175261941383644,0.06482915859552374,0.4775395955913651,-0.4620039797367801
-0.5916625232397664,-0.6237452829576028,-1.981310006335994,-1.35538970879159
0.215114399711626,0.1707636880652355,0.47321579799169505,0.7115742004867452
-0.5915876171903066,-0.5707780182227469,-0.8700895426016249,-0.6692426909220288
-0.5915941837573722,-0.5707780182227469,-0.834087766732873,-0.6714472061036204
1.081427633792625,1.0976908209252136,0.38207776164342555,0.7623685157291168
-0.5103240298298816,-0.4913271211204631,0.9711783822761343,-0.67889399172783
-0.5915721248105233,-0.5707780182227469,-0.87103943388777,-0.6691141338812017
-0.5916683820331362,-0.5707780182227469,-0.8593002113891849,-0.6837934433949092
-0.5917136009081382,-0.5972616505901749,-1.6663135101163318,-0.685921776626381
-0.5916160854211774,-0.5707780182227469,-0.8695563489079868,-0.6740135855482808
-0.17877385137149074,-0.2794580621810395,0.45731632049695153,0.8188383862554134
0.1347494883409132,0.14428005569780758,0.4608112035308814,0.8081157767760524
-0.09982987433638207,-0.09407263560904393,0.462883489945231,0.7948505947114435
0.37574175255022124,0.38263274700465905,0.4542134916495203,0.8220761191355044
-0.5899636697663243,-0.5707780182227469,-0.859465994302333,-0.47134102999833716
-0.5916505697284615,-0.5707780182227469,-0.8607004049123942,-0.6790415942561872
0.13082641670802833,0.14428005569780758,0.6652685819446896,0.37253119285048986
0.7446860925594474,0.7534036001486503,0.7590210596394948,-0.2476851085622731
-0.5916652363722665,-0.5707780182227469,-0.8628667843315032,-0.6805461877710531
-0.5916589057297662,-0.5707780182227469,-0.8559621500298545,-0.6833887267848978
-0.5917041246047682,-0.5707780182227469,-0.7629825791598605,-0.8956221170748757
0.6629020556081304,0.7004363354137944,1.067070355674403,-0.5918513523440844
0.4503242314687308,0.38263274700465905,1.3038554021520623,0.6089952046504442
-0.5916921317727024,-0.5707780182227469,-0.859849087250283,-0.6812651549253086
0.030915548315829065,0.06482915859552374,1.0674825726476362,-0.4427918441909448
-0.5916767573552019,-0.5972616505901749,-1.6613489839604416,-0.6753705765347897
0.689748541017537,0.7004363354137944,0.3505902096935,0.7057272358150511
0.04097171494636697,0.09131279096295168,1.073524687738988,-1.0624367809778092
0.2958773944653993,0.30318184990237523,0.3742501197712778,0.8015926972970453
-0.5916265447435692,-0.5972616505901749,-1.6605872786838158,-0.6737517100947441
-0.5915875778695459,-0.5707780182227469,-0.8344753403000975,-0.6716662292102148
0.2151416096781489,0.19724732043266346,0.38316879243671037,0.7871895473525219
-0.5909259274263654,-0.5707780182227469,-0.760110502205054,-0.8216589662523217
-0.591640660896722,-0.5707780182227469,-0.7632536566259539,-0.8836758350217154
-0.4718115858398682,-0.5178107534878911,0.3650066022084606,0.60686211004709
-0.5916353919147652,-0.5707780182227469,-0.8595735291649155,-0.6765037830428217
-0.5915838030765022,-0.5707780182227469,-0.870138829413642,-0.6670715053436148
-0.5916817117710717,-0.5707780182227469,-0.8557829252588838,-0.6853504120004826
-0.5916137261755252,-0.5707780182227469,-0.8351205494755921,-0.6711996147657311
0.5306589051743336,0.48856727647437087,1.375576674875287,0.7714674973965496
-0.5916556421066139,-0.5707780182227469,-0.8622753425872997,-0.6742849837455827
-0.04962658172413051,-0.014621738506760096,1.008797661702897,-0.7288217372875894
-0.591672117505419,-0.5707780182227469,-0.8616346140310792,-0.6812746776690736
0.7659209942226363,0.7269199677812224,0.4908649573130409,0.7488652650703835
1.0811939111900064,1.0712071885577856,1.462222890401102,0.7029370718919136
-0.5916940584899851,-0.5707780182227469,-0.8622036526789114,-0.6837886820230268
-0.5915943410404157,-0.5707780182227469,-0.8358777741329435,-0.6670715053436148
0.37315798535337186,0.38263274700465905,0.38532172999799663,0.7019609906560036
-0.5916577261069401,-0.6237452829576028,-1.981310006335994,-1.35538970879159
-0.5916478959167223,-0.5707780182227469,-0.8581531728549722,-0.6834839542225477
-0.5916730612036799,-0.5972616505901749,-1.6606970538560355,-0.673985017316986
0.19062947987938528,0.2237309528000914,1.072644246051594,-1.1100457384307973
0.293953547598252,0.2237309528000914,1.4773897866445027,0.7975169629656362
-0.5916066484385684,-0.5707780182227469,-0.8698834341150086,-0.6717281270446871
1.0619857588251644,1.0447235561903576,2.5036263446038105,-0.44043020373723124
-0.5916793525254193,-0.6237452829576028,-1.981310006335994,-1.35538970879159
1.0805449220318264,1.0712071885577856,1.1831811235478111,0.7063224073003619
-0.5916732971282451,-0.5707780182227469,-0.86028146701025,-0.6835268065694899
-0.5916347627825913,-0.5707780182227469,-0.861365776874623,-0.6804366762177559
-0.5916659834667231,-0.5707780182227469,-0.8637427453996228,-0.6741183357296957
-0.17682472125510323,-0.17352353271132775,0.4577688630436528,0.791236713452636
-0.5899372855357797,-0.5707780182227469,-0.861565164432328,-0.4717171783770536
-0.5113995312812318,-0.5178107534878911,0.9704771653597112,-0.2864236301981876
-0.5916778190157453,-0.5707780182227469,-0.8570106149400335,-0.6849456953904712
-0.5916692077691146,-0.5972616505901749,-1.6641224872912141,-0.6812651549253086
-0.4719768903185709,-0.5178107534878911,0.3512645428942777,0.8532154912469699
-0.5505149984599667,-0.5972616505901749,0.3621569283500256,3.625224303396457
0.4529751585251483,0.4620836441069429,0.48112857163005435,0.7848707592457507
1.140009708697408,1.1506580856600694,1.4624021151720725,-0.6695331346068606
-0.5915783374907411,-0.5707780182227469,-0.8704502324532036,-0.6693188728721486
-0.5916714097317233,-0.5972616505901749,-1.663918619114235,-0.6808318700840024
-0.35314255187023774,-0.33242532691589544,0.9793286287360298,-0.46458940466897053
0.29560906959321404,0.30318184990237523,0.35667937128723165,0.7880227874319571
-0.5915440104665005,-0.5707780182227469,-0.8342916349098525,-0.6668858118401977
0.7444174531211749,0.7798872325160783,0.9927480834624653,-0.6979585247453083
0.898955121082119,0.9387890267206459,1.1027024804530279,-0.6694236230535634
-0.5505785014887736,-0.5972616505901749,0.3601473706055161,3.6209533528178666
-0.5897029338009872,-0.5707780182227469,-0.8686669459820445,-0.4423109456308137
1.711785632452683,1.7332979977434841,0.3135959766554976,0.7748814010362929
-0.5915832132650891,-0.5972616505901749,-1.6585149922694662,-0.6693474411034436
-0.47201463824900725,-0.4913271211204631,0.3517126048217046,0.8518013637978711
0.5297476072203816,0.5415345412092267,0.4663425280249667,0.3761069831342377
0.059429548552263504,0.06482915859552374,0.46347045107016016,0.7929746141897438
-0.5899423579139321,-0.5707780182227469,-0.8580725217080353,-0.47401215962441245
-0.5916737296566147,-0.5707780182227469,-0.8617578310611217,-0.6798272206167976
-0.5916712524486799,-0.5707780182227469,-0.8615450016455939,-0.6813127686441335
-0.5916027163624812,-0.6237452829576028,-1.981310006335994,-1.35538970879159
-0.5916983051321593,-0.5707780182227469,-0.8592195602422482,-0.6884453037240991
1.3221676160001832,1.2830762474972093,1.277350298835124,0.6012484525976378
0.05974969818727715,0.06482915859552374,0.4931971196452981,0.7739767403786203
0.44553114868080884,0.38263274700465905,0.5658503611775706,0.16661138167668996
-0.5917920851468371,-0.5707780182227469,-0.7599738433171889,-0.8937747047844707
-0.5916056260987856,-0.5707780182227469,-0.8635075128877236,-0.6692855432689713
-0.591678212223354,-0.5707780182227469,-0.8615562031937795,-0.6763276122831696
0.3763506738530733,0.3296654822698032,2.4898753240510794,0.7753718223401892
-0.12459629149570008,-0.12055626797647187,0.9770233501194184,-0.2983556281357002
-0.25930984737275437,-0.25297442981361157,0.47233983692357584,0.7954838571718145
0.6861655546454277,0.7004363354137944,0.2771999062906102,0.7895083354592932
-0.5917173757011818,-0.5707780182227469,-0.8593472578915649,-0.683517283825725
-0.5915663446586754,-0.5707780182227469,-0.8344170922495319,-0.743805774601776
-0.4717888191193237,-0.46484348875303516,0.3651723851216088,-0.6835553748007849
-0.47198404669704946,-0.5178107534878911,0.38459138905629064,0.8576197602382702
0.67423823096731,0.7004363354137944,1.2458918709104807,-1.0505666808747691
-0.47169739835029806,-0.4913271211204631,0.3686022991760617,0.8244853733080428
-0.5915784947737845,-0.5707780182227469,-0.7631371605248227,-0.8945698538888459
0.8259168864053058,0.8063708648835062,1.4618622005495234,-0.973803843385313
-0.5899259611566487,-0.5707780182227469,-0.8645873421328225,-0.46681772670997446
-0.5899792801083902,-0.5972616505901749,-1.5655555841862066,-0.47177907621152604
0.689522879170897,0.7004363354137944,0.2634108004740474,0.805001839564906
0.13783903848484935,0.11779642333037962,0.36480497434111864,0.7877323437471255
-0.17875399438725081,-0.17352353271132775,0.4568234523767822,0.8120867609260466
0.9095988185215951,0.88582176198579,1.677187321013071,-0.36918103488769505
1.7632217488805306,1.812748894845768,1.0332416801536721,-0.46146118334217656
-0.5915584411857402,-0.5972616505901749,-1.6921241174457584,-0.7407775420845143
-0.5916151417229165,-0.5707780182227469,-0.8661488379499053,-0.6683094620330615
-0.5916905982630285,-0.5972616505901749,-1.6674919129854644,-0.6884262582365691
0.5279945304176981,0.48856727647437087,0.4585596923455614,0.7763431422042164
0.6675851582278957,0.7004363354137944,1.0759979895783844,-0.4738264661209954
0.7665299941670102,0.7798872325160783,0.38458690843701626,0.6249934141756006
-0.5916384196133524,-0.5707780182227469,-0.7604868742240928,-0.8861136574255489
0.2976493845540619,0.30318184990237523,0.45594301068938814,0.7776572808437828
-0.5916576081446575,-0.5707780182227469,-0.8622170945367341,-0.6738421761605115
-0.5916600067110707,-0.5707780182227469,-0.8626001874846843,-0.6762085779861075
-0.591644317727483,-0.5972616505901749,-1.6594066355050459,-0.6712424671126734
-0.5915919424740025,-0.5972616505901749,-0.5473639781338482,1.6922025465443653
0.13445631274785716,0.11779642333037962,0.46301342790418454,0.7991215452900345
0.11135973034045833,0.14428005569780758,1.068929812673225,-0.4709744043633857
-0.5915711811122625,-0.5707780182227469,-0.8693480001117334,-0.6689998609560219
-0.5899329602520839,-0.5707780182227469,-0.7643962145408925,-0.6797272318072654
-0.5916313025556347,-0.5707780182227469,-0.8648404971218188,-0.6694379071692108
-0.5916635849003099,-0.5707780182227469,-0.7614412461295119,-0.8884895819949101
0.8183888480949845,0.8593381296183621,1.0678701462148605,-0.5121412256593687
-0.550571384431056,-0.5972616505901749,0.3567600224341683,3.6137541585315454
0.5296555179984213,0.5415345412092267,0.47188953468651157,0.39718081508612524
-0.5915860443598718,-0.6237452829576028,-1.981310006335994,-1.35538970879159
4.202277142703116,4.2227594402817115,1.6781125688932075,-0.6717424111603346
0.3750456177997568,0.3296654822698032,0.38688994674399063,0.7762050624196243
-0.5505325355193151,-0.5972616505901749,0.3582475880332256,3.6169157094615167
-0.4717521721701917,-0.5178107534878911,0.36703856304934157,0.8273183895781228
0.7664970433694,0.6739527030463665,1.4949470932707258,0.7635255290965611
-0.5903191687653612,-0.5707780182227469,-0.8335568133488723,-0.5190975899796824
-0.5916822229409628,-0.5972616505901749,-1.6619359450853708,-0.6766180559680014
-0.591582033642263,-0.5707780182227469,-0.763007222565869,-0.8813332400555319
0.2669778148478614,0.2766982175349473,1.4969163254417672,-0.671775740763512
0.5818703034538022,0.5945018059440826,0.4617991800808575,-0.21841219422874267
-0.591626623385091,-0.5707780182227469,-0.864228892590881,-0.6690617587904943
-0.5915789273021541,-0.5707780182227469,-0.8696594031512952,-0.6693760093347384
1.1550341321055493,1.1771417180274975,0.4542739800097229,0.44594678590655773
-0.5916707019580276,-0.5972616505901749,-1.6605379918717988,-0.6736469599133293
-0.5915747593015018,-0.5707780182227469,-0.869325597015362,-0.6694141003097984
-0.5916034634569378,-0.5972616505901749,-1.6586852558018885,-0.6697093053665126
0.5336479121327221,0.5415345412092267,0.4586179403961266,0.7764812219888085
0.5336501534160917,0.5415345412092267,0.49418061557600035,0.3193752371544044
-0.5916275670833518,-0.5707780182227469,-0.7638249355834231,-0.8885229115980874
-0.5915876958318285,-0.5707780182227469,-0.7627047807648558,-0.8992598051930957
1.2906974416406876,1.336043512232065,0.9856597437705719,-0.4657321339207675
-0.5915921783985677,-0.5707780182227469,-0.8329205654119259,-0.7479100771644799
-0.5916701514673754,-0.5972616505901749,-0.5433941494568458,1.7006396975201323
-0.4717570086237789,-0.5178107534878911,0.36411943959215515,0.8218618574007927
-0.5916073168915031,-0.5707780182227469,-0.8706832246554655,-0.6688665425433123
2.0020875070211606,2.0511015861526194,1.179011907313104,-0.7049529800406817
0.4337508453275886,0.4620836441069429,1.317386872360355,-1.045805308992282
0.34440283089051404,0.38263274700465905,0.9609939346657209,-0.6737564714666265
-0.591627527762591,-0.5707780182227469,-0.8635366369130064,-0.6683904053550637
-0.5896711233054422,-0.5707780182227469,-0.8690097133565261,-0.4427204236127076
-0.5916664159950927,-0.5972616505901749,-1.6630381774268408,-0.6789606509341849
-0.5129088586872744,-0.5178107534878911,0.3505767678356773,0.6265884737562338
-0.5915611543182403,-0.5972616505901749,-0.5471421874797721,1.6926739223607312
-0.5916781729025932,-0.5707780182227469,-0.7624471451565854,-0.8885419570856173
0.609406632291934,0.6209854383115105,0.358671006554644,0.8106059742705931
-0.47196045424052663,-0.5178107534878911,0.9967873617382189,-0.7457008006110059
-0.4718004973853025,-0.5178107534878911,0.36392229234408763,0.8253376588750082
-0.5916850540357456,-0.5707780182227469,-0.861448668331197,-0.6790368328843047
-0.5916012221735681,-0.5972616505901749,-1.6583111240924873,-0.6689141562621372
-0.5916143553076991,-0.5707780182227469,-0.858500420848728,-0.671775740763512
-0.5916685786369406,-0.5972616505901749,-1.666387440334357,-0.6860789018985031
0.5055117057667385,0.48856727647437087,1.4973733486077427,-0.7478957930488324
-0.5916909521498763,-0.5707780182227469,-0.8608773893737277,-0.6763752260019944
0.3529670498913144,0.38263274700465905,1.0724291763264293,-0.5281394351845251
-0.5916414079911786,-0.5707780182227469,-0.8624836913835532,-0.6716519450945673
0.37071699183924595,0.3296654822698032,0.4655472181037837,0.8019545615601144
-0.17621839512246865,-0.17352353271132775,0.4572423902789262,0.7803712628168006
-0.5916513954644399,-0.5707780182227469,-0.8604494902330352,-0.678384524936404
0.9238438258077466,0.9387890267206459,0.4210188237560979,0.7763098126010392
-0.5916869807530283,-0.6237452829576028,-1.981310006335994,-1.35538970879159
0.1331822021333463,0.14428005569780758,0.42352797054968855,0.471591534865633
0.058045536411117434,0.06482915859552374,0.3615610059865476,0.6683314210499977
2.1898078471190643,2.1570361156223314,1.478574910442547,0.4060702963907286
-0.5916502158416137,-0.5707780182227469,-0.7606638586854263,-0.8884895819949101
-0.5505614362785556,-0.5972616505901749,0.36180295942735813,3.624472006639024
-0.4717567333784528,-0.5178107534878911,0.3641216799017926,0.8265613314488072
-0.5917030236234638,-0.6237452829576028,-1.981310006335994,-1.35538970879159
-0.5505542012585553,-0.5972616505901749,0.3621882926849454,3.625290962602812
0.4492478256398804,0.4620836441069429,0.47022946524539516,0.787384763599704
-0.5917025517743333,-0.6237452829576028,-1.981310006335994,-1.35538970879159
-0.5915717709236756,-0.6237452829576028,-1.981310006335994,-1.35538970879159
-0.5915527789961748,-0.5707780182227469,-0.8351003866888579,-0.6668048685181955
0.4512100495696381,0.38263274700465905,0.49456370852395015,0.3939478435779166
-0.5916942550937895,-0.5707780182227469,-0.8614755520468427,-0.6812270639502488
-0.591669994184332,-0.5707780182227469,-0.8590649788772861,-0.6861027087579156
-0.4718551532429135,-0.4913271211204631,0.3630239281795965,-0.6869264260935858
0.7681924366158853,0.7269199677812224,0.3965546425185888,0.791903305516184
-0.5916191524405254,-0.5707780182227469,-0.8604091646595666,-0.6716328996070373
-0.019577970832413173,-0.12055626797647187,2.5029430501644843,0.8219380393509123
-0.5916860763755283,-0.5707780182227469,-0.7604868742240928,-0.8981408828007114
-0.5505739796012735,-0.5972616505901749,0.3597934016828486,3.6202010560604334
-0.5915705126593277,-0.5707780182227469,-0.8332207669033022,-0.6705282613303004
0.18873889837593502,0.2237309528000914,1.0720079981146478,-0.4718743036491757
0.29526855180406897,0.30318184990237523,0.39709679745077553,0.5837027972106729
-0.5916348807448739,-0.5707780182227469,-0.8598513275599202,-0.6834411018756053
-0.550500842986053,-0.5972616505901749,0.3599345411899879,3.6205010224890297
0.21718275037497514,0.2237309528000914,0.46498266007522593,0.8030877680681461
1.0036346540697394,1.0182399238229298,0.47406263503453233,0.40745585560853226
-0.4719925399813976,-0.5178107534878911,0.38466531927431596,0.8552628811564393
-0.5916637028625926,-0.5707780182227469,-0.859297971079548,-0.6832934993472481
-0.4386337108357346,-0.4383598563856072,0.959047105591051,-0.5144695365099049
0.9257386932741317,0.912305394353218,0.35147065138089406,0.46845379079507393
-0.33432111918856483,-0.33242532691589544,0.35744331687349434,0.8117677490099201
-0.5916386162171567,-0.5707780182227469,-0.8586818859293359,-0.6813222913878985
-0.5916524178042225,-0.5972616505901749,-1.659561216870008,-0.671571001772565
0.5317890624832949,0.5150509088417988,1.4966183642600284,0.3206703303064409
-0.5916975187169418,-0.5707780182227469,-0.858914878131598,-0.6832030332814809
0.7680287836091394,0.7534036001486503,1.2677371301821796,0.7619542763753404
-0.5916633882965056,-0.5707780182227469,-0.8605391026185204,-0.6827316574651147
0.45628046168398495,0.4620836441069429,0.4519552595352884,0.4067416498261593
-0.35323530954513305,-0.33242532691589544,0.9865849916507085,-0.4605184317094441
-0.5899706688617594,-0.5707780182227469,-0.859996947686334,-0.47379313651781807
-0.5506240742506234,-0.5972616505901749,0.35610809232976254,3.6123685993137427
-0.5916504517661789,-0.5707780182227469,-0.85988269189484,-0.676165725639165
0.4487000087994224,0.4620836441069429,0.4579637699820834,0.47190578540987693
-0.5897026585556611,-0.5707780182227469,-0.8705958525796174,-0.44059209038123587
0.4519554139127135,0.4620836441069429,0.3773887935729032,0.7171592897049024
-0.471351414975392,-0.5178107534878911,0.387113977707704,0.778676214426635
0.9229257646829249,0.88582176198579,0.362096439989823,0.8060874323541131
1.7904374169137574,1.7597816301109122,1.281898127398507,0.7758717663878502
1.1383551697214678,1.1771417180274975,1.0705204325155906,-0.46910794658545074
-0.5915898584736763,-0.5707780182227469,-0.8704524727628407,-0.6668905732120802
-0.591667831542484,-0.5707780182227469,-0.8578910566274274,-0.6833839654130154
-0.17685499824097406,-0.2000071650787557,0.5645106560145644,0.5501113185797268
-0.5916689718445493,-0.5707780182227469,-0.7639839975676596,-0.8836472667904206
-0.4720056731155286,-0.4913271211204631,0.3499763648529249,-0.6725804126116522
0.05721555379064729,0.06482915859552374,0.3852365982317855,0.7735339327935492
-0.4717226815995383,-0.5178107534878911,0.3680175783607694,0.8208572079335879
-0.5915549023172618,-0.5707780182227469,-0.942301443135382,-0.6718090703666894
0.2675005843636447,0.30318184990237523,0.9760107301634333,-0.29268959559554064
1.78918784245403,1.7597816301109122,0.4937235924100247,0.7753765837120715
0.1365597768506644,0.14428005569780758,0.38527916411489105,0.5482686676612042
0.06123826423157978,0.03834552622809579,0.44940802747786657,0.7701009836662759
-0.5916280389324824,-0.5707780182227469,-0.8634851097913523,-0.6738707443918062
1.2393599416811052,1.2301089827623533,0.45792568471825223,0.8102631554950542
-0.47199820217096305,-0.5178107534878911,0.34913848904863687,0.8556295067913907
-0.5506029983227965,-0.5972616505901749,0.35815797564774066,3.616725254586218
-0.5915954027009592,-0.5707780182227469,-0.8683981088255883,-0.6718566840855142
-0.5916438065575917,-0.5707780182227469,-0.8613792187324458,-0.6739564490856911
0.05788620868806723,0.06482915859552374,0.38453314100572494,0.6240316170553383
2.347066039883168,2.262970645092043,2.495749415919646,0.6309879813756518
-0.5916845035450935,-0.5707780182227469,-0.8588723122484924,-0.6861407997329755
-0.5916823409032455,-0.5707780182227469,-0.8616928620816448,-0.6785416502085261
-0.5916678708632449,-0.5707780182227469,-0.8593136532470079,-0.6811937343470713
-0.04595724696114781,-0.014621738506760096,1.1725441333906965,-0.680241459970574
-0.5916945303391156,-0.5707780182227469,-0.8620714744103204,-0.6812461094377787
-0.5916795884499846,-0.5707780182227469,-0.8649077064109327,-0.6763942714895244
0.19475273350586567,0.19724732043266346,0.17517172479622978,0.8083205157669995
1.056885384291034,1.0976908209252136,1.0685758437505575,-0.5169502112606806
0.11503315446257166,0.14428005569780758,0.9756298775251205,-0.6646574897991938
-0.5915549023172618,-0.5707780182227469,-0.8692382249395137,-0.6694759981442707
-0.5915874992280241,-0.5707780182227469,-0.7639324704460055,-0.8980075643880016
-0.5112683965437262,-0.4913271211204631,0.9761160247163789,-0.4685699115627297
-0.5505694577137733,-0.5707780182227469,0.3603736418788665,-0.6812699162971911
-0.5916872559983544,-0.5707780182227469,-0.8557448399950527,-0.6890690434407049
0.21321504967850152,0.1707636880652355,0.45579290994370003,0.7947601286456762
-0.09997555775541005,-0.14703990034389983,0.3718798721751895,0.8144912537267027
0.29522514168406716,0.30318184990237523,0.4414482073371278,0.8361174048169588
0.6053845903039362,0.5945018059440826,0.4713989068759792,0.3746738101976091
-0.5915806967363934,-0.5707780182227469,-0.8693345582539106,-0.6663477768174767
-0.5505715023933386,-0.5972616505901749,0.35911682817243396,3.618763121751922
-0.5916323642161782,-0.5707780182227469,-0.8575774132782287,-0.6765323512741165
-0.09801463141076111,-0.2000071650787557,1.4788168638833574,0.6063669273713114
-0.5128830249473821,-0.5178107534878911,0.38445024954915136,-0.7455151071075888
0.13822784216834422,0.14428005569780758,0.37444726701934533,0.7957314485097038
-0.5916418405195482,-0.5707780182227469,-0.7641027339784277,-0.8860803278223716
0.29701109064283904,0.30318184990237523,0.448198260273814,0.8175432931033769
-0.5915601712992186,-0.6237452829576028,-1.981310006335994,-1.35538970879159
-0.5909438970140836,-0.5707780182227469,-0.8676162407622284,-0.5947557891924015
-0.5916635849003099,-0.5707780182227469,-0.8596116144287467,-0.6832268401408934
0.05724846526749641,0.03834552622809579,1.4898011020342277,0.6259171203208032
-0.5111296335786116,-0.4913271211204631,0.9679971425914033,-0.4674081368234029
1.3219232374713685,1.2830762474972093,0.453740786316085,0.4084985960507971
-0.5916651970515057,-0.5972616505901749,-1.6607687437644238,-0.6741373812172254
-0.591569490319545,-0.5707780182227469,-0.8706294572241743,-0.6689712927247272
1.2923611030331499,1.309559879864637,1.0678499834281259,-0.5162026758751302
2.738481919484984,2.6867087629708903,1.4773270579746631,0.7379760075751357
0.5838881269394317,0.6209854383115105,0.9781278227705255,-0.464241824521549
0.6108423905543866,0.5945018059440826,0.3782020259711828,0.7799284552317292
0.21333163573448474,0.1707636880652355,1.4805710263292338,0.8117820331255674
0.0308180328288683,0.03834552622809579,0.9945940986034646,-0.4645655978095581
0.8446343943159961,0.8063708648835062,0.3863388305732556,0.7903701437700233
1.9490293698866135,1.9716506890503358,0.4933203366753403,0.7026466282070819
-0.5916561139557444,-0.5707780182227469,-0.8592486842675309,-0.6814079960817833
0.5036683878178555,0.5415345412092267,0.961231407487257,-0.44276327595964987
0.9241468315910203,0.9387890267206459,0.2878839429501048,0.8123438750077009
0.5314890843986083,0.5150509088417988,0.47221213927425876,0.804482850029715
-0.591637593877374,-0.5707780182227469,-0.8644551638642316,-0.6737136191196843
-0.5917042818878117,-0.5972616505901749,-0.5443731647682737,1.6985589780074855
-0.5915766860187844,-0.5707780182227469,-0.8685146049267193,-0.6717519339040995
-0.5916847394696586,-0.5707780182227469,-0.861645815579265,-0.6823983614333405
-0.5916278423286779,-0.5707780182227469,-0.8605727072630773,-0.6813413368754284
-0.5916407395382438,-0.5707780182227469,-0.8625509006726673,-0.6779369559794503
-0.5916863909416152,-0.5707780182227469,-0.8785467114818077,-0.6835839430320798
1.1627738733924013,1.0976908209252136,1.4782052593524198,0.7678583775096245
0.6623549072206072,0.7004363354137944,1.0712978199596763,-0.47171241700517114
-0.6261706982256958,-0.6237452829576028,-1.981310006335994,-1.35538970879159
-0.5916475813506353,-0.5707780182227469,-0.863030326935014,-0.6763990328614069
-0.5915792418682412,-0.5707780182227469,-0.7611320833995874,-0.8979885189004716
-0.5916916992443328,-0.5972616505901749,-1.66446973528497,-0.6820031675670941
-0.5915746413392191,-0.5972616505901749,-1.6569422949041979,-0.6660049580419377
0.9814127226671603,0.9917562914555018,1.0676169912258642,-0.8979599506691767
0.6924432714015654,0.6474690706789386,0.4505237016771598,0.6162229671680594
-0.591615928138134,-0.5707780182227469,-0.8613926605902686,-0.6717662180197469
-0.5915839996803065,-0.5707780182227469,-0.8693636822791934,-0.6694093389379159
-0.5505418152188808,-0.5972616505901749,0.3615430835094505,3.6239196875006554
3.8441396026494594,3.85198858713772,0.50190520320484,0.7129169073576064
0.686121751317817,0.7004363354137944,0.37740223543072593,0.8039400536351115
0.6616316018243804,0.7004363354137944,1.0669538595732722,-0.5188404758980281
-0.3571592069139962,-0.33242532691589544,1.0703008821711515,-0.4875344557706757
0.030932770809090633,0.06482915859552374,0.970441320405517,-0.47059349461278677
-0.5504905016259438,-0.5972616505901749,0.3605909519136686,3.621896104450599
-0.19575460059525907,-0.2000071650787557,1.190273943858979,-0.5226781416353126
1.472447631973989,1.4949453064366327,0.3657660671754494,0.7828566989394586
2.3468352270168538,2.368905174561755,0.45272816636009994,0.8184812833642269
0.594057773285844,0.6209854383115105,1.189769874190624,-0.7159136581141669
0.19332334520667419,0.2237309528000914,1.13977512432833,-0.74325821683529
1.6351398752489763,1.6273634682737725,0.4535458793776544,0.8103250533295265
-0.5505600207311642,-0.5972616505901749,0.3605461457209256,3.6218008770129484
-0.5922354660464213,-0.5707780182227469,-0.835017495232284,-0.746805438887743
-0.5916561532765052,-0.5707780182227469,-0.8612380792253065,-0.6789177985872425
-0.5916841889790064,-0.5707780182227469,-0.8631893889192507,-0.6746278025211218
0.19020375400143238,0.19724732043266346,0.9592554543873042,-0.28729496125268283
-0.4717165868816033,-0.5178107534878911,0.3653269664865708,0.8289039264149911
-0.591564614545197,-0.5707780182227469,-0.8342580302652954,-0.6664287201394791
0.1920687376895554,0.2237309528000914,0.960413694469703,-0.4405492380342934
1.237513989241244,1.2301089827623533,1.386103889860182,0.7996310120814605
-0.5901522521354629,-0.5707780182227469,-0.7628974473936494,-0.7046053998932602
-0.33231705796924016,-0.33242532691589544,0.49151464710781023,0.7783714866261559
-0.591549672656066,-0.5707780182227469,-0.8694532946646787,-0.6709329779403118
-0.020977907881712058,-0.014621738506760096,0.4765314562546545,0.7857420903002458
0.9224911523130148,0.9387890267206459,0.3768331967828938,0.7118598827996943
1.2081024533171623,1.2301089827623533,1.7063247881536423,-0.6884357809803341
-0.5505681994494255,-0.5972616505901749,0.3601764946307984,3.6210152506523383
0.6862712488506495,0.6739527030463665,0.43308961208097907,0.7922508856636056
-0.5915959138708505,-0.5707780182227469,-0.8354767587078966,-0.7447961399533334
-0.5916409754628089,-0.5972616505901749,-1.6617275962891174,-0.67617524838293
-0.5916099907032424,-0.5707780182227469,-0.869356961350282,-0.6710901032124338
-0.5915835671519369,-0.5707780182227469,-0.8703270154231612,-0.6664953793458338
0.10774422569910838,0.14428005569780758,0.9955462301992466,-0.7473815648855238
-0.4717498522453003,-0.5178107534878911,0.97419159873808,-0.6788844689840651
-0.5916519852758529,-0.5707780182227469,-0.8607228080087654,-0.6747563595619489
-0.5916769146382452,-0.5707780182227469,-0.859098583521843,-0.6859741517170884
0.4264368692394503,0.43560001173951496,1.0841549569671913,-0.5477705714560194
0.057447703562831014,0.06482915859552374,0.456810010518959,0.7872942975339368
-0.5916202927425908,-0.5707780182227469,-0.8598558081791944,-0.6741373812172254
-0.5916630344096577,-0.5707780182227469,-0.7650324624778386,-0.8923891455666669
-0.5916410147835699,-0.5707780182227469,-0.8581195682104151,-0.6763799873738768
0.8479464999664634,0.8593381296183621,0.47211132534058803,0.7827757556174564
0.29584381453561526,0.30318184990237523,0.4656525126567293,0.8113058959373187
-0.5916669271649839,-0.5707780182227469,-0.8639018073838594,-0.6788844689840651
-0.5903234547282962,-0.544294385855319,-1.1579290053999427,-0.13632614297466605
1.0005413684535203,1.0182399238229298,0.3609650836230701,0.7922270788041933
-0.2837714499937985,-0.3059416945484675,1.4960582868507446,-0.4401064304492221
-0.025208231940044807,-0.041105370874188044,0.49320832119348385,0.31987041983018305
-0.017628447508416894,-0.014621738506760096,0.4638938695915786,0.812939046493012
0.3742706842445063,0.38263274700465905,0.4698441319878079,0.7951219929087454
0.8458055238577852,0.8593381296183621,0.3854651098147729,0.7764526537575136
-0.5896794199859862,-0.5972616505901749,-1.5508815560629754,-0.44059209038123587
0.8426890783134131,0.8063708648835062,0.4886560120108264,0.3871152749265476
-0.5916673990141145,-0.5707780182227469,-0.8589215990605092,-0.6822317134174535
-0.5915663446586754,-0.5707780182227469,-0.8699192790692027,-0.6692522136657938
0.4534389075788637,0.4620836441069429,0.5011367769993028,0.7561739709100012
-0.5916520639173747,-0.5707780182227469,-0.8657545434537697,-0.676527589902234
-0.5916654329760709,-0.5707780182227469,-0.8616077303154336,-0.6821031563766263
0.21483730630976633,0.2237309528000914,0.45965968437739446,0.8130676035338391
-0.591646480369331,-0.5972616505901749,-1.659592581204928,-0.6716376609789199
0.19528950121251898,0.19724732043266346,1.3899213774818597,-0.448267421855805
-0.5915715349991103,-0.5707780182227469,-0.8682502483895375,-0.6686522808086005
-0.5915708665461755,-0.5972616505901749,-1.6571864886546457,-0.6665239475771287
-0.5899826616938252,-0.5972616505901749,-1.5677690101076955,-0.47648331163142316
0.6101934013962066,0.5945018059440826,0.3021860796735715,0.7972741329996296
-0.09803248303619663,-0.12055626797647187,0.35857243293061025,0.7776668035875478
0.2164862617376628,0.19724732043266346,1.4975884183329073,0.777571576149898
-0.10010952358769834,-0.12055626797647187,0.3850103269584347,0.5512492864596412
0.2936941092180235,0.2237309528000914,2.501119438119858,0.7514602127463391
-0.5916298083667215,-0.5707780182227469,-0.8593382966530163,-0.6763514191425821
-0.17856360326311227,-0.22649079744618364,0.46542400107374143,0.6073572927228686
-0.5915644572621535,-0.5707780182227469,-0.8693435194924591,-0.6716233768632723
-0.591623241799656,-0.5972616505901749,-1.6607216972620438,-0.6740373924076933
-0.4718086367828028,-0.4913271211204631,0.3640970364957842,-0.6892023618534145
-0.47177753406095363,-0.5178107534878911,0.3601764946307984,0.864409476542697
-0.5915657155265014,-0.5707780182227469,-0.8714964570537455,-0.6668381981213729
0.3759514108471867,0.38263274700465905,0.4413249903070851,0.8112011457559042
-0.5915768826225888,-0.5707780182227469,-0.8338390923631511,-0.7432201258602302
-0.5916464410485701,-0.5707780182227469,-0.8597213896009664,-0.6822317134174535
-0.021079512727803305,-0.014621738506760096,0.4746876814232927,0.7816139808781297
-0.10003862825584746,-0.12055626797647187,0.4939117784195439,0.7747909349705256
0.13843400091759214,0.03834552622809579,1.3874279128557288,0.7767716656736402
-0.4329596070797315,-0.41187622401817925,0.9949301450490345,-0.5176739397868186
-0.5916576081446575,-0.5707780182227469,-0.8638816445971252,-0.6741564267047555
-0.59158234820835,-0.5707780182227469,-0.7650929508380412,-0.8933128517118694
0.3725481203522588,0.35614911463723115,0.49292604217920477,0.7769668819208222
0.8182996292885677,0.8063708648835062,1.0665416426000396,-0.47176479209587857
1.161240953529836,1.1771417180274975,0.49086047669376653,0.7774001667621285
0.5319456770738451,0.5415345412092267,0.4749027511484573,0.7783619638823909
-0.5505958419443179,-0.5972616505901749,0.3599479830478111,3.6205295907203254
0.13624237966891162,0.14428005569780758,0.4488636322360429,0.8247234419021672
0.6090578178222452,0.6209854383115105,0.476090115256139,0.7529648062612049
-0.5915944196819374,-0.5972616505901749,-1.6570677522438775,-0.666271594867357
-0.5915558066947619,-0.5707780182227469,-0.8344820612290089,-0.6653288432346245
-0.591657450861614,-0.5707780182227469,-0.7590239520310439,-0.8931795332991598
-0.5916847394696586,-0.5972616505901749,-1.662973208447364,-0.6788225711495928
-0.5916629950888969,-0.5707780182227469,-0.8583951262957826,-0.683145896818891
-0.5916414866327003,-0.5707780182227469,-0.8604830948775921,-0.6763133281675221
1.6191136768161187,1.6538471006412003,1.26460965792874,-0.8885752866887947
-0.021247137131397482,-0.09407263560904393,1.4772038409446204,0.38802945832798524
-0.5916250112338952,-0.5707780182227469,-0.8591456300242227,-0.6715614790288
-0.5916532042194399,-0.5707780182227469,-0.8602702654620642,-0.6825364412179327
-0.5910803400543068,-0.5707780182227469,-0.7606728199239748,-0.8170594810138393
-0.5916728645998756,-0.5707780182227469,-0.8607900172978794,-0.678560695696056
-0.5505529429942073,-0.5707780182227469,0.36064023872568546,-0.6788654234965352
0.372268982270834,0.30318184990237523,1.475991833430931,0.771400838190195
-0.5916883963004197,-0.5707780182227469,-0.8584040875343313,-0.6894547145631864
-0.5916569003709619,-0.5707780182227469,-0.8628936680471488,-0.6738516989042764
-0.5916436099537873,-0.5707780182227469,-0.8642311329005181,-0.671775740763512
-0.47199670798204996,-0.4913271211204631,0.3498509075132457,-0.6710472508654914
0.2937227347319377,0.2766982175349473,0.3602974713512037,0.7774620645966008
-0.5128686728696641,-0.544294385855319,0.3495910315953381,0.6255219264545567
0.29583838827061504,0.30318184990237523,0.46131751350887396,0.7978264521379981
0.3745368857956046,0.30318184990237523,1.368645156857993,0.6044242876432566
-0.5915786127360672,-0.5707780182227469,-0.8691530931733027,-0.6669667551622
2.6601268888062046,2.6602251306034623,1.418371069563831,0.6041671735616023
-0.5915706306216103,-0.6237452829576028,-1.981310006335994,-1.35538970879159
0.5031877308369654,0.5415345412092267,0.9748412885328493,-0.678922559959125
0.21560885827958196,0.19724732043266346,0.40208148639339963,0.8108488042366001
-0.5916384196133524,-0.5972616505901749,-1.6605895189934528,-0.6737564714666265
-0.4359149947875751,-0.4383598563856072,0.3668682995169194,0.4132742520489315
-0.4323327161891613,-0.41187622401817925,0.9599141054206218,-0.6741230971015781
-0.511026573864368,-0.4913271211204631,0.9597662449845712,-0.4406682723313556
0.1384674235643327,0.14428005569780758,0.4909590503178008,0.7763526649479814
0.03101620946365941,0.06482915859552374,1.0650899219551764,-0.47298846466967776
-0.5916360603677001,-0.5707780182227469,-0.8597437926973377,-0.6766275787117664
-0.5916117601374816,-0.5707780182227469,-0.760025370438843,-0.886066043706724
-0.5916352739524826,-0.5707780182227469,-0.8614128233770029,-0.6785273660928786
0.13636336965011248,0.14428005569780758,0.34147663008963686,0.7487129011701441
-0.5915964250407418,-0.5972616505901749,-1.694364427082893,-0.7455389139670013
-0.4718315214656299,-0.5178107534878911,0.36155428505763626,0.8274040942720076
-0.5916000425507421,-0.5707780182227469,-0.8692763102033451,-0.6694617140286233
0.9805922556708208,0.9917562914555018,0.995084726413997,-0.3429458758151915
-0.5129596217895592,-0.544294385855319,0.3587875026557754,0.831689328966246
-0.5916795098084627,-0.5707780182227469,-0.8624568076679076,-0.6788320938933577
1.454811051779649,1.4949453064366327,0.7020141406129696,-0.23067748819802927
0.5267390185230794,0.5415345412092267,0.5639572995341919,0.5488495550308676
0.3741819766079808,0.38263274700465905,0.39718865014589794,0.7977645543035256
-0.5916588270882445,-0.5707780182227469,-0.8600955213103679,-0.6808128245964724
-0.47177588258899705,-0.5178107534878911,0.3652351137914484,0.8268279682742264
-0.5915916672286764,-0.5707780182227469,-0.8347128131216336,-0.745643664148416
0.03284556854243321,0.06482915859552374,0.9601314154554239,-0.5134458415551701
1.3216854648303797,1.336043512232065,0.4526945617155432,0.8170195421963033
0.10830989416500202,0.11779642333037962,1.4970641858778182,-0.7452246634227572
-0.5916174223270471,-0.5707780182227469,-0.7622656800759775,-0.8813427627992969
-0.19954386367889906,-0.2000071650787557,0.38330993194384966,-0.40596263267990756
-0.5915816404346542,-0.5707780182227469,-0.8711693718467237,-0.668304700661179
0.06269144159109837,0.06482915859552374,0.3608037813291962,0.8284706415736847
0.45491225648870914,0.409116379372087,0.46208369940477356,0.8164815071735823
0.1346257459064513,0.09131279096295168,0.46625515594911815,0.6023197612711974
-0.59161529900596,-0.5707780182227469,-0.8611372652916354,-0.6751372693125478
0.7623026584865037,0.7798872325160783,0.4993826145534266,0.7298626298873779
-0.5915739728862843,-0.5707780182227469,-0.7619990832291585,-0.8980313712474141
-0.5916059406648727,-0.5707780182227469,-0.8674616593972662,-0.6728089584620116
-0.550542051143446,-0.5972616505901749,0.3600555179103932,3.620758136570684
1.239743830269491,1.2301089827623533,0.45160129061262144,0.42205422180023766
-0.591699877962594,-0.5972616505901749,-1.6618508133191598,-0.6764371238364668
-0.5916768359967235,-0.5707780182227469,-0.8603195522740814,-0.6788844689840651
-0.03699982035163508,-0.014621738506760096,0.9999394773976675,-0.47563578743634055
-0.5916463230862874,-0.5707780182227469,-0.8598535678695571,-0.6772989321471968
-0.47199493854781077,-0.5178107534878911,0.3491653727642823,0.8531012183217901
0.8457855882320235,0.8593381296183621,0.42233836613236997,0.4760291334601109
0.2954373951512501,0.30318184990237523,0.45948045960642353,0.8063397850638847
-0.5916408181797654,-0.5707780182227469,-0.7599828045557374,-0.8883657863259653
2.5111307743163667,2.5278069687663227,0.4722681470151875,0.60410527572713
-0.5916274884418301,-0.5707780182227469,-0.8625150557184732,-0.6758705205824508
-0.5915709451876973,-0.5707780182227469,-0.8693367985635477,-0.6717519339040995
-0.4717946779126935,-0.544294385855319,0.3677778652295958,3.196496094981676
-0.5916489968980267,-0.6237452829576028,-1.981310006335994,-1.35538970879159
-0.178384418555822,-0.2000071650787557,0.37846638250836484,0.8097060749848031
-0.5915929254930243,-0.5707780182227469,-0.8646679932797594,-0.6719281046637515
-0.5899221863636052,-0.5707780182227469,-0.8605883894305375,-0.4693412538076926
0.3890740070142686,0.409116379372087,0.8541177231165812,-0.44298229906624437
0.7665270451099447,0.7269199677812224,1.4254862929713699,0.7783191115354485
-0.5916071989292205,-0.5972616505901749,-0.5386021271430151,1.7108242719767721
-0.5916797457330281,-0.5972616505901749,-1.6652381614905072,-0.6836363181227872
0.05927269803714809,0.06482915859552374,0.36170438580332437,0.8105916901549458
0.45123332746007394,0.409116379372087,0.527917438401609,0.6994279408145206
-0.5916409361420482,-0.5707780182227469,-0.8602568236042415,-0.6781083653672197
-0.591591785190959,-0.5707780182227469,-0.8697288527500463,-0.6718328772261019
-0.5915718495651973,-0.6237452829576028,-1.981310006335994,-1.35538970879159
0.7664975938600522,0.7004363354137944,1.2816180886938653,0.774648093814051
2.5031345437063517,2.4748397040314667,0.6419469586221191,0.42144952757116183
-0.5916861943378109,-0.5707780182227469,-0.8647889700001646,-0.6716519450945673
-0.59160401394759,-0.5707780182227469,-0.8344215728688062,-0.6716805133258622
1.841280143739297,1.892199791948052,1.0217600932633575,-0.7050624915939788
-0.5916945696598764,-0.5707780182227469,-0.8595645679263669,-0.683693454585377
-0.5916718815808537,-0.5707780182227469,-0.8609378777339304,-0.6788892303559476
-0.5915667378662841,-0.5707780182227469,-0.7616764786414111,-0.8980789849662388
0.1384203959343307,0.14428005569780758,0.4581743590879741,0.7760431757756199
1.0697310836600604,1.0712071885577856,0.9617758027290807,-0.28313828359927157
-0.5916527716910703,-0.5972616505901749,-1.6628947976100643,-0.6786559231337057
-0.5505407535583373,-0.5972616505901749,0.3591257894109827,3.6187821672394525
0.22164919560233978,0.19724732043266346,0.7988896099419407,0.6051908685163371
-0.5916918958481372,-0.5707780182227469,-0.7611186415417645,-0.8909464498862733
-0.5916722354677016,-0.5972616505901749,-1.6652292002519584,-0.6836172726352573
0.5324672669668021,0.5150509088417988,0.41137429076823373,0.7991882044963894
0.4517389924448781,0.4620836441069429,0.39418887554177484,0.7724245331449295
1.1311814507873574,1.1506580856600694,1.2993165348272282,-0.9668855700400593
1.1578030214445805,1.1506580856600694,0.4575470723895763,0.5881784867802107
-0.5916703873919407,-0.5707780182227469,-0.8661555588788167,-0.6808033018527074
-0.09978485206518446,-0.09407263560904393,0.4728170228762856,0.7753908678277192
0.8436471286520408,0.8593381296183621,0.4284364889646504,0.7875371274999434
-0.591565833488784,-0.5707780182227469,-0.7621603855230321,-0.8955745033560507
0.5346579445172217,0.5415345412092267,0.4762267741440039,0.7664918637793507
-0.5916630737304186,-0.6237452829576028,-1.981310006335994,-1.35538970879159
-0.5916665732781361,-0.5972616505901749,-0.5411448785811628,1.7054201148901493
-0.5235743398282733,-0.544294385855319,0.384949838598232,-0.4405825676374709
0.1382646857212806,0.14428005569780758,0.4714862789518272,0.7834375863091221
-0.5915739335655235,-0.5707780182227469,-0.8338995807233538,-0.669371247962856
-0.5916088504011772,-0.6237452829576028,-1.981310006335994,-1.35538970879159
-0.09801018816478263,-0.12055626797647187,1.4822759019630931,0.5862977448866283
0.10975489280625936,0.14428005569780758,1.0797348260531248,-0.5026041977787472
1.319684863838012,1.336043512232065,0.4209740175633554,0.7754575270340738
-0.5915975260220463,-0.5707780182227469,-0.8698946356631941,-0.6717328884165696
-0.591554233864327,-0.5707780182227469,-0.8324725034844991,-0.6694569526567408
0.5281820511262932,0.5150509088417988,0.46214642807461365,0.7580166218285238
-0.5915956779462853,-0.6237452829576028,-1.981310006335994,-1.35538970879159
-0.591570119451719,-0.5707780182227469,-0.8322865577846171,-0.6725804126116522
1.9280815490985455,1.892199791948052,1.4973307827246372,0.3194085667575817
0.6890021150139183,0.7004363354137944,0.47105389919186047,0.779418988440303
0.3573427034818272,0.38263274700465905,1.1938763617554915,-1.0295404626417064
1.9310101200474745,1.9186834243154798,1.1805061938410728,-0.9622670393140468
-0.4717366011488867,-0.544294385855319,0.3656002842623011,3.200847988882269
-0.5916765607513974,-0.6237452829576028,-1.981310006335994,-1.35538970879159
0.2938364503723775,0.2502145851675193,0.49171179435587775,0.3994710349616016
0.4262130554685712,0.4620836441069429,1.282010142880364,-0.8999692496035864
0.7723227679793226,0.7534036001486503,0.5268868959685268,0.654871022738207
-0.5129997682864088,-0.5178107534878911,0.354940891008815,-0.6860931860141505
-0.591713364983573,-0.5707780182227469,-0.8612761644891377,-0.6774941483943789
-0.021230268524983702,-0.014621738506760096,0.36207403689345147,0.8209429126274727
-0.5915773151509585,-0.5707780182227469,-0.7634575248029329,-0.8979551892972942
-0.5916488789357441,-0.5707780182227469,-0.8592598858157166,-0.6787606733151205
-0.5915648504697623,-0.5707780182227469,-0.8711760927756351,-0.6665620385521887
0.9256743251885854,0.912305394353218,0.4509179961732954,0.389591188305441
-0.5915974080597636,-0.6237452829576028,-1.981310006335994,-1.35538970879159
0.8201353583306024,0.8593381296183621,1.0649375808998514,-0.6574916251160507
-0.5915909987757416,-0.5707780182227469,-0.8337001931656488,-0.667719051919633
-0.4716933876326892,-0.5178107534878911,0.5705774145119246,0.3881532539969298
-0.5915878531148719,-0.5707780182227469,-0.8684810002821624,-0.6740373924076933
-0.5129509319014067,-0.544294385855319,0.3579742702574953,0.8195763988971987
-0.021405639118469443,-0.06758900324161599,0.4562432121807643,0.7773811212745986
-0.5506401564418199,-0.5972616505901749,0.35666816973904586,3.6135589422843637
-0.5916551702574835,-0.5707780182227469,-0.8563788476223616,-0.681150882000129
0.21477038237476356,0.19724732043266346,0.2950730965756695,0.798578748895431
-0.5916372793112871,-0.5707780182227469,-0.8602702654620642,-0.6766085332242364
1.3954747260398337,1.362527144599493,0.4879861594293231,0.6802729417312753
0.3619410305411539,0.35614911463723115,2.1276911859444523,-0.6828840213653542
1.164572680239978,1.1771417180274975,0.45318742983571253,0.4006280483290459
-0.59164553667107,-0.5972616505901749,-0.5403697314467143,1.7070675495614895
-0.5916780156195497,-0.5707780182227469,-0.8623044666125824,-0.6834363405037227
-0.591673021882919,-0.5972616505901749,-1.663009053401558,-0.6788987530997126
0.4535951289618052,0.4620836441069429,0.49657326626845966,0.7331527378581765
0.13655918703925127,0.14428005569780758,0.4582550102349108,0.774657616557816
-0.5916444356897657,-0.5707780182227469,-0.7625009125878767,-0.8861898393756688
-0.55037163496583,-0.5972616505901749,0.37275359293367166,3.6477455924006206
0.29534487340092014,0.30318184990237523,0.46066782371410464,0.7975502925688138
0.3704469761743431,0.35614911463723115,1.1868305879467036,0.8009880030679695
0.3457445732137235,0.38263274700465905,1.1726247845376336,-0.7807683045255229
-0.5916132150056339,-0.5972616505901749,-1.6630673014521238,-0.6790225487686572
0.03453758020348365,0.03834552622809579,0.9724643200078497,-0.4595328277297692
0.13498616000059713,0.11779642333037962,0.4426803776375519,0.8105345536923559
0.7665314490351625,0.7269199677812224,0.45798169245918047,0.7758479595284378
0.7673836872062857,0.7534036001486503,1.4787339724267834,0.635868387555201
-0.4713798438855019,-0.46484348875303516,0.4915101664885358,-0.9717993058227858
-0.5915790845851976,-0.5707780182227469,-0.8545350727909998,-0.6790177873967748
-0.5916001211922637,-0.5707780182227469,-0.8686647056724074,-0.6724947079177676
-0.550682544222039,-0.5972616505901749,0.34917209369319363,3.5976273919655615
-0.5916544624837878,-0.5972616505901749,-1.65941111612432,-0.6712519898564384
-0.10196491301016883,-0.12055626797647187,0.45695339033573573,0.7798522732816093
0.6872042911853634,0.6474690706789386,0.47729988246019156,0.7931222167181007
0.8451976248947156,0.7798872325160783,1.4592880847764556,0.3181229963493103
-0.5506854146375826,-0.5972616505901749,0.3491026440944427,3.5974797894372053
-0.5916400710853089,-0.5707780182227469,-0.8586953277871586,-0.6784273772833463
0.29598186972703416,0.30318184990237523,0.4927580189564196,0.7584975203886551
-0.5916746733548756,-0.5972616505901749,-1.6629776890666383,-0.6788320938933577
-0.5899098396446916,-0.5972616505901749,-1.5618097864729175,-0.46381806242400764
-0.5897067872355525,-0.5972616505901749,-0.4414219757033937,1.9173630614952955
-0.5922167493642465,-0.5707780182227469,-0.8347105728119965,-0.7449818334567503
-0.5897092644434874,-0.5972616505901749,-1.5504648584704683,-0.4397064752110932
0.29509809630569217,0.30318184990237523,0.454843018657555,0.8139675028196292
-0.5915900943982416,-0.5707780182227469,-0.8692404652491509,-0.6694759981442707
0.528625785912725,0.5415345412092267,0.45847232026971285,0.7745338208888713
-0.4719537303904177,-0.5178107534878911,0.3509486592354414,0.6246220271687667
0.13640485305283168,0.14428005569780758,0.4826206178483861,0.7714722587684322
-0.5915859657183501,-0.5707780182227469,-0.8707347517771197,-0.6672810057064441
-0.5505669411850775,-0.5972616505901749,0.3595111226685695,3.6196011232032395
-0.04788439677220833,-0.014621738506760096,0.9786856598701723,-0.46946504947663725
-0.5916808467143324,-0.5707780182227469,-0.8582741495753774,-0.680065289210922
1.3152136607985816,1.309559879864637,1.3681074825450805,0.761559082509094
-0.5915955993047636,-0.5707780182227469,-0.8340452008497675,-0.6711377169312587
2.653245794974498,2.6867087629708903,0.4566240648190772,0.7770097342677645
-0.5915613509220446,-0.5707780182227469,-0.7625524397095307,-0.8997454651251093
0.21499962241064288,0.19724732043266346,0.3785291111782044,0.8165243595205245
2.2497358716684706,2.262970645092043,2.1662827597537313,-0.7073574728413377
0.37453810473919164,0.38263274700465905,0.4588733356947603,0.8115487259033257
0.7453710602138245,0.7798872325160783,0.6016146642247864,-0.5138600809089465
-0.5916572542578097,-0.5707780182227469,-0.8607160870798541,-0.6740088241763984
-0.5915522285055226,-0.5707780182227469,-0.8705689688639717,-0.6670381757404373
0.5348075600123368,0.5415345412092267,0.4552193906765935,0.8004737749046609
0.5853665089066687,0.5680181735766546,1.4876638466404015,-0.6592104803656286
-0.47180722123541147,-0.5178107534878911,0.9691217780292448,-0.4596375779111841
3.4504197623851542,3.481217733993729,0.4562096075362071,0.6055908237544659
-0.5916017333434594,-0.5707780182227469,-0.8689178606614035,-0.6716805133258622
0.05947284070998268,-0.041105370874188044,1.5908771519328262,0.557043876040628
-0.4719886079053105,-0.5178107534878911,0.9595422140208577,-0.5153408675644
1.944626702933382,1.9716506890503358,0.4575806770341335,0.31924668011357726
-0.5916488396149832,-0.5972616505901749,-1.6607172166427695,-0.6740278696639284
0.7369106480217241,0.7534036001486503,1.4644430372515025,-0.4716409964269339
-0.47179723376215016,-0.5178107534878911,0.36138626183485106,0.8254186021970105
-0.5915800282834586,-0.5707780182227469,-0.869258387726248,-0.6718471613417493
-0.5915788486606325,-0.5707780182227469,-0.8699080775210171,-0.6691141338812017
-0.5128788176259689,-0.544294385855319,0.35025192293829266,0.7811902187805884
-0.5916227699505255,-0.5707780182227469,-0.8589440021568807,-0.6787701960588854
0.06103049333113614,0.06482915859552374,0.4568010492804107,0.7785238505263956
0.8202710149556082,0.8063708648835062,1.4611161774403578,-0.6717090815571571
-0.5916751452040061,-0.5972616505901749,-0.542229188445536,1.7031156108990253
-0.5165807492997139,-0.5178107534878911,1.4822490182474473,-0.2569983519644177
1.143365656996247,1.1241744532926414,1.9881579808148027,-0.8014374198673992
0.1367392761240416,0.14428005569780758,0.3769474525743877,0.7501651195943027
0.26695799718438235,0.2766982175349473,1.4599041699266677,-0.744791378581451
-0.5916841889790064,-0.5707780182227469,-0.8613523350168002,-0.6810985069094216
2.476963982176321,2.4748397040314667,1.4962576744084495,-0.7512573215978683
-0.591660517880962,-0.5707780182227469,-0.8620871565777805,-0.6739612104575735
-0.5916810039973759,-0.5707780182227469,-0.7637442844364862,-0.8832901638992341
-0.35390006632842225,-0.33242532691589544,1.065246743629776,-0.4740264437400599
-0.5916752631662887,-0.5707780182227469,-0.8637875515923654,-0.6807366426463526
3.922880291350864,3.85198858713772,2.457325865333152,0.3059910207927333
-0.5916518673135703,-0.5707780182227469,-0.8622014123692743,-0.6777322169885033
0.689127705524141,0.6474690706789386,1.389594292274838,0.7748480714331156
0.2939115923464024,0.30318184990237523,0.3857854740928831,0.3983997262880421
-0.02656924143608117,-0.014621738506760096,0.6564081573298223,0.38534880595814486
-0.550606537191275,-0.5972616505901749,0.35872253367629836,3.6179251203006046
-0.5916782908648758,-0.5707780182227469,-0.8635321562937321,-0.678922559959125
0.13831717893704373,0.11779642333037962,1.478330716692099,0.7779905768755571
-0.2857203835063817,-0.25297442981361157,1.080274740675674,-0.4692936400888678
1.076968305622978,1.0976908209252136,0.4836758036874762,0.7644635193574111
-0.5916668092027014,-0.5707780182227469,-0.761842261554559,-0.8930604990020975
0.7680411303280528,0.7269199677812224,0.3773193439741518,0.5804698257024642
-0.5916832059599847,-0.5972616505901749,-1.6624960224946543,-0.6778083989386231
-0.5916819476956368,-0.5707780182227469,-0.8660614658740571,-0.6717328884165696
0.2723222926654809,0.2766982175349473,0.9705286924813655,-0.47655473220966055
-0.5916713704109624,-0.5707780182227469,-0.7581860762267556,-0.8958649470408824
-0.5915565931099793,-0.5707780182227469,-0.8678716360608617,-0.6710996259561988
-0.5916804141859628,-0.5707780182227469,-0.7569583865456057,0.031059885554166083
0.2171065074196458,0.2237309528000914,0.4575829173437705,0.7794618407872456
-0.2555705609761818,-0.25297442981361157,0.3551245963990603,0.8129580919805417
-0.4716917754814935,-0.5178107534878911,0.3687389580639266,0.599796234173479
-0.591671802939332,-0.5707780182227469,-0.8640003810078932,-0.6789987419092449
0.6071709324703168,0.5945018059440826,0.38101361456578664,0.7663061702759337
-0.28568865165235857,-0.2794580621810395,0.3510718762654841,-0.5162264827345425
0.136319251756415,0.14428005569780758,0.4652716600184164,0.7643111554571717
0.2968699684320721,0.30318184990237523,0.45124732168995396,0.8229855411650594
-0.591656546484114,-0.5707780182227469,-0.863677776420146,-0.6775988985757936
0.13945634070024449,0.11779642333037962,0.4546593132673102,0.8169385988743009
-0.47196804314737484,-0.544294385855319,0.9597012760050941,1.9216482961895334
-0.5505175149886624,-0.5707780182227469,0.3615341222709022,-0.6711615237906712
-0.28398964089587303,-0.25297442981361157,0.9802426750679806,-0.6740802447546357
-0.5505775184697519,-0.5972616505901749,0.3602257814428153,3.6211200008337525
-0.47195396631498293,-0.4913271211204631,0.35035721749123777,-0.6694617140286233
1.240588282929962,1.2036253503949252,0.3738177400113106,0.8102060190324644
-0.5916868627907457,-0.5972616505901749,-1.6674471067927215,-0.6883310307989194
0.5297593641278823,0.48856727647437087,0.48189923814522845,0.3762164946875348
0.13212199645797487,0.14428005569780758,0.49379976293768746,0.32048939817490646
0.3744293435146217,0.35614911463723115,0.35076943446447095,0.7776287126124879
0.8197303544936287,0.8328544972509341,0.9816204654948183,-0.26815424628508494
-0.5916644499570491,-0.5707780182227469,-0.8590829013543831,-0.6860312881796782
5.557149100495838,5.4939737939182525,1.7880311209295758,0.1572695700432503
0.29526552410548196,0.30318184990237523,0.3703228569773807,0.8214380953032513
0.7706611119456647,0.7798872325160783,0.4477210743211043,0.4161596434097186
-0.5915564358269357,-0.5707780182227469,-0.7607870757154687,-0.8956316398186405
0.7640274243413598,0.7534036001486503,0.6019999974823731,0.4149978686703919
-0.5916284714608518,-0.5707780182227469,-0.8615920481479736,-0.6716757519539798
-0.5506417292722546,-0.544294385855319,0.349375961870173,-0.8955554578685208
-0.5915772758301976,-0.5707780182227469,-0.7615846259462886,-0.8995597716216923
-0.5916149451191122,-0.5707780182227469,-0.7617750522654451,-0.8876658646592397
-0.5916524964457442,-0.5707780182227469,-0.8650757296337178,-0.6740992902421656
0.21886984694091682,0.14428005569780758,1.4106800865795481,0.8001071492697094
-0.5896838239112037,-0.5707780182227469,-0.8687856823928126,-0.44053495391864594
-0.5896852394585951,-0.5707780182227469,-0.8684115506834111,-0.44302039004130417
0.7683805864566544,0.7798872325160783,0.49271545307331405,0.7774477804809534
1.5271616449903456,1.4949453064366327,2.5017713682242633,-0.43997787340839495
1.4726980658999775,1.4949453064366327,0.6174446921207789,0.46474468209861663
-0.5915654402811753,-0.5707780182227469,-0.868292814272643,-0.6718043089948069
0.3443915851529049,0.38263274700465905,0.9770771175507097,-0.6811604047438939
1.6299721049307128,1.6273634682737725,0.4932329645994923,0.6234745365450871
0.7684006400446987,0.7269199677812224,1.3869708896897535,0.7729482840520031
-0.5916719995431364,-0.5972616505901749,-0.5429595293872417,1.7015634036653349
-0.5917010575854202,-0.5707780182227469,-0.8591165059989401,-0.6836648863540821
0.03125233063269116,0.06482915859552374,0.9790329078639279,-0.45955187321729923
-0.5916332685936783,-0.5707780182227469,-0.8581733356417065,-0.6825364412179327
0.06103552638852766,0.03834552622809579,0.453673577026971,0.818924090949298
-0.5915657548472623,-0.5707780182227469,-0.8701791549871103,-0.6679333136543448
0.05977907079564799,0.03834552622809579,0.45868963030451493,0.7751861288367721
-0.5915508129581312,-0.5707780182227469,-0.869524984573067,-0.6669667551622
-0.5916704660334624,-0.5972616505901749,-0.5454059475109928,1.6963639855696586
-0.5915668165078058,-0.5707780182227469,-0.8333238211466103,-0.7456722323797109
-0.5915622552995448,-0.5707780182227469,-0.7586879055854737,-0.883718687368658
-0.5916746340341148,-0.5707780182227469,-0.8609401180435675,-0.6785226047209961
4.711057865277984,4.725948455262842,1.4763659651403325,0.6147231350250761
-0.5915982731165028,-0.5707780182227469,-0.8701858759160217,-0.6685475306271857
-0.5916483677658527,-0.5707780182227469,-0.8592397230289823,-0.6787749574307679
-0.5916188771951993,-0.5707780182227469,-0.86032851351263,-0.6751134624531354
0.5842105178578151,0.5680181735766546,1.4982067437927569,-0.5188785668730879
-0.591607670778351,-0.5707780182227469,-0.863395497405867,-0.6710758190967865
-0.4718363185984562,-0.544294385855319,0.3595514482420381,3.2003718516940203
0.6622565266769073,0.7004363354137944,1.1755999157357484,-0.7479529295114223
-0.4719582522779179,-0.5178107534878911,0.34976577574703466,0.7793047155151235
0.13605049435585995,0.09131279096295168,0.45234731372178705,0.8188812386023557
-0.5916526144080269,-0.5707780182227469,-0.8583256766970315,-0.6835887044039624
0.055654283659493604,0.06482915859552374,0.4555375146450668,0.8161863021168679
-0.5505630877505121,-0.5972616505901749,0.35916387467481387,3.6188631105614544
-0.5915794777928063,-0.5707780182227469,-0.8696638837705695,-0.6708282277588969
-0.5916550916159617,-0.5707780182227469,-0.8670068765409278,-0.6790749238593646
-0.5505696543175777,-0.5972616505901749,0.3587964638943237,3.6180822455727264
-0.5916155742512862,-0.5707780182227469,-0.7622074320254121,-0.8837472555999528
1.084190507055243,1.0447235561903576,0.4498404072378338,0.8133247176154934
-0.5916561925972661,-0.5972616505901749,-1.6607396197391409,-0.6740754833827532
-0.47196804314737484,-0.5178107534878911,0.9587917102924177,-0.5139648310903613
0.4501032881133952,0.4620836441069429,0.26332790901747327,0.8014450947686882
-0.591611052363786,-0.5707780182227469,-0.7630699512357088,-0.8813475241711795
7.184988611351515,7.162442633066213,2.5092876070568497,-0.6787130595962956
0.8470804995290351,0.8593381296183621,0.45748434371973673,0.7791475902430013
-0.5916146698737861,-0.5972616505901749,-0.5468016604149275,1.6933976508868696
-0.5916481711620484,-0.5707780182227469,-0.8630056835290055,-0.6757514862853886
0.4512345857244218,0.35614911463723115,1.4976645888605702,0.7768716544831724
0.2954070395238575,0.30318184990237523,0.39736787491686887,0.6017007829264739
-0.5915919424740025,-0.5972616505901749,-1.658490348863458,-0.6692950660127363
1.1329981485811302,1.1771417180274975,1.0703994557951853,-0.4855680091832084
0.37472637254224317,0.38263274700465905,0.4627423504380912,0.8083395612545294
-0.5915803035287847,-0.5707780182227469,-0.858867831629218,-0.6762895213081097
0.6617141754222102,0.6739527030463665,1.0792397176233182,-0.5216401625649303
0.6844796377023122,0.7004363354137944,0.4458190514391773,0.8106583493613007
-0.5916603605979185,-0.5707780182227469,-0.863263319137276,-0.669371247962856
-0.5129317433701016,-0.5178107534878911,0.36013616905733037,-0.683702977329142
-0.022879302594401917,-0.06758900324161599,1.3771941784332984,0.6081952941741864
-0.5916541479177008,-0.5707780182227469,-0.8613254513011547,-0.6766132945961189
-0.2808045019822588,-0.25297442981361157,0.9833298217479521,-0.7647129585377767
-0.5128784244183602,-0.4913271211204631,0.27746874344706607,-0.7430915688194031
-0.5916425089724829,-0.5707780182227469,-0.8640519081295474,-0.6705901591647727
0.13970201681416797,0.09131279096295168,1.4953570699343215,0.7749194920113528
-0.5916422337271569,-0.5707780182227469,-0.8606959242931198,-0.6754086675098496
3.888980015328004,3.957923116607432,0.6428520437155212,-0.4162091049710196
0.37611156430621534,0.35614911463723115,1.4807950572929471,0.34873861755370195
-0.5915723214143278,-0.5707780182227469,-0.7631057961899029,-0.8955840260998157
1.0836997053180482,1.0712071885577856,1.3899841061516993,0.775195651580537
2.024564551520272,2.024617953785192,0.38448385419370806,0.5522872655300233
0.5304381977435634,0.5415345412092267,0.2864837494268955,0.8011546510838565
-0.47197712624313615,-0.5178107534878911,0.3481460318793863,0.8547962667119556
-0.5916980298868332,-0.5707780182227469,-0.8588297463653869,-0.6885405311617488
0.9201346984347623,0.912305394353218,0.46781441145656383,0.7933126715934004
-0.47175382364214835,-0.4913271211204631,0.3661536407426736,-0.6836410794946698
-0.5916528503325921,-0.5707780182227469,-0.8588499091521211,-0.6787606733151205
-0.17865687210789882,-0.3059416945484675,1.4800311117066844,0.8050066009367886
0.8451798125900409,0.8063708648835062,1.534502000223973,0.7736910580656713
-0.5916413686704176,-0.6237452829576028,-1.981310006335994,-1.35538970879159
-0.5916548950121574,-0.5707780182227469,-0.7603658975036874,-0.8860089072441342
0.21838132580785236,0.1707636880652355,0.3577390377455961,0.4023326194629764
0.534031800721108,0.5415345412092267,0.40335622257692927,0.7982835438387168
0.19862610369700917,0.2237309528000914,0.9888163400492944,-0.7480053046021296
0.9219657089854925,0.912305394353218,0.45760308013050455,0.7774382577371884
-0.5916601246733533,-0.5707780182227469,-0.8607922576075167,-0.6801462325329242
-0.09805407013391493,-0.09407263560904393,0.4668421170740473,0.797250326140217
-0.5916255224037866,-0.5707780182227469,-0.8590179323749061,-0.6761942938704599
-0.47198951228281055,-0.5178107534878911,0.35118837236661493,0.7813663895402402
-0.5902987612904691,-0.5707780182227469,-0.7629041683225608,-0.7438914792956609
0.45292573232873307,0.43560001173951496,0.4161058247218621,0.6915002566301799
0.8494325101613096,0.8593381296183621,0.4558153130400715,0.8134532746563206
-0.5916440031613961,-0.5707780182227469,-0.7647748268695682,-0.8790620656675855
-0.5916254437622649,-0.5707780182227469,-0.8638704430489395,-0.6769227837684805
-0.5505750019410561,-0.5972616505901749,0.3597508357997431,3.620110589994666
0.05979326559032243,0.06482915859552374,0.4923323601253642,0.7768335635081127
-0.5899708654655638,-0.5972616505901749,-1.5666174909542083,-0.4740359664838249
-0.5916478172752005,-0.5707780182227469,-0.8583032736006603,-0.6800890960703343
0.3708413634058817,0.38263274700465905,0.45899431241516553,0.7875228433842961
-0.5916744374303105,-0.5707780182227469,-0.8606175134558202,-0.6789273213310075
0.7645314378542073,0.7798872325160783,0.3809396843477613,0.6017293511577688
-0.5916180121384601,-0.5707780182227469,-0.8614105830673657,-0.677484625650614
0.7688774435910235,0.7004363354137944,0.4440492068258409,0.788127537613372
-0.5916745553925931,-0.5707780182227469,-0.8606107925269088,-0.67889399172783
-0.47195097793715673,-0.5178107534878911,0.3518447830902951,0.7749385374988828
-0.4020267115967809,-0.4383598563856072,2.0828625901053903,-0.971975476582438
-0.5916694436936797,-0.5707780182227469,-0.8595264826625356,-0.6832649311159532
-0.5506012682093181,-0.5707780182227469,0.35723048745796665,-0.6814937007756681
-0.5915744447354148,-0.5707780182227469,-0.8321498988967517,-0.7453436977198195
-0.3342851406923677,-0.3853925916507513,0.562010470459522,0.5939111785267253
0.6875669465628789,0.7004363354137944,0.36575038500798923,0.7853088054589397
-0.47198129424378843,-0.5178107534878911,0.34926394638831654,0.7828424148238112
-0.5916625232397664,-0.5707780182227469,-0.8614845132853912,-0.6813318141316634
-0.12641723593164736,-0.12055626797647187,1.0320207114014337,-0.5170692455577428
-0.5915981944749811,-0.5707780182227469,-0.7603591765747759,-0.8836710736498331
0.9236495812490424,0.9387890267206459,0.4781624016704885,0.5770083083438963
-0.5915513634487835,-0.5707780182227469,-0.8698229457548059,-0.6688617811714298
-0.5916429415008525,-0.5707780182227469,-0.8613276916107918,-0.6762038166142249
0.45121995840137763,0.38263274700465905,0.38574514851941505,0.7768906999707024
-0.5916558780311791,-0.5707780182227469,-0.8584242503210655,-0.683674409097847
0.26685120199785606,0.2766982175349473,1.19115662585601,-0.7476101107358831
0.8161157149090178,0.8328544972509341,1.1364527451364597,-0.9548012082023071
-0.5915668558285667,-0.5707780182227469,-0.8684563568761539,-0.6687855992213101
0.5102009424251996,0.5415345412092267,0.978121101841614,-0.29003275008511287
-0.5916586698052011,-0.5707780182227469,-0.8613545753264374,-0.6845885924992846
-0.550517003818771,-0.5972616505901749,0.36187688964538395,3.6246291319111466
1.0809498079065176,1.0447235561903576,0.45674952215875636,0.7553454922024484
0.11472865449038466,0.11779642333037962,1.1001418065377833,-0.5551459365019917
1.4807029077566238,1.4684616740692047,1.3956834538685696,0.787151456377462
-0.5916709772033537,-0.5972616505901749,-1.661687270715649,-0.6760895436890453
0.13808003542822928,0.14428005569780758,0.46913843445211034,0.7871943087244043
-0.5916764427891148,-0.5707780182227469,-0.8601022422392793,-0.6763561805144646
-0.5915995313808506,-0.5707780182227469,-0.7618848274376646,-0.8855851451465929
-0.5915994920600899,-0.5972616505901749,-1.6606791313789384,-0.6739469263419261
0.7658717646300254,0.7798872325160783,0.34999428733002197,0.7765145515919859
-0.5504944337020309,-0.5972616505901749,0.3607925797810105,3.622324627920022
0.3457680083872027,0.35614911463723115,0.9857695189427914,-0.3145490539080387
-0.47176050817149645,-0.5178107534878911,0.36652777245207513,0.8205524801331087
0.9264089942847038,0.88582176198579,1.4615530378195989,0.7760907894944445
0.13793859865137542,0.06482915859552374,1.219776581470404,0.8203620252578092
1.3952360883421062,1.3890107769669209,0.36842531471472817,0.7528552947079077
-0.5916795098084627,-0.5707780182227469,-0.8590941029025686,-0.6852456618190678
-0.5915690184704145,-0.5707780182227469,-0.8689357831385006,-0.6695045663755655
-0.591560643148349,-0.5707780182227469,-0.8337517202873029,-0.6669619937903176
0.6900470249133108,0.7004363354137944,0.525885477560728,0.6180180043677571
-0.5916383409718305,-0.5707780182227469,-0.864513411914797,-0.6715567176569176
0.5298789385616917,0.5150509088417988,0.38577875316397175,0.775271833530657
-0.5916635062587882,-0.5707780182227469,-0.8611574280783695,-0.6789463668185375
0.6069417710759593,0.6209854383115105,0.4588285295020173,0.3937764341901472
-0.5916447502558526,-0.5707780182227469,-0.8587042890257072,-0.6770465794374251
-0.02122728014715749,-0.014621738506760096,0.4777703474839899,0.7833518816152373
-0.5916471881430266,-0.5707780182227469,-0.8613254513011547,-0.6764276010927018
-0.5916928395463982,-0.5707780182227469,-0.8623828774498822,-0.6830078170342989
-0.5916677529009623,-0.5707780182227469,-0.7621827886194034,-0.8853851675275285
-0.5916793132046584,-0.5972616505901749,-1.666519618602948,-0.6863598228395699
-0.5915602499407403,-0.5707780182227469,-0.8335321699428638,-0.6670762667154972
-0.5916410541043307,-0.5707780182227469,-0.8603598778475497,-0.6741754721922855
-0.5916757350154191,-0.5707780182227469,-0.8609468389724789,-0.6874930293476017
-0.5915867128128066,-0.5972616505901749,-1.6573679537352535,-0.6669096186996102
1.635294523801483,1.6538471006412003,0.4531336624044212,0.7085126383663061
-0.5506103906258403,-0.5972616505901749,0.359600735054055,3.619791578078539
4.061420504355147,4.116824910811999,0.9796265899177685,-0.2833525453339836
0.5965139446136664,0.5945018059440826,1.1945014081442524,-0.7420964420959631
1.15773755237773,1.1506580856600694,0.4654486444797499,0.8000881037821794
-0.19995095151619904,-0.17352353271132775,0.9892083942357931,-0.4786211676066599
-0.5916020085887856,-0.5707780182227469,-0.8693143954671764,-0.6714472061036204
-0.5916484464073745,-0.5972616505901749,-1.6618485730095225,-0.6764323624645843
-0.5916913060367242,-0.5707780182227469,-0.8643095437378179,-0.6789416054466549
-0.47198911907520186,-0.5178107534878911,0.34966048119408905,0.7773906440183636
0.6872007916376458,0.7004363354137944,0.4583468629300332,0.7760526985193849
0.6066618859000776,0.5680181735766546,0.45860001791902943,0.7745814346076964
-0.5915887968131328,-0.5972616505901749,-1.6596889145193248,-0.6718423999698668
-0.5113282034210114,-0.544294385855319,1.4867341181409908,-0.4763499932187135
0.4499458084661059,0.4620836441069429,0.4567652043262165,0.7776620422156653
-0.591701726038355,-0.5707780182227469,-0.8586236378787705,-0.6828697372497068
0.13957284811470602,0.09131279096295168,0.44875609737346034,0.7706056890858195
-0.5915926895684591,-0.5707780182227469,-0.8594077462517675,-0.6763085667956397
-0.5915488469200877,-0.5707780182227469,-0.8678089073910219,-0.6693522024753261
-0.4719970225481369,-0.4383598563856072,0.35056108566821714,-0.7421869081617304
0.687824340263542,0.6209854383115105,1.477911778789955,0.7529552835174399
-0.5917134829458556,-0.5707780182227469,-0.8600417538790767,-0.6827364188369971
-0.5505250252539887,-0.5972616505901749,0.3568563557485651,3.6139588975224926
-0.5128826710605343,-0.544294385855319,0.3487665976488723,0.628174010593102
-0.5916889861118327,-0.5707780182227469,-0.8595623276167298,-0.6812413480658963
1.1569891603360676,1.1506580856600694,0.6711180304072477,0.3501717904903308
-0.10157477242080437,-0.14703990034389983,0.45926763019089584,0.8159482335227437
0.18703328173162312,0.2237309528000914,0.9584220592022901,-0.6693283956159136
0.5290600050750263,0.5150509088417988,0.40313219161321584,0.7099029589559921
0.38846005265402506,0.35614911463723115,1.4826410724339458,-0.6811223137688341
-0.5916057440610684,-0.5707780182227469,-0.8333753482682644,-0.6731612999813157
-0.591669365052158,-0.5707780182227469,-0.8616883814623705,-0.6809985180998894
-0.5916484070866136,-0.5707780182227469,-0.86144642802156,-0.6783892863082864
1.31591990098459,1.2830762474972093,1.3874570368810115,0.7759669938254999
2.023007685314336,2.0511015861526194,0.47677116938582753,0.38919123306731196
1.0811519166173957,1.0712071885577856,1.4968087905791845,0.7745957187233437
6.243751200940036,6.2619991325736635,2.4855963326441524,-0.2612264501960662
-0.5916342909334609,-0.5972616505901749,-1.660674650759664,-0.6739374035981611
-0.5916382623303088,-0.5972616505901749,-1.6622630302923924,-0.6773132162628444
1.083709181621418,1.0976908209252136,0.5289502211443281,0.7014562852364601
0.9278843485533539,0.912305394353218,1.5477825557529064,0.6647841989975448
0.05932672476258512,-0.014621738506760096,1.5824020605755467,0.5553631117661101
1.293684679164837,1.309559879864637,1.0675072160536447,-0.466441578331258
-0.59164372791607,-0.5707780182227469,-0.7633432690114391,-0.8836948805092455
-0.5504995454009443,-0.5972616505901749,0.3637587497405768,3.6286286842924356
0.9237117473719799,0.8593381296183621,1.486189722899167,0.750588881691844
-0.5915802642080238,-0.5707780182227469,-0.868593015764019,-0.6703425678268834
-0.47197775537531006,-0.5178107534878911,0.9586662529527381,-0.43997787340839495
0.4497444861704452,0.409116379372087,1.3793291935174876,0.8128009667084198
-0.591578966622915,-0.5707780182227469,-0.8695137830248814,-0.6693331569877962
0.13634768066652495,0.14428005569780758,0.37433749184712584,0.8111297251776667
-0.5916535974270486,-0.5707780182227469,-0.860247862365693,-0.6774989097662614
-0.5505392593694242,-0.5972616505901749,0.3624056027197475,3.6257528156754133
-0.5916019299472638,-0.5707780182227469,-0.8583099945295716,-0.671042489493609
-0.47175496394421357,-0.5178107534878911,0.3668391754916366,0.8313941239095317
-0.5915726753011756,-0.5972616505901749,-1.659592581204928,-0.6716376609789199
0.767755897528693,0.7004363354137944,1.484321304661797,0.7838803938941934
-0.5916661014290057,-0.5972616505901749,-1.6613131390062474,-0.67529439458467
0.4512225142508344,0.43560001173951496,1.4972254881716915,0.7739481721473256
0.032881389755586854,0.011861893860667848,1.4853451261659676,-0.2831192381117416
-0.5941223120775888,-0.5707780182227469,-0.9049510008650752,-0.6718090703666894
-0.5916668092027014,-0.5707780182227469,-0.8580254752056555,-0.6836363181227872
-0.04255088944687199,-0.06758900324161599,1.48537425019125,-0.6786130707867635
0.11688126954428091,0.11779642333037962,0.9840108758776407,-0.4700745050775957
5.226926037037612,5.255621102611401,0.8198342647395115,-0.355054044512356
-0.5916307520649825,-0.5707780182227469,-0.8585541882800193,-0.678570218439821
0.44915860683346365,0.4620836441069429,0.48220616056551596,0.7738148537346158
0.37069752806261463,0.35614911463723115,0.45952750610880344,0.5922827893429147
0.843029281536471,0.8328544972509341,1.5012154796354282,0.4000138313562051
0.29175669668837567,0.2766982175349473,0.48333751693226884,0.7705437912513472
-0.019506721613714438,-0.041105370874188044,1.2667401923936548,0.6011579865318704
0.10992460121017962,0.09131279096295168,1.3791656509139767,-0.4824397878564145
1.1598206090056449,1.1241744532926414,0.4581765993976111,0.6259075975770382
-0.5915696476025886,-0.5707780182227469,-0.8702082790123931,-0.6654526389035692
-0.47176302470019216,-0.5178107534878911,0.36618724538723035,0.8239949520041469
-0.019493234592735637,-0.041105370874188044,1.2803388718910613,0.5482067698267319
0.6250560198733628,0.6209854383115105,1.0660868597437014,-0.46671297652855975
0.6856029138781211,0.7004363354137944,0.4649490554306687,0.7967027683737311
-0.5898943079441474,-0.5707780182227469,-0.8636217686792176,-0.46197541150548516
-0.5917119101154207,-0.5707780182227469,-0.8605547847859802,-0.6873835177943045
-0.5916439245198744,-0.5972616505901749,-1.6607441003584154,-0.6740850061265182
-0.5129315074455363,-0.544294385855319,0.358119890383909,0.8218904256320876
0.9103661631699974,0.9387890267206459,1.174732915906177,-0.7813253850357741
0.4491500742283546,0.38263274700465905,1.487726575310241,0.8045828388392472
-0.09835503123762344,-0.14703990034389983,0.35548080563136475,0.81825749888575
0.7409450760493964,0.7798872325160783,1.0681569058484135,-0.6708234663870146
-0.04900991423138683,-0.014621738506760096,0.959817772106225,-0.442891833000477
-0.5915948915310678,-0.5707780182227469,-0.8326226042301872,-0.671775740763512
0.13796966205246367,0.14428005569780758,0.4668398767644104,0.6961568783312521
0.5298904988653879,0.5150509088417988,0.35103379100165244,0.781675878712602
0.35856974714557527,0.38263274700465905,1.1464154020927966,-0.6836553636103171
-0.01760320357993759,-0.041105370874188044,1.3537874233445168,0.7796665797781923
-0.5916826554693325,-0.6237452829576028,-1.981310006335994,-1.35538970879159
-0.5916029916078074,-0.5707780182227469,-0.870223961179853,-0.6690950883936718
0.45121968315605154,0.43560001173951496,0.35012870590825046,0.7749337761270002
0.13638523199315689,0.14428005569780758,0.3598695722105114,0.801706970222225
-0.5916930361502025,-0.5707780182227469,-0.7627361450997756,-0.8876706260311222
-0.47198695643335387,-0.5178107534878911,0.3509128142812472,0.8558485298979851
0.819643848819712,0.8593381296183621,1.068396618979587,-0.5193737495488666
-0.5505228626121409,-0.5972616505901749,0.3605707891269345,3.621853252103657
-0.5916533615024834,-0.5972616505901749,-1.6653165723278067,-0.6838029661386742
-0.5916123499488947,-0.6237452829576028,-1.981310006335994,-1.35538970879159
1.31537876867348,1.309559879864637,0.2641837072988584,0.8030353929774389
-0.5915561605816096,-0.5707780182227469,-0.870508480503769,-0.6685856216022456
0.21269719525782715,0.19724732043266346,0.49343011184755986,0.7757098797438456
-0.5112539658244865,-0.4913271211204631,0.9701590413912383,-0.6884738719553941
1.236486537759678,1.2301089827623533,1.498865394826074,0.7004183061660779
-0.5916640960702013,-0.5972616505901749,-0.5407349019175673,1.706291445944644
-0.5916781335818323,-0.5707780182227469,-0.7627003001455817,-0.8931414423240999
0.687865902307783,0.6739527030463665,0.4950252123091997,0.32112742200715955
0.4531066471495017,0.43560001173951496,1.2815150344505573,0.7797141934970172
11.056231627973492,11.134987488180405,1.6392163129732777,0.09067702289478644
-0.591557890695088,-0.5707780182227469,-0.7622634397663403,-0.8981123145694164
-0.5922166707227249,-0.5707780182227469,-0.8335321699428638,-0.747881508933185
0.6911128534574866,0.6209854383115105,2.514075148751406,0.786046818100725
-0.5505827874517086,-0.5972616505901749,0.35896896773638326,3.6184488712076783
0.5162504414852404,0.5415345412092267,1.1735074665346648,-0.7456865164953584
1.6318386614492701,1.6008798359063445,0.38585492369163454,0.6243411062276999
-0.5916792738838976,-0.5707780182227469,-0.8596048934998353,-0.6810842227937741
-0.5916633882965056,-0.5972616505901749,-1.6620345187094046,-0.6768275563308307
-0.591649508067918,-0.5707780182227469,-0.8597482733166121,-0.6774084437004942
0.530135703130181,0.5150509088417988,1.5118547101021804,0.7389378046953983
-0.5915806180948716,-0.5707780182227469,-0.7622813622434373,-0.8981075531975338
-0.5903155512553612,-0.5707780182227469,-0.832555394941073,-0.5193594654332191
1.7627468720514883,1.7862652624783402,1.5127037874546543,-0.4715505303611667
-0.5916259942529171,-0.5707780182227469,-0.857850731053959,-0.6765942491085889
-0.5915663446586754,-0.5707780182227469,-0.8686759072205931,-0.6692093613188514
0.2937350814508514,0.2237309528000914,2.4624180891383585,0.7944601622170797
1.480494625686289,1.4949453064366327,0.467451481295348,0.49687441956163914
-0.5915700014894364,-0.5707780182227469,-0.8684025894448626,-0.6694950436318008
2.4769478606643642,2.4748397040314667,2.179388571130968,-0.6718281158542193
-0.1013280346463373,-0.09407263560904393,0.4570026771477526,0.7802188989165608
-0.5916711738071581,-0.5707780182227469,-0.7574333321886784,-0.9004120571886576
0.8473955374651355,0.8063708648835062,0.4505909109662738,0.6844058125252739
-0.47133969738865233,-0.5178107534878911,0.9957881836400571,-0.5168216542198535
0.9984511161263658,0.9652726590880738,1.478263507402985,0.38093977559496195
-0.27810198608757825,-0.2794580621810395,1.0310730604249256,-0.4383018705057595
2.579715185730055,2.6072578658686063,0.46706166741848687,0.7874799910373536
-0.591563081035523,-0.5707780182227469,-0.8699708061908569,-0.6693950548222684
0.6052983991961065,0.5945018059440826,0.4819238815512374,0.766377590854171
-0.5917211898149863,-0.5707780182227469,-0.866128675163171,-0.6762419075892847
-0.5899352801769753,-0.5707780182227469,-0.8602523429849671,-0.4714743484110468
0.9233341501053335,0.9387890267206459,0.48694665575769264,0.7571595748896761
-0.5916187592329167,-0.5707780182227469,-0.8608953118508248,-0.6789368440747725
-0.5916068843631336,-0.5707780182227469,-0.8698923953535571,-0.6716138541195075
0.7676064786373821,0.7534036001486503,1.4832840412998038,0.8119010674226296
-0.5916859977340065,-0.5707780182227469,-0.7606548974468776,0.28626465708358945
-0.5505990269259484,-0.5972616505901749,0.35847609961621346,3.6174013693935305
-0.5916917778858547,-0.5707780182227469,-0.8608079397749766,-0.6808033018527074
-0.2573978753753902,-0.25297442981361157,0.4585148861528184,0.7769049840863499
-0.591629965649765,-0.5707780182227469,-0.8650085203446038,-0.6739612104575735
1.2428312177715795,1.2036253503949252,0.3612204789217033,0.8197144786817908
-0.591662051390636,-0.5707780182227469,-0.8631513036554193,-0.672304253042468
0.769038815993639,0.7798872325160783,0.45533364646808744,0.8200287292260351
-0.591597329418242,-0.5707780182227469,-0.8705465657676003,-0.6718043089948069
-0.5915807753779151,-0.5707780182227469,-0.8693816047562904,-0.668304700661179
1.2957841718707963,1.2830762474972093,1.4875921567320132,-0.470655392447259
-0.12130015007414628,-0.09407263560904393,0.9744940405390932,-0.6788416166371227
-0.5916410147835699,-0.5972616505901749,-1.6608337127439006,-0.6742754610018177
1.5544125051045528,1.5743962035389165,0.3866524739224545,0.7762717216259792
0.13664777671349418,0.14428005569780758,0.37733950676088635,0.7867181715361556
-0.5916476599921571,-0.5707780182227469,-0.8717652942102015,-0.676508544414704
0.42071219898496676,0.38263274700465905,1.4766370426064253,-0.46902224189156605
0.8446474488086053,0.8063708648835062,1.4846170255338986,0.6838106410399631
-0.5916544624837878,-0.5707780182227469,-0.8609849242363103,-0.6810651773062442
0.055986897975703526,0.06482915859552374,0.4221949863155937,0.7785857483608678
0.4514121189597554,0.4620836441069429,0.3860856755842593,0.3673079678954015
1.241803373082405,1.2565926151297813,0.45049233734224003,0.815472096334495
-0.020915112626600674,-0.041105370874188044,0.3819635058519317,0.6032482287882823
-0.5915777083585672,-0.5707780182227469,-0.8630168850771913,-0.666976277905965
0.45122039092974725,0.4620836441069429,0.41925794038131026,0.7783762479980385
-0.5915663053379144,-0.5972616505901749,-1.6573858762123506,-0.6669477096746701
-0.5916616188622663,-0.5707780182227469,-0.8598714903466542,-0.6805414263991706
-0.5915808933401977,-0.5972616505901749,-1.6585149922694662,-0.6693474411034436
-0.5916659048252013,-0.5707780182227469,-0.8617802341574929,-0.6785940252992335
-0.5129136951408616,-0.544294385855319,0.35082992282467357,0.8540058789794628
-0.5899348476486057,-0.5972616505901749,-0.442291215842602,1.9155156492048901
-0.5915739335655235,-0.5707780182227469,-0.7614278042716892,-0.8977694957938772
-0.5916343695749826,-0.5972616505901749,-1.6607508212873268,-0.6740992902421656
0.8414936092206446,0.8593381296183621,0.4655942646061636,0.8015879359251626
-0.5915683500174798,-0.5707780182227469,-0.7247673773696197,-0.902635617857779
-0.5916121926658512,-0.5707780182227469,-0.8717451314234673,-0.6692522136657938
-0.5915874599072632,-0.5707780182227469,-0.8602120174114988,-0.6693379183596786
0.6878392035111512,0.6739527030463665,0.3854964741496932,0.7757479707189057
-0.5505057580811619,-0.5972616505901749,0.3603064325897525,3.621291410221523
1.4726226880013877,1.441978041701777,0.3670184002626075,0.7185877012696487
0.21694423063953017,0.2237309528000914,0.4731217049869357,0.7866372282141534
-0.5916111703260686,-0.5707780182227469,-0.8626897998701696,-0.6647146262617837
-0.5915825448121543,-0.5707780182227469,-0.871108883486521,-0.6668429594932554
0.8249366591575465,0.8328544972509341,1.4699541989588532,-0.8452372798143976
-0.5916395992361785,-0.5707780182227469,-0.8590201726845433,-0.678394047680169
-0.5916409754628089,-0.5707780182227469,-0.8601985755536761,-0.6762371462174024
0.5082222824173978,0.43560001173951496,3.6591018849101355,-0.7100762161862377
-0.5505653683546428,-0.5707780182227469,0.35928933201449353,-0.6692998273846187
-0.5917201281544427,-0.5707780182227469,-0.8636531330141374,-0.6859741517170884
0.7666462263361455,0.7798872325160783,0.38086351382009903,0.7622828110352322
0.3724559131680158,0.30318184990237523,2.4713300408748795,0.8113725551436737
0.03282146491601908,0.06482915859552374,1.0794547873484832,-0.5001235230279714
-0.5129948531912999,-0.544294385855319,0.3578241695118072,0.8222237216638615
-0.5916500585585702,-0.5707780182227469,-0.8571495141375359,-0.6811032682813042
-0.020800649891704513,-0.014621738506760096,0.3485358457562475,0.7780239064787343
0.6092758907620371,0.5945018059440826,1.28919033526738,0.7322480772005038
-0.550550937635403,-0.5972616505901749,0.3607410526593567,3.6222151163667253
-0.11631349118045517,-0.09407263560904393,1.0162153269114496,-0.4903055742062832
-0.5916925643010721,-0.5972616505901749,-1.6629664875184524,-0.6788082870339454
-0.592192173888702,-0.5707780182227469,-0.8349950921359125,-0.7431582280257578
-0.5505537687301857,-0.5972616505901749,0.3613033703782774,3.62341022070923
0.662775757324212,0.6474690706789386,1.4850718083902368,-0.7351638846350621
0.690999177137808,0.7004363354137944,0.35000548887820776,0.775557515843606
-0.5915705126593277,-0.5972616505901749,-1.6582707985190188,-0.6688284515682525
5.260443800698717,5.282104734978829,1.4752838955855965,0.7877180596314779
-0.12639501970175504,-0.12055626797647187,1.389578610107378,-0.7360733066646171
-0.2050552581264169,-0.2000071650787557,1.9986986376575204,-0.5025994364068647
-0.5916814365257455,-0.5707780182227469,-0.8602164980307732,-0.6780369447889825
-0.5915871453411762,-0.5707780182227469,-0.867992612781267,-0.6716852746977447
-0.5916528503325921,-0.5707780182227469,-0.8602366608175073,-0.6763847487457594
0.26895525591207625,0.2502145851675193,1.9828394857362455,-0.6913735474318287
-0.5917033381895508,-0.5707780182227469,-0.8625912262461357,-0.6812032570908363
-0.5916994061134636,-0.5707780182227469,-0.8658912023416349,-0.6788225711495928
2.422614669217045,2.4218724392966107,1.4732452138158036,0.814310321595168
0.6894522984051331,0.7004363354137944,0.3794834830836238,0.7986692149611982
-0.591677622411941,-0.5707780182227469,-0.8566700878751893,-0.6878882232138481
-0.5916522212004182,-0.5707780182227469,-0.8609894048555844,-0.6763895101176419
0.3704240521707552,0.3296654822698032,1.375442256297059,0.7923651585887854
-0.5902045094266607,-0.5707780182227469,-0.6955470187724742,-0.8550314217766736
-0.5916782515441149,-0.5707780182227469,-0.7632021295042998,-0.8933557040588117
-0.5916821836202021,-0.5707780182227469,-0.8612918466565976,-0.678903514471595
1.0806441283115045,1.0447235561903576,0.47449949541377345,0.774276706807217
-0.5916934293578112,-0.5972616505901749,-1.667453827721633,-0.688345314914567
-0.471966784883027,-0.5178107534878911,0.38437855964076295,0.8552581197845567
0.26777795301083046,0.30318184990237523,1.1687199248401081,-0.7336354842607837
-0.2823790625305869,-0.25297442981361157,0.9805227137726222,-0.950254098054532
-0.5916767573552019,-0.5707780182227469,-0.8597079477431434,-0.6788368552652403
-0.5916086537973728,-0.5972616505901749,-1.6595052091290798,-0.6714519674755028
-0.3413614621018001,-0.3853925916507513,0.5648287799830373,0.17843386806090536
-0.5916454580295483,-0.5707780182227469,-0.8645470165593542,-0.6717376497884522
-0.5915467235990006,-0.5707780182227469,-0.8701858759160217,-0.6670524598560849
0.36942322084429935,0.38263274700465905,0.27833574327663746,0.47284853704260954
0.14925798404566284,0.1707636880652355,1.1395197290296968,-0.7432963078103499
2.0814235513629167,2.0511015861526194,1.4761800194404502,0.1978602653414524
-0.47178248847682347,-0.5178107534878911,0.36624997405707044,0.8210857537839472
-0.5916447109350917,-0.5707780182227469,-0.8629698385748114,-0.6766132945961189
0.21368509005395633,0.1707636880652355,0.45574810375095753,0.8152625959716656
-0.5915883249640024,-0.5707780182227469,-0.8712433020647492,-0.6666525046179559
-0.591716707248247,-0.5707780182227469,-0.8601201647163764,-0.6835839430320798
0.3461626315433066,0.38263274700465905,0.9846426431953129,-0.6925686517743329
-0.5916295331213954,-0.5707780182227469,-0.863895086454948,-0.6740659606389883
0.26890866081044384,0.2766982175349473,1.075592493534063,-0.5142933657502529
-0.5915886788508502,-0.5707780182227469,-0.8320804492980005,-0.747314905679169
-0.5130002794563001,-0.4913271211204631,0.3608844324761329,-0.6787987642901804
-0.5916510022568312,-0.5972616505901749,-1.6629799293762755,-0.6788368552652403
-0.4323533989093796,-0.41187622401817925,0.960832632371847,-0.4435679478077902
0.4268526469649029,0.4620836441069429,1.1011768295901394,-0.5192689993674517
-0.5505886069243177,-0.5972616505901749,0.3587113321281126,3.617901313441192
0.6091543896109449,0.6209854383115105,0.38625593911668143,0.7776144284968406
-0.5916888681495501,-0.5707780182227469,-0.861513637310674,-0.6765228285303515
0.5316939848835083,0.5415345412092267,0.36393349389227336,0.8043209633857102
0.13762591996092732,0.11779642333037962,0.35325393785205317,0.6261409047992799
1.6367300461393703,1.6538471006412003,0.45364445300168815,0.7806617065016321
-0.591654423163027,-0.5972616505901749,-1.662471379088646,-0.6777560238479157
-0.5915616261673708,-0.5972616505901749,-1.6585217131983776,-0.6693617252190911
0.9223258871550731,0.912305394353218,0.2672350090246358,0.7415041841400586
0.05620162865082141,0.011861893860667848,0.4523853989856187,0.8206715144301708
0.6067642378406255,0.5680181735766546,1.3800304104339107,0.7669537168519521
0.9196738591173511,0.9387890267206459,0.4967435298008818,0.5948729756469875
2.1569413138995097,2.1835197479897595,1.4793814219119152,-0.7191275841348457
-0.5916646072400925,-0.5707780182227469,-0.8599991879959711,-0.6789939805373624
-0.5916653150137883,-0.5707780182227469,-0.8591725137398684,-0.6788130484058278
-0.5916147878360688,-0.5707780182227469,-0.8623739162113336,-0.671404353756678
0.9253575178182458,0.88582176198579,0.4064120049219811,0.8112249526153166
-0.09806228817293701,-0.14703990034389983,0.5692018643947238,0.5929827110096403
0.45119597273724626,0.4620836441069429,0.323957408727245,0.8210619469245348
1.166268899222442,1.1506580856600694,1.3781082247652492,0.6088714089814994
-0.5903367451454707,-0.5972616505901749,-1.5867690761402333,-0.516864506566796
0.18828592321069829,0.19724732043266346,1.0685825646794693,-0.520483149197486
0.7664405001152672,0.7798872325160783,0.4015057268166562,0.8002880814012439
-0.592198307927398,-0.5707780182227469,-0.8325307515350645,-0.7433962966198822
0.7688466947560221,0.7798872325160783,0.44862839972414376,0.4631115315429234
0.37611187887230224,0.38263274700465905,0.361034533221821,0.7888941184864522
0.4499392025782796,0.43560001173951496,1.1754565359189715,0.7774430191090709
0.5349237135399505,0.5415345412092267,0.42120925007525456,0.7767669043017578
0.8470707873011001,0.8593381296183621,0.3864262026491036,0.5472925864252945
-0.5916977546415071,-0.5707780182227469,-0.8622551798005655,-0.6834553859912527
0.11021915302986618,0.14428005569780758,1.2096234981949099,-0.7479624522551873
-0.5916640174286795,-0.5707780182227469,-0.8589462424665177,-0.6835839430320798
1.0021852515032643,0.9917562914555018,1.3743243417881288,0.7415946502058258
-0.5915642606583491,-0.5972616505901749,-1.6595993021338395,-0.6716519450945673
-0.5916392453493307,-0.5707780182227469,-0.8622282960849199,-0.676537112645999
-0.09655830839037287,-0.09407263560904393,0.5648153381252146,0.5849788448751796
2.1862544299591304,2.1835197479897595,0.45062451561083056,0.81825749888575
0.188319581782004,0.19724732043266346,0.9941258738893032,-0.5190880672359174
-0.5916591416543315,-0.5707780182227469,-0.8614845132853912,-0.6777988761948581
0.76900456761092,0.7269199677812224,1.3901342068973874,0.7754527656621913
0.26689838691090156,0.30318184990237523,1.1782681245135753,-0.7223748397587018
2.1875015272109226,2.1835197479897595,0.3562380302887161,0.6512714255950466
0.452819173066772,0.4620836441069429,0.453409220489789,0.7249917464515937
-0.47175150371725694,-0.5178107534878911,0.9726211416824491,-0.46341334581399624
0.057759871083387836,0.06482915859552374,0.35921316148683075,0.3545855822253961
-0.5915823875291107,-0.5972616505901749,-1.6573813955930763,-0.6669381869309051
1.1561252438989655,1.1771417180274975,0.46054684699369935,0.7726054652764642
-0.5916639781079187,-0.5707780182227469,-0.8647576056652447,-0.6739183581106312
-0.5916322855746564,-0.5707780182227469,-0.8605816685016259,-0.6692998273846187
-0.5916234384034603,-0.5707780182227469,-0.763470966660756,-0.8816712974591885
-0.5916206859501995,-0.5707780182227469,-0.8576020566842372,-0.6811270751407166
0.7603659930513124,0.7269199677812224,0.6701905422174742,0.3652986689609921
-0.5915692937157406,-0.5707780182227469,-0.8682704111762717,-0.6707853754119547
0.3711087445798061,0.30318184990237523,1.4802215380258406,0.7948553560833261
2.423951850331993,2.4483560716640387,0.4535929258800338,0.3975188724897818
0.5047057874519215,0.5415345412092267,0.9773392337782543,-0.6840553188484461
-0.5916387341794392,-0.5707780182227469,-0.8594861570890673,-0.6764799761834093
0.05726207025075788,0.06482915859552374,0.4578293514038554,0.39673324612917155
0.7678492450150012,0.7798872325160783,0.36159013001183044,0.7801331942226762
-0.5916684213538971,-0.5707780182227469,-0.7662019041084228,-0.8883562635822003
-0.591660517880962,-0.5707780182227469,-0.8648808226952872,-0.6734993573849722
0.13465083255188726,0.09131279096295168,2.4666522743525428,0.7765240743357509
-0.5915546663926966,-0.5707780182227469,-0.8694555349743159,-0.6669619937903176
-0.550499624042466,-0.5972616505901749,0.35879422358468677,3.6180774842008443
-0.5915702767347625,-0.5972616505901749,-1.657358992496705,-0.6668905732120802
-0.5916569790124836,-0.5707780182227469,-0.8660166596813144,-0.6710996259561988
-0.5916670451272666,-0.5707780182227469,-0.8568157080016029,-0.6884976788148065
-0.589935673384584,-0.5707780182227469,-0.860931156805019,-0.4691507989323932
1.0055072266647103,0.9652726590880738,0.44988073281130186,0.6180608567146993
0.13842818144498323,0.14428005569780758,0.37670325882393974,0.5672903483317401
-0.4417681259678249,-0.41187622401817925,0.9955327883414239,-0.7453675045792317
-0.3343069637146512,-0.33242532691589544,0.45956783168227155,0.8131104558807815
-0.5916793132046584,-0.5707780182227469,-0.8617959163249529,-0.6785321274647611
-0.5916441604444396,-0.5707780182227469,-0.8593382966530163,-0.6812556321815437
-0.5916489575772659,-0.5707780182227469,-0.8586572425233275,-0.6824269296646356
0.2152239866721742,0.2237309528000914,0.24160362646617964,0.7747861735986431
-0.592166851318701,-0.5707780182227469,-0.8352594486730945,-0.7424630677309146
-0.591697793962268,-0.5972616505901749,-1.6618642551769824,-0.6764656920677617
0.29400674858771086,0.2766982175349473,1.3983628641945827,0.8146817086020022
0.05943576123248112,0.03834552622809579,0.4781198357873825,0.7700962222943936
-0.591680020978354,-0.5707780182227469,-0.8600327926405281,-0.6836315567509048
-0.5916692864106362,-0.5707780182227469,-0.860565986334166,-0.6806890289275277
0.5305298544371542,0.5150509088417988,1.4316404235445785,0.7935935925344669
0.8440680967179283,0.8063708648835062,0.36193737800558656,0.8053398969685625
-0.5916900084516155,-0.5707780182227469,-0.8571472738278987,-0.6858075037012012
-0.5915585591480228,-0.5972616505901749,-1.6573724343545277,-0.6669191414433752
-0.5916789593178106,-0.5707780182227469,-0.8614374667830115,-0.6797938910136202
-0.2013201397304966,-0.17352353271132775,0.9597819271520308,-0.7446199691936813
-0.5899609566338242,-0.5707780182227469,-0.8674437369201691,-0.4666986924129123
-0.5916243034601996,-0.5972616505901749,-1.6629933712340983,-0.6788654234965352
-0.4165609623999012,-0.41187622401817925,0.3605439054112886,-0.5080750140717247
-0.5916471488222658,-0.5707780182227469,-0.858148692235698,-0.6808985292903571
-0.12667097280154946,-0.09407263560904393,0.9905615412566224,-0.7169944895314915
-0.5915767253395454,-0.5707780182227469,-0.868023977116187,-0.6692998273846187
-0.5915637494884579,-0.5707780182227469,-0.7627787109828814,-0.8950126614739172
-0.5915699621686755,-0.5707780182227469,-0.8704681549303007,-0.6693522024753261
0.6091999623727947,0.6209854383115105,0.3931583331086932,0.8149531067993038
1.0827426773192026,1.0447235561903576,0.4720239532647395,0.5795175513259669
-0.5916646072400925,-0.6237452829576028,-1.981310006335994,-1.35538970879159
-0.5916911094329198,-0.5707780182227469,-0.8591277075471256,-0.6863455387239223
-0.59166629803281,-0.5707780182227469,-0.8605592654052547,-0.6787701960588854
0.21712805519660333,0.2237309528000914,0.2802153630621934,0.7745814346076964
-0.47199627545368045,-0.5178107534878911,0.34902423325714294,0.62430301525264
1.0044233105705336,1.0182399238229298,0.49440912715898766,0.7752242198118321
1.454129033182337,1.4684616740692047,1.7122817714787835,-0.6741945176798154
-0.591565833488784,-0.5707780182227469,-0.8660995511378884,-0.6711234328156113
-0.5921985831727241,-0.5707780182227469,-0.8345694333048571,-0.7456722323797109
0.895162790979131,0.9387890267206459,0.9611059501475774,-0.5168835520543258
-0.5916257583283517,-0.5707780182227469,-0.8613949008999059,-0.6764942602990567
-0.43056241689321617,-0.41187622401817925,0.9733918081976232,-0.6805699946304656
-0.04775306543089839,-0.014621738506760096,1.066633495295162,-0.516797847360441
2.1617767451468897,2.1040688508874754,2.5006310506189617,-0.7075193594853423
-0.5916795491292236,-0.5707780182227469,-0.8622708619680254,-0.6760371685983378
-0.5915624125825882,-0.5707780182227469,-0.8324680228652249,-0.6694855208880357
0.2132413159467634,0.2237309528000914,0.454930390733403,0.7996595803127554
-0.4720135372677029,-0.5178107534878911,0.3505319616429343,0.8578292606010999
-0.5916488789357441,-0.5707780182227469,-0.8621588464861687,-0.6764561693239968
-0.591704163925529,-0.5707780182227469,-0.862732365753275,-0.6783083429862842
-0.5915888754546546,-0.5707780182227469,-0.8331759607105594,-0.6692998273846187
-0.5900136071326307,-0.5707780182227469,-0.8611350249819981,-0.4763261863593011
-0.5916529682948747,-0.5707780182227469,-0.862396319307705,-0.676565680877294
0.5335479587585874,0.48856727647437087,1.4926328534155662,0.5689234988874331
-0.5916726286753103,-0.5972616505901749,-1.6663829597150828,-0.6860693791547381
0.21505455351358005,0.2237309528000914,0.3603153938283008,0.7840756101413755
2.344817836059594,2.262970645092043,2.5049369257415344,0.8148959703367141
-0.4719797214133536,-0.5178107534878911,0.35119285298588937,0.6229031719191889
-0.5915748772637844,-0.5707780182227469,-0.8338122086475055,-0.6709805916591366
1.3974363994789396,1.3890107769669209,0.4513458953139882,0.8085062092704165
0.6872166379042768,0.6739527030463665,0.38669279949592306,0.7753480154807766
0.7647286707907377,0.7534036001486503,1.3263615527667159,0.7947077535549689
-0.5917045964538986,-0.5707780182227469,-0.8592374827193454,-0.6860027199483834
1.7105865458499143,1.6273634682737725,1.4821728477197849,0.7114218365865055
1.0816700069626353,1.0712071885577856,0.4050274935662319,0.7718150775439714
0.6088865759086509,0.5945018059440826,1.283647809225109,0.8036972236691046
1.2143778501484082,1.2036253503949252,1.1754901405635287,-0.9097871984252746
-0.5916917778858547,-0.5707780182227469,-0.8650017994156924,-0.6811746888595414
-0.5900344078151317,-0.5972616505901749,-1.568960854834651,-0.4790163614729063
0.4495191388898921,0.4620836441069429,0.4596843277834029,0.7971503373306847
-0.09800263857869534,-0.12055626797647187,0.40179024614057224,0.8083205157669995
2.3448866473911187,2.368905174561755,0.4546996388407783,0.40742252600535495
0.2958123186061574,0.2766982175349473,0.46509915617635683,0.7993405683966289
0.6647990857163636,0.6739527030463665,1.1385272718604462,-0.6713234104346757
-0.5913711564017105,-0.5707780182227469,-0.8622798232065739,-0.6383366260328054
-0.5915718888859582,-0.5707780182227469,-0.8708333254011535,-0.6669905620216126
-0.59221509789229,-0.5707780182227469,-0.8333507048622559,-0.7479291226520098
0.5341811016501361,0.5150509088417988,1.5003036736131143,0.7744338320793392
-0.5916006323621551,-0.5707780182227469,-0.8681830391004235,-0.6718519227136318
0.37072701863326807,0.35614911463723115,0.4549169488755804,0.7797284776126648
-0.10329635329403002,-0.09407263560904393,0.45030191102308337,0.4179356351218863
-0.5916435706330264,-0.5707780182227469,-0.8563093980236104,-0.6803128805488113
1.0569547461132107,1.0976908209252136,1.067231657968277,-0.47651187986271815
-0.47178783610030195,-0.5178107534878911,0.36362881178162276,0.8242711115733311
-0.5921910729073976,-0.5707780182227469,-0.8331042708021711,-0.7431344211663453
0.7710478316288335,0.7534036001486503,0.4539715382087098,0.8181098963573928
0.7665540191519026,0.7004363354137944,1.49504566689476,0.7759765165692649
-0.5917008609816159,-0.6237452829576028,-1.981310006335994,-1.35538970879159
1.0025082322330607,1.0182399238229298,0.6379099206560026,0.47233907025118327
0.6086186442440742,0.6209854383115105,0.3190175259773634,0.7961028355165376
-0.5915857297937849,-0.5972616505901749,-1.692883582412747,-0.7423916471526774
-0.5916628771266143,-0.5707780182227469,-0.8584376921788882,-0.6834125336443103
0.5324287719419092,0.5415345412092267,0.4591556147090389,0.7768621317394077
-0.5916514347852007,-0.5707780182227469,-0.7616025484233857,-0.8880562971536037
9.675116168639322,9.65190407560444,1.1772599851768648,0.41153635131182364
-0.5916330326691129,-0.5707780182227469,-0.8583032736006603,-0.6789606509341849
-0.5916517100305269,-0.5707780182227469,-0.8611574280783695,-0.6754943722037343
-0.5916418011987873,-0.5707780182227469,-0.8623268697089538,-0.6751134624531354
-0.591570434017806,-0.5707780182227469,-0.8692964729900794,-0.6694283844254458
-0.591654698408353,-0.5707780182227469,-0.8602792267006127,-0.6797177090635004
-0.5915582445819358,-0.5707780182227469,-0.8703090929460641,-0.6669477096746701
-0.5915935939459591,-0.5707780182227469,-0.8329564103661201,-0.6742611768861702
-0.5505218402723582,-0.5972616505901749,0.35962089784078904,3.619834430425481
0.18859183873027657,0.19724732043266346,0.9687543672487546,-0.4285410581466611
-0.4718393856178041,-0.5178107534878911,0.3627102848303976,0.8224427447704562
-0.5916472667845484,-0.5972616505901749,-1.659722519163882,-0.6719138205481041
0.2977317615480872,0.2766982175349473,0.4591645759475877,0.8058017500411638
0.895792198398397,0.912305394353218,1.4620683090361397,-0.90041681856054
-0.09808198787413357,-0.14703990034389983,0.37514400331649456,0.6000723937426633
0.5288170814143638,0.5150509088417988,0.36445548603772554,0.6990327469482742
-0.5915618620919361,-0.5972616505901749,-1.6596396277073078,-0.6717376497884522
-0.5916445536520483,-0.5972616505901749,-1.662955285970267,-0.6787844801745329
-0.5916452614257439,-0.5972616505901749,-1.6618597745577082,-0.6764561693239968
-0.1768712377152139,-0.2000071650787557,1.4953615505535958,0.77870478265793
-0.5129863205861909,-0.544294385855319,0.3600420760525705,0.825980444079144
-0.5916841103374847,-0.5707780182227469,-0.8588655913195811,-0.6788463780090053
-0.5915988629279159,-0.5707780182227469,-0.7604375874120756,-0.900483477766895
2.1635834947881625,2.1570361156223314,1.0894510489493774,-0.5030565281075834
0.7646705940269308,0.7798872325160783,0.3619799438886921,0.6143184184150647
3.448801909679107,3.481217733993729,0.4555240727872441,0.42941530273056255
-0.5916779762987888,-0.5707780182227469,-0.8620781953392319,-0.6789177985872425
3.3679147399625022,3.375283204524017,0.4517491510486721,0.7622685269195847
-0.591556396506175,-0.5707780182227469,-0.8692203024624167,-0.6653574114659194
-0.5505931681325786,-0.5972616505901749,0.35984044818522853,3.6203010448699655
1.0819240190778634,1.0976908209252136,0.4505685078699023,0.7876037867062984
-0.47176042952997466,-0.5178107534878911,0.36591840823077443,0.8209524353712376
-0.09759433179780835,-0.09407263560904393,0.45789432038333244,0.8536535374601586
-0.1804992856792818,-0.2000071650787557,0.4611629321439114,0.814153196323046
-0.47195278669215684,-0.5178107534878911,0.3841881333216063,0.8542867999205294
-0.5915817583969369,-0.5707780182227469,-0.8700492170281564,-0.6718614454573968
-0.591661107692375,-0.5707780182227469,-0.8625777843883129,-0.6757610090291536
-0.5916821442994411,-0.5707780182227469,-0.7629310520382064,-0.8932747607368094
0.9236459244182814,0.912305394353218,0.36952530674656076,0.7270248522454157
-0.5915696476025886,-0.5972616505901749,-0.5109119000280326,1.7696748284443116
1.0614809588970995,1.0447235561903576,1.5089109432389856,-0.5620451643597155
-0.5915496333353051,-0.5707780182227469,-0.8682368065317148,-0.6691522248562616
-0.47198298503650593,-0.5178107534878911,0.5640312297522173,0.40031855915668435
-0.1019682552748429,-0.09407263560904393,0.4567562430876677,0.7749623443582951
-0.591683402563789,-0.5707780182227469,-0.857082304848422,-0.6835744202883148
-0.5916290219515041,-0.5707780182227469,-0.8618832884008012,-0.6766894765462386
1.472609358263452,1.4949453064366327,0.4794931455949464,0.6924477696347945
0.4534028504411447,0.38263274700465905,1.4791730731156618,0.7633065059899669
-0.5505017866843138,-0.5972616505901749,0.36102109136399835,3.6228102878520363
-0.3643526255493032,-0.33242532691589544,1.174464078749721,-0.7454579706449991
-0.5916760495815061,-0.5707780182227469,-0.8600305523308909,-0.6836553636103171
0.1093653027075471,0.14428005569780758,1.1785347213603943,-0.7932288147419916
-0.5915729505465017,-0.5707780182227469,-0.7629646566827634,-0.8955983102154631
-0.12136038947980107,-0.09407263560904393,1.065322914157438,-0.4829254477884281
0.2970452210632753,0.2237309528000914,1.4761889806789985,0.8236902242036677
-0.5916833632430282,-0.5972616505901749,-1.6652560839676043,-0.683674409097847
0.6629788097333512,0.6739527030463665,0.9794652876238952,-0.6789939805373624
0.2952362694593937,0.30318184990237523,0.46432400904190835,0.789046482386692
-0.5916810433181368,-0.5707780182227469,-0.8589238393701465,-0.6836696477259646
-0.5899707081825203,-0.5707780182227469,-0.8569366847220082,-0.47398835276499995
-0.5916245000640039,-0.6237452829576028,-1.981310006335994,-1.35538970879159
-0.5916393239908524,-0.5707780182227469,-0.8579761883936387,-0.6773417844941393
0.059758899245320976,0.06482915859552374,0.4570430027212212,0.7738100923627335
-0.5915906055681329,-0.5707780182227469,-0.8325150693676047,-0.673994540060751
0.8277999969641905,0.8593381296183621,1.281317887202489,-0.9713755437252445
-0.33609440686233616,-0.3589089592833234,0.3575754951420853,0.5993486652165253
-0.5916071989292205,-0.5707780182227469,-0.8703606200677182,-0.669195077203204
0.7676179602995565,0.7534036001486503,1.2765057021019242,0.6580373350400607
-0.5915717316029147,-0.5707780182227469,-0.8345067046350173,-0.7433058305541149
-0.12661600237785145,-0.09407263560904393,0.9860002708354162,-0.4737693296584056
-0.5916270952342214,-0.5972616505901749,-0.5419513900505313,1.703706021012454
-0.5915794777928063,-0.6237452829576028,-1.981310006335994,-1.35538970879159
-0.5500313924220112,-0.5972616505901749,0.3848109394007297,3.673371295872166
-0.5916071596084597,-0.5972616505901749,-1.6592789378557293,-0.6709710689153716
-0.5922011390221807,-0.5707780182227469,-0.8358217663920153,-0.7408489626627517
1.1383175004325532,1.1771417180274975,1.0680986577978477,-0.46692723826327165
-0.47198396805552767,-0.5178107534878911,0.9597841674616683,-0.44134438713866875
-0.5916591416543315,-0.5707780182227469,-0.863397737715504,-0.676508544414704
-0.5915808933401977,-0.5707780182227469,-0.8684160313026854,-0.6727137310243619
0.9233974565303361,0.9387890267206459,0.47580783624185985,0.77508614002724
-0.022707313586351082,-0.041105370874188044,0.44880090356620334,0.7993262842809815
-0.5915805787741107,-0.5972616505901749,-1.6596351470880337,-0.6717281270446871
0.9269993561884247,0.9387890267206459,0.45641571602282344,0.7779048721816721
-0.5917041246047682,-0.5707780182227469,-0.7593062310453227,-0.8956792535374655
0.35281012073467727,0.38263274700465905,0.7057397755395248,-0.4383399614808195
-0.5916196242896559,-0.5707780182227469,-0.8573869869590722,-0.6741278584734605
0.6641874906017722,0.7004363354137944,1.176162233454669,-0.6729041858996614
-0.5505749626202953,-0.5972616505901749,0.3590204948580371,3.618558382760975
-0.5916294544798737,-0.5707780182227469,-0.7616876801895968,-0.8886276617795023
-0.2556155439266185,-0.25297442981361157,0.4434577650816373,0.8160244154728635
0.1346862212366713,0.09131279096295168,1.4967102169551507,0.7776525194719005
0.6893339035941498,0.7004363354137944,0.3762798403025213,0.39992812666232025
-0.591557300883675,-0.5707780182227469,-0.761526377895723,-0.8953221506462788
-0.4717470211505176,-0.5178107534878911,0.3676165629357225,0.8225951086706956
0.5319658093034112,0.48856727647437087,0.3869997219162101,0.7721769418070402
-0.5505720135632299,-0.5972616505901749,0.36251313758233006,3.6259813615257728
1.004996410660232,0.9917562914555018,0.4942276620783798,0.7017943426401169
0.057611631814903266,0.06482915859552374,0.35666816973904586,0.8044019067077125
0.4281405591664795,0.4620836441069429,1.1747889236471056,-0.670447318008298
-0.5916480925205266,-0.5707780182227469,-0.8626248308906926,-0.6786606845055883
-0.47198632730117995,-0.544294385855319,0.38593333452893425,3.21794607531228
-0.04974061193065713,-0.014621738506760096,1.1021065580895504,-0.549517994936892
-0.591619899534982,-0.5972616505901749,-0.5418371342590373,1.7039488509784608
-0.5915689398288928,-0.5707780182227469,-0.8691463722443913,-0.6676571540851606
0.844311570869243,0.8328544972509341,0.5613675015936647,0.5886260557371646
-0.5916175796100906,-0.5707780182227469,-0.8612918466565976,-0.675618167872679
-0.550541146765946,-0.5972616505901749,0.3623249515728108,3.625581406287644
-0.591693507999333,-0.5707780182227469,-0.7615644631595544,-0.891960622097243
-0.5916235956865039,-0.5707780182227469,-0.8604158855884779,-0.6733612776003801
-0.5917281495896605,-0.5707780182227469,-0.8592330021000709,-0.6884453037240991
-0.5505114595914882,-0.5972616505901749,0.3607388123497192,3.6222103549948423
-0.10000996342117233,-0.14703990034389983,0.4590615217042795,0.8140817757448088
-0.4718368297683475,-0.5178107534878911,0.3616887036358642,0.8267660704397543
-0.5916526930495486,-0.5707780182227469,-0.8602456220560558,-0.6788987530997126
-0.5916708199203102,-0.5707780182227469,-0.8639376523380535,-0.6741611880766379
-0.2850413532868962,-0.25297442981361157,0.9608662370164043,-0.5166883358071438
-0.2017884499924731,-0.17352353271132775,0.9770031873326839,-0.7574613891607489
-0.5915604465445446,-0.5707780182227469,-0.8691530931733027,-0.6691474634843791
0.13805852697203266,0.11779642333037962,0.36085754876048753,0.7879275599943075
0.03282193676514946,-0.06758900324161599,1.4968916820357587,-0.2904041370919468
-0.5916240675356343,-0.5707780182227469,-0.8640339856524503,-0.6700616468858166
1.0805871525290018,1.0447235561903576,0.36993528341015647,0.805873170619401
0.7389020479560481,0.7798872325160783,1.0054170344604612,-0.4716124281956389
-0.5915863196051979,-0.5707780182227469,-0.8703673409966296,-0.6686141898335406
0.5031524207937029,0.5415345412092267,0.985258728345525,-0.6711758079063186
-0.591639756519222,-0.5707780182227469,-0.8634201408118755,-0.6789844577935974
1.8468627874055135,1.865716159580624,1.0675721850331212,-0.5197260910681706
1.447770276338044,1.441978041701777,1.5077459822276755,-0.46687010180068184
1.0023326650357707,1.0182399238229298,0.4930335770417873,0.6955950364491186
0.29184147224881407,0.30318184990237523,0.46345028828342566,0.7907224852893274
0.1201926674210527,0.14428005569780758,1.0186931093701204,-0.46936506066710504
0.11722339948462168,0.14428005569780758,0.9820573258740595,-0.46218491186831456
-0.5916585911636792,-0.5707780182227469,-0.8586617231426017,-0.6820364971702716
-0.5916040532683509,-0.5707780182227469,-0.8584444131077996,-0.6802605054581039
-0.591651631389005,-0.5707780182227469,-0.8596743430985865,-0.6833458744379556
-0.5915904876058503,-0.5972616505901749,-0.5462371023863695,1.6945975166012563
-0.5899707475032812,-0.5972616505901749,-1.5648252432445007,-0.4702268689778353
0.9302073011433442,0.912305394353218,1.3789281780924405,0.756788187882842
-0.5915793991512845,-0.5707780182227469,-0.8697310930596834,-0.6694093389379159
-0.5916710951656363,-0.5707780182227469,-0.8603733197053723,-0.6812508708096613
-0.5915990595317202,-0.5707780182227469,-0.7653393848981261,-0.8766194818918698
-0.47178256711834515,-0.5178107534878911,0.8736420216042087,-0.46921269676686544
-0.5915898977944373,-0.5707780182227469,-0.8707549145638538,-0.6686856104117779
-0.5902791009100334,-0.5707780182227469,-0.8698789534957343,-0.514598093550732
-0.5916767966759626,-0.5707780182227469,-0.8625284975762958,-0.6787273437119431
1.060528728031081,1.0976908209252136,1.177958961783651,-0.9014452748871572
1.2935346704621133,1.309559879864637,0.9886908827096148,-0.6806699834399977
-0.5916173043647646,-0.5707780182227469,-0.7629512148249407,-0.8835710848403009
0.18821837014352147,0.2237309528000914,0.9986221753310324,-0.48322541421702486
-0.591689811847811,-0.5972616505901749,-1.663871572611855,-0.6807318812744702
-0.550542640954859,-0.5972616505901749,0.360129448128419,3.6209152618428067
-0.5916296904044389,-0.5972616505901749,-1.6585530775332977,-0.6694283844254458
-0.5915467235990006,-0.5707780182227469,-0.8331602785430996,-0.7456722323797109
0.05734991283054429,0.06482915859552374,0.26487148235745883,0.8256566707911348
0.7663968540706999,0.7798872325160783,0.4704266124934627,0.7965123134984317
1.0025749595642592,0.9917562914555018,1.4950792715393166,0.7783429183948609
-0.5182066234409789,-0.4913271211204631,0.3583349601090741,-0.9072541485837914
-0.5915976833050897,-0.5972616505901749,-1.6607194569524066,-0.6740326310358108
-0.550550937635403,-0.544294385855319,0.35943943276018114,-0.6763180895394046
0.751682003012898,0.7269199677812224,1.4839987000740495,-0.7545759977999618
-0.5505735077521431,-0.5972616505901749,0.36127200604335763,3.623343561502875
-0.5916332685936783,-0.5707780182227469,-0.8627122029665409,-0.6739326422262786
-0.591695316754333,-0.5707780182227469,-0.7630609899971602,-0.888480059251145
-0.59157377628248,-0.5707780182227469,-0.8714113252875344,-0.7434391489668245
-0.591540471598022,-0.5707780182227469,-0.8694824186899616,-0.6717614566478645
0.449099271805309,0.4620836441069429,0.46375945101335064,0.7874561841779412
-0.5916806107897672,-0.5707780182227469,-0.8645066909858857,-0.6771370455031924
-0.47199073122639756,-0.5178107534878911,0.34949693859057823,0.6268217809784756
-0.591589032737698,-0.5707780182227469,-0.8713978834297116,-0.6670762667154972
-0.5916992488304201,-0.5972616505901749,-0.5448951569137261,1.6974495783588657
-0.0998490628676872,-0.14703990034389983,0.46438449740211096,0.8071873092589674
-0.550636420969537,-0.5972616505901749,0.3578600144660014,3.6160919921258468
-0.5916427448970482,-0.5707780182227469,-0.8644932491280629,-0.6764085556051719
0.6823970136027668,0.7004363354137944,0.4851544080479852,0.36109913896063855
-0.11885974637143346,-0.09407263560904393,0.9952079434440392,-0.2905707851078339
-0.5916679101840058,-0.5707780182227469,-0.8627211642050895,-0.6741040516140482
-0.5915912347003068,-0.5707780182227469,-0.8672958764841181,-0.669028429187317
0.5034558591053465,0.5150509088417988,1.0800574306408721,-0.5097081646274179
2.188736238423041,2.1570361156223314,1.1865975957444412,0.4070987527173458
1.7155969151624104,1.6273634682737725,1.478043957058546,0.4349384941142475
-0.5915900943982416,-0.5972616505901749,-1.6596777129711393,-0.6718185931104543
1.0050353382134947,1.0182399238229298,0.5642306173099223,0.6299119113302097
-0.016165007430310976,-0.014621738506760096,0.4532389569573668,0.8168195645772387
0.8470930035309922,0.8328544972509341,1.4949560545092746,0.7745576277482837
-0.5550089682199411,-0.544294385855319,1.2943968148640805,-1.0523664794463492
0.47056828927872535,0.43560001173951496,1.0820557868371963,-0.4716790874019938
0.6862605929244535,0.6474690706789386,0.4184895141757731,0.7945839578860242
-0.5915959925123723,-0.5707780182227469,-0.83495028594317,-0.6693617252190911
0.05936852273139133,0.06482915859552374,0.3663351058232815,0.777571576149898
-0.550601307530079,-0.5972616505901749,0.3576292625733766,3.6156015708219504
0.059308558571062646,0.06482915859552374,0.26208677747850084,0.8030734839524988
0.689331426386215,0.7004363354137944,0.4957824369665511,0.7087507069604304
-0.5917183193994427,-0.5972616505901749,-1.6636856269119726,-0.6803366874082237
-0.5916520245966138,-0.5707780182227469,-0.8607765754400568,-0.6757229180540937
0.9938197596279073,0.9917562914555018,1.6245333236114983,-0.48759635360514797
0.21395722903994616,0.1707636880652355,0.45612671607963295,0.7758622436440852
-0.5915855725107414,-0.6237452829576028,-1.981310006335994,-1.35538970879159
0.37235654960529413,0.38263274700465905,0.26633216424087075,0.8053018059935025
-0.5915868307750892,-0.5707780182227469,-0.8333081389791502,-0.669371247962856
-0.019545491883933525,-0.12055626797647187,2.4631170657451444,0.7795427841092477
0.11023409491899724,0.14428005569780758,0.9605705161443024,-0.5169978249795055
-0.591652260521179,-0.5707780182227469,-0.8616166915539821,-0.6742088017954628
-0.4431784830187547,-0.4383598563856072,1.481791995081472,-0.4717933603271735
-0.5916075134953076,-0.5707780182227469,-0.8694465737357673,-0.6717566952759819
-0.5916653543345491,-0.5972616505901749,-1.6641000841948428,-0.6812175412064838
-0.0210865511439993,-0.06758900324161599,0.3699218415523338,0.8159101425476837
-0.5916456939541135,-0.5707780182227469,-0.8626181099617813,-0.6763847487457594
-0.5916912273952024,-0.5707780182227469,-0.7622679203856146,-0.8932604766211619
-0.5505882923582306,-0.544294385855319,0.35686307667747647,-0.8907226654077964
0.6864033272864162,0.7004363354137944,0.3642762612667546,0.8084871637828865
2.8155493918490344,2.766159660073174,1.473381872703669,0.40547988627730014
-0.5916592596166141,-0.5707780182227469,-0.7602471610929192,-0.8931509650678648
0.057641554913926314,0.06482915859552374,0.350876969327053,0.8093632562092642
-0.5916079067029163,-0.5707780182227469,-0.8587199711931673,-0.6752324967501976
-0.12498651072658629,-0.14703990034389983,2.0849886439510312,-1.009966462832802
-0.5916582372768314,-0.5972616505901749,-1.661469960680847,-0.675627690616444
0.19230352195271755,0.11779642333037962,2.5052640109485558,-0.684279103326923
-0.5129007586105351,-0.544294385855319,0.35051179885620026,0.8529964681403753
0.6106713845653575,0.6209854383115105,0.4668174736680389,0.7747004689047585
1.4732414788152186,1.4684616740692047,0.4576299638461504,0.7027799466197915
-0.020906029530839438,-0.014621738506760096,0.4808798972603325,0.3571900526451166
0.4262269750179197,0.4620836441069429,1.0687349057347943,-0.5208735816918499
-0.1952461045156721,-0.17352353271132775,1.3142885241321982,-0.9933397522191573
-0.3342062239252991,-0.3589089592833234,0.5630880593949836,0.593811189717193
0.6908357993763877,0.5680181735766546,1.4780148330332632,0.7901939730103712
0.374460446236471,0.35614911463723115,0.4239782727867529,0.7746528551859335
-0.5915785734153063,-0.5972616505901749,-1.6574418839532787,-0.6670667439717323
0.13841284634824347,0.11779642333037962,1.460724123253859,0.3960190403467986
-0.5505986730391006,-0.5972616505901749,0.359313975420502,3.6191821224775813
2.57716275717962,2.5807742335011783,1.4702118345671238,0.3907672471604153
-0.591571928206719,-0.5707780182227469,-0.8687453568193442,-0.6692664977814413
1.4553640982813032,1.4684616740692047,1.4954870078932756,-0.5169264044012681
1.4526246995129253,1.441978041701777,1.0700634093496149,-0.5573980654024081
-0.5916021265510681,-0.5707780182227469,-0.86949137992851,-0.6706996707180698
-0.1640481871044492,-0.17352353271132775,1.3858283317748148,-0.4667320220160897
0.21824319197491177,0.2237309528000914,0.4513033294308827,0.8198287516069707
0.46395489118703004,0.5150509088417988,1.091698079515423,-1.0025482454398873
-0.5915788879813932,-0.5707780182227469,-0.8695025814766957,-0.6684284963301236
0.5048967683874732,0.5150509088417988,1.463582758350843,-0.519202340161097
0.45373747011615906,0.4620836441069429,0.2787838052040643,0.7735720237686089
-0.5506570643689944,-0.5972616505901749,0.349420768062916,3.5981559042445186
-0.5915729505465017,-0.5707780182227469,-0.7618893080569388,-0.8216494435085567
0.29490825567220585,0.2502145851675193,0.37800711903275225,0.6188702899347222
-0.5916833632430282,-0.5707780182227469,-0.862331350328228,-0.6740326310358108
0.2772696701190616,0.30318184990237523,1.0851518947557162,-1.0242077261333207
-0.48253868261315214,-0.544294385855319,0.3606648821316939,1.9090973199072976
-0.5915774331132411,-0.5707780182227469,-0.8678873182283217,-0.6694521912848583
-0.4717069532951898,-0.5178107534878911,0.3670990514095442,0.8233854964031885
-0.591601851305742,-0.5707780182227469,-0.8701433100329162,-0.6714091151285605
0.057591578226858994,0.03834552622809579,0.36305529251451624,0.8037162691566345
0.29189573489881643,0.30318184990237523,0.4632576216546325,0.7765716880545758
-0.5916481318412875,-0.5707780182227469,-0.8618048775635014,-0.6693045887565012
-0.591640031764548,-0.5707780182227469,-0.8578216070286762,-0.6856551398009617
-0.5915961891161766,-0.5707780182227469,-0.869442093116493,-0.6714567288473854
0.9234992973009926,0.9387890267206459,0.4788188123941687,0.778038190594382
1.4475641569095572,1.4684616740692047,1.0061361738539814,-0.4547286035003399
0.2170117050651853,0.1707636880652355,0.3843427146865688,0.8177194638630287
-0.5921685027906576,-0.5707780182227469,-0.834334200792958,-0.7424583063590322
-0.019161131446417144,-0.014621738506760096,0.4740335110092495,0.7905034621827328
2.4001552010980425,2.4483560716640387,0.602492865602543,0.16491157191464212
-0.17683368638858188,-0.22649079744618364,1.2811252205736956,0.772781636036116
1.00330612911266,1.0182399238229298,0.36780474894524173,0.6658412235554569
-0.2052960584659924,-0.17352353271132775,1.0653385963248982,-0.46437038156237614
-0.5915867128128066,-0.5707780182227469,-0.8700828216727136,-0.6668429594932554
1.0023382485838142,1.0182399238229298,0.4627938775597455,0.7772716097213014
-0.5916051935704162,-0.5707780182227469,-0.7592457426851201,-0.8885086274824399
-0.5915552562041096,-0.5707780182227469,-0.8686512638145846,-0.6696140779288628
-0.5915867521335675,-0.5707780182227469,-0.7647793074888423,-0.8810761259738776
-0.47133989399245674,-0.5178107534878911,0.38494087735968374,0.781656833225072
-0.6262168214781978,-0.6237452829576028,-1.981310006335994,-1.35538970879159
-0.1805399040252618,-0.17352353271132775,0.46678834964275656,0.8098870071163378
-0.5916815544880281,-0.6237452829576028,-1.981310006335994,-1.35538970879159
-0.5915645359036753,-0.5707780182227469,-0.8354543556115251,-0.6652050475656799
0.11902896950306822,0.14428005569780758,0.960745260295999,-0.6666763114773684
-0.4724777188497879,-0.46484348875303516,0.3624929747955955,-0.7575280483671036
-0.4397131836839329,-0.4383598563856072,0.3656137261201243,-0.9525205110705957
-0.25569426408988266,-0.25297442981361157,0.4523562749603358,0.8189098068336507
-0.5916668485234622,-0.5707780182227469,-0.8605099785932377,-0.6844790809459874
-0.5916819476956368,-0.5972616505901749,-1.6662597426850405,-0.6858075037012012
1.061938927798967,1.0976908209252136,1.0672204564200911,-0.5146504686414394
-0.5505595882027946,-0.5707780182227469,0.3595290451456666,-0.6787416278275906
0.9215886622094982,0.912305394353218,1.392513415732024,0.7754718111497213
0.45081483660212135,0.4620836441069429,0.4636429549122193,0.6699836170932206
-0.5236208956091447,-0.544294385855319,0.36080826194847065,-0.4669558064945666
-0.5916263874605258,-0.5972616505901749,-1.6596866742096879,-0.6718376385979843
-0.5915657548472623,-0.6237452829576028,-1.981310006335994,-1.35538970879159
-0.5916628771266143,-0.5707780182227469,-0.8615405210263196,-0.6741897563079329
-0.1825147105984983,-0.2000071650787557,0.4583065373565651,0.40058995735398595
0.925350164835963,0.9387890267206459,0.4546996388407783,0.8162577226951052
-0.5916417225572655,-0.5707780182227469,-0.861645815579265,-0.6740373924076933
-0.5916633096549838,-0.5707780182227469,-0.8594480718252359,-0.6811604047438939
-0.5916442390859613,-0.5707780182227469,-0.8590604982580117,-0.6811937343470713
-0.5915952847386766,-0.5707780182227469,-0.8685347677134536,-0.6716995588133922
-0.5915793991512845,-0.5707780182227469,-0.8704121471893723,-0.6709901144029016
-0.5916431381046569,-0.5707780182227469,-0.8625486603630301,-0.671032966749844
-0.5129152679712965,-0.544294385855319,0.350258643867204,0.8521060915983503
-0.0999122906511682,-0.09407263560904393,0.464716063228407,0.8093537334654992
-0.5916463624070484,-0.5707780182227469,-0.8604427693041236,-0.6811746888595414
-0.5916539119931357,-0.5707780182227469,-0.8602276995789587,-0.67985102747621
-0.5915764107734583,-0.5707780182227469,-0.8342893946002152,-0.6684570645614184
0.5017836651077752,0.5415345412092267,0.96001715966393,-0.5169692567482106
-0.23583979637860047,-0.25297442981361157,0.9704570025729771,-0.28116707563992194
1.4527100648847768,1.4684616740692047,1.1812029301382214,-0.6787844801745329
-0.5916226126674821,-0.5707780182227469,-0.7603681378133245,-0.8884562523917325
0.509880124337251,0.5150509088417988,0.4837833385500588,0.7626208684388888
-0.5915387808053046,-0.5707780182227469,-0.8688013645602726,-0.6669381869309051
-0.5916755777323757,-0.5972616505901749,-1.6639253400431464,-0.6808461541996499
-0.5916585911636792,-0.5707780182227469,-0.757959804953405,-0.8978980528347044
-0.5505079207230098,-0.5972616505901749,0.363131463042179,3.627295500165339
0.3481968124654586,0.38263274700465905,0.888952297664386,-0.5168311769636185
-0.5916920924519415,-0.5707780182227469,-0.8584735371330824,-0.6833934881567804
0.21461801442638745,0.1707636880652355,0.34930651227142206,0.7780334292224993
1.0012637694722468,1.0182399238229298,0.35025640355756704,0.7033846408488675
-0.47200138715259365,-0.5178107534878911,0.3505902096935,0.8539630266325202
-0.5899430263668669,-0.5972616505901749,-1.5632122203057637,-0.4667986812224445
-0.5505850680558392,-0.5972616505901749,0.360284029493381,3.621243796502698
0.7006598555555029,0.6739527030463665,1.4974226354197597,-0.7455103457357064
0.059112859144206456,0.06482915859552374,0.4699830311853102,0.7861277614227272
0.2164809927557061,0.1707636880652355,0.49111811230203717,0.7777429855376677
-0.12852128984586758,-0.12055626797647187,2.079522288436423,-0.5246303041071323
0.6923523618024309,0.6739527030463665,0.552650456795574,0.40077088948552064
-0.591673336449006,-0.5707780182227469,-0.857100227325519,-0.6820222130546242
-0.471974413110636,-0.5178107534878911,0.35106515533657273,0.7774763487122485
1.6128727249713957,1.6538471006412003,1.0777140667604297,-0.45968995300189136
-0.5916322069331347,-0.5707780182227469,-0.8615046760721254,-0.6765942491085889
-0.5916767966759626,-0.5707780182227469,-0.8623559937342365,-0.6812461094377787
-0.5916744374303105,-0.5707780182227469,-0.8585228239450993,-0.6842267282362156
-0.5916506876907441,-0.5707780182227469,-0.8658531170778035,-0.6705901591647727
0.7640062304512502,0.7798872325160783,0.45844095593479306,0.7772192346305942
0.3437797541137483,0.38263274700465905,0.9603980123022429,-0.5951462216867653
-0.5129281651808623,-0.544294385855319,0.3582879136066942,0.8252900451561833
-0.5915830953028065,-0.6237452829576028,-1.981310006335994,-1.35538970879159
-0.5915619800542187,-0.5707780182227469,-0.8705868913410688,-0.6670715053436148
-0.5915950881348722,-0.5707780182227469,-0.86797469030417,-0.6729994133373112
-0.5916633882965056,-0.5707780182227469,-0.8604158855884779,-0.6784845137459363
-0.5915598174123707,-0.5707780182227469,-0.867410132275612,-0.6693522024753261
1.3152785400540197,1.309559879864637,0.49157961608728673,0.7748004577142906
0.3744291469108174,0.38263274700465905,0.49183277107628304,0.7776287126124879
-0.28502546769950426,-0.25297442981361157,0.9608863998031383,-0.44354890232026023
-0.5916722747884624,-0.5707780182227469,-0.86068024212566,-0.6789463668185375
0.057897021897306764,0.06482915859552374,0.4929865305394074,0.7761479259570344
0.6104422624917608,0.5945018059440826,1.4240883397577981,0.5505636489085631
7.830991043177132,7.85101707461934,1.496445860417969,-0.7485242941373207
-0.591680374865202,-0.5707780182227469,-0.8605615057148919,-0.675646736103974
-0.017826702784729684,-0.041105370874188044,0.45490798763703205,0.8194002281375469
-0.591625365120743,-0.5972616505901749,-1.6582013489202674,-0.6686808490398954
-0.5916009076074812,-0.5707780182227469,-0.8680194964969127,-0.6715091039380927
0.031102754458336993,0.06482915859552374,0.9921656029568106,-0.6694902822599182
0.2180557499078385,0.19724732043266346,1.2864481962715275,0.8206619916864057
0.6841044783228397,0.7004363354137944,0.4683453648405648,0.7905986896203826
0.8976438916693456,0.9387890267206459,1.2468619249833603,-0.8981218373131814
-0.5916409754628089,-0.5707780182227469,-0.8583660022704999,-0.6803319260363413
-0.12073499277814394,-0.12055626797647187,1.391059454777524,-0.5167073812946739
-0.47197571069574473,-0.5178107534878911,0.9599073844917104,-0.43806856328351773
-0.5915900943982416,-0.5707780182227469,-0.8702396433473129,-0.6692284068063814
-0.5917169038520513,-0.5972616505901749,-1.6645279833355353,-0.6821269632360388
-0.5916029916078074,-0.5707780182227469,-0.867410132275612,-0.6740564378952233
0.9220138375967989,0.9387890267206459,0.35635228608021,0.8086823800300685
-0.47197842382824484,-0.5178107534878911,0.3496940858386463,0.7791713971024137
-0.5916066091178075,-0.5707780182227469,-0.8608281025617108,-0.6717614566478645
0.5321584810316803,0.48856727647437087,2.4697013357686832,0.7662823634165215
-0.5915794384720455,-0.5707780182227469,-0.870340457280984,-0.6661049468514699
-0.5917159208330296,-0.5707780182227469,-0.804643377172014,0.24077451011830814
1.7105222564058895,1.7068143653760564,1.4964391394890575,0.3979569187029708
0.26715684227210823,0.30318184990237523,0.9974146484366168,-0.4715695758486965
-0.5915634349223708,-0.5707780182227469,-0.869274069893708,-0.6687094172711903
0.374376142525163,0.2237309528000914,2.503046104407793,0.5634717280819853
-0.5506501045943202,-0.544294385855319,0.3498352253457856,-0.8956173557029931
1.472366395282029,1.3890107769669209,1.4819488167560715,0.7730101818864756
0.3758784708357706,0.3296654822698032,1.489852629155882,0.7783667252542734
-0.5915613902428055,-0.5972616505901749,-1.6584679457670863,-0.6692474522939112
0.21634376330026547,0.1707636880652355,1.3772501861742266,0.6340162138929137
-0.5505001352123573,-0.5972616505901749,0.3602974713512037,3.6212723647339926
0.3688010091242729,0.3296654822698032,1.495180085472988,0.4014565270365987
1.2945451353749822,1.2830762474972093,1.482522336023178,-0.37796100463900123
0.6754012211115988,0.6474690706789386,1.483655932699568,-0.6834363405037227
-0.5899138503623005,-0.5972616505901749,-1.5657079252415316,-0.47210284949953507
-0.5915670917531318,-0.5707780182227469,-0.8690500389299946,-0.6699521353325194
-0.5916424696517221,-0.6237452829576028,-1.981310006335994,-1.35538970879159
-0.5915463697121528,-0.5972616505901749,-1.657379155283439,-0.6669334255590227
-0.10169985176113579,-0.14703990034389983,0.46104867635241753,0.39214328363445394
-0.5505726426954038,-0.5707780182227469,0.36178279664062407,-0.683750591047967
