Interval Duration,Max Data Gap,Min Data Gap
-0.8424189449159994,-1.458501595814441,-1.0199997832342727
-0.8126245183510509,-0.5661310987722878,0.8378430323253796
-0.8130123088358937,-0.5672295529748338,0.8355561399917742
0.4620620420369109,0.6159600513252356,0.2574392634767872
-0.8131814840080018,-1.2415219766193548,-0.5682658588378255
-0.8134716526878982,-1.2444816258399065,-0.5744276078638235
0.7208240074369193,0.6145111123465715,0.38338888025093953
1.4470108607724315,1.229088181549752,0.1416296937612982
-0.49105289938722735,-0.06170562043272723,-0.5723084582441744
-0.5722044855588913,1.2305465205032544,4.578379746517323
-0.3677808303542237,-0.05540495158389398,0.37738369109130115
-0.4824195721398272,-0.11720307187871731,0.25340505120613604
0.7194359080704509,1.2307788341671175,0.25432763613289633
0.8754623399421415,0.9560914265854664,-0.45092983042533347
0.2457759891637659,1.2295111804174808,0.3886000872311849
-0.8128237171721941,-0.7258957568330511,-0.6878971667196209
-0.8133127251085744,-0.728521035520065,-0.7052585376141067
1.0950175546958543,0.5000435901785724,0.12531391911714035
-0.8421169106023526,-0.7860582815059906,-0.22576319405787793
1.0715005877318609,0.6056294789778198,0.2765060186298297
-0.8423179072467913,-1.458501595814441,-1.0199997832342727
1.4466414080852033,1.2305223491393844,0.24616695309891812
-0.5642255659910591,0.6184886445567688,0.3774871324315741
-0.20380046865850857,0.11873361085835085,0.027201205724050232
-0.47666348129457176,-0.019083448808266405,-0.3490233359849297
0.10276292143434254,1.2308594053800188,-0.4477874502505505
-0.9322583323809175,-1.458501595814441,-1.0199997832342727
2.1588133299205166,0.6159519942039455,0.259167013430538
-0.7518365170830442,-1.458501595814441,-1.0199997832342727
0.17175870517570055,0.6184121019045131,0.26275391179730534
0.5157013585349549,1.2297287226923126,0.38066026543724907
-0.8130313657628263,-0.5691793763270303,0.8314967663140297
0.27668326834863927,0.6158741086981414,0.4991816756950331
2.3545171825772693,1.2327018004483477,-0.5703095242361942
-0.8422844677334946,-1.458501595814441,-1.0199997832342727
-0.8127870415769656,-1.458501595814441,-1.0199997832342727
-0.805029254274482,-0.5092424510502127,0.9562805712261851
-0.11402436457359251,0.6043900251526977,0.23575572198602507
-0.7824156935164858,-0.3402537319658698,1.3081013437664102
0.5909273191245962,0.6264141661990991,-0.5713886690293136
1.0198879574348527,0.6267740509500556,-0.08057348799292792
-0.8128195821786144,-1.458501595814441,-1.0199997832342727
-0.8120441809912581,-0.7272023533355905,0.5025057771432688
0.2526895186466749,0.6161386508471653,0.38328264319876726
0.7148050748258593,0.6051581373823508,0.2764836529346355
0.9002129732515186,0.6192795852967438,-0.5808409709607559
-0.8422389828041181,-0.787045278864024,0.3779176720640621
0.26851413907614147,1.2317832886212798,-0.4492328333024747
-0.0319558885212153,-0.05941068371860619,0.25340784691803536
-0.8123852280704175,-0.7899297282858685,-0.5562666633661454
2.0980778250927385,0.17312723668760174,-0.08983288580332038
0.9564431329007314,1.2279870416401093,-0.48367320818962
-0.4824603827286354,0.9519836375810801,-0.44352119389225975
-0.8126529239591199,-0.720457199962255,0.07770574118441881
-0.8130277701162352,-0.7835484882241344,-0.5693170465119523
0.3665769500770821,1.2288518393252432,0.49970447382019695
-0.8131131667227722,-0.7861603383756648,-0.5667421958527218
-0.4514391215468263,-0.0553096089819616,-0.4394590245026159
-0.7662336658158705,-0.7281504079407217,0.03610554812323504
-0.4444892760333479,0.27981292254294343,-0.5608460394571547
-0.19466267219438643,1.2272457864814232,0.5473014689053217
-0.8133272874772683,-1.2233343681605742,-0.5304007368740706
0.2543836075380402,0.60547505081976,0.3668997714690269
-0.8128168854436711,-1.458501595814441,-1.0199997832342727
-0.813375109576929,-1.458501595814441,-1.0199997832342727
-0.3919022255101697,-0.05654637709998701,0.2587504523575463
1.3262985325475847,1.2328535428993104,-0.5690290881863271
-0.8422779955696308,-1.458501595814441,-1.0199997832342727
0.47105583285506236,1.2303920923451945,-0.5613436761752253
-0.9284607902337978,-1.458501595814441,-1.0199997832342727
-0.1143718838166159,0.618809586554823,-0.44496657694418396
1.7421713768311393,1.2284637546497716,-0.30475603377183935
-0.8127942328701475,-1.458501595814441,-1.0199997832342727
0.2774342191391766,0.6145111123465715,0.26310617149661375
-0.8130784687331688,-1.458501595814441,-1.0199997832342727
-0.8128264139071373,-1.2388282124013754,-0.5626576607678837
-0.8131239536625454,-1.458501595814441,-1.0199997832342727
-0.8131131667227722,-0.5691807191805787,0.8314939706021303
1.24442547988743,0.6189250719599807,0.24975105575378623
0.7196732207454594,0.5655506719739236,0.2571820579820541
-0.12858673326727688,1.229022381725883,-0.5734155601562866
-0.09927628073348133,1.2338539687928274,0.036130709530328445
0.9678276691372608,1.2499144972310299,0.27640537300145596
0.0005160362777460788,-0.1119686287472697,0.5005767359327704
0.007838390778055686,-0.0539210984129729,0.3732460374803768
0.5244457912620183,-0.052454702338180656,0.25636850581936554
0.5103145405945988,0.5190825677870033,0.2783763498904435
2.1594396915566745,1.2290062674833029,0.14196797490111035
-0.9320409755444895,-1.458501595814441,-1.0199997832342727
-0.8420910219468972,-1.458501595814441,-1.0199997832342727
2.1505589838238106,1.2283778120226774,0.23289850442496787
1.3133608567660586,1.2499306114736097,0.010952528165474856
1.080278999319209,1.228407354800741,0.36913913670034465
-0.8131223356215793,-0.5692854617573496,0.831275905073987
-0.8135121037120474,-1.458501595814441,-1.0199997832342727
-0.8130504226897587,-1.2396272102626404,-0.5643211093479512
1.7987603820101374,0.6157908517781441,0.12528875771004694
-0.8129012033562308,-1.458501595814441,-1.0199997832342727
0.37582243615660565,0.6192312425690034,0.508673117593065
0.25386313769398816,0.618481930289027,0.24970352865149847
-0.8133689969777242,-0.7281128080413682,-0.6626323182858899
1.0629594888195206,-0.06167070624047046,0.2331473227840032
1.79955340186579,1.2288424393504047,0.23254624472565943
-0.6234201564722494,-0.06115639333145441,1.889159309199432
1.5946702230267886,1.2316691460696705,0.24921148335722654
0.9279603982121918,1.2300456361297214,0.030908319702486347
-0.81290156292089,-1.458501595814441,-1.0199997832342727
0.23740568346449978,1.2296132372871549,-0.4441306590863013
-0.8129261931000386,-0.7869526219691882,-0.5666080016815566
0.16296483230801076,0.4959975724374095,0.3719096871925244
-0.48238811023215566,-0.17677474099038523,0.37941058221827406
-0.2118529191991273,1.228517468791705,1.6659077354829785
-0.4517835844902473,-0.005103000516449433,-0.44198355234765957
-0.8126601152523021,-0.7264503553485174,0.07884918735122148
0.35943204073604,1.22905729591814,0.3773193897176177
-0.4827552257491001,1.2280890985097834,4.573263593741653
0.25433686413235673,1.2290828101355586,0.3677580550221038
-0.8421643731373543,-1.458501595814441,-1.0199997832342727
-0.8127793109367948,-0.7273339529833283,-0.6858059742189645
1.3254485216934644,1.2320008308961115,-0.5703598470503811
-0.4659434205480655,-0.17479000344593176,0.38307576051822095
-0.8421819918056502,-1.458501595814441,-1.0199997832342727
0.16233307720196624,1.2273827575433538,0.2778172075105888
-0.9320763926634112,-1.458501595814441,-1.0199997832342727
-0.571753411694046,1.2331650849225264,4.583831384720905
1.4392482193470506,1.2291378671310407,0.2597093815389969
-0.8128767529594118,-0.5696654893115313,0.8304847186064925
1.0714923177447013,0.6270855929732716,0.09965767101751112
-0.6250577937121354,-0.0563261491180584,-0.5662669248298453
0.32617212998665374,1.2286262399291212,4.573277572301149
-0.8127000269294625,-0.5679520081838433,0.8340520469899652
1.663030116668522,0.889264319752092,-0.5570746241050353
0.3684578328088514,0.6189599861522377,0.24984610995836146
-0.9321686209984713,-1.458501595814441,-1.0199997832342727
-0.743872879013224,-0.72851700695942,0.3847364133863895
0.5893385826783483,0.9521917798810733,-0.44425087469797
-0.812804120898273,-0.5685267495025348,0.8328554822970763
2.077046888181786,1.2302819783542305,0.2540955920452566
1.2362306417418063,1.2299274650174674,0.2517499897617664
-0.8130088929716321,-0.5700146312341008,0.8297578335126817
1.4469083848445872,1.2295434089026407,0.24904374064327015
0.9730834257593738,0.5027574971997767,0.1383726893986451
-0.206104379211713,0.6063761055506994,0.2749236456948411
0.3686048947544248,1.2317416601612812,0.38024370436425753
-0.11680865351135908,0.9527839782958936,-0.8045370628691939
-0.8130477259548153,-1.458501595814441,-1.0199997832342727
1.4398107582562172,-0.04070473379016442,0.2791423749508443
-0.8128300095537283,-1.458501595814441,-1.0199997832342727
-0.9319500056857365,-1.458501595814441,-1.0199997832342727
-0.39180801956948463,1.2301597786813312,4.577574581490333
-0.8127678048677034,-0.7873138495736929,-0.5588499011610737
-0.8104719845193288,-0.7273594672007468,-0.6608151055513622
0.3673277210852898,1.2292345525865211,0.2641489720350427
-0.114340961255933,0.3413921577093867,-0.5703654384741796
0.1719223070955926,1.232093487790947,0.5078427911589809
-0.00028165791847451296,0.6136060290549874,0.5078539740065781
0.9810472436115236,1.2322532873632004,0.25967862870810493
-0.9318619123442561,-1.458501595814441,-1.0199997832342727
-0.03186006453956413,-0.11014369077506911,1.7724215631333848
-0.8126962515005419,-0.5683145786418964,0.8332972047771614
-0.09981796489242051,1.2317510601361197,-0.44347646250187134
-0.8125322900159909,-0.7272426389420408,-0.6829906923363965
0.9652298144752394,0.6252136551268789,0.011159410846021116
-0.8130216575170304,-1.458501595814441,-1.0199997832342727
0.7039947633499183,-0.04920902531183134,0.1428542155731798
-0.626317888059963,-0.06130142151467563,-0.5733708287658982
-0.45818707150421834,-0.056280492097414564,0.38700373573669994
0.35980670711082563,0.6141377990601318,0.253578385343891
-0.8124886029099098,-0.5028692681097687,-0.560337219891487
-0.62296674543712,-0.041158618289504866,1.9307930508034075
-0.6233966049870782,-0.060776365777272814,1.8899504956669266
-0.9313407233708858,-1.458501595814441,-1.0199997832342727
0.5322386361187643,0.6168879631271418,-0.44280828735794514
-0.5643025128281072,0.6175875898258293,3.302249092975122
1.0869383165881321,1.2301893214593949,0.2501955739457706
-0.8133508389624395,-1.458501595814441,-1.0199997832342727
0.3753672272981808,0.0065851967683426575,0.38572609539873204
1.2009559104251344,1.2274029003465794,0.007650792412433357
0.2770559571177999,0.6174277902535763,0.2511768688224154
-0.2568421886931229,1.23261854352835,-0.43772847883696586
-0.8128947311923669,-0.7291387481523036,-0.6865552250079698
-0.8419977149178598,-1.458501595814441,-1.0199997832342727
-0.9320287503460801,-1.458501595814441,-1.0199997832342727
-0.3040161730558303,0.605276308494605,-0.43878525793489115
-0.8125394813091729,-1.2380721858536572,-0.561083674968593
-0.8128069974155457,-0.7885439034239765,-0.5613157190562327
-0.09153233667037323,0.2804789779029225,-0.32154428372697436
0.6139209397272648,0.11228791382629637,0.02560764994146452
-0.4744505406001204,0.6136114004691807,3.2939709900413745
-0.5716354744858603,1.2281844411117162,4.573462089286502
-0.4507809384383378,-0.06096973668823435,-0.6638484529620736
0.28894837843531257,0.71329007650926,-0.1255592881641313
1.2671735178279306,1.229450752007805,0.2343494789006906
-0.5638287863897385,0.6185235587490255,3.3041977041689155
-0.4767082470946301,1.2282448695213912,0.500716521527734
2.053563360731089,1.2325809436289965,0.019454288051164403
-0.8129614304366306,-1.2399186094826313,-0.5649277788300935
1.318558723478056,1.2302739212329403,-0.0906436422541096
-0.7518474838051468,-0.11236879910467631,1.7825392444968542
1.0743300020343447,1.2500917538994116,0.2778060246629917
-0.8128285712950919,-0.22471729837338797,1.548638804156069
1.6673172060990114,0.5618175391095254,-0.5744667478304133
-0.6264218022464438,-0.06160356356305308,1.8882283371369744
-0.9321258328040379,-1.458501595814441,-1.0199997832342727
2.077146128027698,0.6145554265136671,0.262862944561377
-0.81306192875885,-0.5707854291708507,0.8281530948824988
-0.8421996104739464,-1.458501595814441,-1.0199997832342727
-0.7519325208470248,-1.458501595814441,-1.0199997832342727
-0.09860227677999216,0.6135952862266006,0.37729143259862513
-0.8129603517426534,-1.458501595814441,-1.0199997832342727
-0.8130592320239066,-1.458501595814441,-1.0199997832342727
-0.7518433488115671,-1.458501595814441,-1.0199997832342727
0.1720154343423003,0.6191896141090045,0.25649151714293367
-0.8130124886182233,-0.5719120832979119,0.8258074925990089
-0.20906701222039487,1.2492551561387928,0.41155288192421685
-0.8130725359162936,-1.458501595814441,-1.0199997832342727
-0.8131252121388522,-0.7846523138408736,-0.5723979210249512
-0.5638046955575787,-0.05417086917296504,1.9037026024994512
0.6587106508354578,0.6151180821504235,-0.12623585044375546
-0.8128039411159435,-1.458501595814441,-1.0199997832342727
-0.8418626983883666,-0.7849947414957016,0.3821867241342523
1.0875544306315057,1.2289122677349187,0.24840911404213506
-0.75183022470151,-1.458501595814441,-1.0199997832342727
-0.8130933906665214,-1.2418684328348277,-0.568987152507838
1.3491853624464996,0.6160527082200715,0.256720765518674
-0.8420604589508734,-1.458501595814441,-1.0199997832342727
-0.20326489709877418,1.2286114685400893,0.4119135287592232
-0.8127532424990098,-1.2394553250084526,-0.5639632582248443
-0.7501747890109981,-1.458501595814441,-1.0199997832342727
-0.6255252277689698,-0.056354349042573706,-0.5676731679151796
-0.4736873646111736,0.2836185694989523,-0.4846209545234736
-0.10635359191861195,0.6190351859509451,0.25262225187433973
-0.8130615691941908,-1.2405040936297096,-0.5661467092181766
-0.812813649361739,-1.458501595814441,-1.0199997832342727
-0.8128301893360579,-1.458501595814441,-1.0199997832342727
1.6260345088933816,1.229364809380711,0.12055841317647693
1.6874159716312385,1.228422126189773,-0.4408708590117489
-0.8422152515366174,-0.7914538670632396,0.3687393498987486
-0.03238592785350278,1.2297958653697296,0.25559409362326696
-0.5046901082130388,0.6155665952355708,-0.20844655455378025
1.229772680681981,1.2505899525658475,0.27721892516414437
-0.8126097762000276,-1.458501595814441,-1.0199997832342727
-0.8133517378740872,-1.2438155704799276,-0.5730409347617841
1.0869868578171111,0.6180361029109765,0.3804394041972067
-0.10625597011366548,-0.05875268547991714,0.3779316506235586
-0.7529497292676279,-1.458501595814441,-1.0199997832342727
-0.4767310794504832,1.2282180124504247,0.5007109301039353
0.8756782585199331,1.2294373234723217,-0.5506780352794984
-0.47423156572272646,0.6142949129252883,0.2609115376556844
0.6371295799960768,0.6159385656684621,0.2558932347964891
-0.4452887680528641,1.2293137809458738,0.9560988499527324
-0.37635464965054233,1.2297797511271498,0.499212428525925
-0.8129711386824265,-0.5679211225522314,0.8341163483636485
-0.8128012443810001,-1.2382991281033278,-0.5615561502795702
1.0887571744162063,0.6042396255552829,0.2317438754105681
-0.7529808316106404,-0.1257530204210281,1.754674383996799
-0.842443215530489,-0.7881155331420546,0.3756894896803415
0.5974433498768664,1.2286839826317,-0.44799153721919743
-0.8130782889508392,-0.19287824074213494,1.6149251332878345
1.0862601776410632,1.2284637546497716,0.2515738599121123
-0.39225873386967064,-0.05446495410005249,0.37733336827711417
1.4312401750418307,1.2299395506994024,0.25861066676258265
-0.750075009818097,-0.7712116926754916,0.36876730701774135
0.2370362307772712,0.6261858810958804,-0.5709301722778328
-0.49014733579327563,0.2815089465745028,-0.4433143112117136
-0.8132169011269235,-0.7278173802607324,-0.6900023377797735
-0.8422001498209349,-0.7878966480136745,0.3761451907199231
-0.8126033040361638,-1.458501595814441,-1.0199997832342727
0.6207835908109105,-0.05949394063860357,0.25019277823387137
-0.8420956962874655,-1.458501595814441,-1.0199997832342727
-0.5716173164705756,0.046919145946424504,1.4390357148569664
-0.81269301541861,-1.2380950143639793,-0.5611312020708806
-0.4451690330213827,-0.05777105953607741,0.9565293895852205
-0.4826622782847219,-0.0545132968277931,-0.4451147496748454
2.526772565337588,0.614582283584634,0.25264741328143314
-0.5640184567474156,-0.05538346592712044,1.9011780746544074
-0.8129448904623118,-1.458501595814441,-1.0199997832342727
-0.5721381458792867,1.2310850047761406,4.579500826988931
0.7283106829864391,0.00638645444318789,0.24740265775839682
0.8073771536999629,1.2300966645645586,-0.44364420521582776
-0.7517944480179292,-0.7836008595125198,0.3850886730856978
2.0371844713796152,1.2313737182890345,-0.5700998458437486
0.9274413666267762,0.614738054596242,-0.11103276913550833
2.4290391155643865,1.2307398914142162,0.24647727711973735
0.05859453805707972,0.34601157391569265,-0.7056723029751991
1.4485643598820876,0.6271111071906902,0.234732491430891
-0.8127426353415663,-1.458501595814441,-1.0199997832342727
-0.8423322898331556,-1.458501595814441,-1.0199997832342727
-0.931993513009488,-1.458501595814441,-1.0199997832342727
-0.5719511722565529,0.5593560885554095,0.37782541357138627
-0.8131086721645334,-1.458501595814441,-1.0199997832342727
0.6293698150879681,1.230394778052291,0.2505618122045753
-0.5719150360083131,1.231924288243856,4.581248146925977
-0.20372927485600606,0.5606828278611741,0.3808112338798098
-0.40640652451140885,0.6188807577928853,0.3801039187692939
0.7037515178580349,1.2302403498942318,0.13408127163326086
-0.8506635827669089,-0.5094599933250445,0.9558276658985029
-0.8124760181468411,-1.458501595814441,-1.0199997832342727
-0.8128632692846954,-0.5666736116058192,0.836713564718073
-0.8127579168395781,-0.726674611891091,0.05706220452018622
2.340637627171222,1.2280890985097834,0.23110365738563463
-0.7438579570798711,-0.7221062241196223,0.37346130729662086
-0.48208841308879297,0.6175567041942176,0.2569472181825151
-0.6234027175862829,-0.03984396466567561,0.8166543318407887
0.3437280542497027,0.6162393648632912,0.2545233359658453
0.7197507069294959,0.6176721895993753,0.25805432009462725
0.588974163896347,0.6153879957136407,0.24911363344075196
0.7116844131495017,0.4946721759851935,0.25473021864639156
-0.4820776261490199,-0.055357951709701904,0.25500978983631883
-0.6235833988274824,-0.04110758985466779,1.93089928785558
-0.48233147879834687,1.229720665571022,4.576660383699268
0.36828074721424303,0.6184711874606402,0.37974606764618685
-0.49033772528027086,-0.054960467059391775,-0.5706030739856178
-0.30395504706378274,-0.06184930576240023,0.949769358212778
0.9649506125174454,0.617037019871008,-0.4494704688139129
-0.8420928197701926,-1.458501595814441,-1.0199997832342727
0.17180778575166816,0.9546357733390606,-0.4470214251901497
1.3495301849545795,0.6152080533381626,0.23479120138077572
-0.08560940782329389,1.2281280412626856,-0.4526743546504799
3.1567746138866566,0.6183288449845158,-0.09144601156920094
1.0886354617790996,0.6692095659312967,0.14318970100109257
-0.8129055181321401,-0.7881343330917314,-0.5601638857537321
-0.9342932885691129,-1.458501595814441,-1.0199997832342727
-0.7517637052395758,-1.458501595814441,-1.0199997832342727
0.9969008089960479,1.0136649296171973,-0.5730688918807767
-0.8132016196289117,-1.2421356606909484,-0.5695434991757934
0.7867401198730576,0.2829954854525207,-0.6947298866014443
0.14755766644776322,1.2300254933264965,0.37435313939248904
-0.3904578542745517,-0.04001584991986361,0.1434161536649337
-0.4737750983879948,0.6050386234165481,3.2761231652764153
-0.5861140646139735,-0.060760251534692514,1.4389127035333984
0.711057152601696,1.2292291811723284,0.2513753643672639
-0.8129233165827656,-1.2419785468257922,-0.5692164008835784
-0.47386966389333895,0.002733892791690212,0.2331137742412119
0.3675964956679694,1.2292036669549098,0.12800059825234192
-0.3837744461734688,-0.05793757337607217,0.2524656920079804
-0.8048579217144193,-0.5080983398270231,0.9586625177643657
-0.8133486815744849,-0.7922260078535378,-0.5726383522482887
-0.7517529182998026,-1.458501595814441,-1.0199997832342727
1.3090282824061932,1.2301503787064927,-0.4407674176714757
-0.9320332449043188,-1.458501595814441,-1.0199997832342727
-0.9318158880678908,-1.458501595814441,-1.0199997832342727
-0.20396568861936648,-0.052815929942685184,0.1300191022436171
-0.5561010227362901,0.6186672440786986,0.5028272840116851
-0.13631647452635048,0.7241927044682707,0.03190638885052683
-0.6262515483803585,-0.06096973668823435,-0.7076684412712803
0.6055490159870325,0.6179770173548494,0.2540872049095587
-0.37583957327637685,-0.0626321893810852,0.36755676376535606
2.5265715686931496,1.2284301833110631,0.12749457439857337
1.7993225613546453,0.6134892007962812,0.24747814197967719
-0.751684601014573,-0.11201428576791325,1.7832773124382624
0.884153736881987,1.2313723754354862,-0.579714299065349
-0.44509837856586887,1.2301705215097176,-0.4441082933911071
0.6590146627547298,1.2302524355761668,0.03116552519721942
-0.7518138645095207,-0.7819558639157975,0.3885134201623074
-0.8127376014363388,-1.458501595814441,-1.0199997832342727
-0.9323724941601829,-1.458501595814441,-1.0199997832342727
-0.8130588724592477,-1.458501595814441,-1.0199997832342727
-0.8130157247001552,-0.7259508138285332,-0.6942881641213592
1.8063062059460797,0.6140276850691676,0.24936245179978728
-0.8130790080801574,-0.5683400928593149,0.8332440862510753
-0.12275189776167787,1.228154898333652,0.008517463101208109
1.0713003102167402,0.6171296767658438,0.25218052939425445
-0.8421715644305362,-1.458501595814441,-1.0199997832342727
-0.20611984049205453,0.6048882238191334,0.27804645588632926
-0.6243194276846668,-0.051066191769192255,1.9101662884105703
-0.2578435762687256,0.6260596528623362,3.2768584375059238
-0.5717561084289894,0.559494402470889,0.3795811206441297
-0.7517615478516212,-1.458501595814441,-1.0199997832342727
-0.8420246822672925,-1.458501595814441,-1.0199997832342727
-0.09969301617338219,1.227723842344634,-0.4401327910703408
0.7270360262699178,1.228666525535572,0.26314251575130426
-0.842292018591336,-1.458501595814441,-1.0199997832342727
-0.8132674199615275,-1.2429722584515672,-0.5712852276890404
0.2916938343898958,0.60545087945589,-0.796367992699518
-0.9739192916079232,-1.458501595814441,-1.0199997832342727
-0.393340843711242,1.228422126189773,4.573956930292672
-0.9322047572467111,-1.458501595814441,-1.0199997832342727
-0.8131928102947635,-0.7877731054872269,-0.5703430727789854
0.2227746379209268,0.17167426914829273,-0.09707657533433701
-0.813011050359587,-1.458501595814441,-1.0199997832342727
1.0711794964912815,1.2321163163012692,0.23782454879148704
0.6370479588184604,0.6171793623471328,0.1378219341544883
-0.7513102942044464,-0.1083268099241588,1.7909543373136663
0.9878381615456784,1.229309752385229,-0.44916573621689215
-0.11427623961729445,0.3413532149564849,-0.4443682945977395
-0.8133156016258474,-1.458501595814441,-1.0199997832342727
-0.8104800747241586,-1.2212059452864477,-0.5259695335137228
-0.842048952881782,-1.458501595814441,-1.0199997832342727
-0.6263966327203067,-0.061106707750165565,1.8892627505397055
1.7299882474867418,1.2295971230445744,-0.44905390774092124
1.4413468184799068,0.5590902035528373,0.12623370833200126
0.27420856458236065,0.2847344807976268,-0.443851087896374
0.7037925082291727,0.006378397321897589,0.24698330097350574
-0.8129995442904956,-1.458501595814441,-1.0199997832342727
1.3852646196879148,1.2288397536433082,-0.25840592619379055
1.7101960108263998,1.2283066407846153,0.27674365414126795
-0.5719337333705864,-0.1143777080130002,0.374526473530244
-0.8422557025607665,-1.458501595814441,-1.0199997832342727
1.3507323893922913,0.6134072867298324,0.2599218556433417
0.2917578368992162,0.7338975070621577,0.007980686416547603
2.162131392594721,0.605276308494605,0.27716860234995744
1.4394418449159774,1.2298173510265031,0.3845686706724329
-0.4450568488477425,1.2314529466483868,0.956054118562344
-0.8130953682721467,-1.2418885756380529,-0.5690290881863271
1.791231277830844,1.2302040928484264,0.24886481508171662
-0.8132364974008446,-1.458501595814441,-1.0199997832342727
-0.8130141066591893,-0.7270130109852739,-0.690304274664895
-0.9342508599393387,-1.458501595814441,-1.0199997832342727
0.26278339753935287,0.6266787083481229,0.2787034481826584
-0.5630634530128371,-0.061884219954657,1.8876440333500266
-0.8421084608328637,-0.7926315496251379,0.3662875105630862
-0.813286836453119,-0.7851693124569865,-0.5741648109452918
-0.3021759211305395,0.34010973257071747,-0.4485842281418434
-0.12213955914722492,0.6192513853722285,-0.5644888520619076
-0.5643239069253239,-0.056285863511608095,1.8992993562580958
2.159789907534641,1.2295460946097372,0.11119836973771054
-0.9320711789758543,-1.458501595814441,-1.0199997832342727
2.1516265312966887,1.2299408935529508,0.24918632195013296
-0.030630353405430872,-0.16934607516094233,0.3676713879532263
1.6197196545678803,1.229037153114915,0.25633775298847356
1.3563595763072582,0.6138262570369157,0.2502123482171662
2.6613968097878016,1.2320276879670786,-0.34332567513421103
-0.2493387933869549,0.625774967910087,-0.43981407991382365
0.1621150012362201,1.2279668988368844,0.2786922653350613
-0.5643837744410646,0.617850789121305,3.3027970525073798
-0.4825783199368213,1.2281898125259092,4.573473272134097
-0.03189062753558803,1.2306069489129299,1.789153898850534
0.23035192376454053,0.5620283671166154,-0.44121752728725877
-0.8133339394234617,-1.458501595814441,-1.0199997832342727
-0.8129073159554355,-0.5674135239109571,0.8351731274615737
-0.21139789012303217,1.2326131721141564,0.37853272868190224
-0.7517270296443472,-1.458501595814441,-1.0199997832342727
-0.4741272919715865,0.0057485990077241495,0.24972589434669268
-0.8128711797071957,-0.568819491576074,0.8322460171030347
-0.9590432027491713,-1.458501595814441,-1.0199997832342727
0.2826324454158331,1.2289995532155609,0.9545947569509234
-0.571907485150472,1.2319860595070795,4.581376749673343
1.4313367181528,1.2284167547755795,0.1874234546713916
-0.13126908562418763,0.3248737162111986,-0.4390899905319119
1.3163954027065612,1.229136524277492,-0.4389530006488475
-0.09897226881420962,0.6143190842891583,0.2613644429833667
-0.8130241744696441,-1.458501595814441,-1.0199997832342727
-0.12847526822295477,0.5618403676198471,-0.5737007227700125
3.4800852673242337,1.2304095494413232,-0.0904395552854627
1.3259643171969482,0.6189680432735277,-0.5187062739994113
-0.5720392655980332,0.2796114945106919,0.957904879839663
0.5384319575894895,1.2278876704775317,0.37294130488335614
-0.5639373749167877,0.6186162156438615,3.3043906082899657
0.1561685209039694,1.2336350836644472,0.03191477598622458
-0.8421970935213327,-1.458501595814441,-1.0199997832342727
-0.13720927357490395,0.7274598671513932,0.02375688866414574
-0.812784884189011,-0.7881141902885064,-0.5589533425013469
-0.8129396767747549,-0.7842830291150789,-0.5703151156599927
0.7032152271689822,0.6148320543446261,0.2616943369874809
-0.8421289560184326,-1.458501595814441,-1.0199997832342727
-0.4450172967352411,0.11513342049523878,-0.09810819302516881
2.1429124817833203,0.6263899948352291,0.23629809009448396
1.0263220074448474,1.229961036356176,0.031028535314155132
-0.8420212664030311,-1.458501595814441,-1.0199997832342727
-0.8420034679524055,-1.458501595814441,-1.0199997832342727
-0.9311751438453688,-1.458501595814441,-1.0199997832342727
1.2270651587989332,1.2494310699536262,-0.5702396314387124
-0.11411515465001616,0.48986878884276425,-0.6987361417531027
1.088292437094315,1.2340164540721772,0.2506093393068629
-0.813288094929426,-1.458501595814441,-1.0199997832342727
-0.8420370872480316,-1.458501595814441,-1.0199997832342727
1.8065742613994409,1.2294776090787716,0.2527648331812026
0.25285797468946486,0.6119946047969737,0.2656698393082472
-0.4744688783977346,0.6142264273943226,3.2952514260912418
-0.09885505073534183,0.6134207152653159,0.2622143394007456
-0.09996125140907323,0.3429350964364349,-0.4551457639694373
0.64243747349376,0.6187773580696627,0.25252719766976434
0.5397166821164654,1.0149674975590917,-0.5713690990460187
-0.8135261267337525,-0.5778152674964352,0.8135175430898041
0.9679341002763553,1.2279897273472058,-0.43850289103306456
-0.20324584017184177,0.6261711097068486,0.23406431628696478
0.19969723875268727,0.604149654367544,-0.3502366749492142
-0.8130737943926005,-1.458501595814441,-1.0199997832342727
0.007800996053508823,-0.05421786904715711,0.1237902561320366
0.719936781640582,0.00534440008967225,0.25271730607891496
-0.8132875555824373,-0.7908562972342261,-0.5731946989162441
2.0610426652050973,1.2289270391239502,0.2520016038327011
0.20251406829210278,-0.039124195163762726,-0.43674159253652245
-0.4595230339951167,0.6148763685117213,-0.439428271671724
-0.459338037978008,-0.054587153772951945,-0.6613994093383104
-0.8420469752761569,-0.7856755682447124,0.38076929820132077
1.2731552354967735,0.6116038344144054,-0.5638262683417798
0.3137353277752587,1.2333973985863902,-0.08718534663470882
1.0028843244881862,1.228623554222025,-0.44734852348236465
-0.8127652879150898,-1.238160814187848,-0.561268191953945
-0.7530477106372337,-1.458501595814441,-1.0199997832342727
-0.11465791750293264,0.4930244946813744,0.3778114350118898
-0.12242019936365502,0.9532392056487822,-0.44462550009247265
-0.4448337389767689,0.34194138481065983,-0.4452657181174062
0.6670944402094402,0.8435831277445018,-0.4426293617963916
-0.8834815885502573,-0.7141081883856812,0.5297667638730806
1.7826020855770235,1.2330630280528523,0.2549454884626356
1.0865740775884607,1.2302618355510053,0.383833398442924
0.8689799284854975,0.11501927794362964,0.02785819802037937
-0.39195616020903523,1.2293742093555495,4.575939090029257
-0.7517297263792905,-1.458501595814441,-1.0199997832342727
-0.2490196797520008,0.1696358174619053,-0.09363225827443251
-0.8133123655439155,-0.7268679828020527,-0.6637561944693976
-0.813555970600458,-0.4279702685972945,-0.5720232956304486
-0.384528633045938,-0.061215478887581484,1.7538412618508152
2.52685202912725,1.229893893678759,0.25218052939425445
-0.813331782035507,-0.770520123098094,-0.5725125452128214
-0.9322808051721116,-1.458501595814441,-1.0199997832342727
-0.751762446763269,-1.458501595814441,-1.0199997832342727
-0.8046761617792425,-0.5070791139838294,0.9607844630959141
-0.813079187862487,-0.5699676313599087,0.8298556834291563
-0.564314198679528,0.34110747275713776,-0.44463388722817043
0.1559499055912345,1.2312515186161355,1.897856768918071
-0.8130482653018041,-1.458501595814441,-1.0199997832342727
-0.16765684934311365,0.3391898778901016,-0.4555539379067312
0.16218817264434762,0.347528998425322,-0.4387656879515962
0.5506492455765017,0.6053098798333139,-0.43999859689917564
-0.8418168538943309,-1.458501595814441,-1.0199997832342727
-0.564355908179984,-0.11557284767102678,0.505181273430873
1.7012507612372272,1.231881316930309,0.261593691359107
0.6138781515328312,1.229131152863299,-0.44085688045225246
-0.813312904890904,-0.5766483277629236,0.8159470167302725
-0.8131002223950444,-1.458501595814441,-1.0199997832342727
-0.6233324226954282,-0.03947065137923578,0.8142723853026078
0.2832935050415947,0.6196126129767332,-0.70186174765649
-0.842465148974694,-0.7290178913329525,-0.5600939929562503
0.36762364279973186,0.6171175910839088,0.2590551849545671
-0.8128587747264566,-1.458501595814441,-1.0199997832342727
-0.4823343553156197,-0.05800203034639248,0.25541516806171344
0.7347091360951827,1.2290720673071716,0.3673442896610114
-0.19606910935846908,1.2317228602116042,0.5093329056012935
-0.8133008594748242,-1.2438075133586375,-0.5730241604903884
-0.8133103879382905,-0.5690585195076794,0.831748380384964
0.26950995339952805,0.003860546918751467,0.2531506414233023
-0.8130705583106685,-0.7864866517879125,-0.5668428414810955
0.9564190420685716,1.2284288404575145,-0.570849096632754
-0.8133339394234617,-1.458501595814441,-1.0199997832342727
-0.9321310464915951,-1.458501595814441,-1.0199997832342727
1.8063279596079556,1.226922158776272,0.25265580041713087
-0.5717179945751244,0.2825093724680196,0.9576616529044261
0.47018209073344114,1.2286450398787985,-0.4382904169287198
1.4469144974437924,1.2302819783542305,0.25523624250015997
0.16208929236309413,0.6052400514487997,0.41323590048757924
0.7114983384384157,0.6179421031625923,0.25377128946494093
-0.6752580540281858,-0.060807251408884586,1.8898861942932437
0.7278520582637528,0.6168987059555285,0.12416767723843847
-0.7519406110518546,-1.458501595814441,-1.0199997832342727
-0.8421758792064455,-1.458501595814441,-1.0199997832342727
0.5333653319780645,1.2286302684897663,-0.5722273825990956
0.5233379725473206,1.2299556649419823,0.24433855751679337
-0.8127751759432151,-0.19874516789485291,1.6027106679999101
-0.8133256694363022,-0.5779965527254618,0.8131401219834022
-0.7518070327809977,-0.7834786598396205,0.3853430828685315
-0.5716480592489288,1.2336404550786406,4.584821066733248
1.080145061483693,1.2291687527626527,0.27852731833300426
-0.8128465495280471,-1.458501595814441,-1.0199997832342727
-0.9321711379510851,-1.458501595814441,-1.0199997832342727
-0.8127561190162826,-1.458501595814441,-1.0199997832342727
-0.0048528034296550435,-0.2273600341565303,0.4953906903596187
2.165751130017915,1.2285389544484786,0.2498628842297571
-0.48191420401145746,0.5625735656572436,0.3751219601647892
-0.8129946901675977,-1.239901152386503,-0.5648914345754029
-0.8132192382972077,-1.2434919427747766,-0.5723671681940592
2.074555824223518,1.2306176917413163,-0.4467362625764238
1.5669828453641852,1.0181057463015732,-0.58121000493146
1.448433658128504,1.228721582531054,0.09943121835367
0.5903885114829298,0.2798585795635873,-0.5614107732608079
0.007997498139708788,-0.05514443799551507,0.2528934359285691
0.5982597414353605,0.6173190191161604,-0.4411783873206689
2.8814877758835777,1.2286651826820234,0.23364495950207384
0.23969341360804472,1.2295595231452208,-0.31741501725174803
0.7114494376447775,1.2287068111420218,0.37879272988853463
-0.8132800047245962,-0.7887453314562284,-0.5684056444327892
-0.752919705618593,-1.458501595814441,-1.0199997832342727
-0.813389492163293,-0.5771545835506496,0.8148930333442466
-0.5720182310654757,1.2314247467238717,4.580208142099447
-0.48210135741652077,0.3407731022236,-0.4498143413775235
-0.9314171308609455,-1.458501595814441,-1.0199997832342727
1.7301714456805548,1.229038495968463,-0.445939484685131
-0.8096688968532215,-0.5689994339515522,0.8318713917085322
0.6058740624388619,0.5026017261881688,-0.5580391447102846
-0.9677667807260064,-1.458501595814441,-1.0199997832342727
-0.8334855609605775,-0.7277032377091232,0.5014629766048397
2.167704644810823,0.4983435375863679,0.2629440202064559
-0.8129637676069148,-1.458501595814441,-1.0199997832342727
0.260255837768186,0.6145205123214101,-0.4481872370521466
-0.8126232598747439,-1.2372047024614268,-0.5592776450816626
-0.8129896562623702,-0.569785003277334,0.8302359002474572
-0.19648332784575603,0.000293927894347937,0.021495157737633788
-0.21176392694599924,0.28271482906091644,-0.5723587810583614
0.3692992141111533,0.5617893391850101,0.2778311860700853
-0.43921931660720015,1.2281830982581676,-0.4366018069415588
2.745558851067808,0.7242303043676243,0.02067321843924745
-0.6665479597260671,-0.05716408973222544,-0.2508994397442423
-0.8132586106273796,-1.2434530000218744,-0.5722860925489802
-0.810554504608593,-1.458501595814441,-1.0199997832342727
1.0789592172379703,1.2297931796626327,0.2514648271480406
-0.22680937075918892,-0.05454283960585664,0.030360360170228737
-0.5270154778967637,0.6162098220852277,-0.4400712854085567
0.3693056862750171,0.6272145069139126,0.277409033573295
-0.10021995818129799,1.2280313558072045,0.03298273793174689
-0.9320546390015355,-1.458501595814441,-1.0199997832342727
1.447768823073822,0.6138853425930432,0.2611687431504175
-0.8127309494901455,-0.5663486410471197,0.8373901269976973
-0.8129743747643584,-1.2398756381690843,-0.5648383160493167
-0.9321862396667673,-1.458501595814441,-1.0199997832342727
-0.20407355801709753,0.6194689276470603,0.25095880329427217
-0.8131536177469214,-1.241316520026458,-0.5678381149172368
-0.8423008279254839,-1.458501595814441,-1.0199997832342727
-0.8129982858141888,-0.5689578054915535,0.8319580587774096
0.6127854345338165,0.6126633458640495,0.25972336009849334
0.26851431885847105,0.11274716973983034,0.027833036613285962
-0.2032411658312734,-0.04048047724759082,0.36594643371137486
-0.024830395671764812,-0.04009373542566745,1.6223225869733109
0.9808973051486777,0.6142707415614179,0.25979604860787436
-0.1283253297601088,0.9496712437708305,-0.44040397512457025
0.3068295289325204,0.6178816747529168,-0.5641310009388006
-0.5637750314732026,-0.05592060734645827,1.9000597898946983
-0.8133267481302796,-0.7283800358974888,-0.7066032750376572
-0.7443960455922193,-0.06183587722691669,1.8877446789784003
-0.4738617534708387,0.504183607668119,0.49827306932776927
0.9735665008788791,1.2277856136078575,-0.43826245980972706
0.8827981781171677,0.6175164185877673,0.25039966091441745
1.0627739534554232,1.236455076115971,0.24675964402156397
0.5687339096707623,0.6132394300362893,-0.0886894396365177
0.052920787518759,0.6272239068887511,-0.4813947029917125
-0.5722188681452554,-0.23561858347885023,0.5047786909173777
0.7278204165737516,0.6171645909581007,0.25084697481830115
0.6052755670637846,-0.11571921870779639,0.260559277956376
1.612354332090808,1.232688371912864,0.254559680220536
-0.8130937502311806,-1.458501595814441,-1.0199997832342727
-0.4362264801671537,-0.05760320284253412,-0.7925993730592978
0.8844226912469965,1.2288034965975025,0.1419120606631248
0.2539066450177397,1.2308661196477604,0.25599388042486304
-0.8421924191807643,-1.458501595814441,-1.0199997832342727
-0.16738160259657006,0.6149542540175256,-0.5650032630513738
0.16498522612751224,1.2272498150420683,0.36746170956078084
1.3577913627798077,1.2309319194716295,0.3762514277720954
-0.8132154628682872,-0.5765502994538946,0.8161511036989194
-0.812921159194811,-1.458501595814441,-1.0199997832342727
0.2457310435813781,1.2284959831349322,3.2761678966668035
0.15645059937903594,1.2285201544988023,1.6649935376919165
0.8830236251584254,1.2320532021844972,0.263343807008052
-0.20334004611252676,0.6264571375126461,0.278750975284946
-0.8127172860330996,-1.458501595814441,-1.0199997832342727
0.6200105267938383,0.9532432342094272,-0.4450168997583709
-0.813077210256862,-1.458501595814441,-1.0199997832342727
-0.5313640528839593,-0.08343970511268647,0.5034702977485181
0.9731127302790908,1.2304914635077722,0.1291328615715475
-0.9744455144865211,-1.458501595814441,-1.0199997832342727
-0.8421073821388863,-1.458501595814441,-1.0199997832342727
-0.45965661226597354,-0.04340789798298237,1.5314507673993385
-0.8125143117830356,-1.458501595814441,-1.0199997832342727
-0.8125648306176396,-0.7862247953459853,-0.5625626065633085
0.5396945688899305,0.6173619904297075,0.2544869917111548
-0.7517919310653154,-0.7827280047060957,0.3869058858202254
-0.8131904731244796,-1.458501595814441,-1.0199997832342727
0.28327696506727584,0.6148548828549478,-0.4386929994422151
-0.7515787092224671,-1.458501595814441,-1.0199997832342727
-0.11970998074566369,1.229053267357495,-0.440012575458672
1.086817682645003,1.2304632635832566,0.26698102818900626
1.086576954105733,0.49186561206915286,0.2617698212087613
-0.8131178410633405,-0.5694345185012158,0.8309655810531676
-0.8127755355078743,-1.458501595814441,-1.0199997832342727
-0.9741044674073615,-1.458501595814441,-1.0199997832342727
2.1601733832435746,1.2298025796374712,0.12774898418140723
1.3405283039315983,1.230028179033593,-0.6803319703201879
1.0715230605230548,1.230296749743262,0.2617977783277539
1.4398485125454237,1.249594898086524,0.23446689880046018
-0.56380415621059,-0.05350615666653453,1.782343544663905
0.3602151725635671,1.2334699126780009,0.37350883439890864
0.3439049600619815,1.2271840152181992,0.25541516806171344
-0.9673167855551387,-1.458501595814441,-1.0199997832342727
-0.20441694226654114,-0.11636244555745351,0.26397004647348915
1.3485750014376714,0.6175473042193791,0.12274186416980916
0.3361601170872257,1.2320733449877221,0.26225347936733545
0.6399467691001514,0.6271661641861722,0.27723569943554005
-0.8130173427411211,-1.458501595814441,-1.0199997832342727
-0.7501028760791776,-1.458501595814441,-1.0199997832342727
0.2628177359642971,0.6257051395255732,0.2770148381954975
-0.8129207996301521,-0.7871245072233763,-0.5643043350765555
0.3520499985023194,1.23297574257221,0.2587252909504529
0.8759583593893748,1.2306405202516384,-0.4415474212913729
-0.8167656245299437,-0.7266490976736725,0.033754354415946264
1.087355771157351,-0.055067895343259454,-0.005312923664496022
0.35255410815438226,1.2292546953897467,0.13865226058857238
-0.842114753214398,-1.458501595814441,-1.0199997832342727
-0.37554760677318494,0.6158163659955629,0.5103030176303412
-0.9320963485019915,-1.458501595814441,-1.0199997832342727
-0.8127404779536116,-0.5743654767307377,-0.23302365786029006
1.0047635891789897,0.673114584049883,0.1357139673824363
-0.8131626068633989,-0.5714031418030892,0.8268670674088334
2.4208554239231947,1.227460643049158,0.2537181709388546
1.7001375490526436,1.2283509549517109,0.262074553805782
1.0721643440925654,0.008271820825063805,0.14071829168213518
-0.4825677127793777,1.228281126567197,4.573663380543248
-0.9314050854448653,-1.458501595814441,-1.0199997832342727
-0.8133583898202806,-0.7274964382626778,-0.7087000589621121
-0.7745800604653063,-0.7842615434583055,0.02818529631259426
-0.3918340880072696,1.2285940114439613,4.574314781415779
-0.8127512648933848,-0.7284256929181324,-0.6840446757224226
-0.8131248525741931,-1.458501595814441,-1.0199997832342727
-0.4592716982984035,0.28243417266931253,-0.34830483802681644
-0.9313054860342938,-1.458501595814441,-1.0199997832342727
-0.07665804563491688,0.6270197931494027,-0.5707121067496895
-0.5717882894659791,1.2337881689689583,4.585128595042168
-0.812895090757026,-1.2398487810981174,-0.5647824018113312
-0.9314255806304342,-1.458501595814441,-1.0199997832342727
0.26898211247996434,0.34143110046228875,-0.444239691850373
-0.7746564679553657,-0.9528004066039528,0.03282897377728695
-0.812750725546396,-0.7272386103813957,-0.6872988843731764
-0.7501346975515082,-1.458501595814441,-1.0199997832342727
-0.6662381947722495,-0.05760320284253412,-0.561852495740893
-0.5719454192220073,0.5593601171160545,0.3795923034917268
1.3249000058060023,0.6270036789068224,0.23180817678425136
-0.8104682090904082,-1.458501595814441,-1.0199997832342727
-0.2491243130677998,0.6193722421915796,0.9546394883413118
-0.8131543368762395,-1.2424337741786808,-0.570164147217432
-0.812851403650945,-0.7275689523542885,-0.6896864223351556
-0.8133880539046567,-0.5768108130422733,0.8156087355904607
-0.8129306876582774,-1.458501595814441,-1.0199997832342727
-0.48253427326608117,1.228040755782043,4.5731629481132785
-0.8126094166353685,-1.458501595814441,-1.0199997832342727
1.2591548663652679,1.0130270741817338,-0.5636277727969314
0.867759206467842,1.2307654056316346,0.37351722153460637
-0.01631320780925506,1.227149101025942,0.5016139450474004
0.20834171250451966,0.8988146941879195,-0.5667394001408225
-0.8334767516264295,-0.7267793544678619,0.5033864263915396
1.798674805621271,1.2294171806690966,0.2612526145073956
-0.8421343494883191,-1.458501595814441,-1.0199997832342727
-0.9657456677771866,-1.458501595814441,-1.0199997832342727
-0.8105239416125692,-1.458501595814441,-1.0199997832342727
-0.4824984965825004,0.5529681342259339,0.3849321132193383
-0.8205863585975754,-0.7276414664458991,-0.807578797415603
-0.8129287100526523,-1.458501595814441,-1.0199997832342727
-0.8130874578496464,-1.2431884578728507,-0.5717353373048234
-0.4744064939293803,0.6132636014001593,3.293246900659463
0.26125201165623174,1.227012129964011,0.5013846966716603
-0.8104680293080787,-1.2220747715322269,-0.5277783591125526
-0.09852928515419421,0.617301562020032,0.2515459027931195
-0.20311136298933702,0.6060712777952253,0.4990251158286736
0.9505167881893906,0.05679449094095129,-0.42731724772407287
-0.6263373045515546,-0.06117116472048618,-0.5734966358013656
-0.08553389924488218,1.2277439851478589,-0.4419360252453719
-0.49053476671345947,-0.056048178433550956,0.9525315215692598
-0.2722998733879745,-0.056150235303225104,-0.6739409729184496
-0.8129001246622536,-1.2400649805194008,-0.5652325114271142
0.7031857428669358,0.6158942515013667,0.2506233178663594
-0.08535321800368274,0.6180978741742004,-0.4460708831443968
1.810714648449016,0.628049761820983,0.25011170258879245
-0.5719367896701888,1.2315791748819314,4.580529648967864
-0.8125010078906488,-1.458501595814441,-1.0199997832342727
-0.8421722835598545,-1.458501595814441,-1.0199997832342727
-0.20471088637535814,1.2295675802665107,3.2997637050966686
0.5981292194641059,1.2303410639103576,-0.45027004241710505
0.5390525661911018,-0.04025487785146898,0.3676685922413271
-0.8422084198080944,-1.458501595814441,-1.0199997832342727
1.0793040397460507,0.6185866728657979,0.14166883372788805
-0.813074333739589,-0.5683293500309281,0.8332664519462695
2.530142045758045,1.2293164666529703,0.25158783847160854
-0.9320372001155691,-1.458501595814441,-1.0199997832342727
-0.8129371598221411,-1.458501595814441,-1.0199997832342727
-0.19634471566967182,0.6164528785774781,1.7847338783377837
0.7272790919794718,0.671022418221562,0.13716773757005835
2.433726400460457,0.6206801815476671,0.24862997528217762
-0.4226940844394708,1.2291539813736205,4.575480593277776
0.23126809451593577,0.2830089139880039,-0.43848332104976967
-0.813359108949599,-1.2441955980341093,-0.5738321212292783
0.009568975482319931,0.06834303145671598,0.1422391589553397
0.9493904518947496,0.6178991318490453,-0.5654813297861495
-0.7520790434456094,-1.458501595814441,-1.0199997832342727
0.8619277868265043,1.2334094842683252,0.025934748233679413
-0.8506402110640672,-0.7266611833556076,-0.5718499614926936
-0.8104660517024536,-1.22204791446126,-0.5277224448745671
0.27436461564441156,0.6170235913355248,-0.43996784406828365
-0.08477647629048105,1.232559457972223,-0.5653135870721931
1.9704812719046998,1.2304471493406766,0.2428428516506824
1.5233766413314302,1.2513070363606635,-0.841462825634793
1.3420535772155149,1.2276593853743134,-0.3039788258638414
2.0675362231661736,1.2275022715091566,0.01077919402772006
-0.3919340469825003,0.6138181999156257,0.2612526145073956
9.936172276146099,1.2324063726677117,-0.18927076663666603
-0.14476390684499418,1.2296951513536034,3.297689286867408
-0.9773977201200887,-1.458501595814441,-1.0199997832342727
-0.19636539063757028,0.617648018235505,3.2934509876281095
-0.6255104856179465,-0.0563180919967684,1.8992322591725133
-0.600292598034065,-0.01856779304570182,1.977825312084879
1.6867139216343392,1.2279010990130153,-0.0913062259742373
-0.49096264865779243,0.2817869172590103,-0.4368310553172992
-0.20382635731396395,0.561052112586969,0.37650024613113076
-0.4740111525866962,0.625299597753973,3.3183048664126478
0.6059071423874995,0.3949693285812438,-0.560091197244351
0.7277745720797162,1.2311333475038806,0.3798970360887476
1.3170834296817553,1.2299637220632724,-0.44293409439341236
0.9873475355683321,0.5020175848946389,0.029482506633857035
-0.8423229411520188,-1.458501595814441,-1.0199997832342727
-0.5641845756199213,0.34121490104100516,-0.44541109513616833
1.0796299851095275,0.6191855855483596,0.3818204858754476
-0.04620417748517279,1.2312286901058134,1.4338748306909082
-0.812919181589186,-0.56892826271349,0.8320195644391936
-0.47459184951114797,1.2297099227426356,0.49974920521058536
-0.8130606702825431,-1.458501595814441,-1.0199997832342727
-0.39208812043892616,-0.055451951458086055,0.25127192302699075
-0.8133697161070426,-1.458501595814441,-1.0199997832342727
0.2284047013531666,1.2288585535929852,-0.5758618080681506
2.52621847619791,1.2295541517310271,0.1262029555011093
0.5074939356262629,1.2296320372368315,0.38257812380015066
-0.5639846576694599,0.6177836464438876,0.38317640614659493
1.0182181391579765,1.2290747530142685,-0.4488805736031663
-0.02632546552431636,-0.11193505740856118,0.2613001416096834
1.357603670027756,1.2291835241516842,0.2628405788661828
-0.27167279262249827,-0.05625363502644779,0.036650711943593296
-0.9319989064793744,-1.458501595814441,-1.0199997832342727
-0.626382429916272,-0.06178887735272461,1.8878425288948748
-0.8130737943926005,-1.458501595814441,-1.0199997832342727
0.515264667256474,-0.11951680854251528,0.37328238173506734
0.5391933357551407,1.2291526385200726,0.234301951798403
-0.40631501530566705,0.61843895897548,0.16024913501045704
-0.11407668123149216,-0.05636643472450871,0.14182259788234813
-0.6253950653623743,-0.05495778135229501,-0.5728452349288349
0.5679266870110753,1.2289807532658843,0.05321810065868566
1.4254389588318581,1.2281683268691357,0.14328755091756717
1.6541889610481602,1.230350463885196,0.032887683727171664
-0.7517486035238934,-1.458501595814441,-1.0199997832342727
0.05864325906838832,0.6054938507694371,-0.3053682946777802
-0.9676700578327077,-1.458501595814441,-1.0199997832342727
-0.8127983678637273,-0.7269740682323719,-0.6891244842434018
-0.20312089145280332,1.2289162962955638,1.9333651057507388
-0.20423967688960334,1.2302698926722955,1.8954272952776026
-0.9740505327084961,-1.458501595814441,-1.0199997832342727
0.2370162749386909,1.227819184946566,0.3842695294992108
-0.8542887136599885,-0.713055391203779,-0.5684363972636812
0.6292400122460318,0.6175540184871208,-0.33610155558648935
-0.9336165878806804,-1.458501595814441,-1.0199997832342727
-0.8131243132272046,-0.786998278989832,-0.5669155299904766
-0.9319241170302811,-1.458501595814441,-1.0199997832342727
-0.3844213029951956,-0.0551216094851933,0.261255410219295
-0.8134788439810803,-1.458501595814441,-1.0199997832342727
0.2368449423786282,0.6174653901529299,0.24889277220070938
-0.8128961694510034,-0.7838304874692867,-0.5669071428547788
-0.8421566424971835,-1.458501595814441,-1.0199997832342727
1.6962120018868831,0.6143311699710936,0.14222238468394405
0.5988501466056083,1.2295810088019943,-0.09434236909684798
-0.8130671424464071,-1.458501595814441,-1.0199997832342727
4.55844700688917,1.230149035852944,-0.43488244412350585
-0.8129650260832216,-1.2427721732728638,-0.5708686666160488
-0.4933077293644642,1.1343941778811282,-0.8145261414852967
-0.8422125548016741,-0.7871433071730531,0.37771358509541525
-0.8128436730107743,-0.7288755488568279,-0.6841956441649832
-0.8127167466861108,-1.2385233846459012,-0.5620230341667487
0.2450638713564119,0.6131575159698402,0.25202396952789513
-0.9682085059097149,-1.458501595814441,-1.0199997832342727
0.36931125952723315,0.626725708222315,0.3688483826628203
1.693214670888598,0.6140236565085225,0.25169966694757945
0.5232612054926024,1.230456549315515,0.26068508499184334
-0.8129939710382794,-0.5689054342031681,0.8320670915414813
1.0719126488311932,0.6126458887679209,0.2628853102565712
-0.8131690790272628,-0.7281638364762053,-0.6603454259522844
-0.8105949556327422,-1.458501595814441,-1.0199997832342727
-0.6262538855506427,-0.06103285080500672,1.8894165146941653
-0.45739171447828175,0.617024934189073,-0.690335027495787
-0.4822782632287996,1.2286974111671833,4.574530051232023
0.5314806738173746,1.2295930944839293,0.25992744706714027
-0.8420956962874655,-1.458501595814441,-1.0199997832342727
-0.13060820578075566,0.0046380591232428985,-0.44367775375861906
0.7865865857636204,0.6276764485345433,-0.439797305642428
-0.39221378828728276,0.003244177140061264,0.008869722800516407
-0.8017724973746536,-0.7260313850414338,-0.5728340520812378
-0.6262848081113255,-0.061543135153377476,-0.5731974946281433
-0.1222916549980255,0.4950347464432465,0.1287638276008434
0.72034255035838,1.2499050972561914,0.14323163667958164
1.7168224279290145,0.6129748878872655,0.25044718801670524
0.1484630502593853,0.2860813629066167,-0.5690598410172191
0.7270583192787822,1.2305666633064793,0.2548140900033697
0.508370014918168,1.2312206329845234,0.9584668179314165
0.7117338532901285,-0.0005346127449808675,0.25978486576027726
0.26866102123938507,0.17536174499204718,-0.12298443750490091
-0.10042796633658928,-0.05429441169941273,-0.4449106627061985
-0.9319435335218726,-1.458501595814441,-1.0199997832342727
-0.812804120898273,-1.458501595814441,-1.0199997832342727
-0.7516454084667308,-1.458501595814441,-1.0199997832342727
0.3283287988119554,0.613694657389178,0.14206582481758476
-0.8344637566156681,-0.7295013186103566,0.4977195183717131
-0.8134385727392607,-0.5783309232589995,0.8124439897204834
-0.8130955480544763,-1.458501595814441,-1.0199997832342727
-0.8128650671079909,-0.7273473815188116,-0.6893649154667392
0.7353554535699207,0.789808557401038,-0.10472564309074826
-0.8129101924727085,-0.7274239241710673,-0.025377747965579043
0.9909036300468638,1.2281710125762326,0.3698911832012492
-0.46595600531113407,0.6144547124975412,0.3829807063136457
1.0940891587460493,1.2296750085503785,0.24739986204649744
-0.8133022977334606,-0.7053500975433771,-0.03517671817253121
1.3622350426193361,1.2066235845394933,-0.7980034841605926
0.14125467775601158,0.6148911399007532,0.2570842080655795
-0.812943631986005,-1.458501595814441,-1.0199997832342727
-0.8129874988744156,-1.239458010715549,-0.5639688496486428
0.726204712778071,1.2284436118465465,0.2766066642582035
1.798370793701999,1.2283294692949374,0.24968675438010282
0.22729490503284414,0.28067369166743256,-0.5639017525630602
-0.813413223430794,-1.458501595814441,-1.0199997832342727
-0.8128316275946944,-1.458501595814441,-1.0199997832342727
-0.7438930146341336,-0.7239244478240809,0.5093301098893945
-0.1758071014710086,1.229961036356176,3.296400463681843
1.700246497144352,0.615057653740748,0.12984856381776136
-0.8132951064402785,-0.7280295511213709,-0.7061978968122625
-0.08545245784959524,-0.05313955764783647,-0.4465461541672733
-0.5715977201966543,1.2279991273220443,4.5730762810444014
-0.931454166020833,-1.458501595814441,-1.0199997832342727
-0.6583178842438513,-0.05577155060259204,-0.44121752728725877
0.9813068492953961,1.229758265470376,0.1356273003135588
-0.8131570336111829,-1.458501595814441,-1.0199997832342727
-0.8105992704086514,-1.458501595814441,-1.0199997832342727
-0.48216518014351156,0.6193843278735146,0.25015084255538217
-0.8131435499364665,-1.458501595814441,-1.0199997832342727
-0.8134630231360798,-1.458501595814441,-1.0199997832342727
0.2535907674647175,0.617480161541962,0.49865328614607046
0.5908627772682872,0.6264168519061958,-0.4403480608865848
-0.4973420448396034,-0.055629208126467586,0.03198187307180721
-0.813546801701651,-1.2438464561115394,-0.5731052361354673
1.0541352327381368,1.2272014723143276,0.2319591452268121
-0.0849526629734417,0.5043058073410184,-0.5580838761006729
-0.06282091885864387,1.2298979222394038,4.57150229524511
1.2471441482749104,1.249758726219422,0.276201286032809
-0.8135910281547205,-1.2434999998960665,-0.5723839424654549
0.9577070026774795,0.6189935574909463,-0.5654617598028546
-0.48206072661004207,1.231051433437432,4.57943093419145
-0.9340827634612078,-1.458501595814441,-1.0199997832342727
0.9207752176293302,0.5595400594915328,0.03679049753855694
-0.8047671316379956,-0.787844276725289,-0.43810310423146853
0.2303894982714168,-0.05585883608323442,-0.44663561694805004
1.0790863233449632,1.2306485773729285,0.13543719190440837
-0.8129243952767429,-1.240774007192927,-0.5667086473099304
-0.8128418751874789,-0.7283142360736199,0.09005160493160876
-0.8129664643418582,-1.458501595814441,-1.0199997832342727
0.24520302287948484,0.39456647251674043,-0.5666387545124486
1.4475735794639286,1.2293594379665174,0.24893470787919844
-0.8131226951862385,-1.458501595814441,-1.0199997832342727
-0.20326094188752397,1.2289955246549158,0.05487595781495464
-0.6261997710694476,-0.060470195168250064,1.8905879179799612
-0.1968076551682672,1.23003892186198,0.49948361258015456
0.0005131597604733293,0.6203149253825176,0.5040909457901566
0.15619404999476577,1.226657616627248,0.3668298786715451
0.33768934558239205,-0.03939410872697987,0.36411244670545173
0.2602666247079592,0.34225024112677904,-0.4463476586224248
-0.8131189197573179,-1.458501595814441,-1.0199997832342727
-0.37611895501650006,0.6186685869322468,1.9050137913802099
-0.4821878327170351,1.2298321224155346,0.38105446081504674
1.3700875752094934,1.230906405254211,0.022107418643574513
0.3679488690338908,0.6164582499916716,0.3894527793604632
-0.8132524980281748,-1.458501595814441,-1.0199997832342727
0.5244581962427572,0.17048584375800765,-0.0892290120330774
-0.08305559983201251,-0.05131059111499086,0.49803543381633103
-0.024081422486852664,0.6157693661213708,0.2552390382120593
-0.8131626068633989,-0.7881987900620521,-0.5684056444327892
0.34371888535089556,0.613858485522076,0.25264182185763456
0.9881089137339834,0.49761168240252,-0.3151588777490346
-0.8130405346616334,-1.458501595814441,-1.0199997832342727
-0.9321905544426765,-1.458501595814441,-1.0199997832342727
-0.8128285712950919,-0.7866088514608119,-0.563499170049565
-0.8079992583586754,-1.458501595814441,-1.0199997832342727
-0.8129981060318592,-1.458501595814441,-1.0199997832342727
1.8730095852033248,1.2296750085503785,-0.5581789303052482
-0.8128920344574238,-1.458501595814441,-1.0199997832342727
0.7270709040418509,0.6172773906561619,0.25172203264277365
0.7196651305406295,1.2316906317264442,0.12523004776016222
0.32056759564521037,0.6058765640307152,-0.12379798966758934
1.0604605144387527,1.232787743075442,0.5024414757695855
0.6135656898440706,0.6178413891464665,-0.4505020865047447
1.8070179641887745,1.2302403498942318,0.26184530543004164
-0.8129225974534475,-0.7869405362872531,-0.5629484148054081
3.126121726698099,1.2298898651181138,-0.5692108094597799
-0.5769273673562133,1.232323115747714,4.58207847336006
-0.11445530281752786,0.5015650432488467,-0.5571277426311215
0.6055808374593632,0.3422932124403261,-0.4450644268606585
0.6363050982327529,0.6169537629510106,0.26021820110466465
2.663154361841499,1.2276432711317327,-0.21628293500744275
0.3598076060224735,0.6161117937761985,0.2574560377481829
0.1712754502738657,0.6143915983807688,0.5060395569839498
-0.8131600899107851,-0.7296584324755129,-0.6907879328234693
2.0385826385565378,1.2371063600869179,0.14665079233239273
0.8907422199130666,1.2266415023846677,0.2556136636065618
-0.8131333023436821,-1.2424485455677128,-0.570194900048324
-0.9715610867911942,-1.458501595814441,-1.0199997832342727
-0.20445056156216737,0.6168584203490782,-0.44359667811354014
-0.8053528624676749,-1.182862105067013,-0.4461407759418787
0.9822285932990078,0.621770578628923,0.25164095699769473
-0.8129808469282223,-1.2407283501722832,-0.5666135931053551
0.37563546253387187,0.6173861617935779,0.373707329943757
-0.8129385980807776,-1.458501595814441,-1.0199997832342727
-0.8129720375940742,-1.2411688061361403,-0.5675305866083168
-0.4742867588978988,0.6133750582446721,0.38981063048356984
1.814473177830623,1.2305572633316408,0.25038568235492115
2.781073232229772,1.2288504964716946,-0.08026595968400788
-0.8126061805534366,-0.7685783568671877,-0.5980318034293862
0.989463214022496,1.2259647041963022,0.3771488512917621
-0.3919106752796586,1.2300187790587551,0.3861202907765294
-0.6262700659603023,-0.05955705475537564,0.8118512987978376
-0.8126851049961098,-1.2371885882188465,-0.5592440965388712
0.15550818040752615,1.2298737508755337,-0.45136316576972085
-0.3917251399155613,-0.11053848971828246,0.26264487903323364
-0.8129549582727669,-1.458501595814441,-1.0199997832342727
-0.8128887983754918,-1.239232411319427,-0.563499170049565
0.14764827674185715,1.2287081539955704,0.5011917925506105
-0.8130421527025993,-0.18734031270876136,1.6264546491604368
2.4197977644784423,1.2273021863304532,-0.008147775530358989
-0.743984703622205,-0.7235712773408663,0.5100653821189034
-0.6263225624005313,-0.06087036552565696,0.8140515240625654
-0.8128896972871396,-1.458501595814441,-1.0199997832342727
-0.8128434932284447,-1.458501595814441,-1.0199997832342727
0.3674839519296702,0.6159358799613652,0.49814726229230205
-0.47465189680921827,0.6155558524071839,3.2980191808715222
0.3676498910198464,0.6157841375104026,0.2602573410712545
3.16513395286382,0.61589962291556,-0.08743696070564334
-0.6724122795337126,-0.21137336266348664,-0.7066256407328514
1.4473377050475564,1.2290546102110436,0.26540145096591705
-0.8422175887069016,-1.458501595814441,-1.0199997832342727
0.7204529367087248,1.228256955203327,0.2776830133394237
1.0955466540917245,0.6805781640715828,0.12343799643272815
-0.8558948889922029,-0.5089993945579624,0.9567865950799536
-0.8130820643797599,-0.7294032903013274,-0.6868292047740985
-0.8132406323944245,-1.2432005435547857,-0.5717604987119169
-0.813352277221076,-0.72735678149365,-0.7069303733298722
1.0640789933856387,0.4991035926947308,0.26098422616506545
-0.8342057689727613,-0.7272251818459123,0.502458250040981
0.5309237081604233,1.228047470049785,0.5005739402208711
-0.9586045338650653,-1.458501595814441,-1.0199997832342727
-0.813262026491641,-0.5708351147521394,0.8280496535422258
0.5681016152177291,1.2275532999439935,-0.5719114671544777
-0.11465863663225079,0.6164327357742531,0.2562846344623874
-0.7521018758014625,-1.458501595814441,-1.0199997832342727
0.2628696930575376,0.6266840797623164,0.05180067472575425
0.6654424203831902,0.06616760870839733,-0.8014533926442956
-0.8129880382214043,-0.23560381208981845,1.5259739677886623
-0.27718491884655216,-0.0608717083792052,1.8897520001220784
0.3664216181443494,0.6251115982572047,0.23465141578581208
-0.6262594588028587,-0.060372166859220915,0.8134784031232144
-0.8129101924727085,-1.458501595814441,-1.0199997832342727
0.3514212996958773,0.05990453975891761,0.13000232797222144
1.0801982770532403,1.2279145275484988,0.23280904164419122
0.6290381166899454,-0.02061027329273426,0.03524167314635964
0.25358411551852394,1.2293151237994224,0.3779903605734435
-0.8421129553911025,-0.41998700425238505,1.1421031540351705
-0.8128416954051493,-1.458501595814441,-1.0199997832342727
-0.8127827268010562,-0.7847154279576459,-0.5642651951099658
1.8007798769179912,1.232566172239965,0.3746522805657113
-0.8132059344048209,-0.5690598623612276,0.8317455846730649
1.0869805654355766,1.2276714710562484,-0.0031686126377535036
1.4311148667581335,1.2281790696975226,0.09825142793217681
-0.8129752736760061,-1.458501595814441,-1.0199997832342727
-0.8130002634198138,-0.7266692404768976,-0.6923842843179542
-0.8091734167529772,-1.2121739123202815,-0.5071655752792119
-0.15893021506667615,0.3431136959583646,-0.4478629344718309
-0.8129283504879932,-1.458501595814441,-1.0199997832342727
-0.8128922142397533,-1.458501595814441,-1.0199997832342727
-0.44438590119385574,1.2341386537450765,0.9583410108959494
-0.8131140656344199,-1.458501595814441,-1.0199997832342727
0.3438965102924927,0.6172935048987419,0.2520491309349887
-0.8132774877719824,-0.5701730879528055,0.8294279395085673
-0.8133190174901089,-1.458501595814441,-1.0199997832342727
0.7194377058937467,1.2343602245805532,0.12529155342194628
3.106170023111445,0.7336665362518426,-0.08105155472770355
-0.5280032020153206,0.613367001123382,0.9541642173184354
0.36000950157856,0.680024908409665,0.1265887637432089
2.5109601701065314,1.2284328690181594,0.2543835503708817
-0.8127773333311697,-0.7862341953208237,-0.5650591772893593
1.8144426148345991,1.229751551202634,0.25890701222390555
0.29750026428742565,0.6264544518055496,0.5006717901373456
-0.48231152295976665,1.2297542369097312,4.576730276496751
-0.8133280066065864,-0.5771156407977477,0.8149741089893254
0.3518355181831643,0.6157049091510501,0.14190646923932626
0.16235878607509205,1.2282891836884868,0.2786055982661838
-0.8129319461345842,-1.458501595814441,-1.0199997832342727
1.7133438196345199,1.2283764691691295,-0.5743381450830467
-0.4821222121667487,1.2307197486109906,4.578740393352328
-0.8131724948915242,-1.458501595814441,-1.0199997832342727
-0.47365967813242266,0.02429072080326762,0.0980026095731415
1.1981444743556058,1.2292560382432949,-0.4400237583062691
-0.8126318894265625,-0.5658289567239104,0.8384720675027157
1.4860878085767912,1.230653948787122,-0.35401088601323283
0.7174978545578843,-0.039713707871486155,0.2345647487169346
0.33565438939419695,0.6137027145104681,0.12369799763936058
-0.47413897782300735,0.3990435462469216,-0.5626828221749771
-0.8125472119493437,-0.5645787600704014,0.841074875280939
-0.8421739016008204,-1.458501595814441,-1.0199997832342727
1.6861292694986374,0.3992140886475617,-0.8033013582097153
0.23768075042871395,1.231725545918701,0.25430527043770207
2.8708798993107116,1.2305371205284157,0.2510706317702431
-0.6263024267796216,-0.06240390427786659,1.8865620928450075
0.6209971722184181,1.228401983386548,0.38824223610807784
-0.024194325789811077,1.2305948632309949,0.5065903122281066
-0.841954387376438,-1.458501595814441,-1.0199997832342727
-0.8133736713182925,-1.458501595814441,-1.0199997832342727
1.4484271859646398,1.2283442406839689,0.2768582783291382
-0.8126865432547462,-1.458501595814441,-1.0199997832342727
1.4226217697277836,0.6267713652429588,0.10027831905914975
0.15601606548850952,0.34158687147389677,-0.4442033475956824
1.0875653973536084,0.5589827752689697,0.26228982362202596
-0.5641115839941233,-0.05502089546906738,0.38063230831825645
-0.8423022661841204,-0.4073964093831052,1.168315748802755
0.524647507035775,1.2283737834620325,0.367391816763299
-0.5719044288508695,1.2308204626271169,4.578950071744774
-0.09099191098774094,0.6268479078952145,-0.5732953445446178
1.80086059918396,1.2329851425470482,0.2514871928432348
-0.5717568275583076,1.2329824568399517,4.583451167902604
-0.8421250008071824,-0.7928074634399712,0.3659212723042813
2.4332686746494185,0.9534540622165173,-0.45639824290031167
-0.782491741441886,-1.458501595814441,-1.0199997832342727
-0.39179165937749544,1.2299650649168208,4.577169203264937
-0.48199996018265356,0.5568180953490381,0.3795811206441297
-0.5718062676989343,0.05377844187136912,1.4362959171956786
-0.9321826440201763,-1.458501595814441,-1.0199997832342727
-0.8127926148291816,-1.2376706726427023,-0.5602477571107103
-0.8127602540098623,-1.238527413206546,-0.5620314213024465
-0.47441602239284647,0.283059942422841,-0.5693981221570311
0.6034622824879264,0.6160835938516832,-0.4873411822014663
-0.25761129749894496,1.228087755656235,-0.44530765379589526
-0.11454501419997423,1.229499094735545,0.25374612805784735
-0.5716160579942686,-0.26328405228184787,0.5048010566125719
-0.11459589259923728,0.16804990742131037,-0.78385997766217
-0.3844177073486046,-0.06119399323080795,0.23338495829544142
1.4389418702574945,1.2281159555807506,0.2565725927880126
0.36009525774975615,0.6164085644103828,0.2566229156021994
-0.6261945573818906,-0.061454506819186856,-0.5716430788121475
-0.016242373571411704,0.6126190316969539,0.26427477907050984
-0.8130248935989625,-0.7860824528698608,-0.569221992307377
-0.8128923940220827,-1.2418348614961192,-0.5689172597103562
-0.9321414738667089,-1.458501595814441,-1.0199997832342727
-0.812793693523159,-1.458501595814441,-1.0199997832342727
-0.6235564314780495,-0.04103239005596041,1.9310558477219393
0.36810456053128254,0.6142559701723862,0.249205891933428
0.9822943936316236,1.2276822138846348,-0.5726579222315835
0.5236973574240946,1.2299086650677902,0.38791793352776216
-0.12255575524013691,1.2308808910367923,4.573445315015105
-0.3919264961246592,1.2309842907600144,4.579291148596485
5.152521174918306,1.2292009812478126,-0.4386091280852369
1.09518349378603,0.6172854477774519,0.253240104204079
-0.8127850639713404,-1.458501595814441,-1.0199997832342727
-0.2578496888679304,0.6270788787055298,0.23202903802429395
-0.8421875650578663,-1.458501595814441,-1.0199997832342727
0.2744399444404937,0.3468025146556676,-0.6601301561360404
-0.6262585598912109,-0.06126113590822532,1.8889412436712887
0.8310205076416309,1.2318410313238584,-0.32918776005958694
2.0613215075982314,0.5063214305170838,0.257847437414081
2.609161233718897,1.2324923152948057,-0.21847477313647287
-0.8127474894644641,-1.2404100938813254,-0.5659510093852275
0.7205084894485563,0.6799617942928926,0.12494208943453704
0.6433042041045285,1.2279964416149478,-0.4442257132908766
-0.8133449061455643,-0.7699964102142396,-0.5732953445446178
-0.8128332456356603,-0.5680661507354526,0.833814411478527
0.2781418423882918,0.6156834234942766,0.25723517650814026
0.3578001565306997,-0.060822022797916354,0.2322918349428257
3.6073562347134547,1.2301638072419763,0.2595388431131413
1.0789919376219488,1.2298750937290817,0.2599442213385359
1.047756016338655,1.2314046039206468,0.2519820338494061
-0.8421228434192278,-1.458501595814441,-1.0199997832342727
-0.7517804249962241,-1.458501595814441,-1.0199997832342727
0.9968456158208757,0.6143983126485106,0.26067390214424624
0.24583657580882481,1.2295460946097372,-0.44408872340781225
-0.813415560601078,-1.2436732280038032,-0.572744589300461
0.23119096789655819,0.347412170166616,-0.5728759877597269
-0.6250279498454299,-0.0572822608444799,-0.5644469163834185
1.3104340004409576,0.627133935701012,-0.5721183498350239
-0.7441795876674391,-0.7263778412569067,0.5042223442494225
-0.8127721196436127,-1.458501595814441,-1.0199997832342727
2.0670517097880317,1.2293433237239375,0.25003342265561274
-0.09994956555765235,0.6159546799110424,-0.44674185400022237
-0.8128850229465712,-1.458501595814441,-1.0199997832342727
0.9507688430154221,1.2345844811231266,-0.5655148783289409
0.7271082987663975,0.6126552887427592,0.2535616110724953
-0.9320469083613648,-1.458501595814441,-1.0199997832342727
-0.9312866088896908,-1.458501595814441,-1.0199997832342727
-0.8134290442757945,-1.458501595814441,-1.0199997832342727
-0.8134615848774434,-1.458501595814441,-1.0199997832342727
0.7203044365045151,-0.039688193654067616,0.27672128844607374
-0.8128576960324794,-0.5686314920793057,0.832637416768933
0.14863348390780032,1.231960545289661,-0.3341277829856026
-0.8126829476081552,-1.458501595814441,-1.0199997832342727
-0.8133080507680063,-0.7701870954181045,-0.5721770597849086
0.16502981214524107,1.2275841855756058,0.1447832567836783
-0.9268159617007298,-1.458501595814441,-1.0199997832342727
1.4317867133236677,1.229499094735545,0.2495917001755276
-0.12280457398423637,1.231362975460648,-0.4530266143497883
-0.8131194591043066,-1.242025546699984,-0.569314250800053
-0.8129350024341865,-1.458501595814441,-1.0199997832342727
1.341315211188046,0.6169255630264956,0.2561532360031215
0.33541366085492713,0.6141847989343238,0.12767629567202624
0.17156400091279606,0.6141592847169053,0.26187885397283284
-0.21778106173376374,0.06721772018320296,0.1433686265626461
-0.6248767529062769,-0.057264803748351356,-0.5591658166056915
0.21694897131413493,0.11071946088182968,-0.21340335175119152
-0.8133344787704503,-1.458501595814441,-1.0199997832342727
2.016068137862125,1.2304860920935787,-0.6969608646970643
0.7193366682245386,1.229444037740063,0.25892378649530123
-0.8133860762990316,-1.458501595814441,-1.0199997832342727
-0.5635441909620583,-0.053882155660071124,1.9043036805577946
-0.7516107104771272,-1.458501595814441,-1.0199997832342727
-0.8127559392339531,-0.5670576677206458,0.8359139911148808
-0.8130975256601013,-1.458501595814441,-1.0199997832342727
0.7114701126126762,1.2287632109910525,0.2519317110352191
1.8061293001338012,0.6178145320754997,0.24712867799226793
-0.8132882747117556,-1.458501595814441,-1.0199997832342727
-0.7517372772371317,-1.458501595814441,-1.0199997832342727
-0.9320918539437527,-1.458501595814441,-1.0199997832342727
-0.21153470447582093,-0.11358676727302494,0.37561680117096047
-0.8129997240728252,-0.7872681925530491,-0.5659370308257311
-0.7441790483204503,-0.7245408176027712,0.5080468781276282
-0.19636287368495653,-0.11658938780712373,0.38108800935783804
0.8907889633187502,0.6165589640077972,0.2652980096256439
0.6286722596493078,0.5580897776593206,-0.4409910746234176
-0.8133127251085744,-1.458501595814441,-1.0199997832342727
-0.08534530758118249,1.2278339563355982,-0.5622634653900862
-0.8129350024341865,-0.7883317325633382,-0.5640163767509304
1.7983362754947254,1.2287860395013745,0.24800653152863977
-0.8135192950052295,-0.5565753529222669,0.857737318200607
-0.8422806923045741,-1.458501595814441,-1.0199997832342727
0.0003662775972296922,1.2327864002218933,0.5008423285632012
-0.7526032887185821,-0.7893912440129821,0.37303356337603216
1.086942811146371,0.6158311373845946,0.2517276240665722
-0.8420671108970668,-1.458501595814441,-1.0199997832342727
1.439341706158417,-0.0024522076120170886,0.2449424312870365
-0.8128659660196388,-1.458501595814441,-1.0199997832342727
0.2972368831746326,0.6171243053516504,-0.2151870159429277
-0.9322761308315433,-1.458501595814441,-1.0199997832342727
0.6059941570350026,1.2318786312232124,-0.5626129293774953
1.4255313669492475,0.0028238639794293603,0.14386626328071672
-0.8421007301926928,-1.458501595814441,-1.0199997832342727
-0.4599570285386544,-0.05798188754316748,-0.5730409347617841
-0.7335684750126411,-0.8453519799331513,-0.7725345487582148
-0.8125988094779248,-1.458501595814441,-1.0199997832342727
1.6400057532875005,1.2304887778006752,-0.569652531939865
-0.7517766495673034,-1.458501595814441,-1.0199997832342727
-0.8127830863657154,-1.458501595814441,-1.0199997832342727
1.906278844633848,1.2283563263659039,-0.43900332346303444
1.0875141593896862,0.6169806200219776,0.25125794446749433
0.16419346474816673,-0.0556815794148529,0.3852508243758556
-0.7826161508139358,-1.458501595814441,-1.0199997832342727
1.4483905103694112,1.2287202396775054,0.23161247695130222
0.9969286752571287,1.2304699778509987,0.2536454824294736
-0.9322603099865425,-1.458501595814441,-1.0199997832342727
-0.5723181079911679,1.2308083769451819,4.5789249103376815
-0.2037328705025971,1.2317242030651527,3.305439000252193
-0.81336270459619,-1.458501595814441,-1.0199997832342727
-0.8128913153281054,-1.239882352436826,-0.564852294608813
-0.20428695964227533,-0.05697743308900568,0.13884236899772298
0.6345568948601926,1.2299261221639188,-0.5734994315132649
-0.562867849838285,-0.06042453814760652,1.890682972184536
-0.16738609715480884,1.2292036669549098,-0.44298441720759935
0.9506800305446236,1.2325097723909344,-0.5644553035191163
4.884762542182874,1.228764553844601,-0.12678660568791225
1.3406554100385915,1.2297878082484397,0.24952180737804577
-0.7731407231349157,-0.2762143890988591,1.441426048530845
-0.7518802041891253,-1.458501595814441,-1.0199997832342727
-0.8127791311544653,-0.7262838415085227,-0.687008130335652
1.0324225612335238,1.230102035978752,0.022339462731214333
-0.12282740634008943,0.5509820538279321,0.24132757580127626
-0.7515467079678068,-1.458501595814441,-1.0199997832342727
0.36811912289997617,1.2295031232961902,0.13705311338218812
1.2801529031099128,1.2316651175090256,-0.44253710330371565
0.9280434576484448,1.2300013219626265,-0.5706422139522076
1.8148302255371123,1.2299046365071453,0.2625274591334642
0.9592943008650913,0.49723568340898344,-0.48596289623512473
0.5908661931325487,1.2282945551026803,-0.43912913049850166
1.0713391431999233,0.6131454302879052,0.023385058981542434
-0.7520414689387331,-1.458501595814441,-1.0199997832342727
0.2682613651207918,0.6138772854717531,-0.33126497400074695
2.8420690618707405,1.2305706918671244,-0.21985585481471376
-0.85512218453979,-1.0856945651623384,-0.5715312503361766
2.5132371133103026,0.4978829388192854,0.23216323219545904
0.22938397570223434,0.6214979793586092,-0.44854229246335425
-0.8421534064152515,-1.458501595814441,-1.0199997832342727
0.7203847992058247,0.6281276473267869,0.23278667594899702
-0.8129360811281638,-1.458501595814441,-1.0199997832342727
0.9739907871766212,1.2304968349219658,0.025451090075105227
-0.3931725674507817,1.2281629554549427,4.573417357896113
-0.8126559802587223,-1.458501595814441,-1.0199997832342727
-0.8129722173764038,-0.7872775925278876,-0.5668959600071818
-0.8131683598979446,-1.458501595814441,-1.0199997832342727
0.12674138963829495,0.6178051321006611,-0.4436721623348205
-0.14483797716476945,1.2289418105129823,3.2990591856980513
-0.6262499303393925,-0.05999079645149108,1.8915859871280014
0.26979778490914025,0.6190298145367515,-0.6917804105477111
0.23127043168621994,1.2491316136123451,-0.5742347037427736
0.7280697746648397,1.2333960557328418,0.2501648211148786
0.9877991487801658,0.614617197776891,-0.31853330201145713
-0.39188262923624856,1.2304511779013216,0.38633276488087437
-0.8128427740991265,-0.7330343662960515,-0.19816392618825387
-0.9312490343828146,-1.458501595814441,-1.0199997832342727
-0.8126583174290065,-1.458501595814441,-1.0199997832342727
2.1751873651490925,0.6157129662723402,0.13879763760733457
-0.12835121841556418,0.34113432982810454,-0.5695770477185846
0.7117894060299599,0.5625010515656329,0.2325853846922493
-0.8126867230370757,-1.2378989577459207,-0.5607230281335867
0.6273231730483521,1.229388980744581,-0.44444377881901986
-0.7516817244973003,-1.458501595814441,-1.0199997832342727
-0.8128372008469105,-1.2392243541981371,-0.5634823957781693
-0.4740575364277204,-0.16971938844738216,0.4141528939905408
-0.008515868394270003,-0.053871412831684354,0.13122684978410304
-0.8132997807808469,-1.458501595814441,-1.0199997832342727
0.26115528876293304,0.6138678854969146,0.24641856716985264
-0.4902884649219737,-0.05581317906259058,-0.4455061493407436
0.30501390718637816,1.2305572633316408,0.03549049150539497
1.074776221776292,1.2291351814239442,0.25592119191548185
-0.20420461933534065,-0.0569304332148136,1.661071153897236
-0.6262864261522915,-0.06102076512307142,1.8894416761012591
0.2299788754307209,0.2829605712602636,-0.5653051999364953
-0.8130538385540201,-1.458501595814441,-1.0199997832342727
0.2827795073614065,0.5004894175566228,-0.09808303161807524
2.167027404775402,0.6175486470729272,0.2539837635692856
0.14784244165777294,1.2307895769955046,0.263701658131159
0.6046209796018871,0.6086038995874035,0.22585890186259816
-0.39204515246216326,1.2293634665271624,4.575916724334062
0.2617949542914778,1.2285402973020272,0.38402630256397385
0.26985909068351743,0.5564823819619518,0.38234887542441015
1.7764659348870955,0.0035127478497301756,0.008453161727524685
-0.8131027393476582,-0.7866182514356503,-0.5688893025913635
-0.8130049377603822,-1.458501595814441,-1.0199997832342727
1.0714633727896434,1.228735011066537,0.23310538710551415
-0.38384294324102797,0.4955960592264544,0.5087486018143457
-0.8421388440465579,-1.458501595814441,-1.0199997832342727
1.448563820535099,0.625533254271385,0.009529510808744897
-0.8130002634198138,-1.2396473530658656,-0.5643630450264403
0.5976215141654523,0.6197656982812445,-0.5673153167920727
1.8083436790868888,0.6046156245488195,0.2748621400330572
-0.5249911288660121,1.22866786838912,0.501504912283329
0.3406836202810749,0.6685582819603494,0.14474132110518922
-0.842295614237927,-1.458501595814441,-1.0199997832342727
-0.8425136902036732,-1.458501595814441,-1.0199997832342727
-0.751748783306223,-1.458501595814441,-1.0199997832342727
-0.46605758232733074,0.6153289101575136,1.9064172387536449
-0.8507194950713994,-0.5126680704520401,0.9491487101711396
1.0684890539295409,1.2294453805936116,0.15028242208954848
-0.8421181690786594,-1.458501595814441,-1.0199997832342727
-0.6263495297499642,-0.06106373643661849,1.8893522133204823
0.36002622133520823,-0.05250707362656596,0.25338268551094195
-0.7817625443132246,-0.7928907203599684,-0.07975714011834013
-0.20401225224272046,1.2297716940058596,3.304454909663649
1.085783754467751,0.6272521068132664,0.28138733160596063
-0.8125216828585473,-0.9704334165472672,-0.300257733325909
1.0790476701441098,-0.05068616421501066,0.24459017158772806
3.143006883089591,1.231627517609672,-0.44822917273063567
-0.8048611577963511,-0.48129632585561105,-0.43911515193900535
1.3160885142700167,1.2272887577949698,0.0008600082090989522
-0.3840946385024003,1.228348269244614,0.509030968716172
-0.8132987020868696,-0.5714393988488946,0.8267915831875527
-0.8132616669269819,-1.2425412024625484,-0.5703878041693738
2.5266343127261632,1.2306082917664778,0.2597625000650832
-0.9322293874258597,-1.458501595814441,-1.0199997832342727
0.5976718532177268,0.6162554791058715,-0.5693086593762544
0.8986628900061241,0.615946622789752,0.3760697064986427
1.7008597346704526,1.2294413520329666,0.25725195077953594
1.808289384823364,0.6262087096062025,0.23251269618286827
0.8990093305551702,0.6163763359252225,0.24965600154921086
1.4476622121523974,1.2296481514794113,0.25386913938141537
-0.8475688097460067,-0.4673051347354076,1.043590653840484
-0.19752984078607624,0.6055663648610478,0.3690972010218556
-0.8135221715225023,-0.5778461531280472,0.8134532417161209
-0.6235596675599815,-0.06189764849014053,-0.5275491107368121
1.0718357019941451,0.6147138832323716,0.12942361560907187
-0.9716718327061981,-1.458501595814441,-1.0199997832342727
0.34361982528731266,-0.05719900392448252,0.2605201379897861
-0.8131075934705562,-0.7280214940000808,-0.6909612669612242
-0.7516747129864476,-1.458501595814441,-1.0199997832342727
-0.8132641838795956,-1.458501595814441,-1.0199997832342727
-0.8128478080043541,-1.458501595814441,-1.0199997832342727
-0.8126973301945192,-0.7290205770400491,-0.6870277003189469
0.3598534505165091,1.229474923371675,0.38369081713606107
-0.8128474484396949,-1.458501595814441,-1.0199997832342727
-0.8134763270284665,-0.5569352376732234,0.8569880674116017
0.25430486287769655,1.2496432408142644,-0.5733931944610924
0.659024550782855,1.2325487151438363,0.027352174166610975
0.6285296922619734,1.010792565877288,-0.5676480065080862
0.24649655674060905,1.2346596809218342,-0.4102494265790106
0.61934820869177,1.229979836305853,-0.6785091661618617
-0.21174271263111222,1.2307318342929257,-0.4416676369030417
-0.8128470888750358,-1.2405282649935798,-0.5661970320323635
-0.4825013730997732,0.6268089651423124,0.23174946683436665
-0.7517469854829274,-0.11213917114790947,1.7830173112316297
-0.8132760495133461,-1.458501595814441,-1.0199997832342727
0.3750461360576015,0.0030508062290994327,0.27720774231654727
1.7076039091989241,1.2295434089026407,-0.5645251963165981
-0.556530522721589,-0.11873795348447533,0.5027126598238151
-0.054287370804144856,1.2299194078961773,0.03123262228280204
-0.8422900409857109,-0.7871688213904717,0.37766046656932906
3.4584446885337705,1.2316852603122506,0.024740979252689924
0.35948633499956467,0.617512390027122,0.25203515237549223
0.7278001011705125,1.2306834915651856,0.5016670635734869
-0.5718237065849008,1.2311091761400106,4.579551149803118
1.7851499607514292,1.2277506994156004,0.2769924725003033
-0.9585119459653463,-1.458501595814441,-1.0199997832342727
-0.4743241536224456,-0.05462609652585402,0.3736122757391816
-0.813277667554312,-1.2414615482096794,-0.5681400518023583
2.534158562782559,1.227680871031087,0.2528067688596916
-0.482464158157556,-0.05928176977796496,-0.4458444304805557
-0.8127967498227613,-1.458501595814441,-1.0199997832342727
-0.9322642651977928,-1.458501595814441,-1.0199997832342727
-0.13077162791831812,1.2292197811974899,-0.57313319325446
0.6955083182657616,1.2287685824052461,0.25464914300131264
1.0718757934536352,0.6192178140335198,0.25438075465898247
-0.8129533402318008,-0.7868357937104822,-0.5659370308257311
-0.7517040175061647,-1.458501595814441,-1.0199997832342727
-0.12220895512643183,0.6594470206348305,0.16777239573140096
-0.8132915107936874,-1.458501595814441,-1.0199997832342727
0.7191079851013489,0.5515729093892038,0.2633577855675483
0.6211539424097869,-0.05349138527750276,0.2646270387698183
0.2451553805621537,0.8949392188473968,-0.4428949544268226
-0.8130403548793038,-1.458501595814441,-1.0199997832342727
-0.8132641838795956,-1.458501595814441,-1.0199997832342727
-0.8133359170290867,-1.458501595814441,-1.0199997832342727
-0.12262155557275291,0.49862553683152006,-0.43842181538798564
1.071788059676814,1.229979836305853,0.3893856822748805
-0.6254432470266942,-0.056802862127720614,0.8297410592412859
-0.6260868677664891,-0.06036008117728591,0.8572201114992412
1.7314144607070754,0.9526120930417052,-0.7185717176784453
-0.8131967655060137,-0.7877113342240029,-0.5662389677108526
-0.8131480444947053,-1.458501595814441,-1.0199997832342727
0.8768427086684393,1.2341305966237863,0.25645796860014236
-0.38459371424923566,-0.03947467993988078,0.23402797203227427
0.33600154907256113,1.2306646916155084,1.6548506949213537
-0.6253459847864068,-0.05541166585163575,-0.5693533907666428
-0.8128458303987289,-1.458501595814441,-1.0199997832342727
0.6196250734792796,0.2922168607690037,-0.571679423066838
-0.8129686217298128,-1.458501595814441,-1.0199997832342727
-0.8742609124322117,-0.7268934970194713,0.5031487908801014
-0.8421034269276362,-1.458501595814441,-1.0199997832342727
1.3476976636694593,1.2318678883948253,-0.33700457052995464
-0.6235238908764007,-0.03992453587857622,1.9333623100388393
2.0299065231147044,1.2282838122742932,-0.6649275977551931
-0.7518710352903182,-1.458501595814441,-1.0199997832342727
-0.6236691549986785,-0.046092262226123254,-0.5649445531014892
1.2903409879432757,1.2287430681878275,-0.2118657102065913
-0.812712252127872,-0.7280402939497577,-0.6827810139439511
-0.1305159774456957,0.6180951884671037,-0.4415837655460635
-0.02059256659957318,1.2306324631303485,1.6646356865688097
-0.8422075208964467,-1.458501595814441,-1.0199997832342727
0.515727067408081,1.2301221787819772,0.3737045342318576
1.0888461666693343,0.6052387085952514,0.3668969757571277
-0.2569962621495487,-0.055669493732917893,-0.4407674176714757
-0.525384133038412,0.6267673366823139,-0.43744331622324
-0.47414041608164376,0.6149515683104287,1.7854999033981842
-0.8104401630469982,-1.458501595814441,-1.0199997832342727
-0.8362484558011273,-0.7268209829278606,0.5032997593226622
-0.25720139378756723,1.2279104989878538,0.9565489595685153
0.6874781607340075,1.2285886400297679,0.3107534893959252
-0.8132167213445941,-0.7285774353690955,-0.6927700925600538
0.24542649231511748,0.49425051997101305,0.2578222760069876
2.0680604684391457,1.2296938085000555,0.25398655928118496
1.3413188068346371,1.2309910050277566,0.38610072079323454
-0.813072356133964,-1.458501595814441,-1.0199997832342727
-0.2569766658756275,1.2322532873632004,-0.5676396193723884
-0.2020477707277094,0.6162487648381297,0.3798019818841724
0.5967770765635482,0.6164461643097363,0.2551831239740738
0.2684262255169907,1.2326373434780271,-0.565383479869675
0.936339872810265,0.0682758887792986,-0.441516668460481
-0.38391791247245094,1.2309681765174345,1.905346481096224
-0.7443345600355126,-0.7269955538891454,0.5029363167757568
-0.4459731993814673,0.6172559049993883,-0.28434454119524644
0.2745936583322603,1.228324097880744,-0.6943440783593446
-0.8126175068401983,-1.458501595814441,-1.0199997832342727
-0.9323147840323969,-1.458501595814441,-1.0199997832342727
-0.8424085175408854,-1.458501595814441,-1.0199997832342727
0.7349286503195652,1.2276687853491512,0.3680739704667217
1.8082746426723408,0.627025164563596,0.23198430663390568
1.2527659417199906,0.6259495388713718,0.232448394809185
-0.8129587337016873,-1.2383138994923595,-0.5615869031104621
1.9750747104247444,1.2492444133104057,0.2774341949803884
-0.4823530526778931,0.6191184428709425,0.25034933810023063
-0.8130076344953254,-1.458501595814441,-1.0199997832342727
-0.4740321871192537,0.6151462820749388,3.297166488742244
-0.4823269842401081,1.229038495968463,4.575240162054438
-0.13662498100386097,-0.05840220070379938,-0.4434680753661736
-0.8423285144042348,-0.7882968183710812,0.3753120685739396
1.0804411629804647,1.2332751989134905,0.2515738599121123
1.7013233932983665,1.23006309322585,0.2641713377302369
1.791118374527885,0.6126069460150189,0.01409490834025786
-0.11429385828559042,0.6162984504194187,1.657512212649462
-0.11442851525042476,0.6137000288033716,0.38924310096801756
-0.8128938322807192,-1.458501595814441,-1.0199997832342727
0.7114445835218798,-0.0555177512819549,0.25603022467955355
-0.5722621956866774,0.5561372686000273,0.3805596198088755
-0.07763588172534834,0.2841073681905498,-0.33062755168771263
-0.05365004244588424,0.11090208896440475,0.008520258813107306
-0.9597549609918663,-1.458501595814441,-1.0199997832342727
0.05212147528157237,1.2285510401304143,-0.44634486291052555
0.5996347166917718,1.2273465004975488,-0.43578825477887034
-0.8130392761853266,-1.458501595814441,-1.0199997832342727
-0.8129781501932789,-0.5701046024218399,0.8295705208154304
-0.813326208783291,-0.7880577904394758,-0.5671923054685046
0.6520018934259083,1.2321727161502998,0.03404790416537
-0.46636590902251185,0.5950571929917019,-0.8145568943161888
-0.8134137627777825,-1.458501595814441,-1.0199997832342727
1.6639410737323603,0.17049792943994266,-0.21830982613441582
-0.8419121385289934,-1.458501595814441,-1.0199997832342727
-0.9322951877584756,-1.458501595814441,-1.0199997832342727
-0.6255500377304479,-0.05781940226381772,-0.6850147877514703
0.23692836137954015,1.2286060971258963,0.2528682745214757
0.5965011106876863,1.228986124680078,0.24335726264014854
-0.7500532561562213,-1.458501595814441,-1.0199997832342727
-0.8129373396044707,-1.458501595814441,-1.0199997832342727
-0.8130977054424309,-0.7280980366523363,-0.686773290536113
-0.12243080652109861,0.33998887575136655,-0.5680953204119699
-0.8132278678490262,-1.458501595814441,-1.0199997832342727
0.34367753541509866,0.5531601622833472,0.2558932347964891
-0.10559580939955165,1.227772185072374,0.5025337342622613
0.1247956054855573,1.2287752966729875,1.3077882240336915
-0.024956063520121422,-0.06049436653212036,0.2760503175902483
0.8997194707568992,1.234219224957977,0.2655915593750675
1.0887836024186506,0.6270788787055298,0.2778535517652793
1.7228924187216672,1.00631280644001,-0.560040874430164
0.8844066906196661,0.6272077926461708,0.23168796117258258
0.727202684489412,1.2270645012523964,0.3790527310951671
-0.8129599921779942,-0.7270210681065639,-0.7519357434843704
1.2890514092934016,0.6148924827543016,-0.572683083638677
-0.8129598123956646,-0.7869459077014465,-0.5657301481451849
-0.959670103732318,-1.458501595814441,-1.0199997832342727
-0.11448496690190388,0.6153127959149336,0.3813619891239666
-0.9317723807441395,-1.458501595814441,-1.0199997832342727
-0.813397941932782,-1.2429924012547924,-0.5713271633675296
-0.751816561244464,-1.458501595814441,-1.0199997832342727
0.7192408442428874,0.5000986471740544,0.25094482473477575
-0.847502829631061,-0.8280385691343428,-0.3550676651111581
-0.3025263168908357,-0.055259923400672754,-0.4485227224800593
-0.10627556638758648,1.2321713732967514,-0.315664901602803
3.4906859526039176,1.2303491210316475,0.12681801211894939
0.9806632285556013,0.5492860297963726,0.25306956577822337
-0.9322890751592708,-1.458501595814441,-1.0199997832342727
0.9823325074854885,1.2497654404871636,-0.48322309857383705
-0.20413684139709978,1.231419375309678,3.3017207034261595
-0.4822676560713561,1.2295111804174808,0.3787368156505491
-0.8182393002852787,-0.45805018808021586,-0.6504681758121525
-0.7529691457592197,-0.7918150946677444,0.36798730339784425
-0.09804207504110929,-0.056585319852888775,0.39291387069176315
-0.20414313377863402,1.2311454331858163,3.3025174813174525
-0.8127115329985538,-1.239991123574242,-0.5650787472726542
-0.20469614422433494,0.5615328541572764,0.3714987175433312
-0.8133006796924946,-1.458501595814441,-1.0199997832342727
-0.2118976849991857,0.057961430674462855,0.028680137318765706
1.0261084260373399,0.6188243579438547,-0.5668428414810955
0.99664336070013,0.6177984178329194,0.25560807218276327
-0.8130928513195329,-1.2401146661006897,-0.5653359527673874
-0.12273481844037032,0.6167201064335988,-0.44283624447693787
0.7195682278650009,0.617037019871008,0.2544841959992556
-0.8419702082214385,-1.458501595814441,-1.0199997832342727
-0.4601959592546285,-0.05478589609810701,-0.4429033415625204
-0.8133691767600538,-1.2436369709579977,-0.5726691050791807
-0.09138311733684541,0.5624621088127308,0.03172187186517478
-0.47443148367318794,-0.11653567366519003,0.2579201259234622
-0.8133851773873839,-0.7714762348245154,-0.5720792098684341
0.5909314541181759,0.28349502697250467,-0.573225451747136
-0.8129614304366306,-0.5681279219986765,0.8336858087311604
-0.8105268181298421,-1.223088625961227,-0.5298891215965037
-0.8130635467998161,-0.7877717626336783,-0.5661299349467809
-0.8127147690804858,-0.7872950496240162,-0.56255701513951
-0.8419995127411554,-1.458501595814441,-1.0199997832342727
-0.5719328344589386,1.232319087187069,4.582070086224363
-0.8129028213971967,-1.458501595814441,-1.0199997832342727
0.148726251589849,0.503236895916536,0.39042009567761154
-0.6262299745008122,-0.060433938122444755,1.8906634022012414
-0.9342656020903618,-1.458501595814441,-1.0199997832342727
0.8758240619891996,1.248434672620754,0.279047320746269
1.2881204963909834,0.6171457910084239,0.14195120062971467
-0.8054112917247792,-1.1845970718514744,-0.44975283571573954
0.1549477988863137,1.229311095238777,0.37526174575975285
0.9785516850950171,1.2304766921187402,0.2514871928432348
2.503440953955362,1.231577832028383,0.26027691105454936
-0.8129213389771406,-0.7864544233027524,-0.5642568079742679
-0.8129067766084469,-1.458501595814441,-1.0199997832342727
0.4937925445088013,1.2348208233476354,0.03172466757707414
-0.5641942838657171,0.6168329061316596,1.1733284602381517
3.8238804991732556,1.2331637420689778,-0.4417179597172286
-0.8127127914748608,-0.18603640191331872,1.6291692854146307
-0.8589477727303197,-1.094037714258204,-0.5588051697706854
1.4485426062202118,1.248379615625272,0.3643948136072782
-0.5631659289406816,-0.06167339194756693,1.8880829601182123
1.9206862409594583,0.9701779603076025,-0.5713914647412129
1.716649836892645,-0.051427419373696784,0.25127471873888996
-0.8132951064402785,-1.458501595814441,-1.0199997832342727
1.8053369994074668,1.2288384107897596,0.36666493166948805
0.29165949596495144,0.6051420231397705,-0.43727557350928364
1.7916341700313687,0.6159936226639441,0.13814903244670318
0.8988831233598249,0.6171028196948768,0.26016508257857845
1.7997720171785248,0.0016824384633363362,0.14285701128507913
-0.8127334664427592,-1.458501595814441,-1.0199997832342727
0.9016120393400895,1.228819610840083,0.23385184218261995
-0.8130034995017457,-1.458501595814441,-1.0199997832342727
-0.8128229980428758,-1.2377901866085048,-0.5604965754697456
1.439004614290508,1.229380923623291,0.13815462387050173
-0.8127656474797488,-1.2399803807458551,-0.56505638157746
0.23745188752319463,0.7268032117662527,0.027377335573704382
-0.47424972373801116,0.6145406551246354,3.2959056226756718
0.4938498950719281,1.2309332623251774,0.25848765543901464
0.5158548926443921,1.2309883193206594,0.38688631583693023
-0.8132165415622645,-1.458501595814441,-1.0199997832342727
1.072068699893244,0.6149475397497838,0.2500194440961164
2.7463293981322665,0.8842219046780576,-0.5734938400894662
-0.1230239084262894,0.6149636539923637,-0.3274544186820377
-0.7502695342986718,-1.458501595814441,-1.0199997832342727
1.087688728031681,1.2296548657471535,0.3800060688528193
-0.1515251606947729,0.28267185774736936,-0.4379884800435983
-0.7518981824220804,-1.458501595814441,-1.0199997832342727
0.3674967164750684,0.0019939804865523217,0.2502598753194538
-0.47385582065396353,1.232811914439312,0.5033500821368493
0.41808710444624575,-0.0489391117486142,-0.44530765379589526
0.3595810802872384,0.6195212989354458,0.386933842939218
-0.7436717025864557,-0.7227172224841191,0.5118434548868409
-0.8130263318575988,-0.569770231888302,0.8302666530783495
-0.9321925320483017,-1.458501595814441,-1.0199997832342727
-0.4446482036126716,1.230635148837445,0.960516074753584
-0.8343215487929927,-0.7276468378600925,0.5015803965046095
-0.8559267104645336,-0.5082259109141158,0.9583969251339349
-0.8127241177616225,-0.7269028969943097,-0.685104250532247
0.3445016576137635,0.6186068156690229,0.2576070061907436
0.17184248374127153,0.6148092258343043,0.2609674518936698
-0.8130574342006113,-1.2416240334890292,-0.5684783329421703
-0.8127902776588974,-0.5664211551387303,0.8372391585551366
-0.8129995442904956,-0.5679721509870684,0.8340101113114761
1.799567065322836,1.2492645561136313,0.23211011366937287
0.15571367161020366,0.5607620562205264,-0.4401327910703408
-0.932233702201769,-1.458501595814441,-1.0199997832342727
0.7290521053135103,1.2280112130039793,0.14182539359424734
-0.09889028807193394,-0.060450052365025056,0.37520024009796876
0.22928257846836725,1.2290505816503985,-0.4473876634489545
-0.39312510491578007,1.2298724080219852,4.576976299143888
-0.21183404205452447,1.2291660670555555,4.574298007144383
0.19217640456055282,0.6149126255575267,-0.5788979511907612
-0.105485423049207,-0.06058568057340775,0.36883160839142465
-0.8129389576454368,-1.458501595814441,-1.0199997832342727
0.9965191311104099,0.6169295915871406,0.2604530409042037
-0.8422859059921312,-1.458501595814441,-1.0199997832342727
1.086132711969411,0.6181381597806507,0.24986567994165632
1.7249556007356024,1.2288504964716946,-0.5721295326826209
-0.8051453936593723,-0.7268464971452792,-0.5672342411469937
-0.8126816891318482,-0.7282605219316861,-0.6850203791752688
0.7204369360813946,0.6192272140083585,0.37792326348786087
-0.07709150083146583,1.2328777142631804,0.9506611903086463
1.5292458152619737,1.249692926395553,0.007245414187038739
0.9364026168432785,0.618426873293545,0.03428833538870757
0.6081711412635434,1.2500742968032832,0.41182686169034577
-0.4142502477674181,0.10996209148056325,0.03672060474107512
-0.7528014088457479,-1.458501595814441,-1.0199997832342727
-0.38427190387933824,-0.05465429645036932,0.3885134201623074
1.095122727358642,-0.051733589982719534,0.2514117086219544
-0.8128557184268543,-1.458501595814441,-1.0199997832342727
0.7277853590194892,-0.0565141486148267,0.2526138647386418
-0.7518891933056029,-0.784758399271193,0.38267876942852425
-0.8563337376586386,-0.7167254099514051,-0.5975062095923229
-0.8128073569802049,-1.458501595814441,-1.0199997832342727
0.2748595563976672,0.5583852054399563,-0.4415250555961788
2.7564419743872173,0.9521286657643012,-0.4446227043805734
-0.8129199007185042,-1.2409834923464687,-0.5671447783662171
-0.4375512961536198,0.22449004205823841,-0.4448463613325152
0.9730665262203961,1.231001747856143,0.24971750721099492
1.6869717294949163,1.2313240327077462,0.02493388337373973
-0.7747461793378119,-0.9560138551451417,0.026138835202326478
-0.8129551380550962,-1.458501595814441,-1.0199997832342727
-0.12265014096315163,0.617215619392938,0.2520407437992908
2.152308086108019,0.6167107064587602,0.23724304071643829
2.302727107120994,0.7842733150747612,-0.22110833374558814
0.36811336986543053,1.2326078006999635,0.2559128047797841
-0.7528598381028522,-0.12549250683264918,1.7552167521052582
-0.11455867765702014,0.6117609482795618,0.26279025605199596
-0.2040131511543682,0.6195938130270565,0.2536287081580779
-0.9318886999113594,-1.458501595814441,-1.0199997832342727
-0.18879259935219533,-0.040147449567601294,0.23432152178169785
-0.1963799530062639,-0.05491212433165146,0.2549594670221319
1.6128681499886666,1.2323553442328745,-0.44430678893595554
0.5974845200303339,0.6171793623471328,0.030324015915538228
-0.8422573206017324,-1.458501595814441,-1.0199997832342727
-0.8129049787851516,-1.458501595814441,-1.0199997832342727
0.5314019291570309,1.2312434614948455,0.25844571976052544
-0.8133369957230641,-1.242282031727718,-0.5698482317728142
-0.07385074455896767,0.6048721095765534,0.5001657662835772
-0.8130182416527689,-1.458501595814441,-1.0199997832342727
-0.10596220578717805,0.2380636057249067,-0.2277733109134552
0.2772689991783185,0.6271258785797219,0.501135878312625
-0.8132675997438571,-0.5694586898650862,0.8309152582389806
-0.07655251340746999,1.2339963112689516,-0.4398448327447156
-0.5560949101370853,0.619008328879978,0.4995730753609314
-0.8132116874393666,-1.458501595814441,-1.0199997832342727
-0.5641428661194654,0.6165200212548955,3.3000265020152004
-0.8832991094857623,-0.7132863620140942,0.531477739555436
-0.813143370154137,-0.7260931563046578,-0.694204292764381
-0.813112447593454,-1.2406370361309957,-0.5664234846962046
-0.8132609477976637,-0.5714286560205079,0.826813948882747
-0.7516094520008205,-1.458501595814441,-1.0199997832342727
0.6210640512450111,0.6140558849936829,0.2436983394918599
0.8833017484222419,0.6213220655437761,0.2442742561431101
-0.8835700414563965,-1.082283717149543,-0.26655542638017166
-0.8131782479260699,-0.5698212603231392,0.8301604160261769
0.11538418031585748,0.5592258317612201,-0.5676647807794818
0.7205016577200333,0.6160218225884594,0.13438320851838234
-0.8129702397707786,-0.21166341902992908,1.575815919528903
0.9889384294025347,1.234608652486997,-0.4430850628359731
0.920576018808187,0.6140867706252947,-0.4446199086686741
0.22983666760804547,1.2321176591548177,-0.4403340823270884
1.4312964469109803,0.626070395690723,0.232644094642134
-0.8131216164922612,-1.458501595814441,-1.0199997832342727
-0.8129520817554939,-0.5697769461560438,0.830252674518853
1.0779943254752666,-0.052716558780107795,0.13827204377027116
-0.6263946551146816,-0.06208967654755383,1.8872162894294378
-0.49681114762043743,-0.04063759111274704,0.9491375273235424
-0.8127731983375901,-0.7876616486427143,-0.5632615345381268
1.4484906491269716,1.2295205803923186,0.2764668786632399
-0.00758639375048799,-0.060482280850185366,0.366030305068353
1.0743064505491735,1.2272954720627118,0.23323398985288069
-0.10010130184379391,-0.05675586225352884,-0.6766723834440393
0.5897042599366563,0.6135536577666019,-0.4496410072397686
-0.8422954344555974,-1.458501595814441,-1.0199997832342727
0.24558559967677074,1.2291486099594278,0.36676557729786186
0.9794718110576625,1.2297716940058596,-0.44306549285267827
1.079756551869532,1.2318450598845039,0.25155428992881723
1.6928480947186422,0.6171484767155206,0.25262225187433973
-0.6681009194887343,-0.05446495410005249,0.9559087415435816
0.7268839304191173,1.2315039750832237,0.02091644537448422
0.6974569789357723,1.2276566996672162,0.27975463585678506
0.3436149711644147,1.2277386137336654,0.3782419746443778
0.8930908962663294,1.2282757551530032,0.09840519208663676
-0.5661720692731149,0.5425099907914251,3.1459436363986626
-0.4598207535328542,0.6150495966194579,0.030743372700429147
-0.10611052620905814,1.2294910376142552,0.49977157090577956
-0.7439415558631127,-0.7270855250768845,0.3866319060540965
0.24557157665506565,0.7333831941531417,0.010608655601864308
-0.8424225405625905,-1.458501595814441,-1.0199997832342727
0.27731951801292254,0.4991264212050529,0.49763285130283563
-0.7516045978779226,-0.7817477216158041,0.3889467555066948
0.9733282892922233,0.6312685817763654,-0.6249740790026811
0.6292207755367698,1.2286154971007348,0.26332703273665636
0.613882286526411,1.2322062874890083,0.3740232453883748
-0.48264825526301686,1.2273169577194853,4.5716560593995705
-0.6261997710694476,-0.061619677805633086,1.8881947885941834
-0.5659764660985627,-0.08328124839398171,0.32217117679255663
-0.8128974279273102,-1.2399226380432764,-0.5649361659657913
-0.4903785358690791,0.2845558812756971,-0.4451622767771331
-0.812771220731965,-1.458501595814441,-1.0199997832342727
-0.932072077887502,-1.458501595814441,-1.0199997832342727
-0.7518713948549771,-1.458501595814441,-1.0199997832342727
-0.8516122941199529,-1.0755291638013689,-0.5673237039277705
-0.8134229316765897,-1.2429924012547924,-0.5713271633675296
1.0485999145935707,1.2283697549013874,0.23284538589888173
-0.49691703941254334,-0.06182513439852992,0.9491403230354418
2.944316306591996,1.232512458098031,-0.5703822127455753
0.643465289071807,1.2289418105129823,-0.3182229779906379
-0.18862288483309847,-0.05353435659104983,0.37346130729662086
-0.1221560991215436,0.8947082480370814,-0.3219245005452755
-0.7517252318210517,-1.458501595814441,-1.0199997832342727
0.48588194222619885,0.6107296367544329,0.022758819516105252
0.5536419022342186,0.604936566546874,-0.30294161674921105
-0.8125419982617866,-0.7868451936853206,-0.5620985183880292
1.4476287726391008,1.231000405002595,0.2620605752462857
-0.8130277701162352,-1.458501595814441,-1.0199997832342727
3.3651286703799825,1.228713525409764,0.011497691985833112
-0.8130434111789061,-1.458501595814441,-1.0199997832342727
-0.09959863045036747,0.6178521319748532,-0.4483689583255993
3.1353783592820546,1.2315576892251578,-0.0889997636573371
-0.8127622316154873,-1.458501595814441,-1.0199997832342727
-0.571930677070984,1.2317765743535383,4.580940618617057
-0.81283738062924,-0.18883625156161743,1.6233402261046466
1.4396352907025751,1.2314207181632266,0.24336844548774564
0.35206635869430863,0.006487168459313508,0.2540005378406813
1.4395860303442778,0.6143808555523821,0.2620801452295805
-0.8129846223571429,-0.7262140131240088,-0.690969654096922
0.1799853647936548,0.6180723599567819,1.9022600151594264
-0.08195461284583819,-0.055053123954227685,0.26446768319155983
-0.8131027393476582,-1.458501595814441,-1.0199997832342727
-0.4905888811946545,-0.05482215314391232,-0.4472506735658901
-0.8130212979523714,-0.25560292998531625,1.4843374304727879
-0.8125468523846845,-0.7305259158677436,-0.6792388469675721
-0.8128968885803217,-0.7869606790904783,-0.5654701469385525
-0.8131471455830575,-0.7853264263221427,-0.5705723211547258
-0.8130087131893028,-1.2413286057083932,-0.5678632763243302
1.0872254289684262,0.6127143742988865,0.254101183469055
-0.8131340214730002,-1.2415004909625813,-0.5682211274474372
0.9811225724076059,1.230330321081971,0.38830094605796245
-0.4742304870287492,1.229407780694258,0.5022485716485356
1.3795496989961267,1.2498433259929678,-0.5728787834716262
1.3546532622174834,0.6166475923419882,0.25938787467058055
-0.9319365220110202,-1.458501595814441,-1.0199997832342727
1.3103951674577745,1.2287054682884735,0.009121336871451082
1.350511257126943,0.498099138240569,0.231036560300052
-0.8129529806671416,-0.7865135088588794,-0.566356387610622
-0.9322826029954071,-1.458501595814441,-1.0199997832342727
0.5232538344170905,1.2308688053548569,0.2676352247734362
-0.8133630641608489,-0.5772700689558072,0.8146526021209091
1.7103344432201544,0.6264772803158714,0.23311656995311125
-0.8129402161217436,-1.458501595814441,-1.0199997832342727
0.3597326367910504,0.6178682462174335,0.25256913334825337
-0.7518147634211685,-0.7815677792403258,0.3748983032128473
1.0186293013456613,1.2319202596832108,-0.5650200373227695
1.71034415146595,1.22810789845946,0.27768580905132306
0.006903702446716583,0.0566749769751486,0.14852951072870427
0.8689020827368018,1.231730917332894,-0.5630127161790914
-0.812974554546688,-1.2400246949129505,-0.565148640070136
0.3749472557763482,0.6162366791561945,0.25603022467955355
-0.8134657198710231,-1.458501595814441,-1.0199997832342727
-0.19636179499097922,-0.05766900266640296,0.38830094605796245
-0.6254468426732852,-0.056327491971606636,1.8992126891892187
-0.8129639473892444,-0.569290833171543,0.8312647222263898
-0.8421755196417865,-1.458501595814441,-1.0199997832342727
1.0949995764628988,1.2291956098336199,0.1397649539244831
0.17163932970887819,0.6181824739477461,0.3736430285700737
-0.8129200805008338,-1.458501595814441,-1.0199997832342727
1.4475850855330197,0.6188297293580483,0.282855080353079
-0.20438404210023323,-0.11610461767617136,0.37604174937964996
0.7117931814588805,0.0035678048452122517,0.2321800064668547
-0.812672160668382,-1.458501595814441,-1.0199997832342727
-0.8421426194754785,-1.458501595814441,-1.0199997832342727
-0.8423358854797466,-1.458501595814441,-1.0199997832342727
1.0871438077908098,1.2298428652439217,0.37288539064537063
-0.4652555733552008,0.6040811688365784,0.5466975951350788
1.8662641521985466,0.617555361340669,-0.5637843326632908
-0.9745564401838545,-1.458501595814441,-1.0199997832342727
0.1707769138740189,0.6057328787010422,0.3680208519406354
-0.12267638918326616,0.562404366110152,0.36667331880518583
-0.37604722186700895,-0.06144376399080009,0.36612815498482754
0.9814546303702878,1.22906535303943,0.2514704185718391
-0.8132740719077209,-1.458501595814441,-1.0199997832342727
-0.5276689866646841,0.6158056231671761,0.9538958289761051
-0.8131298864794206,-0.7853962547066567,-0.5706086654094165
-0.8130628276704978,-1.458501595814441,-1.0199997832342727
-0.7517397941897455,-1.458501595814441,-1.0199997832342727
-0.9321078545710828,-1.458501595814441,-1.0199997832342727
-0.4446748113974452,0.2812202330616089,-0.4351033053635484
-0.07719631392959457,0.34111955843907277,-0.44388463643916526
-0.8130809856857825,-0.7864383090601722,-0.5704576969668557
-0.9319047005386895,-1.458501595814441,-1.0199997832342727
-0.2204813923236296,0.11045089017216077,0.011595541902307691
2.167299235657684,0.558555747840596,0.1185594791684966
1.9951729366099835,1.0645161077859149,-0.6738654886971691
-0.8130942895781693,-1.2421289464232068,-0.569529520616297
0.9205648723037547,1.228671896949765,-0.5670105841950519
-0.9322335224194395,-1.458501595814441,-1.0199997832342727
-0.8129218783241293,-1.458501595814441,-1.0199997832342727
0.2754280281237096,1.2324386011528716,-0.7182585979457267
-0.812946868067937,-1.458501595814441,-1.0199997832342727
-0.9314192882489001,-1.458501595814441,-1.0199997832342727
1.7754447712552424,1.2298871794110167,0.2587616352051434
0.9908660555399875,1.2286222113684764,0.23341291541443418
-0.008288263965057727,0.6133173155420932,0.3872469626719366
-0.9314672901308904,-1.458501595814441,-1.0199997832342727
0.41545706874723465,0.605065480487515,-0.5724762009581309
-0.023749184741841227,0.5021532131030219,0.3886028829430839
0.35979052670116596,1.2301476929993957,0.2507603077494238
-0.8422292745583224,-1.458501595814441,-1.0199997832342727
-0.4582291405693334,-0.05606563552967949,0.39004267457120967
1.43973740706576,1.2285026974026736,0.13924215579931906
0.6974158087823048,1.2286248970755729,-0.2144237865944262
-0.8047106799865165,-0.49090847155466244,0.9944504257869609
1.4475994681193838,1.2297649797381176,0.3774675624482793
-0.8421419003461602,-0.447598758913449,1.0846177259623169
-0.3845358243391201,-0.10381616485526908,0.5032857807631661
-0.5660057706182796,0.6042248541662512,0.41210643288027304
-0.06262172003750073,0.7854227977121442,-0.09544108387326224
0.6734957698354568,1.2297233512781192,0.03259692968964728
0.7262128029829008,1.2271652152685224,0.3689965553934818
-0.7530523849778021,-0.7923334361374055,0.3669081586047248
0.6502020925247666,0.619156042770296,0.1601177365511913
0.6082052999061582,0.6264047662242608,0.009803490574873624
0.9765654499181303,1.2492981274523398,-0.1227943290957503
1.079974268270619,0.6792675390083985,0.1268319906784457
-0.8128656064549796,-1.458501595814441,-1.0199997832342727
-0.015652148183493503,0.6191896141090045,0.38204414282738935
0.16306443171858243,-0.055560722595501974,0.13818258098949449
-0.25751367569399836,1.2303652352742276,-0.445489375069348
-0.8134238305882374,-1.2438625703541197,-0.5731387846782585
0.171428085471655,-0.05477515326972024,0.371834202971244
-0.6262091197505842,-0.06057090918437598,1.8903782395875155
-0.1370005462902945,0.05323995759848306,0.1512050070163086
-0.8128884388108327,-0.7868008795182253,-0.564667777623461
1.095109063901596,1.230743919974861,0.5022345930890393
-0.008169068280564924,0.6181059312954904,0.2523846163629015
-0.8130225564286782,-1.458501595814441,-1.0199997832342727
-0.8129049787851516,-1.458501595814441,-1.0199997832342727
-0.8131079530352153,-0.5704161444450558,0.8289219156547989
1.13778920915483,1.227733242319472,-0.4409631175044249
0.3516242739459411,1.2301100931000422,0.2561756016983157
1.4243352751107403,0.6215382649650595,0.010055104645808301
1.379148604618897,0.6175191042948638,-0.5569823656123594
0.35174814397100224,1.2289968675084644,0.38162199033059907
-0.8134078299609073,-0.7276710092239628,-0.6626658668286811
-0.813277667554312,-0.5773774972396748,0.8144289451689672
-0.12264564640491285,0.7339915068105419,0.008201547656590166
0.619833800763889,0.0029044351923299743,0.23367291662106662
-0.03204649881530923,0.6140719992362629,0.017209331396048105
-0.8128985066212875,-1.2395345533678046,-0.5641282052269013
2.5114358741505245,1.2302309499193933,0.24645491142454312
-0.0987135620419847,0.6130259163221026,0.5075352628500611
-0.8128222789135576,-0.7854365403131071,-0.5646845518948567
-0.24952307027474538,0.617168619518746,-0.4406024706694186
0.9571106646903569,1.229155324227169,-0.31234080015456733
0.3780477818317961,-0.040645648234037345,0.23206538227898443
1.2220186688084183,1.2323526585257782,-0.0907638578657784
-0.8130903343669191,-0.7266383548452857,-0.6941064428479063
-0.8126953525888941,-0.7867431368156464,-0.5616959358745338
0.7116385686554662,-0.05671960520772353,0.2611771302861153
-0.09905029434523492,1.2330616851993037,-0.44174871254812065
0.5246856208896401,0.6256285968733176,0.2328230202036875
-0.5643862913936782,0.6185101302135423,0.3753847570833208
2.062817476362431,1.231905488294179,-0.5685258600444579
-0.8127895585295791,-1.2387758411129899,-0.5625486280038121
-0.8421659911783201,-1.458501595814441,-1.0199997832342727
0.13324717279778078,1.2328575714599554,0.03102294389035658
-0.8125908990554246,-0.7868371365640305,-0.5628030377866459
-0.8133357372467571,-1.458501595814441,-1.0199997832342727
-0.09966371165366518,0.32635622652857116,-0.4395540787071912
-0.8421264390658189,-1.458501595814441,-1.0199997832342727
2.0614434000176676,1.2284825545994487,0.27809118727671756
-0.3919757564829563,1.2272229579711011,0.3823852196791005
1.3411250014833807,0.8453449515999301,-0.4444074345643293
-0.9314536266738445,-1.458501595814441,-1.0199997832342727
-0.8130399953146447,-1.458501595814441,-1.0199997832342727
-0.8131442690657846,-1.241849632885151,-0.5689480125412482
-0.8131083125998743,-1.2407498358290567,-0.5666583244957435
-0.7501943852849192,-1.458501595814441,-1.0199997832342727
0.6811451483932208,0.6145957121201174,-0.14741895950454773
-0.8133485017921553,-1.458501595814441,-1.0199997832342727
-0.812961250654301,-0.7862556809775972,-0.5673432739110654
0.05749409041789413,0.34083890204746886,-0.44385388360827327
1.672259961685375,1.2328334000960854,-0.57313319325446
-0.8130838622030553,-1.458501595814441,-1.0199997832342727
0.8846413065597312,1.2334094842683252,-0.56586434231635
-0.48217830425356883,1.2295366946348993,4.57627737116907
-0.6234253701598064,-0.04047779154049405,0.816760568892961
-0.812999364508166,-1.458501595814441,-1.0199997832342727
0.5474825596237789,0.6138678854969146,0.2572715207628308
1.3570511989290437,0.615739823343307,0.25221128222514655
-0.8128936524983896,-0.5690383767044542,0.8317903160634531
-0.8103623172983023,-1.458501595814441,-1.0199997832342727
0.1564338796223877,0.6258609105371812,-0.30471968951714884
-0.6264295328866146,-0.10461650557008229,1.7986788892913579
0.2680891336490813,0.1709330139896063,-0.5731108275592659
0.2269155643174901,0.6170934197200386,-0.5327211777504673
-0.49677680919549305,-0.040848419119837415,0.010007577543520533
-0.8129121700783335,-1.458501595814441,-1.0199997832342727
-0.13706796466387638,0.5618229105237189,-0.4382708469454249
1.448954847101874,0.5618067962811386,0.25713453087976634
1.0954837302763816,0.6186283013257965,0.25134740724827115
-0.8129303280936182,-1.458501595814441,-1.0199997832342727
-0.4754393434126545,0.6025771728624323,0.3928216121990873
-0.7744865736539395,-0.28165697453030014,1.4300950282030913
-0.5563784268707883,0.0013453822227018132,0.25851840826990663
2.4817151583406925,1.228955239048466,-0.08122768457735785
-0.9321698794747783,-1.458501595814441,-1.0199997832342727
0.5155756906865985,1.2297528940561826,0.25553817938528145
-0.8125409195678093,-1.458501595814441,-1.0199997832342727
-0.08519644781231366,1.2288330393755666,-0.4377200917012681
-0.43708008666786496,0.3405837598732832,-0.44278033023895236
-0.8132384750064696,-0.7857601680182581,-0.570921785142135
-0.9321296082329587,-1.458501595814441,-1.0199997832342727
-0.3918171884682918,-0.11103400267762176,0.2641182192041506
-0.10592229411001759,1.230887605304534,0.5012253410934014
0.5325158604709328,0.618389273394191,0.2536203210223802
-0.7730168531098546,-0.9422079778146097,0.05488154923875319
-0.8129558571844145,-1.458501595814441,-1.0199997832342727
0.8310052261436189,0.6173794475258361,-0.5657273524332855
0.7350131480144545,0.6160513653665229,0.12546768327160043
-0.9322799062604638,-1.458501595814441,-1.0199997832342727
1.809311627149195,1.249746640537487,0.2527564460455048
-0.4737912787976545,0.6259911673313706,3.3197446580407735
2.084219843566238,1.2289646390233044,0.25820249282528884
-0.19477467658569714,1.2275036143627052,0.3692425780406178
0.35984050618878144,1.230670063029702,0.25557172792807276
2.713423119225108,1.230604263205833,0.03209370154777809
-0.8127411970829299,-1.458501595814441,-1.0199997832342727
-0.6254468426732852,-0.059072284624423425,-0.5623249710518703
0.6142098499308543,0.6187437867309541,0.2529130059118641
0.2542457144912741,0.6276697342668015,-0.5736056685654372
-0.8129299685289592,-0.7268008401246354,-0.6901924461889241
-0.129182531907411,1.2292211240510382,0.028504007469111404
-0.932190374660347,-1.458501595814441,-1.0199997832342727
-0.8134664390003412,-1.458501595814441,-1.0199997832342727
-0.8128222789135576,-1.458501595814441,-1.0199997832342727
-0.13062438619041533,0.28477610925762564,-0.44433195034304895
1.4025352293939655,0.19652108835331478,-0.34715580043621524
-0.751851439016397,-1.458501595814441,-1.0199997832342727
-0.016272397220446714,0.6270788787055298,0.23316130134349952
-0.8421730026891727,-1.458501595814441,-1.0199997832342727
-0.7518607876975337,-1.458501595814441,-1.0199997832342727
-0.9322363989367122,-1.458501595814441,-1.0199997832342727
-0.8131823829196497,-1.458501595814441,-1.0199997832342727
0.33580900219761123,1.230374635249066,0.504135677180545
0.8758625354077236,-0.060170738826969376,0.14339658368163885
0.7270345880112815,-0.05644297737676432,0.18153568541152246
-0.0997507263011682,1.2285832686155742,-0.43791020011041865
1.8062840927195445,0.6181368169271024,0.2485572867727966
-0.6574218491133659,-0.5081493682618602,-0.6225865410407019
-0.016292353059027025,0.617703075230987,0.24781642311948918
0.2905520368149133,1.2269906443072376,0.02873325584485187
-0.008063176488459044,0.0034912621929566387,0.2566983998234798
-0.8131431903718074,-0.7269445254543083,-0.6930915994284703
-0.45232850473111835,-0.09988026110507071,0.3345785462015306
-0.8127618720508284,-1.458501595814441,-1.0199997832342727
-0.6606622458212049,-0.1315407192143938,-0.862151093689414
-0.5870018297572995,-0.05789191635542833,0.03157369913451324
3.0514964188714897,1.229329895188454,0.05370175881725985
-0.8420122772865536,-1.458501595814441,-1.0199997832342727
-0.8423126935592343,-1.458501595814441,-1.0199997832342727
-0.39184289734141764,-0.05775225958640034,1.6629163237507567
0.5235778021749429,1.2301933500200397,1.7851308694274801
-0.5718024922700138,0.5037834373107121,0.49581843428020733
0.8932036197869583,1.2333477130051012,0.38077488962511946
-0.8130678615757252,-0.5687442917773666,-0.28643852940780196
0.32787215169489425,1.2292211240510382,0.25132504155307694
-0.6785468121826743,-0.47513799948290225,1.0272832663320242
-0.4737013876328786,0.28216157339899833,-0.5703542556265826
1.3252726945751627,1.229093552963945,0.2565278613976242
-0.7515147067131468,-1.458501595814441,-1.0199997832342727
1.1533885623253681,1.230280635500682,-0.564994875915676
-0.3919584973793193,-0.056840462027074455,0.13386879752891606
-0.8129554976197554,-0.5682608644999627,0.8334090332531322
-0.8129682621651536,-1.458501595814441,-1.0199997832342727
-0.054708600802284506,0.45357817169874876,0.03123821370660059
-0.008286645924091694,-0.05540092302324898,0.13899892886408227
1.071447551944643,0.6139941137304591,0.25346376115602093
0.22405217115472092,-0.05532035181034807,-0.08820857718984271
-0.804813875043679,-0.5086985953631331,0.9574128345453907
-0.8422947153262792,-1.458501595814441,-1.0199997832342727
2.3313953771736307,0.6081916435480615,0.2551943068216709
-0.8129571156607214,-1.458501595814441,-1.0199997832342727
-0.62224905437755,-0.03389109488586335,1.9459234436022734
0.28246183198508873,0.6154229099058978,-0.08883761236717924
-0.8127670857383853,-1.458501595814441,-1.0199997832342727
-0.10030104001192579,-0.0561139782574198,-0.5698761888918068
1.800854846149414,1.2329864854005965,0.2464353414412483
-0.8134975413433537,-1.458501595814441,-1.0199997832342727
-0.8131804053140245,-1.458501595814441,-1.0199997832342727
0.3694087015498502,-0.040283077775984284,0.5011694268554163
-0.8129806671458927,-0.727901980034278,-0.688881257308165
-0.6263396417218388,-0.06192719126820407,-0.5702843628291008
-0.9320911348144344,-1.458501595814441,-1.0199997832342727
-0.5639391727400833,0.617803789247113,3.3026992025909054
0.5102999782259051,1.2279521274478522,0.007910793619065782
-0.5717713899270013,0.2844041388247341,-0.4451035668272483
1.8804006165535225,1.2301785786310078,0.016373413538165467
0.997664344549654,1.230733177146474,1.8964309558494417
-0.6263320908639975,-0.06093885105662257,1.8896122145271144
0.9505665878946764,0.6166449066348914,-0.08957288459668795
-0.8105548641732522,-1.222111028578032,-0.5278538433338329
-0.20415104420113428,0.3430935531551396,-0.44723669500639374
-0.09109510604490365,0.4970033697451198,-0.6624785541314299
-0.9319861419339763,-1.458501595814441,-1.0199997832342727
0.5305211755245574,0.5003457322269498,0.3906549354771504
-0.813110469987829,-0.785721225265356,-0.5682574717021277
-0.8129064170437877,-0.7283303503162001,-0.6889958814960352
0.3518583505390173,0.6192446711044867,0.2591306691758475
-0.21166774339968908,0.5620699955766143,0.3767630430496625
1.4481623665932102,0.000954611840133448,0.2539613978740914
-0.43719730474673263,0.6191211285780389,-0.570368234186079
-0.8126345861615057,-0.20284892833859441,1.5941669724357317
-0.8423099968242911,-1.458501595814441,-1.0199997832342727
-0.81303783792669,-0.7888675311291277,-0.5640415381580239
-0.5641656984753184,0.6178440748535633,3.3027830739478836
-0.8127769737665107,-1.458501595814441,-1.0199997832342727
-0.8127570179279304,-1.2383112137852628,-0.5615813116866636
-0.8129849819218018,-1.458501595814441,-1.0199997832342727
2.879533362179022,1.2318088028386982,0.24984890567026066
1.0957733596092893,1.2292573810968432,0.3727344222028099
0.8930712999924083,1.2285523829839622,0.23691314671232405
0.2543537636713347,0.0036430046439196308,0.23384065933502302
0.1638980823807134,0.6168342489852079,-0.5669630570927643
0.6061689054593267,1.2324224869102918,-0.4409603217925256
-0.47421610444238504,0.6151194250039718,0.38361533291478067
0.7358216291504484,-0.05694789031094214,0.25242655204139053
-0.8551135549879715,-0.7288809202710212,-0.6878188867864412
-0.8128296499890693,-1.458501595814441,-1.0199997832342727
-0.8134421683858517,-1.2438034847979926,-0.5730157733546906
0.27610994249969906,-0.05765154557027472,-0.4379297700937136
-0.6666018944249327,-0.055731264996141734,0.9527076514189141
-0.9321977457358587,-1.458501595814441,-1.0199997832342727
-0.5862810823981269,-0.05418564056199681,0.03645501211064414
0.596692938433318,0.9697133329798749,-0.5703542556265826
0.7118818141473495,0.619588441612863,0.25255795050065627
1.319431027341041,0.6757344913227036,-0.09483721010301926
3.1404385127296153,1.227413643174966,0.03106487956884564
0.43845446477882355,-0.060573594891472744,0.008170794825698208
-0.8130272307692464,-1.458501595814441,-1.0199997832342727
-0.9313826126536715,-1.458501595814441,-1.0199997832342727
-0.8128039411159435,-1.2398716096084392,-0.5648299289136188
-0.842088684776613,-1.458501595814441,-1.0199997832342727
-0.8132217552498214,-0.5707062008114984,0.8283180418845559
-0.7516851403615618,-1.458501595814441,-1.0199997832342727
-0.03166715809995522,1.2300402647155286,0.26306982724192324
-0.8129662845595286,-1.241982575386437,-0.5692247880192762
0.9890441414123109,0.6173915332077711,0.03152058060842707
-0.8133375350700527,-0.7268182972207639,-0.706815749142002
0.22834195732015308,0.6267069082726382,-0.34818462241514775
-0.8125315708866726,-1.2349433370860141,-0.5545696662432866
-0.7438674855433374,-0.7266934118407677,0.5035653519530934
0.2600629313285771,0.6266223084990926,0.009166068261839341
-0.8132533969398225,-1.458501595814441,-1.0199997832342727
0.3673902853359738,0.6171565338368107,0.25310311432101457
-0.5640055124196879,0.6190378716580416,0.3807804810489179
-0.5641135615997485,0.6175687898761526,0.3804897270113935
-0.8129544189257781,-0.7864799375201709,-0.5668484329048941
-0.813428864493465,-1.2447918250095742,-0.5750734173125556
-0.444741870206368,0.28343862712347434,-0.4395065516049036
-0.8134482809850565,-0.7915424953974305,-0.5745953505777799
0.36010838185981336,0.6161185080439403,0.25800958870423885
-0.44533730928184306,0.34085098772940386,-0.4478293859290396
-0.7518241121023052,-1.458501595814441,-1.0199997832342727
-0.8423114350829275,-1.458501595814441,-1.0199997832342727
0.7274198615435105,0.5539054460026783,0.38527598578294914
-0.8128170652260006,-0.7869553076762849,-0.5639548710891464
-0.847083037891558,-1.0866265055248896,-0.4441306590863013
3.845647285159063,1.2293836093303874,-0.5734854529537684
0.34354737300850324,-0.05517398077357861,0.2609339033508785
2.430113494765787,1.2296870942323135,0.24954976449703853
0.5758685714190199,0.6136140861762774,-0.02033148798739109
1.1378454810239798,1.2292775239000684,-0.43847213820217257
0.6209993296063727,0.5514251954988857,0.38656201325661455
-0.8130559959419748,-1.458501595814441,-1.0199997832342727
-0.3759744100235405,1.232260001630942,0.4995898496323269
-0.9312788782495202,-1.458501595814441,-1.0199997832342727
0.6216377366586106,1.229112352913622,0.37546583272839973
-0.81310202021834,-0.788385446705272,-0.5668763900238868
0.4499319484797311,0.11059188979473698,-0.5725964165697995
-0.8131266503974885,-0.7269028969943097,-0.6948473065012137
1.0716469305481158,0.6197509268922127,0.2511405245677249
-0.8421014493220111,-0.7848631418479639,0.3824607039003809
-0.9320927528554005,-1.458501595814441,-1.0199997832342727
-0.8130998628303855,-1.458501595814441,-1.0199997832342727
1.4475023856614258,1.2282650123246168,0.12907694733356198
-0.8542962645178297,-1.0824287453327641,-0.5468814585202856
-0.12267279353667511,0.4968301416373833,0.3713896847792595
-0.8130885365436237,-1.458501595814441,-1.0199997832342727
-0.8420102996809286,-1.458501595814441,-1.0199997832342727
-0.49042402079845565,0.6147514831317255,-0.44209258511173116
0.24559081336432767,0.4993936490611733,0.5018264191517454
0.9594156539375385,0.17551214458946196,-0.12420616360488317
1.3627184773035006,1.2300066933768194,-0.5701445772341371
-0.4730004163299567,0.6165441926187655,-0.3266380708074499
0.7279484215923925,0.00441245972712106,0.24615017882752244
0.15502654354665732,0.6162326505955494,0.2494127746139741
-0.6235958038082213,-0.04044422020178551,1.9322803695338209
-0.5630979712201111,0.6257991392739574,0.3682696702996707
2.886831625847172,1.2585544169610798,0.25258590761964905
1.079717718886349,0.613803428526594,0.26395606791399273
-0.39186087557437277,-0.057305089354801664,0.38149338758323253
-0.8132740719077209,-1.458501595814441,-1.0199997832342727
2.1586792123026703,0.5510491965053491,0.12136637391536681
-0.813096806530783,-0.728649949460706,-0.6902595432745067
-0.8130953682721467,-1.2414346911387126,-0.5680841375643728
-0.05485602231251687,0.11531202001716855,0.027679272458825867
-0.8126829476081552,-1.458501595814441,-1.0199997832342727
-0.84224221888605,-1.458501595814441,-1.0199997832342727
0.3520667182589678,1.2298670366077917,0.3809649980342699
-0.490439122514138,-0.0559219502000065,-0.5679862876478983
-0.8126849252137802,-1.2368649605136954,-0.5585703299711464
-0.8132911512290283,-0.7871929927543418,-0.5686963984703136
-0.8133369957230641,-1.2430582010786613,-0.571464153250594
-0.8130132077475416,-1.458501595814441,-1.0199997832342727
-0.7443059746451138,-0.7284068929684557,0.4999980235696207
2.870949295289919,1.2314918894012887,0.13481933957466893
-0.743754582240379,-0.05297572951493847,1.9061907860898037
-0.49022392306566465,0.616553592593604,-0.44506163114875924
-0.8128434932284447,-0.5671073533019345,0.8358105497746079
-0.8114239319543048,-1.458501595814441,-1.0199997832342727
-0.04688878859610555,1.2283160407594538,0.031120793806831006
0.6588895342533619,0.6186941011496653,-0.5782996688443167
-0.9320361214215918,-1.458501595814441,-1.0199997832342727
-0.8128188630492962,-1.458501595814441,-1.0199997832342727
-0.0765073880427526,0.6265954514281256,0.9495624755322317
-0.9320352225099439,-1.458501595814441,-1.0199997832342727
-0.8421810928940026,-1.458501595814441,-1.0199997832342727
-0.8422639725479257,-0.7893751297704021,0.37306711191882336
0.2377460114143412,0.3433272096725515,-0.4487156266011092
-0.49679316938748225,0.6149743968207505,0.0340590870129671
1.33160948234487,1.228367069194291,-0.08462447453497458
-0.5564800038869849,-0.05761931708511442,0.510523878870384
-0.9321443503839818,-1.458501595814441,-1.0199997832342727
-0.12287414974577301,0.28517896532212905,-0.33100217708221524
-0.813074333739589,-1.2424740597851311,-0.5702480185744102
-0.19469970735427414,0.6254486544978393,3.276159509531106
0.7118463970284279,-0.040516734293396126,0.14320367956058905
-0.8130655244054411,-1.241564947932902,-0.5683553216186022
-0.572046996238204,1.2306136631806714,4.578519532112286
-0.7518206962380437,-1.458501595814441,-1.0199997832342727
1.7900141514597792,0.6165817925181193,0.2296219300790198
-0.7516130476474115,-0.7282323220071708,0.26747866490707695
0.3597867512722455,1.2294534377149016,0.24869707236776023
0.34404590940835006,0.5564702962800168,0.2498740670773542
0.8757230243199915,-0.05290321542332786,0.26395606791399273
-0.8133139835848814,-1.2434892570676799,-0.5723615767702607
0.192377221422662,1.229321838067164,-0.448662508075023
-0.9709260956032179,-1.458501595814441,-1.0199997832342727
1.1999920973564082,1.2340352540218538,-0.4430738799883761
-0.8130815250327712,-1.458501595814441,-1.0199997832342727
-0.19644880963848207,0.17108207073347254,-0.08721889517749998
-0.20335227131093622,0.6265954514281256,-0.43967429431885996
-0.8132945670932898,-1.2426553450141578,-0.570625439680812
-0.8131075934705562,-1.458501595814441,-1.0199997832342727
-0.8127661868267375,-1.458501595814441,-1.0199997832342727
-0.8421307538417281,-1.458501595814441,-1.0199997832342727
-0.7528353877060331,-1.458501595814441,-1.0199997832342727
-0.4134322381679581,1.2285604401052521,0.05247444129347905
-0.5639118458259914,0.6188794149393371,3.3049385678222234
-0.11416010023240414,1.2293674950878075,0.38174779736606623
0.6054104038109483,0.626436994709421,-0.44120354872776235
-0.12243853716126929,0.6760957189272083,-0.44396850779614344
-0.8341834759638971,-0.7279221228375031,0.5010072755652585
0.2692018064866765,1.2295474374632858,0.49768596982892177
-0.459296328477552,0.6267552510003789,0.009702844946499848
0.7263012558890402,0.003698061639401707,0.23200387661720054
-0.8132395537004471,-1.2437094850496084,-0.5728200735217414
-0.8104110383096109,-1.458501595814441,-1.0199997832342727
-0.12216490845569158,0.9550252008680807,-0.44741841627984646
0.628361775566172,1.2285188116452537,0.2612945501858849
-0.39178626590760884,0.6135966290801489,0.2641098320684528
-0.12254802459996622,1.2297327512529577,0.24933449468079452
-0.8128035815512843,-0.5273669453922213,-0.5622662611019854
2.0786408383155908,1.2285832686155742,0.367249235456436
0.523716773915686,1.230112778807139,-0.561391203277513
1.808119490521938,0.6264356518558726,0.2765367714607217
-0.8129675430358354,-0.728377350190392,-0.6887246974418058
-0.8130826037267485,-1.2406759788838977,-0.5665045603412835
-0.3760770657337146,0.6159882512497509,0.3803359628569334
0.3668453650951027,-0.05510683809616153,0.24933449468079452
-0.22672972718719742,0.11240071352435729,0.025660768467550686
-0.9321432716900045,-1.458501595814441,-1.0199997832342727
-0.8421985317799691,-0.7874132207362703,0.3771516470036615
1.4389961645210188,-0.058098715801873396,0.2544730131516585
-0.08297667538933948,0.6134180295582191,0.3774060567864952
0.6860722629169134,0.6272991066874585,0.23233936204511332
-0.8129216985417997,-1.458501595814441,-1.0199997832342727
1.678905255932593,1.2300228076194,-0.44231065063987446
-0.8126160685815619,-1.458501595814441,-1.0199997832342727
1.815250197058945,1.2298844937039202,0.12266637994852879
-0.3902787910743182,-0.1045131058468599,0.369141932412244
-0.6235316215165714,-0.04104179003079894,0.8161734693941136
-0.08446635177200452,0.56255208000047,-0.434351258862644
2.159749276728162,1.2309762336387244,0.2617390683778692
-0.2042423736245465,1.2298724080219852,0.38532910430903533
0.34347402181804615,1.2294668662503851,0.3783062760180611
0.7276942093784063,0.6154188813452528,0.37596626515836956
-0.8128589545087862,-0.5668562396883939,0.8363333478997721
-0.21136211343945133,0.5628072221746554,0.3759746522940675
-0.8134038747496574,-0.7278093231394422,-0.7049649878646832
-0.8127228592853156,-0.56559395735295,0.8389613170850887
-0.810526458565183,-0.5549881000281236,0.8610418496655475
-0.9320159858006819,-1.458501595814441,-1.0199997832342727
-0.9322680406267134,-1.458501595814441,-1.0199997832342727
0.17921319968823043,0.6168449918135946,0.37730541115812144
-0.8125891012321291,-0.786667937016939,-0.5598311960377186
-0.812981386275211,-1.458501595814441,-1.0199997832342727
-0.8127859628829883,-1.2387422697742814,-0.5624787352063303
0.25174188598760816,0.6141753989594856,0.028473254638219446
-0.08508749972060546,0.2828558286834927,-0.44144957137489843
0.9890578048693568,0.6201739257599413,0.2501200897244902
-0.8419083631000727,-1.458501595814441,-1.0199997832342727
0.5892175891705598,1.2280783556813963,-0.4446925971780552
0.5318697227785242,1.2301772357774592,0.37614798643182246
-0.3918222223735192,1.2310621762658187,4.5794532998866435
-0.5718068070459229,1.2314677180374187,4.580297604880224
0.9134027038590758,0.6153611386426739,-0.5572731196498837
-0.9319525226383503,-1.458501595814441,-1.0199997832342727
1.4483935666690135,0.6271043929229484,0.23127699152338957
0.6132631161834351,0.6185651872090244,-0.44586400046385066
-0.03223886590792956,1.2295178946852223,4.5748263966933465
1.9866032523072445,1.2312031758883948,0.26065992358474976
-0.813422392329601,-1.2442909406360416,-0.5740306167741267
-0.931971040218294,-1.458501595814441,-1.0199997832342727
-0.5641786428030461,0.34092215896746625,-0.4439097978462587
-0.3903395575017067,-0.061351107095964176,1.6669365574619108
0.7060255845445338,1.2270483870098163,0.2760782747092409
-0.015593359361730197,0.5624916515907944,0.3731985103780892
1.7994475100736838,1.229144581398782,0.1353505248355309
0.6954536644375781,0.5570342947703214,0.2609087419437851
0.20053736157868224,-0.053104643455579394,0.2603328252925349
-0.931361937685773,-1.458501595814441,-1.0199997832342727
-0.9664383690929492,-1.458501595814441,-1.0199997832342727
-0.8126780934852572,-1.458501595814441,-1.0199997832342727
2.055773604690597,1.2494122700039492,0.23219398502635114
0.2537624595894392,1.2323432585509395,0.2519373024590177
-0.563162153511761,0.6256433682623493,3.319020568658862
0.5896891582209741,1.23159663197806,-0.44353237673985685
-0.6234126056144083,-0.06125307878693503,-0.5279041661480197
-0.5718433028588219,-0.17598380025041024,0.44050527435308917
0.5972383980211777,1.2312125758632333,-0.4435882909778423
-0.8105944162857535,-1.458501595814441,-1.0199997832342727
1.4399017281149706,1.2281011841917184,0.23273635313481003
-0.812677733920598,-0.5665258977155012,0.8370210930269932
-0.38431828772036253,-0.11440456508396699,0.24775491745770511
4.447799792384273,1.233131513583818,-0.444577972990185
-0.11436271491780875,1.2314704037445152,1.782751718601199
-0.48214108931135163,1.229132495716847,1.175665675385944
1.3402568326139754,0.6170880483058451,0.2535001054107114
1.0804546466551812,-0.05281190138204018,0.2498069699917716
0.7275962280088009,1.2318840026374054,0.2502067567933677
0.9070096442202189,0.005368571453542552,0.2646605873126096
-0.06809213676109852,1.2285658115194458,0.05192648176122144
1.447507958913642,0.43991329399079276,0.2612414316597985
-0.4737733005646993,0.6263349378397469,3.3204603602869875
-0.016234463148911443,0.6268519364558595,0.2334744210762181
1.792420897505487,1.2287551538697625,0.2529269844713604
-0.8131379766842505,-1.242453916981906,-0.5702060828959211
0.6074795186417584,1.228812896572341,-0.417316986260373
-0.8131791468377176,-0.7266799833052844,-0.6927672968481546
-0.8128170652260006,-1.458501595814441,-1.0199997832342727
-0.0392117235595906,1.2287632109910525,0.008181977673295312
0.2538442605493853,1.0148721549571593,-0.5699209202821952
-0.8133718734949971,-1.458501595814441,-1.0199997832342727
-0.8131126273757836,-1.2395882675097385,-0.5642400337028722
-0.7438529231746436,-0.05260241622849864,1.9069679939978017
0.007736274414870282,0.6147461117175319,0.5001825405549728
0.2299109177101503,1.2318034314245048,-0.4407786005190728
3.2389435882612534,0.5603686001308613,0.12779651128369485
0.14858188637921896,0.504234636102956,0.4970709132110817
5.61787317259408,1.2301866357522977,-0.09589398920094447
-0.11640360392287927,0.28041049237195687,-0.8122392491516913
0.3670925657982361,0.6137658286272404,0.2680573772702265
0.2380564954974769,1.2321149734477208,-0.4436721623348205
-0.09967683576372252,-0.05718826109609575,-0.44015236105363564
-0.8132827014595395,-0.7280819224097562,-0.6604796201234495
2.9537937118766413,1.228281126567197,-0.6171656556680114
-0.19580500911635768,1.2319028025870824,0.5023827658197006
-0.8127420959945776,-0.568110464902548,0.8337221529858507
0.6878452762509518,1.231289118515489,0.26318445142979335
-0.8130319051098148,-0.7878375624575473,-0.5662361719989533
-0.9319424548278954,-1.458501595814441,-1.0199997832342727
0.10325750262293915,0.5636008486217271,-0.5686936027584144
0.35943743420592666,0.5580038350322264,0.3811998378338088
1.4465898105566217,0.6178400462929182,0.24712029085657017
-0.2116909353202013,1.2318893740515988,4.58073373593651
-0.8127890191825906,-0.7855775399356832,-0.565168210053431
-0.8130452090022018,-1.240657178934221,-0.5664654203746936
0.23671585866601008,0.6163065075407086,0.1265412366409213
-0.8129598123956646,-0.7284753784994213,-0.6873240457802698
-0.8424198438276471,-0.7870291646214439,0.37795122060685343
0.6969748027279147,1.2316906317264442,-0.8053590021675803
1.2436959231941094,0.5040533508739296,0.24904653635516932
1.4470105012077727,0.6133643154162853,0.2532792441706688
-0.8133010392571538,-1.458501595814441,-1.0199997832342727
-0.8127942328701475,-0.20557089248108915,1.588500064415905
0.19232778128203526,1.2298804651432753,-0.44413345479820054
-0.932174374033017,-1.458501595814441,-1.0199997832342727
-0.2119126069325385,1.2323405728438426,0.9552601363829506
-0.8132517788988566,-0.7920970939128968,-0.5701138244032451
0.368040198457303,-0.049786452337619774,0.12371197619885689
-0.8180774961886822,-0.725926642464663,-0.7718775564618856
1.8075871550441351,1.2303101782787453,0.38641943194975187
-0.9323086714331921,-1.458501595814441,-1.0199997832342727
-0.8127823672363972,-1.458501595814441,-1.0199997832342727
0.33596451391267346,0.5323969607188412,0.2671571580386604
0.23752595784296987,0.7256027006940327,0.02974530355238866
-0.48224895870908263,0.7266031265875494,0.02702787158629528
-0.8125666284409353,-1.458501595814441,-1.0199997832342727
0.7277806846789208,0.61610239380136,0.2523342935487145
-0.8131102902054994,-1.458501595814441,-1.0199997832342727
0.6132861283216178,0.6196233558051201,0.25647194715963867
-0.8133993801914186,-0.7280429796568543,-0.7059267127580332
2.1141870409498855,1.228991496094271,0.033156072069501843
3.877665978705225,1.228269040885262,-0.12343734283258315
-0.9276168919788824,-1.458501595814441,-1.0199997832342727
-0.8132729932137436,-0.72714595348656,-0.7056163887372138
0.3604082587855056,-0.05564935092969259,0.124153698678942
-0.17223518614747613,0.6184121019045131,0.5005152302709862
-0.3920088364315938,-0.05644432023031285,0.28653144150062315
3.148425162937619,1.227772185072374,0.24833083410895548
-0.8124165101957596,-1.2358591632059852,-0.5564763417585908
0.3061878857983506,0.7347851332576136,0.010281557309649416
0.6051583489849168,0.4301319487446501,0.23634282148487237
-0.10557046009108499,1.2278487277246295,0.3692565566001141
1.7275295443477932,0.6271057357764966,0.23037956800372286
-0.7823166334529027,-1.0109285081511503,-0.08818900720654786
-0.8132526778105043,-1.458501595814441,-1.0199997832342727
-0.4821842370704441,1.2299395506994024,1.085171276918373
0.16329383397109032,-0.0565101200541817,0.37703702281579127
-0.8341798803173059,-0.7273205244478448,0.5022597544961328
0.3347430727656995,1.228293212249132,0.14174990937296697
-0.813333040511814,-0.7919386371941921,-0.5725992122816989
1.447289343600907,1.2296897799394104,0.24995514272243313
0.5906100033129377,1.2312568900303285,-0.5617266887054257
-0.7529202449655815,-1.458501595814441,-1.0199997832342727
0.17193704924661582,-0.05079224964532981,0.13749483586227323
-0.5722835897838939,1.2306405202516384,4.578575446350271
-0.8130793676448166,-1.2406867217122846,-0.5665269260364777
-0.8104146339562017,-0.7705442944619642,-0.5723000711084766
0.47089223093517013,1.2310782905083986,-0.43961558436897524
0.22949382270559043,1.2311158904077522,-0.44234419918266576
-0.8130671424464071,-1.2412507202025893,-0.5677011250341724
-0.4133042331493173,0.1098519774895991,0.054051222804669105
0.6956602343342329,-0.05380024159362198,0.2557478577777269
-0.8129448904623118,-1.458501595814441,-1.0199997832342727
1.7087194585537917,1.2285940114439613,0.24948825883525447
-0.376076885951385,0.003065577618131202,0.5008003928847122
-0.8126015062128682,-1.2397319528394113,-0.5645391748760945
1.4570461306256761,1.2290626673323335,0.1414507681997447
-0.8128291106420806,-0.5683266643238315,0.8332720433700679
-0.8127257358025883,-0.565632900105852,0.8388802414400099
1.7986857723433733,1.2309560908354995,0.26322079568448403
-0.8131935294240819,-0.7279530084691151,-0.6941036471360071
0.3358958370627847,1.2295568374381243,0.247282442146728
-0.20315954465365688,0.6277731339900239,0.27715462379046113
0.5909897035929506,0.9486829035592487,-0.7060804769124931
-0.932005917990227,-1.458501595814441,-1.0199997832342727
3.4705185102218006,1.2307533199496992,-0.5719254457139741
0.1563376960760775,0.562361394796605,0.27756838915155346
0.055689075829195474,0.6041483115139955,-0.5714921103695868
1.4486296208677147,0.6257910821526673,0.23307463427462202
-0.8422706244941193,-1.458501595814441,-1.0199997832342727
1.087636051809122,0.6165858210787643,0.2523874120748007
-0.752911255849104,-0.7274521240955826,0.2339972192013823
-0.8129461489386187,-1.458501595814441,-1.0199997832342727
-0.7501149214952575,-0.7705375801942226,0.4122853584418264
0.13327342101789533,0.056563520130636216,0.026868516008036632
-0.9321182819461968,-1.458501595814441,-1.0199997832342727
-0.3916383050503878,-0.1105076040866707,0.2650212341476158
-0.8130470068254972,-0.568671777685756,0.8325535454119548
1.446640688955885,0.6222714630024556,0.2424738176799783
-0.8419851301547913,-1.458501595814441,-1.0199997832342727
-0.8131095710761811,-0.7293066048458465,-0.69124642957495
-0.3682572535275356,-0.053204014618157075,0.5047730994935793
-0.6234667200956032,-0.03919670925537334,-0.5722749097013832
-0.813279285595278,-1.458501595814441,-1.0199997832342727
-0.6262795944237685,-0.06168144906885723,1.8880661858468162
-0.08525883228066818,0.9706519876101679,-0.48448116892850995
-0.4292876013757779,-0.05605489270129272,-0.31572081584078837
0.7192850706959573,0.6158673944304,0.15129167408518607
-0.4826252431248343,0.7224147663702621,0.03234251990681341
-0.842076998925192,-1.458501595814441,-1.0199997832342727
-0.4743615483469923,0.6140357421904575,3.294854435001545
-0.5644815760283407,0.6161050795084568,3.2991626270383247
0.17368291544889186,0.6264087947849057,0.05615918957672096
-0.8133181185784611,-1.458501595814441,-1.0199997832342727
-0.8104795353771701,-1.2418617185670862,-0.5689731739483417
-0.9509549755249719,-1.458501595814441,-1.0199997832342727
-0.9320889774264799,-1.458501595814441,-1.0199997832342727
0.7277402336547716,0.6186511298361185,0.2527480589098069
-0.8132623860563002,-1.458501595814441,-1.0199997832342727
-0.8129700599884491,-0.7858447677918038,-0.5672118754517996
3.238725871860166,1.2306646916155084,0.13393869032639788
-0.8421848683229232,-0.7859011676408342,0.38029961860224304
1.3506254189062081,0.6270466502203695,0.05360111318888607
0.15653168120966374,1.2289418105129823,0.23210731795747366
-0.9321238551984129,-1.458501595814441,-1.0199997832342727
0.7291360636614107,1.2271235868085235,0.369049673919568
-0.8129021022678786,-1.458501595814441,-1.0199997832342727
-0.8130924917548737,-1.458501595814441,-1.0199997832342727
-0.8129152263779359,-1.458501595814441,-1.0199997832342727
-0.8129749141113469,-0.7875542203588465,-0.5652381028509128
-0.8127154882098039,-1.458501595814441,-1.0199997832342727
-0.8133592887319285,-1.458501595814441,-1.0199997832342727
-0.8133544346090306,-1.458501595814441,-1.0199997832342727
0.35966719602309355,0.6146427119943095,0.2619431553465161
-0.6263588784311008,-0.06186139144433523,-0.7057981100106665
-0.9655905156267837,-1.458501595814441,-1.0199997832342727
-0.9321225967221061,-1.458501595814441,-1.0199997832342727
0.7768084046416351,0.6180643028354919,-0.4457270105807862
-0.6264029251018409,-0.0614921067185404,1.8884603812246143
-0.1348037860055028,1.2276540139601197,0.33864351130307374
0.6580039264979902,1.2294964090284486,0.0302177788633659
-0.62497976818111,-0.056875376219331523,1.8980720387343146
1.4554178420669264,1.229037153114915,0.2608947633842888
-0.44506188275296993,0.3463540015705204,-0.48127728309194295
1.0874954620274129,0.613383115365962,0.2506121350187623
-0.8420252216142813,-0.7870399074498307,0.37792885491165923
1.0789651500548456,0.6156699949587932,0.2531813942541943
-0.8126755765326434,-1.2392538969762006,-0.5635439014399533
-0.13705645859478507,-0.05082716383758688,0.024450225215165388
0.9502922400597806,0.2807891770725902,-0.5635774499827446
-0.48211268370328253,0.11321179706755756,0.03173025900087253
1.0714369447871994,0.6263765662997455,0.10057746023237203
-0.47441242674625544,0.6136731717324045,3.2940995927887413
0.7203527979511645,1.2275331571407686,0.2764221472728516
0.008315353298356159,-0.05401375530780882,0.3850774902381007
-0.842431529679068,-1.458501595814441,-1.0199997832342727
1.0887915128411505,1.2287564967233104,0.2343271132054964
-0.8129130689899812,-0.7281544365013668,-0.6879642638052035
0.5309977784801988,1.2289767247052394,0.12106164131834597
0.1563826416584655,1.2290008960691094,0.23416496191533856
-0.016671513992051457,0.6154860240226698,0.3792624094876127
-0.11977775868390472,0.49769628217606565,0.36760429086764385
-0.841883732920924,-1.458501595814441,-1.0199997832342727
-0.6252904320465753,-0.05810811577671193,1.8955055752107821
-0.6261098799046717,-0.06033725266696414,-0.617571033893406
-0.8133619854668717,-1.458501595814441,-1.0199997832342727
-0.19634345719336493,1.2319699452644994,0.4995646882252333
-0.8132870162354486,-1.458501595814441,-1.0199997832342727
-0.11461746647878346,1.2283348407091303,-0.5665968188339595
-0.8127705016026467,-1.458501595814441,-1.0199997832342727
1.0480645228161658,0.00023887089886556257,0.02202075157469719
-0.931866766467154,-1.458501595814441,-1.0199997832342727
1.618382433600675,1.2290908672568486,0.37550217698309024
-0.5273430413012068,0.2811289190203215,-0.43910396909140825
-0.8129689812944717,-1.458501595814441,-1.0199997832342727
-0.813343467886928,-1.458501595814441,-1.0199997832342727
0.08332485596321718,0.24165439611318024,-0.3708997815967417
1.9501689249649647,1.2310030907096916,0.03244596124708654
-0.8421579009734903,-1.458501595814441,-1.0199997832342727
0.8987926928480603,1.2280783556813963,0.2790193636272762
-0.81267701479128,-0.7262234130988472,-0.6839244601107537
-0.8128431336637857,-1.458501595814441,-1.0199997832342727
-0.21172077918690688,0.283582312453147,-0.32765011851498677
-0.812746770335146,-1.458501595814441,-1.0199997832342727
-0.8131070541235675,-1.458501595814441,-1.0199997832342727
-0.5342743692347415,-0.061121479139197334,-0.5725824380103032
-0.8422150717542878,-0.7858447677918038,0.3804170385020125
-0.8134529553256249,-1.243665170882513,-0.5727278150290654
-0.3920174659834123,1.2288894392245968,4.5749298380336185
1.2436986199290527,-0.05145696215176062,0.25809905148501566
0.8844611646655205,1.2282247267181663,0.2342013061700292
2.5183398751699677,1.2300429504226251,0.24638781433896068
-0.12836721904289428,0.7127005638015366,0.0528294967046867
0.23695101395306364,1.2288303536684697,0.24734115209661273
-0.7518027180050884,-1.458501595814441,-1.0199997832342727
-0.39035915377562785,1.2288880963710487,4.57492704232172
-0.8128163460966824,-1.458501595814441,-1.0199997832342727
2.5132689347826336,0.6054857936481468,0.1426864728592234
2.4988708871381595,0.7208704847896658,-0.08358726542034423
-0.8499149691466558,-0.8451505519008994,-0.32322450657843743
-0.8132632849679479,-1.2432878290354281,-0.5719422199853696
-0.6263069213378604,-0.06124905022629003,1.8889664050783828
-0.8128582353794679,-0.7276589235420277,-0.6913890108818129
-0.46635404338876146,0.613223315793709,1.9065710029081053
0.18036398637969064,0.003869946893589703,0.2630223001396357
-0.6264052622721251,-0.0608717083792052,1.8897520001220784
-0.6517718298425459,-0.05676391937481884,0.03436661532188714
-0.9717665779938718,-1.458501595814441,-1.0199997832342727
-0.8775065228276078,-0.726592697824642,0.5037750303455386
-0.9319708604359644,-1.458501595814441,-1.0199997832342727
-0.8128028624219661,-1.2380466716362388,-0.5610305564425068
2.5253636112208917,1.2294131521084517,0.24295747583855248
-0.8421226636368982,-1.458501595814441,-1.0199997832342727
0.3603789542657886,1.2331704563367198,0.5047227766793921
-0.8128870005521962,-1.2398031240774736,-0.564687347606756
0.2455073943634157,1.2282166695968761,0.2770232253311952
-0.1144815510376424,1.2284946402813837,0.3791925166901307
0.9643638029937889,1.229735436960054,0.24871943806295443
-0.8125321102336613,-0.727582380889772,0.04225891001353516
-0.7500226931601975,-1.458501595814441,-1.0199997832342727
-0.8128754944831049,-1.458501595814441,-1.0199997832342727
-0.8480729193980694,-1.0760797337561903,-0.4448882970110043
-0.8133240513953364,-0.576844384380982,0.8155388427929786
0.2833021345934131,0.8385447412311126,-0.4413181729156325
-0.6543714823278629,-0.05418698341554534,-0.446912392426078
-0.09906036215568978,0.5014374721617539,-0.779079310314413
0.3596163176238305,0.6170558198206848,0.26187046683713505
-0.02408340009247769,1.2284597260891266,0.26194874677031466
-0.8128161663143528,-1.2396970386471544,-0.5644664863667134
-0.75192640824782,-1.458501595814441,-1.0199997832342727
0.9885382339369526,1.227155815293684,0.13725160892703647
-0.6256350747723258,-0.057446088977377886,-0.00865659509602658
0.8988991239871551,0.0036121190123075595,0.27539612100581834
-0.8133986610621002,-1.2427788875406054,-0.5708826451755451
0.6287533414799357,0.6184255304399964,-0.08514447694823943
-0.8131189197573179,-1.458501595814441,-1.0199997832342727
-0.8131940687710704,-1.458501595814441,-1.0199997832342727
0.621552519834403,0.6202397255838102,0.2510482660750489
0.7291446932132294,1.249988354176189,0.36563610969055543
-0.8135041932895472,-0.7709484933800159,-0.5735833028702431
-0.3845126324186079,-0.06045810948631506,1.6635844988946826
-0.5645069253368075,-0.117486413977418,0.37693078576361877
1.3343204200921797,1.2307748056064727,-0.5630826089765733
0.5306687768171192,0.5020269848694774,0.38875385138564467
-0.8191114243659336,-1.458501595814441,-1.0199997832342727
-0.9322507815230764,-1.458501595814441,-1.0199997832342727
1.4397539470400793,0.6156552235697613,0.24916675196683813
4.9289702978903085,1.2336780549779942,-0.09503850135976698
-0.8129067766084469,-1.2381071000459143,-0.561156363477974
0.5249851382506733,1.2320196308457887,0.27378019952803845
0.26279004948554624,0.6261308241003983,0.23462625437871867
-0.8134125043014757,-1.458501595814441,-1.0199997832342727
-0.8528287013616994,-0.7270438966168858,-0.5635662671351475
-0.6263133935017242,-0.06045139521857329,1.890627057946551
-0.5719623187609851,0.2818567456435241,-0.4421177465188247
-0.813000622984473,-0.568071522149646,0.8338032286309298
0.8766100703339994,0.6209192094792725,-0.5641729366172897
-0.4736853870055485,1.2273062148910983,0.5030900809302169
-0.4373648618778748,-0.055633236687112585,1.4288369578484184
-0.8129006640092421,-0.7264248411310988,-0.690488791650247
-0.8128659660196388,-1.458501595814441,-1.0199997832342727
0.2912163325226066,0.6178736176316267,-0.5724594266867352
-0.9319944119211357,-1.458501595814441,-1.0199997832342727
0.6289958678425007,1.229739465520699,0.37556927406867285
0.36639177427764386,-0.10434256344622013,0.36552987263838316
-0.842007243381326,-1.458501595814441,-1.0199997832342727
0.05715789746163248,1.2284086976542894,-0.44632808863913
1.431213207692398,1.228453011821385,0.23262452465883915
0.25615608152509006,-0.052873672645264026,0.2587644309170426
2.423800977610569,1.2283657263407424,0.2773307536401153
0.61409928379818,1.24915175641557,-0.347891072665724
0.2616363862768133,-0.05358001361169337,-0.4415418298675744
1.333003874092873,1.2303021211574554,0.37894649404299474
-0.8132566330217545,-1.458501595814441,-1.0199997832342727
-0.8422165100129242,-1.458501595814441,-1.0199997832342727
1.4470006131796473,1.228623554222025,0.250332563828835
0.47304224781427856,0.9705741021043641,-0.4838213809202815
-0.8130558161596452,-0.5696440036547576,0.8305294499968809
-0.9313806350480462,-1.458501595814441,-1.0199997832342727
0.7427178995297204,1.228737696773634,0.5021367431725646
0.6952287567433089,0.5013475009740148,0.2599330384909388
1.2585369544985987,1.2281522126265556,0.2760950489806366
-0.8133720532773266,-1.458501595814441,-1.0199997832342727
-0.8128974279273102,-1.2389557834884681,-0.5629232533983146
0.3677791545147939,-0.0535450994194366,0.2568885082326304
-0.9321941500892675,-1.458501595814441,-1.0199997832342727
-0.931483830105209,-1.458501595814441,-1.0199997832342727
-0.38380608786346987,-0.05237278827173151,0.49916490142363723
1.261464529953018,1.2286933826065385,0.3669556857070124
-0.8127775131134993,-0.5673490669406365,0.8353073216327389
-0.20487322981894332,1.2270873297627183,3.302715976862301
-0.8128794496943551,-1.458501595814441,-1.0199997832342727
-0.13022490985415158,0.5634303062210874,-0.4408596761641518
-0.8130752326512368,-0.7893469298458868,-0.5651849843248266
0.47824388995519646,0.7243538468940719,0.03004444472561095
-0.1068016094838547,0.617352590454869,0.2505869736116689
-0.4743825828795498,-0.11087151739827199,0.5046053567796227
-0.8418691705522304,-1.458501595814441,-1.0199997832342727
-0.8420043668640533,-1.458501595814441,-1.0199997832342727
-0.5716656779172249,-0.10401759288752062,0.36662020027909964
-0.8132800047245962,-0.5705584869211804,0.8286255701934762
-0.7972788380475099,-0.7295872612374507,-0.44428442324076134
-0.37299038291764214,0.49789771020831747,0.5010464155318481
4.928310496740854,0.6725102999531277,-0.18152664467567955
-0.8127011056234399,-1.458501595814441,-1.0199997832342727
0.35168360211469313,0.6140907991859397,0.2565306571095234
-0.8129039000911741,-1.458501595814441,-1.0199997832342727
-0.8128222789135576,-0.7872937067704677,-0.5658112237902638
1.1997278173319672,1.232555429411578,-0.08878449384109292
0.9737658794823522,0.6053461368791191,-0.7977127301230682
-0.8129598123956646,-1.2409794637858236,-0.5671363912305193
0.5313774787602119,1.2297649797381176,0.5099367793715365
0.2454877980894947,1.231352232632261,-0.44456958585448714
-0.8129477669795847,-1.458501595814441,-1.0199997832342727
-0.812724297543952,-1.458501595814441,-1.0199997832342727
0.5165970341007813,1.234227282079267,1.896307944525874
-0.6263716429764989,-0.061795591620466384,1.8878285503353784
0.2830797438517577,0.304501285029261,-0.34807558965107604
-0.44496767681228483,0.9503104420598424,-0.44059408353372087
0.3436049033539598,0.5526243637175576,0.2667405969656689
-0.7528449161694994,-0.12611156231843615,1.7539279289196932
-0.8422540845198004,-0.6991971425848617,-0.5039253451879544
0.6377347273173477,0.6188203293832097,-0.5701585557936335
1.814188043055954,1.2286154971007348,0.2489990092528817
-0.8563470415510255,-0.5114407023088531,0.951703990847075
-0.8051833277309077,-0.41523464554479317,-0.4417403254124228
0.7195957345614225,0.6146507691155996,0.2603300295806355
-0.8129030011795263,-0.7292945191639115,-0.685073497701355
-0.056556044020757215,1.2287981251833096,0.008402838913337875
-0.8126797115262232,-1.2378667292607606,-0.5606559310480042
-0.8131253919211817,-1.2401791230710102,-0.5654701469385525
-0.8134274262348286,-1.458501595814441,-1.0199997832342727
3.359392535373307,1.2501400966271516,-0.21322442618963802
-0.0769809346987916,0.2815922034945002,-0.5647963803708277
0.7262386916383561,0.5613864831205067,0.14472175112189423
-0.8422859059921312,-1.458501595814441,-1.0199997832342727
0.2376003877274043,0.6181730739729078,0.37778347789289707
-0.12269562589252817,0.262128884164792,-0.43855600955915075
-0.931974276300226,-1.458501595814441,-1.0199997832342727
0.7204588695256001,0.6265873943068355,0.23533356948923478
-0.13047426794523978,0.340446788811352,-0.44790766586221925
-0.932317121202681,-1.458501595814441,-1.0199997832342727
1.3408357317151318,-0.05363775631427222,0.13011415644819233
-0.5721996314359933,0.49718331212059785,0.5049212722242407
0.6588665221151793,1.231315975586456,-0.6930971908522688
-0.8125617743180373,-1.2366595039207988,-0.5581425860505577
-0.9320787298336954,-1.458501595814441,-1.0199997832342727
2.1666834811789695,1.2312609185909733,0.25159902131920564
2.5211610194852927,0.6153611386426739,0.252297949294024
-0.8128970683626511,-1.458501595814441,-1.0199997832342727
-0.8125962925253113,-1.458501595814441,-1.0199997832342727
-0.1965849048619527,-0.0015632385630129726,0.260917129079483
0.8689919739015773,0.5039499511507068,-0.5752327728908141
0.26302502499027025,0.4959572868309592,0.500705338680137
0.5321264519451241,1.2328401143638268,0.3859860966053645
-0.8133819413054519,-0.7701481526652025,-0.5738209383816811
0.33534588291668627,1.2300577218116564,0.3727120565076157
-0.13824086458187138,0.16210240905569165,-0.5705890954261215
-0.8129835436631655,-0.7879678192517369,-0.563806698358485
-0.8127624113978169,-1.458501595814441,-1.0199997832342727
-0.9320357618569326,-1.458501595814441,-1.0199997832342727
1.610756966092741,0.6167375635297273,0.25497624129352753
1.7383646657852128,1.2293312380420025,-0.21827348187972517
0.9571239685827436,0.6176332468464731,-0.5726271694006916
-0.4796358225490493,0.733542993725395,0.05408756705935961
-0.48226262216612853,1.229014324604593,4.5751898392402515
-0.8129184624598679,-1.242243088974816,-0.5697671561277352
-0.49024280021026756,-0.05568292226840143,-0.5691968309002835
0.9449672672407899,1.250776609209067,-0.48373750956330336
0.19315370130399556,1.2346395381186093,0.9578210084826845
-0.8132332613189127,-1.2411728346967852,-0.5675389737440145
1.079009196725586,0.617648018235505,0.2565362485333219
0.3675231444775125,0.6181985881903264,0.37989424037684827
-0.5744900583144814,1.2282891836884868,4.573680154814644
-0.8127802098484426,-0.1866702287881373,1.6278497093981743
0.4633778689068997,0.4984818515018474,-0.571617917405054
-0.8129085744317424,-1.2397668670316684,-0.5646118633854756
1.0637945777402882,0.502259298533341,0.26573973210572904
-0.8133249503069842,-1.458501595814441,-1.0199997832342727
0.9795030931830043,0.605415965263633,-0.5713355505032275
-0.8130919524078851,-1.2401656945355266,-0.5654421898195596
-0.00019032849506227907,-0.052815929942685184,0.26120229169320885
-0.8130748730865778,-1.2409781209322752,-0.56713359551862
-0.8130085334069732,-1.2394674106903876,-0.5639884196319377
0.3281398475835967,1.2308271768948582,1.6530782135772144
0.9813562894360229,0.5664194982197027,0.3643193293859978
-0.8421140340850798,-1.458501595814441,-1.0199997832342727
1.3574386298492276,1.2302242356516513,0.38653405613762193
0.16356296811842908,0.614789083031079,0.2548867785127509
1.8153422456116755,1.2320800592554637,0.24845384543252347
-0.4737621540602671,-0.040359620428239894,-0.7966028324990568
-0.8131906529068089,-0.29498345314407304,1.402350383314705
-0.8132478236876064,-0.770909550627114,-0.5724314695677425
2.51155417092337,0.5565320675432407,0.24064262638595435
-0.4823512548545975,-0.05460058230843548,0.25135299867206967
-0.6235672184178227,-0.06290210294430233,0.8605805572021675
0.9508729369842325,1.2279722702510774,-0.43811708279096484
0.22290282272189715,1.22763789971754,0.03171907615327558
-0.8133621652492012,-0.55692986625903,0.8569992502591988
2.060049907181313,1.2291298100097505,0.12505112219860873
1.0887210381679664,1.2283442406839689,0.23430474751030234
1.6115444126961773,1.2296911227929583,0.26107928036964084
1.0775161044786594,0.6151247964181653,0.2608388491463033
-0.9752597486570604,-1.458501595814441,-1.0199997832342727
-0.8133680980660765,-0.7925536641193339,-0.5714557661148961
1.8074523182969713,1.232247915949007,0.24437490177148405
1.182534514027624,-0.048140113887348936,-0.44103860172570525
-0.2033884075591762,1.2288612393000817,3.3204939088297785
2.050527196749621,1.2308849195974374,-0.09522301834511887
-0.8344941398293623,-0.7289279201452133,0.4989132873527029
-0.8125673475702534,-0.7282121792039457,-0.6784336819405814
-0.7822197307772744,-1.0097293399324785,-0.08569243648049689
-0.8127056001816786,-0.7892072730768589,-0.5581090375077664
-0.813463742265398,-0.5773801829467716,0.8144233537451686
-0.8047971552870308,-0.7285492354445802,-0.5615170103129803
-0.5719842522051904,1.2314704037445152,4.580303196304022
-0.8127268144965657,-1.458501595814441,-1.0199997832342727
0.17090725606294385,0.6182764736961301,0.260344008140132
-0.47435453683613976,-0.05696400455352214,0.37603895366775075
0.08825340874554638,1.232881742823826,-0.4434065697043895
0.3684224156899298,0.613939056734977,0.26446209176776125
-0.44465431621187634,0.6144439696691545,-0.44196677807626394
-0.1311788348947527,1.2281951839401026,-0.4378542858724332
-0.9312905641009409,-1.458501595814441,-1.0199997832342727
0.11040978303949274,0.6042329112875414,0.9488970961002049
0.8825955634317629,1.2281360983839755,0.25040525233821603
-0.9654626903904724,-1.458501595814441,-1.0199997832342727
-0.9642128436354293,-1.458501595814441,-1.0199997832342727
-0.6253765477824305,-0.05657189131740554,0.8305825685229671
-0.804683532854754,-0.5122920714585036,0.9499315095029358
1.0886627886931914,0.0739293022178299,0.10800566674874057
-0.44947553894346315,0.6172491907316466,-0.5224301622492431
-0.5643296599598695,0.61787093192453,3.3028389881858686
-0.8346863271396531,-0.7284834356207113,0.49983866799136223
0.23068326259790423,0.6196690128257636,-0.0877780375573547
1.8450189147507678,1.2326749433773807,-0.2888652073363711
-0.4740897174647102,0.6152456532375162,3.29737337142279
0.16340260228046893,0.614582283584634,0.2591334648877467
0.5835357484274093,3.5384041714665306,-0.4472674478372857
0.530603515831492,1.2275720998936708,0.23341291541443418
-0.8128801688236733,-1.458501595814441,-1.0199997832342727
-0.37604308687342924,0.6194313277477067,1.9027352861823024
0.7034022007917159,1.23062306315551,0.24904374064327015
-0.8130854802440214,-0.567686123181271,0.8346055979460213
-0.9313223855732715,-1.458501595814441,-1.0199997832342727
-0.8465444100322211,-0.7266020977994804,-0.4445835644139835
-0.812957295443051,-0.7856231969563269,-0.567052519873541
-0.4621047082474785,0.6259481960178236,0.011139840862726262
-0.8422386232394591,-1.458501595814441,-1.0199997832342727
1.0797790246607262,1.2310662048264636,0.26367649672406546
0.24651381584424586,0.28715296003819585,-0.5832396917703323
-0.20392523759521744,1.2324506868348073,-0.4407450519762816
-0.8129549582727669,-1.458501595814441,-1.0199997832342727
0.5318050011398858,0.6177232180342124,-0.005360450766783635
-0.8130592320239066,-0.7860139673388953,-0.5684559672469761
0.5247744333604386,1.2326803147915741,1.8987653752853346
-0.6672251997614882,-0.05672766232901354,-0.5764153590242066
0.0005095641138822725,-0.05392646982716643,0.25467150869650684
0.7285292982991738,0.6196609557044735,0.2522671964631319
-0.5571674915151905,0.45545950951997966,-0.7078110225781431
1.0742848766696271,1.2279856987865607,0.2320821565503801
-0.09931223719939174,0.2831055994434848,-0.08490684143680122
-0.9342932885691129,-1.458501595814441,-1.0199997832342727
-0.9321384175671066,-1.458501595814441,-1.0199997832342727
0.7194107385443137,0.6145111123465715,0.25562764216605827
0.15592779236469978,0.6201269258857492,0.2503661123716263
0.2692075595212222,0.618229473821938,0.25080503913981206
1.3174117122155165,1.2309869764671115,-0.44688443530708527
2.0700700753188745,1.2284248118968695,0.14152345670912586
-0.7516222165462185,-1.458501595814441,-1.0199997832342727
-0.8126815093495187,-1.458501595814441,-1.0199997832342727
-0.09871176421868925,0.6137013716569198,0.5114101195424536
1.0874280436538308,0.612696917202758,0.25978486576027726
-0.2571141993577346,1.2332375990141369,-0.44401603489843106
-0.4738053018193595,-0.10397059301332853,0.36617288637521594
1.3484327936149962,1.2324896295877088,-0.4380080500268932
0.3602665903098189,1.2326400291851236,0.5017928706089542
1.0870246121063167,0.6145675121956021,0.24988245421305197
-0.8129695206414604,-1.2397198671574763,-0.564514013469001
0.1932461094213851,0.6147340260355969,0.37691960291602183
-0.564207947322763,0.6179192746522706,3.302939633814243
-0.4823417263911313,0.9492240735392314,-0.4362299772589555
0.16344125548132268,0.6186471012754735,0.253189781389892
0.7060031117533397,1.2488603571955792,0.23303549430803233
-0.21142485747246484,1.2326897147664126,1.428476311013412
-0.7440274918166384,-0.724049333204077,0.509070108682762
0.3668680176686262,1.2287202396775054,0.2529828987093459
-0.444924708835522,1.2327420860547977,0.9519472177823116
0.726106911190795,0.0025284361987933783,0.2348638898901569
0.6225740430309156,0.49661125650900323,0.23356388385699492
-0.7517619074162802,-1.458501595814441,-1.0199997832342727
-0.8126919367246327,-0.7273621529078435,-0.6826915511631744
-0.5255840509888734,0.6271379642616569,0.9484358036368249
0.890395240017032,1.2295313232207057,0.14579530449121508
-0.5197560472117974,-0.061117450578552335,0.5009401784796759
0.36005282911998193,0.6244710571146442,0.24359489815158678
-0.5644335741463504,0.33968270514234405,-0.44044311509116013
-0.8128648873256614,-1.458501595814441,-1.0199997832342727
1.6191612506522923,-0.05466906783940109,0.38950030646275063
-0.5629953155099371,0.6265283087507084,3.3208629428004826
-0.8131696183742515,-1.458501595814441,-1.0199997832342727
-0.10915424104836777,1.0107589945385793,-0.5636249770850322
-0.47385366326600886,1.2279655559833358,0.5030145967089366
-0.8129756332406652,-1.2406759788838977,-0.5665045603412835
-0.4823731882988029,1.2279239275233373,4.572919721178042
-0.4738624726001569,-0.06134304997467417,-0.753076393939274
-0.625233620830437,-0.05701637584190745,1.8977784889848917
-0.37626080327451633,-0.055437180069054286,1.8962352560164926
-0.8105656511130253,-0.7282820075884596,-0.6616650019687413
-0.8050515472833463,-0.7856137969814886,-0.44283904018883713
0.6437340636544865,1.2328508571922139,-0.3313152968149338
-0.8127807491954312,-0.7272265246994606,-0.683916072975056
-0.20400218443226545,0.6196878127754406,0.25166052698098973
0.921499560635094,1.2338311402825055,-0.5646761647591588
1.442575450920063,0.5413067940121082,0.2770064510597996
-0.4219197619460918,1.2321096020335278,4.581633955168077
-0.7439404771691354,-0.7257775857207968,0.3804533827567028
-0.8129267324470271,-1.458501595814441,-1.0199997832342727
0.7276916924257926,-0.056052206994195955,0.25967862870810493
-0.7518392138179876,-0.7824473483144918,0.3874901896071732
-0.9321107310883556,-1.458501595814441,-1.0199997832342727
0.7098130588811986,0.629316072717072,0.25853518254130226
1.446981915817374,1.2288786963962102,0.2638694008451154
-0.4743665822522197,1.2328830856773738,0.4959218756204806
1.0888501218805844,0.6258233106378274,0.23223312499294085
1.4399707645295186,1.2314610037696774,0.2532037599493885
-0.7483751678921862,-0.7577536144139808,0.4012926192538847
0.5254126606303469,0.6186524726896667,0.031811334645951456
1.0792092944583769,1.2280085272968828,0.12739113305830038
-0.7518199771087255,-1.458501595814441,-1.0199997832342727
2.0687276406641124,1.2296468086258634,0.2565949584832066
-0.20603911822608575,0.6053085369797653,0.14528368921364815
-0.7516817244973003,-0.7818121785861246,0.38881256133552955
0.2294217299914402,1.2293634665271624,-0.4451259325224425
0.9066894518912875,0.6153329387181586,0.26063755788955556
0.7277492227712492,0.6794555385051668,0.11638441531086213
0.15641464291312568,-0.06083947989404489,0.27667376134378613
-0.9321297880152882,-1.458501595814441,-1.0199997832342727
0.48454490104132325,1.2288692964213717,0.27955054888813813
-0.9586345575141004,-1.458501595814441,-1.0199997832342727
-0.8126065401180957,-0.5678217513896539,0.8343232310441947
-0.46656187176172315,0.6183087021812904,0.49899715870968103
0.7118825332766675,1.2301114359535907,0.12330659797346227
0.2696431721057259,-0.11526801991555256,0.49772231408361245
-0.8129369800398117,-0.7275313524549349,-0.689773089404033
-0.932204397682052,-1.458501595814441,-1.0199997832342727
-0.932207993328643,-1.458501595814441,-1.0199997832342727
-0.44526899199661346,1.2289377819523373,-0.4450364697416658
0.14799741402584657,1.2302524355761668,0.6195342772468408
-0.8129362609104934,-1.458501595814441,-1.0199997832342727
-0.5722323518199718,-0.11733870008710016,0.26398122932108625
-0.6234963841799793,-0.06174187747853254,1.8879403788113494
1.423486522732927,1.2349121373889231,0.13725999606273437
-0.24516155095982217,1.232712543276734,0.5307648330211213
1.272824975357387,1.2323365442831975,-0.334787570993831
1.9116252115500547,0.6203149253825176,-0.10036433252788221
-0.8130008027668025,-0.5687066918780131,0.8324808569025736
-0.8126642502458817,-1.458501595814441,-1.0199997832342727
1.8648738954441233,1.2311669188425893,-0.5818250615493
-0.8135291830333548,-1.458501595814441,-1.0199997832342727
0.30689784621775,1.234787252008927,0.03471048788549769
-0.9321028206658554,-1.458501595814441,-1.0199997832342727
-0.8421174499493412,-0.7867283654266146,0.37857746007229065
-0.4744593499342684,0.7254227583185543,0.028705298725859113
-0.8130491642134519,-0.7872158212646638,-0.5673572524705618
-0.12852650618687714,0.6053219655152489,-0.4404291365316637
-0.8131708768505583,-0.5706538295231128,0.8284270746486276
0.3357552472810753,0.6124954891705062,0.018637940176576617
-0.8130905141492487,-0.7862650809524356,-0.5682518802783292
-0.8420554250456459,-1.458501595814441,-1.0199997832342727
1.0888481442749594,0.6058725354700701,0.23357786241649123
0.42512324547790903,0.34203807026614075,-0.446912392426078
-0.6235702747174251,-0.04072621944693796,1.9316932700349734
0.2535855537771604,-0.051220619927251715,0.26151541142592744
0.25293294392088783,0.6170047913858476,0.3771264855965679
-0.8126678458924728,-1.2390390404084655,-0.5630965875360696
0.27693640186864793,0.613674514585953,0.37720476552974763
-0.3904033802286975,-0.10523690390941778,0.2752395611394591
-0.01563974320275446,-0.05501418120132562,0.37293291774765824
-0.8129292493996408,-1.458501595814441,-1.0199997832342727
-0.8422087793727535,-1.458501595814441,-1.0199997832342727
-0.8127286123198613,-1.458501595814441,-1.0199997832342727
-0.6584160453957866,-0.05563457954066082,-0.44510915825104685
0.9654710823614976,1.0137159580520345,-0.5661187520991838
-0.8127408375182708,-0.565698699929721,0.8387432515569453
1.138419526002238,1.23061500603422,0.49701220326119716
2.081630978020694,1.2279319846446273,-0.43998741405157854
-0.8133416700636323,-1.458501595814441,-1.0199997832342727
-0.9321666433928462,-1.458501595814441,-1.0199997832342727
-0.8134639220477274,-1.458501595814441,-1.0199997832342727
-0.6235170591478777,-0.06123427883725826,-0.5291818064859876
-0.8133472433158484,-1.2433012575709117,-0.5719701771043624
1.3190002688794351,1.2295460946097372,-0.45166510265484233
0.008134851839486291,-0.11439650796267699,0.38441211080607374
-0.6263741599291127,-0.06114699335661587,1.8891788791827273
0.9882786282530802,1.0099640252379594,-0.5648998217111006
-0.812870640360207,-1.458501595814441,-1.0199997832342727
-0.813146965800728,-1.2408223499206674,-0.5668092929383043
1.7914903441677277,0.6104812088479894,0.025333670175335794
1.8143762751549948,0.5600073725263568,0.12437735563088392
0.2597885834936813,0.7261989276694976,-0.6737704344925939
-0.8213324552652149,-1.458501595814441,-1.0199997832342727
0.5310004752151419,-0.05592463590710327,0.37499615312932183
1.356869798558526,0.6173619904297075,0.12662510799789942
0.3519144426258375,-0.0529488724439714,0.257509156274269
-0.932066504635286,-1.458501595814441,-1.0199997832342727
1.8010247404508408,0.5605659996024682,0.12495886370593269
1.4469934218864657,0.6159600513252356,0.2491332034240468
-0.6511274899734327,-0.055508351307116365,0.030491758629494627
-0.8126126527173003,-0.7877140199310996,-0.560675501031299
0.995503001383784,0.11106860280439951,-0.0553142309829954
1.8144564580739748,0.6179434460161406,0.2475256690819648
-0.563000169632835,0.3461485449776239,-0.4364005156848112
0.7200942709612691,0.675362520889812,0.12791672689536365
0.9879000066670441,0.6191976712302946,0.03499844621112287
-0.4660378062710801,0.11275791256821711,0.034335862490995184
-0.7516835223205958,-1.458501595814441,-1.0199997832342727
-0.49057845381954057,0.6144211411588327,-0.44721432931119953
1.145374405420944,0.6172411336103566,-0.45091585186583716
-0.8223090328793394,-0.7296463467935779,-0.7069751047202605
-0.4742288689877832,0.6125478604588918,3.2917567862171504
0.6054630800335069,1.2280582128781714,0.2322498992643365
-0.6256568284342016,-0.05612069252516157,0.8269145945111208
-0.842346133072531,-1.458501595814441,-1.0199997832342727
0.36047351977113284,0.6208883238476607,0.24989084134874986
-0.9313017106053733,-1.458501595814441,-1.0199997832342727
-0.8104989518687616,-1.2218330578935248,-0.5272751309706833
-0.5638933282460475,0.34319561002481375,-0.446000990346915
-0.8129918136503248,-1.458501595814441,-1.0199997832342727
-0.813288094929426,-1.2435886282302573,-0.5725684594508069
-0.8131487636240234,-0.798783161730105,-0.5459924221363167
-0.8134022567086913,-1.2439525415418589,-0.5733260973755099
0.1638738117662239,-0.05342021403944038,0.3816331731781962
0.16488346932898598,1.2282112981826827,3.276992631677089
0.614140633733977,1.2289404676594338,0.14415142589444258
-0.8132791058129484,-1.458501595814441,-1.0199997832342727
-0.8129578347900396,-0.7865645372937164,-0.5644021849930302
-0.8124452753684879,-0.23594221118400135,1.525269448390045
0.7347319684510356,0.6128150883150122,0.2546072073228236
1.7907219544912236,0.49445463371036164,0.25864701101727317
1.198405877862774,1.01261616099594,-0.5704800626620499
0.11616533453775955,1.2285698400800906,-0.5280942745571704
1.4322498326045932,1.2288813821033067,0.13139738820995864
0.9365396109783969,1.2311951187671049,-0.565956600809026
-0.8127178253800881,-1.458501595814441,-1.0199997832342727
-0.6233798852304299,-0.0399916785559933,1.9332225244438759
0.6051536746443485,1.2268617303665963,1.6597907178473694
2.783784169977081,1.2501830679406987,0.008193160520892416
-0.39151659241328135,-0.05716274687867721,0.1431253996274093
1.3419351006603402,0.49751231123994233,0.2796539902284113
0.727207179047651,1.2303021211574554,0.26079132204401567
-0.21128426769075545,0.90298425445553,-0.5727837292670509
-0.8124974122440578,-1.458501595814441,-1.0199997832342727
-0.47393007075606836,1.2314771180122572,0.5025477128217578
0.9286149856740893,0.6196582699973768,-0.5618385171813967
-0.8130529396423725,-1.458501595814441,-1.0199997832342727
0.35093804479404245,0.6164918213303802,0.5008870599535896
-0.3764463386386136,0.49952122014826594,0.4970401603801897
-0.9320150868890341,-1.458501595814441,-1.0199997832342727
2.5190244862809004,1.2285604401052521,0.23593464754757856
0.19306201231592435,0.6157478804645973,-0.5661467092181766
-0.08527914768390749,0.2828813429009112,-0.4383714925737987
-0.9318759353659612,-1.458501595814441,-1.0199997832342727
-0.12209731029978028,1.2287860395013745,0.2525803161958505
-0.4823336361863015,0.4944908907561669,0.5091064529374524
-0.8129312270052659,-0.7272265246994606,-0.6861833953253664
1.9251861926681364,1.2288974963458867,0.01918310399693487
-0.8048767988590221,-1.1814171946489942,-0.4431325899382608
-0.8133429285399393,-0.5766698134196973,0.8159022853398841
-0.19743599441005028,1.2286839826317,0.49984705512705996
-0.4823253661991421,1.2289364390987887,4.575027687950094
1.1060391104090184,0.6340724599853089,0.20933065311409566
-0.8130412537909516,-0.7878483052859341,-0.5665520874435711
-0.8133652215488038,-1.458501595814441,-1.0199997832342727
-0.09232427783204833,0.6154833383155733,-0.33450520409200446
0.3593245309029681,0.6175607327548626,0.2634109040936346
-0.5275080814797353,-0.05729971794060843,-0.44337861258539685
0.3699201822774246,-0.04279152820429217,0.3545986391122252
0.9512544350875412,1.2347859091553783,-0.440401179412671
0.5236340740440922,1.231016519245175,0.25222246507274365
1.2210223151380428,0.5018725567114176,0.02862422308078019
0.5613090792426083,1.2326548005741556,-0.4458584090400521
0.631692423003446,1.2324224869102918,-0.5693114550881537
1.080066496605679,0.627336706586812,0.23252947045426392
-0.6254603263480016,-0.05665514823740292,1.5940775096549549
0.25366537713148135,0.6142868558039982,0.26388897082841023
0.9730151084741442,1.2292439525613599,-0.44688723101898453
-0.810444657605237,-1.222021057390293,-0.5276665306365815
0.24564061306961357,1.2290076103368515,0.3720299028041931
-0.8130941097958397,-0.7274655526310659,-0.6916266463932511
-0.3919759362652859,1.2280300129536563,1.7880803454812133
-0.8133648619841446,-0.7273070959123613,-0.7075314513882158
0.5246636874454347,-0.06078173719146605,0.27807720871722125
1.0870977835144444,1.2304296922445481,0.3784656315963199
-0.5717411864956367,0.28299414259897215,0.9593251014844936
-0.8133945260685206,-1.458501595814441,-1.0199997832342727
-0.8134006386677254,-1.2437645420450905,-0.5729346977096116
-0.43939280655521745,0.6062122774178015,-0.5727725464194537
0.08803569234445924,0.11487962117460164,-0.2150835746026547
-0.8131424712424891,-1.458501595814441,-1.0199997832342727
0.5312803963022539,0.680850763341897,0.12204293619499096
-0.4745314426484186,0.6142465701975477,3.2952933617697306
-0.12271054782588096,0.6184362732683831,-0.4473429320585661
0.6217019189502604,1.2308110626522781,0.12958576689922974
-0.8129348226518569,-0.5704349443947326,0.8288827756882092
4.463932020379603,1.2280729842672036,-0.22295909502290692
-0.8130590522415773,-0.7855305400614911,-0.5705247940524382
-0.09958604568729885,0.6256755967475096,0.05435315968979059
1.4550011066270259,0.6210857233192673,0.13832236658445812
1.235458117071723,0.6121288901518082,0.2616272399018983
2.767046974442811,1.2292896095820038,-0.09145999012869739
-0.024105153754353445,-0.17519823092462852,0.39151601474212644
0.547952870197886,0.6265242801900635,-0.5303867583145743
0.2005197429103861,1.2296441229187665,-0.5676116622533957
-0.812788839400261,-1.458501595814441,-1.0199997832342727
1.6729402580203985,1.2288961534923388,0.009669296403708538
2.5102212647320736,1.2276271568891528,0.17595824017247272
-0.8126354850731534,-0.5677129802522379,0.8345496837080358
0.15625265903419952,1.2325111152444823,-0.42071936764178836
1.6917658050947413,1.2278473848710816,0.13287911551657347
-0.7822091236198309,-0.7858058250389018,-0.08925696915207017
-0.01575012955309928,1.2308607482335667,1.9016924856438735
0.8844987391723967,0.6257346823036367,0.23509593397779657
-0.812677733920598,-1.2373994162259367,-0.5596830233070571
-0.842101089757352,-1.458501595814441,-1.0199997832342727
1.0646239136265097,1.232309687212231,0.25090288905628666
0.15546395395445647,1.229869722314889,1.650341211627826
-0.47402733299635574,1.2324010012535183,0.49945006403736325
-0.9320772915750591,-1.458501595814441,-1.0199997832342727
-0.8131291673501023,-1.458501595814441,-1.0199997832342727
-0.39333868632328745,0.5620323956772604,0.36664536168619305
-0.8134398312155675,-0.7710639787851736,-0.572344802498865
-0.20320251263041983,0.1758586008049347,-0.08173650414302545
-0.8129182826775383,-0.5670885533522577,0.8358496897411977
-0.8127584561865668,-0.5674726094670843,-0.228108796341368
1.7834244099523924,1.231663774655477,0.13920581154462838
-0.8130310061981671,-1.458501595814441,-1.0199997832342727
-0.024292846506405424,-0.17046064360606844,0.3707914024328151
-0.8131503816649895,-1.458501595814441,-1.0199997832342727
-0.6255333179737996,-0.056362406163863704,-0.5710364093300052
-0.4592468883369253,0.3465178297034184,-0.44003214544196695
1.3481528725278842,1.2274029003465794,0.26403434784717245
1.1882790988037881,0.6192943566857755,-0.7379823453950984
0.1553605791149642,0.6162621933736133,0.24908567632175918
-0.10690965866391519,0.6166220781245696,0.4968276862758451
-0.813074333739589,-1.240945892447115,-0.5670664984330375
0.8832639941330358,0.558201234503833,0.2557869977443168
0.6274612458774479,1.2284288404575145,0.03228660566882789
1.7988529699098565,1.2298254081477933,0.255328500992836
-0.8132753303840278,-1.458501595814441,-1.0199997832342727
-0.8423240198459961,-1.458501595814441,-1.0199997832342727
-0.6235949048965737,-0.062038648112716754,1.88732252648161
-0.4686437511379314,-0.05551640842840667,-0.8153564679193808
-0.12290201600685342,1.2276486425459263,0.38831772032935824
1.3506567010315502,1.2284180976291281,0.2798217329423677
0.25140443455503964,-0.056684691015466464,0.2584233540653314
0.6284879827615173,1.2311011190187207,-0.08499071279377933
-0.4277317650958379,0.5409751091856673,-0.8409064789668377
1.423139183272233,0.6155276524826686,0.029798422078474825
1.4511823501650192,-0.052344588347216205,0.25518871539787236
0.5965395841062102,1.230004007669723,0.37829229745856496
0.6430918811733282,0.5025036978791396,-0.09093160057973479
-0.812955677402085,-1.2409485781542116,-0.5670720898568359
0.06530005938469743,0.28546902168857147,-0.4453887294409742
-0.8105097388085346,-1.2227327697709158,-0.5291482579431963
1.3487839085046107,0.6179327031877538,0.2489766435576875
-0.810518008795694,-1.2431804007515606,-0.5717185630334278
0.6210987492346147,0.6169067630768186,0.2518897753567301
-0.47390400231828333,0.6146239120446327,3.2960789568134268
-0.6235053732964568,-0.03986545032244885,1.9334853213624077
1.3620840254625126,1.2326051149928665,0.03149541920133366
1.065720945401434,1.2275532999439935,0.23335420546454946
0.711206371935224,0.0017992667220422562,0.2516185913025005
-0.7516175422056501,-1.458501595814441,-1.0199997832342727
1.296340504062744,0.618502073092252,-0.09114127897218026
2.037391400840929,1.2321082591799792,-0.5613157190562327
-0.8105832697813213,-0.5130319837636415,0.9483910722464365
1.5949904153557197,0.6171901051755195,0.2508497705302005
0.36934236187024566,0.6261361955145919,0.41366923583196663
0.703844824887072,0.6192903281251305,0.1282466208994779
0.8834008084858248,-0.045145550474540296,0.25091127619198456
-0.842114753214398,-1.458501595814441,-1.0199997832342727
-0.8133405913696551,-0.5561939825145371,0.8585313003800004
-0.8134597870541479,-1.458501595814441,-1.0199997832342727
-0.7824584817109191,-1.458501595814441,-1.0199997832342727
-0.09810122342753175,-0.052214331553027044,0.5021115817654711
0.2684555300367076,0.3395511054946061,-0.5646817561829575
1.0948233897799382,0.6161265651652303,0.3777890693166956
0.5909886248989734,1.2285429830091243,-0.5717157673215286
-0.8129170242012314,-1.2395439533426431,-0.5641477752101962
0.7356702524289658,0.1116567726585744,0.03600769820676046
-0.13023479788227688,0.28317542782799865,-0.5669714442284621
-0.8133143431495405,-1.458501595814441,-1.0199997832342727
-0.09094139215313689,0.6252767692436513,-0.5731276018306615
-0.8422066219847989,-1.458501595814441,-1.0199997832342727
0.32614857850148254,-0.039040938243765345,0.23191720954832307
1.4473168502973288,1.2284355547252566,0.371230329201001
-0.4450958616132552,0.9485848752502195,-0.4392437546863719
0.17163411602132125,0.3970212088031145,-0.5631273403669615
-0.8130356805387354,-1.458501595814441,-1.0199997832342727
-0.9320084349428408,-1.458501595814441,-1.0199997832342727
-0.842165272049002,-1.458501595814441,-1.0199997832342727
1.4483461041340118,1.2301879786058463,0.25280117743589303
1.3477370359996315,1.2307788341671175,0.02748077691397751
-0.9313608589917958,-1.458501595814441,-1.0199997832342727
-0.8129788693225972,-1.458501595814441,-1.0199997832342727
0.7193354097482317,1.2218448295099806,0.1255934903070678
4.201288914049233,1.2316906317264442,-0.09896647657824566
-0.10659144394060882,0.5002987323527577,0.498066186647223
-0.664083503552573,-0.05641880601289431,0.9565489595685153
0.3831323856761761,0.6182764736961301,0.37774713363820656
0.7202992228169582,1.2292721524858754,0.2778004332391931
0.5622414304036633,0.6264544518055496,-0.5730940532878702
0.7042060075871415,1.2287712681123426,0.24973987290618913
-0.8130860195910099,-0.7865954229253285,-0.5672426282826916
0.35211184362368514,0.6047660241462343,0.1441346516230469
-0.39323908691271586,1.228979410412336,4.57511715073087
0.7116754240330242,0.5572142371457998,0.2573162521532192
-0.3760468623023499,0.6160943366800701,0.25098676041326495
-0.8421510692449673,-1.458501595814441,-1.0199997832342727
1.3276391693790515,1.2499896970297375,-0.4393080560600552
-0.8135029348132402,-1.2438800274502482,-0.5731751289329491
0.6369884508673787,0.615715651979437,0.13822451666798355
1.0868762916844368,1.2282153267433276,0.124153698678942
-0.8129030011795263,-1.458501595814441,-1.0199997832342727
2.4267814090698763,1.2294614948361917,0.02525539024215607
-0.8127198029857132,-1.458501595814441,-1.0199997832342727
-0.6252812631477681,-0.05699220447803745,0.8328750522803712
0.860716053925326,1.231001747856143,0.02863261021647794
-0.6261591402629689,-0.06048496655728183,1.8905571651490691
-0.9593740022355464,-1.458501595814441,-1.0199997832342727
-0.8129218783241293,-0.789055530625896,-0.5631832546049471
-0.8130248935989625,-0.7857091395834209,-0.569775543263433
-0.8129470478502666,-1.2399494951142431,-0.5649920802037768
-0.3761363939024666,0.6179783602083977,0.3750380888078109
-0.8133916495512477,-1.458501595814441,-1.0199997832342727
-0.8130698391813502,-1.458501595814441,-1.0199997832342727
1.0717093150164703,1.2284489832607401,0.005897881051589154
1.6327200743824197,0.6133643154162853,-0.5657133738737892
2.98544079534762,1.0139576716907364,-0.5707596338519771
-0.11405259039933223,1.2272350436530362,3.3222132716478314
-0.8046569250699805,-1.1792243148045474,-0.43856719240674785
-0.8422334095519021,-1.458501595814441,-1.0199997832342727
0.9809692180804982,0.6131266303382281,0.1278887697763709
1.0108645025323255,1.2286396684646048,-0.6899995420678742
0.3607532610759152,0.6261254526862051,0.3650797630226001
-0.8757739605177185,-0.729035348429081,0.4986896304007608
-0.8134119649544872,-0.5562772394345344,0.8583579662422455
0.3515496642791771,-0.05733866069351021,0.2713507258875701
-0.09965813840144909,0.6050977089726752,-0.43988676842320473
-0.9774139005297484,-1.458501595814441,-1.0199997832342727
0.26815817006362924,1.2304122351484195,0.030936276821479106
0.7198539019866587,0.6196005272947982,0.2520854751896792
-0.8130795474271462,-0.7860341101421204,-0.5698007046705265
-0.8104655123554649,-1.458501595814441,-1.0199997832342727
-0.8104096000509744,-1.458501595814441,-1.0199997832342727
-0.5722093396817891,1.2313106041722626,4.579970506588009
-0.4824273027799979,1.230456549315515,4.578192433820071
2.3695326027414234,1.2288222965471796,-0.2586603359766244
-0.8127942328701475,-1.458501595814441,-1.0199997832342727
-0.8423089181303137,-1.458501595814441,-1.0199997832342727
-0.19477449680336756,-0.061501506693378935,0.5030006181494401
1.4464576705444014,1.228047470049785,0.37773315507871025
-0.8422062624201397,-1.458501595814441,-1.0199997832342727
0.3670371928407343,0.6146279406052778,0.3894443922247651
-0.8131282684384545,-1.458501595814441,-1.0199997832342727
1.88093492963695,1.2296870942323135,-0.5666499373600457
-0.7516664429992883,-1.458501595814441,-1.0199997832342727
0.9204528679124442,1.2301839500452012,-0.20895816983134718
-0.09937713862035985,0.6173217048232572,0.2554543080283033
-0.813027410551576,-1.458501595814441,-1.0199997832342727
0.47049509176919074,0.6097399536893029,-0.4483410012066066
-0.8129188220245268,-1.458501595814441,-1.0199997832342727
-0.06805636007751768,0.6052346800346065,0.4135350416608017
-0.12292341010407003,0.49606337226127833,0.5061709554432157
1.0801152176169877,1.2292466382684568,0.2750214956113157
-0.09883779163170486,0.3403178748707111,-0.44318570846434696
-0.39173358968505023,-0.05707008998384129,1.6640066513914729
-0.08548391975726687,1.228193841086554,-0.44053816929573536
-0.9665219678761908,-1.458501595814441,-1.0199997832342727
0.5075608146528559,1.2498903258671599,-0.5729011491668203
-0.8157426630747947,-0.7140450742689091,0.033494353209313994
0.7128873367165318,-0.04875245510539414,0.24866352382496892
-0.20793654093217395,-0.05346587106008422,0.2696062016624238
-0.6245702240343913,-0.04987642352535862,1.9126432891533267
6.753292609871156,1.2312367472271033,-0.09154106577377633
0.3356725474094816,1.231333432682584,0.5081335451965053
-0.5647886442472149,0.6161480508220039,3.2992520898191016
2.4212662265462206,1.2281965267936512,-0.43811428707906563
-0.810522862918592,-1.458501595814441,-1.0199997832342727
0.7035409927501297,0.617037019871008,0.2505729950521724
-0.473702825891515,-0.0613282785856424,0.36834515452095107
-0.8132623860563002,-0.5774862683770907,0.8142024925051262
1.8223233732504962,0.6178212463432414,0.24903535350757222
-0.8052660276025014,-0.7885519605452667,-0.4444941016332068
-0.8128492462629904,-0.7277717232400885,-0.6866111392459552
-0.8129538795787895,-1.2412587773238792,-0.567717899305568
-0.8130225564286782,-0.7286190638290941,-0.6872429701351909
0.98811826241512,1.2503254104168235,-0.5735777114464444
-0.9594588594950948,-1.458501595814441,-1.0199997832342727
-0.8127494670700893,-0.7868827935846743,-0.5662948819488379
0.9650557851802333,1.014454527503624,-0.5742570694379678
-0.8127514446757144,-0.726129413350463,-0.689946423541788
-0.7055387917945716,-0.7281423508194318,-0.2918007048306079
1.0795061150844665,-0.052360702589796505,0.13652751954512488
0.5976319415405662,0.5011474157953115,-0.31576834294307615
1.3417290701106739,0.619471613354157,0.24921987049292427
2.075167803273312,1.2311011190187207,-0.3237668746868964
-0.8421952956980372,-1.458501595814441,-1.0199997832342727
0.7279311624887557,0.6201631829315546,0.2574839948671756
-0.6261938382525724,-0.060894536889526965,1.889704473019791
-0.8129519019731644,-1.458501595814441,-1.0199997832342727
-0.8124785350994549,-1.458501595814441,-1.0199997832342727
-0.8420712458906464,-0.7865161945659762,0.37901918255237577
-0.12274182995122286,0.5624956801514394,0.2782337685835805
-0.5638564728684895,0.6198395552264037,3.3069375018302036
0.1563934285982385,0.6051205374829973,-0.30602528697410936
0.2539799962081968,1.231407289627743,0.5007892100371151
0.9567002216319904,0.34048707441780257,-0.4538429622243761
1.3423994784175721,1.2323284871619076,0.02348570460991621
0.1257484518321811,0.05681866230482159,1.4249145740537381
1.080009146042552,0.6154027671026724,0.26284337457808216
-0.20457964527478545,0.6179165889451739,0.3676490222580321
0.7291734583859575,1.228071641413655,0.5014797508762355
-0.10680107013686597,0.5008976450353193,0.49387541451021255
0.6181109466997957,1.2281642983084906,0.20749387039627318
0.11896868040245856,0.6261147098578184,-0.30390334164256105
-0.1678087654115848,0.9516076385875434,-0.44490786699429924
0.26764363303645233,0.9487957032573096,-0.4358022333383667
-0.8423258176692916,-1.458501595814441,-1.0199997832342727
0.7203373366708231,0.6257225966217017,0.23490862128054532
0.19196228380605673,1.2296320372368315,-0.2899639221127854
0.6199369958210518,1.2279091561343052,-0.43787385585572813
0.24555251972813325,1.228004498736238,0.2532680613230717
1.3704449824806422,1.0046154395549023,-0.5520395469744445
-0.5718627193504136,0.5021867844417304,0.49985823797465706
-0.8129691610768013,-1.458501595814441,-1.0199997832342727
0.07388628366175509,1.234215196397332,-0.4427859216627509
0.3598210896971899,0.6162205649136144,0.2519121410519243
1.7071150810448728,0.6159546799110424,-0.11576031795717913
-0.931456143626458,-1.458501595814441,-1.0199997832342727
-0.37569916327699693,-0.05546000857937606,0.3838194198834279
1.4407621663442047,1.2298509223652117,0.1321074990323741
-0.024846576081424487,-0.06022042440825792,0.14132216545237816
-0.8220575174002969,-0.7252055301092019,-0.09446817613231516
0.26009151671897585,1.2294131521084517,-0.4382792340811227
-0.8128690223192411,-1.2407337215864767,-0.5666247759529522
-0.8420367276833725,-1.458501595814441,-1.0199997832342727
2.788556132350371,1.2300187790587551,0.2514871928432348
1.0625485064141655,1.2295366946348993,0.24367038237286714
-0.5719765215650198,0.5587840329438146,0.3830673733825232
-0.8421154723437161,-1.458501595814441,-1.0199997832342727
1.0790613336011559,1.22903312455427,0.2614958414426324
0.15581093385049113,-0.05878625681862598,0.2546407558656149
-0.812764389003442,-1.458501595814441,-1.0199997832342727
1.3652183505959163,0.6264289375881311,0.23294882723915486
0.22271548953450435,1.2300241504729479,0.03295198510085493
-0.8130108705772574,-0.7872937067704677,-0.5635271271685577
-0.8131340214730002,-1.458501595814441,-1.0199997832342727
0.1630924777619924,0.6129010309421064,0.2604837937350956
1.3272598286636974,1.6326237299486264,0.09010472345769492
0.3675235040421715,1.2295729516807044,0.26742554638099075
-0.813196226159025,-0.7872641639924041,-0.5694540363950167
-0.48524359297242464,-0.039951392949542995,-0.4838549294630728
-0.7515983054963882,-1.458501595814441,-1.0199997832342727
-0.6255863537610173,-0.05759648857479235,1.8965707414444057
0.6213619505650781,0.676631517492998,0.13184749782574168
-0.1143441973378649,-0.05568023656130466,0.13457331692753297
1.8730361929880983,0.5020766704507659,-0.5687523127082991
1.0719077947082953,1.2291714384697492,0.259628305893918
-0.8132922299230056,-1.458501595814441,-1.0199997832342727
-0.24928377999411205,0.28293505704284505,-0.5613967947013115
-0.9321817451085286,-1.458501595814441,-1.0199997832342727
-0.9319708604359644,-1.458501595814441,-1.0199997832342727
0.25385936226506756,0.6117770625221418,0.2645906945151278
-0.8049154520598757,-1.1810411956554576,-0.44234979060646434
-0.8128965290156626,-1.458501595814441,-1.0199997832342727
0.8993733897725122,0.6142841700969015,0.25546269516400105
-0.47942098266523503,0.3460344024260144,-0.43846095535457547
-0.6660731545937212,-0.05459923945488725,-0.5743297579473489
-0.8132994212161877,-1.243419428683166,-0.5722161997514984
1.2363009366326612,1.231032633487755,0.24618931879411216
-0.81279728916975,-1.2403590654464884,-0.565844772333055
-0.8130101514479391,-0.7881423902130216,-0.5665017646293843
-0.8132578914980614,-1.458501595814441,-1.0199997832342727
-0.9572394466367795,-1.458501595814441,-1.0199997832342727
-0.13037161223506566,1.229354066552324,-0.44165086263164605
0.643238223989583,0.9003012330659371,-0.3348854209103056
1.4160791311907395,1.2308741767690503,0.1514174811206534
1.079754214699248,0.616936305854882,0.24992998131533958
-0.8132316432779467,-1.2437940848231541,-0.5729962033713957
-0.9713009417603329,-1.458501595814441,-1.0199997832342727
-0.8133159611905065,-1.458501595814441,-1.0199997832342727
-0.3843510081043409,-0.11728498594516631,0.25280117743589303
-0.8133200961840862,-1.458501595814441,-1.0199997832342727
0.7273197227859504,0.6159023086226567,0.25562764216605827
2.1430079462003118,0.6158042803136276,0.24089703616878824
1.6846897523859172,1.2281750411368777,-0.48142825153450375
-0.6646494583260016,-0.05639194894192725,-0.5651654143415317
0.19218575324168954,1.2289176391491123,-0.5664821946460893
0.6279966376548525,1.2298589794865018,-0.2173564883767636
0.7243310213394836,1.2334833412134845,0.4967633849021618
1.8062772609910216,1.2297743797129561,0.37553572552588155
-0.9321173830345492,-1.458501595814441,-1.0199997832342727
-0.031946719622408165,0.5532179049859257,0.38565061117745164
1.250763526133444,0.6123048039666414,0.26388058369271233
1.6037959740748302,0.562260680780479,0.2341537790677416
1.0799793021758466,1.2294480663007081,1.6565784448751044
-0.44805993288057333,1.228324097880744,0.9925353631359587
1.3404939655066541,0.7799896122555415,-0.08953094891819889
1.8150664595181434,1.2309507194213059,0.25041363947391393
0.7117978557994489,0.003984089445199154,0.2328481816107809
-0.5658134035256593,0.6050305662952581,3.27610639100502
-0.5719179125255859,1.2333168273734896,4.584147300165523
-0.8129648463008922,-0.568391121294152,0.833137849198903
1.3711527855120869,1.2322331445599755,-0.6951660176577309
-0.20319478199024898,0.6265215944829667,0.23491700841624308
-0.7517681997978146,-0.7823358914699791,0.387722233694813
-0.47427687086977344,0.6131534874091953,1.7878203442745813
-0.48251503655681915,0.6182039596045196,0.249974712705728
-0.1140615795158098,0.2823052587286713,-0.5719198542901754
0.7246567869206311,0.6192446711044867,0.2545540887967374
0.37534763102425966,0.0006242698672406926,0.26404553069476955
-0.8133519176564168,-1.2440290841941144,-0.5734854529537684
-0.9320718981051724,-1.458501595814441,-1.0199997832342727
-0.3919216420017613,-0.05605086414064772,0.2588566894097186
0.6974242585517938,0.3251610868705443,0.009378542366184154
-0.8127874011416246,-1.458501595814441,-1.0199997832342727
-0.4795822474148429,1.249613698036201,4.618076059775102
-0.439318017106124,0.11116394540633188,0.010340267259534132
-0.8130684009227138,-0.5695352325173417,0.8307559026607221
0.34379277588834123,-0.11248159880273723,0.26019024398567187
-0.12260753255104784,1.2287726109658912,4.573056711061106
-0.8421154723437161,-1.458501595814441,-1.0199997832342727
-0.16759788073902077,0.9541254889906898,-0.4448407699087167
0.32798002109262514,1.2311145475542042,0.2592620676351132
-0.8129758130229948,-1.458501595814441,-1.0199997832342727
-0.3760488399079749,-0.060687737443081896,0.27673247129367085
-0.2043252532784699,1.2309762336387244,-0.4432108698714405
3.0144907432858945,1.2299516363813374,0.02808185497232113
-0.8341237882304858,-0.7280201511465323,0.5008031885966115
1.8024624597402652,1.2283939262652575,0.2773559150472088
-0.8131030989123174,-1.458501595814441,-1.0199997832342727
-0.8105559428672295,-1.2222211425689964,-0.5280830917095732
2.159184041084052,1.230350463885196,0.24935965608788793
-0.1861580690949453,0.626752565293282,1.8894472675250578
0.521857824628122,0.6266652798126396,-0.1258724078968499
-0.0047909583082892514,0.6258340534662141,0.2777557018488049
-0.7520454241499832,-0.11382445235108209,1.779508692798042
-0.9321161245582422,-1.458501595814441,-1.0199997832342727
-0.4765849164165577,0.6051702230642858,3.276397145042544
1.4312187809446142,1.2275371857014137,0.23421808044142486
-0.8422278362996859,-1.458501595814441,-1.0199997832342727
-0.8132711953904481,-0.7702502095348767,-0.5726355565363894
-0.6263604964720668,-0.06211921932561737,-0.5715200674885794
-0.13140625954163557,-0.06135916421725448,-0.4824011592754508
0.3487817355333998,0.6111929212286119,0.26636317585926683
-0.932188037490063,-1.458501595814441,-1.0199997832342727
-0.8129407554687321,-0.7253075869788761,-0.6941567656620933
-0.8127561190162826,-0.7257225287253146,-0.6883444806235045
-0.8128551790798656,-1.2396862958187678,-0.5644441206715192
0.890737725354828,1.2292130669297476,0.24821061849728668
-0.9622568118899072,-1.458501595814441,-1.0199997832342727
-0.812630810732585,-0.5668414682993622,0.8363641007306641
0.9651602387137029,1.2272202722640047,-0.5719226500020748
0.7202878965301963,1.232677629084477,1.9030344273555246
1.7913617998020983,-0.005755627340944942,0.12469327107550171
0.604807054312973,0.6169645057793973,-0.4486289595322317
-0.9321198999871627,-1.458501595814441,-1.0199997832342727
-0.8130942895781693,-1.2411594061613018,-0.5675110166250218
2.5181915547480878,1.2302067785555233,0.2639197236593022
1.0879184898488476,0.6234236313469353,0.009937684746038712
-0.8131458871067507,-0.5699421171424901,0.8299088019552425
-0.12257912694297869,1.2294171806690966,0.031120793806831006
-0.4450061502308089,1.2285752114942843,-0.4388747207156679
-0.4739212614219203,0.6165482211794104,1.7828076328391842
0.7202614685277522,0.6203216396502593,0.25641323720975395
-0.8132278678490262,-0.7880295905149607,-0.5676675764913811
-0.6234021782392942,-0.04033410621082136,1.9325096179095609
-0.8132453067349926,-0.5703476589140902,0.829064496961662
0.6132476549030937,0.6186994725638588,0.2539809678573864
0.17176517733956437,0.9523542651604231,-0.43872654798500643
-0.21234354517647386,-0.17576088656138503,0.2621444466032638
-0.19602560203471756,-0.055907178810974734,0.2611016460648349
-0.9319034420623826,-1.458501595814441,-1.0199997832342727
-0.9674602518541208,-1.458501595814441,-1.0199997832342727
0.2620450315118842,-0.05135893384273147,0.26217519943415574
2.427173694112958,1.228477183185255,-0.5737147013295089
-0.8131005819597036,-0.787594505965297,-0.5683944615851921
1.448466738077141,1.2501938107690858,0.5033361035773528
1.3565087956407864,0.626410137638454,0.23387700358971353
0.9734845201366036,0.8928349673371405,-0.31836276358560156
-0.8130516811660655,-0.5682944358386712,0.8333391404556505
1.0789478909512087,0.6150992822007467,0.259863145693457
-0.7439025430976,-0.053515556641373065,1.905066909906296
1.808177200649724,1.228126698409137,0.36707590131868106
-0.8129290696173113,-1.458501595814441,-1.0199997832342727
-0.812811312191455,-1.2394593535690974,-0.563971645360542
0.4270604000788281,1.012880703144964,-0.5729235148620145
-0.8129547784904373,-1.458501595814441,-1.0199997832342727
-0.8127356238307138,-0.7845690569208763,-0.5640471295818225
0.6281151142100271,0.9597077311911587,-0.4571670636726118
0.15631899871380409,0.6159654227394291,0.03185047461254131
0.6132449581681506,1.2321109448870757,-0.5705192026286396
-0.47458465821796597,0.503218095966859,0.4924104614749935
1.5958704498588754,1.2315442606896743,0.13146728100744046
-0.8132456662996518,-1.2409230639367932,-0.5670189713307497
-0.21142323943149882,1.23199411662837,0.498709200384056
-0.12262982555991217,0.2819856595841653,-0.5264531916722971
-0.16869599120792217,0.3264931975905024,-0.43979171421862945
-0.8129439915506641,-1.458501595814441,-1.0199997832342727
1.0946770469636833,0.000968040375616983,0.2523930034985992
-0.8133661204604514,-0.5771881548893583,0.8148231405467646
1.0792026425121835,0.6141821132272274,0.2557199006587343
-0.5284041166102208,0.6045417676036606,0.9502054892690647
-0.6232995225291202,-0.04002659274825037,-0.5719701771043624
-0.8127839852773631,-1.2399078666542445,-0.5649054131348993
2.1449091443353203,0.6061693061042543,0.23206538227898443
2.87124953178027,1.2300214647658514,0.12305777961442695
-0.11482098007583595,0.6098124677809136,0.2544226903374715
-0.8422107569783785,-1.458501595814441,-1.0199997832342727
0.9725883052237886,1.2301154645142356,0.24256048474885578
-0.007532279269292882,-0.06179290591336962,0.36716256838755856
-0.8129296089643,-0.7270049538639838,-0.6909137398589364
0.19188102219309935,1.2284812117459,-0.44533001949108947
-0.03218565033838218,0.6173082762877736,0.25423537764022025
-0.8128925738044123,-0.5694909183502463,0.8308481611533982
-0.4906814690943736,0.6134596580182177,-0.4418269924813003
-0.7517570532933823,-1.458501595814441,-1.0199997832342727
1.4392874118948928,1.2276996709807633,0.25433602326859406
1.4468607425272562,1.2294829804929652,0.26272875039021193
-0.8131147847637382,-1.2422296604393326,-0.5697391990087425
-0.8133075114210175,-0.7278791515239562,-0.6617908090042086
-0.8125722016931514,-1.458501595814441,-1.0199997832342727
-0.8129173837658905,-0.9187698119818013,-0.29745643000283734
-0.5639691963891185,0.17270423781987307,-0.0918318198113007
-0.4821707533957277,-0.03578048982838426,-0.5613939989894123
-0.8129554976197554,-1.2423370887232001,-0.5699628559606843
1.3335412434759026,1.2311481188929128,0.3816723131447859
-0.2689819904960986,-0.03602891773482817,-0.6647346936341432
-0.29397281299775646,0.22391261503244997,-0.4418940895668828
-0.932067223764604,-1.458501595814441,-1.0199997832342727
-0.9370601386209129,-1.458501595814441,-1.0199997832342727
-0.8128934727160602,-1.458501595814441,-1.0199997832342727
0.7232582601790488,0.6041885971204458,0.14469658971480082
1.567288475324423,1.2318719169554704,0.028062284989026277
-0.4742389367982381,1.2294024092800646,0.5029670696066487
0.2611024327580448,0.6169591343652041,0.263682088147864
0.15588050961202762,0.9513283250494877,-0.444516467328401
-0.812682228478837,-1.458501595814441,-1.0199997832342727
-0.5721611580174694,-0.11810546946320497,0.37684132298284206
-0.20327730207951325,1.2495035840452366,3.2764278978734356
-0.6263166295836561,-0.06161699209853662,-0.5716095302693562
1.4469125198381672,1.2278836419168866,0.13264148000513526
4.700862657937495,1.232294915823199,0.24501791550831686
-0.45958955345705077,-0.05471875342068963,-0.44264613606778724
-0.8127268144965657,-1.458501595814441,-1.0199997832342727
0.9475572114803114,0.3110839531232467,-0.3932542939433294
-0.932254197387338,-1.458501595814441,-1.0199997832342727
-0.12246478538138383,1.229735436960054,0.3779204677759615
0.7117563260813226,1.2497654404871636,0.14364819775257337
1.0946134040190219,1.2285456687162206,0.3674169781703924
0.5304082722215987,-0.0581108014838084,0.3673191282539178
-0.751903935456626,-1.458501595814441,-1.0199997832342727
-0.8126415976723582,-0.7870761644956358,-0.5609327065260322
-0.8127217805913383,-1.2391236401820112,-0.5632727173857237
-0.9341117084162657,-1.458501595814441,-1.0199997832342727
-0.46516082806752707,0.6045108819720486,1.9337900539594282
-0.9322649843271109,-1.458501595814441,-1.0199997832342727
-0.025019346900123668,-0.06078308004501458,0.3672883754230259
-0.02403449929883967,-0.10966966347250366,0.37623465350069973
-0.5637516597703609,0.6187679580948244,3.3047065237345836
-0.8422592982073576,-1.458501595814441,-1.0199997832342727
-0.5564438676387451,-0.0539412412161982,1.8975548320329496
0.6430109791250298,0.3413035293751961,-0.44468980146615594
1.4391351362617626,1.2331919419934934,0.3936044115308836
-0.8129536997964599,-0.7276763806381562,-0.6878468439054339
-0.8128925738044123,-1.24036577971423,-0.5658587508925514
-0.8262164220298153,-0.6673016851045782,0.6272140978341438
-0.8131169421516928,-1.458501595814441,-1.0199997832342727
-0.931379556354069,-1.458501595814441,-1.0199997832342727
1.3568582924894348,0.6148508542943029,0.26141476579755346
-0.8127940530878182,-1.458501595814441,-1.0199997832342727
0.2743971562460603,0.34246912625515913,-0.4551261939861424
-0.1223137682245604,0.3415197287964797,-0.44975283571573954
0.9736405711986545,1.230973547931628,0.26247154489547886
-0.8132354187068673,-0.5769168984725926,0.8153878743504179
-0.6262979322213827,-0.06117653613467941,1.8891173735209434
-0.6263488106206458,-0.06236764723206128,-0.5711454420940768
0.9734591708281369,1.2294883519071587,0.13734107170781332
-0.7515497642674093,-1.458501595814441,-1.0199997832342727
-0.11455544157508808,1.2295152089781258,0.3843226480252969
2.331485807685395,1.2309789193458216,0.2649988684524216
-0.8127205221150314,-1.458501595814441,-1.0199997832342727
1.4471886654963582,0.6145688550491504,0.24979019572037595
-0.4900013525416797,-0.05645774876579609,-0.5634600300829751
-0.8128114919737846,-0.5679721509870684,0.8340101113114761
-0.8149503623484606,-1.458501595814441,-1.0199997832342727
-0.19670266228780905,0.6186444155683768,-0.5673097253682741
1.8001862356658114,1.2309211766432424,0.2577663617690021
-0.9320733363638088,-1.458501595814441,-1.0199997832342727
-0.49056263297453995,0.28352725545766494,-0.44607927028009464
-0.1284671780181251,1.228102527045267,-0.4385839666781434
1.35635076697311,0.6043859965920526,-0.5735469586155525
-0.8128787305650368,-1.458501595814441,-1.0199997832342727
2.5038420483325923,1.2297851225413425,0.25847367687951817
1.340923825056612,0.6211152660973308,0.14525573209465537
0.1557952927878202,1.2299100079213388,0.3842247981088224
-0.20419796738914728,1.2298791222897267,1.9009040948882787
-0.4821883720640237,1.2286692112426685,4.5744713412821385
0.7042656953205527,0.6147917687381758,0.26016508257857845
-0.8130964469661239,-0.5686341777864025,0.8326318253451342
0.1997567467037689,0.2818151171835256,-0.5697979089586271
0.5968056619539469,0.9696958758837467,-0.48224459940909153
0.5970870212996952,0.501908813757223,-0.5658252023497602
0.16512204048030102,1.228154898333652,0.23249312619957327
-0.09914863527949969,0.6153154816220301,0.5007528657824244
-0.5716290023219963,1.227837984896243,4.572740795616489
-0.5645574441714115,-0.05837534363283231,0.3854856641753945
0.9815249252611425,0.6149502254568805,0.2545149488301476
-0.8127030832290649,-0.5664802406948576,0.8371161472315685
1.5211705323655023,1.230377320956163,-0.4496018672731787
-0.8130471866078268,-0.7863617664079166,-0.5650927258321505
0.1563357184704525,0.623028832403722,-0.4485898195656419
2.1743907496468493,1.2312246615451683,0.13913591874714656
6.96249380070133,1.2327649145651198,-0.5674327366918421
-0.812830548900717,-0.5681440362412566,0.8336522601883691
1.2528889128334038,0.6056214218565298,0.2776718304918266
-0.81287747208873,-1.458501595814441,-1.0199997832342727
-0.8126471709245743,-1.2380601001717222,-0.5610585135614995
-0.7528596583205226,-1.458501595814441,-1.0199997832342727
-0.8128454708340698,-1.2396231817019954,-0.5643127222122534
-0.8130822441620893,-0.7872104498504704,-0.566929508549973
2.159256313580532,0.6145325980033451,0.2635450982647997
0.36787282110849034,0.6196327557799582,0.2443916760428797
-0.20385710009231742,0.3463338587672954,-0.8039918990488356
-0.9319663658777257,-1.458501595814441,-1.0199997832342727
1.6037623547792046,1.2280890985097834,0.1421776532935558
-0.38434759224007947,0.6128083740472707,0.2643754246988838
0.6052692746822502,1.2295084947103836,0.2545652716443345
-0.47440361741210746,-0.059181055761839345,0.37901918255237577
1.0869163831439268,1.2299556649419823,0.12760360716264504
0.351542113421336,-0.0015054958604341297,0.26699780246040195
-0.8052227000610794,-0.51089147520758,0.9528474370138778
-0.6263417991097934,-0.06164922058369692,1.888133282932399
1.4554493039745977,-0.05216196026464144,0.21997113260272902
1.439960157372075,1.2492846989168565,0.1444589542033626
1.2596377617024437,0.7796928416213572,-0.09022708118111789
0.516247177687474,0.8991732360853276,-0.32945335269001796
-0.8128724381835025,-0.5671691245651583,0.8356819470272414
-0.9695475247002155,-1.458501595814441,-1.0199997832342727
-0.8128841240349235,-1.458501595814441,-1.0199997832342727
-0.8129716780294151,-1.458501595814441,-1.0199997832342727
-0.3834017574043082,1.2328320572425369,1.9099677928657222
-0.8130628276704978,-0.7875569060659433,-0.5650619730012586
-0.4820840983128838,-0.0569143189722333,0.13783032129018605
-0.9314703464304926,-1.458501595814441,-1.0199997832342727
-0.842368605863725,-1.458501595814441,-1.0199997832342727
-0.4967710561609474,0.6276173629784159,-0.12505885573416145
0.7350609701141152,0.06341610178783906,0.37729422831052434
-0.8132463854289701,-0.7269888396214036,-0.7070981160438284
0.2377014253966124,0.9543470598261666,-0.44513152394624106
-0.8129359013458343,-1.2405282649935798,-0.5661970320323635
0.720050224290529,1.2293983807194195,0.25102310466795547
-0.8129251144060612,-1.2408841211838912,-0.5669378956856708
1.6309022952483225,1.2304780349722888,-0.37240946602234914
2.158294298335101,1.2304713207045472,0.26265606188083074
-0.20402627526442538,0.34219786983839373,-0.4437672165393958
-0.812727533625884,-0.7272506960633309,-0.6868683447406884
-0.6234602479317394,-0.03991916446438269,1.9333734928864366
0.3599169136788409,1.2302752640864882,0.371834202971244
-0.8130684009227138,-1.241062720705821,-0.5673097253682741
-0.9313759607074781,-1.458501595814441,-1.0199997832342727
-0.6263213039242245,-0.06002302493665139,-0.574156423809594
-0.8558032000041317,-0.508456881724431,0.95791606268726
-0.7740446686879013,-0.7274091527820356,-0.08898298938594143
-0.8131041776062946,-1.2404557509019694,-0.5660460635898027
1.348268113001127,1.2282663551781647,0.24625921159159414
-0.5638142240210449,0.6187115582457938,3.3045891038348136
-0.7517563341640641,-1.458501595814441,-1.0199997832342727
-0.7439198022012369,-0.7272950102304262,0.38325189036787527
-0.9697567913318137,-1.458501595814441,-1.0199997832342727
-0.20328665076064995,0.6260287672307242,0.36750644095116924
2.0616968931023356,1.2301087502464942,0.25743087634108947
1.0554769482635806,1.2297972082232782,0.2560469989509492
1.8657988755296668,1.2505201241813333,-0.48156244570566886
-0.7529105367197858,-1.458501595814441,-1.0199997832342727
-0.9317592566340822,-1.458501595814441,-1.0199997832342727
-0.03220524661230333,1.2289377819523373,0.1352414920714592
-0.8124028467387137,-0.19979662222320693,1.6005216255827794
1.7013541360767195,1.2290008960691094,-0.3336329419794312
0.8910194442652354,1.227825899214308,0.13951054414164923
-0.8420455370175206,-1.458501595814441,-1.0199997832342727
0.5315103379017505,1.2293903235981296,1.6610012610997544
-0.8052944332105707,-0.5104134193443693,0.953842710450019
0.41550435149990667,1.2291660670555555,-0.48105362614000113
2.4039086021926668,1.2303048068645526,-0.4713748715447177
-0.8544976207269275,-0.4984915655421651,0.9786630406917655
0.16496940528251172,0.6267512224397336,0.23216043648355983
-0.8132684986555049,-1.2424042314006172,-0.5701026415556479
-0.5274295166017212,0.6146521119691478,-0.44078698765477065
2.886721958626145,1.2281119270201055,0.26608640038123893
0.43325048546762135,0.6159399085220105,-0.44923562901437397
0.7117092231109798,1.2282663551781647,0.23452281303844555
-0.8421436981694558,-1.458501595814441,-1.0199997832342727
-0.36823100530742103,-0.05112527732531933,1.8986731167926587
-0.8422877038154267,-1.458501595814441,-1.0199997832342727
2.7642353585909527,1.2302591498439084,0.23474087856658893
0.6226180897016557,0.6262207952881375,0.2798329157899648
-0.8126543622177564,-1.2380439859291419,-0.5610249650187081
4.782995136499191,1.2326668862560906,-0.5786966599340135
1.7252686017713517,1.0707106912044289,-0.6891356670909989
-0.8422071613317875,-1.458501595814441,-1.0199997832342727
1.0802155361568775,1.2286584684142814,0.23318646275059307
0.35193367933509945,1.2285684972265427,0.502816101164088
1.2595455333673837,1.2285590972517042,0.2548951656484486
0.8832956358230368,1.2299758077452079,0.2510175132441569
1.701483759136326,1.234203110715397,0.26030766388544146
-0.6263044043852467,-0.059869939632140164,-0.5719198542901754
-0.8127564785809418,-1.458501595814441,-1.0199997832342727
0.6426591451060971,1.2296830656716684,0.2527704246050011
-0.8133015786041423,-1.2432180006509144,-0.5717968429666075
-0.8132226541614691,-1.458501595814441,-1.0199997832342727
-0.25497137377180845,-0.03920879493730834,-0.4370603036930396
0.23011946521243032,0.5046965777235864,-0.5661886448966656
1.0713231425725933,-0.05697071882126391,0.2562119459530062
0.9074346496472789,1.2288397536433082,0.5027014769762179
-0.8127494670700893,-1.458501595814441,-1.0199997832342727
0.26941916332310456,0.6148038544201108,0.3863467434403705
-0.8559125076604991,-0.5081117683625065,0.9586345606453731
-0.4821049530631118,-0.05574469353162527,0.2519233238995214
-0.9321652051342099,-1.458501595814441,-1.0199997832342727
-0.5642647585389013,-0.057949659058007176,0.38477555335297914
-0.25696354176557035,1.2326373434780271,0.9573373503241104
-0.6666320978562973,-0.05804365880639132,0.9577063842948145
-0.8132753303840278,-0.7264986980762579,-0.6960438711941026
-0.812863449067025,-0.7864879946414609,-0.5617658286720156
-0.8130135673122005,-0.5665164977406628,0.8370406630102881
-0.9323124468621127,-1.458501595814441,-1.0199997832342727
0.1719374088112748,-0.05639866320966901,0.25894056076669686
-0.08489117741673506,0.5601336007599013,-0.3293387285021477
-0.8132201372088556,-0.7871204786627313,-0.5684503758231776
-0.8421332707943419,-1.458501595814441,-1.0199997832342727
-0.9318845649177796,-1.458501595814441,-1.0199997832342727
-0.4826374683232438,-0.05805574448832632,0.25386354795761695
-0.6234915300570814,-0.03943439433343018,1.9343827448820743
-0.12994283137908505,0.6161695364787774,-0.44635045433432413
-0.8128819666469689,-1.458501595814441,-1.0199997832342727
1.612416716559162,0.6269808503965006,0.232213555009646
-0.4904425383783995,-0.056626948312887615,-0.5655008997694445
-0.40650522501033265,1.010536080849554,-0.56632563477973
2.043937455242234,1.229440009179418,0.2489319121672991
-0.10631368024145149,0.0056465421380497,0.25176955974506143
-0.7442917718410794,-0.7278643801349244,0.5011274911769272
-0.08530737350964705,0.6045551961391442,0.2792430205792181
3.1657842255498085,1.234247424882492,-0.08369629818441592
0.2619964902829051,-0.05336381419041007,0.3777639079096022
-0.8131802255316951,-1.458501595814441,-1.0199997832342727
-0.932285839077339,-1.458501595814441,-1.0199997832342727
-0.7499579715215589,-0.10404042139784238,1.799878249696146
1.3420136655383543,1.228281126567197,0.2307681719577218
1.4473515482869321,0.6188700149644986,0.0018608730690387923
-0.8128701010132184,-1.458501595814441,-1.0199997832342727
-0.8129274515763454,-0.788588217591072,-0.5636445470683271
-0.38398389258739646,0.4952093174045313,0.5072053688459467
0.20785809803802566,1.229346009431034,-0.450658646371104
-0.3842107778872907,-0.05347124247427746,1.7706295118059505
-0.7824735834266013,-1.458501595814441,-1.0199997832342727
-0.47371810738952697,-0.1047252767074982,0.3683926816232387
-0.031878222554848984,-0.056183806641933946,0.2944405104636667
-0.8130973458777717,-0.2096289959041868,1.5800514230563016
-0.8132765888603347,-1.458501595814441,-1.0199997832342727
1.0802371100364236,1.2272498150420683,0.2782337685835805
-0.7823132175886411,-1.458501595814441,-1.0199997832342727
-0.3921573366358035,1.229407780694258,4.576008982826739
1.4482792251074188,0.626545765846837,0.09853379483400329
-0.7517710763150873,-0.1126964553704726,1.7818570907934312
-0.47671220230588024,0.49717122643866285,0.5005795316446695
-0.8128427740991265,-1.458501595814441,-1.0199997832342727
-0.7533083950150837,-1.458501595814441,-1.0199997832342727
-0.5047546500693479,0.6167832205503708,3.3005744615474577
-0.9322921314588734,-1.458501595814441,-1.0199997832342727
-0.842250668655539,-1.458501595814441,-1.0199997832342727
1.0858157557224115,1.2295998087516713,0.23126580867579247
-0.1256447752264935,1.2275949284039929,-0.43808073853627433
0.7203105491037198,-0.040257563558565745,0.3644423407095658
-0.6234685179188988,-0.061428992601768324,-0.6623667256554588
1.8070868208209934,1.229770351152311,0.13064254599715494
0.26134567824992816,-0.054059412328452655,0.05314820786120384
-0.812687801731053,-1.458501595814441,-1.0199997832342727
0.34455379448933343,0.6188203293832097,0.25041643518581314
-0.6254452246323192,-0.05715871831803221,-0.565967783656623
-0.8421641933550247,-0.7868747364633842,0.3782727274752698
1.2728244360103986,1.2297891511019876,-0.43243340049974266
-0.6252812631477681,-0.05617574952064364,0.8331126877918094
-0.8125766962513901,-0.7867740224472584,-0.5590651709773178
-0.8047414227648698,-1.1789638012161683,-0.4380248242982889
0.24652837821293969,1.2286195256613799,-0.3142279056865766
0.15361651073598362,1.227721156637537,-0.48145061722969795
6.124283499128202,1.2276298425962497,0.24852653394190447
0.9219367912605635,1.2294494091542567,0.50192426906822
-0.571968790924849,1.2313307469754875,4.580012442266498
2.070044186663419,0.6148736828046246,0.2515598813526158
-0.8132913310113579,-1.458501595814441,-1.0199997832342727
-0.3109539731532287,1.0100096822586029,-0.5651122958154455
-0.473794694661916,1.0132714735275323,-0.5719170585782762
-0.8134632029184093,-1.2435308855276785,-0.5724482438391381
-0.4595633052369362,-0.05745548895221642,-0.08888513946946686
-0.9322302863375076,-1.458501595814441,-1.0199997832342727
1.3408790592565536,0.6187115582457938,-0.34036222052098153
0.26049027392592145,1.229131152863299,-0.43794374865320995
-0.8129495648028802,-1.458501595814441,-1.0199997832342727
-0.4902884649219737,-0.055975664341940345,-0.4431577513453543
0.35984428161770193,0.004331888514220446,0.24948266741145592
-0.10645498915247904,-0.05558623681292051,0.2536790309722649
-0.7528848278466599,-1.458501595814441,-1.0199997832342727
-0.8129359013458343,-0.7870748216420875,-0.5638765911559668
0.9966769799957563,0.003429490929732795,0.2752731096822504
0.36777861516780536,-0.056275120683221325,0.3731537789877008
-0.932110191741367,-1.458501595814441,-1.0199997832342727
-0.9610244040208306,-1.458501595814441,-1.0199997832342727
-0.6236222318106655,-0.04587471995129142,1.9209745106131606
1.6413014445365794,1.0131949308752768,-0.5298248202228204
1.2596818083731838,1.2291700956162013,0.2567179698067748
0.950673917945419,0.94864933222054,-0.43761665036099495
0.7198650484910908,0.6134583151646694,0.26030766388544146
-0.5717665358041033,1.231682574605154,4.580744918784108
-0.3837999752642651,-0.05655174851418024,0.38789556783256796
-0.8127611529215101,-0.7885237606207516,-0.5591853865889865
-0.8133378946347117,-1.458501595814441,-1.0199997832342727
-0.8421960148273553,-0.4057728994431564,1.1716957644889763
0.46181286372815233,1.2302242356516513,0.9538231404667241
-0.12841863678914606,0.28246505830092433,-0.43791858724611643
-0.8130060164543594,-0.7265550979252883,-0.688369642030598
2.3104962207102386,1.2317134602367656,-0.09166966852114286
0.2758620226672473,1.233506169723806,-0.561698731586433
-0.8134612253127842,-0.7713620922729062,-0.5729934076594964
1.079413347402418,0.616553592593604,0.2506009521711652
-0.9319496461210773,-1.458501595814441,-1.0199997832342727
-0.8130464674785086,-1.458501595814441,-1.0199997832342727
0.7203456066579823,0.55624872544454,0.1248246695347676
-0.6262175695200732,-0.06099525090565288,-0.705238967630812
1.3702838975133638,1.232866971434794,-0.44433195034304895
0.2455532388574514,0.6134234009724123,0.26121347454080596
-0.8421791152883775,-1.458501595814441,-1.0199997832342727
-0.8133749297945995,-0.7919789228006424,-0.5720540484613406
1.4397525087814427,1.2340688253605623,0.25342741690133025
3.5315093059575418,1.2320290308206265,-0.4469822852235598
-0.5630945553558496,-0.06204133381981353,1.8873169350578112
-0.813039096402997,-0.7272117533104289,-0.6907432014330809
0.1564293850641489,1.2333248844947797,0.3818875829610302
-0.8131629664280581,-0.7274749526059044,-0.6890853442768119
-0.8130250733812918,-0.7278684086955695,-0.6899939506440756
-0.8127714005142944,-0.7882551899110827,-0.5626492736321859
-0.8128553588621952,-0.7270882107839811,-0.6861414596468773
-0.016281386336924438,0.6057073644836236,0.41189955019972674
1.8165316855039895,1.2328454857780204,0.2489626649981912
0.0006488954192848022,-0.05462206796520901,0.37779466074049417
-0.8133339394234617,-1.458501595814441,-1.0199997832342727
1.3465166735466347,0.6181139884167804,-0.4632728984606242
-0.8131022000006696,-1.458501595814441,-1.0199997832342727
-0.81333861376403,-1.458501595814441,-1.0199997832342727
0.9937972266409977,1.2284664403568681,-0.48432740477404995
0.728924639641858,1.2498285546039356,0.10089896710078837
-0.8133078709856767,-1.458501595814441,-1.0199997832342727
0.057912084334101714,0.3408912733358542,-0.4521711265086107
2.1748867690940825,0.6132004872833873,0.25294375874275604
-0.16688324597905282,1.2314019182135496,0.9605691932796702
1.3536702124394953,1.2284959831349322,-0.5718918971711827
1.8067477513474584,1.2281777268439742,0.11845603782822348
-0.8124578601315565,-0.7273044102052646,-0.6824007971256499
-0.8130256127282806,-1.458501595814441,-1.0199997832342727
-0.8128274926011146,-0.5681171791702897,0.8337081744263546
-0.8130488046487928,-0.5694694326934728,0.8308928925437866
2.1587919358232996,1.2317644886716026,0.2523175192773189
-0.8129589134840168,-1.2410842063625944,-0.5673544567586626
-0.38410650413615066,-0.1179443270374036,0.2496476144135131
1.3796259267038566,1.227448557367223,-0.7965133697182801
-0.8134802822397167,-1.458501595814441,-1.0199997832342727
1.4427491206504095,1.2489691283329953,0.14450088988185167
-0.8419890853660413,-1.458501595814441,-1.0199997832342727
2.0704122010920116,1.2325728865077064,0.25176396832126285
-0.7439440728157264,-0.7259736423388551,0.3816974745518794
0.5527446086274266,0.4988215934495784,-0.5807515081799792
0.9882978649623422,0.5611528266030948,0.0302177788633659
0.08766983530382173,1.2275130143375437,0.033927688553701214
-0.8421129553911025,-1.458501595814441,-1.0199997832342727
-0.8129418341627095,-1.458501595814441,-1.0199997832342727
-0.812853021691911,-1.458501595814441,-1.0199997832342727
1.3334722070613552,-0.060399023930187985,0.23337097973594512
0.2313008148999141,1.2484736153736562,-0.5708183438018619
-0.9320438520617624,-1.458501595814441,-1.0199997832342727
-0.6172005867814098,-0.05545060860453752,-0.4432276441428361
1.080497255067285,1.229415837815548,0.24455662304493675
-0.9635807289647256,-1.458501595814441,-1.0199997832342727
-0.00010475210619570402,-0.11795372701224198,-0.6651820075380269
-0.8129950497322569,-1.458501595814441,-1.0199997832342727
-0.131160676879468,1.2282381552536497,-0.4354639521985547
-0.18877102547264898,0.00012875690790141014,0.26351714114580693
1.4554262918364158,-0.056990861624488916,-0.004714641318051601
0.7038721518011638,-0.04614731922160563,0.11834980077605115
-0.8450218334832482,-1.0843772258314122,-0.44517625533662947
1.3393216049356476,1.2282985836633253,-0.5752495471622098
0.3061724245180091,0.0472629164548005,-0.1252685341266069
-0.8129056979144696,-1.458501595814441,-1.0199997832342727
-0.11399901526512585,0.6263497092287788,-0.4383491268786045
-0.8422578599487212,-1.458501595814441,-1.0199997832342727
1.422610623223351,1.2491557849762152,0.14450927701754956
-0.9647279200095947,-1.458501595814441,-1.0199997832342727
-0.01621342861635383,0.49513143189872716,0.3757985224444132
0.35187866594225664,1.2293272094813574,0.3821168313367703
-0.8129653856478808,-0.7274319812923574,-0.6897758851159324
-0.4651771882595163,-0.04097330449983333,0.5008646942583954
1.800607106099292,-0.05127164836208879,0.24093338042347875
-0.37580847093336434,-0.05129179116531409,0.385972118045868
0.7195446763798297,1.212263569442541,0.2523398849725131
-0.812677733920598,-1.458501595814441,-1.0199997832342727
-0.8127221401559973,-1.2378815006497923,-0.5606866838788962
-0.9313631961620799,-1.458501595814441,-1.0199997832342727
-0.12238909702064255,0.34258729736741356,-0.4518440282163958
-0.7498896542363293,-1.458501595814441,-1.0199997832342727
-0.8420712458906464,-1.458501595814441,-1.0199997832342727
-0.8422039252498555,-1.458501595814441,-1.0199997832342727
0.34384581167555905,1.2295635517058658,0.25387193509331474
-0.8422916590266768,-1.458501595814441,-1.0199997832342727
-0.6249008437384368,-0.05683509061288092,1.8981559100912935
-0.9320967080666507,-1.458501595814441,-1.0199997832342727
-0.4739910169657863,0.5016389001940058,0.5013455567050703
-0.8424694637506035,-1.458501595814441,-1.0199997832342727
0.32922501372477053,0.6270036789068224,0.008855744241020104
-0.9715165007734654,-1.458501595814441,-1.0199997832342727
-0.8488316008287774,-0.5093995649153691,0.95595347293397
0.35215265421249337,-0.04000644994502507,0.2334157111263334
-0.8477910207053324,-0.48146283969560577,1.0141154632864477
4.948478658252289,1.2303732923955182,-0.5683049988044154
-0.8423731004219637,-0.7877408770020666,0.37646949330023877
0.3755658867723354,0.6130809733175846,0.1269102706116254
-0.8104351291417708,-0.7915572667864623,-0.5284828785111694
2.1749408835752777,1.230378663809711,0.12706123905418615
-0.8129630484775967,-1.458501595814441,-1.0199997832342727
6.399495907246846,1.2319216025367594,0.019750633512487337
-0.3764720475117395,-0.11700432955356226,0.2546127987466221
-0.7528877043639327,-0.10450370587202136,1.7989137290908968
0.6050319620072421,1.2295689231200593,0.2501843910981735
-0.8126344063791762,-1.458501595814441,-1.0199997832342727
-0.8421124160441138,-1.458501595814441,-1.0199997832342727
-0.12257966628996726,1.2297099227426356,4.573875854647594
-0.36792519556485376,-0.054391097154893646,0.220717587679835
-0.3917229825276067,1.2318625169806319,4.581119544178609
-0.8423587178355995,-0.7924113216432093,0.36674600731456697
-0.8129585539193577,-1.458501595814441,-1.0199997832342727
-0.20403220808130063,1.231278375687102,0.3818009158921527
0.1021442904383552,0.2854394789105079,-0.5689619911007445
0.590142749038433,1.2345603097592566,-0.5655148783289409
0.6370224297276641,0.6177715607619526,0.37336345738014626
-0.9318448330229487,-1.458501595814441,-1.0199997832342727
0.6057818341038019,0.6150549680336511,0.2502542838956553
-0.8423031650957681,-1.458501595814441,-1.0199997832342727
-0.445036173879844,0.6277301626764771,-0.482065673847538
-0.8129650260832216,-1.2413366628296834,-0.5678800505957259
1.4310465494729039,-2.9699810803349195e-05,0.25423537764022025
-0.8479465324203946,-0.7288661488819895,-0.4451874381842265
-0.7436583986940688,-0.7226071084931548,0.5120727032625815
-0.8419781186439388,-0.7860582815059906,0.379972520310028
-0.8133788850058497,-0.8138634070780161,-0.5711398506702783
1.06338880902249,0.5519301084330632,0.25167450554048604
0.23703263513068015,1.2283308121484853,-0.30272355122106787
-0.9342424101698497,-1.458501595814441,-1.0199997832342727
-0.57165165489552,1.2288854106639517,4.5749214508979215
-0.4449295629584199,-0.055016866908422384,-0.44217925218060866
-0.9314543458031626,-1.458501595814441,-1.0199997832342727
-0.9341541370460399,-1.458501595814441,-1.0199997832342727
-0.8127749961608856,-1.458501595814441,-1.0199997832342727
0.2294704510027488,1.228372440608484,-0.44560959068101674
-0.8422530058258232,-1.458501595814441,-1.0199997832342727
-0.8127160275567926,-1.458501595814441,-1.0199997832342727
-0.7519850172872539,-0.11436830803816168,1.7783764294788365
-0.8128339647649786,-1.2390685831865291,-0.5631580931978536
-0.8131129869404427,-1.458501595814441,-1.0199997832342727
-0.931932926364429,-1.458501595814441,-1.0199997832342727
0.711905185850191,0.0032562628219962664,0.22762858749483816
-0.8129427330743572,-1.458501595814441,-1.0199997832342727
-0.1672694184229298,1.2304632635832566,-0.33318842378744684
-0.8133303437768706,-1.458501595814441,-1.0199997832342727
0.26092840346303875,1.2271316439298139,0.25460441161092423
-0.10679028319709297,-0.11318659691561835,0.4975126356911668
0.5400233907706806,1.228773953819439,0.3850635116786042
-0.9716040547679571,-1.458501595814441,-1.0199997832342727
-0.4370538384477504,0.619311813781904,-0.31538533041287575
-0.8133022977334606,-0.5551546138681182,0.860695181390038
-0.474412606528585,-0.1748558032698006,0.3863187863213779
-0.8425350843008897,-1.458501595814441,-1.0199997832342727
-0.8134651805240344,-1.458501595814441,-1.0199997832342727
-0.7518374159946919,-0.7833672029951078,0.3758097052920103
0.29052506946548046,1.2271423867582005,-0.568567795722947
-0.03225001241236173,1.229664265721992,4.574339942822873
1.8734586814625447,0.39050031197235263,-0.5619307756740727
-0.8131336619083411,-1.458501595814441,-1.0199997832342727
-0.47428514085693285,-0.054955095645198536,-0.5621712068974102
-0.8131431903718074,-1.458501595814441,-1.0199997832342727
-0.8129330248285614,-1.458501595814441,-1.0199997832342727
-0.8422382636747999,-1.458501595814441,-1.0199997832342727
-0.48876391076737563,0.6164864499161866,0.2562426987838983
0.9573907655597983,0.9514384390404519,-0.4426768888986793
-0.8420895836882607,-1.458501595814441,-1.0199997832342727
0.9656528422966743,0.6202894111650991,-0.5695155420568007
0.0067097173131303745,0.06702166356514466,0.14500132231182167
-0.11433323061576231,1.2315026322296758,0.3726896908124215
0.9967763996239983,1.2293473522845824,0.3224060165920955
-0.015915888860945925,1.2279897273472058,1.9073957379183908
-0.4881657749569573,0.6267485367326371,-0.4384302025236834
0.9650111991625043,0.43179842999814594,0.14392776894250064
-0.8127658272620784,-1.458501595814441,-1.0199997832342727
1.4308831273353413,0.6139229424923967,0.14190926495122547
-0.10652150861441319,1.2291512956665243,0.5105686102607724
-0.7516729151631522,-1.458501595814441,-1.0199997832342727
-0.47433422143290044,0.6132904584711265,3.293302814897449
1.8081099620584715,0.6705027338983527,0.1410481856862494
-0.5657948859457155,-0.06084619416178666,0.36674600731456697
-0.8126584972113361,-1.2383796993162284,-0.5617238929935264
-0.5721399437025823,-0.175102888322696,0.3752170143693644
-0.8130885365436237,-1.458501595814441,-1.0199997832342727
-0.8131460668890801,-0.7860059102176051,-0.5690430667458235
-0.08553192163925716,0.34586923143956816,-0.4595657844821881
1.9118817609343248,1.2292533525361984,-0.5726467393839866
0.5975553542681773,1.2332349133070406,-0.4451371153700396
0.7291614129698776,0.6270761929984331,0.23328710837896685
0.2768635900251795,0.613526800695635,0.3774815410077756
-0.9717408691207459,-1.458501595814441,-1.0199997832342727
-0.7990351316249001,-0.7917922661574225,-0.3503792562560771
0.16417530673288203,0.4953570312948493,0.2562315159363012
0.687450294472927,1.2310312906342065,0.2519988081208017
-0.5640044337257105,0.6175150757342187,3.3020981245325616
-0.8126629917695748,-1.458501595814441,-1.0199997832342727
-0.06914296447732794,0.6175244757090572,-0.1878645235513317
0.5909747816595977,0.6137174858994998,-0.44432915463114964
-0.8127994465577046,-1.458501595814441,-1.0199997832342727
0.27723088532445367,0.5408905094121214,0.41127610644618895
-0.211491376934399,0.5623869090140234,0.3682221431973831
-0.6234882939751495,-0.04037304896372313,1.9324285422644825
-0.751717501180881,-0.1111078596227806,1.7851644179702717
-0.9320204803589207,-1.458501595814441,-1.0199997832342727
0.8967584557891833,1.202263339068018,-0.44437668173343736
-0.7517252318210517,-1.458501595814441,-1.0199997832342727
-0.8130752326512368,-1.458501595814441,-1.0199997832342727
0.1631021860077881,0.6169685343400424,0.3940433382990694
0.2606972033872354,1.2277896421685026,0.26140917437375494
-0.8421194275549663,-1.458501595814441,-1.0199997832342727
-0.8128398975818536,-1.458501595814441,-1.0199997832342727
2.249030799624481,1.229037153114915,-0.5359781821131205
-0.8126223609630963,-0.5659162422045528,0.8382903462292631
0.7271665482411724,0.4999227333592211,0.4951558505600798
0.7203874959407678,-0.0527447587046231,0.2519317110352191
1.4394891276686494,1.231718831650959,0.1538693204563158
-0.12264438792860596,0.003475147950376337,-0.43988956413510405
-0.8132598691036864,-1.242769487565767,-0.5708630751922503
1.954991406172858,1.2284248118968695,0.23156774556091395
-0.13049692051876327,-0.05369952757749606,-0.5678660720362295
0.35492453816952085,1.2494485270497542,0.27671849273417454
-0.812921159194811,-1.458501595814441,-1.0199997832342727
1.6035437394664693,1.2300053505232715,0.25430247472580275
-0.8129713184647559,-1.458501595814441,-1.0199997832342727
1.354527234804468,0.6197348126496327,0.2530723614901226
-0.3921402573144961,-0.05528946617873629,0.12970598251089852
0.6952589601746737,0.49526706010711014,0.2624575663359824
1.7094313965788162,0.6150643680084897,0.2475396476414611
-0.8127821874540676,-1.458501595814441,-1.0199997832342727
1.7908603868849788,1.2283026122239704,0.2329180744082629
-0.8129898360446998,-1.458501595814441,-1.0199997832342727
0.7199450516277415,-0.02240298277977426,0.26157691708771136
3.4286036983454684,1.2347885948624755,-0.09078901927287181
-0.8131313247380569,-1.458501595814441,-1.0199997832342727
-0.8130106907949278,-0.7282524648103961,0.09852540769830555
-0.5718346733070034,1.2325379723154495,4.582525787263944
1.4314210360653596,1.2322304588528783,0.25510763975279344
-0.7053243114754164,0.231812622457362,2.4990969785519455
0.9482578232185742,1.2338472545250854,0.9338338003869215
-0.8130261520752692,-0.7269055827014063,-0.6916182592575534
-0.6262195471256983,-0.06055076638115097,1.8904201752660044
-0.6234726529124786,-0.06065013754372836,0.8585257089562017
-0.7519787249057196,-1.458501595814441,-1.0199997832342727
-0.8130795474271462,-1.2421517749335285,-0.5695770477185846
-0.19766000319267166,1.229088181549752,-0.4386007409495391
-0.8130842217677144,-1.458501595814441,-1.0199997832342727
1.6773799826486762,1.2318383456167619,-0.4433422683307063
-0.8132377558771515,-0.7054669258020829,-0.7076824198307765
1.324682828751904,-0.04045227732307551,0.23288732157737077
-0.7440778308689129,-0.05375055601233314,1.9045776603239237
-0.813240812176754,-1.242503602563195,-0.5703095242361942
-0.48274210163904285,-0.05540495158389398,-0.4468117467977042
0.6300846296302657,-0.05952482627021534,0.2592620676351132
-0.8131291673501023,-1.458501595814441,-1.0199997832342727
1.8071727567745186,1.2295541517310271,0.24973148577049123
-0.7514764130769522,-1.458501595814441,-1.0199997832342727
1.716238135357972,1.2292264954652312,-0.3045100111247034
-0.6252498012400965,-0.05666186250514469,1.8985165569262992
-0.8128222789135576,-1.458501595814441,-1.0199997832342727
1.442787953633593,0.6043779394707627,0.1439669089090905
-0.5642554098577646,0.3423482694358082,-0.4438706578796689
-0.8129069563907765,-1.458501595814441,-1.0199997832342727
-0.8128140089263982,-1.458501595814441,-1.0199997832342727
-0.8421503501156492,-1.458501595814441,-1.0199997832342727
0.2769684031233081,-0.05270984451236603,0.506204503986007
-0.8127573774925896,-0.5661378130400296,0.8378290537658831
0.5189626099930221,0.49733774027865757,0.4100851331770985
-0.8049467341852178,-0.7274104956355839,-0.569856618908512
-0.4448423685285874,0.5598636871966838,-0.44082333190946127
0.20043416652151952,1.2292802096071653,-0.4440635620007187
-0.8423076596540069,-1.458501595814441,-1.0199997832342727
-0.8126942738949169,-1.458501595814441,-1.0199997832342727
-0.5560330650157196,0.617791703565178,0.5017984620327525
0.6054035720824255,0.6145903407059239,-0.5666219802410529
-0.19750736799488236,0.6056563360487865,0.49986382939845575
0.6817493968028439,0.6170276198961697,-0.32235224446586425
-0.7439624106133407,-0.7264046983278737,0.380934245203378
-0.1975643589933502,0.28297534264929536,-0.0821027424018302
-0.6235240706587303,-0.040210563684373674,1.932766823404294
-0.8129360811281638,-1.242243088974816,-0.5697671561277352
0.37514699394448003,0.626853279309408,0.36660901743150254
3.607047009106626,1.2294668662503851,0.13027910345024937
-0.8126608343816203,-1.458501595814441,-1.0199997832342727
-0.8128043006806025,-1.458501595814441,-1.0199997832342727
0.3682904554600389,0.06432387078652024,0.1316909379593824
-0.8421780365944002,-1.458501595814441,-1.0199997832342727
-0.8129702397707786,-0.7263657555749716,-0.6919984760758544
-0.8129679026004945,-1.458501595814441,-1.0199997832342727
-0.8131406734191936,-1.242862144460603,-0.5710559793133001
-0.8129948699499273,-1.2401912087529454,-0.5654953083456459
0.07313641156519522,0.626094567054593,0.009565855063435406
-0.7517335018082111,-0.7843152576002391,0.38360135435528453
-0.8130782889508392,-1.458501595814441,-1.0199997832342727
-0.8420593802568961,-1.458501595814441,-1.0199997832342727
-0.5641144605113961,0.6185759300374112,3.3043067369329875
-0.8131086721645334,-0.5696346036799194,0.8305490199801758
0.5235578463363626,0.6166355066600532,0.1386662391480687
2.076944052689282,1.2290505816503985,0.24724609789203753
-0.08502637372855781,0.5003685607372715,-0.568168008921351
-0.6255254075512994,-0.05800203034639248,-0.6879167367029158
-0.9319989064793744,-1.458501595814441,-1.0199997832342727
1.0658329497927448,1.2288182679865347,0.27785914318907784
-0.9313658928970231,-1.458501595814441,-1.0199997832342727
-0.7530682058228026,-0.12681656043131712,1.7524601801725745
-0.21192573104259568,0.34739605592403605,-0.7067011249541317
-0.490143200799696,-0.053379928432990074,-0.44466743577096174
-0.8128355828059445,-1.458501595814441,-1.0199997832342727
-0.13041296217086257,0.28612701992726053,-0.4435882909778423
0.899632096544737,0.8901882029933531,-0.5655428354479335
-0.0918501918290206,0.6144171125981874,0.03176101183176464
-0.8135748477450608,-1.458501595814441,-1.0199997832342727
3.478458057459461,1.2312837471012954,0.019068479809064794
-0.3759264081415502,-0.05261718761753041,0.3767882044567559
-0.8130319051098148,-0.9410343238133566,-0.2756526729004064
-0.5717420854072843,-0.0040475176274505555,0.03270037102992041
0.6125693361736952,0.6247960276733437,0.23588991615719015
-0.05372878710622786,0.10996074862701502,0.05320412209918936
0.15599467139129292,1.2320545450380451,3.304980503500712
-0.8133380744170413,-1.458501595814441,-1.0199997832342727
-0.7820327571545407,-0.3386624505110813,1.3114142623670488
-0.8127755355078743,-0.5668548968348457,0.8363361436116712
0.5155350598801198,0.5610749410972907,0.2655608065441755
-0.12285599173048815,0.6268720792590847,-0.48367041247772075
0.1554565828789448,1.2297058941819905,-0.44056892212662735
-0.8133405913696551,-0.576532842357766,0.81618744795361
-0.812833784982649,-1.2412950343696845,-0.5677933835268484
2.0765230024734724,1.2299422364064994,0.2519233238995214
-0.8125775951630378,-0.565702728490366,0.8387348644212476
-0.8130959076191352,-1.2407377501471215,-0.5666331630886501
-0.8127893787472498,-1.458501595814441,-1.0199997832342727
-0.8128621905907182,-1.2380332431007555,-0.561002599323514
-0.8129412948157209,-1.458501595814441,-1.0199997832342727
3.132470559883886,0.6173928760613193,0.24977901287277884
-0.01634718666954028,1.2296212944084448,0.5074765529001762
-0.9313360490303176,-1.458501595814441,-1.0199997832342727
-0.4663304919035902,-0.16980935963512114,0.3727120565076157
-0.8105273574768308,-1.458501595814441,-1.0199997832342727
0.3676536664487669,0.6164837642090901,1.8954664352441923
-0.5720257819233169,1.2312367472271033,4.5798167424335485
-0.8132269689373784,-1.2414709481845179,-0.5681596217856532
-0.5723946952635569,-0.11843849714319449,0.2596758329962057
-0.6590454633315469,-0.05437095435166864,-0.5662445591346511
-0.18876563200276247,0.6264853374371614,0.3678195606838878
-0.659070273293025,-0.05521292352648068,-0.4405158036005412
-0.7742807228866028,-0.9512185251240027,0.036122322394630695
-0.8423943147368508,-0.7873004210382094,0.37738648680320036
1.6180559488902089,0.6053877653391176,0.143307120900862
-0.8130761315628846,-0.7883102469065647,-0.5634432558115794
-0.8127870415769656,-0.5660840988980957,0.8379408822418541
-0.8130678615757252,-1.2394486107407108,-0.5639492796653479
-0.8340795617774162,-0.7274937525555812,0.5018991076611264
-0.8420523687460436,-1.458501595814441,-1.0199997832342727
0.7193280386727201,1.229340638016841,0.5089303230877984
-0.5572446181345683,-0.061646534876600156,0.5022150231057444
0.9893177701178887,-0.05218210306786674,0.26067949356804476
0.3678377635542278,-0.05082044956984511,0.38145704332854186
1.979053113595393,1.2308379197232453,0.2593571218396886
-0.8130662435347592,-0.727223838992364,-0.6915791192909635
-0.626422161811103,-0.06245627556625189,-0.5706114611213157
-0.4823393892208471,-0.10468767680814466,0.36750923666306845
-0.7517351198491771,-0.11045657565183362,1.7865203382414188
-0.48234118704414264,-0.05850425757347353,0.25547946943539673
-0.01646889930664668,0.06585606668518133,0.13072362164223386
1.4471496527308456,-0.17667536982780768,0.1408468944295017
-0.8542888934423181,-0.5100025061585758,0.9546981982911966
2.887064443963941,1.2293997235729681,0.11862378054217987
-0.6250421526494645,-0.05507729531809769,1.901815496967442
-0.8130879971966349,-0.7885465891310733,-0.5639520753772472
0.3676766785869495,0.004546745081955516,0.251940098170917
-0.7501898907266805,-0.10392225028558823,1.8001242723432818
-0.7520161196302664,-0.11227479935629216,1.7827349443298035
0.3608336237772247,0.6268868506481166,0.23267764318492531
-0.8131327629966933,-1.2437054564889634,-0.5728116863860436
-0.8126764754442912,-1.2379661004233382,-0.5608628137285503
-0.5720522099257609,1.185098985013076,-0.1704080984522704
0.2376545022085994,0.347563912617579,-0.44758615899380283
-0.842399887989067,-1.458501595814441,-1.0199997832342727
-0.842344515031565,-0.7878644195285143,0.3762122878055057
-0.8132938479639716,-1.458501595814441,-1.0199997832342727
-0.8130284892455534,-1.458501595814441,-1.0199997832342727
0.7187209137458241,-0.11529084842587434,0.26276509464490244
-0.8129350024341865,-1.2409902066142102,-0.5671587569257134
-0.1298806266930601,0.6160889652658768,-0.56586434231635
-0.8125092778778082,-0.7273554386401018,-0.6816962777270331
-0.02411288439452413,1.229352723698776,0.37554970408537786
-0.8130549172479975,-1.2396580958942525,-0.5643854107216345
-0.8420405031122932,-1.458501595814441,-1.0199997832342727
1.6102291251731775,1.2294131521084517,0.2516381612857955
-0.20433927630017482,1.2298509223652117,0.38544931992070414
0.6879123350598746,1.2305706918671244,4.574924246609821
-0.7517798856492355,-1.458501595814441,-1.0199997832342727
-0.751813325162532,-1.458501595814441,-1.0199997832342727
-0.812868303189923,-1.458501595814441,-1.0199997832342727
-0.4663989889711494,-0.0577227168083368,0.5019019033730258
0.9809848591431692,0.6143513127743185,0.2545960244752265
-0.8129463287209483,-1.458501595814441,-1.0199997832342727
0.2596796354019729,0.6158096517278211,0.026748300396368
0.35944138941717674,1.2286060971258963,0.2607885263321163
-0.8129961284262341,-1.458501595814441,-1.0199997832342727
0.704030899598158,-0.0503598508027629,0.12524961774345708
-0.20410034558420082,-0.05480872460842878,0.13804559110643005
0.22849513186493095,0.3465460296279337,-0.4477566974196585
-0.9321452492956296,-1.458501595814441,-1.0199997832342727
-0.06223249129402127,0.6271097643371416,0.05571746709663583
0.6291745714780751,0.5944166518491414,-0.5620006684715545
-0.77424171012109,-0.7275622380865469,-0.08616491179147412
-0.4593930513708508,-0.05586152179033119,0.035275221689150954
1.6047801025467965,0.6172921620451937,0.02758701396614984
-0.8507547324079916,-0.7267753259072167,-0.551491587442187
-0.9313782978777623,-1.458501595814441,-1.0199997832342727
-0.20408955864442763,1.230161121534879,1.9005210823580783
0.32167056023700985,0.6190231002690099,0.14550734616559005
-0.8130888961082828,-0.7889534737562217,-0.5670664984330375
-0.9379196779384992,-1.458501595814441,-1.0199997832342727
-0.6254817204452182,-0.05684717629481622,1.8981307486841996
5.162722923208714,1.2334564841425173,-0.09676625131351763
0.7118154744677448,-0.05299721517171201,0.3812305906647007
-0.5718611013094476,-0.1128844548672409,1.779475144255251
-0.8130518609483951,-0.568690577635433,0.8325144054453648
-0.8127688835616809,-0.7281047509200781,-0.6866279135173509
0.3279197940122254,-0.05623080651612602,0.14259980579034606
-0.8126029444715046,-0.7878603909678693,-0.5626828221749771
0.25457957027725153,-0.051691961522720695,0.3644423407095658
0.26835844757874966,0.5043742928719838,-0.44121752728725877
-0.9320199410119321,-1.458501595814441,-1.0199997832342727
-0.8128841240349235,-1.2405067793368063,-0.5661523006419751
-0.6251279088206606,-0.05759246001414735,1.8965791285801035
-0.812962509130608,-1.458501595814441,-1.0199997832342727
-0.8127471298998051,-0.7261911846136868,-0.6925184784891193
-0.4595733730473911,0.2809127195990379,-0.3213401967583274
2.0102523592834585,1.2308244911877617,-0.09369376393621659
-0.4822345761227186,1.2298764365826302,4.576984686279585
1.4152835943824735,1.22964949433296,-0.12683972421399842
0.72024636681207,1.2295366946348993,0.39049837561079126
-0.11431093760689783,1.2276486425459263,1.7818738650648274
-0.8128765731770822,-1.458501595814441,-1.0199997832342727
-0.7439021835329409,-0.05270044453752779,1.9067639070291549
-0.813286836453119,-1.458501595814441,-1.0199997832342727
1.7009695816738086,0.6135644005949886,0.20680053384525354
-0.8135047326365357,-1.2449261103644087,-0.5753529885024828
-0.6242532677873918,-0.04793600014800063,1.916683092847776
-0.20397198100090086,0.6193024138070655,0.24834201695655259
-0.8128835846879348,-0.7849933986421532,-0.5690877981362118
-0.11428522873377202,0.2803393211338948,-0.5633314273356086
-0.6233696376376454,-0.03951899410697609,1.9342066150324198
-0.932068482240911,-1.458501595814441,-1.0199997832342727
-0.7528416800875675,-1.458501595814441,-1.0199997832342727
-0.8422436571446865,-1.458501595814441,-1.0199997832342727
0.2532112469670339,1.227389471811096,0.2642440262396179
-0.8126365637671307,-0.7878818766246428,-0.5598200131901215
-0.5630458343445411,0.6257064823791214,3.3191519671181275
1.8077843762596535,1.231056804851625,0.25124117019609865
-0.08459273874967928,0.6703603914222279,-0.4436525923515256
1.0629409712395768,0.6042087399236711,0.2339189392682026
0.22731270348346982,0.612186632854387,-0.8044280301051222
-0.3904014026230725,1.2283308121484853,4.573766821883521
-0.8130004432021434,-0.726830382902699,-0.6904859959383477
1.3192343454725115,1.2502461820574708,-0.5734770658180706
-0.9697893319334626,-1.458501595814441,-1.0199997832342727
-0.564020254570711,0.617200848003906,0.38071338396333526
-0.0856820398844327,0.28811310032526233,0.939316191421396
-0.8129619697836193,-1.2394472678871624,-0.5639464839534486
-0.30101848249288593,-0.059300569727642034,-0.751918969212975
-0.6263115956784286,-0.06170562043272723,1.8880158630326298
-0.8127458714234982,-0.5663889266535701,0.8373062556407189
-0.8420336713837702,-1.458501595814441,-1.0199997832342727
-0.8128458303987289,-0.7855842542034248,-0.5649165959824963
-0.6234201564722494,-0.039672079411487315,1.9338879038759027
1.4392537925992666,0.4949326895735721,0.25156267706451513
-0.813394346286191,-0.7919614657045139,-0.570625439680812
-0.8128167056613416,-1.458501595814441,-1.0199997832342727
-0.01633118604221018,0.06028859587374421,0.13233954312001378
0.14877029826058907,1.23360016947219,0.38038348995922117
0.8988673025148244,-0.0607320516101775,0.23322001129338438
-0.8421478331630354,-0.7914605813309814,0.3687253713392523
-0.8422670288475282,-1.458501595814441,-1.0199997832342727
-0.15165945809494807,0.617531189976799,0.5022094316819457
-0.8127717600789536,-1.2388644694471806,-0.562733144989164
0.8836985280235624,1.2298925508252103,0.2522280564965422
-0.8129783299756085,-1.2422054890754624,-0.5696888761945555
-0.48245894446999904,-0.060800537141142814,0.23345485109292324
1.6467562201975063,1.2297931796626327,0.027430454099790544
1.3407066480025136,1.2285631258123493,0.2611715388623167
-0.20418718044937426,0.554141788227187,0.3839228612237009
2.526073391857962,1.230899690986469,0.25224762647983706
2.1679128327484443,1.2288800392497587,0.36611417642533123
0.6133190284879256,1.2312340615200068,-0.3125504785470128
-0.48819184339474225,0.2826772291615629,-0.43922698041497626
-0.8126714415390638,-1.2390779831613674,-0.5631776631811485
-0.9688343281988843,-1.458501595814441,-1.0199997832342727
-0.8128744157891276,-1.2405403506755148,-0.5662221934394569
-0.37630502972758606,-0.05756157438253558,0.25472183151069366
0.9766006872547226,1.2284986688420287,0.36764063512233436
1.3162400707738287,1.2286410113181534,-0.30560872590111765
1.086996206498248,0.4918709834833464,0.14120194984070952
-0.8423790332388389,-1.458501595814441,-1.0199997832342727
2.051409208858401,1.2289162962955638,-0.011329295671731701
0.34466687757462144,0.6188686721109503,0.2545457016610395
-0.12206800578006327,0.34199107039194865,-0.443758829403698
-0.10636653624633971,0.6186659012251503,0.3825641452406542
-0.8130716370046459,-0.5678526370212658,0.8342589296705114
-0.8422670288475282,-0.7873138495736929,0.3773585296842076
-0.9320267727404551,-1.458501595814441,-1.0199997832342727
-0.8130919524078851,-1.240759235803895,-0.5666778944790385
2.1594229718000255,1.229782436834246,0.1291244744358496
-0.01599409417430081,-0.05426486892134919,0.0008851696161925129
-0.4445895945732377,0.3382498804062601,-0.4403899965650739
-0.09967377946412004,0.5019450708030282,0.03203219588599417
0.5239240629416593,1.2308768624761468,0.49909221291425626
-0.8048289767593614,-0.726990182474952,-0.5633929329973926
-0.8422404210627545,-1.458501595814441,-1.0199997832342727
1.072270056102342,0.6188082437012747,0.25506849978620355
-0.842062975903487,-1.458501595814441,-1.0199997832342727
0.6214320656736034,1.2285832686155742,-0.4255587449394301
0.6055860511469201,0.6191345571135225,-0.5674830595060291
4.587882048577345,1.2319981451890152,-0.4459283018375339
-0.8130324444568036,-1.458501595814441,-1.0199997832342727
-0.8129376991691298,-0.5693512615812185,0.8311389151909226
-0.812497771808717,-1.458501595814441,-1.0199997832342727
-0.3921035817192675,0.6158633658697547,0.25689409965642895
0.5235799595628975,1.233209399089622,-0.20180114736920818
-0.8123467546518935,-0.19482269268013808,1.6108769424576868
-0.25792375918770566,0.2824019441841522,-0.5729346977096116
-0.5642958608819139,0.6172881334845487,0.3816751088566852
-0.17440929385874435,1.2284556975284815,0.4117625603166625
0.9889141587880452,0.6170611912348782,0.24358651101588902
0.16348080759382397,0.5008425880398373,-0.5708770537517466
-0.3034223520213211,0.5210337339927483,-0.8060998658208876
-0.12218180799466956,0.28352591260411675,-0.4440076477627333
0.7350555766442285,0.613846399840141,0.3816890874161817
-0.07681787212588828,0.3451226048666885,-0.44384829218447475
1.6097496457002636,1.227733242319472,0.36590170232098645
-0.4904610559583433,0.28473313794407856,-0.4439964649151362
-0.20405252348453992,0.7255704722088724,0.032317358499720006
1.0634643176009018,0.00802473577216843,0.018176647713196634
-0.8131084923822038,-0.5693673758237986,0.8311053666481313
-0.7515916535501947,-0.7827750045802877,0.3868080359037508
-0.5194921267520155,0.22436247097114573,-0.44489109272290356
0.9822909777673622,0.603958969163679,-0.5748609432082108
-0.2117757925797497,1.2327232861051212,4.578491574993293
-0.6172865227349354,-0.05527738049680129,-0.44289775013872185
0.6368796825580002,0.6046115959881745,0.3662875105630862
-0.07694911322646097,0.7232567355450745,0.030617565664961963
4.898591039407328,1.232333858576101,-0.47565790217440407
0.2371484149509115,0.6266437941558661,-0.5729123320144174
-0.20418718044937426,0.9525342075359013,-0.4437113023014103
2.0611402870100437,1.2300053505232715,-0.5720344784780458
1.0795990625488447,-0.056440291669667554,0.24673448261447042
0.24574866224967407,1.2312045187419434,-0.5661495049300758
2.1595301220684386,1.2271585010007806,0.12039067046252053
1.310425910236128,0.6150307966697811,-0.4521934922038049
1.3569221152164255,1.2286772683639584,0.2551971025335701
-0.84213398992366,-1.458501595814441,-1.0199997832342727
-0.6744265607540094,-0.05350749952008276,0.16760465301744457
-0.3919288332949433,-0.05421786904715711,0.12581714725900953
-0.01572801632656437,1.230934605178726,0.2587728180527405
1.9863849965591687,0.6154215670523495,0.2607857306202171
0.3831859608103825,1.2424012316280413,0.3858826552650912
0.3054768466849737,0.5585933477399498,0.03183370034114566
0.25376120111313233,1.230026836180045,0.2622367050959398
-0.8130905141492487,-0.7859025104943826,-0.5673852095895545
-0.11453189008991688,1.2272820435272283,0.3903362243206334
-0.008555780071430463,0.49462517611100143,0.5046417010343134
-0.8132765888603347,-0.48589291355159503,-0.5730213647784891
-0.8540159838660586,-0.7303728305632323,-0.5452767198901028
-0.8127519840227029,-1.458501595814441,-1.0199997832342727
0.32610722856568564,0.5628287078314289,0.23211290938127221
-0.5647846890359648,-0.1203614634244241,0.37556088693297496
0.147788327176578,0.5619867386566169,0.36653632892212135
0.7270964331326474,0.6176238468716346,0.25589603050838844
2.0517817178452322,1.2316382604380585,0.24578114485681835
-0.444856930897281,0.9705526164475906,-0.4813443801775255
2.881662164743243,-0.03933905173149779,0.23175226254626602
-0.7827603362422362,-1.0716268313898794,-0.2145579807655913
-0.6234505396859435,-0.03938873731278664,-0.7100336135380652
-0.10556290923324373,1.2279010990130153,0.36585976664249736
0.25311326559742814,0.6129386308414602,0.12842554646103138
0.3437632915862948,-0.05787714496639656,0.3677021407841182
-0.8127559392339531,-1.2396876386723161,-0.5644469163834185
1.0630477619433305,0.5482372611751153,0.3756978768160394
-0.48235521006584764,-0.0602956242069653,0.25426613047111224
-0.391689183449651,0.6130098020795223,0.2651777940139751
-0.7516191602466162,-0.11026051903377532,1.7869285121787126
2.167831750917816,0.6252149979804275,0.09896713017839066
-0.8129098329080493,-0.4071305243805329,-0.5628365863294372
0.44138923152642484,0.39013639866075134,-0.5725377066199149
-0.528533559887498,0.3468548859440529,-0.4810731961232961
-0.9611013508578787,-1.458501595814441,-1.0199997832342727
2.0557193104270723,1.229688437085862,-0.0360182274542124
-0.21195269839202852,1.23102860492711,4.579190502968112
-0.47356133719815785,0.28554287863373035,0.5016055579117027
3.590628927207309,1.2298750937290817,0.132292016017726
0.6140226965257909,0.6264302804416794,-0.08091736055653846
-0.12975316102140805,0.950534698602416,-0.5597389375450426
-0.8419576234583699,-1.458501595814441,-1.0199997832342727
-0.8131484040593643,-0.7877435627091632,-0.5668260672097
-0.7498294271559295,-1.458501595814441,-1.0199997832342727
-0.8127588157512259,-0.7837660304989662,-0.5653303613435888
-0.11700911080880926,0.6043806251778591,0.5006689944254463
0.6048036384487115,1.2265730168537021,0.252759241757404
-0.5639413301280379,-0.0561220353787101,1.8996404331098071
2.1585567805362462,-0.0527205873407528,0.11370053188755991
-0.8129303280936182,-1.458501595814441,-1.0199997832342727
0.7121721626095754,0.6176037040684097,0.001489043386435486
-0.11396503640484047,1.2301745500703627,0.5017649134899616
-0.46019074556707157,-0.05716677543932221,-0.5719981342233551
-0.06079710917488091,1.2320182879922401,0.029966164792431225
-0.8132767686426643,-1.242995086961889,-0.5713327547913282
-0.1140392865069453,1.227476757291738,3.2775517740569438
-0.8238425761504152,-0.42036703180656665,-0.7257539015476779
-0.11438878335559372,-0.17348340694339237,0.3816136031949013
-0.8128630895023659,-1.238857755179439,-0.5627191664296678
-0.031902313387008926,1.2290519245039464,0.24397791068178717
-0.1313514259311223,0.2616400854731948,-0.5267663114050156
1.6995746505788172,1.2299811791594009,-0.46401935353773016
1.3448517093926569,1.2342501105895891,-0.08648641865989047
1.4473179289913058,1.2299140364819838,0.24955815163273629
1.637878568764245,1.2315388892754808,-0.5644664863667134
-0.8130018814607798,-1.458501595814441,-1.0199997832342727
-0.2060682429634732,1.2283804977297745,3.2749992890929076
-0.2047883725593949,1.226610616753056,3.302092533108763
0.7037572708925804,0.6157666804142741,0.13560773033026396
-0.813008173842314,-0.4048906446618939,-0.5649753059323811
1.8585608389419173,1.2291486099594278,-0.5670916598401309
-0.8132933086169831,-1.458501595814441,-1.0199997832342727
1.0246094009735383,1.2297690082987627,0.015051041809809285
-0.13048739205529697,1.2303316639355188,-0.5707344724448837
-0.8132837801535168,-0.5769142127654959,0.8153934657742163
-0.8833089975138876,-0.7140329885869738,0.5299233237394401
-0.48227916214044736,1.228411383361386,4.573934564597478
-0.49077675372903595,-0.05498329556971354,-0.4483493883423044
-0.08565291514704541,0.40333396333388305,-0.5740921224359107
0.7196165893116505,0.061415250000805464,0.1373438674197125
1.62124744480441,1.2289606104626594,0.2339077564206055
2.1588836248113705,0.6166073067355379,0.13644644390004596
3.374656414716902,1.2285953542975092,-0.09689205834898496
-0.4747793624808704,-0.11627247436971451,0.26411542349225137
-0.628940013336474,-0.05605086414064772,1.432057617956381
-0.9319708604359644,-1.458501595814441,-1.0199997832342727
1.0792578356873557,0.6166301352458596,0.25764894186923265
-0.6233764693661683,-0.03998496428825153,1.9332365030033722
-0.8129560369667441,-1.458501595814441,-1.0199997832342727
-0.8128434932284447,-1.458501595814441,-1.0199997832342727
1.693937216071066,1.22845704038203,-0.4452713095412047
1.6210513022828694,0.5619907672172618,0.23243162053778935
-0.12231898191211733,0.2806898059100125,-0.44146914135819326
1.6879080358672214,1.2345253955669995,-0.0883399756491086
-0.8134391120862494,-1.458501595814441,-1.0199997832342727
-0.9313657131146935,-1.458501595814441,-1.0199997832342727
1.2356959690937197,1.2294829804929652,-0.3484474193336794
0.15556031728309608,-0.05692103323997507,1.658459958983315
1.7831493429881786,0.6127560027588851,0.02202075157469719
-0.7499284872195124,-0.7701844097110079,0.4130206306713352
1.3483195307473788,1.231892059758696,0.030905523990586995
0.6139241758091964,0.6268989363300516,0.23269441745632097
-0.8128861016405485,-0.7303352306638787,-0.6863651165988192
-0.8126922962892918,-1.2392498684155557,-0.5635355143042554
-0.812707398004974,-1.239527839100063,-0.5641142266674051
-0.8129328450462319,-0.9622446956094612,-0.32052384888373975
-0.8422580397310507,-0.7918647802490331,0.3678838620575711
-0.4781281679334291,0.6067897044435896,-0.8068658908812884
-0.6255239692926629,-0.05576349348130204,1.900386888186913
-0.5190164227080218,-0.055113552363903,-0.5664039147129096
0.9886223720671827,1.2317913457425698,0.029538420871842556
-0.6262991906976897,-0.06156462081015101,1.8883094127820534
-0.8129199007185042,-1.458501595814441,-1.0199997832342727
0.9908496953479984,-0.03924773769021041,0.1433909922578403
-0.813041074008622,-0.7863725092363032,-0.570214470031619
-0.8136063096527324,-0.9516361525775381,-0.2511230966961842
-0.5714961431804577,0.5625198515153097,0.36675439445026475
-0.8134056725729527,-1.458501595814441,-1.0199997832342727
-0.08561066629960078,0.952399922181067,-0.44649862706498555
-0.39034638923022963,1.2281119270201055,4.5733111208439405
-0.6232540375997436,-0.06082873706565812,1.8898414629028553
-0.8132643636619252,-1.458501595814441,-1.0199997832342727
-0.8133450859278939,-1.458501595814441,-1.0199997832342727
0.9731494058743194,1.2324882867341609,0.25006976691030325
-0.626277796600473,-0.061553877981764246,1.8883317784772478
-0.8130486248664632,-1.458501595814441,-1.0199997832342727
1.0802202104974459,1.2281978696471991,0.27513611979918595
-0.8131543368762395,-1.458501595814441,-1.0199997832342727
0.23770915603678308,0.5640748759242928,-0.4463057229439358
-0.5717268039092724,1.2331570278012363,4.583814610449509
2.0398821052345375,1.2337089406096062,-0.5628561563127321
-0.9320494253139785,-1.458501595814441,-1.0199997832342727
0.8830067256194474,0.6155061668258951,0.12963049828961815
0.7194546054327243,0.6164676499665098,0.1253530590837302
2.7739123222614,1.232866971434794,0.25127751445078933
-0.9313925006817968,-1.458501595814441,-1.0199997832342727
-0.7442052965405649,-0.05594746441742504,1.900003875656713
-0.8128240767368531,-0.7283639216549086,-0.6838797287203654
0.13355549949296186,0.04659954680191822,0.05279874387379474
0.7348509843531988,0.6269271362545669,0.3666509531099916
-0.8134391120862494,-0.7266450691130275,-0.6638093129954838
-0.8129251144060612,-1.458501595814441,-1.0199997832342727
-0.17545293028179182,0.6163078503942568,0.2549035527841465
0.08639895401622098,0.058976627957011425,-0.3185137320281623
-0.38376545705699117,1.2305250348464807,0.5118015192083519
0.2825943315619683,1.2297864653948911,-0.45396597354794405
0.633926398230455,0.47521154236258173,0.363522551494705
-0.813119279321977,-1.2424364598857776,-0.5701697386412306
0.3521060905891395,1.2319336882186944,0.3805009098589906
-0.5720024102204752,-0.1167115874800232,0.2581605571467996
-0.812927990923334,-1.458501595814441,-1.0199997832342727
-0.02405265731412437,-0.11879972474769918,0.25183106540684536
0.36642593292025866,0.626596794281674,0.007860470804878816
-0.4741278313185751,-0.05726614660189959,0.37686089296613695
-0.7517530980821322,-0.7834531456222019,0.37854950295329803
-0.6234144034377038,-0.04061073404178027,-0.5716598530835431
-0.8127478490291232,-0.7886607316826826,-0.5600800143967539
-0.624869921177754,-0.05611666396451657,0.836324960764074
-0.8131394149428868,-1.458501595814441,-1.0199997832342727
-0.813023814904985,-1.458501595814441,-1.0199997832342727
-0.9429643701057188,-1.458501595814441,-1.0199997832342727
1.2667819519141674,1.2312434614948455,0.2625861690833489
0.5400122442662485,1.2318262599348269,0.37819444754209036
-0.8125842471092313,-0.5654784719477923,0.8392017483084263
0.2532157415252727,0.6125196605343765,0.37814971615170195
1.7851796248358052,0.604145625806899,0.23232817919751622
-0.8104948168751819,-0.5549599001036083,0.8611005596154324
-0.9322358595897237,-1.458501595814441,-1.0199997832342727
-0.38409248111444566,-0.05371967038072137,1.6564302721444428
-0.9320754937517635,-1.458501595814441,-1.0199997832342727
-0.7440165250945356,-0.7241930185337501,0.37654777323341837
-0.6354439986726643,-0.05521695208712568,1.4606130192955564
-0.8420374468126908,-1.458501595814441,-1.0199997832342727
-0.3758428093583087,-0.05955974046247241,0.40974685203728634
0.720620134275208,0.6267203368081218,0.27724967799503636
1.4159169675294838,1.2301356073174607,0.2612637973549927
0.14861838219211793,-0.05382172725039552,0.2574979734266719
-0.8126694639334388,-0.5647466167639444,0.8407254112935302
0.523457348014143,1.230930576618081,1.8967888069725485
-0.8424460920477617,-1.458501595814441,-1.0199997832342727
-0.8128143684910574,-1.237310787891746,-0.5594985063217051
-0.7441975659003942,-0.7259400710001465,0.5051337463285853
-0.08527015856742992,1.2287860395013745,-0.4383714925737987
1.0793173436384373,1.2294950661749002,0.2541067748928536
-0.8132343400128901,-0.727352752933005,-0.6909109441470372
-0.8129022820502082,-1.240802207117442,-0.5667673572598151
-0.5231384719599823,0.661839985657981,0.16014848938208326
0.24548833743648327,1.2293231809207124,0.25069041495194183
2.167974857652139,0.6266719940803814,0.23112043165703028
-0.8128167056613416,-1.2382400425472004,-0.5614331389560021
0.25333242025715175,0.6182952736458069,-0.4415110770366824
-0.47450231791103126,0.555965383345839,0.3821056484891732
-0.9321596318819938,-1.458501595814441,-1.0199997832342727
1.8065203267005756,0.5518092516137123,0.25298010299744655
1.2665361894696703,0.6170974482806836,0.25331558842535934
1.6189996263380253,1.2308097197987298,0.25031858526933853
-0.8129691610768013,-1.2406665789090594,-0.5664849903579886
-0.8133679182837469,-0.7931807767264111,-0.572375555329757
2.505093333346272,1.2317456887219262,0.13308599819711958
-0.0308006072715163,-0.06088110835404373,0.14058968893476864
-0.5029819962999685,-0.055259923400672754,-0.6703932145182719
-0.8421710250835477,-1.458501595814441,-1.0199997832342727
-0.5716554303244404,-0.16889756207579512,0.41198621726860424
0.7353024177827031,1.2299892362806915,0.37210259131357415
0.5276660523489474,0.002979634991037353,0.27747333494697823
-0.2041656065698279,0.6198543266154354,0.25252440195786513
0.8225906939912832,0.3447264630699266,-0.446850886764294
-0.8090157476499604,-0.8277417985001586,-0.505703417955892
0.3517022994769666,0.6173593047226107,0.5013120081622789
-0.5721135157001381,-0.11179002922533994,1.7726927471876144
-0.1303921074206347,1.2295420660490923,-0.444424208835725
0.5315560026134566,0.6177379894232441,0.38670739027537687
1.4138474931340146,0.6266961654442514,-0.0377543645436611
-0.8130879971966349,-1.458501595814441,-1.0199997832342727
1.0859509520342343,0.6054132795565362,0.2338686164540156
0.36813979786787465,1.2313884896780667,0.38960095209112455
0.057615443490341374,0.22420267139889244,-0.444239691850373
0.35231032331551015,0.005177886249677488,0.24921427906912572
-0.7519738707828217,-1.458501595814441,-1.0199997832342727
-0.7516739938571294,-0.781618807675163,0.38921514384902495
-0.6073539085918654,0.6164582499916716,0.5049324550718378
0.5535031102758048,1.2283496120981625,-0.5702983413885971
-0.8132974436105627,-1.240953949568405,-0.567083272704433
-0.8129842627924837,-0.7880739046820561,-0.5627303492772647
1.0794964068386708,1.228986124680078,0.2523203149892181
-0.7518203366733845,-0.7827132333170639,0.3869366386511173
1.0710996731369606,0.6130608305143593,0.2529130059118641
-0.6252057545693565,-0.05639732035612078,1.899067312170456
-0.8420187494504173,-1.458501595814441,-1.0199997832342727
1.4482067728286097,-0.05098830626338811,0.24628716871058673
-0.9314414014754347,-1.458501595814441,-1.0199997832342727
-0.4959607772016581,1.228710839702667,-0.441670432614941
0.9561085579854357,1.2283630406336459,0.24641577145795343
0.5017281365352115,0.17053552933929647,-0.08985525149851459
0.7935249252080077,0.6163199360761918,-0.4440411963055245
-0.8104881649289885,-1.458501595814441,-1.0199997832342727
-0.932072077887502,-1.458501595814441,-1.0199997832342727
1.7911543309937952,1.2283898977046124,0.12076250014512384
-0.41320355504476836,0.6270976786552066,-0.07986617288241181
0.7278265291729563,0.004695801825821741,-0.000887311727946699
2.161009011511331,1.2302779497935854,0.2514760099956377
0.2541017088453032,-0.06063939471534159,0.14038839767802094
0.9657479471490071,1.2319256310974045,-0.0900817041623557
1.815349436904858,0.6127761455621104,0.13581740872270942
-0.8104155328678496,-1.458501595814441,-1.0199997832342727
-0.8105692467596163,-1.458501595814441,-1.0199997832342727
0.36722830145704777,0.6155934523065375,0.25079665200411433
2.5265976371309344,1.2300214647658514,0.2598966942362483
-0.8131545166585691,-0.7891831017129889,-0.568967582524543
-0.20321078261757908,0.6258582248300845,0.5008982428011868
-0.8446489649317582,-0.5096694784785865,0.9553915348422162
-0.812748747940771,-0.5660370990239038,0.8380387321583287
-0.8127767939841811,-0.7278308087962158,-0.6828369281819365
-0.9319992660440336,-1.458501595814441,-1.0199997832342727
0.015184836110525068,-0.05215927455754467,0.496889191937629
-0.8133276470419273,-0.7930626056141565,-0.5715815731503634
-0.9320986856722757,-1.458501595814441,-1.0199997832342727
0.7194145139732343,0.6169403344155273,0.2531813942541943
-0.7746498160091723,-0.9529897489542694,0.03243477839948943
0.8836365031198669,0.9515458673243196,-0.4428697930197291
-0.8132697571318117,-0.7266235834562539,-0.7065837050543623
-0.8130709178753276,-1.458501595814441,-1.0199997832342727
0.15600599767805465,-0.05480335319423554,0.26316767715839784
-0.8130444898728835,-1.458501595814441,-1.0199997832342727
-0.8127216008090087,-0.7860179958995402,-0.5613296976157289
0.6051538544266779,0.6130339734433925,0.1439333603662992
1.802504349023051,1.2282891836884868,0.23183054247944557
-0.8130685807050434,-1.2409324639116315,-0.5670385413140446
0.9190845446022264,0.6044665678049532,-0.572990611947597
-0.751865102473443,-1.458501595814441,-1.0199997832342727
-0.8129542391434486,-0.5692586046863827,0.8313318193119724
1.0947462631605607,0.6159654227394291,0.25566957784454736
0.2540880453882573,0.6262597380410395,0.2770288167549938
-0.8127271740612249,-1.458501595814441,-1.0199997832342727
0.05726414881839751,0.49988513345986757,-0.557879789132026
-0.8420638748151349,-0.7915075812051734,0.3686275214227777
2.294699646324182,0.733087766372506,0.011917048770724185
-0.782231955975684,-1.458501595814441,-1.0199997832342727
-0.8420095805516102,-1.458501595814441,-1.0199997832342727
-0.7518404722942944,-0.7265483836575466,0.26153498140922227
-0.7517987627938383,-1.458501595814441,-1.0199997832342727
0.6212761943938819,0.6139967994375555,0.5017145906757744
-0.12221938250154585,-0.05731717503673667,0.24999428268902285
-0.9313162729740669,-1.458501595814441,-1.0199997832342727
0.9893841097974931,0.6120966616666478,0.257366574967406
0.3694459164920673,0.0035664619916640178,0.2329432358153563
-0.8421224838545687,-1.458501595814441,-1.0199997832342727
1.234466797306575,0.6185826443051529,0.253240104204079
0.1517724833817722,1.2310836619225922,0.3232195687547841
0.70304767003784,1.2301033788323006,0.3724688295723789
-0.8422170493599128,-1.458501595814441,-1.0199997832342727
-0.1305681143212656,0.2862156482614511,-0.44484356562061594
0.2531069732158939,-0.05827597247025493,0.265093922656997
-0.8133476028805076,-0.7919520657296756,-0.5740585738931194
-0.8105111770671711,-1.458501595814441,-1.0199997832342727
-0.8129350024341865,-1.2391800400310418,-0.5633901372854933
-0.8420316937781451,-1.458501595814441,-1.0199997832342727
-0.11387712284568971,0.560643885108272,0.3740176539645762
-0.6242387054186981,-0.051701361497559224,-0.5593531293029429
1.0800618222651106,1.2286410113181534,0.36886515693421595
-0.8128731573128207,-0.5684394640218925,0.833037203570529
-0.8133673789367584,-0.5549948142958652,0.8610278711060514
-0.5628949969700472,-0.06133902141402917,1.8887790923811312
0.2917247569505787,1.2276244711820563,0.05476133362708441
1.0857688325343988,1.2282408409607461,0.14435271715119027
-0.7517563341640641,-1.458501595814441,-1.0199997832342727
-0.8135156993586384,-0.7918500088600013,-0.5741620152333925
-0.8128028624219661,-0.5679251511128763,0.8341079612279507
-0.842160058361445,-1.458501595814441,-1.0199997832342727
0.7201158448408155,1.233253713256717,0.3732907688707653
0.24526684560647566,1.2283227550271953,3.2994617682115472
3.0889930799990903,1.2298334652690832,-0.572856417776432
0.4179981121931177,0.5004665890463007,-0.5656965996023936
-0.5720685701177501,1.2300617503723021,4.577370494521685
-0.4825387678243199,1.227456614488513,4.571946813437095
0.23766223284877008,1.2304766921187402,-0.4479104615741185
1.7999766094695546,1.23259437216448,0.2545205402539461
-0.49101047075745313,-0.0606957945643722,-0.4362914829207395
-0.8335937899229675,-0.7274480955349376,0.5019941618657017
-0.9314284571477072,-1.458501595814441,-1.0199997832342727
-0.43677122062569523,0.6174653901529299,0.959727683997989
0.9908680331456127,0.06846791683671191,-0.12583326793026017
0.6284453743494135,1.233516912552193,0.03209929297157664
1.4465247293533243,1.2291512956665243,0.25126912731509143
0.33473875798979025,0.6257763107636353,0.2336197980949803
1.3501441416099982,1.233922454323793,0.5081587066035989
-0.9320573357364788,-1.458501595814441,-1.0199997832342727
-0.8129164848542426,-1.2410734635342078,-0.5673320910634684
-0.48250892395761436,0.5621116240366127,0.3663797690557621
0.2458930274603041,1.231893402612244,0.2489766435576875
-0.8421054045332612,-0.7713218066664558,0.4106526626926511
2.1587976888578453,1.231344175510971,0.24235919349210805
-0.8126439348426424,-1.458501595814441,-1.0199997832342727
-0.8129472276325962,-1.458501595814441,-1.0199997832342727
-0.10552371668540157,0.5616201396379188,0.36669009307658146
0.6646855367757776,1.2288800392497587,0.250282241014648
-0.8421481927276946,-1.458501595814441,-1.0199997832342727
-0.11403065695512689,1.2504314958471427,0.2791563535103406
-0.8343945404187907,-0.728377350190392,0.500059529231405
0.59006364481343,-0.04897805450151627,-0.447300996380077
-0.7438317088597566,-0.052210302992381746,1.90778434187239
-0.30987096440000955,0.3258284850840716,-0.48373750956330336
1.6255383096638194,1.2299435792600473,0.2585044297104103
-0.6255888707136311,-0.05676257652127031,1.8983068785338542
-0.5641786428030461,0.6168799060058517,3.3007757528042054
0.7279820408880187,0.007819279179271596,0.25135299867206967
-0.8133990206267594,-0.5774191256996735,0.8143422781000899
1.4391274056215915,1.2295246089529637,0.24477189286118076
0.51583565593513,1.2289082391742738,0.2553089310095411
0.6275513168245532,0.11273776976499182,-0.21446013084911672
-0.8131579325228306,-1.240980806639372,-0.5671391869424185
-0.8127624113978169,-1.238810755305247,-0.5626213165131931
-0.4452272824961575,0.9554844567816148,-0.44852831390385783
-0.20613530177239592,1.2290599816252366,3.274627459410304
1.4323294761765843,0.6133562582949953,0.25131945012927837
-0.8133639630724968,-1.458501595814441,-1.0199997832342727
-0.8128560779915133,-0.7874441063678824,-0.5623249710518703
-0.851259021842384,-0.7280550653387894,-0.5182282072646356
-0.4823052305782323,0.9523623222817131,-0.44139924856071144
-0.8130423324849289,-0.5673732383045068,0.8352569988185518
1.0802158957215364,1.2293674950878075,0.2749516028138339
-0.8127340057897477,-0.7267269831794765,-0.6870249046070477
-0.11445458368820972,1.2292479811220047,0.3851781358664746
0.24558020620688423,0.498242823570242,0.14247679446677794
1.9576007669039712,1.2299153793355324,-0.5665185389007799
-0.1226909515519598,0.6049070237688104,0.011799628870954598
-0.5659383522446977,-0.061470621061766866,1.8885051126150028
0.3677831097260441,0.002463979228472768,0.2473942706226989
1.0886911943012607,1.2271115011265885,0.23272237457531372
-0.74401077205999,-0.7248644453079223,0.37970133625579844
2.5193484540387527,0.6139779994878788,0.259547230248839
0.22959486037479854,1.2322895444090054,-0.44556485929062833
1.8081304572440404,1.2284167547755795,0.23240086770689725
-0.8128497856099791,-0.7858823676911575,-0.5637871283751901
-0.8127512648933848,-0.7867968509575802,-0.5613464718871246
-0.008245295988294783,0.5567079813580736,0.38236564969580566
-0.8131185601926587,-1.2407847500213136,-0.5667310130051246
-0.5644427430451575,-0.05694117604320037,1.8979350488512505
0.8834232812770189,1.232307001505134,0.2588902379525099
-0.45925479875942554,-0.054432725614892485,-0.4356288992006118
-0.09396766810647997,0.0028117782974940594,0.00765358812433271
0.15506196066557898,0.6169994199716544,0.25858270964358987
0.3518387542650962,-0.05194978940400313,0.2641489720350427
-0.8129096531257197,-0.7259212710504696,-0.6868767318763861
7.4187477338078125,1.231635574730962,-0.10051809668234216
-0.9321714975157441,-1.458501595814441,-1.0199997832342727
-0.4823633002706775,1.2285147830846086,4.574149834413722
-0.8422623545069599,-1.458501595814441,-1.0199997832342727
-0.8130263318575988,-1.458501595814441,-1.0199997832342727
-0.6262923589691667,-0.061215478887581484,-0.5723308239393686
1.4311416543252367,1.2285470115697692,0.14388583326401158
-0.8132167213445941,-1.458501595814441,-1.0199997832342727
1.5210301223661225,0.7277002379365468,-0.43928848607676024
-0.8126804306555414,-1.458501595814441,-1.0199997832342727
-0.12257103673814886,1.2304726635580951,4.5749214508979215
-0.8344725659498161,-0.7291682909303672,0.4984128549227329
-0.810377239231655,-1.458501595814441,-1.0199997832342727
-0.8128084356741822,-1.458501595814441,-1.0199997832342727
1.6624672181946958,1.2288491536181467,0.02712572150276986
1.0630459641200347,1.2287041254349256,0.0024004454655984974
-0.626312314807747,-0.060869022672108426,1.889757591545877
-0.5639695559537775,-0.05586555035097619,1.7841607573984328
0.7279931873924509,1.230993690734853,0.3732516289041754
-0.7439568373611246,-0.05300527229300201,1.9061292804280199
1.4551282127340186,0.6128714881640428,0.24940159176637697
1.3418903348602818,0.6264396804165175,0.14387465041641448
-0.19959086541205648,0.6339046032917659,3.208956186896379
-0.8127363429600319,-1.458501595814441,-1.0199997832342727
0.6129477779774015,1.230645891665832,0.2433013484021632
0.7270351273582701,0.6152550532123547,0.25461559445852133
-0.8497704241536962,-0.5083736248044338,0.9580893968250147
-0.81279728916975,-0.7282068077897522,0.10817061375079777
0.9277106805564446,0.6163736502181257,-0.5764656818383935
0.8315264151169894,1.233119427901883,-0.44438786458103446
0.711422829860004,-0.0002512706462801865,0.1357698816204218
-0.6265530433470167,-0.06277990327140318,1.885779293513211
-0.5639190371191735,0.6185289301632191,3.3042088870165127
-0.4969637828182268,-0.062147419250132674,-0.5263777074510166
1.43127253586115,1.2274472145136746,0.23270280459201872
-0.8132501608578906,-1.2418187472535391,-0.5688837111675649
-0.1301542553986378,0.6111096643086146,-0.4420953808236305
0.34381650715584217,1.229767665445214,0.2511377288558257
0.14111966122651826,1.2330831708560772,0.029868314875956644
-0.8133912899865887,-1.458501595814441,-1.0199997832342727
1.0887918724058097,0.6266693083732847,0.2318025853604528
-0.3904997435573372,0.605084280437192,0.2760419304545504
-0.2119329223357778,0.8975080976853803,-0.32534645190998573
-0.2998382114993793,1.2722461517400026,0.03253262831596401
-0.31770408049857535,0.9589705045931173,-0.44330592407601577
1.326375479384633,1.2324762010522259,-0.44695432810456714
-0.8049571615603317,-0.5092021654437624,0.9563644425831632
2.517873519807111,1.2293191523600675,0.2650380084190115
-0.813065164840782,-1.242609687993514,-0.5705303854762368
-0.20414367312562273,0.3405367599990911,-0.44251473760852145
-0.9313245429612264,-1.458501595814441,-1.0199997832342727
-0.8131050765179424,-1.458501595814441,-1.0199997832342727
-0.8127545009753167,-0.5663969837748601,0.8372894813693234
1.6479355922793653,1.2320612593057871,-0.44418657332428674
0.3356969978063006,0.0036644903006931673,0.25217773368235524
-0.8133080507680063,-1.458501595814441,-1.0199997832342727
0.7289384828812334,0.6045001391436617,0.2786754910636656
0.7196252188634689,1.2321915160999763,0.26324875280347676
-0.21169399161980362,0.5025171264146231,0.4987679103339405
0.2456264102655789,0.49700739830576485,-0.7510746642193944
-0.8126448337542901,-1.2377431867343127,-0.560398725553271
1.8082590016096698,0.6262046810455575,0.14210216907227544
-0.6262524472920062,-0.0621205621791659,-0.5705136112048411
-0.4163249358504442,1.2284610689426751,1.3943462601470862
2.878624202938479,1.2294118092549031,0.233821089351728
0.2531675598609528,0.6136879431214363,0.2536315038699773
-0.8127505457640666,-0.7272453246491375,-0.690150510510435
-0.13628609131265615,1.2310782905083986,0.5061849340027121
-0.10642999940867139,1.2299341792852088,0.5012057711101067
0.24547629202040339,1.2295447517561893,0.49845479060122194
-0.8129199007185042,-1.2400354377413374,-0.5651710057653302
-0.8127821874540676,-0.5668817539058126,0.8362802293736856
-0.8131397745075459,-1.458501595814441,-1.0199997832342727
-0.8124691864183182,-0.5650460731052255,0.840101967539992
0.1548873920235842,0.5515742522427519,0.25156267706451513
-0.47416252930817865,1.2295689231200593,0.5058131043201086
-0.03198141761201153,1.2582697320088307,0.334603707608624
-0.8128630895023659,-0.7273379815439732,-0.6883920077257922
3.043641908675707,1.23218077327159,-0.5078365461350375
-0.8127787715898062,-1.2394324964981305,-0.5639157311225566
-0.8131678205509559,-1.2408706926484077,-0.5669099385666782
2.0166276204716893,0.6216121219102186,-0.19326583894072732
1.3190709233349491,0.6272118212068161,-0.48349148691616733
0.7280419084037593,0.4947836328297059,-0.13554277535643566
-0.8420962356344541,-1.458501595814441,-1.0199997832342727
-0.8129447106799824,-1.2387033270213792,-0.5623976595612513
-0.8131297066970911,-0.7856675111234223,-0.5683161816520125
-0.813343467886928,-1.458501595814441,-1.0199997832342727
-0.8130121290535642,-1.458501595814441,-1.0199997832342727
1.071752642557892,0.614582283584634,0.25544032946880685
-0.8344430816477697,-0.7292166336581076,0.498312209294359
0.29878337077343586,0.6202840397509055,-0.5709357637016313
-0.9342251510662126,-1.458501595814441,-1.0199997832342727
0.5316672878754491,-0.05166913301239892,0.2626113304904425
-0.9319228585539742,-1.458501595814441,-1.0199997832342727
-0.05359035471247305,0.713263219438293,0.05330756343946234
0.19905505627152872,1.2302282642122964,0.13394148603829722
-0.37622826267286746,0.618186502508391,1.9053772339271158
-0.8131207175806134,-1.458501595814441,-1.0199997832342727
-0.813037118797372,-0.7870009646969286,-0.5642903565170592
-0.8046439807422527,-0.49051367261144907,0.9952723650853472
-0.4450615231883108,0.3473785988279075,-0.43948977733350797
-0.6264099366126935,-0.061153707624357644,-0.5737594327198972
-0.38416205687598215,1.2306432059587349,1.9053157282653312
0.6058244425159057,0.003052149082647965,0.2549818327173261
-0.4788246446781122,0.030623618137261478,-0.262596698330801
0.15634524693391863,1.2283818405833224,0.27932409622429705
0.9741898062154348,0.9534634621913558,-0.44174312112432207
1.3416294707001024,1.2286222113684764,0.25478054146057855
-0.08471355247513795,0.5614079687772802,-0.5670860684163322
1.2423313753128122,0.6141727132523888,0.2613141201691797
-0.11481001335373336,0.616838277545853,0.2517388069141693
-0.00813167355601822,-0.053340985680088,0.5032801893393674
0.4178774782499886,0.6152886245510633,-0.5717381330167227
0.6507358662612055,0.9531264059507213,-0.8138076435271835
1.8014817471325608,0.5011407015275697,0.2663967244020582
-0.7517293668146314,-0.11053714686473423,1.7863525955274626
0.6110620411227342,1.2325782579219,-0.8156807704996965
-0.9318836660061319,-1.458501595814441,-1.0199997832342727
-0.8129822851868587,-1.458501595814441,-1.0199997832342727
-0.9321506427655161,-1.458501595814441,-1.0199997832342727
0.607292365236695,1.2327219432515726,-0.5754759998260509
-0.5720865483507053,1.2320921449373992,4.581597610913386
-0.9312927214888955,-1.458501595814441,-1.0199997832342727
-0.8131106497701585,-0.7281678650368503,-0.6936367632488286
0.2542410401507057,1.2288746678355653,0.23194237095541645
-0.8128449314870811,-0.5678741226780393,0.834214198280123
-0.7519109469674786,-1.458501595814441,-1.0199997832342727
-0.5629735618480614,-0.039858736054707376,0.36589890660908725
-0.12996979872851774,-0.05466906783940109,-0.437985684331699
0.3520780445457295,1.2279037847201117,0.23459270583592737
-0.047074863307191496,1.2271665581220705,0.033167254917098946
-0.8127104543045766,-0.7291857480264956,-0.6810169197355097
2.6458724258486863,0.6262530237732978,-0.5715312503361766
1.251918088253825,1.2304834063864822,0.38058198550406935
-0.007339013265024821,1.23202634511353,0.5018571719826374
-0.812901922485549,-1.238612012980092,-0.5622075511521007
0.9642897326740137,1.2286396684646048,0.1269997333924021
-0.474010793022037,-0.05632883482515517,0.3796006906274245
0.800698959286437,1.2301557501206857,0.030444231527207013
-0.47380134660810935,0.49697651267415277,0.5015328694023217
-0.751679027762357,-1.458501595814441,-1.0199997832342727
-0.8131906529068089,-0.1895224497248215,1.6219116173241181
0.48578396085659303,1.2325500579973845,-0.09382795810738168
-0.11418796649348455,1.2288169251329861,0.54561565463006
-0.8128882590285031,-1.458501595814441,-1.0199997832342727
-0.8127241177616225,-1.458501595814441,-1.0199997832342727
0.8830518509841649,0.49968907684180924,0.3965287261775232
-0.8129927125619727,-0.7870237932072505,-0.5695994134137788
-0.7441394962079491,-0.7244871034608374,0.5081587066035989
1.970170248474575,1.2300026648161744,0.49784252969528126
1.4474892615513686,1.2284409261394496,0.17719953625574997
0.2459322200081464,0.5008922736211261,-0.7774717759723311
-0.08738170202801421,-0.05486378160391086,0.1646328112685173
-0.7518392138179876,-0.7831214607957608,0.38608674223373807
-0.4663991687534789,-0.05651549146837493,0.5045130982869469
-0.6376066003148412,-0.05625229217289956,1.432295253467819
1.6774096467330526,1.2300792074684301,0.02664765476799407
-0.8552981914404211,-0.7209943413815929,-0.5812575320337476
-0.812990914738677,-0.7860569386524422,-0.5667505829884195
1.4339205497931167,1.2291674099091041,0.2349002341448474
0.0875060536016001,0.5621022240617746,-0.4365822369582639
-0.8128717190541844,-1.458501595814441,-1.0199997832342727
-0.8126148101052552,-1.458501595814441,-1.0199997832342727
-0.8132454865173222,-0.7272466675026859,-0.6938380545055761
-0.6232844208134379,-0.060667594639856895,-0.5280327688953864
-0.4745630843384197,0.5005055317992028,0.4947644508941815
0.375190321485902,-0.05523038062260922,0.25351967539400627
1.3253550348820975,1.2296078658729614,-0.31741501725174803
-0.8105465941860928,-0.7910093825387375,-0.5290615908743188
-0.8128837644702643,-0.7292542335574611,-0.6837790830919915
-0.8425097349924229,-1.458501595814441,-1.0199997832342727
-0.8129044394381628,-0.5697084606250782,0.830395255825716
1.7909164789717984,1.2291687527626527,0.14541508767291403
-0.8130000836374842,-1.458501595814441,-1.0199997832342727
-0.8128037613336139,-1.237825100800762,-0.5605692639791267
0.2627197545946915,0.4975311111896191,0.23337657115974367
0.5161648373805393,0.5619142245650063,0.23465141578581208
2.1665664428824316,0.6177876750045327,0.25180031257595337
0.7118384866059274,0.495336888491624,0.12409778444095665
1.4485012562844153,1.2288357250826631,0.36381050982033025
-0.8129391374277664,-0.7886795316323596,-0.5632447602667311
-0.564096482278441,0.6186363584470868,3.304432543968455
1.6194546554141207,0.6159157371581403,0.26095067762227414
0.7060536305879439,1.22808372709559,0.2766150513939014
-0.8421852278875821,-1.458501595814441,-1.0199997832342727
-0.8128949109746965,-0.5668763824916193,0.8362914122212828
-0.8128132897970801,-0.568391121294152,0.833137849198903
0.7204969833794649,0.6211219803650726,0.25799561014474254
-0.9716146619254006,-1.458501595814441,-1.0199997832342727
2.525515886854022,0.6225306337372862,0.12667543081208638
-0.26809458491743166,1.2298670366077917,0.0302177788633659
-0.6261551850517187,-0.06020162445858115,1.8911470603598157
0.26281935400526313,0.5622660521946725,0.36660901743150254
-0.8129073159554355,-1.458501595814441,-1.0199997832342727
0.995658513098846,1.2299382078458538,0.03264725250383425
1.2413882372119844,0.6264356518558726,0.23400560633708006
-0.059474450576369395,1.230136950171009,1.395011639579113
0.16386823851400784,0.5598878585605541,0.2608472362820012
0.2369200913923809,0.6263335949861984,-0.572898353454921
-0.9322221961326778,-1.458501595814441,-1.0199997832342727
1.8534762350975371,0.6182831879638719,0.03252703689216546
-0.4663263569100105,-0.1763544278297533,0.38478114477677755
1.079089379644566,0.6097614393460765,0.12854855778459937
-0.4824551690410784,0.2829162570931683,-0.4389585920726461
-0.8421731824715023,-1.458501595814441,-1.0199997832342727
-0.4740442325353337,0.6143741412846406,3.295558954400162
-0.20327514469155863,-0.06098719378436288,1.6650186990990097
-0.39184918972295196,-0.05721914672770752,0.2612749802025898
-0.8831754192430308,-1.0926290608859905,-0.26175239333722045
-0.5641685749925912,0.6189277576670774,3.305039213450597
1.4469283406831674,0.6165092784265087,0.24534780951243096
-0.8129520817554939,-1.238585155909125,-0.5621516369141153
0.25284754731435083,0.6162084792316794,0.2511097717368329
-0.8126038433831524,-1.458501595814441,-1.0199997832342727
-0.8423290537512236,-1.458501595814441,-1.0199997832342727
-0.8127478490291232,-0.7255009578898377,-0.6864489879557973
2.1505899063844938,1.2302027499948778,0.24397791068178717
0.7114816186817675,-0.11068888931569723,0.254028494959674
-0.08530917133294266,-0.03406969440779311,-0.5646817561829575
0.36674091156163313,0.6159694513000741,0.2635450982647997
0.9585226751066556,1.2295568374381243,-0.43663255977245086
-0.3918513471109066,1.2304337208051932,4.578144906717783
-0.8130437707435653,-0.9204215218462652,-0.29836783208200035
-0.3839725663006347,1.2295998087516713,0.38902783115177353
0.2377780126690014,0.6193198709031941,0.13261072717424313
-0.7520409295917444,-1.458501595814441,-1.0199997832342727
0.9563144087527726,0.5404863104940698,-0.5752020200599222
0.5904187149142945,0.6176789038671168,0.25752872625756384
0.230884259242343,1.2319860595070795,-0.10337251853149997
-0.13143736188464802,0.9492563020243917,-0.4388243979014809
-0.2042490255707399,0.3420850701403325,-0.4488582079079721
1.8009974135367488,1.2330495995173687,0.2518618182377373
-0.7519995796559475,-1.458501595814441,-1.0199997832342727
1.3266775136982794,1.2310474048767865,-0.5631580931978536
-0.8423446948138945,-1.458501595814441,-1.0199997832342727
-0.1308866886092313,1.2281844411117162,-0.4447345328565443
1.0879386254697574,1.2292009812478126,0.2735453597284996
-0.8129607113073125,-1.458501595814441,-1.0199997832342727
-0.4906571984798842,-0.05579169340581734,-0.5703542556265826
-0.8126703628450865,-1.458501595814441,-1.0199997832342727
1.079901276644821,1.232321772894166,0.2508385876826034
0.7292011448647086,1.2289538961949174,0.27753763632066153
0.988690509570083,0.7229774220070185,-0.0961316247123827
1.0866923743613055,0.6169671914864941,0.4962461782007963
-0.48226675715970824,1.231242118641297,4.579827925281146
1.710458133462886,1.2297958653697296,0.24762351899843937
-0.6236006579311192,-0.06218904771013151,1.8870094067488912
-0.8131302460440796,-0.7859750245859932,-0.567522199472619
-0.625560824670221,-0.055892407421942965,1.900118499844583
-0.45945633475085296,-0.061345735681770944,-0.7053200432758908
0.9736240312243357,0.8984037810021261,-0.44493582411329197
-0.8422445560563343,-1.458501595814441,-1.0199997832342727
0.015119575124897797,0.0006363555491756952,0.2626840189998235
-0.8343706293689603,-0.7287170921381233,0.49935221412088865
-0.8128751349184459,-1.458501595814441,-1.0199997832342727
0.16344125548132268,1.2299261221639188,0.26536231099932717
-0.8483959882442739,-0.7275071810910646,-0.44560120354531896
-0.626312674372406,-0.06145853537983186,1.888530274022096
-0.8128932929337306,-1.241175520403882,-0.567544565167813
-0.8104710856076811,-1.458501595814441,-1.0199997832342727
0.007463544620940458,-0.05382172725039552,0.5069006362489261
1.333677158917044,0.6182805022567751,-0.5739607239766449
0.7345872436757466,-0.004286545559055929,0.2634444526364258
-0.812791715917534,-0.7886835601930046,-0.5595040977455037
-0.8423182668114505,-0.7870681073743457,0.3778701449617747
0.35241046207307053,0.0030548347897444337,0.12746661727958078
-0.812910372255038,-1.458501595814441,-1.0199997832342727
1.6777499746828939,0.40001442936237486,-0.5711314635345804
-0.8128093345858299,-1.458501595814441,-1.0199997832342727
-0.20416398852886206,1.2326118292606085,3.2990787556813466
-0.8129639473892444,-0.788451246529141,-0.5618804528598857
0.3600388060982769,0.6184376161219317,0.24858803960368855
0.4219641103830274,0.6136731717324045,-0.37410925885710716
-0.7515711583646258,-1.458501595814441,-1.0199997832342727
-0.41461484633174883,0.7258927570604751,0.029510463752849794
2.1420786513388594,1.227463328756255,0.2313860242874611
0.8837636092268599,0.5596407735076587,0.1345481555204394
0.24571216643677507,1.2301987214342327,0.2562510859195961
1.7165621031158238,1.228458383235578,0.261205087405108
0.24566488368410308,0.5576546931096569,0.2529046187761662
-0.8128844835995824,-0.5688651485967178,0.8321509628984595
-0.8105791347877416,-0.7277274090729933,-0.6624114570458473
1.8067497289530836,1.228024641539463,0.25012288543638955
-0.813008173842314,-1.458501595814441,-1.0199997832342727
1.7174892405893218,1.2315335178612878,0.2689603922136916
1.3174063187456302,1.2311333475038806,-0.4462805615368423
0.659278403432182,1.232264030191587,-0.5628617477365306
-0.8134281453641469,-0.7285425211768385,-0.7059658527246229
-0.7519659603603215,-1.458501595814441,-1.0199997832342727
1.775630845966328,0.5582576343528636,0.24968116295630427
-0.8128472686573653,-0.7881652187233436,-0.5650060587632731
-0.8133817615231224,-1.458501595814441,-1.0199997832342727
-0.016386738782041586,0.6145272265891518,0.25649151714293367
-0.19645006811478896,0.6159493084968488,3.2956092772143486
0.5400417285682949,1.230124864489074,0.2581465785873033
-0.751958049937821,-1.458501595814441,-1.0199997832342727
-0.03218906620264366,1.2305451776497058,4.572410901612375
0.9494131044682731,1.229397037865871,-0.5625011009015244
-0.8130484450841337,-1.238082928682044,-0.5611060406637871
-0.11356861636817905,0.5006143029366187,0.5032550279322738
0.05696840688628505,0.6168503632277882,-0.5712516791462493
0.7200556177604157,0.6193440422670643,0.2506289092901579
-0.7517157033575855,-1.458501595814441,-1.0199997832342727
2.1584392028927195,1.241574033842261,0.12982340241066795
0.5966762186766694,1.2286034114187994,0.40950921652584843
-0.11436864773468398,1.2302457213084248,1.7854188277531051
-0.47466034657870715,-0.05667260533353146,0.37473615192268944
2.5273413966282896,1.2304229779768066,0.2612693887787913
0.9507192230924659,1.2335665981334816,-0.4418018310742068
2.376589958087974,1.231651688973542,-0.5693086593762544
1.9786642444165727,1.22948700905361,0.2570422723870905
0.07351377467492404,0.6192500425186802,-0.4439601206604456
-0.9319199820367013,-1.458501595814441,-1.0199997832342727
-0.8129502839321985,-1.458501595814441,-1.0199997832342727
-0.8128675840606047,-0.7858447677918038,-0.5634740086424714
-0.8130559959419748,-0.569999859845069,0.8297885863435737
-0.7518072125633273,-1.458501595814441,-1.0199997832342727
0.36732790086761924,-0.062355561550125976,0.39597797093336645
-0.8130115897065755,-0.7291562052484319,-0.686219739580057
-0.8030849083803808,-0.7281020652129815,-0.5642596036861672
-0.09117780591649746,0.6163817073394157,-0.5650591772893593
-0.20337833974872135,0.5619424244895216,0.36734988108481
-0.8133380744170413,-0.7265779264356103,-0.6621123158726251
0.1938659988936793,0.6274535348455179,0.2326105460993427
1.7171796554178336,0.6183543592019343,-0.5673460696229647
-0.8129601719603238,-0.5698991458289432,0.829998264736019
-0.024077826840261607,1.2297851225413425,0.2591390563115452
-0.931864788861529,-1.458501595814441,-1.0199997832342727
-0.8129734758527105,-0.7856231969563269,-0.5694316706998225
-0.01614079655521503,-0.05146770498014739,0.3874901896071732
0.720007256313766,0.4971739121457596,0.13343546218452884
-0.45990704905103896,0.40000905794818165,-0.5696748976350592
-0.9320258738288073,-1.458501595814441,-1.0199997832342727
0.47080629498164456,1.2306163488877684,-0.4469068010022795
1.6100326230869775,1.22864369702525,0.2541431191475442
1.5431708555973975,0.17574445825332555,-0.3418663135227905
0.17196743246031,0.6211743516534581,0.25242934775328973
1.6037441967639199,1.2298737508755337,0.12727930458232936
-0.8420424807179181,-1.458501595814441,-1.0199997832342727
-0.8133770871825541,-0.19036441889963368,1.6201587059632734
-0.4075004999867306,0.11165811551212264,0.007983482128446956
-0.37598178109905217,-0.05266284463817396,1.896366654475758
-0.47959680978353664,1.2484857010555912,4.615727661779712
-0.8127962104757727,-1.239624524555544,-0.5643155179241527
-0.1286284427677328,-0.06152970661789424,-0.4400628982728589
-0.3020443204653077,0.6151973105097759,-0.4447345328565443
0.10292922008917775,0.22584363843496974,-0.4422910806565796
-0.8127444331648618,-1.2381017286317209,-0.561145180630377
0.3598956993639537,-0.05343498542847215,0.25179472115215484
-0.9321772505502898,-1.458501595814441,-1.0199997832342727
-0.7956658309867725,-0.7590749823055521,-0.3538235733159816
0.5975015993516414,1.2290868386962035,-0.5624983051896251
-0.3677980894578607,-0.05686866195158976,0.5004816817281948
3.4815974164980923,1.2295662374129628,-0.7646925768807538
-0.6641394158570635,-0.056269749269027794,-0.5681344603785597
-0.1675378334409504,1.2285684972265427,0.9549442209383326
-0.8421904415751392,-1.458501595814441,-1.0199997832342727
-0.9317946737530038,-1.458501595814441,-1.0199997832342727
0.8758560632438598,0.0021967513723523888,0.23134129289707284
0.36728097767960644,1.2289525533413694,0.12902382880747582
0.17930021433573345,-0.05774823102575534,0.24781921883138838
0.2680344798208977,1.2297891511019876,-0.3134618806261758
0.927722546190195,1.228371097754936,-0.44017472674882985
-0.8132091704867528,-1.242527773927065,-0.5703598470503811
-0.4738405391559516,1.2293084095316804,0.5014797508762355
-0.8051919572827262,-0.7271808676788168,-0.5676591893556833
-0.812571122999174,-1.2385488988633198,-0.562076152692835
0.7275719573943114,0.6174774758348652,0.26359542107898654
1.2500140136015434,1.2285402973020272,0.4560717982082419
1.0954208064610387,0.6202007828309082,0.25003901407941126
0.6284351267566292,0.6187719866554694,-0.33533273481418924
-0.9320158060183523,-1.458501595814441,-1.0199997832342727
0.8687485486273646,1.2318987740264373,-0.35825757238822875
-0.9734408908289863,-1.458501595814441,-1.0199997832342727
-0.8124720629355909,-1.458501595814441,-1.0199997832342727
-0.5722204861862213,-0.11638124550713043,0.38099575086516185
1.0186240876581045,0.723726734286995,0.030452618662904763
-0.8134964626493765,-0.79188358019871,-0.5730996447116687
-0.8131394149428868,-1.2409955780284037,-0.5671699397733104
-0.8127491075054302,-1.221771286630301,-0.5271465282233168
0.44756511411118344,0.6168637917632714,-0.44099387033531684
-0.7517128268403126,-1.458501595814441,-1.0199997832342727
-0.8045278413573622,-0.5115159021075603,0.9515474309807159
0.008251890136024493,-0.05685791912320299,0.12590101861598782
0.16489929017398652,0.013132950670071586,0.2531813942541943
-0.8127527031520212,-0.7277690375329919,-0.0972107695055021
-0.2039906783631743,-0.05094936351048633,0.26026572820695226
-0.8131487636240234,-0.7876321058646507,-0.5655260611765379
-0.9322552760813152,-1.458501595814441,-1.0199997832342727
-0.12541824949125838,-0.0740612159310469,-0.4416816154625381
0.9652157914535343,1.2317201745045077,-0.4428614058840313
1.685953262598006,1.2337156548773478,-0.5707959781066677
-0.21199189093987084,1.2279910702007544,0.49935221412088865
-0.4970135825235126,0.613674514585953,0.0349117791422454
-0.1226699170194022,0.8835195922722733,-0.3025054856929245
-0.8133303437768706,-1.2424619741031961,-0.5702228571673167
0.7198918360581941,1.233969454197985,0.14054495754438023
-0.5638111677214425,-0.054225926168447416,1.9035879783115806
1.7157442732986932,1.2273626147401289,0.24882567511512677
-0.8130640861468046,-1.2431844293122056,-0.5717269501691257
0.62898418199108,1.2308325483090519,-0.44418657332428674
1.0801085656707943,0.626238252384266,0.23253785758996168
4.47129123025747,1.2286893540458934,-0.0921337566964222
-0.8134410896918745,-1.458501595814441,-1.0199997832342727
-0.8424845654662857,-1.458501595814441,-1.0199997832342727
-0.8128025028573069,-0.5673557812083783,0.8352933430732424
-0.48205767031043967,1.229727379838764,4.576674362258766
2.0450035644564757,1.2318786312232124,-0.5599933473278764
1.086838537395231,0.6184429875361249,0.24952180737804577
1.8032594348071675,0.6181489026090374,0.2493876132068807
-0.8104989518687616,-0.5558998975874496,0.8591435612859412
0.5389765182657015,1.2283469263910654,0.26390294938790654
1.807572412893112,1.22946283768974,0.2463346958128745
0.3352315413550914,1.2291298100097505,0.24970073293959927
-0.15893273201928992,0.6187249867812774,0.2520491309349887
-0.27189374510551734,0.614633312019471,0.030407887272516504
1.4433479755901466,0.618502073092252,0.1845075271604497
-0.8133008594748242,-1.2438115419192826,-0.5730325476260862
0.23773001078701111,0.6178266177574347,-0.4456822791903979
-0.7519060928445807,-0.7275676095007403,0.2605229337016855
0.9904994793700317,0.619117100017394,0.2501312725720873
-0.48249040637767054,1.227405586053676,4.571840576384923
-0.4970329990151041,0.11028169062506923,0.028358630450349212
0.7193343310542543,-0.058314915223157,0.2617810040563584
-0.12247107776291806,0.6175016471987352,0.37479206616067495
-0.8423035246604272,-1.458501595814441,-1.0199997832342727
0.2627760264638412,0.6053085369797653,0.27549397092229294
0.7270083397911669,0.6161587936503906,0.251489988555134
-0.8104976933924548,-1.2230443117941316,-0.5297968631038277
1.3566021026698234,1.2296132372871549,0.2517360112022701
-0.11418203367660931,1.230161121534879,3.2950249734274006
-0.8133749297945995,-0.7930988626599619,-0.5714753360981911
-0.7501451249266222,-0.7719126622277274,0.40942254945697093
0.2303582161460749,0.6140437993117476,-0.44272162028906764
-0.4448251094249504,-0.05350212810588953,-0.8143779687546352
0.9479484178294155,1.2494928412168498,-0.6155469384783323
-0.8131167623693633,-1.458501595814441,-1.0199997832342727
-0.571897417340017,0.28385222601636445,-0.447874117319428
-0.9323395939938749,-1.458501595814441,-1.0199997832342727
-0.8126094166353685,-1.237124131248526,-0.5591099023677062
2.1522115429970503,0.6173337905051922,0.13381008757903134
-0.46000754737325833,-0.055595636787758744,-0.4447401242803428
0.523472629512155,-0.0531449290620297,0.3674169781703924
-0.8127397588242934,-1.458501595814441,-1.0199997832342727
-0.6176698186615396,-0.06196076260691291,-0.4360007288832151
1.4454107980394224,1.2275036143627052,0.25344698688462525
0.590926240430619,1.2282582980568748,-0.3011719311169712
-0.8129795884519153,-1.239878323876181,-0.5648439074731153
0.666269778663787,-0.05780597372833418,-0.30655367652307197
-0.5717336356377954,0.5033510384681452,0.4984184463465316
0.7202328831373535,0.6196367843406035,0.2509951475489627
-0.11735375353455973,0.3397552192339547,-0.8154850706667475
0.9805900571474739,0.6152147676059044,0.2574784034433771
-0.1946567393775112,0.6270184502958542,3.2766012320111906
1.4473330307069885,1.2302698926722955,0.26277348178060034
0.2534212327279502,0.4018326530668337,-0.5652772428175027
1.693364070004455,1.2283012693704218,-0.4384525682188776
-0.813025432945951,-0.5690531480934861,0.8317595632325611
-0.9322150048394956,-1.458501595814441,-1.0199997832342727
0.6289074149363614,1.2282166695968761,0.13055308321637826
-0.8129786895402676,-1.458501595814441,-1.0199997832342727
-0.8131430105894778,-0.5696574321902411,0.8305014928778883
0.19271826850182142,0.6147514831317255,-0.445693462037995
-0.13035956681898578,0.3399029331242724,-0.4481089571189669
-0.8127239379792929,-1.2409485781542116,-0.5670720898568359
-0.2041690224340894,1.2297784082736012,1.8959556848265653
0.2742078454530425,1.202484909903495,-0.44592550612563464
0.1632778333437602,0.6128929738208163,0.2638414437261226
0.15642489050591013,1.2284758403317066,0.055907575505786435
-0.8130660637524296,-0.7887399600420351,-0.5662809033893417
0.6432369655132764,1.2336995406347677,-0.5670972512639294
2.136467285268893,1.2284597260891266,-0.5713551204865223
1.0794343819349754,0.6166986207768252,0.250189982521972
-0.8129472276325962,-0.7869660505046716,-0.5713718947579179
-0.4906367032943153,-0.05462206796520901,-0.4425063504728236
1.0859933806640087,0.6271393071152055,0.27667935276758465
-0.8129562167490737,-1.458501595814441,-1.0199997832342727
-0.8423078394363365,-1.458501595814441,-1.0199997832342727
-0.8420356489893952,-1.458501595814441,-1.0199997832342727
0.5161418252423567,-0.039724450699872925,0.10056348167287557
-0.10655818420964175,0.6158660515768514,0.37251356096276733
-0.7500760885120743,-1.458501595814441,-1.0199997832342727
-0.21486732951871992,0.2831861706563854,-0.527814703367243
-0.8131892146481726,-0.7265712121678685,-0.6950681677412563
-0.8129495648028802,-1.458501595814441,-1.0199997832342727
-0.8131023797829992,-1.2436154853012242,-0.5726243736887924
2.114499143073987,0.7255449579914538,-0.5644860563500084
2.1534684012629457,1.2289807532658843,0.23220516787394824
0.5312192703102064,-0.052670901759463956,0.26364294818127426
-0.741466492532175,-0.706124924040772,0.3652670757198515
-0.8127232188499748,-1.458501595814441,-1.0199997832342727
-0.629047882734205,-0.054421982786505715,1.4295219072637404
-0.8131622472987398,-1.458501595814441,-1.0199997832342727
-0.39326371709186436,0.5622553093662858,0.36668450165278293
0.4249350133788685,0.618680672614182,-0.444916254129997
-0.9321975659535291,-1.458501595814441,-1.0199997832342727
-0.8132487225992541,-1.458501595814441,-1.0199997832342727
-0.12259548713496779,1.2290317817007215,-0.4367947110626087
-0.4450449832139921,1.228647725585895,-0.4393024646362566
0.5604939461604211,0.7240705047953713,-0.3253548390456836
-0.8127063193109968,-1.458501595814441,-1.0199997832342727
1.3563642506478266,1.228133412676879,0.09917401285893693
-0.8134407301272153,-0.7274950954091296,-0.7072490844863892
0.73560445209635,0.6129037166492031,0.2551607582788796
0.3523277622014767,1.231955173875468,0.14435830857498883
-0.8129639473892444,-1.458501595814441,-1.0199997832342727
0.9661130850603267,0.9600528445530833,-0.4610139632460115
0.6057041681374357,0.6222701201489074,-0.5632195988596376
-0.7500147827376973,-0.7712694353780705,0.4107616954567225
-0.5274785971776889,0.6153409958394486,0.952696468571317
-0.812962509130608,-1.2421947462470755,-0.5696665104993613
-0.8127782322428174,-1.458501595814441,-1.0199997832342727
-0.2033310569960492,-0.03916448077021303,0.23067311775314644
-0.10527489794130196,0.004995258167102724,0.2588231408669274
0.3738858209026752,0.5773248118858102,0.37937144225168434
2.5362044856928567,1.2281978696471991,0.23373442228285052
-0.8127002067117921,-1.458501595814441,-1.0199997832342727
1.4399026270266186,0.6268062794352159,0.23389936928490773
0.16375173956445835,0.61883644362579,0.25136977294346535
-0.8126816891318482,-1.458501595814441,-1.0199997832342727
-0.6234390336168523,-0.039951392949542995,1.933306395800854
0.6293113858308641,0.6188861292070786,-0.3358974686178424
1.9860452079563162,1.2292399240007148,0.2638861751165109
-0.5721118976591721,-0.1151538773639434,0.37268409938862296
0.3737283315819879,0.614772968788499,0.37693078576361877
-0.4822128224608428,0.3418285851125989,-0.4450756097082556
0.6873559087499121,1.2296575514542498,0.37974327193428753
-0.5719470372629732,1.2321351162509464,4.581687073694163
-0.8129287100526523,-0.7278764658168595,-0.6868431833335948
0.7209588441840831,0.6199792119954313,0.25655581851661696
0.24636927085128643,1.2348449947115054,-0.44178505680281116
1.0801074869768168,1.2301839500452012,0.12627564401049032
-0.8126928356362805,-1.458501595814441,-1.0199997832342727
-0.8132906118820398,-0.5555668699074601,0.8598368978369609
-0.8440592788908288,-0.7379612959649282,-0.5507674980602753
0.1634112318322875,1.231063519119367,0.26447886603915693
1.4484129831606054,1.2503388389523071,0.0969681961704105
-0.20461650065234357,0.617492247223897,0.25134740724827115
-0.7530081585247322,-0.1269320458364748,1.7522197489492368
-0.8126775541382686,-1.458501595814441,-1.0199997832342727
-0.5642449824826506,0.6163991644355442,0.3800619830908048
2.0039765177234687,1.2494001843220142,-0.08030230393869839
-0.7516563751888334,-0.7812669800454967,0.38994762036663444
-0.7517139055342899,-1.458501595814441,-1.0199997832342727
0.14846790438228324,1.2342138535437834,0.02821045771968782
0.08734766536926515,0.1969669157313652,-0.7053703660900776
0.24469657605713777,0.6179434460161406,-0.4524674719699337
1.2435429284316608,1.2304001494664845,0.37903036539997287
-0.8127985476460569,-0.5673826382793452,0.8352374288352569
0.980621698837475,1.2282059267684897,0.13522192208816436
-0.9285327031656185,-1.458501595814441,-1.0199997832342727
-0.9314061641388427,-1.458501595814441,-1.0199997832342727
0.951181083897084,1.231494575108386,-0.44154462557947366
-0.8131221558392497,-1.458501595814441,-1.0199997832342727
1.6038883821922203,1.2324117440819051,0.0340730655724634
-0.8133537154797124,-0.5559079547087397,0.8591267870145456
1.6406421827341136,0.6193843278735146,-0.5682798373973219
-0.6262368062293352,-0.061536420885635705,1.8883681227319384
0.34385210405709327,1.2303638924206795,0.3859553437744725
-0.8130603107178841,-1.458501595814441,-1.0199997832342727
-0.9690115935758221,-1.458501595814441,-1.0199997832342727
-0.16766727671822768,0.9501600424624279,-0.4489504664006481
1.071621581239649,1.2295098375639322,0.12717865895395558
-0.66843549440403,-0.05506520963616269,-0.2282737433434252
-0.12208166923710918,0.6214912650908674,0.24693297815931892
-0.8129659249948694,-1.458501595814441,-1.0199997832342727
0.6961620068160116,1.2284664403568681,0.02670916042977814
-0.932164306222562,-1.458501595814441,-1.0199997832342727
-0.9319190831250536,-1.458501595814441,-1.0199997832342727
-0.12258901497110399,0.6264181947597444,-0.34883881899957764
0.7203790461712791,0.6266787083481229,0.23065913919365014
-0.48244941600653274,0.9489085029553704,-0.43993709123739166
0.3437235596914639,1.2309869764671115,0.25747001630767913
-0.5639420492573561,0.619771069695438,0.3803024143141421
0.6203699116706123,0.6171995051503577,0.25387473080521394
-0.810594596068083,-0.7929068346025486,-0.5272891095301797
-0.4823052305782323,1.230034893301335,4.5773145802837
-0.8130730752632822,-0.788709074410423,-0.5654785340742503
-0.813232362407265,-0.7276495235671893,-0.66086263265365
0.164107169229982,1.229656208600702,0.38246909103607896
0.7117804169134823,0.626066367130078,0.23423485471282052
-0.8048611577963511,-0.7277059234162198,-0.5281166402523646
1.0628836206764498,1.2285496972768657,-0.12526014699090918
-0.8126013264305386,-0.5669985821645186,0.836037002438449
-0.7438840255176561,-0.7249503879350163,0.37879272988853463
-0.08469755184780785,1.2317725457928932,-0.5723280282274694
0.6974201235582139,1.229881807996824,-0.5683748916018972
0.5967702448350252,0.3470321426124344,-0.4382037498598423
0.3596344756391152,0.613432800947251,0.12854296636080081
-0.8132417110884017,-1.2425452310231935,-0.5703961913050717
0.9732608709186413,0.6226259763392187,-0.447781858826752
0.719577037199149,1.2284785260388036,0.3838725384095141
-0.8131430105894778,-0.7846469424266803,-0.5706226439689128
-0.8555142898005422,-0.5085710242760403,0.9576784271758219
0.5085471005127764,1.232617200674802,-0.4452349652865142
-0.8075557353516714,-0.7284928355955497,-0.5695183377686999
-0.93140724283282,-1.458501595814441,-1.0199997832342727
-0.8126345861615057,-0.5669475537296815,0.8361432394906214
0.6366662809328221,1.2282744122994547,0.2528738659452742
-0.571942362922405,1.231738974454184,4.580862338683876
-0.8131435499364665,-1.2418832042238597,-0.56901790533873
-0.7440025020728307,-0.7236599056750571,0.37511357302909126
-0.9677470046697557,-1.458501595814441,-1.0199997832342727
0.621199247556834,-0.055545951206470205,0.250332563828835
1.7988655546729253,1.231577832028383,0.24918352623823378
-0.2116416749619041,1.23159663197806,-0.22421436966568062
-0.8128479877866834,-1.458501595814441,-1.0199997832342727
0.15552543951116313,0.2805796919190484,-0.3177337284082652
-0.49032909572845235,-0.05616366383870864,-0.5677039207460717
-0.8536974095780931,-0.5106242473514594,0.9534037836818332
-0.812961250654301,-0.7935876613515594,-0.6083731417447975
-0.8129878584390747,-1.458501595814441,-1.0199997832342727
-0.8134527755432953,-1.458501595814441,-1.0199997832342727
-0.46676718318207117,0.6155679380891189,0.5004061975069145
-0.12263000534224175,1.2304498350477737,0.23296280579865114
-0.4825878484002875,-0.05765825983801649,0.2508246091231071
0.006652726314662517,0.6271607927719787,0.49993931361973615
-0.9314764590296974,-1.458501595814441,-1.0199997832342727
0.7203729335720742,1.228745753894924,0.23539787086291805
-0.008333928676763844,-0.05636106331031547,0.25682141114704776
0.7198353844067149,0.6159023086226567,0.252297949294024
1.3095086607907553,0.6169013916626253,-0.4479328272693127
1.5694893706027946,0.38906077296852715,-0.5732673874256251
-0.3761083478590565,-0.05798994466445748,0.2621500380270623
-0.8126018657775274,-0.7262408701949757,-0.6848134964947226
0.3547967129332097,0.6176614467709884,0.24923664476431995
-0.7518552144453174,-0.11181420058920995,1.783693873511254
-0.8132773079896528,-1.458501595814441,-1.0199997832342727
-0.11470124504435458,0.6123786609118003,0.25804872867082873
-0.8131376171195913,-0.24499841551403803,1.5064151673413477
-0.8128870005521962,-0.5685092924064065,0.8328918265517666
-0.5717945818475134,1.2314704037445152,4.580303196304022
2.834138503749558,1.2318464027380518,-0.09036966248798088
-0.8128273128187852,-0.7857010824621309,-0.5663619790344206
-0.932191633136654,-1.458501595814441,-1.0199997832342727
-0.813032264674474,-1.458501595814441,-1.0199997832342727
1.64773711258754,1.232262687338039,-0.318930293101154
-0.023984340028894772,-0.05382172725039552,0.14225872893863473
0.9737741494695114,0.6056294789778198,0.2324036634187966
-0.5721257408985476,1.2318423741774067,4.581077608500121
-0.488350770974066,-0.054482411196181024,0.03182531320544791
-0.8131358192962956,-1.458501595814441,-1.0199997832342727
1.4310997650424508,0.024277292267784384,-0.036090915963593574
0.9479228887386194,1.228979410412336,0.009210799652227755
0.24551890043250701,0.5393838277308788,0.23255742757325654
0.7175496318687951,-0.03963179380503701,0.3668522443667393
-0.8128767529594118,-0.7247677598524416,0.06720225157884974
-0.4744169213044942,-0.05752128877608527,0.3752477672002564
-0.5274117181510956,-0.0557500649458185,-0.4449581898084861
1.3512134869061716,1.2355056786572916,0.4996401724465137
0.7024071055976475,1.2278017278504376,0.24954696878513918
-0.842113494738091,-1.458501595814441,-1.0199997832342727
-0.6253876942868628,-0.05658129129224378,-0.567871663460028
0.16352629252320053,1.231187061645815,1.7819801021169996
-0.8128380997585583,-1.458501595814441,-1.0199997832342727
-0.8125734601694582,-0.7874494777820756,-0.5613492675990239
-0.6262779763828026,-0.06178216308498285,1.8878565074543714
-0.7517360187608249,-1.458501595814441,-1.0199997832342727
1.626755436034884,1.2295366946348993,0.2499858955533251
1.2354879609384286,0.626974136128759,0.2322694692476315
-0.10644959568259253,0.6163870787536092,0.5024834114480745
0.00048313611143815737,-0.05569903651098143,0.25084697481830115
0.6369983388955043,0.6053125655404102,0.275228378291862
-0.8124877039982621,-0.7271566963149467,-0.6837203731421069
-0.8131244930095339,-1.458501595814441,-1.0199997832342727
-0.5718605619624589,0.28403216839184275,-0.5664402589676002
1.0802052885640931,-0.051454276444663855,0.1359040757915869
1.7914678713765337,1.2285658115194458,0.13306642821382472
0.6369059307781146,0.6273662493648755,0.2791032349842545
0.7192163938460685,1.2292775239000684,0.26070185926323886
-0.2045985224193883,0.5584174339251166,0.37774713363820656
0.92036225761835,1.2305451776497058,0.9536078706504801
1.4350416724002006,1.2296588943077984,0.18463333419591704
1.610677682085409,1.2304672921439017,0.2635339154172026
-0.39213198732733673,1.2286302684897663,4.574390265637059
-0.751776469784974,-1.458501595814441,-1.0199997832342727
1.0868759321197776,1.2313226898541976,0.26021540539276544
-0.812916305071913,-0.7869311363124147,-0.5670469284497425
-0.7516502625896286,-1.458501595814441,-1.0199997832342727
-0.8129466882856075,-0.7250497590975938,-0.6906341686690092
1.4389262291948233,1.2297099227426356,0.13909118735675832
0.2543631123524713,-0.16856587724935398,0.3757621781897227
-0.7517182203101991,-1.458501595814441,-1.0199997832342727
1.4513529635957634,0.5616308824663055,0.23320044131008938
-0.8126795317438936,-0.7275246381871932,-0.6845898395427807
-0.8128163460966824,-1.2398957809723095,-0.5648802517278059
1.0651548108456756,1.2283925834117095,0.2440450077673698
0.32899201582567156,-0.06125845020112856,0.14222238468394405
1.079300983446448,1.2292264954652312,0.259024432123675
-0.2034951982629298,0.6199792119954313,0.5002216805215625
1.7093294599979605,0.44514773712224065,0.2607046549751382
0.3435362265040711,0.0041841746239024554,0.011978554432508101
-0.8133260290009614,-0.5710338570772945,0.8276358881811333
0.3600738636525394,-0.057047261473519524,0.2532065556612877
0.28281456491566903,1.2310675476800121,0.24969514151580072
-0.8421659911783201,-1.458501595814441,-1.0199997832342727
-0.8129328450462319,-1.458501595814441,-1.0199997832342727
-0.8363340321899939,-0.7277676946794436,0.5013287824336747
2.055635711643831,1.228714868263312,0.27587977916439255
-0.7742028771379068,-0.9512547821698081,0.036046838173350325
-0.5719608805023487,-0.17424614775885217,0.37826993176337076
0.7194896629869869,1.230026836180045,0.49915371857604013
2.584980690176528,0.6176936752561485,-0.4472506735658901
0.15600491898407734,1.2308580625264702,1.9002191454729567
0.3680842451280431,0.6138799711788496,0.4978173682881877
-0.3841550453651296,1.2290626673323335,0.505631383046656
-0.48254703781147934,1.2276258140356042,4.572299073136403
1.2715478016882522,0.9519567805101129,-0.6955490301879312
-0.8133244109599954,-0.7708370365355034,-0.5702703842696043
-0.8129714982470855,-1.2394794963723226,-0.5640135810390312
-0.5718321563543898,1.2302242356516513,4.577708775661496
-0.8126696437157682,-0.7289118059026332,-0.6814278893847029
0.17950264923880865,0.6171632481045525,0.2514536443004435
1.3562862251168013,0.6155424238717004,0.2544198946255722
-0.8133742106652813,-0.7706893226451854,-0.5729291062858131
-0.8127863224476473,-1.458501595814441,-1.0199997832342727
0.2672657305797348,0.6154940811439601,-0.5677430607126615
-0.8127156679921335,-1.458501595814441,-1.0199997832342727
-0.0828274560558115,0.06132930737371132,0.13740816879339576
-0.45080952382873646,-0.060936165349525805,0.0557789727584199
1.4427692562713197,1.2276875852988283,0.2355628178649751
-0.8125540436778667,-1.458501595814441,-1.0199997832342727
-0.804834729793907,-1.1816817367980181,-0.44368334518241764
-0.8126895995543485,-1.458501595814441,-1.0199997832342727
-0.8129812064928814,-1.458501595814441,-1.0199997832342727
-0.4902526882383929,0.6138437141330443,-0.4424029091325505
-0.8130417931379402,-1.2394230965232922,-0.5638961611392617
2.3323739323933803,1.2335947980579964,0.2507379420542296
-0.8131009415243627,-0.728684863652963,-0.6888393216296759
0.883016613647573,0.4997065339379378,0.3803667156878253
0.36726281966432156,-0.05283472989236225,0.24785835879797824
-0.39218825919648637,1.2292667810716817,0.37782541357138627
-0.6351083450633913,-0.056543691392890234,-0.7154433160631587
1.0869341815945524,0.6148186258091426,0.14331550803655993
-0.8127284325375317,-0.7881343330917314,-0.5628673391603293
-0.16726024952412266,1.2320209736993366,0.9604685476512962
-0.8424705424445808,-1.458501595814441,-1.0199997832342727
-0.8128736966598095,-1.2384078992407437,-0.5617826029434112
0.42989071329295997,0.6258085392487955,-0.4399314998135931
0.9909244847970918,1.2281132698736534,0.23231420063801977
-0.4826304568123913,-0.060619251912116284,0.2543080661496013
0.15626488423260915,0.7317274557280329,0.018590413074289002
-0.8128039411159435,-0.7860448529705072,-0.5671084341115264
1.0179813658299575,0.6626161550089242,0.0276149710851426
-0.13115474406259275,0.2868776750607852,-0.4462721744011445
-0.8423882021376461,-1.458501595814441,-1.0199997832342727
-0.838897548427071,-1.0394722031747652,-0.4454949664931465
-0.932216443098132,-1.458501595814441,-1.0199997832342727
1.341719901211867,0.7212142552980421,-0.21321044763014171
-0.9320017829966474,-1.458501595814441,-1.0199997832342727
1.0802155361568775,0.6267753938036038,0.27756000201585573
-0.812753961628328,-1.2407068645155097,-0.5665688617149668
1.0106246729047033,1.2299529792348858,-0.4435938824016409
1.0793500640224156,0.49921236383214673,0.2523314978368152
-0.6235319810812305,-0.03979427908438677,1.9336334940930688
-0.48203843360117765,0.2843705674860255,-0.4453915251528735
-0.20474073024206374,0.617686960988407,0.2483895440588402
0.8832334311370122,1.2289538961949174,0.3857959881962137
-0.8104527478100668,-1.458501595814441,-1.0199997832342727
0.3304734222211772,0.12221160154856377,-0.23394903849894952
-0.7440636280648782,-0.724383703737615,0.37845165303682343
-0.8134617646597729,-1.244362111874104,-0.5741787895047882
0.636866918012602,-0.039189994987631566,0.23384065933502302
0.9570561906445026,0.6164918213303802,-0.44924960757387034
-0.4663227612634195,0.6141471990349703,0.386648680325492
-0.8420890443412722,-1.458501595814441,-1.0199997832342727
-0.813260048886016,-0.5718717976914616,0.825891363955987
-0.9573791375068412,-1.458501595814441,-1.0199997832342727
-0.45160110542575244,-0.05526395196131776,-0.4418130139218039
-0.8046887465423112,-1.1778465470639456,-0.43569879199809364
0.7261275861586933,1.228462411796223,0.366460844700841
2.0386518547534154,1.2507134950922951,-0.5700355444700654
-0.8422278362996859,-1.458501595814441,-1.0199997832342727
-0.0987498780725541,0.7228377652379908,0.03599931107106256
0.336235805447967,1.230330321081971,0.2626309004737373
1.3417968480489149,1.2313535754858096,0.25302203867593565
-0.8052464313285802,-1.1832622754244198,-0.44697389808786203
-0.3902719593457952,-0.061837220080464925,0.23427119896751103
1.4484343772578216,1.2275788141614121,0.23242882482589
-0.2046389734435375,1.2275224143123822,3.3018297361902316
-0.8129653856478808,-0.5685804636444687,0.8327436538211053
-0.8421728229068431,-1.458501595814441,-1.0199997832342727
-0.932127810409663,-1.458501595814441,-1.0199997832342727
0.5161242065740604,0.5611246266785795,0.3678866577694703
-0.6261575222220029,-0.06107716497210203,1.8893242562014894
-0.7516880168788346,-1.458501595814441,-1.0199997832342727
0.5828209338851119,1.2311185761148493,0.032046174445490475
-0.38377408660880963,-0.05417355488006181,0.38457985352003
2.8787002508638793,1.229030438847173,0.23235334060460963
-0.8128055591569094,-0.7874978205098162,-0.5632839002333209
-0.8127825470187268,-0.7271795248252687,0.025940339657477964
-0.49043984164345616,-0.05777508809672241,-0.5625346494443157
-0.1064902264890713,0.6141001991607782,0.37946929216815894
-0.813262026491641,-1.458501595814441,-1.0199997832342727
0.6279748839929771,0.9531546058752366,-0.6775781940994038
0.4182803704505138,0.6267418224648953,-0.4830357858765858
1.7919394404269477,1.2294708948110302,0.25682420685894713
3.923649084916982,0.6051541088217058,-0.2145495936298934
0.3606594146998892,1.2279682416904323,0.49891608306460195
-0.960536654560757,-1.458501595814441,-1.0199997832342727
-0.391993914498241,-0.054624753672305786,0.2542968833020042
-0.812719083856395,-0.18614114449008948,1.628951219886488
-0.4652633039953716,0.6264839945836131,0.36967032196120664
0.7117131783222301,-0.03900065263731504,0.09928304562300862
1.3180526362203682,1.2311736331103313,-0.5647376704209429
-0.8420547059163278,-1.458501595814441,-1.0199997832342727
-0.3029322653909633,-0.05580109338065558,-0.44661325125285584
-0.9714555545637473,-1.458501595814441,-1.0199997832342727
-0.48224122806891195,-0.11598644656391706,0.2528850487928713
-0.1225471256883185,1.2287914109155675,-0.4454726007979524
-0.5722028675179253,0.5600409438650653,0.3741406652881442
-0.8422125548016741,-0.7864436804743655,0.3791701509949365
0.7061264424314121,-0.06100062231984642,0.3673386982372128
-0.9342952661747378,-1.458501595814441,-1.0199997832342727
1.963796065980321,1.2317027174083792,0.24261360327494194
-0.11437943467445716,0.6139430852956219,1.775997278652555
-0.4737704240474265,0.605454908016535,3.27698983596519
-0.8129839032278245,-0.7268733542162461,-0.6900750262891546
-0.8126525643944609,-1.458501595814441,-1.0199997832342727
-0.8131980239823207,-0.5688288915509124,0.8322264471197398
-0.8133332202941436,-0.7926476638677181,-0.5701278029627415
0.6875443206312825,1.2302309499193933,0.25927884190650885
-0.812891495110435,-1.458501595814441,-1.0199997832342727
-0.8128688425369115,-0.7294731186858413,-0.685831135626058
-0.2120019587503257,0.28220991612673896,-0.5713718947579179
-0.8132972638282331,-0.5563269250158231,0.8582545249019725
1.0792869604247433,1.2288290108149211,0.2531925771017914
-0.8134615848774434,-1.458501595814441,-1.0199997832342727
-0.6254117851190227,-0.05693714748255537,1.8979434359869483
-0.8130479057371449,-1.458501595814441,-1.0199997832342727
-0.6234947661390133,-0.06171099184692077,-0.5265426544530738
2.0770485062227517,1.2307748056064727,0.5032941678988638
-0.11414481873439218,0.6055475649113706,0.23166559547738855
-0.8134159201657372,-1.458501595814441,-1.0199997832342727
-0.25748221378632685,0.2810174621758088,-0.5671811226209076
2.159407510519684,0.626094567054593,0.1410593685338465
-0.257169392532907,-0.053107329162676166,-0.4424057048444498
4.234712067153851,1.2302081214090712,-0.45633953295042695
1.4550794917227106,1.2296790371110233,0.1386858091313637
0.2679690390529408,0.616553592593604,-0.317037596145346
-0.4820253094911204,0.5579769779612597,0.3770062699848991
-0.7517115683640058,-1.458501595814441,-1.0199997832342727
1.065701708692172,0.02421954956520554,0.23180538107235218
0.8829349924699563,0.5004639033392042,0.36703955706399055
-0.9321402153904021,-1.458501595814441,-1.0199997832342727
-0.8126428561486652,-0.19694842984716776,1.6064513305211379
-0.8129220581064589,-1.458501595814441,-1.0199997832342727
-0.8133616259022127,-1.458501595814441,-1.0199997832342727
0.35206851608226325,-0.050484736182758824,0.26218358656985363
-0.8104816927651246,-1.458501595814441,-1.0199997832342727
-0.813077210256862,-1.458501595814441,-1.0199997832342727
-0.4370854801377515,1.2313482040716162,-0.44370011945381327
-0.7520826390922003,-0.7837552876705794,0.3847671662172814
1.0743384518038337,-0.060750851559854276,0.2774481735398848
-0.7414939992285963,-0.040801419245645336,1.9315367101686138
1.8152428259834335,1.2301624643884277,0.2541878505379325
3.4584279687771224,1.2325339437548044,-0.30608679263589345
-0.7519934670567426,-1.458501595814441,-1.0199997832342727
-0.963068529107833,-1.458501595814441,-1.0199997832342727
-0.8129263728823681,-0.5685240637954382,0.8328610737208747
-0.6254150212009546,-0.05808663011993839,1.8955503066011705
-0.8130101514479391,-1.458501595814441,-1.0199997832342727
1.1672226328020388,1.2302631784045532,-0.4421988221639036
-0.015960834443333734,0.613834314158206,0.25256354192445485
-0.81291756354822,-1.458501595814441,-1.0199997832342727
2.158979269010693,0.619951012070916,0.24883685796272387
-0.6723984362943372,-0.4906587007946703,-0.7059239170461338
-0.11449737188264293,0.6154833383155733,0.2561308703079273
-0.8127843448420222,-0.7874159064433671,-0.5624619609349346
-0.12857972175642435,0.9494953299559972,-0.4395708529785869
-0.07673553181895361,0.32655228314662943,-0.4395456915714934
-0.8130008027668025,-1.2409526067148569,-0.5670804769925337
-0.8128051995922503,-0.7893227584820165,-0.5578965634034216
-0.1206635462216058,0.6188391293328865,0.03918083121243542
1.6039191249705733,0.5183251983857369,0.14354196070040104
-0.8134268868878399,-1.458501595814441,-1.0199997832342727
1.710580205664652,1.2348476804186026,0.2574644248838806
0.7109805653293071,0.6171457910084239,0.24939040891877987
1.0888616279496757,1.228623554222025,0.14441981423677275
-0.07717743678499156,0.617711132352277,0.26190960680372494
-0.11421475406058781,1.2280313558072045,1.7561141756249248
0.3594491200573474,0.613273001374998,0.2654433866444061
-0.4535251359166142,-0.3613620468923003,-0.5689927439316366
-0.44519995558206565,0.28519642241825754,-0.5673740267419575
-0.1379080874898712,1.2338902258386324,-0.44163967978404894
-0.9745751375461277,-1.458501595814441,-1.0199997832342727
0.8912955899234267,-0.05309255777364439,0.2539613978740914
-0.8131733938031721,-0.569165947791547,-0.2274378254855424
-0.8422488708322435,-1.458501595814441,-1.0199997832342727
-0.623405054756567,-0.060346652641802376,-0.528991698076837
2.5272263359373763,1.2316745174838641,0.2527564460455048
-0.8132064737518094,-1.458501595814441,-1.0199997832342727
-0.12856821568733304,0.618123388391619,1.4326866531337172
0.9881374991243821,0.6161587936503906,0.03032681162743758
-0.8104930190518864,-1.2222117425941579,-0.5280635217262784
-0.6642801854211025,-0.05511086665680653,0.9586988620190564
-0.812767625085374,-0.7273742385897786,-0.6922305201634941
1.0713635935967423,1.2308338911626002,0.13623396979570113
2.8636210079727342,1.229767665445214,0.03064552278395457
-0.8420793360954762,-1.458501595814441,-1.0199997832342727
0.7197345265198363,0.6198865551005954,0.24837276978744455
0.5156314232087595,1.233319513080586,0.271093520392837
-0.812931586569925,-0.7860032245105085,-0.5654645555147539
-0.9314827514112317,-1.458501595814441,-1.0199997832342727
-0.3681044385474167,-0.05334232853363653,0.505855039998598
0.8929103948074596,0.6256782824546061,0.2328621601702774
-0.8133121857615859,-1.242917201456085,-0.5711706035011703
0.43360771295644046,1.2312904613690374,0.5012952338908835
0.26168187120618985,-0.05437766861941011,0.25244053060088684
-0.8835565577816802,-0.7139107889140746,0.5301777335222738
0.35954997794422594,0.004318459978736911,0.2546407558656149
-0.8130184214350985,-0.7869955932827352,-0.5666918730385347
-0.813063906364475,-1.458501595814441,-1.0199997832342727
0.9732916136969947,1.2329367998193081,0.03138359072536279
-0.8129594528310056,-1.458501595814441,-1.0199997832342727
-0.7520785040986206,-1.458501595814441,-1.0199997832342727
0.9908601227231122,0.6257534822533135,0.09770067268802
-0.19607719956329892,0.6187330439025673,3.297770362512487
2.4357712446767774,1.2507228950671336,-0.43829321264061905
-0.8421872054932074,-1.458501595814441,-1.0199997832342727
2.3296651520340252,1.230114121660687,0.13133867826007392
-0.8049990508431173,-0.728057751045886,-0.5649613273728847
-0.14486836037846362,0.11676633041002608,-0.21684766881109602
0.1411592133390197,0.004840830009042965,0.031984668783706406
-0.8128643479786727,-0.7304292304122628,-0.6838461801775741
1.655725380836509,1.2287390396271824,-0.43957924011428473
1.4398418605992298,1.2284543546749331,0.14452045986514667
-0.8134186169006805,-0.7281718935974953,-0.7051495048500352
-0.0680635513706998,1.2287094968491183,-0.5726495350958858
-0.8343328750797544,-0.7270935821981745,0.5027322298071099
0.9653605162288234,0.6171122196697154,-0.5677822006792512
-0.8133920091159068,-1.458501595814441,-1.0199997832342727
-0.4449932059030812,1.2278366420426945,-0.4380667599767779
-0.4364343085401154,0.6050936804120303,0.41246148829148066
3.3907111565281944,1.22904923879685,-0.686404256565409
-0.1062685548767341,0.5589894895367115,0.3774703581601785
-0.8760281727317045,-0.7292663192393962,0.498208767954086
-0.8131232345332271,-1.458501595814441,-1.0199997832342727
-0.8129772512816311,-0.5700804310579698,0.8296208436296172
1.7165559905166192,0.6172854477774519,0.25127192302699075
1.2417700948799522,1.2271007582982016,0.12801178109993902
0.9649953783175038,1.2501548680161838,-0.5726215779768931
-0.8133986610621002,-0.5768457272345303,0.8155360470810793
-0.5641218315869078,0.3406267311868303,-0.44376162511559725
-0.8127262751495771,-1.237720358223991,-0.5603511984509834
1.440758211132955,0.55804143493158,0.12526080059105418
-0.1226859176467323,0.3477263978969288,-0.43863708520422967
0.9931219642112018,0.6326074067640649,0.3758069095801111
0.8452768868104182,0.6149784253813956,-0.21339216890359441
-0.8129348226518569,-0.5670764676703226,0.8358748511482912
-0.9321384175671066,-1.458501595814441,-1.0199997832342727
0.6658686842865572,0.49821193793862995,-0.08059864940002132
0.695867523360206,0.11904649573511537,0.014849750553061576
-0.47383766263867877,-0.10376782212752847,0.2775236577611652
1.0878597010270843,0.6195669559560895,0.2612414316597985
-0.8128945514100375,-1.458501595814441,-1.0199997832342727
-0.3845399593326997,-0.10359190831269548,0.3675008495273707
-0.8131946081180591,-0.7266182120420606,-0.6925911669985003
0.2906899298616794,0.6191896141090045,-0.6978638796405294
0.7117951590645056,0.6255533970746102,0.2325937718279472
1.4397307551195668,0.6207540384928263,0.23594862610707487
-0.30140843036568343,-0.05463146794004725,0.9593446714677885
-0.8104416013056346,-0.5553694704358534,0.8602478674861541
0.6425045323026828,1.2324896295877088,-0.448631755244131
1.8024416049900376,0.6258568819765362,0.0992131528255268
-0.8132300252369808,-1.458501595814441,-1.0199997832342727
0.10302468450616961,1.2317148030903142,0.9580726225536191
2.5344291351885344,0.6793373673929124,0.11940657987397635
-0.8422948951086087,-1.458501595814441,-1.0199997832342727
-0.8131115486818064,-1.458501595814441,-1.0199997832342727
-0.8421774972474114,-1.458501595814441,-1.0199997832342727
-0.8128684829722523,-1.458501595814441,-1.0199997832342727
-0.750099100650257,-1.458501595814441,-1.0199997832342727
-0.812894371627708,-1.458501595814441,-1.0199997832342727
-0.6234573714144666,-0.04077321932113003,1.9315954201184986
0.5621049756155334,1.2277614422439875,-0.440278168089103
1.9108401021169028,1.2321176591548177,-0.6915064307815824
-0.9627123803129912,-1.458501595814441,-1.0199997832342727
-0.8128821464292982,-0.7280322368284675,-0.6868012476551058
-0.7519267678124791,-1.458501595814441,-1.0199997832342727
2.0474940890677544,1.2336216551289636,-0.08833717993720924
-0.8342422647856605,-0.7270183823994673,0.5028887896734691
2.0620834251108717,0.2876431015833416,-0.5699572645368858
-0.11383199748097232,0.6183207878632254,0.25270332751941865
-0.8449091099626194,-1.458501595814441,-1.0199997832342727
-0.3760310414573493,0.6053864224855694,0.36714579411616305
-0.6263779353580332,-0.06188153424756053,1.8876496247738248
-0.22661718344889817,-0.05378278449749344,0.03140875213245619
-0.4897467807630346,0.2804145209326019,-0.4412874200847406
0.3762095075121304,0.6143043129001265,0.4969926332779023
0.05863804538083123,0.5610359983443887,-0.48136395016082045
-0.5638701363255355,-0.05580646479484911,1.9002974254061362
-0.8132257104610716,-0.787442763514334,-0.5715200674885794
-0.8130403548793038,-0.7279167514233098,-0.6892642698383654
0.8069018092206283,1.2501709822587637,-0.48337127130449853
-0.8135139015353429,-1.458501595814441,-1.0199997832342727
-0.7440683024054466,-0.05289515830203756,1.9063585288037608
-0.6263173487129744,-0.062038648112716754,-0.5723475982107642
1.4552488466771478,1.2312582328838768,0.26482553431466666
-0.016390693993291794,-0.060444680950831525,0.36748127954407567
0.7270270371534403,0.11494676385201902,0.010977689572568415
1.0715322294218619,1.2284852403065452,0.25549903941869156
-0.812967722818165,-1.2426177451148042,-0.5705471597476325
3.2473023878914278,1.230930576618081,0.13771290139041661
-0.6262416603522332,-0.06143570686951009,1.8885778011243834
-0.9320936517670482,-1.458501595814441,-1.0199997832342727
-0.8124634333837726,-0.5659860705890666,0.8381449692105011
-0.47445503515835924,0.6140357421904575,3.294854435001545
-0.8127559392339531,-1.458501595814441,-1.0199997832342727
5.625658646375315,1.2311628902819443,-0.09496301713848661
-0.8132095300514119,-0.23614363921625306,1.5248500916051544
0.2533477017551635,1.230326292521326,0.3784264916297299
0.15616438591038975,1.232567515093513,1.902503242094663
-0.4820522768405532,1.230989662174208,4.579302331444082
-0.8132435089116972,-1.2432972290102666,-0.5719617899686645
0.5478405062419163,0.6266894511765096,0.23278388023709765
-0.8131196388866362,-1.458501595814441,-1.0199997832342727
-0.8421627550963883,-0.7871997070220836,0.3775961651956458
-0.8130739741749301,-0.7860730528950224,-0.5692918851048588
-0.4825029911407392,0.49691071285028393,0.5012141582458047
-0.18017275577951145,0.6166798208271485,-0.5686991941822129
-0.6233886945645779,-0.06106239358307026,0.8584222676159288
0.7348189830985387,0.6257977964204088,0.23354710958559927
-0.625233980395096,-0.05657994843869554,1.898687095352155
-0.6262477729514379,-0.060801879994691346,1.8898973771408403
-0.4290071409416773,0.6174103331574479,-0.4410106446067125
-0.8419101609233681,-0.7853479119789163,0.38145145190474344
-0.6263135732840538,-0.06031308130309383,1.890915016272176
-0.8107481301775201,-0.5567324667874233,0.857410219908392
1.0798628032262971,0.5000919329063126,0.12593736287067833
0.6213950305137158,1.230339721056809,0.3833245788772563
0.8759583593893748,1.232307001505134,0.036295656532385645
-0.8126397998490628,-0.5652139297987684,0.839752503552583
-0.8131169421516928,-1.24290511577415,-0.5711454420940768
-0.9322462869648377,-1.458501595814441,-1.0199997832342727
-0.8131926305124342,-0.7854781687731057,-0.5708267309375598
-0.19657160096956594,-0.05687671907287976,0.27131158592098037
-0.6262781561651322,-0.05996796794116931,1.891633514230289
0.15584994661600388,0.5609930270308419,0.36971784906349425
-0.8134045938789755,-0.7915599524935589,-0.5736168514130343
-0.8129585539193577,-0.7280241797071775,-0.6902763175459022
1.0027394199305677,1.2312058615954913,-0.4480222900500895
1.0867682425043763,0.6166798208271485,0.2529493501665546
0.23019928856675123,0.6163467931471589,0.25552420082578514
0.34402918965170165,-0.05396675543361674,1.6561479052426165
0.23713079628261535,0.28177080301643026,-0.48311406580976546
3.3205800473757177,1.2311239475290428,-0.5695770477185846
-0.8048081220091333,-0.5129728982075142,0.9485140835700046
-0.09917362502330736,-0.05548820850389136,-0.563694869882514
0.1688845250731582,1.2308231483342131,0.13658063807121104
0.23696647523340517,1.2266589594807962,0.25625667734339463
-0.0998082566466248,0.26197042744608756,-0.3052676490494063
-0.7515938109381496,-1.458501595814441,-1.0199997832342727
-0.8126522048298018,-1.458501595814441,-1.0199997832342727
-0.3681292485088948,-0.05315970045106147,1.9004372110011
-0.9320887976441504,-1.458501595814441,-1.0199997832342727
-0.8132537565044816,-0.785311654933111,-0.5705080197810426
-0.8132037770168663,-1.2418442614709577,-0.5689368296936511
-0.812910372255038,-1.2407149216367996,-0.5665856359863625
0.37607754728223936,0.6181797882406496,0.250332563828835
0.35885673728147477,0.6112546924918357,0.12650489238623078
0.5242564804690002,1.2304941492148687,-0.5595460334239927
-0.8391526595527048,-1.458501595814441,-1.0199997832342727
-0.1965111941068366,0.0007652694898169159,0.26281262174719006
1.080712094951099,1.229352723698776,0.11876915756094206
0.5154733945410834,0.6222204345676186,0.24445877312846215
-0.46637094292773934,0.6148830827794631,0.5053685861281245
0.7270507684209409,0.6160379368310397,0.25735539211980907
-0.813016983176462,-1.458501595814441,-1.0199997832342727
-0.8104710856076811,-0.5567485810300035,0.8573766713656006
-0.9321389569140953,-1.458501595814441,-1.0199997832342727
0.32798613369182994,1.2305465205032544,0.26104293611495016
0.582766459839258,0.6182375309432284,0.03454833659533984
-0.10654110488833435,-0.17454426124658462,0.26570338785103853
-0.9321177425992081,-1.458501595814441,-1.0199997832342727
-0.9374063993876294,-1.458501595814441,-1.0199997832342727
-0.8128206608725916,-0.7865967657788768,-0.5615281931605773
1.673161210503417,1.249649955082006,-0.5700131787748712
-0.8420780776191694,-1.458501595814441,-1.0199997832342727
-0.8134980806903422,-1.458501595814441,-1.0199997832342727
-0.8128857420758894,-0.56655946905421,0.8369512002295113
-0.9318890594760184,-1.458501595814441,-1.0199997832342727
-0.3919340469825003,-0.05519412357680391,0.26106809752204374
-0.48209021091208853,0.5572424370703151,0.38015144587158134
-0.7518099092982705,-1.458501595814441,-1.0199997832342727
-0.9318942731635755,-1.458501595814441,-1.0199997832342727
-0.8129251144060612,-0.5679372367948116,0.8340827998208571
0.5967191866534324,0.8926268250371472,-0.5658922994353427
1.0802167946331844,1.2291096672065256,0.36862472571087834
-0.8133529963503942,-1.2439673129308906,-0.5733568502064018
-0.5715723708881876,0.2183585727564964,-0.43885235502047365
0.26851917298136896,0.6043980822739876,0.2794135590050737
0.29867568115803456,1.2320518593309486,-0.0912810645671439
-0.8129517221908348,-1.239005469069757,-0.5630266947385878
1.385997951810156,0.7900247568223215,-0.1045523089529933
0.15571582899815828,1.2305304062606743,0.37866971856496684
-0.12227133959478619,1.230236321333587,4.576515006680507
-0.6272182379663577,-0.0898437736847424,1.8294345158952607
0.776823326574988,0.4013613114713647,-0.5756968610660934
-0.03198015913570466,0.6118737479776227,0.263793916623835
1.7016779240522422,1.2282784408601004,0.23296839722244972
0.25368011928250456,1.230260492697457,0.3855611483966748
0.2686691114442149,1.2279427274730137,-0.4389082692584591
1.8008616778779372,1.228317383613002,0.23979272996857542
-0.48233399575096064,1.2305075777503522,4.578298670872243
0.007539412764011164,0.6135966290801489,0.26318445142979335
1.4317343966657685,1.2296629228684435,0.26962856735761787
-0.831427053287211,-0.5244140104394113,-0.8487568379799965
-0.6264029251018409,-0.06267918925527727,0.8157093812188343
-0.5562477251172042,0.6189291005206257,0.5015412565380194
-0.8131476849300462,-1.458501595814441,-1.0199997832342727
-0.09097015732586518,0.06722846301158973,-0.4395345087238963
0.11054461978665649,0.8931156237287448,-0.44438786458103446
0.3435723627523109,-0.06092676537468727,0.2764025772895566
0.3438921955165833,-0.042710956991391553,0.2516437527095941
-0.6254437863736829,-0.05707546139803483,1.8976554776613233
-0.8130700189636798,-1.458501595814441,-1.0199997832342727
-0.8423624932645201,-1.458501595814441,-1.0199997832342727
0.6129524523179698,0.49502937502905303,0.24882287940322756
-0.8420133559805308,-0.7862610523917907,0.3795503678132377
-0.937043239081935,-1.458501595814441,-1.0199997832342727
-0.6235071711197524,-0.0403999060346902,0.8152704544506485
-0.3845593758242913,1.2287726109658912,1.889648558781805
0.9971305708132151,1.230437749365838,0.37483959326296257
0.3517084120761712,1.2286772683639584,0.2616635841565888
1.8220234963248036,1.2303988066129365,0.2637044538430582
-0.812611214458664,-0.7291441195664969,-0.6794820739028088
-0.8423258176692916,-1.458501595814441,-1.0199997832342727
-0.6263261580471224,-0.06181707727723992,-0.5717772729833126
-0.9320170644946592,-1.458501595814441,-1.0199997832342727
-0.8050797731090861,-0.7284740356458729,-0.5660852035563925
0.27695599814256905,0.6159909369568476,0.4982646821920715
-0.8130133875298712,-0.7858649105950289,-0.5680617718691786
1.4397773187429208,1.2289525533413694,0.23260215896364494
2.167292044364502,0.6162756219090966,0.12875544046514564
0.957723362869469,0.6175755041438944,-0.5673125210801734
0.343584408168391,-0.05290992969106933,0.1293229699806981
-0.8125686060465602,-1.2366380182640253,-0.5580978546601693
-0.5854308917616772,1.0752119362984804,4.254985772568906
-0.853730309744401,-0.5118314726914214,0.9508904386843865
-0.6250414335201463,-0.056907604704491535,1.8980049416487328
-0.8418738448927987,-1.458501595814441,-1.0199997832342727
-0.47542028648572204,-0.05421115477941535,-0.7906395790179073
1.8074303848527664,1.2283858691439675,0.26029088961404584
0.37469915616156685,0.61255726043373,0.3869254558035202
-0.564192306260092,-0.05721511816706252,1.7845912970309208
-0.8420741224079193,-1.458501595814441,-1.0199997832342727
0.5234553704085182,1.22788095620979,0.12208766758537921
0.8930098144357017,1.2282824694207453,0.2768470954815411
2.0381829824379447,1.2308124055058267,-0.5616148602294548
-0.8129432724213459,-1.2421598320548186,-0.5695938219899803
-0.8392044368636158,-0.5119039867830321,0.9507394702418257
-0.8129544189257781,-1.458501595814441,-1.0199997832342727
-0.9319672647893734,-1.458501595814441,-1.0199997832342727
2.751790466174728,1.2292882667284555,-0.48780806608864496
2.107458147919426,1.228110584166557,-0.21505841319556113
2.09095161311397,0.6160285368562012,-0.5690542495934205
0.620974699427224,0.6147568545459187,0.25946335889186095
-0.8496292950249982,-0.7280631224600794,-0.570083071572353
-0.8134355164396584,-0.7707551224690544,-0.5736559913796241
-0.8127971093874204,-1.2382668996181674,-0.5614890531939876
0.359694343154856,0.61883644362579,0.13133588254817474
-0.6234032569332715,-0.03984799322632061,-0.7055185388207392
1.8023811981273081,1.2285711829336392,0.23519378389427115
-0.9320053786432384,-1.458501595814441,-1.0199997832342727
-0.5642539715991283,-0.059543626219892405,0.3782531574919749
-0.8128627299377069,-1.2405390078219665,-0.5662193977275576
0.5075140712471725,1.2283321550020339,0.2793436662075919
-0.932045290320399,-1.458501595814441,-1.0199997832342727
-0.8134522361963066,-0.7929524916231925,-0.5714054433007093
-0.1671755720469038,0.6145017123717333,-0.4450029211988745
-0.8422168695775833,-1.458501595814441,-1.0199997832342727
-0.7529400210218322,-0.1049696760532971,1.7979436170618488
-0.8126473507069039,-0.724586474623415,-0.6908270727900591
-0.8129664643418582,-1.2390511260904005,-0.563121748943163
0.6052971409433306,1.2286369827575079,0.10089896710078837
0.5978861537545523,1.2276392425710878,-0.44339259114489316
-0.8422938164146314,-1.458501595814441,-1.0199997832342727
-0.6263409001981456,-0.06123965025145179,1.8889859750616773
-0.7518760691955455,-1.458501595814441,-1.0199997832342727
0.008319128727276791,-0.05594612156387681,0.1274861872628756
-0.047233611104185606,0.285662392599533,-0.5683720958899979
-0.42962954736658515,0.6164622785523166,0.025839694029104188
-0.8127776928958289,-1.2398232668806988,-0.5647292832852451
0.271352542495103,0.6272923924197167,0.276089457556838
0.7354248495491278,1.230077864614882,0.3748955075009481
-0.48219933878612636,1.2296790371110233,4.576573716630391
0.3606141095528423,0.6259817673565321,0.2349002341448474
-0.8423628528291792,-1.458501595814441,-1.0199997832342727
-0.6235080700314002,-0.06157939219918278,1.8882786599511616
-0.9320808872216501,-1.458501595814441,-1.0199997832342727
-0.6262625151024611,-0.06045810948631506,1.8906130793870544
-0.8104279378485887,-1.210395974222273,-0.5034640527245743
0.24844953218652865,0.2826342578480158,-0.7498557338313113
0.965550725933489,0.6150294538162326,-0.5736979270581132
-0.932144709948641,-1.458501595814441,-1.0199997832342727
0.4256769750529281,0.6170115056535894,-0.5570466669860427
-0.8134342579633514,-0.791541152543882,-0.5729123320144174
-0.8130507822544178,-1.241417234042584,-0.5680477933096822
1.0543450387167232,0.4921126971220482,0.2472992164181237
-0.5643981570274287,0.6171471338619724,3.301332099472161
0.16235303304054638,0.6055542791791124,0.3677552593102046
0.2700471430002284,0.614664197651083,0.3840235068520748
0.7276395555502226,-0.05758306003930911,0.24942954888536975
-0.8135331382446049,-0.577541325372573,0.8140878683172558
-0.8541982831482241,-0.7277744089471854,-0.5920210228459492
0.6138779717505018,1.2279668988368844,0.36677955585735816
-0.20333878763621988,0.9486318751244116,-0.43729793920447785
-0.9711562169850438,-1.458501595814441,-1.0199997832342727
1.3491247758014406,1.2274311002710945,-0.09240773646255092
-0.8127681644323625,-1.458501595814441,-1.0199997832342727
0.7348241967860956,1.2291660670555555,0.3745180863945462
-0.37574123234211204,-0.05300795800009848,0.24799534868104267
-0.9320907752497755,-1.458501595814441,-1.0199997832342727
0.1338645453174611,0.502953553817835,-0.0883064271063173
-0.6663854365001524,-0.05412252644522473,0.9386508119893688
-0.15156794888920624,0.11513744905588379,-0.44216806933301156
-0.0765397488620718,0.62594282460363,-0.5722357697347934
-0.09068232581625298,-0.0545132968277931,0.372868616373975
-0.8118771632071046,-0.5685442065986633,-0.3126008013611997
1.2136879152216533,1.2320505164774,0.032725532437013816
-0.8131167623693633,-0.5634145060439866,0.843498757497609
-0.13687865387085837,0.6156498521555681,1.4299496511843288
-0.8129080350847538,-1.458501595814441,-1.0199997832342727
0.20130089713228802,0.6153101102078369,0.03954706947124018
0.5191411338462668,-0.03866493925022875,0.27622644743990243
0.7274344239122045,-0.05624557790515779,0.2598743285410541
-0.20604253409034723,1.2282126410362313,-0.48149534862008625
-0.8129900158270293,-0.5683521785412501,0.8332189248439817
-0.2032638184047969,0.6263832805674873,-0.30430592415605645
-0.048153737066831064,1.060883688937642,-0.6708768726768463
-0.48234694007868834,0.6166086495890861,0.25428849616630644
4.4260020838377825,1.2295836945090914,-0.5304818125191496
0.2535907674647175,0.6114413491350555,0.2641210149160499
-0.8544580686144262,-1.0539495072794696,-0.5693282293595493
-0.8128242565191827,-0.5663244696832496,0.8374404498118841
0.9891149756501542,1.2341386537450765,0.03416252835324023
-0.8128589545087862,-1.2386885556323475,-0.5623669067303593
0.7202605696161045,1.2324560582490003,0.38268995227612135
-0.813260048886016,-0.18970642066094479,1.6215286047939175
-0.9594326112749804,-1.458501595814441,-1.0199997832342727
-0.48260888293284504,1.22809178421688,4.573269185165451
0.34360688095958486,-0.055598322494855516,0.24495361413463346
-0.8133226131367,-0.7272856102555878,-0.7064746722902906
-0.9319300498471563,-1.458501595814441,-1.0199997832342727
-0.8130642659291342,-0.7865752801221033,-0.5680394061739844
0.35209584299635505,1.2487784431291307,0.5020500761036872
1.8067285146381964,0.620473382101222,0.24716222653505923
-0.19581399823283524,-0.052235817209800285,0.372049472787488
0.27788367496305566,0.618426873293545,-0.5702284485911153
-0.8130849408970326,-1.458501595814441,-1.0199997832342727
-0.48200229735293776,1.2306338059838964,4.578561467790775
1.5130049987395957,1.2318410313238584,-0.447935622981212
-0.8549486945917727,-0.5115763305172358,0.9514216239452484
-0.8130840419853849,-0.7857816536750315,-0.5678353192053375
-0.8420996514987156,-1.458501595814441,-1.0199997832342727
0.730174126832242,0.567082867872585,0.25251321911026803
-0.1140432417181955,0.281653974757724,-0.5700327487581661
0.23549639512466128,0.34129010083971256,-0.5950348002733655
-0.813292949052324,-1.2435120855780017,-0.5724091038725483
-0.8129783299756085,-0.7863926520395285,-0.5683049988044154
-0.7527746212786448,-1.458501595814441,-1.0199997832342727
0.590967051019427,1.2285308973271887,-0.43764460747998774
-0.4824988561471595,0.5613515689282499,0.3688819312056116
-0.18890334526719915,0.6258031678346023,0.23252387903046537
2.7733080738517772,0.6175580470477658,-0.31743738294694207
-0.6279450979247351,-0.11084197462020845,1.6866295520803907
-0.6263097978551332,-0.06048093799663683,1.8905655522847669
-0.4898451216972994,0.33790476704433553,-0.4439517335247478
1.3564537822479434,1.2298522652187602,0.12239240018240005
-0.4669536174578163,0.6157881660710476,0.0347300578687927
-0.8126833071728141,-0.5666386974135621,0.8367862532274544
2.084514506804373,1.2500581825607031,0.006929498742420951
0.2534963817417028,0.4471391889344357,0.5047171852555937
0.6214372793611604,-0.06119130752371118,0.25525581248345497
-0.08467130362769332,0.2850097657750375,-0.5685202686206594
-0.6234027175862829,-0.0386031679870049,1.9361132905477243
-0.6254781247986272,-0.05579035055226881,1.9003309739489278
4.333176332096682,1.2334605127031624,0.2528179517072887
1.5147046608831767,1.2285040402562222,-0.5732645917137259
-0.01599984720884647,1.229961036356176,1.898236985736372
1.3266589961183357,1.2330133424715637,0.2566676469925878
1.0828568981426505,1.2271893866323926,0.2776830133394237
-0.44216594898855177,1.2503562960484356,0.9479801025972433
0.7112261479914745,0.6158606801626582,0.25168289267618393
0.2371047278448304,1.2500998110207016,-0.481973415354862
-0.8423306717921895,-1.458501595814441,-1.0199997832342727
1.0714745192940756,0.6177661893477591,0.25163536557389615
0.14166943559028725,0.6164260215065113,-0.08583781349925908
0.3675770791763779,-0.05352764232330807,0.13138061393856298
-0.4740426144943677,-0.05425681180005919,0.3770677756466832
0.2610639593395208,0.6156686521052449,0.25355042822489837
0.1560863603793643,1.2301436644387507,0.2536594609889699
-0.7746710303240594,-0.9539915177013347,0.030349177322631635
-0.93173606471357,-1.0900964390938124,-0.2530102022281935
0.20828957562894973,0.6171995051503577,-0.5739886810956376
1.0872173387635964,0.613367001123382,0.2514816014194362
-0.8130126684005529,-1.242138346398045,-0.5695490905995919
1.4399393026218466,0.6272574782274596,0.23340452827873628
1.0715058014194179,0.5618524533017825,0.23131892720187863
0.3670864531990315,1.2294735805181267,0.38539340568271857
1.4307094576049944,1.228434211871708,0.23591228185238436
0.25363894912903723,1.2294413520329666,-0.4390536462772213
-0.3760355360155881,0.6042302255804446,0.369122362428949
-0.4449836774396149,0.2830760566654213,-0.43801364145069177
0.9882304465887604,0.6163803644858675,0.2516269784381984
-0.7528233422899532,-0.7273621529078435,0.2341118433892524
-0.8126135516289482,-0.5649252162858743,0.8403535816109267
-0.8420241429203039,-1.458501595814441,-1.0199997832342727
0.7192775198381159,1.2297233512781192,0.25214138942766473
-0.8133900315102818,-1.2436007139121925,-0.5725936208579003
-0.6261612976509234,-0.06105836502242526,1.8893633961680791
1.0711967555949187,0.6161587936503906,0.24972589434669268
-0.7519285656357746,-1.458501595814441,-1.0199997832342727
-0.8105083005498982,-1.2225380560064056,-0.5287428797178017
1.86474301390821,1.0276238922522405,-0.8086411679373269
0.7203650231495741,0.69183261966026,0.14298840974434504
1.4472799949197706,1.227464671609803,0.25125235304369575
-0.6262720435659274,-0.060381566834059444,1.8907724349653128
1.3248543410942963,0.7274974670507471,-0.6652826531664008
-0.44520534905195214,-0.056281834950963096,0.2573581878317083
-0.7502130826471927,-1.458501595814441,-1.0199997832342727
-0.8128422347521378,-1.239044411822659,-0.5631077703836667
1.454143724697394,0.6057933071107178,0.23219678073825034
-0.8125723814754809,-1.2372355880930386,-0.5593419464553459
-0.38408888546785463,0.5581354346799642,0.37981596044366855
0.24525713736067994,0.6135335149633768,0.26155175568061795
-0.007800514504983924,0.6266437941558661,0.3660275093564538
2.1668030364281217,1.2305357776748673,0.26217519943415574
-0.5723666492201468,-0.17611405704459956,0.37435034368058984
-0.8129986453788478,-1.458501595814441,-1.0199997832342727
-0.3918574597101113,-0.11495513503878835,0.2656362907654559
0.30674593014927887,1.230969519370983,-0.4430179657503906
-0.20337258671417568,-0.06088916547533373,0.14387744612831382
-0.8134083693078961,-0.7923482075264372,-0.5718471657807944
-0.8129031809618559,-1.2394083251342605,-0.5638654083083697
-0.9703703884225736,-1.458501595814441,-1.0199997832342727
-0.7746652772895136,-0.9524875217271886,0.03348037464981753
-0.4766420871973551,0.9698422469205162,-0.43817020131705103
-0.03051565227917685,1.2289028677600802,0.2772888179616262
-0.9321657444811984,-1.458501595814441,-1.0199997832342727
2.706164048104801,1.2304780349722888,0.2511405245677249
-0.8420789765308171,-1.458501595814441,-1.0199997832342727
-0.8129294291819704,-0.5676592661103043,0.8346615121840065
-0.8129779704109494,-1.2410036351496938,-0.5671867140447061
2.69133973655696,1.2304498350477737,0.26400639072817966
-0.8105113568495007,-1.458501595814441,-1.0199997832342727
-0.07778959561711493,1.2271276153691688,0.95537755628272
-0.9321756325093239,-1.458501595814441,-1.0199997832342727
-0.10617345002440123,0.49728402613672373,0.3803471457045305
-0.8420816732657604,-0.7850121985918301,0.38215037987956163
-0.4532989697460382,0.29834161580300395,-0.8136007608466372
1.8081081642351762,1.2283737834620325,0.23202344660049537
0.2614657728460687,0.6147192546465652,0.2515459027931195
0.72051496161242,0.6260113101345957,0.2320821565503801
0.9651632950133052,1.007554945972229,-0.556068167821297
-0.8129071361731061,-0.7273433529581667,-0.6885401804564537
-0.12209533269415511,0.28368034076217646,-0.32860066056073967
0.6011625069283018,1.2498674973568378,-0.4363390100230271
0.6139369403545947,1.2338163688934733,0.031129180942528912
-0.8134572701015341,-0.7918943230270968,-0.574740727596542
-0.8131591909991375,-0.7263026414581996,-0.6928260067980393
-0.8127579168395781,-1.458501595814441,-1.0199997832342727
-0.812522222205536,-1.458501595814441,-1.0199997832342727
-0.008018590470730228,-0.05877954255088421,0.2523091321416211
-0.48222055310101347,1.228269040885262,0.38157166751641225
-0.8129463287209483,-1.458501595814441,-1.0199997832342727
-0.626091362324728,-0.06063939471534159,1.8902356582806525
0.3437898993710685,0.6198516409083387,0.2454149065980136
-0.84222621825872,-1.458501595814441,-1.0199997832342727
-0.48248627138409084,0.5610655411224524,0.3676825708008234
0.6957001460113935,1.2302819783542305,0.25311429716861167
1.8109629278461266,0.6252633407081678,0.1425746443832525
3.112260149525007,1.232325801454811,-0.08317909148305042
0.6438340226297175,1.2320827449625606,-0.4408876332831445
-0.01612659375118038,1.229299009556842,0.38071897538713395
-0.7823342521211988,-1.458501595814441,-1.0199997832342727
0.9893129159949906,0.5028461255339677,0.25416548484273843
0.7357418057961275,0.4943794339116543,0.37943574362536764
-0.8130297477218602,-1.458501595814441,-1.0199997832342727
-0.8479467122027242,-0.7488934667020024,-0.7953307835848876
-0.48221767658374065,1.0113887928527532,-0.5666667116314413
0.5911150118766482,1.2277976992897925,-0.4388886992751643
-0.8419275998093347,-1.458501595814441,-1.0199997832342727
-0.12963738120117674,-0.05619723517741718,-0.5604099084008681
-0.7437049623174227,-0.7224593946028369,0.5123802315715014
-0.8126103155470162,-1.2372637880175539,-0.5594006564052305
0.24532976942181875,0.6177715607619526,-0.32318536661184766
-0.7519790844703786,-1.458501595814441,-1.0199997832342727
0.008194539572897482,-0.055067895343259454,0.38149059187133316
-0.8130622883235091,-1.458501595814441,-1.0199997832342727
0.36791704756156013,-0.05300795800009848,0.1289874845527853
-0.44749343876015607,1.2283348407091303,0.1601093494154934
-0.8128884388108327,-0.7865712515614582,-0.564452507807217
-0.7519391727932182,-1.458501595814441,-1.0199997832342727
-0.8133492209214737,-1.458501595814441,-1.0199997832342727
-0.09993841905322018,0.3402843035320025,-0.452716290328969
-0.8132654423559025,-1.458501595814441,-1.0199997832342727
1.4229585020310338,0.6166395352206981,0.24802610151193463
-0.8126293724739487,-0.7254029295808085,-0.6870864102688315
-0.9322123081045522,-1.458501595814441,-1.0199997832342727
-0.8131419318955005,-0.5720007116321026,0.8256229756136568
-0.9322248928676209,-1.458501595814441,-1.0199997832342727
1.7160748930027387,1.2324278583244852,0.02970616358579895
-0.8130594118062362,-0.7858555106201905,-0.5673656396062596
-0.49965314668599004,0.6053353940507323,-0.4394114974003283
-0.8523695372920245,-0.7189773753519791,-0.5494702877390124
0.366641491933391,0.11580350441586283,0.02333194045545627
-0.8134516968493181,-1.2427842589547988,-0.5708938280231423
-0.8129950497322569,-1.239905180947148,-0.5648998217111006
1.2069624380554553,1.2286248970755729,0.055932736912879845
0.3606838650967082,-0.03995407865663976,0.366869018638135
-0.8138065871678529,-0.5687254918276899,0.8324417169359838
-0.8851801719998613,-0.7267256403259281,0.5034982548675108
0.5968462927604254,0.0034482908794095653,-0.5728060949622451
-0.8128539206035588,-0.7276924948807363,-0.6889455586818483
-0.10645570828179735,0.6177581322264691,0.25351687968210707
2.165719488327914,1.228824982254276,0.26305025725862824
-0.8129416543803799,-1.458501595814441,-1.0199997832342727
-0.5639825002815052,-0.057063375716099526,1.7872947504375176
1.0796182992581067,1.229440009179418,0.1352275135119629
0.7271363448098076,1.2314099753348402,0.263866605133216
-0.8127266347142362,-1.2378318150685037,-0.560583242538623
-0.8130755922158959,-1.458501595814441,-1.0199997832342727
-0.8131295269147615,-0.7279865798078238,-0.6898066379468243
-0.8129351822165161,-1.2410721206806594,-0.5673292953515691
-0.5643853924820306,0.616569706836184,0.3767434730663675
1.6960809405686401,1.2497909547045822,-0.5713271633675296
0.3600483345617432,0.6144600839117345,0.004715294918196613
-0.8089583970868334,-1.3576506086266569,-0.8100362281750642
1.0795431502443542,1.2309171480825973,0.2532149427969856
-0.3904332240954031,1.2489033285091262,4.616597128180385
-0.9320429531501148,-1.458501595814441,-1.0199997832342727
0.11016797580624565,1.229403752133613,-0.5664402589676002
1.430656242035447,1.2289713532910458,0.4995535053776362
-0.8132463854289701,-0.7861388527188914,-0.5725013623652243
0.7031898778605156,0.6040462546443214,0.23195634951491292
-0.8128298297713988,-1.2382064712084917,-0.5613632461585203
-0.8135083282831267,-1.243855856086378,-0.5731248061187622
-0.8134418088211928,-0.5563094679196947,0.8582908691566629
1.3790324652340067,1.2296978370607006,-0.5656378896525088
-0.12242846935081443,-0.11463687874783059,0.25306677006632405
-0.7437907184886188,-0.051189734295639944,1.9099090829158372
-0.8049763982695938,-0.7288889773923114,-0.5650228330346687
0.711672727298081,0.615424252759446,0.25424376477591804
-0.8130337029331104,-0.40452404564319583,-0.5701976957602233
0.35202554810550046,0.5184124838663795,0.4111055680203333
0.16382760770752905,0.3971178942585954,-0.5607425981168817
-0.6251852593837876,-0.05759648857479235,1.8965707414444057
1.0789331488001852,1.2283818405833224,0.2501871868100728
0.4643406032816488,1.227318300573034,0.2336868951805629
0.16305256608483196,0.6164998784516702,0.3781469204398026
-0.5716128219123368,0.561418711605667,0.36885117837471965
-0.8132785664659596,-1.458501595814441,-1.0199997832342727
1.0801100039294305,0.002801035469107291,0.1426976557068205
-0.9320758533164226,-1.458501595814441,-1.0199997832342727
-0.48276151813063445,0.22332175947117833,-0.44433195034304895
-0.8126570589526998,-1.2386469271723488,-0.5622802396614818
-0.4445525594133501,1.234873194636021,0.9526824900118205
1.2521753567674134,1.2323164014799726,-0.5705918911380208
0.2612768216177099,0.7194430314677753,-0.6468756860215866
-0.8129040798735037,-0.18766125470681572,1.6257864740165102
-0.8129857010511201,-0.7870895930311194,-0.561575720262865
0.7356607239654996,0.6155464524323454,0.2544059160660759
-0.7520722117170865,-0.7854902544550408,0.3809370409152773
-0.8129979262495296,-0.5698776601721697,0.8300429961264074
3.1706667540557727,1.230287349768424,-0.0942696805874668
-0.812887899463844,-0.5676914945954644,0.8345944150984242
-0.812828211730433,-0.7278482658923443,-0.6834296191045824
-0.8134322803577264,-0.577907924391271,0.8133246389687543
-0.8133567717793148,-1.458501595814441,-1.0199997832342727
-0.7960633297174111,-0.44769275866183317,1.0844220261293676
1.3483817354334033,1.2332939988631675,-0.4461128188228859
-0.8128363019352628,-0.5682366931360924,0.8334593560673194
-0.9320260536111369,-1.458501595814441,-1.0199997832342727
-0.5271353927105747,0.34148750031131936,-0.4477678802672556
-0.7516524199775833,-1.458501595814441,-1.0199997832342727
-0.38175926604152427,0.5613421689534114,0.36835074594474965
0.259618689192255,0.9545766877829335,-0.6763592637113207
-0.7438489679633936,-0.7231590213015245,0.37829229745856496
-0.12228194675222978,0.6207352385431495,0.24783319739088483
-0.3761371130317848,1.2291029529387836,0.5037666432098409
-0.8132589701920387,-1.458501595814441,-1.0199997832342727
1.4456290537874976,1.2298213795871482,0.37185377295453886
-0.8127776928958289,-1.238849698058149,-0.5627023921582721
-0.8129074957377651,-1.241261463030976,-0.5677234907293666
-0.8129380587337889,-1.458501595814441,-1.0199997832342727
-0.8130745135219186,-0.569844088833461,0.8301128889238893
0.328926035710726,1.2502152964258593,0.2337204437233542
-0.7816789455299831,-1.458501595814441,-1.0199997832342727
-0.8345065448101013,-0.7288648060284412,0.49904468581196876
-0.4451005359538236,0.9490830739166553,-0.4393192389076523
0.32810874524058425,0.6154148527846077,0.2587560437813448
-0.7529171886659792,-1.458501595814441,-1.0199997832342727
-0.8132152830859576,-0.7879946763227037,-0.5709944736515161
0.9429474127682772,1.2288854106639517,-0.21759971531200037
0.8991074917071054,0.6170155342142345,0.14517186073767727
-0.8133173994491428,-1.2442023123018509,-0.5738460997887747
1.3499145595751607,1.2304162637090645,0.12823823376378013
-0.8128594938557748,-0.567829808510944,0.8343064567727989
-0.08405303219636513,1.2287403824807306,-0.29410157572370954
-0.024949771138587193,-0.10464336264104936,0.2767604284126636
-0.8131856190015816,-1.458501595814441,-1.0199997832342727
-0.8132273285020375,-1.458501595814441,-1.0199997832342727
0.7276391959855635,0.6199671263134963,0.2508609533777976
2.5257451093242005,1.2302322927729419,0.26015949115477993
2.4271391759056846,0.9054980762980311,-0.5713663033341194
-0.12995829265942643,0.502123670324958,-0.443339472618807
-0.8128123908854324,-0.7878039911188387,-0.5628980919912212
0.7205406704855458,1.22902506743298,0.2324064591306958
-0.8128781912180483,-1.2388913265181476,-0.5627890592271496
1.8081419633131315,1.2287591824304076,0.14409551165645704
0.0878386509112707,0.6173149905555154,-0.32165890791484447
1.238213640836761,0.4968825129257686,0.2349757183661278
1.325636394227846,-0.1740393483124071,0.26028809390214647
-0.9699108647882395,-1.458501595814441,-1.0199997832342727
0.6449267396287321,0.11147280172245111,0.030665092767249578
-0.39177907461442685,1.2298119796123097,4.57685049210842
0.3596709714520142,0.6190499573399769,0.25003062694371353
0.268566455734041,0.10781084009611519,-0.31334446072640637
0.23752074415541294,0.3406670167932806,-0.44472335000894714
1.7837800194002458,1.2298240652942447,0.2583366869964539
0.3693689696550193,-0.039490794182460785,0.36733031110151493
-0.810518008795694,-1.458501595814441,-1.0199997832342727
-0.5630438567389161,0.6263698520320037,0.3668634272143364
-0.5720376475570673,1.2309453480071124,4.579210072951406
0.7036445473719516,-0.007345565942185174,0.03778856668659743
0.5679175181122683,1.2271356724904587,-0.4821719108997104
3.9579418451496426,1.2315711177606414,0.2476626589650291
0.6134073016117356,0.6200987259612339,-0.3330710038876773
-0.4856045958901644,0.035464605179043956,-0.31440403553623075
-0.8129513626261757,-0.7270438966168858,-0.6924765428106302
-0.1958717083606214,0.618162331144521,0.0326668224871291
-0.407534838411675,0.15476371441398776,-0.08182317121190293
2.143761773508122,1.232069316427077,0.13524708349525774
-0.8126360244201422,-1.458501595814441,-1.0199997832342727
1.0552737942311874,1.229348695138131,0.25340225549423684
-0.7500146029553677,-1.458501595814441,-1.0199997832342727
-0.9312652147924743,-1.458501595814441,-1.0199997832342727
-0.8127063193109968,-0.5654314720736002,0.8392995982249009
-0.8130538385540201,-1.458501595814441,-1.0199997832342727
-0.8421012695396816,-1.458501595814441,-1.0199997832342727
2.076053411028683,1.2304176065626131,0.36925935231201346
-0.12999622673096187,-0.056073692650969495,-0.4659987175624155
-0.5713235521440881,1.2304874349471273,4.578256735193754
1.0803144164381306,1.2337129691702513,0.3781469204398026
0.35993794821139835,1.2300026648161744,0.3779651991663499
-0.7745360137945662,-0.28272051454058916,1.4278808243788668
-0.4825047889640347,1.2263084747046784,0.37983832613886276
-0.5543725954199805,0.627025164563596,0.5003558746927277
-0.8130951884898171,-1.458501595814441,-1.0199997832342727
0.3515582938309957,1.2302940640361655,0.24941557032587344
2.3688799928851516,1.2319323453651458,-0.5668763900238868
0.7262172975411395,0.5410744803482447,0.27889355659180903
-0.13017439101954756,0.22170093523832632,-0.4450700182844571
-0.5658707540887863,0.6056778217055602,3.277453924140469
0.3759205973085409,0.6149421683355902,0.252401390634297
-0.7518084710396342,-0.1116960294769558,1.7839398961583897
-0.8129849819218018,-0.5678929226277162,0.834175058313533
-0.8128131100147505,-1.458501595814441,-1.0199997832342727
0.15674094784126189,0.5039365226152236,0.4980018852735397
-0.1111334647144019,1.2501092109955403,3.275550044337064
2.153408174182546,1.2285483544233171,0.2761649417781184
1.4538199367218714,1.2282529266426812,0.24911922486455051
1.399520279727384,1.2293325808955504,-0.12803349319498805
-0.6263480914913276,-0.06204267667336176,1.8873141393459123
0.26888520980433606,0.6179662745264627,-0.5381812030897477
0.7199387592462071,1.23159663197806,0.4923265901180154
-0.4826392661465393,1.2283388692697754,4.573783596154917
0.3434655720485573,-0.04012462105727952,0.23282861162748605
-0.8126340468145171,-0.7283974929936173,-0.6795407838526936
2.174719571527599,1.2309869764671115,0.25642162434545185
0.11832721705061816,0.6177433608374373,-0.4511255302582826
-0.8127189040740654,-1.2396648101619943,-0.5643993892811309
-0.752157788105953,-0.7263093557259411,0.25398935499308417
0.727972692206882,1.229014324604593,0.25514398400748395
-0.8130653446231115,-0.7883424753917251,-0.5652045543081216
-0.932127810409663,-1.458501595814441,-1.0199997832342727
-0.2579318493925355,0.4971457122212443,0.5036380404624744
-0.21156994181241304,0.6649245202585288,-0.7921744248506083
0.5235209909588042,0.34304789613449577,-0.44618830304416623
-0.8129414745980503,-1.2415286908870966,-0.5682798373973219
-0.8127208816796906,-1.2378546435788256,-0.5606307696409106
-0.8128159865320232,-1.2382400425472004,-0.5614331389560021
-0.12265733225633359,1.2291875527123293,4.574351125670469
-0.5719989943562136,1.2310917190438821,4.579514805548427
-0.6252057545693565,-0.05626840641547956,1.8993357005127864
0.6212405974926308,1.2288276679613732,0.38287726497337277
-0.8126266757390055,-1.2370301315001417,-0.5589142025347571
-0.6233079722986091,-0.06032919554567384,1.8908814677293848
-0.8128857420758894,-0.7268317257562473,0.0647951436335756
-0.46660519930314515,-0.05787714496639656,0.49888812594560933
-0.5629785957532888,-0.03988693597922238,1.9334405899720193
-0.7818808410860695,-0.7064740659633415,-0.21445174371341896
-0.8134238305882374,-1.458501595814441,-1.0199997832342727
-0.8127363429600319,-0.7282887218562014,-0.6828229496224402
0.3033568534549006,1.2492403847497608,0.010672956975547576
-0.8132758697310165,-0.7708249508535682,-0.5713718947579179
0.433017667350852,0.6179797030619459,-0.571260066281947
0.8541243348123145,0.16235217981568378,-0.08723846516079498
-0.8130189607820872,-1.458501595814441,-1.0199997832342727
0.2295928827691735,0.9532700912803943,-0.4460149689064114
-0.6976364594991284,-0.717772835719114,-0.312911125382019
-0.47423857723357904,1.229136524277492,0.5020109361370975
-0.8134374940452834,-1.458501595814441,-1.0199997832342727
-0.1296844841715193,0.6146521119691478,-0.44198355234765957
0.597384561055103,1.2288088680116962,-0.44136010859412167
-0.752032659604585,-0.11464762157621736,1.7777949214037876
-0.8134313814460787,-1.458501595814441,-1.0199997832342727
-0.9319749954295441,-1.458501595814441,-1.0199997832342727
-0.8125019068022965,-1.458501595814441,-1.0199997832342727
-0.6263480914913276,-0.060838137040496655,-0.5727362021647632
-0.7515970470200812,-1.458501595814441,-1.0199997832342727
-0.9323333016123407,-1.458501595814441,-1.0199997832342727
-0.18799939971421337,0.619176185573521,0.5011330826007256
0.9569618049214881,1.2290156674581414,-0.4468788438832868
-0.8424169673103744,-1.458501595814441,-1.0199997832342727
0.3665106103974775,-0.06040439534438122,0.23248753477577472
-0.813277667554312,-1.458501595814441,-1.0199997832342727
-0.8132019791935708,-1.458501595814441,-1.0199997832342727
-0.8128526621272518,-0.567233581535479,0.8355477528560762
-0.8131367182079435,-1.458501595814441,-1.0199997832342727
-0.8130333433684512,-1.2410909206303362,-0.567368435318159
1.4551580566007243,0.6142304559549676,0.26076895634882147
-0.8561695963917579,-0.7116655377812422,-0.6020855856833323
-0.9691654872499184,-1.458501595814441,-1.0199997832342727
-0.46811393261274264,-0.059875311046333396,0.49757973277674944
1.7190001312868737,0.6267633081216688,0.23145871279684227
-0.18872230446134056,0.24000671480936148,-0.21326636186812709
-0.12277562902917866,0.615887537233625,-0.31885480887987366
0.9563367017616369,1.2275976141110891,-0.6166792017975379
-0.8126789923969049,-1.458501595814441,-1.0199997832342727
-0.8126311702972442,-1.458501595814441,-1.0199997832342727
0.5157822605832533,-0.055426437240667516,0.13806795680162426
-0.842301187490143,-0.7877408770020666,0.37646949330023877
-0.8130072749306663,-0.23695740846654995,1.5231558901941946
-0.8132818025478917,-1.458501595814441,-1.0199997832342727
1.438280990414062,0.43174068729556714,0.24712867799226793
-0.8129274515763454,-0.7854526545556871,-0.5712824319771412
-0.812910731819697,-1.2408075785316355,-0.5667785401074122
-0.12257750890201266,0.3448419484750843,-0.5648914345754029
-0.48247494509732913,1.2280138987110765,4.573107033875294
-0.4454507519317901,0.2846700238273065,0.9481142967684085
0.9592869297895797,0.6265215944829667,-0.4379828886197997
0.9564181431569239,1.2276204426214112,-0.5746624476633624
2.240056425297922,0.7764928216156518,-0.07773584041516575
-0.8105131546727962,-1.2217457724128824,-0.5270934096972306
-0.8049585998189682,-0.7283639216549086,-0.5626828221749771
0.3601364279032235,1.229297666703294,0.38697298290580767
-0.20416111201158912,1.2294292663510316,1.9006916207839342
-0.7518108082099182,-1.458501595814441,-1.0199997832342727
-0.5798213235150064,1.2289579247555624,4.575072419340482
-0.930232724873859,-1.063639538484325,-0.19792908638871487
-0.8422668490651987,-1.458501595814441,-1.0199997832342727
-0.1303068905964271,0.6162715933484516,-0.5709609251087248
-0.623437954922875,-0.06174053462498431,-0.5281445973713572
-0.4908765329219372,-0.06096973668823435,-0.5706589882236033
2.339688556253519,1.2304753492651923,0.2536315038699773
-0.8131005819597036,-1.458501595814441,-1.0199997832342727
1.2677560125756784,-0.05091310646468073,0.26351714114580693
-0.8131595505637966,-1.2419261755374067,-0.5691073681195067
-0.8131025595653287,-0.7281101223342715,-0.687662326920082
1.2354946128846218,1.2275976141110891,-0.2138534613669744
-0.8129675430358354,-0.7279583798833085,0.03721544574724641
-0.11679445070732458,0.5588887755205856,-0.8153313065122874
0.950087108421762,1.232337887136746,-0.57440244645673
-0.8128629097200363,-0.567856665581911,0.8342505425348133
-0.6234464046923639,-0.04018102090630984,1.9328283290660786
-0.8125436163027526,-1.458501595814441,-1.0199997832342727
-0.5721007511547399,1.2327514860296362,4.5829703054559285
-0.8126207429221302,-1.458501595814441,-1.0199997832342727
-0.812814548273387,-1.458501595814441,-1.0199997832342727
-0.834007469063266,-0.7266772975981877,0.5035989004958846
-0.8106096977837655,-1.2232269398767066,-0.5301770799221288
-0.8424433953128183,-1.458501595814441,-1.0199997832342727
-0.4456706257208319,1.2283885548510645,-0.4446227043805734
-0.8129195411538451,-1.458501595814441,-1.0199997832342727
-0.8421546648915584,-1.458501595814441,-1.0199997832342727
-0.8130457483491903,-1.2427198019844783,-0.5707596338519771
2.4120723379952778,1.2291620384949107,0.25347494400361803
-0.6511965263879805,-0.05623752078386778,-0.4422715106732847
1.0873298825018958,0.6182764736961301,0.25299967298074155
0.5155697578697233,1.230339721056809,0.13755913723595667
1.439247859782391,1.2305962060845428,0.5063974081070568
1.6921773268470846,0.6224970623985777,0.24023724816055975
1.4485168973470863,1.2282072696220376,0.27785914318907784
0.426069979225328,0.3402561036074872,-0.446277765824943
0.9968540655903647,1.2277345851730204,-0.43782353304154115
-0.7517840206428151,-0.7820310637145048,0.38835686029594796
0.9888925849084989,-0.002997406152644914,0.21008549532689938
-0.7518192579794072,-0.11078557477117784,1.7858353888260974
0.16400577199611474,0.4425412583849036,0.2675317834331631
1.259160799182143,0.6146668833581795,0.13646880959524016
-0.8130757719982254,-1.240591379110352,-0.5663284304916293
-0.8420383457243386,-1.458501595814441,-1.0199997832342727
0.35984374227071336,-0.05268433029494749,0.13510170647649555
-0.024338331435781967,1.2291405528381372,0.25817453570629606
2.5189867319916948,1.2302954068897138,0.13108147276534085
-0.4826816947763135,0.5593748885050863,0.3714428033053457
-0.8128927535867418,-0.7283222931949099,-0.6871339373711193
-0.20327784142650196,0.627017107442306,0.23237850201170304
-0.8130941097958397,-0.18867645198936428,1.62367291582066
-0.8132352389245378,-0.7291266624703684,0.10179359490855573
-0.09968258879826818,0.2617367709286754,-0.5721574898016137
0.6127304211409736,0.6180804170780718,0.24715943082316003
0.23125029606531022,1.228998210362013,-0.5723727596178577
1.3410174916503086,1.2268496446846613,0.1400137722835184
0.5160479788663307,0.9505333557488678,-0.48288481743402506
2.849669000287878,0.6188794149393371,-0.08819180291844705
0.23745871925171758,1.2314475752341938,-0.44438786458103446
-0.5722197670569031,1.2292144097832962,4.5756064003132435
-0.812933204610891,-1.458501595814441,-1.0199997832342727
-0.812853021691911,-1.239531867660708,-0.5641226138031028
-0.8129143274662881,-0.7854271403382687,-0.5640611081413188
0.7115957804610327,0.6189465576167542,0.132772878464401
-0.8127453320765096,-1.2383340422955846,-0.5616288387889512
-0.8129267324470271,-0.5673060956270896,0.8353967844135154
-0.20635140013251704,0.603803198152071,0.41036750007892514
0.7290161488475997,-0.06157133507789278,0.23261334181124205
-0.4744582712402911,1.228955239048466,0.5046305181867163
-0.8131252121388522,-1.458501595814441,-1.0199997832342727
0.14857865029728706,1.2323526585257782,0.3862293235406011
-0.7529051432498993,-0.7919466943154821,0.3677133236317154
-0.8129490254558915,-1.458501595814441,-1.0199997832342727
-0.8419540278117789,-1.458501595814441,-1.0199997832342727
0.7276649048586896,0.6154887097297665,0.2505562207807768
-0.8134362355689765,-0.7714144635612916,-0.5724510395510374
1.6937597709117986,1.2324936581483543,-0.5747183619013478
0.523333477989082,0.49770836785800066,0.38524523295205687
1.0801806583849445,0.6265027945332899,0.1414703381830397
-0.5643587846972569,0.17193209702957488,-0.09000901565297469
-0.49672323406128666,0.6169094487839153,0.028579491690391774
0.26784606793952753,1.2324453154206139,-0.4502728381290043
-0.9721994938434322,-1.458501595814441,-1.0199997832342727
1.4483781053886722,1.228679954071055,0.14329034662946652
-0.5717881096836496,0.2831727421209019,0.9554362662326046
0.4788332164314671,1.2316812317516055,-0.3158522143000543
-0.8129961284262341,-1.2396110960200604,-0.5642875608051598
0.30628011413341055,1.2316449747058,0.4987902760291347
0.16498792286245556,0.6049889378352593,0.27898581508448506
-0.8421485522923537,-1.458501595814441,-1.0199997832342727
-0.4675143585436879,0.6646747494985367,3.400280730723134
-0.8125299528457067,-0.7861294527440529,-0.5612486219706501
-0.6263522264849074,-0.06233676160044921,1.8867018784399716
-0.5722949160706556,-0.11680558722840734,0.263078214377621
2.5129081116472234,0.550125313264088,0.25471064866309673
0.589094078710158,1.2301691786561693,-0.4415977441055599
-0.9691257553550875,-1.458501595814441,-1.0199997832342727
1.2218361897439232,1.2327931144896347,0.02986272345215825
-0.11980059103975778,1.2291902384194262,-0.43788783441522444
-0.8130969863131126,-0.785592311324715,-0.5687746784034933
0.972417691793044,0.5595682594160482,0.2561979673935099
-0.6263937562030337,-0.061122821992745574,0.8148427105300595
-0.9313729044078756,-1.458501595814441,-1.0199997832342727
0.7261784645579563,0.5617893391850101,0.14384389758552252
-0.3028779711274387,-0.056539662832245235,0.9534233536651281
-0.8129714982470855,-0.7269230397975348,-0.6900834134248524
0.2613667127824858,0.6158539658949164,0.2550377469553116
0.15550907931917388,1.2286584684142814,0.2562706559028911
-0.4822460821918098,-0.05547880852905283,0.12944598130426607
-0.9321598116643232,-1.458501595814441,-1.0199997832342727
-0.8130022410254388,-1.458501595814441,-1.0199997832342727
-0.5717108032819423,1.231694660287089,4.5807700801912015
-0.8132395537004471,-0.571227227988256,0.8272333056676382
2.4680355208851066,1.2338902258386324,-0.08672405417132868
0.9571054510028,0.6151946248026792,-0.33904264450452465
0.40111043884901226,1.2920612986993767,0.4117905174356551
-0.11460110628679421,1.2281253555555884,0.3778617578260766
0.6289192805701118,-0.058335058026382,0.25476376718918287
-0.8422371849808227,-1.458501595814441,-1.0199997832342727
-0.8126024051245159,-1.458501595814441,-1.0199997832342727
-0.813373491535963,-1.458501595814441,-1.0199997832342727
-0.5640080293723017,0.3421804127422652,-0.44436270317394094
0.6600032857849344,0.6259669959675004,-0.3041577514253949
-0.13045772797092095,0.2852823650453517,-0.4465349713196762
-0.8131647642513535,-0.789285158582663,-0.5651430486463375
-0.47387919235680526,0.5011702443056333,0.49869522182455955
-0.8128237171721941,-1.239652724480059,-0.5643742278740373
-0.128745481064271,1.2320088880174016,0.03379069867063693
-0.8131038180416355,-1.2421719177367536,-0.5696189833970737
-0.5720789974928642,-0.11772275620192675,0.3762234706531028
-0.7471012303049831,-1.458501595814441,-1.0199997832342727
1.087304892758088,1.232901885627051,0.25296612443795025
0.3603498295284013,0.6155907665994408,0.24320908990948714
-0.7517369176724725,-1.458501595814441,-1.0199997832342727
-0.4451377508960407,1.249570726722654,-0.4831336357930603
0.3520780445457295,-0.05675183369288354,0.142753569944806
0.6375058644118285,1.2299529792348858,0.2523119278535203
-0.8133138038025519,-0.7277945517504105,-0.7068548891085918
-0.5565470626959078,0.3955977840418693,-0.5619112056907778
-0.5722120364167325,-0.23343510360924172,0.5003922189474184
1.244540181013684,1.233549141037353,0.2495805173279305
0.11038371460170777,0.883977505332259,-0.3041577514253949
1.6044277291808753,0.6167657634542423,0.2547386057820893
-0.9319992660440336,-1.458501595814441,-1.0199997832342727
0.9808552360835625,0.7295036902519739,0.013205871956289056
0.7195649917830691,1.230260492697457,0.2625106848620686
-0.8129445308976528,-0.7893254441891133,-0.5625709936990062
-0.5718122005158095,0.50213844171399,0.4993102784423996
-0.8133121857615859,-0.7921118653019287,-0.5714949060814859
-0.8128087952388413,-1.2373295878414226,-0.5595376462882949
-0.8130712774399868,-0.5683803784657654,0.8331602148940969
-0.8129355417811752,-0.5672792385561226,0.835452698651501
-0.8132017994112413,-0.788139704505925,-0.5672454239945909
-0.08527609138430516,0.2833405988144452,-0.529872347325108
0.2610984775467946,0.06695586374127582,0.12421520434072608
-0.7519069917562284,-1.458501595814441,-1.0199997832342727
0.9564794489313011,0.605112480361707,-0.5287261054464061
0.5132293515036196,1.2272296722388427,0.9506695774443441
-0.7516490041133218,-1.458501595814441,-1.0199997832342727
-0.8128122111031029,-0.2507740286254686,1.4943908104625738
-0.8131635057750467,-1.458501595814441,-1.0199997832342727
-0.8130056568897003,-1.458501595814441,-1.0199997832342727
1.6298665692477754,1.2499171829381268,-0.5276777134841787
-0.8154830573909222,-0.7126270209218569,0.03168273189858492
-0.9313788372247509,-1.458501595814441,-1.0199997832342727
-0.8127951317817954,-0.7861979382750185,-0.5637619669680966
-0.8128030422042957,-1.458501595814441,-1.0199997832342727
0.6807399190224113,0.6183745020051593,-0.09131740882183441
-0.9313720054962279,-1.458501595814441,-1.0199997832342727
-0.9322162633158024,-1.458501595814441,-1.0199997832342727
-0.8105370657226265,-1.243761856337994,-0.5729291062858131
-0.8129901956093589,-0.7850753127086023,-0.5684615586707747
-0.8127721196436127,-1.458501595814441,-1.0199997832342727
-0.6954801502384859,-0.4477719870211854,0.5015524393856166
0.6216686592192934,1.2317403173077326,-0.4472758349729835
2.5190512738480035,1.2285268687665436,0.276570320003513
-0.556147586359644,0.40120151189911174,-0.5701529643698349
-0.9341893743826319,-1.458501595814441,-1.0199997832342727
1.4456491894084076,1.229767665445214,0.1419623834773118
-0.813260048886016,-1.2419167755625682,-0.5690877981362118
0.6052829381392961,0.6118307766640757,0.382860490701977
0.24543224534966313,1.2321592876148164,0.4973393015534122
0.32944111208489146,0.3436212945996389,-0.44677819825491294
0.3519730516652714,0.6127291456879184,0.26373241096205097
-0.8130757719982254,-0.7867861081291935,-0.5709721079563219
0.6197415724288291,0.6266800512016715,-0.08010380839385003
0.8828068076689861,1.228079698534945,0.2528291345548858
-0.8421769579004229,-1.458501595814441,-1.0199997832342727
0.25347642590312264,1.2287188968239569,0.4982702736158699
-0.4446144045347159,1.2316033462458014,0.9612569384068913
0.2882283502054581,0.1684594777535555,-0.09178988413281164
2.104743794307855,0.6260851670797548,-0.12666359436434427
-0.4821087284920324,0.5573015226264421,0.37828111461096786
0.5160566084181492,1.2286812969246035,0.27804366017442994
-0.8423355259150874,-1.458501595814441,-1.0199997832342727
-0.8127095553929289,-1.2401965801671386,-0.565506491193243
0.9881761523252355,0.7240960190127897,0.031875636019634876
-0.03215203104275611,1.2306808058580885,4.574661449691289
-0.8130160842648143,-1.458501595814441,-1.0199997832342727
-0.008134370290961392,-0.05222641723496205,0.3774927238553727
0.37559051695148404,0.0008297264601372282,0.26150422857833033
-0.7516623080057085,-1.458501595814441,-1.0199997832342727
-0.8421670698722975,-1.458501595814441,-1.0199997832342727
0.3606263347512517,0.6204317536412235,0.12865199912487252
0.6197618878320685,1.2279883844936572,-0.4378207373296419
-0.1888603772904362,0.6053797082178277,0.3690748353266614
-0.48233615313891526,1.2296629228684435,0.37733895970091275
0.0011824893733941382,-0.038625996497326676,0.23158172412041025
-0.8127505457640666,-0.7039871011918072,-0.027393456244955025
0.2534321994500528,-0.04887599763184182,0.12695220629011447
2.8704444665085376,0.6182993022064522,0.13355288208429827
0.7198402385296128,1.2285496972768657,0.3859217952316812
-0.6234532364208869,-0.06218636200303475,1.8870149981726898
0.5170197023575573,0.5033255242507266,0.24954696878513918
-0.016383502700109683,1.2272363865065847,0.41118943937731145
-0.48228257800470886,-0.0563221205574134,0.031445096387146695
-0.12256869956786468,0.3465527438956755,-0.43727557350928364
0.2739430260816129,1.227024215645946,-0.3320142247897521
-0.932141833431368,-1.458501595814441,-1.0199997832342727
-0.84224221888605,-0.7914713241593682,0.3687030056440581
1.094709228000673,0.6264651946339364,0.27673806271746937
1.0950707702654012,1.2311011190187207,0.24927019330711125
-0.12238010790416498,1.2310850047761406,-0.08760190770770054
0.15610721512959233,1.231896088319341,1.90228238085462
-0.8129999038551546,-1.458501595814441,-1.0199997832342727
-0.8128463697457177,-1.458501595814441,-1.0199997832342727
-0.1221710210548964,0.6178910747277553,-0.5606922753026947
-0.8132949266579489,-0.5774419542099954,0.814294750997802
-0.812475658582182,-0.7268142686601189,0.09487700366975414
-0.8129199007185042,-0.5683508356877017,0.8332217205558811
-0.842354942406679,-1.458501595814441,-1.0199997832342727
0.629632117506784,1.231187061645815,0.25294375874275604
-0.8128853825112303,-0.7909972968568024,-0.560806899490565
-0.07662568481559752,0.6266451370094144,0.5014993208595304
1.431956607625094,-0.05243590238850388,0.25516914541457747
-0.9703592419181414,-1.458501595814441,-1.0199997832342727
0.9895903201294888,1.2295192375387707,0.3862964206261837
1.0795526787078205,0.6159989940781376,0.25812141718020987
1.4470953584673207,0.6182012738974231,0.2489514821505941
-0.8419175319988799,-1.458501595814441,-1.0199997832342727
0.2291786642818864,1.232057230745142,-0.4429312986815131
0.7204336999994628,1.2282488980820363,0.36627632771548907
0.2456923903805245,1.23049280636132,3.298399397689823
-0.566716989513986,0.5972366443006653,0.38049531843519185
-0.6263604964720668,-0.060863651257915194,1.889768774393474
1.0881768370564135,1.2329905139612416,0.25766571614062833
-0.06887670684726192,0.618026702936138,-0.08983009009142118
1.4465802820931553,1.2293258666278088,0.13840064651763787
0.9810075117166928,1.2283375264162275,0.25513000544798764
1.4311709588449533,0.5614052830701834,0.25133622440067405
0.3051354400411551,0.56610527048939,-0.24526608026720703
0.99652308632166,1.2276392425710878,0.25298569442124513
-0.5715371335515954,0.560830541751492,0.3773361639890134
1.4311283504328496,0.6266800512016715,0.23267764318492531
-0.38473736033054745,-0.03975265062438793,1.6193787023433766
-0.8133556930853374,-0.5775520682009597,0.8140655026220616
1.446771570491799,1.2289444962200788,0.12179411783595563
-0.8133416700636323,-1.458501595814441,-1.0199997832342727
-0.8128312680300352,-0.72892254873102,-0.684981239208679
-0.6241817144202302,-0.04968036690730032,-0.6834743504949707
1.802448077153901,0.6692525372448438,0.1442297058276223
-0.6262812124647344,-0.0623125902365792,1.886752201254158
-0.8128188630492962,-0.7853210549079493,-0.5633174487761121
-0.8129037203088446,-1.2389248978568563,-0.5628589520246314
-0.8129003044445832,-1.458501595814441,-1.0199997832342727
-0.8047549064395861,-1.1787704303052067,-0.43762224178479353
-0.8117772042318739,-0.7274950954091296,0.04163546625999718
-0.8129297887466296,-0.5675249807554698,0.8349410833739338
1.9555007295124782,0.6145325980033451,0.13832236658445812
-0.20397611599448048,1.2335988266186415,3.30452759817303
1.0887731750435363,0.6265524801145788,0.27755441059205715
-0.8049923988969239,-0.5095056503456883,0.9557326116939276
-0.8419799164672342,-1.458501595814441,-1.0199997832342727
-0.8134213136356239,-1.458501595814441,-1.0199997832342727
0.3516510615130442,0.6186524726896667,0.2519792381375069
2.16580506471678,1.2271652152685224,0.12153411662932322
0.7261692956591493,1.250189782208441,0.14251873014526714
-0.49100202098796425,-0.062205161952711516,-0.43765858603948404
-0.7520211535354937,-1.458501595814441,-1.0199997832342727
0.9884172404291642,1.2299046365071453,0.3789772468738867
-0.3846264346332141,0.6251773980810736,0.2778367774938838
-0.9340948088772878,-1.458501595814441,-1.0199997832342727
0.6502209696693695,0.34133038644616287,-0.44766723463888175
-0.5719065862388241,1.2323969726928732,4.58223223751452
-0.8513312943388637,-0.49713125489769183,0.9814950968457292
-0.11436469252343377,0.6147675973743054,0.26474445866958773
-0.03200209257990999,1.230323606814229,4.575444249023085
-0.813243149347038,-1.458501595814441,-1.0199997832342727
-0.5659223516173676,-0.06092273681404227,0.3675260109344641
-0.9313658928970231,-1.458501595814441,-1.0199997832342727
-0.8126230800924144,-0.5667877541574285,0.8364759292066348
-0.8130863791556691,-0.5692881474644462,0.8312703136501886
-0.10604454609411272,0.6182845308174202,0.12834726652785167
-0.8420903028175789,-1.458501595814441,-1.0199997832342727
-0.7501465631852585,-1.458501595814441,-1.0199997832342727
0.9816329744412031,0.6658551177675315,0.15190673070302615
-0.8126824082611664,-1.458501595814441,-1.0199997832342727
-0.9644776630068588,-1.458501595814441,-1.0199997832342727
-0.8133181185784611,-1.458501595814441,-1.0199997832342727
0.9653171886874012,1.2307761484600213,-0.5638514297488734
1.0801666353632393,0.6259871387707256,0.23299355862954327
-0.8419705677860975,-0.7857024253156794,0.38071338396333526
-0.48838834548094223,-0.061065079290166725,-0.44020827529162115
-0.8076271089365032,-0.5351716102152008,0.9022981701631207
0.965896806917876,1.226934244458207,-0.5684839243659688
-0.3685591080588529,-0.05304958646009732,0.5076610698855283
0.23741053758739772,0.617791703565178,-0.32868453191771785
-0.8134175382067033,-0.2980384449665573,1.3959901387438585
0.6373278799055724,1.2287685824052461,0.2583506655559502
-0.8422512080025277,-1.458501595814441,-1.0199997832342727
-0.932021199488239,-1.458501595814441,-1.0199997832342727
1.0802248848380143,1.2306955772471206,0.24529189527444561
-0.8134094480018734,-0.7267726402001201,-0.08268425047687912
1.350563753567172,1.2286584684142814,0.1439669089090905
-0.8131178410633405,-0.5696198322908874,-0.32162815508395254
-0.9321071354417647,-1.458501595814441,-1.0199997832342727
-0.12241121024717745,0.6189559575915927,-0.3156425359076088
-0.09050955499755396,0.6157250519542752,0.5044907325917526
-0.8130592320239066,-0.7877180484917446,-0.5662697205417446
0.605652750391184,1.2346583380682856,-0.5632112117239397
-0.8128821464292982,-1.458501595814441,-1.0199997832342727
-0.6235086093783888,-0.06077233721662781,0.8589981842671791
-0.8131422914601596,-0.7284619499639378,-0.0022236620157991814
-0.8420480539701343,-1.458501595814441,-1.0199997832342727
-0.8129639473892444,-1.2405860076961586,-0.5663172476440321
-0.9319888386689196,-1.458501595814441,-1.0199997832342727
-0.8126457326659379,-0.7268008401246354,-0.6865803864150632
1.0873780641662156,0.6153127959149336,0.2605844393634694
1.1984813864411854,1.228867953567823,-0.4464343256913023
-0.7442051167582353,-0.055070581050356227,1.9018294755269378
1.2448801493988662,0.6205861817992833,0.25640205436215685
-0.6263033256912693,-0.06136453563144771,1.888725973855045
-0.8129799480165745,-0.7282336648607192,-0.6886520089324245
1.3570290857025087,1.2321552590541713,0.2581689442824975
-0.03187498647291692,-0.05850962898766677,0.2536007510390852
0.2617536043556809,0.6166543066097299,0.2509979432608619
-0.5716459018609743,1.2282972408097768,4.57369692908604
2.061505604703693,1.2283992976794509,0.09780131831639378
0.6195056980124573,0.619000271758688,-0.44749949192492544
-0.8128492462629904,-1.2387436126278297,-0.5624815309182295
-0.7517712560974169,-1.458501595814441,-1.0199997832342727
-0.9319911758392038,-1.458501595814441,-1.0199997832342727
-0.8133436476692576,-0.7921118653019287,-0.5716514659478452
0.14789008397510425,0.4981783665999214,0.23217721075495548
-0.08446635177200452,-0.05745817465931289,-0.4439209806938558
-0.21184770551157037,0.9012801733026806,-0.4468229296453013
1.814254202953229,1.230065778932947,0.24756480904855466
2.51146194258831,1.2310944047509786,0.2544758088635577
-0.8126771945736095,-1.237774072365925,-0.5604630269269544
-0.09865351474391452,0.6156162808168593,0.3805009098589906
0.2399345017119735,0.176517941897172,-0.08059026226432357
-0.09967971228099527,1.2283845262904194,-0.528849116769974
-0.1974998171370411,0.6266693083732847,0.2757539721289252
-0.4819478233070837,0.5578104641212649,0.380903492372486
0.3752253790401645,-0.04090750467596449,0.36862472571087834
-0.46633264929154483,0.6147863973239822,0.37713207702036644
0.7779609891563909,1.232349972818681,-0.562322175339971
-0.8131823829196497,-0.5695876038057273,0.8306468698966504
-0.19588788877028107,0.617951503137431,-0.44148591562958894
-0.8129420139450391,-1.458501595814441,-1.0199997832342727
-0.8128938322807192,-1.2385206989388045,-0.5620174427429502
1.0953073638110915,1.2300684646400435,0.2630139130039377
-0.812819761960944,-0.5672980385057994,0.8354135586849112
-0.4882722060960518,0.6262852522584581,-0.48138072443221613
0.000546958838428975,-0.052546016379468034,0.37164968598589193
-0.842188104404855,-1.458501595814441,-1.0199997832342727
0.9890774011432779,1.2318423741774067,-0.5612821705134413
-0.7444221140300042,-0.061510906668217166,1.8884212412580246
-0.8129380587337889,-1.241237291667106,-0.5676731679151796
0.44708419637963276,1.2284852403065452,0.009565855063435406
1.6841376408518645,1.2289834389729808,0.12970598251089852
1.7638752390016044,0.49904584999215196,-0.1640059182029351
1.4395227469642757,0.6146185406304392,0.26102336613165533
-0.8131476849300462,-0.7859226532976078,-0.5715703903027664
-0.6234223138602041,-0.061510906668217166,1.8884212412580246
2.878573324539216,1.2311024618722692,0.14327636806997007
0.1713096089164805,0.4940007492110209,0.250097724029296
-0.8134826194100009,-0.5776662107525689,0.8138278671106237
-0.8104955360045002,-1.24390285596057,-0.5732226560352367
0.9565605307619289,0.2610935440790184,-0.4400852639680531
-0.21137595667882683,0.2847653664292389,-0.32811979811406466
-0.5720577831779771,1.230969519370983,4.579260395765593
-0.4453116004087172,1.230413578001968,-0.44447732736181117
0.23662884401850706,0.5627964793462686,0.36329050740706537
-0.8133511985270987,-0.7280872938239495,-0.6626462968453862
-0.813270835825789,-0.5734603934391533,0.8225840367791468
3.255454617624948,1.229979836305853,0.24817706995449537
1.0421676624068714,1.234870508928924,0.031875636019634876
-0.8131974846353319,-0.788833959790419,-0.5640163767509304
1.341201049408781,0.5023626982565633,-0.086134158960582
-0.8130380177090196,-1.2407847500213136,-0.5667310130051246
1.235707475162811,1.2286141542471862,-0.7062985424406363
-0.03186905365604185,0.06035573855116159,0.1344531013158642
-0.93198865888659,-1.458501595814441,-1.0199997832342727
-0.8131541570939099,-0.7882659327394694,-0.5697168333135483
1.080072609204884,-0.04026562067985575,0.2321800064668547
-0.8128932929337306,-0.5674900665632128,0.8350137718833152
0.6017405071178101,1.2326628576954457,-0.3886888964118165
1.3277671743976922,1.2283267835878404,-0.43591685752623693
1.1443264542219875,1.2304189494161617,-0.4465293798958776
-0.8130076344953254,-1.2425264310735167,-0.5703570513384818
-0.9318982283748255,-1.458501595814441,-1.0199997832342727
-0.7440438520086277,-0.7254929007685477,0.37995295032673315
2.527181749919648,1.2303692638348724,0.1370503176702889
0.19972384653746095,1.2281562411872007,0.9500684993860005
-0.8130074547129958,-1.2407283501722832,-0.5666135931053551
0.6136210628015725,0.614776997349144,0.2505506293569782
0.007351540229629768,-0.058104087216066934,0.38189317438482856
0.2602410956171628,0.40494673044544505,-0.5805530126351308
-0.9320377394625576,-1.458501595814441,-1.0199997832342727
-0.8131883157365247,-0.5707934862921408,0.8281363206111033
-0.20351767105412388,0.6226179192179286,0.25038288664302183
-0.6172356443356724,-0.056829719198687685,0.9564846581948321
-0.8128763933947528,-0.7852203408918236,-0.56697983136416
-0.6264074196600797,-0.0619083913185273,-0.5706002782737186
-0.7517559745994051,-0.7832557461505952,0.3858071710438108
-0.8236649512088181,-0.2709369746538644,1.4524131962949882
-0.842438361407591,-1.458501595814441,-1.0199997832342727
-0.8134396514332379,-1.458501595814441,-1.0199997832342727
2.3309173359593527,1.2312797185406505,-0.3189079274059598
-0.8104176902558042,-0.5563591535009834,0.8581874278163899
0.7194742017066454,1.2296709799897334,0.25170805408327734
0.00026703775131703774,0.6150160252807494,0.38750416816666966
-0.8420588409099073,-1.458501595814441,-1.0199997832342727
-0.8132828812418691,-1.2438665989147648,-0.5731471718139564
-0.626386025562863,-0.061847962908851695,-0.5726942664862742
-0.6263053032968944,-0.06040036678373622,1.8907332949987232
-0.3918464929880087,-0.05636643472450871,0.25046675800000007
0.9817491138260934,0.6187599009735344,-0.32556451743812903
-0.8420615376448507,-1.458501595814441,-1.0199997832342727
-0.8128298297713988,-1.458501595814441,-1.0199997832342727
-0.6251059753764553,-0.056633662580629386,1.8985752668761842
1.0875048107085494,1.2283294692949374,0.12852619208940516
-0.9321001239309121,-1.458501595814441,-1.0199997832342727
-0.745675736213968,-1.458501595814441,-1.0199997832342727
-0.8130470068254972,-1.458501595814441,-1.0199997832342727
-0.8128330658533307,-1.2393049254110378,-0.5636501384921256
0.3516888158022501,0.6158687372839482,1.652983159372639
-0.8423258176692916,-1.458501595814441,-1.0199997832342727
-0.6685442627134087,-0.05695729028578037,-0.2199117690526993
-0.016323994749028067,0.6052628799591218,0.23172430542727326
1.7853022363845596,1.2282475552284882,-0.796614015346654
0.7033351419827932,1.2282717265923582,0.25222246507274365
-0.5716626216176225,-0.10521138969199925,1.75597718574186
-0.4972106239567012,0.6135778291304721,0.03022337028716445
0.5419736694816569,1.25028781051747,0.2769421496861163
0.5304668812610328,0.6262758522836196,0.14298002260864712
0.35203831265089863,0.561223997841157,0.3667488030264662
-0.2693625896877595,0.4973417688393026,-0.7037516489003985
0.23135564851042736,0.3468253431659894,-0.4384497725069783
-0.12215358216892984,0.6206492959160553,0.03479995066627452
-0.5543984840754359,0.347528998425322,-0.4382848255049212
-0.13080201113201245,0.2876713015078569,-0.4459646460922244
0.6295506761114971,-0.002977263349419909,0.2578222760069876
-0.7517379963664499,-1.458501595814441,-1.0199997832342727
-0.8051993283582378,-0.5102925625250182,0.9540943245209537
-0.9320683024585815,-1.458501595814441,-1.0199997832342727
-0.19591683372533877,1.2295756373878008,1.903188191509985
-0.8126939143302577,-0.787217164118212,-0.561544967431973
1.7171381256997074,1.2315026322296758,0.2616747670041859
1.016851793453384,1.2293204952136154,-0.09239934932685316
-0.8129355417811752,-0.5667984969858153,0.8364535635114406
-0.4738687649816912,1.2318370027632133,0.500920608496381
-0.8132264295903898,-0.7271164107084964,-0.7062789724573415
0.35948669456422366,0.6183610734696761,0.26530919247324103
2.422052774238009,0.6225360051514796,0.13155115236441875
-0.8126453731012788,-0.7281007223594331,-0.6814614379274941
-0.7520087485547546,-1.458501595814441,-1.0199997832342727
1.3259484963519477,1.2324198012031953,-0.5683049988044154
-0.8131412127661823,-0.7261911846136868,-0.6957083857661899
4.935122808772226,1.235797077877282,-0.44890853072215897
2.1671163970285305,1.2285805829084777,0.26657564996361166
-0.3837931435357422,-0.11621876022778067,0.3800368216837113
-0.4665834456412694,-0.055545951206470205,0.49764403415043273
0.2542466134029218,0.6268022508745709,0.2324735562162784
-0.8134887320092057,-0.7706638084277668,-0.5738181426697819
-0.9321925320483017,-1.458501595814441,-1.0199997832342727
-0.846118325911184,-0.4535153716474558,1.0722998193341193
-0.5722355879019037,-0.17449994707948932,0.3789884297214838
0.2453921538901731,0.6132340586220959,0.3786948799720601
-0.842113494738091,-1.458501595814441,-1.0199997832342727
0.22999325801708498,1.2695913302749249,-0.5660740207087954
-0.8127489277231006,-1.458501595814441,-1.0199997832342727
0.7924602542524027,0.883989591014194,-0.8411972330043621
0.15573362744878397,1.2298160081729546,-0.4440411963055245
-0.8420964154167837,-1.458501595814441,-1.0199997832342727
-0.20442808877097346,0.6161493936755521,0.5043341727253932
-0.8132693975671527,-1.2426177451148042,-0.5705471597476325
-0.12261076863297975,1.2272954720627118,0.25722678937244237
-0.8132853981944826,-1.2436329423973527,-0.5726607179434828
-0.8420976738930905,-0.786500080323396,0.3790527310951671
1.071202149064805,1.2305814346955113,0.2626812232879243
1.0802139181159116,0.6228744042456625,0.24891513789590344
0.1559508045028824,1.231959202436113,0.028478846062017997
-0.8129421937273686,-1.2412131203032355,-0.5676228451009927
-0.04508665052467964,1.2286007257117029,0.053022400825736504
-0.1342637198875295,-0.06176739169595108,-0.48087190486654835
-0.813270835825789,-0.5762978429868056,0.8166766975359829
0.6282704461427597,1.2502636391535993,0.3673079454063207
-0.10640986378776165,0.34034204623458136,-0.4431605470572535
-0.08276111637620692,-0.056296606339994865,0.38203855140359094
1.2137636035823949,0.6148172829555943,-0.0937524738861013
0.34334349984679174,1.2271531295865874,0.36796773341454925
-0.8132442280410155,-1.458501595814441,-1.0199997832342727
-0.8128141887087278,-1.2387422697742814,-0.5624787352063303
-0.0161242565808962,0.6178105035148547,0.2626253090499388
-0.19694393017406742,-0.05860362873605092,0.2526278432981381
-0.5745504651772109,1.2287323253594404,4.574602739741404
0.6746479947855534,1.0136662724707457,-0.5728927620311225
0.5968854853082678,0.6141042277214231,-0.44568507490229714
1.0863313714435658,0.6695640792680597,0.14869445773076131
0.9576192689006585,1.2312501757625869,-0.43970784286165127
-0.3030349211011373,1.1217847830621714,-0.8135196852015585
-0.8129691610768013,-1.2403792082497136,-0.5658867080115442
1.9790536529423814,1.2296938085000555,0.36620363920610793
1.791555605153355,0.6148723399510764,0.13273932992160983
-0.7518153027681571,-1.458501595814441,-1.0199997832342727
1.6770351601405962,1.2297058941819905,-0.4597726671627343
-0.9320557176955128,-1.458501595814441,-1.0199997832342727
-0.6253188376546445,-0.05568292226840143,1.9005546309008692
-0.3838459995406303,1.2304646064368052,0.38156607609261356
-0.8133384339817005,-0.4086063204301638,-0.5723168453798723
-0.4590892192339085,-0.05530289471421983,-0.44001537117057127
-0.8341926448627042,-0.7280913223845947,0.5006550158659498
-0.8128026826396365,-1.458501595814441,-1.0199997832342727
0.6057334726571527,1.2312582328838768,-0.5837876513025898
-0.7516745332041181,-1.458501595814441,-1.0199997832342727
1.0952500132479643,1.2311924330600084,0.3769084200684247
-0.9319528822030092,-1.458501595814441,-1.0199997832342727
-0.4826284792067662,0.4950495178322783,0.5052651447878512
0.25345934658181524,0.9206306929343276,-0.3774864788314291
0.5472878553608745,0.6138195427691743,0.24976783002518174
0.24546999963886898,0.6120604046208425,0.2600560498145068
-0.20379669322958793,0.6204424964696102,0.38139553766675793
-0.8129254739707203,-1.2390846974291092,-0.5631916417406448
0.22262380054643297,0.6147232832072101,-0.09904475651142522
0.0067359655332449135,0.6053595654146023,0.277358710759108
-0.5719518913858711,1.2312072044490399,4.579755236771764
-0.43650819907756117,-0.0605198807495389,-0.4395652615547883
-0.5745900172897122,0.2816848603893361,-0.4817833069457115
-0.8134090884372143,-0.577541325372573,0.8140878683172558
-0.4738257970049284,0.4976170538167133,0.5008367371394026
1.3177529390770057,0.6161628222110357,-0.5730157733546906
1.784666166502606,1.2296588943077984,0.24673168690257122
-0.7441204392810165,-0.7255546720317715,0.5059361156436768
2.527753457727622,1.229395695012323,0.12300745680024014
1.0792927134592887,1.228477183185255,0.12297670396934803
1.0874426060225246,0.6173781046722875,0.25461559445852133
0.6344806671524629,1.2319847166535316,-0.44406635771261804
-0.1298024213797052,0.6158230802633043,-0.44657411128626595
-0.6263786544873515,-0.06253013251141104,1.8862992959264757
2.677359143481705,0.6258031678346023,-0.3468902078057843
-0.015844155711454685,1.2323083443586826,1.8923520121884019
1.5590880639265834,1.2306432059587349,0.02842852324783103
0.1823504013389069,0.6271084214835934,0.5473517917195085
-0.8128952705393556,-0.7873863636653036,-0.5662753119655431
1.087413121720478,0.6165213641084437,0.2506093393068629
-0.623424291465829,-0.0606917660037269,-0.5292405164358723
-0.9631941969561896,-1.458501595814441,-1.0199997832342727
-0.9341847000420636,-1.458501595814441,-1.0199997832342727
-0.8342951207905486,-0.728680835092318,0.49942769834216905
1.7833945660856867,0.6146977689897917,0.02114569375022469
-0.8130004432021434,-1.458501595814441,-1.0199997832342727
-0.9322069146346658,-1.458501595814441,-1.0199997832342727
-0.11414697612234678,1.2291499528129757,3.3195908938863132
0.7200917540086553,0.06886003007282851,0.12262164855814037
-0.4748730290745668,-0.05688746190126653,0.2613616472714673
0.3597378504786075,0.6131830301872587,0.13025114633125676
-0.8127402981712821,-0.7269633254039851,-0.6890713657173155
0.26116769374367205,0.6174761329813166,0.252901823064267
1.2613865044219925,1.2285846114691228,0.2766290299533977
-0.08532822825987509,1.228800810890406,-0.5731667417972514
0.9619629897649561,1.2312985184903276,0.03740275844449766
0.8828039311517132,1.2298133224658583,0.2629328373588588
0.19335649577172992,0.27949332339843747,-0.5520926655005307
-0.2060482871248929,-0.06196479116755791,0.36711783699717027
-0.20425100317636508,1.2300926360039135,3.3020673717016695
2.5217097151550836,1.2497734976084536,0.23304108573183088
-0.4737567605903805,0.2829954854525207,-0.5738992183148608
-0.8132742516900505,-0.5773291545119343,0.8145295907973412
-0.8132798249422666,-0.7914753527200131,-0.5722385654466926
-0.813415560601078,-1.458501595814441,-1.0199997832342727
0.9653285149741632,0.43795407066375797,0.11125428397569606
0.2456017800864304,1.2322734301664255,0.42022518023576216
-0.3922348228198403,-0.05647386300837639,1.6575765140231449
-0.8128558982091837,-1.458501595814441,-1.0199997832342727
-0.8133538952620419,-0.7274736097523561,-0.6624450055886385
1.8071966678243492,0.6213301226650662,0.14215249188646223
2.166965559654036,1.2297542369097312,0.2641797248659346
-0.813070378528339,-1.2404329223916473,-0.5659985364875151
-0.8128087952388413,-0.568223264600609,0.8334873131863119
-0.8445432529219817,-1.0818499754534274,-0.4439153892700573
-0.8422308925992884,-1.458501595814441,-1.0199997832342727
0.5823373194186181,0.7772877909162721,-0.12637004461492055
-0.1672127869891211,0.6181985881903264,-0.44182140105750173
1.079549981972877,1.230004007669723,0.38996998606182864
-0.4825071261343188,-0.11744344266387108,0.2514676228599398
0.9879347046566479,0.6059866780216794,0.2778731217485743
-0.4903948960610683,-0.058595571614760915,0.9566607880444863
-0.8129127094253222,-1.2391478115458814,-0.5633230401999108
0.22938523417854123,1.229120410034912,-0.44286420159593054
-0.9667774385664837,-1.458501595814441,-1.0199997832342727
-0.8128454708340698,-1.2396822672581225,-0.5644357335358213
-0.813136538425614,-1.458501595814441,-1.0199997832342727
1.3420336213769346,-0.04687111728416322,0.13344664503212594
-0.4826444798340963,0.5519113084833865,0.3871938441458504
-0.8048320330589637,-0.7269270683581798,-0.5740557781812201
-0.44313947030307405,0.9544773166203562,-0.44620228160366265
0.7276915126434632,0.6195454702993158,0.2541291405880478
1.717226578605847,1.230296749743262,0.24721814077304474
2.076061141668854,1.2267180450369237,0.1263595153674686
-0.8127417364299184,-1.2396943529400577,-0.5644608949429148
1.2438661770601949,0.6489217345229047,0.18907292469196282
-0.8132598691036864,-0.43413396638419666,-0.5709553336849262
0.15601444744754364,1.229971779184563,0.24885083652222018
0.23758043188882397,0.7843055435599214,-0.09392580802385625
0.0011012277604367674,-0.061486735304347166,0.1444142228129742
-0.8128562577738428,-1.2402220943845572,-0.5655596097193292
-0.8129003044445832,-0.7866370513853271,-0.5641170223793043
-0.20345492702111034,-0.06016671026632438,0.2316012941037051
-0.7529977311496184,-0.7926919780348135,0.36616170352761884
-0.6252931287815185,-0.05789594491607333,0.8360425938622474
-0.11408405230700369,0.6168678203239167,0.25507409121000213
-0.09968384727457506,0.6268197079706992,0.5038728802620133
-0.932174733597676,-1.458501595814441,-1.0199997832342727
-0.8130998628303855,-1.458501595814441,-1.0199997832342727
1.4314544755786565,0.5608412845798788,0.25296612443795025
1.080051754454656,0.6265283087507084,0.23198710234580489
-0.8342710299583886,-0.7281423508194318,0.5005487788137775
-0.3450291967671318,0.2179154310855427,0.3754826069997954
-0.9317842463778898,-1.458501595814441,-1.0199997832342727
-0.8524400119652088,-0.48217320922268014,1.0126365316917323
0.9364351574449276,1.2340258540470153,-0.5628281991937394
0.11327371554925066,0.49726388333349875,-0.4371078307953272
-0.8420991121517271,-1.458501595814441,-1.0199997832342727
0.3279262661760892,1.2313911753851632,0.2613308944405754
0.22268025219791224,0.8927946817306902,-0.3189358845249526
-0.8133283661712456,-1.458501595814441,-1.0199997832342727
-0.8420365479010429,-1.458501595814441,-1.0199997832342727
-0.8129387778631072,-1.2403792082497136,-0.5658867080115442
-0.7499941077697988,-0.10355027985269663,1.8008986845393806
-0.8127129712571903,-1.2383219566136494,-0.5616036773818578
-0.6262598183675179,-0.061878848540463764,1.8876552161976234
-0.08530863198595393,1.2287900680620196,-0.5712460877224507
-0.016326152136982672,0.6269271362545669,0.28006775558950364
1.0866366418391444,0.6185772728909594,0.24864954526547262
-0.8128499653923087,-1.2392740397794257,-0.5635858371184423
0.9881711184200083,1.2322506016561035,0.03081606120981032
-0.810376520102337,-1.2223769135806044,-0.5284073942898889
-0.9321249338923903,-1.458501595814441,-1.0199997832342727
-0.5643005352224821,0.6164125929710278,3.299802845063258
1.7995005458609017,1.2308902910116304,0.2511461159915234
-0.804982331086469,-0.7867189654517762,-0.4409351603854321
-0.8127489277231006,-1.458501595814441,-1.0199997832342727
-0.813004218631064,-1.458501595814441,-1.0199997832342727
-0.9318193039321524,-1.458501595814441,-1.0199997832342727
-0.8129359013458343,-0.7889373595136417,-0.5642959479408577
-0.9319178246487467,-1.458501595814441,-1.0199997832342727
-0.8420440987588842,-1.458501595814441,-1.0199997832342727
-0.813171416197547,-1.458501595814441,-1.0199997832342727
0.7289609556724275,0.6261872239494289,0.23101699031675715
0.23702076949692968,0.6050721947552566,-0.3503652776965807
-0.81250855874849,-1.458501595814441,-1.0199997832342727
0.5311558071478746,1.2292076955155549,0.38411576534475067
-0.15955747561448191,0.6176775610135685,-0.3279352811287127
1.814599025461309,1.2271504438794905,0.2528487045381808
-0.4445789874157942,1.2339331971521796,-0.4420198966023501
-0.1963342882945578,0.6167066778981152,0.3813452148525711
0.6379590956646282,0.6157210233936302,0.2624435877764861
0.7356747469872045,0.616238022009743,0.376614870319001
1.4484277253116284,1.2305868061097043,0.2494463231567654
-0.8420672906793963,-1.458501595814441,-1.0199997832342727
0.6367502392807228,0.6274615919668078,0.2513921386386594
1.8068033040872902,0.6420100673095744,0.20283062294828563
0.7289634726250412,0.625875681926213,0.2314195728302524
-0.0936305762385706,0.6266518512771562,0.009739189201190357
-0.4665552198155298,0.11278342678563566,0.03183929176494421
0.15647307217022985,1.2284865831600937,0.23465980292150998
-0.5560808871153803,0.6202907540186473,0.4972750001797286
0.20810907417007987,0.6172814192168069,-0.3295707725897874
0.7037261685495679,1.230296749743262,0.36970107479209857
-0.8128314478123648,-1.458501595814441,-1.0199997832342727
-0.16765864716640927,0.2848029663285924,-0.5647013261662523
0.8609753000445396,0.6738182393092156,-0.09000342422917613
1.3642851005232135,0.6167818776968226,0.12693263630681945
1.8016286292958046,0.6194823561825438,0.234178940474835
0.7060994750819795,1.2288921249316938,0.4103954571979177
-0.4594322439186931,-0.06092273681404227,0.5010156627009562
-0.8151470442169901,-0.7280241797071775,0.029337129615094843
-0.932099764366253,-1.458501595814441,-1.0199997832342727
1.3181772253747475,1.2317537458432162,-0.3266352750955506
-0.20328053816144515,0.627184964135849,0.41227417559422924
-0.8420300757371791,-1.458501595814441,-1.0199997832342727
-0.8422008689502533,-1.458501595814441,-1.0199997832342727
0.9976210170082319,1.2296212944084448,0.24843707116112781
0.28605046706526926,-0.054871838725201155,0.3742972251545035
-0.8131180208456701,-1.240007237816822,-0.5651122958154455
-0.4738702032403276,1.232889799945116,0.5000120021291171
0.6024493888432326,0.6054884793552436,-0.4395093473168029
3.133584311415459,1.2304364065122901,-0.31871222757301065
-0.8130946491428284,-0.2531871364518441,1.48936691617958
-0.47806812063535886,-0.05766631695930649,0.25935432612778925
-0.7518548548806585,-1.458501595814441,-1.0199997832342727
-0.008231272966589709,-0.0004244987540167151,0.25514398400748395
-0.8420937186818404,-1.458501595814441,-1.0199997832342727
-0.8129810267105518,-0.7275340381620315,-0.6900834134248524
-0.813105256300272,-1.458501595814441,-1.0199997832342727
-0.6252523181927103,-0.05660949121675908,-0.567625640812892
-0.5720495131908176,1.232325801454811,4.582084064783859
-0.8130840419853849,-0.728162493622657,-0.6953533303549821
0.7261018772855675,-0.06145853537983186,0.4107393297615286
-0.8127136903865084,-1.237431644711097,-0.5597501203926397
0.3514549189915034,-0.053006615146550244,0.3847336176744901
-0.8126696437157682,-1.2395654389994166,-0.5641925066005846
1.412245812360039,0.6135214292814415,0.16876766916754224
-0.8126975099768488,-0.5663043268800244,0.8374823854903732
1.2441282996966812,1.2328629428741489,0.5008339414275035
-0.8125729208224695,-1.458501595814441,-1.0199997832342727
-0.6254355163865235,-0.05714394692900044,-0.6950485977579615
-0.8128096941504891,-0.7259615566569199,-0.6873939385777517
0.7836611676971557,1.2282394981071982,-0.4379884800435983
-0.48190503511265037,-0.05528812332518806,-0.568875324031867
-0.5627966560357824,0.6268143365565059,3.321458429435028
-0.8134698548646028,-1.458501595814441,-1.0199997832342727
-0.8130221968640191,-1.2399750093316617,-0.5650451987298629
0.27439931363401493,1.2282838122742932,-0.43619363300426495
0.6225778184598362,1.2497533548052286,0.23306065571512574
-0.9321037195775033,-1.458501595814441,-1.0199997832342727
0.7272443939898681,1.2304753492651923,0.12580596441141242
0.7034102909965457,0.6161896792820027,0.37252194809846506
0.1630094183257396,1.2273908146646444,0.12947114271135948
-0.4737326697582206,0.6261966239242672,0.23401958489657634
-0.8130299275041898,-1.458501595814441,-1.0199997832342727
-0.4598128431103539,0.39911203177788723,-0.5707037196139917
1.3489279141505814,1.2299664077703694,0.2511684816867176
1.0710124787071282,0.009589160155989826,0.24568049922844457
0.7291367827907289,0.604948652228809,0.23252108331856602
-0.3916365072270923,-0.05535660885615337,0.14054216183248103
-0.4650851397067859,-0.10458561993847051,0.3666146088553011
-0.8047626370797568,-0.5130480980062216,0.9483575237036451
-0.8341622616490099,-0.7266611833556076,0.5036324490386757
-0.8424673063626489,-1.458501595814441,-1.0199997832342727
0.11056026084932744,0.5011366729669248,-0.4464958313530863
1.204748778231686,1.2305854632561564,0.12697457198530868
-0.44526485700303375,1.2284274976039666,0.9567250894181696
-0.9370378456120484,-1.458501595814441,-1.0199997832342727
-0.015711835916904695,1.230059064665205,0.24594888757077474
0.9643958042484491,0.4958928298606386,0.24442802029757021
-0.8127519840227029,-1.458501595814441,-1.0199997832342727
0.36716034373647716,0.6135603720343435,0.12850382639421096
1.4399411004451428,0.5615301684501797,0.2332367855647799
0.34415485750005825,-0.05332218573041123,0.3773892825150997
-0.5720060058670662,-0.11089837446923906,1.7718512379059328
-0.8128075367625345,-0.20052579169995804,1.5990035540214742
-0.9321035397951737,-1.458501595814441,-1.0199997832342727
-0.37628830997093776,0.616362907389739,1.9057350850502226
-0.8129819256221995,-1.2414078340677457,-0.5680282233263874
-0.8132005409349344,-0.5701972593166756,0.8293776166943805
1.3423989390705835,1.0096954545282906,-0.5683581173305016
-0.8129472276325962,-1.458501595814441,-1.0199997832342727
1.0889038767971202,0.6268331365061827,0.232090543686078
-0.8129857010511201,-1.2399776950387584,-0.5650507901536616
-0.812811312191455,-1.238288385274941,-0.561533784584376
0.06562402714254961,1.2304968349219658,-0.4481844413402473
-0.2032785605558201,1.250114582409733,0.3690384910719709
-0.12955917588782184,-0.05664709111611292,-0.43676395823171665
-0.8128918546750942,-1.458501595814441,-1.0199997832342727
-0.0003826955876826159,0.6177715607619526,0.24890115933640714
0.6283896418272524,1.2279709273975294,0.14201829771529714
0.1931188235320626,0.6162729362019997,-0.44129021579663985
0.695198193747285,-0.05519009501615891,0.23942649170977068
-0.812750725546396,-1.237181873951105,-0.5592301179793749
1.0635452196491997,1.2286383256110562,0.3884323445172283
1.4339412247610148,0.6043792823243108,0.2748369786259636
1.4224531339026638,1.229076095867817,0.12571929734253495
-0.8130115897065755,-0.5689269198599416,0.8320223601510929
-0.8132623860563002,-0.7882699613001144,-0.5672314454350945
-0.8132765888603347,-0.5700952024470015,0.8295900907987251
1.347909627036001,-0.06054539496695744,0.14301636686333763
2.159327147818375,0.6270936500945616,0.23299635434144247
-0.6234681583542396,-0.061822448691433156,1.8877726360973932
-0.8422549834314482,-1.458501595814441,-1.0199997832342727
-0.7501463834029292,-0.105541731664892,1.7967526437927583
1.806332993513183,1.2649450569976521,0.25290741448806553
-0.11408207470137867,0.11981729367186503,-0.22655997194917069
-0.6263047639499058,-0.12199437333921126,1.7624995816028646
-0.9322464667471673,-1.458501595814441,-1.0199997832342727
0.15631702110817905,1.2274029003465794,0.2335163567547073
-0.8126214620514485,-1.458501595814441,-1.0199997832342727
-0.813040714443963,-1.458501595814441,-1.0199997832342727
-0.8129283504879932,-0.5683723213444752,0.8331769891654927
0.15372509926303282,1.2287806680871811,0.2777249490179128
0.7195011690560782,0.4979044244760589,0.2517388069141693
1.9101011967424455,0.6237284591024096,0.01805363638962865
-0.8133867954283499,-0.7920608368670915,-0.5730409347617841
0.9575365690290647,1.2311763188174278,-0.4452601266936076
-0.022028128501043114,-0.18906856522548104,0.3643249208097964
0.9068787626843055,0.5533790474117273,0.38598050518156574
-0.8130624681058387,-1.2397520956426364,-0.5645811105545836
-0.8342922442732759,-0.7278831800846013,0.5010883512103372
-0.20386608920879498,-0.11495110647814334,0.2540173121120769
-0.8128558982091837,-1.458501595814441,-1.0199997832342727
-0.47432595144574113,0.6145889978523758,3.2960062683040454
-0.8420174909741105,-1.458501595814441,-1.0199997832342727
-0.8131147847637382,-1.458501595814441,-1.0199997832342727
-0.8126921165069623,-1.458501595814441,-1.0199997832342727
1.6044491232780915,1.2308567196729219,0.0208353697294053
0.2456062746446692,-0.1692185040738495,0.3685073058111089
-0.4454775394988934,0.40082551290557517,-0.5697419947206418
1.4483565315091262,0.6272359925706861,0.1424823858905765
-0.42266244274946974,0.785285826650213,-0.09714087670802028
-0.10667917771743,0.614127056231745,0.5098948436930475
-0.8105422794101835,-0.7273420101046183,-0.6638820015048649
0.6198866567687773,0.5621344525469348,0.0305812214102713
0.3605001275559064,-0.051556333314338,0.247886315916971
-0.8128111324091255,-1.458501595814441,-1.0199997832342727
-0.18034426812190374,0.6172733620955166,0.5007416829348273
-0.8420351096424066,-1.458501595814441,-1.0199997832342727
-0.7529375040692186,-1.458501595814441,-1.0199997832342727
-0.47406976162612996,-0.0547456104916567,-0.766191078458764
-0.8129583741370283,-1.458501595814441,-1.0199997832342727
-0.8132476439052769,-0.7848832846511891,-0.5713746904698173
-0.7744254476618918,-0.7877784769014201,0.037159531509261046
-0.8128183237023074,-1.458501595814441,-1.0199997832342727
-0.7516795671093456,-0.7828636329144785,0.38662351891839875
-0.45661469524995946,-0.062038648112716754,-0.43765019890378626
-0.8126511261358246,-1.458501595814441,-1.0199997832342727
1.8059498773689082,1.2294588091290952,0.25132783726497615
-0.3761083478590565,-0.1685605058351606,0.36760708657954305
-0.813014646006178,-1.2412735487129112,-0.5677486521364601
0.9736542346557004,1.01416581399073,-0.5738908311791631
-0.4745310830837595,0.6137712000414337,0.26022658824036254
-0.8133468837511895,-1.458501595814441,-1.0199997832342727
-0.623434359276284,-0.05964434023601802,1.8923072807980141
-0.8125966520899702,-0.5644632746652438,0.8413153065042767
-0.8129346428695273,-1.458501595814441,-1.0199997832342727
1.8090439312604925,0.618645758421925,0.25426333475921287
-0.8104160722148382,-1.458501595814441,-1.0199997832342727
-0.8104317132775093,-1.458501595814441,-1.0199997832342727
0.6054501357057792,0.6178776461922718,-0.5639129354106573
-0.10636383951139639,1.2339976541225002,0.4973952157913974
-0.8540075340965698,-0.8808261421197732,-0.2131181891374657
-0.19224711681453044,1.2289767247052394,0.5025644870931534
-0.8125693251758784,-1.458501595814441,-1.0199997832342727
-0.8130678615757252,-1.240841149870344,-0.5668484329048941
-0.8127951317817954,-0.569415718551539,0.8310047210197574
0.7283333355599626,0.622377548432775,0.24924782761191705
0.3599294984419095,1.22908146728201,0.5071187017770695
-0.8419925012303028,-0.7860972242588927,0.3798914446649489
1.6989376817852158,1.228773953819439,0.09852261198640634
-0.085199144547257,0.6178118463684029,-0.4479216444217156
-0.7516152050353662,-1.458501595814441,-1.0199997832342727
-0.812573100604799,-0.565936385007778,0.838248410550774
4.0409586729904055,1.230706320075507,-0.5749392231413905
-0.8132000015879457,-1.458501595814441,-1.0199997832342727
-0.8128077165448641,-1.458501595814441,-1.0199997832342727
-0.2040313091696529,0.5520684223485427,0.3866039489351039
-0.8376870740021998,-1.458501595814441,-1.0199997832342727
0.35897521383664927,0.6158096517278211,0.25848485972711527
0.6138732974099335,-0.05202230349561375,0.13110663417243426
-0.8422621747246303,-1.458501595814441,-1.0199997832342727
2.1590420130437065,1.229132495716847,0.25513559687178616
-0.8554323090582665,-1.0803312080902496,-0.5854510998826573
0.366469080679351,0.6268183651171509,0.5014769551643362
-0.4824355727671573,0.552420249978209,0.376226266365002
0.9565067758453929,0.5626595082843374,0.23477163139748086
0.1550215096414298,0.6166878779484385,0.389830200466865
-0.8127561190162826,-0.5667823827432351,0.8364871120542319
-0.8130141066591893,-1.2412587773238792,-0.567717899305568
0.36020762170572584,1.2327044861554441,0.49939414979937774
1.0887338027133646,1.2286302684897663,0.2752647225465525
0.23825012106640395,0.620729867128956,-0.5557969837670675
-0.5721834510263337,0.4982105950850817,0.5031935222704899
0.27163498053482865,0.5620028528991968,0.36749246239167277
0.5693383378627148,0.6426532941592318,0.20258460030114966
-0.10686273547590219,1.229456123421998,1.904980242837419
-0.1596236355117569,0.6179233032129157,-0.32849721922046654
-0.8132113278747074,-0.5707008293973049,0.8283292247321531
-0.391856381016134,-0.11145028727760865,0.3814654304642399
0.979567814821643,0.5008721308179008,-0.5637731498156937
-0.8375063927610003,-1.458501595814441,-1.0199997832342727
0.7347986676952992,0.6273179066371352,0.23104215172385056
-0.37586420345552535,-0.1263693901997183,0.27845462982362307
0.6052712522878755,0.518722683036047,-0.4389837534797395
-0.8127374216540092,-0.7893066442394365,-0.558229253119435
-0.4507217900519152,-0.05941068371860619,0.49847436058451683
-0.8128896972871396,-1.458501595814441,-1.0199997832342727
0.23123501456729828,0.6271245357261733,-0.4386846123065173
1.4314307443111556,1.2289565819020143,0.25766012471682975
0.17955119046778767,-0.039273251907628946,0.23134408860897204
2.1676863070132084,1.231087690483237,0.24228091355892847
-0.5640630427651444,0.6176762181600203,3.3024336099604747
-0.7517757506556557,-0.11155637270792781,1.7842306501959144
-0.8534798729593355,-0.5081023683876681,0.958654130628668
-0.7440596728536282,-0.7255788433956417,0.50588579282949
0.6054134601105507,1.230334349642616,0.25934034756829294
-0.5746047594407354,0.04608791959999893,1.440500667892186
-0.48247674292062465,0.5619182531256512,0.3663909519033592
2.038619673716426,0.9059492750902751,-0.3494762413126119
0.3461862180416625,1.2276687853491512,0.14282625845418717
-0.8421363270939441,-0.7863214808014661,0.37942456077777054
-0.8125375037035478,-1.458501595814441,-1.0199997832342727
-0.12263557859445783,0.4108203718659049,-0.5742878222688598
0.35174418875975205,-0.05410641220264473,0.12447520554735851
-0.812861831026059,-0.7862127096640502,-0.5659957407756158
0.622566671955404,1.2287833537942776,-0.438354718302403
0.9893134553419795,1.2326628576954457,-0.08405974073132147
-0.12171653132578983,0.6481563080003483,-0.44461431724487555
1.0630231317641818,0.5968821309639025,0.24990761562014552
-0.8131588314344783,-1.458501595814441,-1.0199997832342727
-0.8420307948664975,-1.458501595814441,-1.0199997832342727
2.879022960145425,0.5533333903910834,0.2413108015298806
0.9648089440417587,1.2281401269446206,-0.22039822292317282
-0.47386516933510014,0.6057261644333007,0.27713505380716624
-0.8422303532522997,-1.458501595814441,-1.0199997832342727
3.2469793190452236,1.229586380216188,0.25311150145671246
-0.8421994306916168,-1.458501595814441,-1.0199997832342727
1.2960913257539854,0.6743379236324252,-0.44226312353758684
-0.10562978825983703,-0.10326693775399595,0.23460388868352447
-0.8126883410780417,-0.5662103271316402,0.8376780853233223
-0.7517056355471307,-1.458501595814441,-1.0199997832342727
-0.8129898360446998,-0.5681735790193202,0.8335907545265852
-0.8421719239951954,-1.458501595814441,-1.0199997832342727
-0.5629901018223801,0.6264477375378078,3.3206952000865266
-0.8129421937273686,-1.458501595814441,-1.0199997832342727
0.1485525818595021,1.2338472545250854,4.580403841932396
-0.07762617347955247,1.2294574662755466,-0.5604434569436594
-0.4373950653092395,0.6179286746271089,0.9532052881369847
-0.5629358075588555,-0.061759334574661075,0.41290041505966646
0.2610661167274754,0.6122309470214823,0.2558317291347052
-0.2569725308820479,0.11412896604107699,0.029258849681915118
-0.9699430458252293,-1.458501595814441,-1.0199997832342727
-0.6263150115426902,-0.06033053839922237,1.8908786720174853
-0.8129833638808359,-1.458501595814441,-1.0199997832342727
0.5314030078510084,0.6165321069368305,0.2528934359285691
-0.8421938574394007,-0.7884230466046257,0.375049271655408
-0.45960213822011936,-0.05665380538385439,-0.6700185891237694
-0.48239224522573537,-0.10820998166545288,0.2526278432981381
0.8836433348483899,-0.05579035055226881,0.2620633709581849
0.24550289980517692,0.28010969317712764,-0.44383710933687764
-0.8126759360973026,-0.5661552701361582,-0.245512102914343
-0.8366500895253458,-1.458501595814441,-1.0199997832342727
-0.8129182826775383,-1.458501595814441,-1.0199997832342727
-0.7529802922636519,-1.458501595814441,-1.0199997832342727
-0.2122660589924371,0.4990364500173137,-0.5650032630513738
0.5239584013666034,-0.055742007824528504,0.25440312035417667
-0.9320765724457408,-1.458501595814441,-1.0199997832342727
0.5925205501290831,0.6147743116420472,-0.41615956153407385
-0.6253840986402717,-0.055348551734863374,1.9012507631637887
2.070157629313366,-0.039783536256,0.2322107592977468
-0.8132737123430619,-1.458501595814441,-1.0199997832342727
-0.48219214749294437,0.1116930297043797,-0.08294984310730995
1.333604167291246,1.228142812651717,-0.4407450519762816
0.2888922863484924,1.2291526385200726,0.5436418820291732
-0.9319724784769303,-1.458501595814441,-1.0199997832342727
-0.6263421586744525,-0.06178350593853138,-0.5732366345947332
2.159421713323719,1.2298119796123097,0.1298429723939628
-0.8125808312449697,-1.236574904147253,-0.5579664562009035
-0.8423955732131576,-1.458501595814441,-1.0199997832342727
-0.7514507042038264,-1.458501595814441,-1.0199997832342727
1.079165068005307,0.6169430201226238,0.2579341044829585
-0.8130189607820872,-1.458501595814441,-1.0199997832342727
0.21625519130439502,0.7816695220445209,-0.09131181739803586
0.9504055029273983,1.2291606956413628,-0.5681819874808474
-0.8129049787851516,-1.458501595814441,-1.0199997832342727
-0.8132800047245962,-1.2428057446115723,-0.5709385594135307
-0.813016983176462,-0.7279959797826622,-0.6903182532243913
-0.26957527218361915,0.06773203309221902,-0.7077495169163592
4.1267565536870014,1.2305814346955113,-0.2014041562795113
0.32913296517204,1.2292184383439413,0.3685576286252959
0.539605756419132,0.0026506358716928318,0.2532233299326833
-0.8131635057750467,-1.458501595814441,-1.0199997832342727
0.7777166649705303,1.2321284019832042,-0.4416340883602504
-0.8132967244812446,-1.458501595814441,-1.0199997832342727
0.17200788348445917,-0.055829293305170884,0.2633829469746419
-0.8052318689598866,-0.5105342761637204,0.9535910963790843
1.0887160042627388,0.6266693083732847,0.1412774340619899
1.610385895364547,0.6149139684110753,0.24616136167511954
0.32081263896038936,1.230690205832927,0.02611087808333372
-0.6255205534284014,-0.05751994592253674,1.8967300970226642
0.26151413429271814,1.230339721056809,-0.4462554001297489
2.061070711248507,1.232358029939971,-0.5699684473844828
-0.19610794234165224,-0.05332755714460476,0.13082147155870844
-0.8134811811513645,-1.2434758285321965,-0.5723336196512679
-0.21217005522845653,1.230977576492273,4.5783881336530206
0.4177618782120869,1.230743919974861,-0.5706058696975171
0.2612085043324803,1.2275882141362506,0.3787787513290385
3.502320386278523,0.6711217893841394,-0.2143566895088436
-0.24957053280974695,0.6134153438511224,0.26877307951644036
-0.20384307707061236,1.2314932322548373,-0.4436162480968351
-0.11437152425195674,1.2303491210316475,3.294077227093547
1.0793698400786664,0.617215619392938,0.2571009823369752
0.3602813324608421,0.6160070511994277,0.26061239648246215
-0.6235379138981058,-0.03996885004567153,1.9332700515461634
0.3361273967032472,1.2293594379665174,0.5005655530851734
-0.8132169011269235,-1.458501595814441,-1.0199997832342727
-0.5719851511168382,0.5594205455257302,0.37831466315375917
-0.8126922962892918,-0.7882243042794705,-0.562629703648891
0.8984302516716843,0.6160540510736198,0.37384991125061984
-0.30239992991316084,0.615416195638156,-0.4448827055872057
-0.8048298756710092,-1.1792310290722892,-0.4385811709662442
-0.8127153084274743,-0.7847919706099015,-0.5640946566841101
-0.9323480437633639,-1.458501595814441,-1.0199997832342727
1.7306836455374477,1.2281629554549427,-0.5732478174423302
2.240006266027977,1.22848926886719,-0.7069667175845628
-0.47437413311006094,0.6144184554517359,3.295651212892838
-0.5275814326701923,-0.05525186627938276,-0.44489109272290356
-0.1890182261757826,-0.03986007890825561,0.36842343445413084
-0.39200488122034366,-0.11373850972398794,0.34757021939745275
-0.8130457483491903,-1.458501595814441,-1.0199997832342727
-0.8131313247380569,-1.458501595814441,-1.0199997832342727
0.8835514660779891,0.6184832731425752,0.12711994900407086
-0.8133490411391441,-1.458501595814441,-1.0199997832342727
0.20029285761049198,0.6150952536401018,-0.09129504312664019
0.589801342394614,1.2327152289838312,-0.5708267309375598
1.2587523337294018,0.6180857884922654,0.24452307450214542
-0.8130135673122005,-1.458501595814441,-1.0199997832342727
-0.23493535227259435,-0.054011069600712044,0.13289868549986833
-0.8132798249422666,-0.7917090092374252,-0.5717828644071111
-0.016109334647543404,-0.05443943988263395,0.1398096853148715
-0.4471256041138934,1.2316073748064464,0.17134811125057134
1.3480171368690728,1.2307962912632462,-0.4410302145900074
-0.07715064921788829,0.6189170148386907,-0.5706953324782938
-0.2690076993692246,-0.08119176827275719,1.7136948389772537
0.7278561932573325,-0.054323954477476566,0.12947393842325886
0.2695228977272558,0.6158553087484646,0.13330965514906148
1.8148634852680798,1.229045210236205,0.2454708208359991
2.8787460953579154,0.6038300552230378,0.23240086770689725
0.10294108572292822,-0.0224526683610631,-0.5668037015145058
-0.8130926715372033,-1.2423626029406187,-0.5700159744867705
-0.08451093778973333,1.2330066282038217,-0.2511482581032776
-0.8018055773232913,-0.5130225837888032,-0.301457093730697
-0.8130951884898171,-0.728416292943294,-0.6868124305027029
-0.8134065714846005,-0.7280684938742727,-0.6610890853174911
-0.12183680570425993,0.2817036603390129,-0.4409183861140365
-0.7435827103333276,-0.05016110847760784,1.9120505982306806
2.0556565663940587,1.228118641287847,0.14223636324344052
-0.8131503816649895,-1.458501595814441,-1.0199997832342727
-0.5641867330078759,0.6171901051755195,3.301421562252938
-0.8420615376448507,-1.458501595814441,-1.0199997832342727
0.605207968907873,1.228379154876226,0.23179419822475508
0.16381861859105148,-0.05339738552911861,0.252809564571591
0.23685267301879903,1.2275170428981885,0.2512551487555951
0.7120828107917883,0.6169551058045591,0.25119364309381104
-0.12138447336310797,-0.11777781319740883,0.27461891309782044
-0.61305822212621,0.6188700149644986,3.304918997838928
0.719682209861937,0.6203256682109044,0.24839513548263875
0.8911670455577974,1.2299637220632724,0.25162418272629905
-0.5644860705865795,0.6176144468967965,3.302305007213108
-0.8128364817175922,-1.2398259525877955,-0.5647348747090437
-0.6257891482287516,-0.05794025908316864,1.8958550391981916
-0.19671938204445746,0.6154913954368634,1.7827964499915874
2.7751281901561584,1.2279319846446273,0.14504884941410928
-0.48270920147273494,0.4919904974491491,0.5116673250371867
-0.7519287454181042,-1.458501595814441,-1.0199997832342727
-0.8132913310113579,-0.7868760793169325,-0.5711510335178754
-0.8421927787454234,-1.458501595814441,-1.0199997832342727
-0.8133170398844839,-0.7276481807136409,0.07225689869273544
-0.8130399953146447,-1.458501595814441,-1.0199997832342727
-0.09962775518775492,0.5621733952998367,0.010390590073721099
-0.8481993063757443,-1.458501595814441,-1.0199997832342727
1.8146943100959714,1.2296011516052192,0.25014804684348296
-0.8128762136124232,-1.23974940993554,-0.5645755191307851
-0.8132947468756194,-0.728611006707804,-0.7045959538939791
-0.7517637052395758,-1.458501595814441,-1.0199997832342727
-0.8130435909612357,-0.7281141508949165,-0.6892419041431712
0.6226200673072808,1.2282462123749398,-0.5734099687324881
1.4474973517561984,1.2293674950878075,0.2638582179975183
-0.8131002223950444,-0.5718838833733967,0.8258662025488934
0.5890672911430547,0.5494162865905622,-0.6997146409178482
0.2456503213154093,1.2288048394510511,0.5002496376405554
-0.8130250733812918,-1.458501595814441,-1.0199997832342727
0.8298546192344884,0.6264343090023243,-0.3033218335675123
-0.8128763933947528,-1.458501595814441,-1.0199997832342727
0.1620979219149127,0.6051259088971905,0.3672716011516302
2.676479648325538,1.2284127262149345,-0.2977947111426493
-0.8419863886310982,-1.458501595814441,-1.0199997832342727
0.23758258927677875,0.6196743842399571,0.24851535109430736
-0.1141254022428006,0.6149247112394617,0.2638442394380218
3.480323658693219,1.2292197811974899,-0.4372476163902909
-0.8128548195152064,-1.2370381886214319,-0.5589309768061527
-0.8129164848542426,-1.2407793786071202,-0.5667198301575275
-0.2711372210627639,-0.05339335696847361,-0.43458330295028363
-0.8129139679016291,-1.2386818413646057,-0.5623529281708629
1.7102136294946961,0.6055824791036277,0.23237850201170304
-0.5721566634592304,1.231885345490954,4.581167071280897
-0.6253880538515219,-0.05720437533867575,1.8973870893189932
-0.3102441925161588,-0.054322611623928034,-0.43924095897447263
-0.8131190995396474,-1.2411003206051747,-0.5673880053014537
-0.9320814265686387,-1.458501595814441,-1.0199997832342727
0.4708427907945434,1.2322103160496534,0.9565517552804147
-0.6250549171948626,-0.05584809325484765,0.8328023637709902
-0.6176588519394369,-0.06126650732241856,0.9499091438077416
-0.19753954903187212,-0.04044556305533375,0.3673247196777164
-0.8335700586554667,-0.7278093231394422,0.5012421153647973
0.14776909046731598,0.4977097107115492,0.2343578660363885
-0.8129547784904373,-1.458501595814441,-1.0199997832342727
1.6041663256737067,1.231187061645815,-0.5720540484613406
0.1550513535081354,1.2285402973020272,1.6495975522626196
-0.8130865589379985,-1.241000949442597,-0.5671811226209076
0.3600938194911197,0.49502668932195626,0.37825874891577366
3.5149073067350938,1.2292412668542634,-0.21420572106628286
-0.8127180051624177,-0.46254874746717056,-0.5613185147681319
-0.8134123245191461,-1.458501595814441,-1.0199997832342727
-0.4738169876707804,0.6263040522081349,0.366941707147516
-0.9741404238732718,-1.458501595814441,-1.0199997832342727
2.8875063489299793,1.2491692135116987,0.27434213761979237
1.3265833077575946,0.6197066127251174,-0.5629791676363001
-0.8134218529826124,-0.7913894100929191,-0.5735833028702431
-0.8126978695415079,-1.458501595814441,-1.0199997832342727
-0.5717746260089331,0.2843087962228017,-0.5685650000110477
0.7353946461177631,1.22943866632587,0.12356939489199405
0.23792058005633585,0.9554119426900041,-0.5634935786257664
-0.8128140089263982,-1.458501595814441,-1.0199997832342727
-0.5716264853693827,1.2291217528884606,4.575413496192193
-0.10650442929310579,-0.05470666773875463,0.3850523288310071
-0.8518623713403592,-0.7245059034105142,-0.5714222175721049
0.9067315209564024,1.228671896949765,0.5045522382535366
-0.2038317507838506,1.2294225520832895,3.303398130565723
-0.1598999609522778,0.22682392152526154,-0.44531883664349237
0.47070274035982274,1.2301315787568157,-0.4461351845180801
-0.1543666204133369,1.2279843559330124,0.2310617217071454
-0.5640930664141796,-0.05696803311416714,1.8978791346132653
-0.7521115840472582,-1.458501595814441,-1.0199997832342727
-0.8134671581296594,-1.458501595814441,-1.0199997832342727
-0.39173610663766395,0.5521852506072489,0.38891320696390347
-0.6660609293953116,-0.05700429015997245,0.9925018145931673
-0.8133181185784611,-0.7716481200787035,-0.5707931823947685
0.5896600334835865,0.9526617786229941,-0.4440132391865318
-0.8128298297713988,-0.566969039386455,0.836098508100233
1.08735613072201,0.6195172703748009,0.13220255323694932
0.6212555194259837,1.229407780694258,0.02881712720182999
-0.8126940941125873,-1.458501595814441,-1.0199997832342727
1.446251639994735,1.2290210388723344,0.24947707598765737
0.5238631167319412,1.230682148711637,0.2614594971879419
-0.1947239779687635,0.41147299869040044,-0.5742878222688598
-0.2119528781743581,1.2282435266678433,0.367688162224622
-0.812922777235777,-1.458501595814441,-1.0199997832342727
-0.12269167068127795,0.6157814518033058,-0.5708463009208546
-0.131406079759306,0.6061451347403841,-0.5726942664862742
0.51556706113478,1.229967750623918,0.2508022434279129
-0.8131244930095339,-0.5709264287934268,0.8278595451330754
-0.6254730908933998,-0.05783954506704302,-0.5662892905250395
-0.8125720219108218,-0.5657148141723011,0.838709703014154
-0.8131848998722633,-0.7852955406905308,-0.5695630691590883
-0.05652871710666538,1.2284812117459,-0.08057907941672647
0.23684997628385568,-0.05801948744252102,0.24952460308994495
-0.751499784779794,-1.458501595814441,-1.0199997832342727
-0.8105465941860928,-1.458501595814441,-1.0199997832342727
-0.3917722428859039,0.6145137980536683,0.25981002716737084
-0.6375767564481356,-0.05542375153357075,-0.7627886970773488
-0.774418975498028,-0.7883142754672098,0.03813523496210733
2.2717020705102637,1.2501951536226337,-0.3496467797384676
1.4397413622770106,0.6184429875361249,0.130223189212264
-0.19641590947217416,0.6173176762626122,0.26442015608927205
1.4484751878466302,1.228714868263312,0.3669500942832139
0.7120709451580378,1.2304229779768066,0.25306677006632405
-0.3918019069702799,1.231217947277427,0.3797041319676978
-0.5723644918321922,0.4993748491114965,0.5013455567050703
-0.8420915612938857,-1.458501595814441,-1.0199997832342727
-0.4825218682853421,0.7327775672028383,0.009459618011263077
0.8994276840360368,0.6175889326793779,0.2566788298401849
0.1638205961966767,1.2301732072168141,0.5072249388292418
-0.7517725145737238,-1.458501595814441,-1.0199997832342727
-0.48199942083566494,1.2300577218116564,4.577362107385986
-0.752209565416864,-0.11579441850650377,1.775407383441808
0.35176414459833233,-0.05573260784968997,0.25849883828661174
-0.9319014644567576,-1.458501595814441,-1.0199997832342727
0.6373490942204596,0.6128835738459778,0.23951315877864815
1.324183932787398,1.2293715236484524,0.24882287940322756
-0.8129772512816311,-0.5689645197592953,0.8319440802179132
-0.8799749342123521,-0.7283639216549086,0.5000874863503976
-0.7519202956486153,-1.458501595814441,-1.0199997832342727
-0.10620742888468646,0.6143163985820618,0.12812081386401056
-0.81353907106148,-1.458501595814441,-1.0199997832342727
0.8381943619377309,1.2326091435535114,-0.4470717480043366
0.7290213625351566,1.2292520096826498,0.3647834175612772
-0.8422758381816763,-1.458501595814441,-1.0199997832342727
0.6214953490536056,1.2289109248813703,0.25601345040815787
-0.8127685239970217,-1.2389369835387913,-0.5628841134317248
1.318040411021959,1.2504435815290778,-0.4462386258583532
-0.20440993075568875,0.6247221707281849,0.23959982584752545
-0.016605533877106036,-0.05431455450263803,1.655851559781293
1.3504307146433037,1.233217456210912,0.3873923396906989
-0.8129292493996408,-1.458501595814441,-1.0199997832342727
-0.8129936114736204,-0.7840641439866988,-0.5690626367291184
0.5682808582002921,0.6141861417878723,0.030707028445738638
0.3681764734631032,0.6162595076665166,0.38572050397493335
0.8839928316970382,0.5591049749418692,0.021162468021620345
-0.8105816517403553,-0.7707296082516358,-0.57424868230227
-0.8421694070425816,-1.458501595814441,-1.0199997832342727
1.0876678732814529,0.6195615845418961,0.23864928380177275
-0.6255183960404468,-0.05782611653155949,-0.5698286617895192
1.0881024071719791,1.232286858701909,0.3804617698924009
-0.11404647780012742,0.6260314529378209,0.23379313223273523
1.7319644148531739,1.2307398914142162,-0.5816181788687539
-0.9648287778964733,-1.458501595814441,-1.0199997832342727
0.9966728450021765,-0.061044936486941724,0.009702844946499848
-0.7515898557268993,-1.458501595814441,-1.0199997832342727
2.759878693398927,1.2347268235992512,-0.5659230522662346
-0.09196165687334257,0.6165643354219907,-0.4451566853533345
-0.9320686620232406,-1.458501595814441,-1.0199997832342727
-0.7517834812958264,-0.7816980360345154,0.38905019684696773
-0.5720962565965011,1.2314126610419367,4.580182980692354
-0.11389042673807664,1.23059083467035,0.4995786667847298
-0.47679328413650807,1.2283442406839689,0.5012057711101067
-0.842259118425028,-1.458501595814441,-1.0199997832342727
-0.8130781091685096,-0.5711063711689051,0.8274849197385725
0.7284127993496243,0.6189680432735277,0.5024163143624919
0.7031821472203446,0.6165683639826358,0.1479144541108642
-0.8105451559274564,-0.7276669806633178,-0.6622493057556894
-0.37573404104892993,-0.05802217314961779,0.2550265641077145
0.3607397774011989,-0.050314193782119064,0.3645373949141412
-0.48248015878488615,1.2289028677600802,4.574957795152612
0.9968049850143971,0.6103187235686396,0.025121196070990982
-0.8127636698741237,-1.458501595814441,-1.0199997832342727
1.026628895881392,1.2320558878915937,-0.5715368417599751
-0.8134263475408512,-0.5775842966861199,0.8139984055364793
2.527685320224722,1.2309144623755008,0.12271670276271575
0.23003622599384776,1.232247915949007,-0.43927450751726393
2.3408476129321385,0.6231214892985579,0.24619770592981005
-0.47410877439164273,0.6133455154666085,3.2934174390853186
1.0549562986371992,1.229069381600075,0.006384334922062694
0.24545327988222074,1.2287873823549225,0.3746075491753229
4.33366228373346,1.2305868061097043,0.23549012935559407
-0.7435205056473025,-0.051076934597579025,1.910143922715376
1.0876817165208281,1.2316449747058,0.3778086392999906
-0.812921159194811,-1.458501595814441,-1.0199997832342727
1.4421659067733443,0.6131655730911303,0.20535794650522857
0.35255410815438226,1.2298401795368246,0.2490493320670687
-0.8128830453409461,-0.7866195942891987,-0.5676563936437841
0.14158529746005713,0.11853621138674432,0.029258849681915118
2.893762594216047,1.2296938085000555,-0.005958733113228056
-0.1455260041399637,0.4986993937766792,-0.08189026829748554
1.9540502456776552,1.2291580099342656,0.12987092951295556
-0.7520542334841311,-1.458501595814441,-1.0199997832342727
-0.7517919310653154,-0.11097357426794614,1.785443989160199
-0.75192640824782,-1.458501595814441,-1.0199997832342727
-0.8133215344427226,-1.458501595814441,-1.0199997832342727
-0.9314045460978767,-1.458501595814441,-1.0199997832342727
-0.8125322900159909,-1.458501595814441,-1.0199997832342727
0.6197836414939444,1.22865981126783,-0.43787944727952666
1.0864890405465824,1.2286383256110562,0.13064534170905429
0.3602358475314656,0.6185155016277355,0.5049100893766436
-0.8129024618325378,-1.458501595814441,-1.0199997832342727
-0.8126687448041205,-0.7281302651374967,-0.6866754406196385
-0.4449295629584199,0.6050775661694502,-0.4378375116010375
-0.5642660170152082,-0.11676933018260204,0.5073954772550975
-0.9700726688848361,-1.458501595814441,-1.0199997832342727
-0.8128276723834442,-1.2399857521600486,-0.5650675644250571
5.289292020383367,0.623779487537247,-0.09826195717962875
-0.8422609162483234,-1.458501595814441,-1.0199997832342727
0.7031736974508559,0.003969318056167385,0.2315425841538204
0.913365309134529,1.2281777268439742,-0.7046378895724681
-0.8422208247888334,-0.49099978559595,0.9942603173778101
-0.8421386642642283,-1.458501595814441,-1.0199997832342727
-0.7528682878723412,-1.458501595814441,-1.0199997832342727
-0.9321955883479041,-1.458501595814441,-1.0199997832342727
0.6137956314435672,-0.05144621932337385,0.2561588274269201
-0.932327548577795,-1.458501595814441,-1.0199997832342727
-0.8423358854797466,-1.458501595814441,-1.0199997832342727
0.16331037394540898,1.2266307595562809,0.38797105205384835
-0.8131199984512951,-0.72715401060785,-0.6934522462634766
7.405874060535607,1.2296199515548965,-0.10360176690724043
-0.2574203686649611,-0.056447005937409325,-0.44736809346565953
-0.6176525595579027,-0.059973339355362545,-0.5739131968743572
-0.8133085901149949,-1.2432394863076879,-0.5718415743569959
-0.8850971125636085,-0.7268156115136672,0.5033109421702593
-0.6249894764269058,-0.055203523551642146,1.90155270004891
-0.8134486405497157,-1.2440035699766958,-0.5734323344276822
-0.9719470794527416,-1.458501595814441,-1.0199997832342727
0.26269422550389526,0.5017463284778731,0.13157631377151216
-0.8423139520355413,-1.458501595814441,-1.0199997832342727
-0.47429377040875137,-0.056882090487072996,0.37801552198053673
3.562529668227703,1.2320585735986902,-0.09898884227343986
0.28014821318608835,0.6260690528371745,0.3672520311683354
-0.8127424555592367,-1.458501595814441,-1.0199997832342727
0.15336823133887273,1.2286920397529906,3.273008742220625
-0.6252458460288465,-0.05656786275676054,1.8987122567592483
1.9521850040085569,1.2292640953645848,0.008265849030273434
-0.8467177201979091,-1.0763321902232792,-0.5031872772465463
-0.5563856181639704,0.6168194775961762,0.5053154676020384
2.4197039181024165,0.617512390027122,0.12292078973136265
-0.17536753367525468,1.2295098375639322,0.3796649920011078
-0.9322004424708019,-1.458501595814441,-1.0199997832342727
-0.8052027442224993,-1.1818307935418844,-0.4439936692032369
-0.8129923529973135,-1.458501595814441,-1.0199997832342727
1.2977832572573962,1.23362434083606,0.0338773657395144
-0.9319944119211357,-1.458501595814441,-1.0199997832342727
-0.8128605725497521,-1.458501595814441,-1.0199997832342727
-0.813509047412445,-0.7282712647600729,-0.707369300098058
0.360086448415608,1.2330697423205936,0.2536315038699773
2.0528645468161217,1.2277251851981819,-0.5739802939599398
0.515297567422782,-0.0571063470296466,0.13145330244794418
0.7772715239225605,0.9532029486029769,-0.570379417033676
0.6209072810536421,1.2278997561594667,0.257867007397376
0.41742604482048434,0.283207656313159,-0.7631465482004556
0.6737904330735918,0.6176681610387299,0.03267800533472621
1.0858966577707099,0.604952680789454,0.278105165836214
0.7281264060986485,1.231021890659368,0.3727008736600186
-0.812926013317709,-1.2398984666794062,-0.5648858431516044
-0.8423524254540653,-0.7875515346517499,0.37686368867803627
-0.7519695560069123,-0.11383385232592032,1.7794891228147474
-0.8104024087577923,-1.458501595814441,-1.0199997832342727
1.0829539806006083,0.6042127684843162,0.23358345384028978
-0.8129702397707786,-1.458501595814441,-1.0199997832342727
0.5888583840761159,1.2296065230194129,-0.5722301783109948
1.9032266800250492,1.2288974963458867,-0.3019211819059764
4.82236099450714,1.2326010864322214,-0.08749287494362885
-0.6264198246408188,-0.06005256771471493,-0.5740250253503282
-0.8135719712277881,-0.7062833807594766,-0.7085183376886592
-0.8130989639187377,-1.240003209256177,-0.5651039086797477
1.316034579571151,1.250043411171671,-0.5761246049866823
0.7262687152873915,-0.1162778457839079,0.3698800003536521
-0.8130320848921444,-1.2398796667297294,-0.5648467031850145
-0.06966433323302781,1.2303021211574554,0.5013679224002645
-0.9320305481693757,-1.458501595814441,-1.0199997832342727
1.3491711596424647,1.2344018530405518,-0.4506866034900967
-0.8129461489386187,-0.7284001787007139,-0.6869326461143717
0.2827649449927127,0.3307540718994,-0.41895806914524625
-0.6250536587185558,-0.055595636787758744,1.9007363521743226
2.153646745333861,1.2273881289575475,0.23285936445837802
-0.11448191060230156,0.6133428297595117,0.2591530348710415
-0.6263910594680905,-0.061184593255969415,1.889100599249548
-0.8134592477071592,-0.7071763783691258,-0.7059910141317164
-0.8126728797977003,-1.2377418438807646,-0.5603959298413718
-0.013462938756543063,1.2298536080723081,0.24907169776226273
-0.11413421157694859,1.0136797010062293,-0.5697252204492461
1.2960816175081897,1.2295850373626394,-0.0937301081909071
0.1557697636970238,0.954643830460351,-0.44783218164093885
-0.6251248525210582,-0.057212432459965754,0.8370574372816836
1.4393391892058032,1.2278232135072111,0.2655915593750675
1.6856053837903238,1.2305371205284157,-0.3045603339388902
-0.8421620359670701,-1.458501595814441,-1.0199997832342727
-0.3027095150846488,-0.05697609023545715,-0.7708151859401617
-0.46658722107018996,-0.11570041875811962,0.49744553860558455
0.25323731540481886,0.22263556130797427,-0.5678744591719274
-0.8129355417811752,-1.2396889815258643,-0.5644497120953178
-0.965113193541824,-1.458501595814441,-1.0199997832342727
0.2532002802449312,1.230645891665832,0.5001629705716779
1.0104950498450966,1.2299355221387573,-0.6905447058882325
-0.9313869274295807,-1.458501595814441,-1.0199997832342727
-0.8128434932284447,-0.7870506502782174,-0.5664654203746936
0.3602130151756125,0.6202074970986499,0.2551607582788796
0.516969722869942,0.9588617334557014,-0.4590373949332255
0.007445566387985334,0.6137349429956284,0.1323367474081144
2.5196727813612636,1.2308191197735683,0.2428596259220779
3.4118576934770495,1.2315268035935458,0.13447267129915902
0.5304677801726805,0.6264933945584514,0.23216882361925759
0.0649034595657066,1.232653457720607,-0.44689841386658163
0.9813428057613067,1.2307237771716355,0.25439752893037815
0.9594086424266861,0.6083313003170893,-0.44382033506548196
-0.8130658839701003,-1.458501595814441,-1.0199997832342727
0.9742627978412327,1.2317148030903142,-0.44463388722817043
-0.12231646495950374,0.28181780289062236,-0.5655763839907249
-0.8130090727539617,-1.2411916346464622,-0.5675781137106044
0.5984255007432073,0.33718365468887446,-0.44199473519525667
-0.9319277126768721,-1.458501595814441,-1.0199997832342727
0.5972011830789605,0.6180213315219448,-0.32689527630218307
-0.11440514354758297,-0.056187835202578945,0.37383872840302274
-0.46529782220264543,-0.061392735555963016,0.41063309270935594
1.7987377294366143,1.2329555997689845,0.2773559150472088
-0.8129619697836193,-1.458501595814441,-1.0199997832342727
3.5292764094245106,0.7333160514757247,-0.12433756206414905
1.02666575125895,0.5615341970108246,-0.5629232533983146
-0.6263047639499058,-0.062034619552071756,1.8873309136173078
0.1639119256200889,-0.05655577707482524,0.13182513213054747
1.0268967715524238,0.7224147663702621,0.03339370758094006
-0.7517854589014515,-1.458501595814441,-1.0199997832342727
2.88743767208009,1.229358095112969,0.2339301221157997
-0.8129626889129375,-1.23938415377039,-0.5638150854941827
3.5392919032215038,1.2279507845943038,-0.21109409372239196
1.3591942042972993,1.2285940114439613,0.23370366945195856
0.2993583146633421,1.231333432682584,-0.5730129776427912
1.0796289064155504,0.6135805148375689,0.13212427330376975
-0.39195058695681906,1.2301987214342327,4.57765565713541
-0.7530797118918939,-0.10505696153393948,1.797761895788396
-0.45838698945467976,0.4009678553816996,-0.5659957407756158
-0.48243647167880505,1.228623554222025,0.3681410675523042
-0.11394885599518079,0.6055583077397574,0.41116427797021793
0.9286038391696572,0.6135805148375689,-0.5609522765093271
-0.8130585128945885,-1.458501595814441,-1.0199997832342727
-0.571643205126031,0.003389205323282488,0.009851017677161237
-0.8130128481828824,-1.458501595814441,-1.0199997832342727
0.16344592982189102,1.2314650323303222,0.2630530529705276
-0.008488901044837318,-0.05229087420528266,1.6511156238239248
0.5388440186888217,0.6131158875098414,0.26362896962177784
0.007883156578113918,-0.05584809325484765,0.1314505067360448
-0.7522012954297044,-1.458501595814441,-1.0199997832342727
-0.1140295782611496,0.6063908769397313,0.27466644020010805
-0.931319868620658,-1.458501595814441,-1.0199997832342727
0.359754030888267,1.2285026974026736,0.508989033037683
0.23745080882921732,0.6164958498910251,-0.44278033023895236
-0.02488451015295992,1.2293285523349053,0.5032158879656841
-0.128423490912044,1.2281495269194591,-0.4395261215881985
1.7995284121219821,0.6052991370049271,0.368599564303785
-0.8047574233921997,-0.7920447226245112,-0.43736503629006035
0.6370689933510179,0.625311683435908,0.2328118373560904
-0.5640200747883816,-0.055587579666468746,1.900753126445718
-0.813004218631064,-1.23957081041361,-0.5642036894481817
-0.8420987525870679,-1.458501595814441,-1.0199997832342727
-0.8130216575170304,-0.5686059778618872,-0.35838897084749455
-0.8423508074130994,-0.788518389206558,0.37485077611055967
-0.8422474325736071,-1.458501595814441,-1.0199997832342727
-0.8128835846879348,-0.5665527547864682,0.8369651787890077
0.3680362432460528,-0.05533109463873483,0.2649261799430406
1.9871584201408998,0.617480161541962,0.1390939830686575
-0.6254650006885699,-0.05499806695874561,-0.5701194158270436
0.785895502488824,0.6126284316717924,-0.43567642630289943
-0.49002885923810113,-0.05772943107607857,-0.44351280675656196
0.44177216788836987,0.6212159801134567,-0.44194441238106974
-0.8126338670321875,-1.2389893548271766,-0.5629931461957964
-0.4827158534189283,0.4923490393465571,0.5087933332047339
-0.8046885667599816,-0.7273084387659098,-0.5274037337180499
-0.3916235628993646,1.2295823516555429,0.3742469023403167
0.6285268157447005,0.49857316554313474,-0.5722665225656854
0.31280135857323776,1.2286128113936379,-0.22740707265465043
-0.9321008430602303,-1.458501595814441,-1.0199997832342727
-0.3920516246260271,1.2282623266175197,4.573624240576659
-0.813173034238513,-0.7263778412569067,-0.6972516187345886
0.5218295988023824,-0.06141287835918802,0.23275312740620568
-0.8227079698686146,-0.2829689424470329,1.4273636176775015
-0.8130840419853849,-1.2424592883960994,-0.5702172657435182
-0.2568776058120446,0.500666674225004,0.5019298604920184
1.4464483218632649,1.2297998939303747,0.37428604230690654
0.29122891728567524,0.7263546986811056,0.03137240787776568
-0.8133961441094866,-0.7913142102942119,-0.5731415803901578
-0.6176104904927876,-0.061728448943049005,-0.5712432920105515
-0.9315210450474263,-1.458501595814441,-1.0199997832342727
0.5157865753591625,1.2298468938045668,0.49788726108566966
0.5144982551855953,0.6176251897251832,0.12804253393083098
1.072729939301335,1.2330052853502738,0.25605259037474776
-0.8422837486041765,-1.458501595814441,-1.0199997832342727
-0.8128287510774215,-0.7883733610233368,-0.5619783027763603
1.3085759500650413,1.2289444962200788,-0.6956916114947943
-0.47413394391777997,-0.061122821992745574,0.38543534136120766
-0.8130297477218602,-0.5680849506851295,0.833775271511937
1.8072360401545207,0.6170867054522968,0.1365862294950096
-0.9319438930865317,-1.458501595814441,-1.0199997832342727
-0.8131056158649311,-0.7284579214032928,0.10339274211493998
-0.7528925584868306,-1.458501595814441,-1.0199997832342727
0.22938073962030245,1.2291257814491057,-0.568310590228214
-0.8131336619083411,-1.458501595814441,-1.0199997832342727
-0.1059981622530883,-0.11152145851567073,0.25013686399588586
-0.48211394217958936,0.1704361581767188,-0.09308989016597362
-0.6260458773953513,-0.06070519453921044,1.8900986683975882
-0.9322094315872795,-1.458501595814441,-1.0199997832342727
-0.8130394559676561,-1.239243154147814,-0.563521535744759
-0.8133247705246546,-1.458501595814441,-1.0199997832342727
-0.8046970165294706,-0.517100830015126,-0.20631063066273564
-0.8131611686047625,-0.5699837456024889,0.829822134886365
0.2830069320082892,0.6269002791836,0.05582370414880816
-0.4743460870666508,-0.11569639019747462,0.3597399532949886
-0.12271719977207435,1.2285349258878338,4.573520799236386
-0.10360220314715345,1.2300375790084315,-0.511957425474566
1.5963646714828124,1.2335504838909015,-0.5646901433186552
0.5390755783292843,0.6262046810455575,0.41108599803703816
2.7693952912314144,0.9073780712657138,-0.3515310895585776
1.9786451874896405,0.616936305854882,0.2532261256445827
1.7998002430042646,1.2320370879419171,0.3750241102483146
-0.8135250480397751,-0.5562476966564709,0.8584194719040293
-0.9615862238006795,-1.458501595814441,-1.0199997832342727
-0.4134164173229575,1.250015211247156,0.009073809769163313
0.26189329522574256,0.00289503521749144,0.2566089370427031
-0.8128397177995242,-1.458501595814441,-1.0199997832342727
2.789270767110339,1.2326440577457685,0.236482607079836
0.163881003059406,0.6206828672547638,-0.4413936571369129
-0.8130196799114053,-1.458501595814441,-1.0199997832342727
-0.21194424862253955,1.231640946145155,4.579103835899233
-0.4821907092343079,-0.17325512184017378,0.3724716252842783
-0.8131415723308414,-0.7267780116143135,-0.6931838579211462
-0.782525900084501,-1.0128662458214115,-0.09222321947719886
0.156038358497374,1.2316369175845099,-0.08526748827180741
2.3964774793829786,1.2291217528884606,-0.5760323464940063
0.3359299957053995,0.5605995709411767,0.3728266806954859
0.41714378656308826,1.2277439851478589,-0.443493236773267
-0.8128907759811168,-0.4062294696495936,-0.5632811045214215
-0.8161554433034454,-1.010998336535664,-0.3677406271505631
1.25072505271492,0.6801605366180477,0.12028443341034804
0.229788306161396,0.5025560691675252,-0.5615309888724767
-0.4584804762660466,0.6157639947071772,0.4975098399792678
-0.7518072125633273,-0.7836048880731648,0.38508028595
1.799127137962423,1.2299476078206923,0.26011755547629084
0.274441023134471,0.9488413602779534,-0.438681816594618
-0.8423428969905989,-1.458501595814441,-1.0199997832342727
0.3694265000004758,0.6263335949861984,0.23128817437098667
-0.9316977710773755,-1.458501595814441,-1.0199997832342727
-0.4821416286583403,1.2291633813484593,4.575500163261071
-0.565836415663842,-0.061847962908851695,0.36661181314340174
-0.8124869848689438,-0.7875313918485247,-0.5579133376748173
-0.8421061236625795,-1.458501595814441,-1.0199997832342727
-0.8127618720508284,-1.458501595814441,-1.0199997832342727
-0.21164670886713163,0.5632355924565773,0.3722172155014444
0.11062534205262513,1.2295111804174808,0.954057980266263
-0.5643143784618576,-0.11670755891937819,0.3855080298705887
2.609100647073838,1.2310796333619471,-0.09328558999892261
-0.8421787557237184,-1.458501595814441,-1.0199997832342727
-0.12241246872348432,0.7349476185369633,0.007798965143094902
-0.8503333226275225,-0.512024843602383,0.9504878561708914
-0.8133983014974412,-1.458501595814441,-1.0199997832342727
-0.5274775184837115,0.6146037692414075,-0.44044311509116013
-0.8161158911909441,-0.7280913223845947,0.036916304574024277
-0.812896349233333,-0.7283719787761987,-0.6891244842434018
-0.813180585096354,-0.7273299244226833,-0.6904188988527652
-0.015518929477295787,-0.05254735923301627,0.13302449253533566
0.7329217401747801,0.6192379568367452,0.2552082853811672
-0.24912251524450435,0.6142693987078697,-0.4369289052337738
0.8527714727824381,-0.04008970686502245,0.00996005044123292
-0.8132909714466989,-0.5693203759496066,0.8312032165646059
0.35204568372641015,-0.06002436779019962,0.4143066581450009
1.2589738255594094,0.6191802141341664,0.25341064262993457
0.20040216526685933,0.61885255786837,0.25183945254254325
-0.6235068115550934,-0.0403475347463046,-0.5717269501691257
-0.09095937038609217,0.6044544821230182,-0.30163601929225053
0.369298135417176,1.2281172984342985,0.41254256393655947
-0.8127609731391805,-1.2385327846207395,-0.5620426041500436
-0.8129919934326544,-1.2412641487380727,-0.5677290821531651
-0.10710903726738806,0.6151771677065506,0.028473254638219446
-0.4939844300528967,-0.04000644994502507,0.9478514998498767
1.7909150407131624,1.2279655559833358,0.232644094642134
-0.8134619444421025,-1.458501595814441,-1.0199997832342727
-0.5717832555607517,0.5609728842276165,0.37336345738014626
-0.8129071361731061,-1.241581062175482,-0.5683888701613936
-0.56398861288071,0.3415237573571247,-0.44269366317007486
-0.8127500064170778,-0.5669099538303278,0.8362215194238011
-0.8133716937126675,-1.243450314314778,-0.5722805011251817
-0.8130502429074291,-0.5674591809316007,0.8350780732569985
-0.8134103469135211,-0.7279113800091164,-0.6605103729543416
-0.8130673222287365,-0.7838721159292855,-0.5714278089959034
0.35979358300076847,0.6156632806910514,0.25772442609051305
-0.8133770871825541,-0.5772660403951623,0.8146609892566068
0.24436074266553526,0.28205414511513094,-0.7810391043558035
-0.21225185618840248,1.2304847492400302,1.6500392747427044
-0.8129542391434486,-1.2412869772483945,-0.5677766092554527
0.16349213388058573,0.6174425616426081,0.25428849616630644
2.6988785489820497,1.2301517215600406,0.3843310351609947
1.3595154753202083,0.41211488268650914,-0.5729738376762015
-0.2043991438159156,1.2287430681878275,1.901242376028091
0.9198996776844136,1.2294762662252237,-0.44376162511559725
1.0931812579818134,1.2306297774232513,0.16489560818704893
0.6056736051414118,1.2311857187922663,-0.44260140467739895
-0.12267009680173177,0.605766450039751,-0.4380667599767779
2.076755101460923,1.2295675802665107,0.19316584691249855
-0.8128576960324794,-1.458501595814441,-1.0199997832342727
-0.8134098075665326,-1.458501595814441,-1.0199997832342727
-0.842276737093324,-0.4052062152457549,1.1728755549104695
0.27719834472280475,1.228407354800741,-0.4847411701351424
1.3478425682270783,0.6158459087736264,0.24936245179978728
-0.8130074547129958,-1.2402301515058474,-0.5655763839907249
-0.8134747089875006,-1.458501595814441,-1.0199997832342727
-0.8421607774907632,-1.458501595814441,-1.0199997832342727
8.19061332187115,1.2307949484096983,-0.09212257384882509
0.008336028266254614,0.0012352682317373625,0.26355068968859824
1.7667947242511934,0.6159211085723335,0.003843032805623464
-0.02476387620983066,0.6159667655929774,0.006149495122523674
-0.8420967749814429,-1.458501595814441,-1.0199997832342727
-0.7516941294780394,-1.458501595814441,-1.0199997832342727
0.6430386656037809,1.2302658641116504,-0.4427467816961611
-0.8422794338282673,-1.458501595814441,-1.0199997832342727
-0.8127726589906014,-1.458501595814441,-1.0199997832342727
-0.8130220170816895,-0.7875421346769115,-0.5658252023497602
0.7187597467290073,0.6161010509478118,0.26620102456910916
0.6594396681817899,0.782937175794158,-0.08624878314845225
-0.18884581492174254,0.6263537377894237,0.3684877358278141
0.6372180329022161,1.2298576366329532,0.37289657349296773
-0.4825581843159115,1.2279762988117222,4.573028753942113
-0.842293996196961,-1.458501595814441,-1.0199997832342727
0.16345006481547067,0.6184591017787052,0.25389430078850894
0.89076091727534,1.2285496972768657,0.2540844091976595
0.5305391537575125,1.2280018130291408,0.378764772769542
0.5134938113103902,1.2497197834665201,-0.5722413611585919
-0.8131857987839112,-1.458501595814441,-1.0199997832342727
1.244086590196225,1.2316342318774136,-0.5630462647218827
-0.8131022000006696,-1.458501595814441,-1.0199997832342727
0.7276974454603384,0.6145540836601187,0.26056486938017454
0.6313666574222985,1.229085495842655,0.36668170594088373
-0.9321056971831283,-1.458501595814441,-1.0199997832342727
0.9949832506690501,1.0122629905127254,-0.5707204938853873
-0.812856617338502,-1.458501595814441,-1.0199997832342727
0.16376234672190196,1.2269584158220772,0.26580962490321086
-0.8125491895549687,-0.7880295905149607,-0.5542817079176615
-0.8127199827680427,-1.458501595814441,-1.0199997832342727
-0.8131246727918635,-0.7269579539897917,-0.6932872992614194
-0.18850926240082191,0.6179488174303341,1.8974010678784898
-0.9313222057909422,-1.458501595814441,-1.0199997832342727
-0.5719029905922332,1.2314422038200001,4.580244486354138
1.7017787819391208,1.2288760106891132,0.23164602549409352
-0.48995748565326913,0.6149703682601055,-0.44058010497422445
-0.9314311538826503,-1.458501595814441,-1.0199997832342727
-0.8423716621633273,-1.458501595814441,-1.0199997832342727
1.4159122931889154,1.232799828757377,-0.12183260420240033
-0.8104243422019977,-1.458501595814441,-1.0199997832342727
-0.5047526724637228,0.6163360503187721,1.3074834914366706
-0.965480129276439,-1.458501595814441,-1.0199997832342727
-0.7516454084667308,-0.7814751223454901,0.38951428502224705
-0.8128287510774215,-0.7869593362369298,-0.5619587327930654
-0.8127969296050909,-0.785116941168601,-0.5683301602115088
0.9822095363720752,1.2289337533916924,0.23291248298446435
-0.8105433581041609,-1.2437484278025104,-0.5729011491668203
-0.10662847910049637,1.2269557301149805,0.5010464155318481
-0.9320869998208549,-1.458501595814441,-1.0199997832342727
0.3675247625184784,0.6171605623974556,0.24985170138216
-0.12297896284390158,0.5586752618063987,0.37432238656159705
-0.8420933591171813,-1.458501595814441,-1.0199997832342727
0.057410311852323,1.0139630431049298,-0.5695155420568007
-0.812859853420434,-1.458501595814441,-1.0199997832342727
-0.44510377203575546,-0.06160222070950485,0.23413700479634594
-0.12285491303651085,1.2285940114439613,4.571460359566622
-0.8133819413054519,-1.458501595814441,-1.0199997832342727
-0.8130854802440214,-0.7278294659426674,-0.6874666270871328
1.4483957240569685,1.2278755847955967,0.2776606476442295
0.49324618600929393,0.6267888223390874,0.14216087902216015
0.7175410023169766,1.2285617829588007,0.23436625317208626
-0.49652655219275715,0.6146910547220499,1.4349679540435238
-0.3024880232546412,-0.05546403714002106,-0.8133966738779903
-0.7438951720220882,-0.05295155815106817,1.906241108903991
0.7119021295505887,1.2286947254600868,0.27957571029523154
1.3163171973932064,0.8841064192729,-0.3036349533002309
0.26875199109813835,0.2823710585525402,-0.33151938378358076
-0.3921611120647241,1.22863563990396,4.574401448484657
-0.6252853981413479,-0.05656920561030877,-0.5657748795355731
0.6429095818911625,0.9484653612844168,-0.6703373002802865
-0.6254504383198762,-0.05693714748255537,1.8979434359869483
-0.21209436686771524,-0.11747701400257962,0.26559715079886603
-0.08283734408393695,0.6133455154666085,0.26027970676644874
-0.0161424145961809,0.5622687379017693,0.372480012419976
2.15357105697312,0.6052199086455746,0.14342174508873226
-0.6232910727596312,-0.06015731029148584,1.8912393188524916
1.087546699991335,0.5605176568747275,0.2587672266289419
0.24521974263613308,0.6113151209015114,0.2621919737055514
-0.8130123088358937,-0.5675612378012751,0.8348655991526535
-0.4819679589279934,-0.05476575329488171,-0.4461184102466844
-0.8049688474117527,-0.5089134519308682,0.9569655206415072
1.0801421849664203,1.2295648945594142,0.10109187122183834
0.5422697709784285,0.6150334823768779,0.38592459094358056
1.4469450604398157,0.6155706237962157,0.25037449950732404
-0.015950227285890142,0.615151653489132,0.5065903122281066
-0.016357074697665567,0.6171833909077777,0.25368741810796264
-0.8131327629966933,-1.458501595814441,-1.0199997832342727
1.7995480083959037,1.2495290982626552,0.23040752512271562
1.009893857735076,1.2308956624258238,-0.8148756054727058
-0.5565120051416452,-0.05781940226381772,0.3862684635071911
0.23693177724380163,0.6266639369590912,-0.43581621189786307
-0.8131674609862969,-1.2425761166548055,-0.570460492678755
3.5983334989402453,1.2311346903574292,0.12444445271646655
-0.3931130594997001,1.2289418105129823,4.575038870797691
-0.9317454133947066,-1.458501595814441,-1.0199997832342727
1.4312160842096708,0.604940595107519,0.23328710837896685
-0.8421426194754785,-1.458501595814441,-1.0199997832342727
-0.21126431185217515,1.2335773409618687,1.780777946000312
1.3251317452287945,0.6146077978020524,-0.5687327427250042
0.24543925686051568,1.2276043283788314,-0.4415697869865671
-0.9746666467518695,-1.458501595814441,-1.0199997832342727
1.0801308586796585,0.6265162230687734,0.27573440214563033
-0.16013511623933133,0.6040274546946446,-0.4399063384064996
-0.44497468832313736,1.248723386133648,-0.48154008001047466
1.0186258854813999,1.230284664061327,0.020172786009277608
-0.5574155911299719,-0.061784848792079614,0.36790902346466453
-0.7517514800411662,-1.458501595814441,-1.0199997832342727
1.7166883103111692,1.229782436834246,0.2459656618421704
-0.8421526872859334,-0.7854217689240752,0.3812976877502834
-0.9321982850828474,-1.458501595814441,-1.0199997832342727
1.8070661458530948,1.2317832886212798,0.3704195727502118
-0.03356404145905484,1.2273250148407753,1.6204913956792868
-0.5630239009003358,0.6263362806932952,3.3204631559988864
-0.9741150745648051,-1.458501595814441,-1.0199997832342727
-0.9320828648272752,-1.458501595814441,-1.0199997832342727
-0.8392240331375368,-1.458501595814441,-1.0199997832342727
0.7192593618228315,1.2307868912884081,0.49697026758270807
-0.842067830026385,-1.458501595814441,-1.0199997832342727
-0.8424266755561701,-1.458501595814441,-1.0199997832342727
0.3600247830765718,0.0023270081665418435,0.2573609835436075
-0.6254817204452182,-0.05631137772902663,-0.5741648109452918
0.7117077848523435,0.6186645583716017,0.13401137883577904
-0.8131683598979446,-0.7865336516621045,-0.5692052180359813
1.8059369330411805,1.2308594053800188,0.2655104837299886
1.7920313091973485,1.2330576566386586,0.256936035334918
-0.8129461489386187,-0.5678177228290089,0.8343316181798924
-0.8132843195005054,-1.2434838856534864,-0.5723503939226635
-0.48253121696647877,1.2276311854497977,4.572310255984
-0.7440887975910154,-0.7280940080916913,0.38616222645501846
-0.09889388371852499,-0.001533695784949434,-0.4389725706321424
0.5892819512445394,0.6770652591891131,-0.5663004733726366
-0.812767625085374,-1.458501595814441,-1.0199997832342727
0.24569904232671788,0.06633277969484386,-0.4501861710601268
0.523190371254759,1.230342406763906,0.25128031016268854
1.0713682679373107,1.2287081539955704,0.14872521056165344
-0.48242047105147495,1.2296441229187665,4.57650102812101
1.229113958226504,1.2324278583244852,-0.5668400457691962
-0.8128643479786727,-1.458501595814441,-1.0199997832342727
-0.8129493850205507,-1.458501595814441,-1.0199997832342727
-0.7529799326989928,-0.1258335916339287,1.754506641282843
0.6226499111739864,0.6266558798378011,0.14576175594842392
-0.8125272561107634,-1.458501595814441,-1.0199997832342727
-0.9313631961620799,-1.458501595814441,-1.0199997832342727
-0.9321281699743221,-1.458501595814441,-1.0199997832342727
1.0875220698121864,0.6199859262631731,0.24545404656460346
-0.8132771282073235,-1.458501595814441,-1.0199997832342727
0.34382279953737643,0.0022397226858991643,0.011014033827258924
0.00033823155381954565,0.6815235329696175,0.127438660160588
-0.8127271740612249,-1.458501595814441,-1.0199997832342727
-0.8074644059282592,-0.7706127799929298,-0.4824430949539399
-0.8129269122293566,-1.458501595814441,-1.0199997832342727
-0.7517694582741214,-1.458501595814441,-1.0199997832342727
-0.9314194680312294,-1.458501595814441,-1.0199997832342727
-0.8421068427918977,-1.458501595814441,-1.0199997832342727
-0.8132729932137436,-0.576244128844872,0.8167885260119536
1.3496358969643558,0.6876456022965209,0.10941750125787357
-0.9314622562256628,-1.458501595814441,-1.0199997832342727
-0.4997374645985498,0.6268116508494092,-0.482761806110457
-0.8420584813452482,-1.458501595814441,-1.0199997832342727
-0.9320026819082952,-1.458501595814441,-1.0199997832342727
-0.9314038269685585,-1.458501595814441,-1.0199997832342727
0.623369040492193,0.619440727722545,-0.2884318719919837
1.416838351968436,1.2286705540962168,0.23299635434144247
-0.8129225974534475,-1.458501595814441,-1.0199997832342727
0.17174701932427966,0.61276003131953,0.12761479001024215
-0.7520828188745299,-0.11215797109758624,1.78297817126504
0.147752190928338,1.2275895569897992,0.23335979688834801
-0.6234097290971354,-0.03934979455988456,1.9345588747317284
-0.8127228592853156,-1.458501595814441,-1.0199997832342727
-0.8422414997567319,-1.458501595814441,-1.0199997832342727
0.2801545055676226,0.604936566546874,-0.3488639804066711
1.3622866401479174,1.2306056060593813,0.4953795075120216
-0.5717030726417717,1.2279252703768853,4.572922516889941
1.1677067866155215,1.2307949484096983,-0.32971335389665035
2.408078473544288,1.233982882733468,-0.3269651690996649
0.9586400729678528,1.2338566544999239,-0.44578851624257027
-0.5717424449719435,-0.10473870524298173,0.36624557488459697
1.816101286607043,1.2308553768193737,0.26394488506639574
-0.8422377243278114,-1.458501595814441,-1.0199997832342727
4.208514545656244,1.228721582531054,-0.5726746965029792
-0.5719486553039392,0.5590808035779988,0.3826647908690281
-0.6264023857548523,-0.06158744932047308,-0.5721435112421174
0.29033989366604224,0.615248338944613,0.031436709251448945
-0.8421798344176956,-1.458501595814441,-1.0199997832342727
-0.9313044073403164,-1.458501595814441,-1.0199997832342727
-0.38459083773196284,-0.039124195163762726,0.10075638579392554
1.0635482759488024,1.2281092413130086,0.249616861582621
0.008232114079773761,0.6199563834851095,0.503173952287195
-0.9319769730351691,-1.458501595814441,-1.0199997832342727
-0.48233219792766513,1.230330321081971,4.57792963690154
-0.8129076755200947,-0.7869835076008002,-0.5638094940703843
0.828536275411886,1.232323115747714,-0.569048658169622
-0.7501426079740084,-1.458501595814441,-1.0199997832342727
-0.2043394560825044,-0.05526798052196276,1.7705680061441664
-0.931985063239999,-1.458501595814441,-1.0199997832342727
-0.09982263923298886,0.5590794607244506,-0.3335127263677625
-0.7520752680166888,-0.7835471453705859,0.3852005015616688
-0.6682517568632281,-0.15864487523418336,-0.8057280361382843
-0.812823357607535,-0.7273769242968752,-0.6880956622644692
-0.805113032840053,-0.5097701924947122,0.9551818564497708
-0.9322621078098382,-1.458501595814441,-1.0199997832342727
-0.7519382738815704,-0.1119162574588841,1.7834813994069094
-0.9322752319198954,-1.458501595814441,-1.0199997832342727
1.0801375106258522,0.6272024212319776,0.23317527990299597
-0.5716716107341001,0.5615033113792126,0.3686107471513821
-0.813248003469936,-1.458501595814441,-1.0199997832342727
-0.43683270618240183,0.6176171326038928,-0.3117005821296337
-0.8131151443283973,-1.458501595814441,-1.0199997832342727
-0.8129643069539035,-0.5682877215709294,0.833353119015147
-0.8126602950346317,-1.2392955254361993,-0.5636305685088308
2.8940078173135553,0.6186739583464403,0.13875290621694616
0.6370475992538013,0.6190472716328801,0.26812447435580894
-0.8129549582727669,-0.568776520262527,0.8323354798838115
-0.9342177799907011,-1.458501595814441,-1.0199997832342727
0.9887421070986643,1.2298146653194062,0.49684166483534153
1.071897547115511,1.2298643509006952,0.2517388069141693
0.7268503111234911,-0.0013322677526976011,0.2672438251075379
-0.12967531527271217,0.3836759302396648,-0.6211243837173821
0.5161454208889475,1.2282784408601004,0.2308800004336927
-0.20445164025614468,0.6198247838373715,0.24957772161603128
0.05764564692170612,0.22262616133313604,-0.5621069055237269
0.7038890513401418,0.6159452799362038,0.2587756137646397
-0.8130417931379402,-1.458501595814441,-1.0199997832342727
-0.4596691970290422,0.282724229035755,-0.3266772107740398
0.20049475316657844,0.6140545421401343,-0.44793841869311124
1.4477583956987075,1.2309601193961444,0.12430466712150276
0.5897254742515435,1.2325621436793195,-0.5744527692709169
-0.8129290696173113,-1.2410680921200143,-0.5673209082158712
-0.8130718167869753,-0.5697903746915273,0.8302247173998601
-0.8125569201951394,-0.5664318979671171,0.8372167928599424
1.0887357803189894,0.6270788787055298,0.23288173015357222
-0.555973557064638,-0.054665039278756086,0.38413253961614646
1.6690700838121395,1.2305062348968037,-0.44486593131581015
1.0870407925159764,0.6179837316225909,0.25451774454204673
-0.8129222378887884,-0.5684394640218925,-0.22433178956545005
2.8271115316167017,0.7344104771176255,-0.08084746775905664
-0.8127250166732702,-1.237308102184649,-0.5594929148979065
-0.7518735522429317,-1.458501595814441,-1.0199997832342727
1.0814732933344209,0.61589962291556,0.25598549328916514
-0.8128643479786727,-1.2397118100361861,-0.5644972391976054
-0.03168028221001257,1.2316382604380585,0.38021854295716395
0.7191218283407241,0.6173982474755129,0.2664778000471371
-0.813013027965212,-1.458501595814441,-1.0199997832342727
2.5181126303054144,0.5561923255955094,0.23242323340209145
-0.5718166950740483,1.2324735153451287,4.582391593092779
0.4172649598532061,1.2285308973271887,-0.4427188245771684
1.333741700773353,1.2306955772471206,0.24991320704394393
1.3867079122295556,0.6185477301128959,-0.22531588015399423
-0.23420022232705753,1.2307264628787327,1.9001045212850867
-0.5638836200002518,-0.05564129380840259,1.9006412979697471
1.0880977328314108,1.2311924330600084,0.3937469928377466
1.4393884495641005,0.6162044506710345,0.12988490807245187
2.0444302386075353,1.228462411796223,-0.4439657120842442
-0.016138639167260427,0.5619061674437162,0.3673135368301193
-0.9313700278906029,-1.458501595814441,-1.0199997832342727
-0.8133202759664158,-0.7276817520523495,-0.7067822005992107
2.0392841492064484,1.2325634865328678,-0.5632279859953354
-0.7519476225627072,-1.458501595814441,-1.0199997832342727
-0.8126097762000276,-1.458501595814441,-1.0199997832342727
0.36938083528876964,1.228401983386548,0.4121343899992656
-0.8422179482715606,-1.458501595814441,-1.0199997832342727
0.6218971625601536,0.6185343015774123,0.2519792381375069
-0.8128629097200363,-1.458501595814441,-1.0199997832342727
-0.4659563648757932,0.6144453125227027,0.37983832613886276
-0.8420696278496805,-1.458501595814441,-1.0199997832342727
-0.376525982210605,-0.060014967815361385,0.37380797557213075
-0.8238704424114958,-0.4050182157489867,-0.7382004109232418
-0.8178890843073121,-0.7290810054497248,0.03131649363978016
1.3472079366037608,1.230725120025184,-0.45008832114365227
-0.16877491565059535,0.6045511675784989,-0.43887751642756717
2.5260654814354613,1.2272538436027132,0.24582587624720675
-0.9312698891330425,-1.458501595814441,-1.0199997832342727
1.6126410849064425,0.6052131943778329,0.14296883976105002
-0.4939709463781803,0.28343862712347434,-0.43681707675780285
-0.5641651591283298,-0.056996233038682446,1.8978204246633803
1.0715910182436252,1.229352723698776,0.131523195245426
0.2801426399338723,1.2285953542975092,-0.5720596398851391
0.3595749676880336,0.6133025441530615,0.3788318698551247
2.174992301321529,1.2311736331103313,0.26473607153389
-0.8561052343177784,-0.510244219797278,0.9541949701493273
-0.6262592790205291,-0.06030099562115883,1.8909401776792691
-0.0853077330743062,1.2285550686910593,-0.43886633357997007
1.7011775898290997,1.2298160081729546,0.2541598934189399
-0.8132203169911849,-1.2416253763425775,-0.5684811286540695
2.3027983009234956,0.8393464247994743,-0.2067551488547201
0.981420471727673,0.6151838819742924,0.255901621932187
0.36045374371488215,0.6189237291064325,0.3886951414357601
1.7005391827768621,0.6199066979038207,0.24747534626777784
-0.8127942328701475,-0.19869951087420923,1.6028057222044858
-0.8128219193488985,-0.5679050083096512,0.8341498969064397
0.27654052117897526,0.6152550532123547,0.2541263448761486
-0.3932813357601605,-0.10432779205718837,1.7536315834583704
0.26878039670620746,0.6045431104572089,-0.4816574999102441
-0.9322265109085869,-1.458501595814441,-1.0199997832342727
1.3175397172341574,1.2281052127523635,-0.5640163767509304
0.1638854976176448,0.6194434134296417,-0.44307947141217463
-0.9464287755961793,-1.458501595814441,-1.0199997832342727
-0.9343157613603067,-1.458501595814441,-1.0199997832342727
-0.49844393073742554,-0.055934035881941804,-0.4441418419338984
1.4369543766043007,1.228517468791705,0.1427395913853097
0.8831746423152488,1.2307654056316346,0.2481351342760063
-0.812821739566569,-1.458501595814441,-1.0199997832342727
-0.8133900315102818,-0.7270398680562407,-0.7071624174175117
-0.812602764689175,-1.458501595814441,-1.0199997832342727
-0.8341692731598623,-0.7272802388413945,0.5023436258531109
1.3410138960037175,0.6133562582949953,0.24777728315289932
-0.9321109108706852,-1.458501595814441,-1.0199997832342727
0.36000249006770746,0.6195253274960909,0.25176955974506143
0.2535325179899426,0.6178252749038865,0.029465732362461382
0.35968409556207154,-0.05617574952064364,0.255759040625324
-0.099614451295368,1.2291284671562022,-0.43929966892435734
-0.8133893123809637,-1.458501595814441,-1.0199997832342727
-0.47424720678539745,0.6152617674800962,0.3870708328222823
0.5974286077258434,1.2315214321793524,-0.3307421758755828
2.875820137944462,1.2276701282026998,0.23217161933115693
-0.574426055805161,1.2285389544484786,4.574200157227908
-0.8129123498606631,-1.458501595814441,-1.0199997832342727
-0.8129407554687321,-0.5682702644748011,0.8333894632698373
-0.20462548976882114,0.6181636739980693,0.24840911404213506
-0.8127415566475891,-1.2371791882440082,-0.5592245265555764
-0.773019909409457,-0.8999524052088469,-0.6622073700772003
-0.015959575967026858,-0.05660411980256585,0.37732777685331564
0.5978314999263686,0.9534500336558722,-0.4446870057542567
-0.9321263721510267,-1.458501595814441,-1.0199997832342727
0.25362672393062774,0.6186994725638588,-0.5642568079742679
0.8067094421280079,-0.0402078779772769,-0.4824626649372348
-0.8130764911275437,-0.7884995892568812,-0.5635522885756511
1.566178139657112,0.17023875870511226,-0.4439517335247478
0.16501884542313847,0.6254419402300975,0.27801570305543716
-0.5562020604054981,-0.05580512194130058,0.5056565444537495
-0.813438033392272,-0.5568533236067743,0.8571586058374573
0.71757570030658,1.2278514134317267,0.5011498568721211
-0.9318942731635755,-1.458501595814441,-1.0199997832342727
-0.8125700443051967,-1.458501595814441,-1.0199997832342727
2.8786107192637624,1.2285805829084777,-0.000347739331386994
0.24529147578562416,-0.11404736604010716,0.2630306872753334
-0.8128323467240125,-1.2406585217877693,-0.5664682160865929
2.3969760157828257,1.2299892362806915,-0.4475721804343065
-0.8340691344023021,-0.725844728398214,0.5053322418734338
-0.8132420706530608,-1.458501595814441,-1.0199997832342727
0.5147655915096385,1.228410040507838,0.25285988738577775
-0.8422456347503114,-0.7889158738568681,0.3740232453883748
-0.6234598883670803,-0.06135916421725448,1.8887371567026419
-0.751672196033834,-0.11110517391568413,1.78517000939407
-0.8126344063791762,-1.458501595814441,-1.0199997832342727
-0.8421000110633747,-1.458501595814441,-1.0199997832342727
3.4417206171095573,1.235227707972784,-0.44536636374578
0.9722172344955938,0.6225037766663195,0.24372909232275186
-0.8424324285907158,-1.458501595814441,-1.0199997832342727
1.0841917819395714,1.2308674625013087,0.3796538091535107
-0.7442507814699415,-0.06045676663276683,1.8906158750989535
0.7204020583094618,0.0022424083929959305,0.23330947407416106
0.704484130850958,-0.05625363502644779,0.12860167631068553
-0.8742438331109043,-0.728092665238143,0.5006522201540508
1.2372742781648538,1.2323942869857767,0.03287650087957456
0.23750312548711683,0.617371390404546,-0.44884422934847573
1.086713408893863,1.2283536406588074,0.3771264855965679
-0.8421356079646259,-1.458501595814441,-1.0199997832342727
-0.812848167569013,-1.2398850381439226,-0.5648578860326117
0.3598699904908279,0.6137671714807886,0.2618425097181423
-0.8125914384024133,-0.7914498385025945,-0.5559647264810239
-0.8129465085032779,-0.7280725224349178,-0.687888779583923
1.7991017886539562,0.6130272591756508,0.13802042969933664
-0.8129601719603238,-0.7271338678046249,-0.6897339494374433
-0.812884663381912,-0.5694895754966981,0.8308509568652973
-0.8126408785430401,-1.458501595814441,-1.0199997832342727
-0.8422350275928681,-1.458501595814441,-1.0199997832342727
0.3763946833115686,0.6128500025072693,0.3749598088746313
-0.813207912010446,-1.241802633010959,-0.5688501626247736
-0.21176770237491988,0.2817600601880435,-0.44032010376759206
-0.8129001246622536,-0.5679533510373916,0.8340492512780658
0.7117085039816617,0.5613206832966379,0.2310337645881528
1.6443144165975359,0.9071712718192687,-0.3493057028867562
0.6337823925844841,1.2270013871356242,-0.6998935664794017
-0.8127527031520212,-0.7285975781723206,-0.6835777918352439
-0.4217540026382452,-0.05769720259091826,-0.08591329772053945
-0.44506889426382246,1.2334913983347744,0.9513321611644716
-0.48246955162744254,-0.11783152733934267,0.2532848355944674
-0.25801634708742477,1.2280232986859143,0.9480388125471282
-0.8344901846181121,-0.7279677798581469,0.5009122213606833
0.7353185981923628,0.6197106412857624,0.25432204470909775
-0.122560968927694,0.724743274423092,0.030673479902947328
-0.8133206355310749,-0.7703710663542278,-0.5716822187787373
-0.9322151846218252,-1.458501595814441,-1.0199997832342727
-0.8130363996680536,-1.2410103494174356,-0.5672006926042025
-0.8129955890792454,-1.458501595814441,-1.0199997832342727
1.2595482301023269,0.6162917361516769,0.25553258796148287
0.22940932501070116,1.2308070340916333,-0.5722273825990956
1.0713368060296393,0.49763585376639,0.2324036634187966
1.4311869594722837,1.2289968675084644,0.23155935842521605
-0.932172755992051,-1.458501595814441,-1.0199997832342727
-0.812778412025147,-1.2385757559342865,-0.5621320669308204
1.4397122375396232,1.2307345200000226,0.13633741113597428
0.6214272115507053,-0.004688058770011062,0.2680825386773199
-0.12837494968306498,0.6267028797119932,-0.44076462195957644
-0.21206434321868006,-0.11788658433482475,0.2604614280399014
0.16341644551984444,-0.05683509061288092,0.14475809537658488
-0.37036699916482435,-0.03975265062438793,0.36833117596145476
-0.47460946817944405,1.010768394513418,-0.5661187520991838
-0.2038587181332833,1.2309252052038875,0.383114900484811
-0.7530656888701889,-1.458501595814441,-1.0199997832342727
-0.8422618151599711,-1.458501595814441,-1.0199997832342727
-0.62635114779093,-0.060967050981137576,-0.57282566494554
-0.8422312521639475,-0.7720402333148202,0.4091569568265398
-0.8123370464060978,-1.234283995993777,-0.5531969717007436
-0.4905768357785745,0.6159613941787841,-0.44648744421738856
-0.2579417374206608,0.28170768889965786,-0.30259494847370133
-0.8132329017542536,-0.7937541751915542,-0.5694344664117217
-0.623506092425775,-0.04050196290436436,1.932160153922152
-0.6176083331048329,-0.06121816459467825,0.9503676405592226
-0.8130211181700419,-1.2393747537955517,-0.5637955155108879
-0.4679215655201224,-0.061302764368223864,0.36748687096787425
1.0342912187668836,0.6192836138573887,-0.5641589580577934
0.22270020803649238,1.2293594379665174,0.01852890741250509
-0.6684101450955632,-0.05622140654128748,-0.5655316526003364
0.35167964690344294,-0.05246410231301889,0.25263623043383604
1.3216249111085598,0.5663348984461568,-0.44798874150729817
-0.8126667671984955,-1.458501595814441,-1.0199997832342727
0.524175218856043,0.1144458794784862,0.025378401565724053
-0.8127582764042373,-1.458501595814441,-1.0199997832342727
1.1452674349348608,0.6175781898509911,-0.568086933276272
-0.13066070222098472,0.6161399937007138,-0.5726131908411952
-0.7517993021408269,-1.458501595814441,-1.0199997832342727
0.4182032438311362,-0.05437901147295864,-0.7915090454185812
0.7201760719212152,0.6215073793334477,0.24988245421305197
-0.4593132280165299,-0.05546806570066606,-0.43034500371098566
0.7195254396705677,1.231281061394199,0.2548755956651538
-0.8126593961229838,-1.458501595814441,-1.0199997832342727
-0.5716906676610326,-0.11319733974400512,0.37632132056957723
-0.8050596374881761,-1.1819234504367202,-0.44418657332428674
0.3435534856077081,1.229143238545234,0.26272315896641335
0.5158297231182548,0.0015803815936621854,0.25251042339836866
1.0081584189079138,1.2289606104626594,-0.30597216844802316
0.254107821444508,-0.06244553273786513,0.1450823979569006
0.006647332844775852,-0.06144107828370332,0.41167309753588566
-0.8126980493238375,-0.7876992485420677,-0.5603232413319906
-0.20329599944178667,-0.06118325040242118,0.3690273082243738
0.7114530332913688,1.22810789845946,0.1373326845721154
-0.20423104733778477,1.2322559730702969,-0.4420953808236305
0.1631789530625067,0.5613260547108314,0.366603426007704
-0.9320905954674459,-1.458501595814441,-1.0199997832342727
1.318539486768794,1.2287900680620196,0.031551333439319186
0.9732635676535846,1.2305129491645457,-0.44610163597528885
0.6139737957321529,0.4977419391967095,0.00829660186116539
-0.8131955070297069,-1.458501595814441,-1.0199997832342727
0.5903604654395199,0.2843772817537673,-0.5657077824499906
0.2599967714313021,0.5616496824159823,-0.5728899663192232
0.15588158830600493,0.2849573944866522,-0.44509517969155055
1.0800391696915872,1.2287954394762126,0.27513891551108516
-0.813087637631976,-1.2413568056329085,-0.567921986274215
-0.015920023854525553,0.6189022434496589,0.37052021837858556
-0.5646433801249371,0.6159922798103958,3.2989277872387857
-0.8126291926916192,-1.458501595814441,-1.0199997832342727
-0.4824900468130114,1.227709070955602,0.36832838024955544
-0.3030059761460795,0.34297135348224017,-0.4507564962875786
0.6878745807706689,1.2297112655961842,0.01797815216834828
0.25400840181626594,0.615240281823323,0.2583255041488568
-0.8132933086169831,-1.458501595814441,-1.0199997832342727
1.0772550605361504,1.227342471936904,0.2304858050558952
-0.6264228809404212,-0.06134170712112594,-0.5741815852166875
-0.6605574327230763,-0.1372921609619541,-0.849036409169924
-0.8423349865680987,-0.7937796894089727,0.3638971768892076
-0.812910372255038,-1.2397453813748949,-0.5645671319950872
-0.0018410898450056084,0.6256917109900897,0.23482195421166785
-0.44537218705377607,1.23001475049811,0.9529788354731437
-0.47437467245704956,1.010282281528917,-0.5623445410351651
-0.06095567718954544,0.617815874929048,-0.5612010948683624
0.22841297134032584,0.3478297976201512,-0.4828428817555359
-0.8126644300282113,-1.458501595814441,-1.0199997832342727
0.35151155042531224,0.6122121470718055,0.2583422784202525
0.9881004639644944,-0.06246164698044543,0.1442325015395215
-0.7438788118300992,-0.052157931703996435,1.9078933746364615
-0.49697492932265896,-0.06027682425728853,0.053704554529159204
0.16449909470840463,1.2321821161251383,0.25085536195399905
0.3512415173663256,-0.05737223203221904,0.12334014651625358
0.3353935252340174,0.008191249612163191,-0.005533784904538585
0.7924104545471168,0.604641138766238,-0.43578545906697114
-0.12861729626330062,0.6059450495616808,0.41115589083452014
-0.8133154218435178,-1.458501595814441,-1.0199997832342727
-0.743836383200325,-0.7237941910298915,0.509601293943624
0.42598638044208664,1.2309493765677575,-0.560583242538623
-0.27232666095507774,0.1107879464127953,-0.4359951374594166
-0.20326975122167212,0.5613448546605081,0.4135434287964994
-0.7437238394620257,-0.05164361879498038,1.908964132293883
-0.6264079590070685,-0.06202790528432999,1.8873448921768041
6.339294895284826,1.2347107093566714,-0.1838666555353712
-0.8129981060318592,-1.2398460953910206,-0.5647768103875327
-0.931939758092952,-1.458501595814441,-1.0199997832342727
-0.7442362191012478,-0.726674611891091,0.503604491919683
-0.8417994150083643,-0.7835538596383277,0.3851865230021723
-0.016100525313395418,-0.05639866320966901,0.37681057015195013
-0.8128208406549212,-0.5666709258987225,0.8367191561418718
-0.8132043163638548,-0.5698212603231392,0.8301604160261769
-0.37580847093336434,0.6135603720343435,0.39052074130598546
1.0887366792306374,1.2275814998685093,0.2748425700497622
-0.8420773584898512,-1.458501595814441,-1.0199997832342727
-0.8423213231110528,-1.458501595814441,-1.0199997832342727
2.0315869485490237,1.2299167221890808,-0.08651996720268178
-0.8132402728297653,-1.458501595814441,-1.0199997832342727
2.076150133921982,1.2309480337142094,0.2688010366354331
0.3579461397822956,0.6257306537429917,0.23533356948923478
-0.8128756742654345,-1.458501595814441,-1.0199997832342727
0.6132942185264476,-0.0561300925000001,0.12882812897452667
-0.8341845546578743,-0.7277233805123483,0.5014210409263506
1.6859584762855633,1.229715294156829,-0.3128719854154291
0.7277303456266463,-0.05484363880068585,0.12318079093799508
0.7225195345869212,0.6179474745767857,0.24533103524103547
1.814464008931816,1.2302470641619734,0.002867329352777029
1.0802583243513106,1.2285617829588007,0.23304947286752864
-0.5638381350708752,0.6217786357502134,3.310974509812754
0.15646785848267292,1.2339184257631481,0.38476996192918045
0.2005039220653856,0.6136463146614377,-0.4441390462219991
-0.7517079727174146,-1.458501595814441,-1.0199997832342727
0.9889614415407173,0.6219384353224664,0.24864954526547262
0.6052250482291804,1.2287470967484726,0.3809118795081838
-0.4594131869917606,-0.06195270548562261,0.05331035915136169
0.23111977409405568,1.2273948432252895,-0.4384385896593812
-0.8128346838942967,-1.458501595814441,-1.0199997832342727
-0.8130817048151008,-1.458501595814441,-1.0199997832342727
-0.13044963776609111,0.6155571952607322,-0.44500851262267305
1.767813011365774,1.2305371205284157,0.12967802539190576
-0.8130484450841337,-0.7882108757439872,-0.5675725222868058
-0.39209423303813085,0.615782794656854,0.25769087754772174
1.9993703146580257,1.2300053505232715,-0.44343732253528156
-0.7516955677366757,-0.11052237547570247,1.7863833483583544
-0.8049938371555603,-0.5084206246786257,0.9579915469085404
-0.12237039965836911,1.230958776542596,0.3741826009666334
0.785463125986252,0.6161037366549086,-0.5738237340935805
-0.5720888855209895,0.5588458042070384,0.37808261906611934
1.440628228508689,1.2295447517561893,0.24382973795112578
-0.007646261266228757,0.6272118212068161,0.2752591311227539
0.26013502404272737,1.2282838122742932,0.23283140733938543
2.167283235030354,0.5559049549361637,0.2501760039624757
0.7348687828038246,0.5193685955928008,0.22918859473463257
-0.812964486736233,-1.458501595814441,-1.0199997832342727
1.0792828254311635,0.6159211085723335,0.26273993323780903
0.23790170291173282,0.6189385004954642,-0.44155860413897
2.084834878915634,0.7812639802729208,-0.09261741485499637
-0.08508696037361672,0.6053447940255706,-0.43842181538798564
2.158654761905852,1.2308782053296954,0.1282801694422692
-0.8128970683626511,-1.458501595814441,-1.0199997832342727
0.7118147553384269,0.6264074519313575,0.23354990529749847
-0.48190863075924134,0.6199684691670445,0.25341064262993457
-0.5720185906301348,1.229297666703294,4.5757797344509985
-0.2047464832766094,0.49537583124452605,0.5074849400358743
-0.8131581123051602,-0.7696230969277997,-0.5726383522482887
1.350723759840473,1.228690696899442,0.2336030238235848
-0.842199790256276,-1.458501595814441,-1.0199997832342727
-0.8129831840985063,-1.458501595814441,-1.0199997832342727
4.537564390400098,1.2332631132315555,-0.5624703480706325
-0.8130790080801574,-1.458501595814441,-1.0199997832342727
-0.7517664019745189,-1.458501595814441,-1.0199997832342727
0.7204423295512813,0.49851273713345917,0.2777668846964018
-0.49406443318954724,0.28298742833123036,-0.43904805485342274
-0.20413612226778147,0.618174416826456,-0.44089042899504377
-0.9321314060562541,-1.458501595814441,-1.0199997832342727
1.3506809716460397,1.2286611541213783,0.23424044613661893
-0.473824358746292,0.6259925101849189,3.3197474537526728
-0.015699071371506498,-0.051505304879500925,0.13242341447699188
-0.8421320123180349,-1.458501595814441,-1.0199997832342727
-0.8130829632914076,-0.5705517726534387,0.8286395487529723
-0.8128517632156042,-0.788428418018819,-0.5641785280410883
-0.6662169804573626,-0.05689014760836329,0.9863288827195723
0.9882133672674529,0.5618645389837175,0.00860133445818623
1.3171114757251654,1.227874241942048,-0.3186283562160325
-0.623469237048217,-0.040056135526313916,1.9330883302727107
2.7889219893910093,1.2286074399794442,-0.33796070399950595
-0.8128300095537283,-1.239005469069757,-0.5630266947385878
-0.48226657737737877,1.228312012198809,0.38393963549509635
1.325993262152006,1.2300308647406901,-0.5757723452873738
-0.8129479467619143,-1.458501595814441,-1.0199997832342727
0.604847145772463,0.6155034811187984,0.24904094493137077
0.9881984453341001,1.232006202310305,-0.5664821946460893
-0.7529709435825152,-1.458501595814441,-1.0199997832342727
1.7919554410542775,0.615240281823323,0.12761758572214152
0.7195937569557973,-0.05699757589223068,0.1276091985864436
0.22968618979821076,1.2285859543226707,-0.4423525863183636
-0.8125865842795154,-1.458501595814441,-1.0199997832342727
0.9564584143987434,0.5403573965534285,-0.5750175030745701
-0.10546798416324044,0.6268411936274727,0.2323812977236024
-0.6251338416375358,-0.05721108960641751,1.8973731107594969
0.6212565981199608,0.5000503044463138,0.3876942765758204
1.8066156113352383,1.228998210362013,0.25041643518581314
-0.8128260543424783,-1.2386227558084786,-0.562229916847295
-0.4661997901500061,0.11390873805914838,0.03166875333908861
0.6063325073792188,0.34416649314026704,-0.5646286376568712
0.16513606350200608,0.6267324224900568,0.23410625196545384
-0.03199292368110285,1.2304270065374516,0.2641992948492295
-0.8129486658912324,-1.458501595814441,-1.0199997832342727
-0.9322372978483601,-1.458501595814441,-1.0199997832342727
-0.8128843038172529,-1.2394553250084526,-0.5639632582248443
1.3494512605119064,0.6192043854980364,0.24984890567026066
-0.20465749102348135,-0.056062949822582725,0.2447886671325764
-0.8422103974137194,-1.458501595814441,-1.0199997832342727
-0.5643433234169154,0.34060390267650853,-0.4436218395206336
-0.7518059540870204,-1.458501595814441,-1.0199997832342727
0.24471419472543388,1.2268966445588534,0.2523566592439087
-0.8129855212687905,-0.569290833171543,0.8312647222263898
1.0801932431480128,1.2289324105381438,0.2329320529677592
-0.4456650524686157,-0.05588032174000796,0.2599945441527229
-0.19641896577177664,0.49808033829089227,0.5007920057490144
0.5980064281330224,0.6183409306664508,-0.4421512950616159
-0.8130437707435653,-1.458501595814441,-1.0199997832342727
3.5062067408964412,0.6044544821230182,-0.34955452124579156
2.1003632180659992,1.2344663100108724,-0.0845238289066008
-0.024627601204030618,1.227163872414974,0.37435593510438836
-0.44496515985967117,1.229629351529735,0.9569068106916223
-0.9321353612675043,-1.458501595814441,-1.0199997832342727
0.5317577183872136,1.2306727487367985,-0.5615170103129803
1.3172236598988056,0.6156820806407282,-0.5693701650380384
-0.5721498317307074,1.2328092287322154,4.583090521067598
-0.6262882239755869,-0.06237839006044805,-0.5717017887620323
0.6046891171047869,1.2279843559330124,0.25683259399464486
-0.09309320685554079,0.6191493285025542,-0.3090083115706337
-0.6233899530408847,-0.04056910558178173,-0.5701278029627415
-0.20470908855206268,0.6169403344155273,0.3740232453883748
1.071737900406869,1.2311709474032348,0.25056460791647467
-0.8104829512414315,-0.5553238134152098,0.8603429216907293
0.9908225482162359,1.2279749559581743,0.231036560300052
-0.8129296089643,-1.2420846322561112,-0.569437262123621
0.7032706001264842,0.5558767550116483,-0.10884372671837755
1.1696153558260418,1.2350853654966594,0.03705888588088711
0.727882801042106,0.6158177088491111,0.2652644610828526
-0.9320956293726734,-1.458501595814441,-1.0199997832342727
1.3248768138854903,1.249029556742671,0.1433937879697395
-0.812597191436959,-0.46023769651046936,-0.5627191664296678
-0.02356598654802803,0.5033214956900817,0.4938838016459106
-0.9319670850070438,-1.458501595814441,-1.0199997832342727
-0.9342702764309302,-1.458501595814441,-1.0199997832342727
-0.8132722740844255,-1.2440102842444376,-0.5734463129871786
0.6955485895075815,0.615225510434291,0.2570003367086013
1.7985304404106408,0.6145205123214101,0.12669220508348203
0.7113300621779555,0.6159076800368503,0.13659182091880814
-0.10657616244259686,0.8380411711504833,-0.20511127025794743
-0.8104444778229074,-0.7933231192025355,-0.5267607199812171
-0.8128922142397533,-1.458501595814441,-1.0199997832342727
-0.7519431280044682,-0.7281074366271748,0.2635702596718931
-0.7519183180429901,-1.458501595814441,-1.0199997832342727
-0.8131354597316367,-0.7263496413323917,-0.6914449251197985
-0.8128105930621368,-0.7851196268756977,-0.5627555106843583
0.2600226600867575,1.2309628051032409,-0.4441166805268049
-0.813307331638688,-1.243743056388317,-0.5728899663192232
-0.8422508484378686,-1.458501595814441,-1.0199997832342727
-0.8421386642642283,-1.458501595814441,-1.0199997832342727
-0.8126919367246327,-0.5674121810574088,0.835175923173473
-0.813317759013802,-1.2413420342438766,-0.5678912334433229
-0.204218103010057,1.230899690986469,1.8985892454356805
-0.8134534946726135,-1.458501595814441,-1.0199997832342727
-0.5638798445713312,0.6186524726896667,3.304466092511246
-0.932191633136654,-1.458501595814441,-1.0199997832342727
-0.8339585682696279,-0.726510783758193,0.5039455687713942
-0.8419243637274028,-1.458501595814441,-1.0199997832342727
-0.8129828245338472,-0.7871231643698279,-0.5681959660403437
1.7832640441144323,1.2279386989123688,0.24873341662245074
1.2433942484451217,-0.05509609526777476,0.2468435153785421
-0.44555466611827105,0.28279540027381705,-0.4470941136995308
1.6707940165702106,1.2312918042225856,-0.564052721005621
1.4467616824636729,0.6136167718833742,0.24519124964607167
-0.9320706396288656,-1.458501595814441,-1.0199997832342727
-0.20343874661145067,1.2280179272717213,1.8878481203186734
1.25868491535582,1.2281978696471991,-0.3488919375256638
-0.8424169673103744,-1.458501595814441,-1.0199997832342727
-0.8420879656472948,-0.7856889967801958,0.38074134108232816
-0.015215816469671637,-0.04984956645439185,0.25542914662120975
-0.8129447106799824,-1.2403832368103587,-0.565895095147242
0.7195635535244329,-0.0515764761175633,0.12483026095856616
-0.8130919524078851,-1.458501595814441,-1.0199997832342727
-0.03192244900791865,-0.0578825163805898,0.14606089712164605
-0.47419542947448656,-0.11204651425307356,0.4988266202838254
1.9705431170260652,1.2291136957671707,0.2522448307679377
2.3532626614816574,0.6169886771432677,-0.44952638305189835
0.9973002853323116,0.6146279406052778,0.12148379381513624
-0.9341151242805271,-1.458501595814441,-1.0199997832342727
-0.8002678990586357,-0.7895080722716881,-0.3651378193723398
-0.8131541570939099,-1.458501595814441,-1.0199997832342727
-0.08507239800492308,0.5586363190534966,-0.44403280916982674
-0.8128648873256614,-0.7866894226737126,-0.5667002601742326
-0.09389305843971614,1.2280608985852686,1.666559136355509
1.3408734860043376,1.2279762988117222,0.24570006921173942
0.1449979256396066,0.5403694822353639,0.41277460802419924
-0.8129040798735037,-0.7858622248879323,-0.5662501505584496
0.24553130541324622,1.2284248118968695,0.27539612100581834
-0.6233164220680981,-0.06003108205794139,-0.5302329941601143
1.07964508682521,-0.05657457702450231,0.2494435274448662
-0.9322779286548387,-1.458501595814441,-1.0199997832342727
-0.3917887828602226,1.2306673773226056,4.578631360588258
0.5822868005840138,0.06711163475288381,-0.08133671734142939
1.3497435865797573,1.2297878082484397,0.25104547036314967
-0.2695163035795261,1.2285590972517042,1.7982455539469702
-0.8131496625356712,-0.5689658626128437,0.8319412845060138
-0.482479799220227,0.5506691689511676,0.39082826961490535
-0.6263470127973504,-0.06054405211340921,1.8904341538255007
-0.6232950279708814,-0.061222193155323255,1.8890223193163678
0.5076857633718943,-0.17495517443237815,0.26484790000986086
-0.8423542232773609,-1.458501595814441,-1.0199997832342727
-0.4662738604697815,-0.05796577330058718,0.37772197223111315
-0.9321545979767663,-1.458501595814441,-1.0199997832342727
-0.8132782069013007,-0.19477837851304264,1.6109692009503633
-0.8839193585227155,-0.7267686116394751,0.5034087920867338
0.2583905960990876,1.2314556323554837,0.03482231636146872
-0.9313468359700906,-1.458501595814441,-1.0199997832342727
-0.6263243602238269,-0.062179647735292984,-0.5707149024615888
-0.8130301072865194,-0.7272775531342978,-0.6907012657545918
-0.8132823418948804,-0.576057472201652,0.8171771299659526
0.9909856107891393,1.2284516689678366,0.2339972192013823
-0.8127260953672475,-1.239449953594259,-0.5639520753772472
-0.6261456565882525,-0.06117116472048618,1.8891285563685403
0.29165464184205364,0.047138031074804576,0.008696388662761456
-0.8545837364627827,-0.5096036786547175,0.9555285247252807
0.2456927499451835,0.627375649339714,-0.4402921466485993
-0.816284706798393,-1.458501595814441,-1.0199997832342727
0.8992998587997257,0.560463942732794,0.26265326616893153
0.830708944864518,1.2302215499445548,-0.44735131919426385
0.6057566645776647,1.230093978857462,0.377864553537976
0.6132625768364466,-0.17369826351112744,0.25976529577698243
-0.8129481265442439,-1.458501595814441,-1.0199997832342727
-0.7362335682659148,-0.7252041872556536,0.49841005921083353
-0.9319958501797722,-1.458501595814441,-1.0199997832342727
1.0106658430581708,1.231675860337412,-0.7777541428741576
-0.812933204610891,-1.458501595814441,-1.0199997832342727
1.7939015847716744,0.4972061406309199,0.14495938663333244
-0.8125572797597985,-1.237424930443355,-0.5597361418331434
1.9111613731398118,1.2327756573935063,-0.4447037800256523
-0.813204675928514,-0.7869526219691882,-0.5679052120028193
-0.8133211748780634,-1.458501595814441,-1.0199997832342727
-0.10575509654353449,-0.052199560163994976,0.5035262119865033
-0.0618971972494075,0.17071144315412948,-0.32674989928342085
2.3897173042271773,1.2291405528381372,-0.43793256580561285
-0.5630963531791452,-0.060827394212109885,0.4109825566967652
-0.8422114761076966,-1.458501595814441,-1.0199997832342727
-0.8130455685668607,-1.2393935537452285,-0.5638346554774777
-0.9314383451758325,-1.458501595814441,-1.0199997832342727
-0.8125867640618449,-1.2363466190440344,-0.557491185178027
-0.6262657511843931,-0.06026608142890176,1.8910128661886505
-0.8129684419474832,-1.458501595814441,-1.0199997832342727
4.582141598794761,0.6210615519553973,-0.4470270166139483
-0.007850314210269828,-0.054203097658125345,0.1262504826033969
-0.9643771646846394,-1.458501595814441,-1.0199997832342727
-0.9695973244055015,-1.458501595814441,-1.0199997832342727
0.3607068772348908,-0.040437505934043744,0.23376237940184327
0.3518330012305505,0.6155397381646036,0.38493490893123766
-0.38423684632507565,0.4985073657192659,0.5013231910098761
0.2680698969398193,0.1679344220161527,-0.08505780987936196
0.4729415697097296,1.2288545250323397,-0.5736308299725307
0.6357395030239836,-0.055136380874225066,0.1265412366409213
-0.7518645631264542,-1.458501595814441,-1.0199997832342727
0.9802288744474045,0.5593695170908931,0.1267565064571653
1.806727615726549,0.6203377538928394,0.24882567511512677
-0.7515882376859333,-1.458501595814441,-1.0199997832342727
-0.8134416290388632,-1.458501595814441,-1.0199997832342727
-0.812800884816341,-1.458501595814441,-1.0199997832342727
1.0801481177832957,0.6262651094552328,0.2346122758192224
-0.20446134850194053,1.2287793252336325,0.38301425485643703
-0.44517460627359884,-0.06216621919980945,-0.4357323405408849
-0.8422289149936633,-1.458501595814441,-1.0199997832342727
-0.11410796335683406,0.6171444481548757,0.25544032946880685
-0.812691037812985,-1.458501595814441,-1.0199997832342727
-0.39169889169544675,1.2288397536433082,4.5748263966933465
-0.8336175211904684,-0.7278509515994409,0.5011554482959198
-0.812851044086286,-1.23778615804786,-0.5604881883340478
2.519550169812509,1.2303732923955182,0.11568269162414457
1.439882311623379,1.2493719843974984,0.2332899040908662
1.0865836060519267,1.2308795481832437,0.25016202540297927
0.5995822202515427,1.2283576692194524,-0.48304696872418285
0.9661400524097594,1.228745753894924,-0.44460313439727844
-0.12199896936551552,0.6186873868819238,-0.439582035826184
-0.8129698802061196,-1.458501595814441,-1.0199997832342727
-0.8423064011777,-1.458501595814441,-1.0199997832342727
-0.8128693818839002,-1.458501595814441,-1.0199997832342727
-0.7518399329473057,-0.1113079448014842,1.7847478568972797
0.21650562808946053,0.45000886696724846,0.028912181406405373
1.07886716868524,1.231383118263873,0.24905771920276643
1.207078577440346,0.6169295915871406,-0.3269875347948591
-0.9319469493861341,-1.458501595814441,-1.0199997832342727
1.0870330618758057,0.618135474073554,0.2506317050020571
-0.812873876442139,-1.458501595814441,-1.0199997832342727
-0.8126590365583248,-1.2381782712839766,-0.5613045362086355
-0.812927631358675,-1.458501595814441,-1.0199997832342727
2.161942081801704,1.2355150786321294,0.25064009213775507
-0.20616208933949917,1.2702144143213567,4.57434832995857
-0.47429700649068324,0.5009016735959644,0.497247043060736
-0.8106372044801868,-1.2225649130773726,-0.5287987939557872
2.159368497754172,1.2281092413130086,0.23412582194874884
0.23676278185402308,0.4934434649884581,0.24395834069849232
-0.8128102334974776,-0.5676297233322406,-0.23188300740538673
-0.8127553998869643,-1.240521550725838,-0.5661830534728671
-0.39166635109379794,1.23100443356324,1.7822820390021212
0.5606208724850845,0.11249605612628967,0.03292682369376153
-0.8129096531257197,-1.2409767780787269,-0.5671307998067207
-0.9314822120642431,-1.458501595814441,-1.0199997832342727
-0.6262657511843931,-0.06142093548047832,1.8886085539552753
0.3515663840358255,0.6148132543949493,0.2540508606548682
-0.11433394974508046,0.615116739296875,0.2520491309349887
-0.8422468932266184,-1.458501595814441,-1.0199997832342727
-0.6262955950510986,-0.06198493397078292,1.887434354957581
-0.48209075025907716,1.230118150221332,4.577487914421454
0.5909102398032888,0.6140854277717465,0.034003172774981584
-0.9323340207416588,-1.458501595814441,-1.0199997832342727
-0.813072356133964,-1.2425224025128716,-0.570348664202784
-0.8133075114210175,-1.242398859986424,-0.5700914587080509
-0.62632310174752,-0.06162236351272985,1.8881891971703848
-0.7744297624378012,-0.7880403333433474,0.03466296078321007
-0.8127582764042373,-1.458501595814441,-1.0199997832342727
-0.6262891228872348,-0.06138064987402801,1.8886924253122535
1.4469184526550423,1.2294708948110302,0.26056207366827516
-0.8129567560960623,-1.458501595814441,-1.0199997832342727
1.3633306361356237,1.2290868386962035,0.030030466166114492
1.0887706580909227,1.2289364390987887,0.27728322653782767
-0.4822974999380616,0.4979044244760589,0.3771125070370716
-0.8422688266708237,-1.458501595814441,-1.0199997832342727
-0.8133520974387464,-1.2430837152960799,-0.5715172717766801
-0.20393997974624067,-0.05664977682320939,0.3781469204398026
-0.5642401283597528,-0.056994890185133915,1.89782322037528
-0.7439812877579436,-0.7254203866769371,0.5062156868336041
-0.44510377203575546,-0.06125576449403179,-0.44013558678224
0.8082440640930608,0.28306531383703454,-0.5663507961868235
-0.48238882936147387,0.22142565026091562,-0.4471192751066242
0.3668710739682285,-0.00048089860304702557,0.2527145103670156
-0.8130340624977694,-1.2397131528897347,-0.5645000349095047
1.4403202613781667,1.2330536280780138,0.25606656893424407
-0.7517714358797465,-1.458501595814441,-1.0199997832342727
0.23738770523154465,0.6197173555535042,-0.4425315118799171
0.9723189912941202,1.2294346377652252,0.2511656859748183
1.724644936870137,1.228410040507838,0.2569136696397238
0.7278867562533564,0.004784430160012655,0.2518562268139387
-0.9319167459547694,-1.458501595814441,-1.0199997832342727
0.30527297352326205,1.2279494417407557,0.014830180569766723
-0.7500744704711083,-1.458501595814441,-1.0199997832342727
-0.8129310472229364,-0.5693539472883152,0.8311333237671239
2.887291329263835,1.227782927900761,0.23736884775190562
-0.8133382541993709,-0.7072354639252529,-0.7056946686703933
2.804994170088268,1.2301745500703627,-0.08861675112713653
0.5401740483628449,0.6152026819239691,0.2600392755431111
1.0715920969376025,0.6043953965668909,0.09936691697998673
-0.8132152830859576,-0.7921803508328943,-0.5723252325155701
-0.932061650512388,-1.458501595814441,-1.0199997832342727
0.1562621874976658,0.6193077852212591,0.2512355787723001
-0.8130275903339056,-1.2414293197245192,-0.5680729547167758
-0.812552245854571,-0.5681010649277095,0.833741722969146
-0.8130853004616918,-1.458501595814441,-1.0199997832342727
-0.8420814934834309,-1.458501595814441,-1.0199997832342727
-0.6253342989349858,-0.054095669374257964,-0.5714389918435006
-0.8131462466714097,-1.458501595814441,-1.0199997832342727
-0.9342877153168967,-1.458501595814441,-1.0199997832342727
1.44102878353893,1.2332563989638141,0.36581223954020975
1.0807640520443396,1.2332013419683319,0.3809873637294641
-0.8127879404886132,-0.568987348269617,0.8318965531156257
-0.8130630074528273,-1.2425895451902889,-0.5704884497977476
1.4457036634542615,0.616604621028441,0.25398655928118496
1.0858617799987766,0.6475036811758528,0.23457872727643106
-0.7416349485749649,-0.7073173779917021,0.5439046789477047
-0.8128677638429342,-0.5674470952496657,0.8351032346640916
0.15577120195566027,-0.05507998102519446,0.3697569890300841
-0.8417523120380218,-1.458501595814441,-1.0199997832342727
-0.8130746933042482,-0.5704618014656996,0.8288268614502238
1.791335371799654,1.2317752314999897,0.13657225093551315
0.6311985609441676,0.6055891933713695,0.3685660157609936
-0.8129058776967992,-1.2407108930761546,-0.5665772488506646
-0.9313211270969648,-1.458501595814441,-1.0199997832342727
-0.8560586706944245,-0.5092531938785996,0.956258205530991
0.3281378699779715,1.2291902384194262,0.2583255041488568
0.620923821027961,1.2260855610156531,0.24802889722383398
1.080116296310965,0.6264181947597444,0.27756000201585573
-0.7517333220258815,-1.458501595814441,-1.0199997832342727
-0.4622652538677681,-0.06068505173598543,0.008072944909223629
-0.2045429696795569,0.6170987911342318,0.3867716916490601
-0.7518570122686131,-1.458501595814441,-1.0199997832342727
4.8311584630214215,1.2311642331354928,0.004418949456873678
-0.11997749685203658,1.2273747004220639,0.2800621641657051
-0.10563374347108709,0.5611662551385781,0.36623159632510066
0.9879386598678979,0.49777148197477306,0.2776382819490353
-0.8130137470945301,-0.7870251360607988,-0.5679135991385171
-0.8125060417958764,-1.458501595814441,-1.0199997832342727
-0.8131534379645918,-0.5700549168405512,0.8296739621557033
-0.7579032717937648,-1.458501595814441,-1.0199997832342727
0.237411256716716,0.6181932167761328,0.375345617116731
1.3178288072200766,0.6229549754585632,-0.5682910202449191
-0.8421663507429793,-1.458501595814441,-1.0199997832342727
1.0799093668496509,0.006998795661233092,0.24543447658130843
-0.8133921888982364,-0.5772458975919371,0.8147029249350959
-0.8127521638050325,-1.458501595814441,-1.0199997832342727
-0.8344477559883379,-0.7290528055252095,0.49865328614607046
-0.8126827678258256,-1.458501595814441,-1.0199997832342727
-0.6678675620249763,-0.05481141031552555,0.9593195100606948
0.00505589966358456,-0.0357898898032228,0.38902783115177353
0.33533779271185643,1.2280326986607528,0.355537998310381
-0.8132783866836303,-1.2427130877167367,-0.5707456552924808
-0.6234699561775352,-0.06159013502756955,-0.526483944503189
-0.5719979156622363,-0.10941720700541475,1.7698299382027582
-0.2040428152387442,1.2321190020083657,3.3001355347792716
0.2714611310221522,0.28306665669058273,-0.5732478174423302
0.24552213651443908,1.2293634665271624,3.2968477775857266
0.24561328615552172,1.2323526585257782,-0.7844079371944276
1.0801288810740337,1.2279306417910787,0.23291248298446435
1.7995706609694269,1.2288061823045997,0.2317914025128557
-0.7518388542533284,-0.7838815159041238,0.38450436929874965
0.7113284441369895,0.5548642434361966,0.2548811870889523
1.2126725046243458,0.627197049817784,-0.48379062808938955
-0.016236620536866045,1.228450326114288,0.36702557850449424
-0.4902393843460061,0.6157787660962091,-0.445581633562024
0.8997816754429241,1.2317107745296692,0.49610639260583267
1.0793274114488922,0.6390571323567646,0.20157814401741128
-0.812771580296624,-0.7290554912323062,-0.6857864042356696
0.19954046856131818,0.6266558798378011,-0.43852246101635944
0.5157171793799554,0.6186350155935382,0.2479086816121652
1.0800672157349973,1.2280743271207515,0.4104318014526084
-0.10019910343107012,1.2278218706536632,-0.67193924319857
-0.8129394969924253,-1.2403899510781002,-0.5659090737067383
-0.8131920911654454,-1.241304434344523,-0.5678129535101433
-0.6169857468975956,-0.055421065826473985,-0.4406527934836056
-0.2666022117998233,-0.06086096555081843,0.14524175353515908
-0.813207912010446,-0.7273097816194579,-0.6925715970152054
0.6226373264109176,1.2284906117207386,-0.4401719310369306
1.3419521799816476,0.6265766514784488,0.23105053885954846
0.3754880410236395,1.2293070666781318,0.5010240498366539
0.5978255671094934,1.2291835241516842,-0.44292011583391605
-0.1301085906869317,-0.05560369390904905,-0.4431465684977572
-0.5716985780835329,0.5007969310191934,0.5051644991594776
0.6008615513086324,0.5770911553683981,-0.5636780956111184
-0.10546546721062684,1.2284422689929981,-0.439428271671724
0.5823355215953226,1.2291593527878142,0.029051967001369014
-0.813153797529251,-1.458501595814441,-1.0199997832342727
0.1557613139275348,1.2312461472019418,1.8956677265009403
-0.2043052974398896,1.2292520096826498,0.5089974201733808
-0.8422467134442889,-1.458501595814441,-1.0199997832342727
0.36945993951377243,0.6261133670042698,0.23319205417439162
-0.8421650922666725,-1.458501595814441,-1.0199997832342727
-0.38426471258615613,1.2287242682381505,0.3846385634699149
-0.5659477009258345,0.11185954354437447,0.007264984170333748
-0.8128929333690714,-0.5676283804786924,0.8347258135576898
-0.9678586494964074,-1.458501595814441,-1.0199997832342727
-0.8131016606536808,-0.7282739504671695,-0.6907991156710663
-0.3918464929880087,-0.05701637584190745,0.25031858526933853
0.15628717724147348,0.6181878453619395,0.2558429119823023
-0.8126543622177564,-1.458501595814441,-1.0199997832342727
-0.1962629147097257,0.6163763359252225,0.3788346655670237
-0.4506852942390162,1.2296991799142492,-0.33884694467157556
0.14798087405152774,1.229403752133613,0.009867791948556894
-0.8420183898857584,-1.458501595814441,-1.0199997832342727
0.15562989304463254,0.8977968111982741,-0.4419360252453719
-0.20372100486884678,0.34164192846937885,-0.4468760481713875
0.6587476859953455,0.6194031278231914,-0.4415697869865671
-0.8128929333690714,-1.458501595814441,-1.0199997832342727
1.2591719456865753,0.007854193371528668,0.24278693741269688
1.0555051740893202,0.06633143684129562,0.12366165338467007
-0.9319381400519859,-1.458501595814441,-1.0199997832342727
-0.8131672812039673,-0.5712957135192216,0.8270907243607751
0.9070756243351644,0.6180132744006548,0.3774479924649844
4.131530673448246,1.2307304914393775,0.25166052698098973
-0.562948032757265,0.6270708215842399,3.3219924104077894
1.7171514295920944,0.0019241521020381778,0.24201252521659816
-0.7518264492725893,-1.458501595814441,-1.0199997832342727
-0.5615236173602272,0.6195736702238311,0.5031683608633963
-0.14293857685305622,0.38951868602851286,-0.5722245868871962
0.36934128317626835,0.0019523520265534821,0.23354431387369992
1.0805819325445036,0.6224527482314821,-0.007700461626475155
-0.8127902776588974,-0.7272842674020394,-0.6904496516836571
-0.1227378747399728,0.6265981371352223,-0.5736643785153219
-0.8125558415011621,-0.7871889641936969,-0.558760438380297
-0.8130063760190186,-0.5686234349580157,0.8326541910403285
0.16340979357365104,0.6169806200219776,0.3701427972721837
0.727424895448738,0.6169215344658503,0.26840124983383706
-0.4904637526932865,0.6147420831568869,-0.4458835704471455
0.7276221166642561,0.6183113878883872,0.3790611182308648
-0.8129871393097564,-0.7277569518510568,-0.6875840469869022
0.5419846362037597,0.6266397655952212,0.23236731916410608
-0.8419942990535982,-1.458501595814441,-1.0199997832342727
1.0794248534715094,0.6178534748284018,0.2622395008078392
-0.812684206084462,-1.458501595814441,-1.0199997832342727
0.27702413564546924,0.6172371050497113,0.3773473468366105
-0.8125002887613306,-1.240369808274875,-0.5658671380282493
-0.9321472269012546,-1.458501595814441,-1.0199997832342727
1.6398590509065862,1.2301517215600406,-0.56555681400743
0.9649347916724449,1.231111861847107,0.2554822651472961
0.17920079470749137,-0.05342424260008538,0.3698296775394651
1.8063462974055695,1.227776213633019,0.5001713577073756
0.18699363956423765,0.6144090554768974,0.14069033456314242
0.7034618885251271,0.5958427623174837,0.2518506353901402
0.5314071428445878,1.2302470641619734,0.2581242128921091
1.3327090310724081,1.2290626673323335,0.2584065797939357
-0.8423076596540069,-1.458501595814441,-1.0199997832342727
0.6661647857833288,1.23218077327159,-0.09516710410713351
0.2628664569756057,1.2491611563904086,-0.4817944897933086
-0.18781907803767306,-0.05465295359682079,0.24848180255151622
-0.8421694070425816,-0.7866639084562941,0.3787116542434559
-0.8134407301272153,-1.243747084948962,-0.572898353454921
-0.9313450381467953,-1.458501595814441,-1.0199997832342727
-0.8130178820881099,-0.569602375194759,0.8306161170657584
1.987654080023474,0.6157304233684687,-0.44281387878174366
-0.8129402161217436,-1.458501595814441,-1.0199997832342727
-0.9318971496808482,-1.458501595814441,-1.0199997832342727
1.8070440326265595,1.2286181828078313,0.25121600878900524
-0.5208527194220625,0.6151892533884856,-0.4410134403186118
-0.813366300242781,-1.458501595814441,-1.0199997832342727
-0.12265247813343581,0.34595517406666204,-0.43901450631063155
-0.9318502264928352,-1.458501595814441,-1.0199997832342727
0.6212664861480864,1.230653948787122,0.389760307669383
0.5074784743459212,0.9059841892825319,-0.30565625300340526
2.226428205588588,1.2332161133573634,-0.5660963864039896
0.7120819118801406,1.2305384633819643,0.13901570313547792
-0.30207973758422935,-0.053768013108461674,-0.5673264996396697
-0.8133502996154509,-1.458501595814441,-1.0199997832342727
-0.047840915813411045,0.5627991650533654,0.007379608358203827
-0.7518223142790096,-1.458501595814441,-1.0199997832342727
-0.11689602772352126,0.49673748474254736,-0.43662137692485375
-0.8128986864036171,-0.5685348066238249,0.8328387080256805
-0.5717214104393858,0.5614670543334073,0.3795978949155255
2.519277979365568,1.2298791222897267,0.37275119647420557
-0.39193009177125016,-0.057757631000593876,1.6583732919144378
0.3361347677787589,-0.052335188372377967,0.26280982603529085
-0.21225635074664126,-0.05478186753746201,0.3779875648615441
-0.9341924306822343,-1.458501595814441,-1.0199997832342727
-0.9320611111653995,-1.458501595814441,-1.0199997832342727
-0.9320699204995474,-1.458501595814441,-1.0199997832342727
1.0715548819953855,1.2290519245039464,0.23337657115974367
-0.8420284576962133,-1.458501595814441,-1.0199997832342727
0.9737038545786566,0.5184635123012167,0.14494540807383613
-0.8130680413580548,-1.2419422897799868,-0.569140916662298
-0.813223553073117,-0.7293844903516505,-0.6887582459845969
-0.9341482042291647,-1.458501595814441,-1.0199997832342727
3.2412135199541727,1.2280770128278484,0.23230581350232202
-0.8595640665560227,-1.458501595814441,-1.0199997832342727
-0.8541342806389037,-0.7285599782729669,-0.5641897108886854
-0.4824783609615906,1.2275653856259292,4.572173266100936
-0.8422934568499724,-1.458501595814441,-1.0199997832342727
-0.9706319717120713,-1.458501595814441,-1.0199997832342727
0.5332481138991967,1.2282757551530032,1.8888238237715196
-0.5641498776303178,0.6203686395244511,3.308039012318517
1.43996609018895,1.2316919745799921,0.13755075010025877
-0.8127865022299768,-1.458501595814441,-1.0199997832342727
-0.9515574261112993,-1.458501595814441,-1.0199997832342727
-0.09096386494433095,0.4973081975005941,-0.5719953385114559
-0.48227322932357214,1.2279816702259159,4.57303993678971
0.6226393040165429,0.47591922618255966,0.3690636524790643
-0.8128384593232173,-1.458501595814441,-1.0199997832342727
-0.8126387211550855,-1.458501595814441,-1.0199997832342727
2.1504978578317635,1.2284060119471931,0.14350002502191198
-0.8129330248285614,-1.458501595814441,-1.0199997832342727
0.7248419627200693,1.2278608134065645,0.28688090548803225
-0.482375525469087,1.2309144623755008,4.579145771577724
-0.4823472996433474,-0.11517804872781341,0.34983754174776327
-0.8128785507827074,-0.18738731258295344,1.6263567992439623
0.7204759488469075,0.6264034233707122,0.2794526989716636
-0.8421507096803084,-0.7909664112251906,0.36975419331818477
-0.49109424932302426,-0.057015032988359214,0.9495205398537426
-0.8126464517952562,-1.458501595814441,-1.0199997832342727
-0.8421107980031479,-1.458501595814441,-1.0199997832342727
-0.7440709991403899,-0.05390229846329613,1.9042617448793058
-0.12925732135650458,-0.056463120179989626,0.9580670311298208
-0.37624588134116355,0.6160621081949097,0.37846842730821895
0.7493054836491521,0.6175204471484123,-0.32120879829906157
-0.6262605374968361,-0.06047690943599183,-0.5714977017933852
-0.49096858147466765,0.6048586810410699,-0.4381310613504612
-0.4821756075186256,1.232301630090941,0.37516389584327825
0.36765240797246,0.6144385982549609,0.26189003682042994
-0.8131084923822038,-1.458501595814441,-1.0199997832342727
-0.9661151204644154,-1.458501595814441,-1.0199997832342727
0.8757451375465264,1.231016519245175,0.02250440973327138
1.439800510663433,1.2274969000949636,0.009792307727276522
-0.8127512648933848,-0.5671879245148352,0.8356428070606514
-0.8129734758527105,-1.458501595814441,-1.0199997832342727
0.2691534450400271,0.6138799711788496,0.25181988255924825
-0.8129569358783918,-1.2410022922961454,-0.5671839183328069
-0.81295765500771,-1.458501595814441,-1.0199997832342727
-0.37575741275177166,-0.05126896265499232,0.5111053869454327
-0.842391438219578,-1.458501595814441,-1.0199997832342727
1.7103567362290188,1.2285564115446073,0.14185894213703865
-0.7746561083907065,-0.786184509739535,0.028392178993140522
3.231643886334467,0.6134234009724123,0.245194045357971
1.3109159968664856,1.2296441229187665,-0.5635243314566584
-0.09952509947758095,0.6168127633284344,-0.5643043350765555
-0.8105917195508102,-0.5564289818854975,0.8580420507976275
0.15531743135587184,1.2282274124252626,1.650425082984804
-0.9319561182849413,-1.458501595814441,-1.0199997832342727
-0.8129705993354378,-1.458501595814441,-1.0199997832342727
-0.8130315455451559,-1.458501595814441,-1.0199997832342727
-0.812908394649413,-1.458501595814441,-1.0199997832342727
-0.03339145042268524,1.2294024092800646,0.14315056103450272
-0.6252809035831091,-0.05651683432192347,-0.5667058515980311
-0.5640274458638932,0.6179233032129157,3.3029480209499407
-0.7440073561957286,-0.05434409728070157,1.9033419556644449
1.0866785311219298,1.229924779310371,0.25328203988256803
-0.8132994212161877,-1.2441123411141117,-0.5736587870915234
-0.7521622826641918,-0.11274076953756791,1.7817648323007553
-0.842372201510316,-1.458501595814441,-1.0199997832342727
-0.19628790445353336,0.6175365613909922,0.500132217740786
0.8907316127556231,1.2319377167793395,0.25330160986586303
0.7769802765486866,0.6751020073014333,-0.44522657815081634
-0.212278104408517,-0.11043911855570508,1.7712865041022796
0.5985315723176426,1.233903654374116,-0.5640974523960094
-0.7437026251471385,-0.7223962804860647,0.5125116300307672
1.088780186554389,0.627146021382947,0.23185849959843835
-0.8129100126903789,-0.2767300448614235,1.440352495161524
-0.8130748730865778,-0.7265416693898049,-0.6886184603896333
-0.8051991485759082,-1.1820590786451028,-0.4444689402261134
0.9192337639357544,1.2290156674581414,0.2768834397362316
-0.8334959883356915,-0.7276978662949297,0.5014741594524368
-0.20439842468659744,-0.11581053274908391,0.24900739638857947
-0.1966744364620695,-0.11868423934254148,0.38255575810495646
-0.46519858235673295,-0.19048124715833958,0.4109238467468803
2.165717510722289,1.2268442732704679,0.24866352382496892
1.0948354351960183,1.2304834063864822,0.3745963663277258
0.7192706881095929,1.2308204626271169,0.2635143454339076
0.6135505881283884,0.6128150883150122,0.3889187983877019
-0.8059375146033769,-1.1863092101256139,-0.45331736838731274
-0.2807343613788905,0.5609540842779398,0.37868928854826167
-0.7436411395904319,-0.05219553160334998,1.907815094703282
-0.01621234992237653,1.2308083769451819,0.3720830213302793
0.22960960252582177,0.3399942471655601,-0.44618271162036777
-0.8130685807050434,-1.458501595814441,-1.0199997832342727
-0.12282560851679399,1.2285832686155742,0.3775514338052574
-0.8133407711519847,-1.2433160289599434,-0.5720009299352544
-0.8132649030089137,-0.7271016393194647,-0.692484929946328
-0.8127584561865668,-1.458501595814441,-1.0199997832342727
-0.9626654571249782,-1.458501595814441,-1.0199997832342727
-0.8131505614473189,-0.6983269734855343,-0.750814663012762
0.15538431038246497,0.6175459613658308,0.2548811870889523
0.6218779258508916,1.2337143120237992,0.3739701268622886
1.8143106546047079,0.6140719992362629,0.25054503793317967
-0.8423098170419615,-0.787423963564657,0.3771292813084673
1.062720018756558,1.2285201544988023,0.24627039443919108
-0.4668412535018464,0.3389683070546247,-0.44269925459387344
-0.9322613886805199,-1.458501595814441,-1.0199997832342727
-0.7519147223963992,-0.7831040036996323,0.38612308648842875
-0.27251723022440244,-0.056363749017411945,-0.15332350303581255
-0.932226870473246,-1.458501595814441,-1.0199997832342727
1.8073155039441824,1.230745262828409,0.2620605752462857
3.132201245954218,1.2307707770458276,-0.4515337041955765
0.7349121103452464,0.6260999384687865,0.009929297610340962
-0.8131591909991375,-1.2434489714612296,-0.5722777054132824
-0.8105913599861512,-1.2435644568663873,-0.5725181366366199
-0.4143268350398071,1.229034467407818,0.03697501452390899
2.438311748775672,1.228713525409764,0.2779961330721423
-0.8424214618686131,-1.458501595814441,-1.0199997832342727
-0.5718909451761531,0.560160457830868,0.3776297137384371
-0.8095042162393522,-0.7542809951379614,-0.5129834517415993
0.11828982232607146,0.6174197331322864,-0.3285056063561643
-0.13713052891456035,0.6148051972736593,-0.2180610077753805
0.9655086568683738,1.2317174887974105,-0.32687011489508955
-0.812571482563833,-1.2378170436794718,-0.560552489707731
0.7114449430865389,-0.05446361124650426,0.14050302186589117
-0.8127208816796906,-0.7881611901626985,-0.5626884135987757
1.0797793842253853,0.6160849367052318,0.3777639079096022
0.7177191666055621,-0.040903476115319484,0.10006304924290574
-0.20413270640352,-0.05725808948060959,0.26158530422340925
-0.812999364508166,-0.7884217037510772,-0.5663088605083344
-0.7520923473379962,-0.7868465365388689,0.3783314374251547
0.6211323685302407,0.6164555642845748,-0.765391504855572
-0.8124093189025774,-1.458501595814441,-1.0199997832342727
1.701719993117357,0.6048385382378448,0.23276990167760134
-0.8424184055690107,-0.4537302282151909,1.071852505430236
0.5973791675852167,1.229893893678759,-0.4456291606643117
1.35733741239769,0.6178977889954971,0.2535308582416034
-0.0913302613319572,0.6174694187135752,-0.4429312986815131
-0.20434395064074318,-0.05324967163880062,1.651076483857335
-0.9515441222189126,-1.458501595814441,-1.0199997832342727
-0.08177141465202516,-0.056150235303225104,0.3771125070370716
1.0802211094090937,0.6057691357468475,0.23454238302174057
-0.8053746161295506,-1.1834999605024767,-0.4474687390940334
-0.15924896913697126,0.6172666478277751,-0.3188044860656867
1.4396421224310982,1.229380923623291,0.25036052094782774
-0.813315781408177,-0.5558085835461621,0.859333669695092
-0.5639949052622444,-0.05576617918839851,1.9003812967631148
2.8185713316160097,1.2286047542723477,0.030346381610732436
-0.574537161284824,0.2829095428254265,-0.43870977371361075
-0.8423608752235543,-0.43400908100420055,1.1129103303829606
1.4474178879665365,1.2293742093555495,0.12587585720889424
0.23807806937702308,0.6208910095547575,-0.5659705793685224
-0.8128952705393556,-0.7279234656910516,-0.6885401804564537
1.1840581692705743,0.5588968326418755,-0.4444745316499119
0.9803495083905337,0.5631644212185152,0.13129674258158486
3.239485452202522,0.6153678529104156,0.2598883071005504
1.1722817075556227,0.7129449631473352,0.009076605481062667
-0.8130160842648143,-1.458501595814441,-1.0199997832342727
-0.49084740818454986,0.6123920894472838,-0.44555367644303134
-0.8421625753140587,-1.458501595814441,-1.0199997832342727
-0.8126543622177564,-1.458501595814441,-1.0199997832342727
-0.813383918911077,-0.7931310911451221,-0.5715731860146656
2.068052378234316,1.230954747981951,-0.0011612914940754267
0.539367185267817,1.230743919974861,0.37812735045650775
-0.11407686101382158,0.34609214512859326,-0.43731750918777273
-0.47675463093565446,-0.05515920938454684,-0.8157115233305886
-0.8129481265442439,-1.458501595814441,-1.0199997832342727
1.0801695118805124,1.2293755522090974,0.27754602345635926
-0.5645878273851057,0.6167321921155338,3.3004682244952854
-0.07661723504610854,0.9696623045450379,-0.4807712592381746
0.7060367310489659,1.2284234690433216,0.2800481856062088
-0.8129319461345842,-1.458501595814441,-1.0199997832342727
-0.062155364674643686,1.2290438673826565,0.27705677387398653
-0.625437314209819,-0.05914882727667904,1.8933388984888455
-0.5715132225017651,1.232614514967705,4.582685142842203
1.1372966055718585,1.0135521299191366,-0.8011794128781669
-0.7439820068872619,-0.05286830123107079,1.906414443041746
-0.8854426542010067,-0.7294167188368109,0.4978956482213674
-0.8051930359767034,-0.5112365885695046,0.9521289390557647
-0.7518812828831026,-0.7837405162815476,0.3847979190481734
-0.8132260700257307,-0.7263294985291663,-0.694430745428222
-0.8131998218056161,-0.7285828067832888,-0.6883808248781951
-0.812806098503898,-0.5690947765534847,0.8316728961636837
0.23022751439249078,1.2341117966741093,-0.4406080620932172
-0.5562380168714085,-0.05407686942458089,1.9012256017566949
-0.6234602479317394,-0.04042944881275374,-0.5717017887620323
-0.4823994365189174,0.21814237333521277,-0.43911515193900535
0.12666731931851952,0.618520873041929,-0.4379493400770085
-0.1307460988275219,0.6159748227142673,-0.4462050773155619
-0.4824853724724431,0.4950119179329245,0.5074038643907952
0.7779268305137761,0.5192866815263519,-0.5738013683983864
0.7182311866801253,0.6168355918387565,0.24861040529888276
-0.08406076283653598,0.5704306017686082,-0.7744132671545263
-0.813286117323801,-1.458501595814441,-1.0199997832342727
-0.10653301468350451,1.231635574730962,0.4993661926803851
1.4224955625324383,1.249705012077488,0.2318976395650282
-0.06291566414631758,0.8395639670743061,-0.44551453647644146
-0.4821202345611237,-0.05572455072839997,-0.4417515082600199
2.8941624301169697,0.6152966816723533,0.2646046730746241
0.24536824284034275,1.232905914187696,0.5008451242751006
-0.6251771691789577,-0.05643223454837755,0.8380191621750336
1.423314471043546,0.3766353490856936,-0.12130980607723628
-0.48269086367512065,0.5583731197580213,0.37140366333875596
-0.572083492051103,1.2321592876148164,4.581737396508349
-0.3759821406637113,0.6262476523591045,1.8887762966692323
-0.8129479467619143,-0.7276656378097694,-0.6904692216669521
-0.8125704038698557,-0.7864383090601722,-0.5609886207640177
-0.7518679789907157,-1.458501595814441,-1.0199997832342727
-0.8134811811513645,-0.7706369513568001,-0.5727865249789502
-0.8130380177090196,-1.458501595814441,-1.0199997832342727
0.35930583354069484,0.6168597632026265,0.12337928648284344
-0.18879709391043412,0.604952680789454,0.3680767661786209
0.7117805966958121,0.6264651946339364,0.3680907447381172
2.395278511027198,1.2493276702304035,-0.21368571865301814
0.13403336092491006,1.2339775113192752,0.034953714820734456
-0.7824351100080773,-1.458501595814441,-1.0199997832342727
-0.5640768860045199,0.6176654753316335,3.30241124426528
-0.8127349047013955,-1.458501595814441,-1.0199997832342727
-0.626312314807747,-0.06048899511792713,-0.5750622344649584
-0.8421681485662748,-1.458501595814441,-1.0199997832342727
1.4390934267613065,0.621244180037972,0.2457867362806169
1.805959945179363,1.2298522652187602,0.25560807218276327
2.1671910066952935,1.231289118515489,0.24210478370927419
-0.8128156269673643,-0.5670939247664512,0.8358385068936005
0.3437782135196476,-0.057114404150936604,0.2581605571467996
-0.6251751915733327,-0.0579107163051051,-0.5615813116866636
-0.8129598123956646,-0.5694103471373457,0.8310159038673545
-0.5723186473381565,1.230296749743262,4.577859744104057
-0.4661974529797219,0.6151838819742924,0.3811467193077226
-0.8134567307545455,-1.458501595814441,-1.0199997832342727
0.7030956719198305,0.605778535721686,0.2793772147503832
0.6286352244894201,0.6196112701231851,-0.5639548710891464
-0.8133885932516454,-1.243773942019929,-0.5729542676929066
-0.5717410067133071,-0.10379065063785053,0.36623439203699987
0.7420978302750968,1.2305196634322872,0.3704083899026147
-0.7517036579415055,-1.458501595814441,-1.0199997832342727
-0.8131980239823207,-1.458501595814441,-1.0199997832342727
-0.8131493029710122,-1.458501595814441,-1.0199997832342727
0.16335082496955816,0.6139296567601384,0.2570953909131766
0.33765159129318617,1.2284704689175137,0.27837355417854415
-0.8133387935463596,-1.458501595814441,-1.0199997832342727
0.720401878527132,0.6178293034645315,0.25675990548526384
-0.8126592163406544,-1.2376062156723817,-0.5601135629395452
-0.8129141476839585,-1.458501595814441,-1.0199997832342727
-0.8132465652112995,-1.458501595814441,-1.0199997832342727
-0.8131697981565811,-1.458501595814441,-1.0199997832342727
-0.9342458260341111,-1.458501595814441,-1.0199997832342727
4.213455143854653,0.12128234689310935,-0.44478205995883197
-0.7473493299197643,-1.458501595814441,-1.0199997832342727
-0.6233370970359965,-0.06076293724178928,-0.5733848073253945
0.5236648168224456,0.6193520993883543,0.3778114350118898
0.6738154228173996,1.2317282316257976,0.25056460791647467
-0.812964127171574,-1.240532293554225,-0.5662054191680613
-0.812999364508166,-0.19835305465873632,1.6035270158744979
1.4312507821992744,-0.06008076763923023,0.14063721603705626
-0.8420583015629186,-0.785748082336323,0.38061832975876003
-0.8132161819976054,-1.2409311210580833,-0.5670357456021454
3.408151121188683,1.2489342141407382,0.23217721075495548
1.4468154373802091,0.6110666929950674,0.2632124085487861
-0.8129910945210066,-1.458501595814441,-1.0199997832342727
-0.4736762181067414,1.2276687853491512,0.5036240619029779
-0.8134317410107377,-1.2436705422967063,-0.5727389978766625
-0.8130630074528273,-1.458501595814441,-1.0199997832342727
0.36780198687064697,0.619323899463839,0.37674626877826684
-0.4139406625959301,1.23355988386574,0.033759945839744815
-0.39199319536892285,-0.10575524537907884,1.7762572798591874
-0.8419240041627436,-1.458501595814441,-1.0199997832342727
1.2584488611571185,1.2489798711613818,0.3688819312056116
-0.30195640690615694,0.6153785957388025,-0.5592692579459647
0.0009320525883286426,-0.06085827984372166,0.27922624630782245
0.2366004384104379,0.6156297093523428,0.2492897632904061
-0.8133619854668717,-0.5776353251209569,0.8138921684843069
-0.8130105110125982,-1.2408948640122779,-0.566960261380865
1.0873777046015565,1.2301235216355257,0.12597091141346964
1.0873701537437153,1.2302766069400368,0.25948572458705516
-0.09221407126403308,0.6137470286775637,0.15628481553728785
-0.15189299534103556,0.6154135099310593,-0.32673871643582375
-0.47652792541808975,-0.05541972297292575,-0.8038884577085625
-0.8130986043540785,-0.7269230397975348,-0.6936479460964255
0.15647055521761624,0.6052964512978303,0.36622880061320134
-0.8131257514858409,-1.458501595814441,-1.0199997832342727
-0.5721210665579792,-0.17592471469428303,0.37644433189314536
-0.9342247915015537,-1.458501595814441,-1.0199997832342727
-0.20426304859244496,-0.05521963779422245,0.37672669879497184
-0.8127003864941216,-1.458501595814441,-1.0199997832342727
0.9738052518125239,1.229376895062646,-0.5726802879267777
-0.7438477094870867,-0.7244602463898706,0.5082146208415844
-0.8129240357120839,-0.5683186072025413,0.8332888176414637
0.7175645538021478,-0.06152567805724924,0.23443055454576953
0.5536561050382535,0.4119470259929662,-0.5737119056176095
0.8212371128320888,1.2307613770709898,-0.4446981886018538
0.23708369331227278,0.9500955854921074,-0.43947859448591087
1.4483957240569685,1.2348557375398925,0.2540983877571558
0.6132172716893995,1.2268080162246624,0.2612693887787913
0.5394290303891828,1.2299637220632724,0.37972370195099264
-0.813281263200903,-0.5553721561429502,0.8602422760623554
-0.19464127809716983,0.49799976707799165,0.4989915672858823
-0.11452721574934852,-0.05678137647094738,0.26271197611881625
-0.842060998297862,-0.7860153101924435,0.3800619830908048
1.0478732344175228,0.6140155993872326,0.2514117086219544
0.47297087422944634,0.6256890252829929,-0.4821970723068038
-0.8134966424317058,-0.7914699813058199,-0.5748190075297217
-0.6253700756185667,-0.05595015012452181,0.8317567675206617
0.2680783467093083,0.11724841483388183,0.016966104460811336
2.7922218940499297,1.2291902384194262,0.011673821835487416
-0.812842594316797,-0.7859508532221231,-0.562322175339971
-0.8124366458166693,-0.7291844051729472,-0.6796190637858732
-0.813288094929426,-1.458501595814441,-1.0199997832342727
1.7001258632012228,0.6145983978272139,0.22156748409721408
0.8832539263225812,0.619272871029002,0.25266418755282877
-0.8130036792840752,-1.458501595814441,-1.0199997832342727
-0.8776559219434653,-0.9183118989218158,0.10463124248631805
1.6853376879016213,1.230413578001968,-0.3131599437410543
-0.07741744619494305,1.2286530970000884,-0.4415110770366824
-0.7437254575029916,-0.7241030473460108,0.508958280206791
-0.8422197460948561,-1.458501595814441,-1.0199997832342727
-0.8128594938557748,-1.2389007264929859,-0.5628086292104444
-0.49098152580239535,-0.06119667893790472,-0.4379633186365048
-0.1141915621400756,0.6263510520823269,0.1428877641159711
-0.8131070541235675,-1.2415609193722568,-0.5683469344829045
-0.4861302794217734,1.2306284345697034,-0.439285690364861
-0.8127392194773047,-0.728680835092318,-0.6817577833888172
1.6043689403591115,1.2322882015554575,0.258686150983863
-0.8127072182226447,-1.237855986432374,-0.56063356535281
-0.08552850577499568,1.2306432059587349,-0.4470270166139483
-0.8132623860563002,-1.458501595814441,-1.0199997832342727
1.4153195508483838,1.228807525158148,0.2534665568679201
-0.8131372575549322,-1.2401952373135903,-0.5655036954813437
-0.8124555229612723,-1.458501595814441,-1.0199997832342727
-0.8126558004763929,-1.458501595814441,-1.0199997832342727
-0.8127203423327019,-1.458501595814441,-1.0199997832342727
1.0873388716183732,0.0013413536620568121,0.25683538970654424
-0.09953930228161544,0.11124585947278073,-0.4456039992572182
1.235732824471278,1.2304672921439017,0.371691621664381
0.36745878240353297,1.2291150386207186,0.38905019684696773
-0.8129623293482784,-1.458501595814441,-1.0199997832342727
-0.12228680087512772,0.5615127113540511,-0.4455956121215204
-0.8418948794253563,-0.7856540825879389,0.3808140295917092
0.2369447215715294,1.228721582531054,-0.5737734112793935
-0.9321705986040963,-1.458501595814441,-1.0199997832342727
-0.8131207175806134,-1.458501595814441,-1.0199997832342727
-0.6263703845001921,-0.061365878484995945,1.888723178143146
-0.4162713607162378,-0.04030724913985429,0.01127403503389135
-0.8422337691165612,-1.458501595814441,-1.0199997832342727
-0.6252359580007211,-0.05600520712000388,1.8998836600450442
-0.8128555386445248,-1.458501595814441,-1.0199997832342727
-0.8130525800777133,-0.7885291320349448,-0.5643211093479512
0.6421464059022159,1.2296870942323135,-0.4448184042135225
-0.8132906118820398,-0.772257775589652,-0.5689424211174496
-0.03906825726060844,1.23044446363358,-0.0944402190133224
-0.8129474074149255,-1.241382319850327,-0.5679751048003011
-0.9321855205374492,-1.458501595814441,-1.0199997832342727
0.6364437104088373,0.6154403670020263,0.24852932965380384
-0.8129137881192995,-1.2400636376658525,-0.565229715715215
0.14839545210347385,0.5581032061948038,0.3804310170615086
-0.6608529948728592,-0.05539420875550721,0.9531773310179922
3.79576110457274,1.2336619407354141,-0.0952901154307015
-0.8132397334827766,-0.7861200527692145,-0.5741731980809897
-0.7520031753025386,-1.458501595814441,-1.0199997832342727
-0.84664922313035,-0.7290675769142412,-0.44238613486115486
-0.9322419721889285,-1.458501595814441,-1.0199997832342727
0.695238824553764,1.2319806880928865,0.25904400210697
-0.8106095180014359,-1.223252454094125,-0.530230198448215
-0.8129783299756085,-0.5699770313347472,0.8298361134458612
-0.8132246317670944,-1.458501595814441,-1.0199997832342727
-0.08814559714627915,0.06870694476831728,-0.30553883310363583
-0.8126363839848013,-1.458501595814441,-1.0199997832342727
-0.8129335641755501,-0.21428735486339465,1.5703530984777234
1.4398192080257066,0.668938309514531,0.14138646682606143
-0.751658532576788,-0.7801819543784341,0.39220655558124723
-0.8131275493091364,-0.5720275687030695,0.8255670613756713
-0.8127002067117921,-0.5657349569755262,0.838667767335665
-0.2576580409046284,0.28289879999703976,-0.5731108275592659
0.729065409205897,0.003758490049077316,0.23345485109292324
-0.48244887665954406,1.2284422689929981,4.573998865971161
1.0944323632131634,1.2284395832859016,0.3833721059795441
-0.7516279695807644,-1.458501595814441,-1.0199997832342727
0.22960331014428736,0.5019316422675447,-0.5666191845291537
2.530551230340105,0.6260999384687865,0.23280345022039267
-0.8133711543656788,-1.2433657145412322,-0.5721043712755276
0.24544662793602737,1.2295769802413492,-0.0839842565100411
-0.6262857070229733,-0.061148336210164106,1.8891760834708282
-0.19759060721346475,0.518706568793467,0.5009289956320787
0.7030963910491485,0.024584805730355368,0.2318025853604528
0.366743788078906,0.5009647877127368,0.2540536563667674
-0.812931586569925,-1.260003670005223,-0.6067432417075213
-0.20445523590273573,0.618030731496783,0.25043600516910813
-0.8134067512669301,-1.458501595814441,-1.0199997832342727
3.6060071481124987,1.2302819783542305,0.24992438989154103
-0.8129743747643584,-0.5677277516412697,0.8345189308771439
-0.38410902108876444,1.229661580014895,0.5068698834180342
0.5898779296670033,0.28426716776280286,-0.5658783208758463
-0.8133817615231224,-1.458501595814441,-1.0199997832342727
-0.8131669216393081,-0.7878254767756122,-0.5674634895227342
-0.8129157657249245,-1.458501595814441,-1.0199997832342727
2.0769048601414397,0.004578973567115821,0.2618201440229481
-0.8134184371183509,-1.2436933708070284,-0.5727865249789502
-0.7529644714186513,-1.458501595814441,-1.0199997832342727
0.17083624204277092,1.2278044135575346,1.8890223193163678
-0.39171902731635655,-0.057486374583828194,0.26407069210186296
0.636601379511854,0.5021290417391515,0.38593577379117733
-0.7500784256823585,-1.458501595814441,-1.0199997832342727
-0.8420947973758178,-0.7917627233793589,0.3680963361619158
0.25810941653566877,0.9626391804871953,-0.4668262482846003
-0.4825572854042638,0.6167201064335988,0.25266977897662735
-0.7743533549477417,-0.9520886942233303,0.03431070108390162
-0.8071422359937026,-0.525172722694226,0.9231150409651084
-0.6244583994254103,-0.049817337969231545,-0.5652912213769989
0.5305102088024546,1.2281884696723613,0.4123692297988048
-0.4824195721398272,-0.0571385755148069,0.13119050552941253
1.4525413247941001,0.6192218425941649,0.24846502828012057
-0.8216965144825571,-0.434069509413876,-0.6986997974984122
-0.8133520974387464,-0.7916311237316211,-0.5722637268537861
-0.48215169646879524,1.2296588943077984,0.37955595923703644
0.15656763767557413,1.2328401143638268,0.2547497886296864
1.708017228774563,1.230378663809711,0.26362058248608006
4.223206537409535,1.2310071192703365,-0.08875094529830177
-0.812665328939859,-0.7268827541910845,-0.6875225413251183
-0.8127724792082718,-0.5674068096432153,0.83518710602107
0.24601402096809236,1.231305232758069,-0.08769416620037641
-0.8128179641376485,-1.2400622948123041,-0.5652269200033156
-0.8424214618686131,-1.458501595814441,-1.0199997832342727
-0.1062397897040058,1.2302510927226182,0.3864893247472335
-0.812722679502986,-1.458501595814441,-1.0199997832342727
-0.8334201201926207,-0.7275662666471919,0.5017481392185658
0.15638857447534057,1.2317174887974105,0.2524125734818941
-0.47428711846255794,0.6130742590498428,0.38898030404948575
-0.9322097911519387,-1.458501595814441,-1.0199997832342727
0.164060605606628,1.2295272946600608,0.3808028467441121
1.088732364454728,1.2289015249065318,0.23334022690505302
0.7121493302537224,-0.05164093308788362,0.37704820566338837
-0.20428875746557093,1.2220032862286854,3.3193840112057673
-0.8131825627019791,-1.458501595814441,-1.0199997832342727
-0.10625668924298363,1.2283496120981625,0.5059361156436768
-0.8127726589906014,-1.2377915294620532,-0.5604993711816448
-0.6233306248721326,-0.04000242138438007,-0.5723392110750665
0.9714723963042615,0.601036919842481,0.13456213407993586
-0.8129031809618559,-1.458501595814441,-1.0199997832342727
0.988087339854437,1.2286034114187994,0.36492599886814014
1.3568985637312543,0.6134784579678945,0.12933135711639585
0.6207704667008532,0.7246049605076124,-0.6583101476896136
-0.8422192067478675,-1.458501595814441,-1.0199997832342727
-0.38365578983596466,1.231293147076134,1.9077452019057997
0.21689575574458755,0.626853279309408,0.009420478044673214
-0.4890882380898869,-0.05583063615871912,0.029977347640028327
-0.8129952295145862,-0.7878026482652905,-0.5662892905250395
3.8666174556426283,1.2300550361045601,-0.012718764485670503
-0.8121592416821711,-0.9239424838500251,-0.2823511986110648
-0.10557783116659653,1.22806761285301,-0.5725460937556127
-0.160140509709218,0.2820125166551321,-0.4353716937058787
1.0801910857600583,1.2283804977297745,0.500492864575792
-0.7415220452720065,-0.7064284089426979,0.5457554402250236
-0.8128028624219661,-1.236707846648539,-0.5582432316789314
0.07129669898689303,0.6179609031122691,-0.9267599956816153
-0.9319503652503957,-1.458501595814441,-1.0199997832342727
0.9805548198108817,0.6126176888434056,0.2608696019771952
-0.7518183590677595,-1.458501595814441,-1.0199997832342727
0.5973282891859536,0.6179743316477527,-0.45306295860447887
1.362234683054677,1.2295313232207057,-0.44506722257255776
0.1707400584964609,-0.03901810973344357,0.3653257856697362
-0.20394986777436594,0.5010977302140227,0.5000511420957069
-0.5715907086858019,1.228086412802687,4.573258002317854
0.35964238606161547,-0.05767034551995149,0.1241369244075465
1.3537387095070543,0.6148186258091426,0.007614448157742848
-0.8128246160838418,-1.458501595814441,-1.0199997832342727
-0.8130432313965765,-1.458501595814441,-1.0199997832342727
-0.6256685142856224,-0.05818465842896754,1.8953462196325235
-0.11445008912997094,0.4994164775714953,0.37610325504143405
-0.7519219136895812,-1.458501595814441,-1.0199997832342727
0.6048476851194516,1.2294185235226445,-0.44584163476865646
-0.8132652625735729,-1.458501595814441,-1.0199997832342727
0.3071946668438398,0.616592535346506,-0.5638737954440676
0.6196897951179183,0.6268546221629562,-0.4851996668866232
1.7996181235044286,0.6268022508745709,0.23112602308082883
0.5309963402215625,1.2288760106891132,0.380330371433135
-0.8130574342006113,-1.2414575196490343,-0.5681316646666604
-0.5642081271050926,-0.0541131264703862,0.382726296530812
-0.8133573111263035,-0.7709807218651762,-0.5710447964657029
-0.812760793356851,-0.7274051242213905,-0.6859345769663312
0.711431279629493,-0.05225864572012236,0.25360354675098457
-0.12283351893929424,-0.11795775557288712,0.2582220628085837
1.4397451377059312,1.2284046690936445,0.23342968968582983
-0.8104754003835902,-1.242429745618036,-0.5701557600817342
2.3306526963702527,1.230381349516808,0.1291580229786409
-0.9321412940843795,-1.458501595814441,-1.0199997832342727
-0.8133511985270987,-1.2427157734238332,-0.5707512467162793
1.814416905961473,1.2303679209813245,0.3761675564151173
-0.6262873250639392,-0.060822022797916354,1.8898554414623516
0.3680517045263943,0.6179394174554956,0.37445658073276217
-0.03353851236825845,0.6265685943571587,0.23282581591558688
-0.49062627591920127,0.6140572278472312,-0.4463141100796336
-0.8129750938936765,-0.7852431694021453,-0.5696553276517643
-0.812922777235777,-1.2389544406349198,-0.5629204576864154
1.4236386185837278,1.231597974831608,0.12526080059105418
-0.9314421206047531,-1.458501595814441,-1.0199997832342727
-0.07676591503264778,0.6273232780513285,-0.30476721661943645
-0.8129975666848704,-1.458501595814441,-1.0199997832342727
3.375465255417555,1.2334578269960659,-0.5640890652603116
1.0801793999086375,0.6255037114933214,0.09741551007429418
-0.8129089339964015,-1.458501595814441,-1.0199997832342727
1.010348167681853,0.17191598278699458,-0.09244408071724143
1.0809833864863925,0.6255278828571916,0.23879466082053494
1.4397942182818988,0.06793211827092233,0.27672967558177164
-0.8131931698594227,-1.458501595814441,-1.0199997832342727
0.9823700819923648,0.7344601626989143,0.009711232082197598
-0.5716545314127928,0.28302234252348746,0.9563280983284729
0.7360914824271053,1.2303638924206795,0.3750380888078109
-0.8132798249422666,-1.242278003167073,-0.5698398446371163
-0.03189961665206559,-0.05611263540387157,0.1351212764597904
-0.8131261110504999,-1.458501595814441,-1.0199997832342727
1.0801982770532403,-0.0391953664018251,0.2769030097195266
-0.8133972228034637,-1.2434758285321965,-0.5723336196512679
0.6283407410336146,0.4977902819244498,0.5004061975069145
-0.8132976233928922,-0.7851934838208566,-0.5712628619938462
0.3693882063642813,1.250389867387144,0.36828644457106635
-0.4826475361336987,0.5537241607736518,0.3859972794529616
5.2876666083418895,1.2302940640361655,-0.5628198120580415
-0.8134315612284083,-1.458501595814441,-1.0199997832342727
0.7194666508488042,-0.055243809158092454,0.25367623526036553
0.3672376501381843,0.6800128227277297,0.12562144742606038
0.9982777618580841,0.6159157371581403,0.23492259984004163
0.9907709506876546,0.6042235113127029,0.36549911980749117
-0.10786394326917544,0.30675727899048,-0.37637378549551836
-0.9321950490009154,-1.458501595814441,-1.0199997832342727
1.3306762322721675,1.2277265280517304,-0.5731052361354673
0.23763274854672364,1.2304028351735816,-0.44163967978404894
-0.8129707791177674,-1.458501595814441,-1.0199997832342727
0.22842861240299694,0.5611944550630934,0.3685576286252959
1.3564352646679994,0.6047123100043004,0.3672827839992273
-0.5716388903501217,1.2324520296883552,4.582346861702391
0.552986595643003,0.6148199686626911,-0.2182622990321282
-0.812948845673562,-0.7273782671504235,-0.688923192986654
-0.813460506183466,-0.5552405564952123,0.8605162558284842
0.2538316757863167,0.6175070186129288,-0.44336742973779975
-0.48220275465038787,-0.17283615153309023,0.3762290620769012
-0.10826413873475749,1.2492323276284707,0.5014993208595304
-0.8130301072865194,-1.458501595814441,-1.0199997832342727
0.15525738405780165,1.2297139513032804,0.25097837327756706
0.33630268447456013,1.2318652026877288,0.4988154374362283
-0.751714265098949,-1.458501595814441,-1.0199997832342727
-0.8129197209361746,-1.2417354903335418,-0.56871037702981
1.0865512452326074,1.227886327623983,0.37890455836450565
0.1909418393035215,1.2287484396020205,-0.5716850144906366
1.8496292528097904,1.2336901406599292,-0.4469068010022795
0.35920209913654355,0.616569706836184,0.37519744438606956
-0.8133814019584632,-1.458501595814441,-1.0199997832342727
-0.5719292388123477,1.232879057116729,4.583235898086359
-0.4743744926747201,-0.05758708859995411,0.3754490584570041
-0.842169227260252,-1.458501595814441,-1.0199997832342727
-0.8131146049814086,-1.458501595814441,-1.0199997832342727
-0.7518313033954871,-1.458501595814441,-1.0199997832342727
-0.391854762975168,1.2303195782535838,0.38438974511087953
1.7993457532751576,0.6214872365302224,0.13351653782960776
-0.8128751349184459,-1.458501595814441,-1.0199997832342727
-0.5643102434682779,-0.05692506180062007,1.8979685973940421
-0.842262714071619,-1.458501595814441,-1.0199997832342727
-0.8127548605399758,-0.5677102945451413,0.8345552751318343
-0.8133118261969268,-0.5770578980951688,0.8150943246009942
-0.8128693818839002,-0.786659879895649,-0.563929709682053
1.7910401692145301,1.2492175562394392,0.006621970433500913
-0.9321549575414254,-1.458501595814441,-1.0199997832342727
1.182226546897102,1.2301745500703627,-0.44275516883185895
0.23707110854920416,0.6262825665513613,-0.34874096908310304
0.6054028529531071,0.6183973305154814,0.13490880235544575
-0.6255669372694257,-0.056673948187079694,-0.5714361961316012
-0.4451319978614951,1.2281736982833291,0.9500461336908063
-0.8126694639334388,-1.2396379530910273,-0.5643434750431454
-0.23429514739706084,1.2299905791342394,-0.2662115538165611
-0.6255811400734603,-0.0579348876689754,1.3899989281437162
1.8816682617591913,1.012767903446903,-0.5681372560904591
-0.9320350427276145,-1.458501595814441,-1.0199997832342727
1.370853987280372,1.2500810110710245,-0.5721015755636283
1.806777595214164,0.6173646761368042,0.13818258098949449
-0.8130860195910099,-1.458501595814441,-1.0199997832342727
1.0744420064256557,0.5615986539811453,0.09912089433285076
-0.8133150622788589,-0.554841728991354,0.8613465822625683
-0.13052892177342346,1.2295299803671573,-0.4470913179876315
-0.9676698780503781,-1.458501595814441,-1.0199997832342727
0.26151665124533174,0.619779126816728,0.2558568905417986
-0.7516853201438912,-1.458501595814441,-1.0199997832342727
1.0796560535473128,1.2295434089026407,0.3787144499553549
1.417674519583181,0.4997320481553563,0.028028736446234968
-0.813079187862487,-0.7859226532976078,-0.5667785401074122
0.3433212068379273,-0.10928023594348353,0.24974266861808833
-0.11419282061638249,0.6136167718833742,0.25105665321074677
0.7200622697066089,-0.051951132257551366,0.2503046067098422
0.9817938796261518,1.23162080334193,0.2633997212460375
-0.753062452788257,-1.458501595814441,-1.0199997832342727
0.3438934539928902,1.2311226046754942,0.5014517937572429
1.7858676518109995,-0.04301578474686577,0.11221041744524733
-0.19689700698605442,0.5610145126876154,0.37572583393503217
-0.8128718988365139,-0.7268679828020527,-0.6838965029917611
1.3405270454552916,1.2285859543226707,0.503850514566819
-0.813108851946863,-0.7274494383884859,-0.690877395604246
-0.8049070022903868,-1.1799655699632337,-0.4401104253751466
-0.8127365227423615,-0.7854513117021388,-0.5622802396614818
-0.8050912791781772,-0.510918332278547,0.9527915227758922
0.007671013429243009,-0.0562979491935431,0.3804589741805015
-0.6169104181015134,-0.055566094009695206,0.9613100569329774
-0.8135365541088665,-1.2444399973799078,-0.574340940794946
-0.8419977149178598,-1.458501595814441,-1.0199997832342727
0.92034625699102,0.9568487959867328,-0.4503623009097811
-0.12397136130302669,0.6187021582709556,-0.4421345207902203
-0.18808479632075037,1.2330401995425302,0.5015496436737172
-0.8046531496410598,-0.7919762370935456,-0.43701557230265126
1.2527371765472624,0.5624258517669255,0.1418449635775422
0.5995886924154066,1.2289767247052394,-0.4394730030621123
-0.6262607172791655,-0.06154179229982924,0.8140263626554719
1.2591751817685073,1.2307774913135696,0.2572854993223271
0.7038741294067891,1.2318128313993433,0.2607969134678142
-0.8133278268242569,-0.20289727106633473,1.594066326807358
-0.8423815501914527,-1.458501595814441,-1.0199997832342727
1.094436138642084,0.6269486219113404,0.23372883085905197
-0.4745704554139313,-0.055198152137448914,0.24439447175477888
1.9346934418194872,1.2314207181632266,-0.4460597002967997
-0.7529921578974021,-1.458501595814441,-1.0199997832342727
-0.8126401594137218,-0.5659122136439078,0.8382987333649609
-0.5720131971602483,-0.11501287774136719,0.377187991258352
-0.8129648463008922,-0.5691364050134834,0.8315862290948062
-0.8126845656491211,-0.7881638758697951,-0.5600856058205524
0.7191225474700425,0.6184107590509647,0.2501760039624757
-0.7521203933814063,-0.7871110786878929,0.37778068218099786
0.6952397234654116,0.6162809933232901,0.1317160993664758
0.8242385788239538,1.2285429830091243,-0.4366409469081487
-0.9319523428560207,-1.458501595814441,-1.0199997832342727
-0.8128717190541844,-1.458501595814441,-1.0199997832342727
-0.8130932108841921,-0.5697527747921736,0.8303029973330398
-0.9321312262739245,-1.458501595814441,-1.0199997832342727
-0.8126753967503139,-0.7863053665588859,-0.5625709936990062
1.2290470791999109,1.2308365768696967,-0.5699237159940945
-0.48235826636545004,-0.061501506693378935,0.1440619631136659
-0.8133130846732336,-0.727293667376878,-0.7075817742024028
0.6057417426443119,1.2293030381174868,0.2579089430758651
-0.8133485017921553,-0.5770444695596852,0.8151222817199871
-0.8127778726781585,-1.458501595814441,-1.0199997832342727
0.3605083975430658,0.6203578966960647,0.25605538608664696
0.3606337058267633,0.6266760226410265,0.27930452624100216
0.7193630962269827,1.230004007669723,0.26688597398443104
-0.20342616184838205,0.6269593647397271,0.23237011487600528
-0.12213578371830429,0.3383747657862563,-0.4416452712078475
2.5179659279245,1.2287833537942776,0.24656114847671562
0.6126302823834133,0.6117488625976265,0.2520407437992908
-0.9321968468242109,-1.458501595814441,-1.0199997832342727
0.9935226990237724,1.2298656937542431,0.2529493501665546
-0.563997422214858,0.6184953588245106,3.304138994219031
1.0792490263532077,1.2308097197987298,0.25971497296279544
-0.8133885932516454,-0.577055212388072,0.8150999160247929
0.34039614833612186,-0.039180595012793036,0.2328621601702774
0.5218862302361911,1.2287940966226647,0.5014154495025522
-0.48222289027129767,1.2301342644639126,4.5775214629642464
-0.84222621825872,-1.458501595814441,-1.0199997832342727
-0.49013852645912764,-0.05676123366772207,-0.5647236918614466
1.003150761900582,0.6175419328051858,-0.5654198241243655
-0.8129657452125398,-0.7258420426911173,-0.6921131002637246
-0.6236840769320312,-0.045910976997096724,1.9208990263918801
0.7031273136098315,1.2288169251329861,0.5054440703494049
-0.03202690254138807,1.231431460991613,4.571558209483096
2.5105236586103796,1.2304847492400302,0.005551212776079253
-0.10546726503392229,-0.06123025027661325,0.23025096525635633
-0.8129824649691882,-0.786449051888559,-0.5651877800367259
-0.8127778726781585,-0.566637354560014,0.8367890489393534
-0.8127185445094064,-0.7864436804743655,-0.5654477812433583
-0.9717252280580748,-1.458501595814441,-1.0199997832342727
-0.11396431727552232,1.2286074399794442,0.5007696400538202
-0.6252760494602111,-0.057767030975432405,-0.566591227410161
-0.8422745797053693,-1.458501595814441,-1.0199997832342727
-0.5640245693466204,-0.05576752204194704,0.38093983662717634
-0.8132618467093115,-0.19114193110412525,1.6185399887735947
-0.8421888235341732,-0.786371166382755,0.37932111943749725
-0.8129287100526523,-0.5697809747166888,0.8302442873831553
0.8931047395057051,1.2275734427472191,0.23426560754371248
-0.3027276730999335,0.2857362495446922,-0.4464455085388994
1.0790433553682006,1.2289740389981423,0.2628964931041683
-0.8132503406402202,-1.2423384315767485,-0.5699656516725836
-0.5630188669951083,-0.060921393960494036,1.889648558781805
2.1665569144189654,1.2292345525865211,0.260078415509701
-0.813100402177374,-0.4032657918683969,-0.5704549012549563
3.43608156456084,1.2337787689941198,-0.08669050562853738
0.22257274236484034,0.7343943628750452,0.0069127244710252955
1.44800613574883,1.2298831508503718,0.1206338973977573
-0.43747075366998067,0.22365210144407138,-0.4458556133281528
-0.12842492917068046,-0.0605198807495389,-0.43513405819444045
-0.4796225186566625,1.2493209559626615,4.617466594581059
2.5198732386587137,1.232574229361255,0.25471064866309673
1.317022123907378,1.2310500905838837,-0.5694316706998225
-0.8130960874014648,-0.7266692404768976,-0.6919425618378691
-0.7517475248299161,-1.458501595814441,-1.0199997832342727
0.9881366002127343,0.45476256852838853,0.23475206141418603
-0.7518057743046909,-0.7832691746860786,0.3799613374624309
0.36931970929672214,0.056936833417076047,0.14559121752256818
-0.3844880022394593,-0.16890159063644028,0.23542303227001146
0.5362553329256076,1.2458698223434155,0.507247304524436
0.9592240059742365,1.2272995006233567,0.1441122859278527
-0.4598872729947883,-0.055629208126467586,-0.4445024887689046
1.5057716364924139,1.2309560908354995,-0.5635914285422409
0.42622189529379917,0.5628931648017496,-0.5672957468087778
1.4387335025375438,0.6137779143091754,0.2655719893917726
-0.8126468113599153,-0.7859199675905112,-0.5615365802962752
-0.8075359592954207,-0.7277905231897654,-0.6163241463863302
-0.8393561731497573,-0.7703992662787429,0.41257331676745174
-0.751740333536734,-1.458501595814441,-1.0199997832342727
-0.7515681020650236,-1.458501595814441,-1.0199997832342727
-0.8419960968768939,-1.458501595814441,-1.0199997832342727
0.6055139584327699,1.227778899340116,0.24972869005859202
-0.11485118350720071,0.6159318514007203,0.25554936223287855
-0.5659581283009484,0.32544040040859995,-0.4373957891209524
1.0790911774678613,1.229360780820066,0.2477744874410001
0.3279607843833631,1.227992413054303,0.2489095464721049
0.7204671395127593,-0.0487430551305559,0.25259709046724615
-0.21214560483163744,1.2303759781026145,4.577487914421454
-0.5716619024883044,0.05531332347712727,0.036907917438326374
0.605386492761118,0.7244599323243911,-0.20795450925950815
-0.3922069565587597,-0.10936617857057768,0.25677108833286094
-0.8017052587834013,-0.48473805950001847,1.007296721964121
1.4390222329588036,1.2295125232710287,0.13240384449369705
-0.81279728916975,-0.7857816536750315,-0.5617993772148069
-0.022065703007919393,0.5622083094920937,0.36651116751502794
-0.08529083353532838,1.2295971230445744,-0.5632978787928172
2.6916038367990716,1.2288142394258896,0.09883852743102413
-0.8419876471074049,-1.458501595814441,-1.0199997832342727
-0.7501841376921349,-1.458501595814441,-1.0199997832342727
-0.08451327496001736,0.3410591300293972,-0.6852636061105055
-0.5544734533068589,-0.06238779003528628,0.5480758811014202
0.3758814047606986,0.6191882712554564,0.38156607609261356
-0.9600357809906261,-1.458501595814441,-1.0199997832342727
1.258848876840371,0.6171699623722942,0.0211820380049152
-0.8421397429582056,-1.458501595814441,-1.0199997832342727
-0.8133319618178366,-1.458501595814441,-1.0199997832342727
0.6285838067431682,1.2291539813736205,0.2549678541578298
0.3280504957658095,0.6129144594775898,0.26235412499570926
-0.4771731641988507,-0.05604683558000272,-0.8164691612552915
-0.8131374373372617,-1.458501595814441,-1.0199997832342727
-0.20382042449708887,1.231375061142583,0.3766875588283821
-0.842186486363889,-1.458501595814441,-1.0199997832342727
0.5601295273784199,1.2300792074684301,-0.33204218190874485
1.9289740265694604,1.0108140515340616,-0.5678744591719274
-0.8337081314845625,-0.7294126902761658,0.4979040353570651
-0.8129704195531082,-1.2402180658239121,-0.5655512225836313
0.2292201940000129,0.2854300789356694,-0.5644916477738069
-0.8130608500648727,-1.2407484929755084,-0.5666555287838443
-0.8129056979144696,-1.2379996717620467,-0.5609327065260322
-0.8133010392571538,-1.458501595814441,-1.0199997832342727
-0.4968821616406103,-0.061438392576606556,0.9488998918121042
-0.12852686575153613,0.6270614216094013,-0.48276739753425557
-0.7517464461359389,-1.458501595814441,-1.0199997832342727
-0.8047976946340193,-0.787045278864024,-0.4395568744190905
-0.8128623703730478,-1.458501595814441,-1.0199997832342727
0.7377494350702306,0.06674503573418575,0.09827658933927022
-0.931963848925112,-1.458501595814441,-1.0199997832342727
1.0715298922515777,-0.03931890892827279,0.23356108814509557
-0.11398768897836395,1.2290586387716886,0.36892107117220146
-0.12269346850457356,-0.018087051475394602,-0.5744695435423125
0.6485673318021533,1.2278352991891461,-0.5723140496679731
-0.813279285595278,-0.7279785226865336,-0.7049398264575896
-0.7519068119738989,-0.7838855444647689,0.37516669155517746
-0.574462192053401,0.5414867363875866,0.40990341190364576
-0.8129407554687321,-1.458501595814441,-1.0199997832342727
0.7932041935320874,1.2316181176348335,-0.4441558204933948
-0.8130577937652703,-0.7281101223342715,-0.6868236133503
-0.8127456916411686,-1.458501595814441,-1.0199997832342727
0.1642024538646443,0.5002624753069523,0.2574784034433771
-0.812395116098543,-1.458501595814441,-1.0199997832342727
-0.9313745224488417,-1.458501595814441,-1.0199997832342727
-0.813490170267842,-1.458501595814441,-1.0199997832342727
-0.5742682069198147,0.004977801070974188,-0.3534629264809754
1.36569800985116,1.2324251726173887,0.031294127944585956
-0.8128048400275911,-0.7266960975478646,-0.690396533157571
0.3598187525269057,0.6150939107865532,0.25048632798329495
0.1651696827976323,-0.03942230865149517,0.27587698345249334
1.333000638010941,-0.05694520460384537,0.11732097879711854
1.0801637588459665,1.230112778807139,0.2293395631771933
-0.586408548069779,-0.05433201159876657,0.03465177793561297
-0.8132821621125508,-1.2424982311490014,-0.5702983413885971
-0.8132503406402202,-1.458501595814441,-1.0199997832342727
0.5969122728753711,1.2285765543478329,-0.5728536220645327
-0.6663516374221967,-0.054209811925867116,-0.5384831399748692
-0.8129463287209483,-0.786145566986633,-0.5671839183328069
1.0628052355807651,0.06843434549800337,0.09814519088000448
0.23752218241404924,1.2283509549517109,-0.5670189713307497
-0.8126126527173003,-1.2373980733723882,-0.5596802275951579
0.4256807504818487,0.6193359851457744,-0.4415418298675744
-0.8126944536772465,-1.458501595814441,-1.0199997832342727
0.5233951433281181,0.6169228773193989,0.25595753617017253
-0.6261861076124017,-0.06087305123275343,1.8897492044101794
-0.48226046477817397,1.2297381226671504,4.576696727953959
1.0863743394203287,0.6184443303896735,0.25089450192058893
-0.20434592824636835,-0.11666190189873435,0.2496280444302181
-0.8128364817175922,-1.458501595814441,-1.0199997832342727
-0.841927060462346,-1.458501595814441,-1.0199997832342727
-0.8127697824733287,-1.458501595814441,-1.0199997832342727
1.09512740169921,0.6173901903542228,0.3888964326925076
1.3275685149235374,1.227992413054303,0.2332703341075712
-0.11972777919628941,0.6260985956152381,0.9495624755322317
-0.4666123905963272,0.6176345897000214,0.4977195183717131
-0.6262792348591094,-0.060932136788880806,1.889626193086611
-0.8129062372614583,-0.5675451235586949,0.8348991476954447
-0.4824792598732383,0.34645202987954954,-0.43895020493694825
-0.8131444488481142,-1.458501595814441,-1.0199997832342727
-0.4146590727848186,0.05653397735257238,0.1454933676060936
0.7193366682245386,0.6172505335851948,0.24888997648881003
-0.8104719845193288,-1.2221472856238376,-0.5279293275551132
-0.8538523819461665,-0.7116897091451124,-0.5632056203001412
0.7354496595106059,-0.053496756691696,0.13300212684014145
-0.3126699954887993,-0.06049436653212036,-0.7535544606740495
0.531223764868445,0.6188847863535304,0.1312911511577863
0.36070166354733385,0.6257387108642818,0.36629310198688475
1.4391513166714223,1.2277668136581805,0.241744136874268
0.6081964905720104,1.228317383613002,0.14353357356470328
-0.6254213135824889,-0.05802888741735955,0.8304763314707948
3.613586051997079,1.230020121912303,0.02331796189595981
1.7980761304638637,1.2305196634322872,0.12676768930476243
0.7198407778766013,0.6147944544452726,0.12709478759697732
-0.8423128733415639,-0.7906575549090712,0.37039720705501755
-0.751714265098949,-1.458501595814441,-1.0199997832342727
0.5161815571371876,1.2313508897787124,0.1214977723746327
-0.842034929860077,-0.7843260004286259,0.3835789886600903
-0.8340806404713935,-0.7277676946794436,0.5013287824336747
-0.8129857010511201,-1.458501595814441,-1.0199997832342727
2.7954017041127095,1.2305277205535772,0.24981256141557015
0.8908714834080143,1.2302081214090712,0.25430247472580275
-0.8046901848009476,-0.5131810405075077,0.9480807482256172
-0.43738553684577325,0.34025476075393896,-0.4399762312039815
0.6134801134552041,1.230749291389054,0.499170492847436
-0.8128397177995242,-0.786344309311788,-0.5638877740035639
1.071393077898789,1.2312260043987169,0.25514957543128247
2.0472747546257013,0.7984954770052799,-0.5718331872212981
1.440929363910688,1.2326091435535114,0.25466312156080895
-0.751656554971163,-1.458501595814441,-1.0199997832342727
2.100010844700078,0.7109239685570766,-0.21152742906677918
-0.5643436829815746,-0.058030230270907784,0.386830401598945
0.23793316481940446,1.2336095694470286,-0.44514270679383816
0.15589848784498275,0.6186323298864415,-0.4453328152029887
-0.383540189798063,-0.11237819907951485,0.3907276239865317
-0.813586893161141,-1.2442090265695926,-0.573860078348271
1.0037424255471363,1.2311400617716228,-0.4465880898457623
5.972515211731942,1.2282488980820363,-0.3052313047947158
1.9558397989860126,0.6181730739729078,-4.859815816470571e-05
-0.08535124039805772,0.5628099078817521,-0.4816714784697405
-0.5718262235375146,0.2808764625532326,-0.4390760119724155
-0.10913716172706021,-0.10070880174439922,0.49713521458476495
-0.7515601916425233,-1.458501595814441,-1.0199997832342727
-0.8342954803552077,-0.7281799507187855,0.5004704988805978
-0.6234372357935568,-0.03997422145986477,1.9332588686985666
-0.8422902207680405,-0.7883908181194653,0.37511636874099064
-0.5640829986037246,0.11139491621664725,0.03558834142186954
-0.8128544599505475,-0.5675370664374048,0.8349159219668406
0.8909115748675043,0.6193212137567425,0.24815190854740196
-0.8130881769789645,-0.5692532332721894,0.8313430021595696
-0.8277407964020839,-1.366591327551536,-0.8286500780004245
1.0798151609089657,0.6154417098555746,0.2607941177559149
0.6287427343224921,1.2306364916909935,0.2511628902629191
-0.8341527331855437,-0.7281799507187855,0.5004704988805978
-0.024956423084780577,0.49740891151671995,0.36882322125572686
0.35163218436844135,0.6147017975504366,0.13869978769086
-0.8132747910370393,-1.458501595814441,-1.0199997832342727
1.8142448542720921,0.6142022560304523,0.13397783029298774
1.3645456051187341,0.6159815369820091,0.3715909760360072
1.3250310671242456,1.2315120322045143,-0.44559002069772186
-0.7516889157904822,-0.1122519708459704,1.7827824714320908
-0.7519585892848097,-1.458501595814441,-1.0199997832342727
-0.7519233519482177,-1.458501595814441,-1.0199997832342727
0.359980197058843,0.6297337001706071,0.22591481610058367
-0.43736647991884076,0.6173485618942239,-0.5705611383071288
2.0080832854774173,1.2301168073677842,-0.21206979717523824
-0.19607090718176454,1.2296669514290883,1.9024920592470655
-0.8422112963253673,-1.458501595814441,-1.0199997832342727
-0.8131009415243627,-1.458501595814441,-1.0199997832342727
-0.497021852510672,0.614952911163977,0.029239279698620266
0.5894674866086368,1.2326789719380256,-0.4460093774826128
-0.49041467211731893,0.28210114498932304,-0.4453160409315931
-0.973369697026484,-1.458501595814441,-1.0199997832342727
-0.01630835368635712,-0.06040036678373622,0.36684944865484
-0.8130818845974304,-1.458501595814441,-1.0199997832342727
-0.7528749398185346,-1.458501595814441,-1.0199997832342727
0.3593700158323448,-0.05620529229870748,0.260508955142189
-0.8126895995543485,-1.458501595814441,-1.0199997832342727
-0.813300140345506,-0.7881853615265687,-0.5683497301948037
1.011080780674776,1.2274901858272216,-0.43829321264061905
-0.8129308674406069,-1.458501595814441,-1.0199997832342727
1.4408085501852295,0.6192016997909399,0.38348673016741414
0.590976759265223,1.228729639652344,0.05322928350628277
1.3571205949082503,1.2310917190438821,0.2507910605803158
-0.751865821602761,-1.458501595814441,-1.0199997832342727
-0.7517394346250863,-0.7286862065065114,0.26445370463206336
-0.3918905396587488,-0.11341756772593371,0.2591865834138328
-0.20404029828613046,1.2297139513032804,1.7867384037695622
0.727574114782266,-0.05261047334978865,0.2582248585204829
-0.7516240143695141,-1.458501595814441,-1.0199997832342727
-0.4824267634330092,0.6259441674571786,0.2320793608384809
-0.21192896712452775,0.8972086413440993,-0.3260369927491062
0.17094914534572933,0.6269781646894039,-0.4395428958595941
-0.6254657198178881,-0.05635166333547694,-0.5669714442284621
-0.5717374110667159,1.2279333274981752,4.572939291161337
-0.48254038586528586,1.228462411796223,4.57404080164965
0.2254693952585766,0.6265551658216753,0.2330438814437301
-0.8129571156607214,-1.458501595814441,-1.0199997832342727
-0.4734058254830957,1.2324480011277101,0.5144043269865752
-0.813187416824877,-1.458501595814441,-1.0199997832342727
2.2877816222830343,1.2343091961457162,-0.5670217670426491
0.24847272410704085,1.2495975837936208,0.49948361258015456
-0.4559284660980608,1.226914101654982,0.03395564567269397
-0.6263378438985432,-0.061391392702414484,1.8886700596170598
0.6132411827392299,1.2298777794361788,0.25003342265561274
-0.8126664076338364,-1.458501595814441,-1.0199997832342727
-0.45927942893857415,0.6265887371603841,-0.4381785884527489
-0.8420865273886584,-0.7914364099671111,0.36877569415343925
-0.8133623450315308,-1.2437135136102535,-0.5728284606574392
0.981629738359271,0.6153047387936433,0.24923944047621913
0.21480524681656088,0.7828740616773859,-0.09553893378973682
-0.7517036579415055,-1.458501595814441,-1.0199997832342727
-0.8126791721792345,-1.2398017812239253,-0.5646845518948567
2.404032292435398,1.013846214846224,-0.5740250253503282
1.085914995568324,1.2292399240007148,0.27773892757740926
0.9814377308313098,1.2332362561605885,0.39092611953137996
-0.842240241280425,-1.458501595814441,-1.0199997832342727
-0.8128046602452615,-1.458501595814441,-1.0199997832342727
-0.9322115889752342,-1.458501595814441,-1.0199997832342727
-0.4740643681562435,1.229368837941356,0.5071382717603644
-0.6237489783529994,-0.04606003374096325,1.9205887023710604
-0.6251437296656611,-0.05577423630968881,1.9003645224917187
0.3520613247890811,0.0039021753787500083,0.23274474027050795
-0.81303388271544,-1.458501595814441,-1.0199997832342727
-0.8130594118062362,-0.7855990255924568,-0.5708910323112429
0.3359993916846064,1.2307640627780863,0.2528738659452742
1.8068642502970083,0.6152053676310659,0.2501089068768931
-0.9322272300379051,-1.458501595814441,-1.0199997832342727
0.5173706374648421,1.2330670566134971,-0.08892707514795592
-0.8131162230223747,-0.57011265954313,0.8295537465440348
-0.969646404981469,-1.458501595814441,-1.0199997832342727
0.21593751592807725,0.6138638569362695,-0.09170601277583336
0.576695749917287,0.38983425661237386,-0.5719058757306791
-0.49670453669901327,-0.061696220457889,0.995537957715778
0.2611741659075359,-0.05599849285226241,0.38325748179167396
-0.8127095553929289,-0.7873433923517564,-0.5605161454530405
-0.8125369643565592,-1.458501595814441,-1.0199997832342727
-0.8422071613317875,-0.7871997070220836,0.3775961651956458
-0.5629379649468101,0.6274615919668078,3.3228059625704773
-0.9322218365680186,-1.458501595814441,-1.0199997832342727
0.5974447881355031,0.7243310183837501,0.027978413632048154
2.5344289554062045,1.229967750623918,0.24902696637187446
-0.8128503249569676,-1.458501595814441,-1.0199997832342727
1.310437416305219,1.2330710851741422,-0.4418493581764944
-0.9321198999871627,-1.458501595814441,-1.0199997832342727
-0.48265598590318765,0.5597508874986229,0.37218366695865307
-0.3759337792170619,-0.11518207728845842,0.38239919823859697
3.0956511387917067,1.2276674424956033,-0.08976578871773791
-0.3842089800639951,-0.058211515499934315,0.2556835564040436
-0.8130700189636798,-1.458501595814441,-1.0199997832342727
-0.8420996514987156,-1.458501595814441,-1.0199997832342727
-0.8421514288096265,-1.458501595814441,-1.0199997832342727
-0.8126047422948001,-1.458501595814441,-1.0199997832342727
-0.8135975003185844,-0.5781012953022326,0.8129220564552588
1.0714890816627696,1.2489543569439634,0.14368454200726402
-0.6264451739492856,-0.07406255878459514,1.8622897221355188
-0.9692665249191263,-1.458501595814441,-1.0199997832342727
1.7938990678190607,0.5407253384256752,0.23273076171101148
-0.2577218636316192,-0.054889295821329696,-0.4448631356039109
0.15626901922618877,0.624609371030124,0.23326194697187344
1.0799694141477212,0.4980373669773452,0.14301077543953908
-0.3846863021489548,-0.04069399096177765,0.2320458122956896
-0.8422533653904823,-1.458501595814441,-1.0199997832342727
0.7203677198845173,-0.06065550895792159,0.27834000563575284
1.0716846848373216,0.6153597957891257,0.26027411534265016
-0.9321263721510267,-1.458501595814441,-1.0199997832342727
1.4363229810629154,0.6145715407562472,0.25001105696041853
-0.1301310634781256,1.2322076303425569,-0.6095082007759024
1.6643966421554444,1.2289230105633053,-0.21587196535824957
-0.8131591909991375,-1.458501595814441,-1.0199997832342727
1.3503537678062558,1.233190599139945,-0.5693170465119523
3.246902012643517,1.2321378019580427,0.24936524751168648
2.309073243571837,1.2283818405833224,-0.5709078065826386
2.6902344347948763,1.2299502935277895,0.2414282214296502
1.4484796824048685,0.6273380494403602,0.2312182815735047
0.16380082014042596,1.2314301181380651,3.2965458407006047
-0.45943943521187514,-0.058051715927681324,0.03768792105822365
1.0187409461723131,1.2328468286315688,0.02890099855880827
1.0889515191144516,1.2267502735220837,0.4429319522816582
-0.38407701983410425,-0.1759623145936367,0.38448479931545476
-0.9313914219878194,-1.458501595814441,-1.0199997832342727
-0.48225848717254893,1.2300456361297214,4.577336945978893
-0.8127172860330996,-0.566349983900668,0.837387331285798
-0.8129098329080493,-0.5677411801767532,0.834490973758151
-0.8421649124843429,-1.458501595814441,-1.0199997832342727
-0.625373131918169,-0.055535208378083435,-0.565956600809026
-0.6256595251691448,-0.056545034246438475,0.10003788783581233
0.5017933975208388,1.2266522452130546,0.009062626921566366
0.7770406834114161,0.9517137240178626,-0.4545251159277987
0.0005408462392243223,0.6179676173800109,0.5116170022229999
-0.6233342205187237,-0.03910942377473096,1.9350593071616982
-0.8421933180924119,-0.7918312089103244,0.36795375485505294
-0.8130484450841337,-1.458501595814441,-1.0199997832342727
-0.9318703621137451,-1.458501595814441,-1.0199997832342727
-0.2041048401424396,1.2288303536684697,1.8989135480159962
0.2540684491143361,0.5001550470230847,-0.4424112962682483
0.19260680345749945,0.2836252837666941,-0.440166339613132
1.7994230596768652,0.6258931390223414,0.23276990167760134
-0.4822313400407866,1.2287202396775054,4.574577578334311
1.064779065776913,0.5606210565979503,0.2613001416096834
-0.8127649283504307,-1.458501595814441,-1.0199997832342727
0.7278966442814817,0.6182845308174202,0.5059528899150726
-0.4824368312434642,-0.1258671629726374,0.27891592228700324
1.3476768089192313,1.2319887452141765,-0.44739605058465226
0.9968986516080933,0.6136490003685345,0.2636792924359648
-0.7517712560974169,-0.7833094602925289,0.3856953425678401
-0.8127530627166804,-0.7859065390550276,-0.5636165899493344
0.24552465346705268,-0.0562939206328981,0.1315930880429078
1.0801777818676714,1.228414069068483,0.24603835035155142
0.3438643292555029,0.6143660841633504,0.24929815042610384
1.0719797076401159,-0.05475635332004347,0.37086688665409545
-0.813359828078917,-1.458501595814441,-1.0199997832342727
0.17950696401471786,0.6264155090526475,0.276570320003513
0.5974325629370935,0.7260283852688578,-0.44005730684906036
0.23700063387601997,1.2289015249065318,0.2536734395484664
1.0715023855551564,1.2278460420175332,0.23133011004947573
-0.03179300573064141,1.230721091464539,4.577479527285756
-0.474264645671364,1.2320612593057871,0.49927393418770893
3.7919139425026636,1.2307116914897005,-0.008080678444776368
-0.8132963649165854,-0.7914055243354993,-0.5726355565363894
-0.4822268454825478,-0.1728831514072823,0.37215850555155966
0.17133351996631085,0.06056925226534842,0.14093915292217774
0.6288108718253922,0.06150522118854461,0.13711182333207284
0.357890227477805,0.0026962928923363735,0.14260819292604382
1.4474270568653442,0.6176560753567949,0.24107596173034174
-0.556363684719765,0.4005072566146174,-0.5654841254980488
-0.812896349233333,-1.458501595814441,-1.0199997832342727
-0.7500424692164481,-0.7704637232490635,0.41243912259628646
-0.813063906364475,-0.7858192535743852,-0.5708127523780633
-0.8422663097182099,-1.458501595814441,-1.0199997832342727
-0.7745946228339999,-0.28194434518964595,1.4294967458566465
1.672180857460372,1.2327420860547977,0.03181972178164936
-0.38367484676289715,1.2329636568902744,1.9062215389206958
1.454939980634978,0.6183745020051593,0.250189982521972
-0.5721838105909928,-0.1161757889142336,0.3786249871745784
-0.4825015528821027,1.2282018982078442,4.573498433541191
-0.5273383669606385,0.34141901478035375,-0.447812611657644
1.6933085172646238,1.230026836180045,-0.44360226953733867
-0.39323674974243167,1.2286920397529906,4.574518868384427
-0.06222440108919143,0.17623594265201953,-0.08094531767553122
-0.19470510082416065,1.2286839826317,0.36710665414957316
-0.8128046602452615,-1.458501595814441,-1.0199997832342727
-0.8053316481527878,-0.5106833329075866,0.9532807723582651
-0.8382537479049466,-0.5104268478798528,0.953814753331026
-0.7432211680685993,-0.718450976761028,0.5207254315908315
-0.8134238305882374,-1.2438424275508946,-0.5730968489997695
0.2606838994948485,0.6153933671278342,0.25138654721486087
-0.7517962458412246,-1.458501595814441,-1.0199997832342727
-0.8127829065833858,-0.7858058250389018,-0.56901790533873
-0.8134676974766482,-1.458501595814441,-1.0199997832342727
-0.3930889686675402,1.228193841086554,4.573481659269795
-0.6263166295836561,-0.061200707498549715,-0.5725013623652243
-0.01614978567169259,1.2285953542975092,1.8892935033705973
1.0646850396185576,-0.05391841270587643,0.12784683409788183
1.6999459010893418,0.6148965113149467,0.24847621112771767
0.34425697386324366,-0.05261584476398188,0.3881723433105959
-0.81290156292089,-0.5702268020947392,0.8293161110325966
-0.9321141469526171,-1.458501595814441,-1.0199997832342727
-0.8130621085411796,-1.458501595814441,-1.0199997832342727
-0.8129335641755501,-0.7291065196671432,-0.6880732965692751
-0.7517820430371901,-1.458501595814441,-1.0199997832342727
-0.7516229356755368,-0.783126832209954,0.3860755593861413
-0.6251796861315715,-0.05565337949033759,1.9006161365626537
0.9658000840245771,0.40025614300107704,-0.566898755719081
1.8740400975163147,1.2322183731709433,-0.5714529704029969
-0.49052541803232275,-0.055695007950336425,-0.4449106627061985
-0.8131746522794788,-1.458501595814441,-1.0199997832342727
0.7204653416894639,0.6050614519268699,0.23148666991583502
-0.8129919934326544,-0.5686449206147893,0.83260945964994
-0.7846016668615042,-1.458501595814441,-1.0199997832342727
0.7203858778998021,0.5597267161347526,0.38025768292375395
0.604897664607067,0.6195105561070591,0.24782201454328773
-0.8126559802587223,-0.7864624804240423,-0.559425817812324
0.3403930920365194,0.6263121093294248,0.23023698669685988
-0.5717595242932509,0.49745591139091205,0.5009457699034742
0.14868454208939294,1.2321458590793328,0.3786082129031826
-0.12216778497296449,-0.11545333370522409,0.24761792757464082
-0.813204675928514,-1.458501595814441,-1.0199997832342727
1.5608130753786316,1.2288827249568552,-0.5720232956304486
0.6050848180121303,0.5040426080455428,0.3853542657161286
-0.8422244204354244,-1.458501595814441,-1.0199997832342727
0.26132014915913176,-0.05540226587679721,0.24943793602106765
1.0869933299809749,1.2288625821536303,0.0034292674445309413
-0.8134486405497157,-0.5770807266054906,0.8150467974987067
-0.834207926360716,-0.7276857806129946,0.5014993208595304
-0.842007243381326,-1.458501595814441,-1.0199997832342727
-0.8116427270493691,-0.7260112422382087,0.030765738395623354
1.8069688836128068,1.2304847492400302,0.2732574014028744
-0.4978475927503027,-0.05546000857937606,-0.563264330250026
-0.6251904730713446,-0.05648460583676316,1.8988855908970033
0.2678126284262309,1.2292721524858754,-0.5740278210622274
-0.9342134652147919,-1.458501595814441,-1.0199997832342727
0.5913427960881902,1.2285443258626723,-0.0838193095079839
0.35165249977168067,0.49504414641808475,0.38507189881430226
1.7909335582931063,1.2292882667284555,0.2505729950521724
0.5246487655120818,0.62671362254038,0.23317527990299597
1.4978166279744123,1.232938142672856,-0.44133774289892747
-0.8128443921400926,-1.2397816384207003,-0.5646426162163676
-0.7440098731483422,-0.7249315879853395,0.5072333259649395
1.4312189607269439,1.2285993828581543,0.2554822651472961
-0.8422711638411079,-1.458501595814441,-1.0199997832342727
0.9821991089969611,1.2327904287825382,0.37769960653591894
-0.8421562829325244,-1.458501595814441,-1.0199997832342727
-0.8420431998472364,-1.458501595814441,-1.0199997832342727
0.6280138967584896,0.7250722735424363,0.025548939991579804
-0.5716352947035307,0.560647913668917,0.3770258399681941
-0.1589873858474736,-0.05397481255490674,0.5042447099446167
1.4392584669398347,0.553023191221416,0.14818284245319438
-0.9749557367377886,-1.458501595814441,-1.0199997832342727
-0.0611140654218804,0.6180052172793645,-0.5713718947579179
-0.8129380587337889,-1.458501595814441,-1.0199997832342727
0.9733067154126769,1.230666034469057,0.13609138848883814
-0.834141766463441,-0.7270976107588195,0.5027238426714121
0.552415606964347,0.6178481034142083,-0.44498894263937816
-0.8424482494357163,-1.458501595814441,-1.0199997832342727
2.000626813359262,1.234624766729577,0.0250233461545164
-0.8133533559150533,-1.458501595814441,-1.0199997832342727
0.45608931348454573,1.2281750411368777,-0.44427324039316424
-0.8129835436631655,-0.7852095980634368,-0.5649473488133884
-0.932017963406307,-1.458501595814441,-1.0199997832342727
0.7040542713009997,0.6141015420143264,0.020080527516601582
-0.3685258483278858,-0.0023434364746011704,0.2671935022933511
-0.86229999404714,-1.458501595814441,-1.0199997832342727
-0.8129776108462903,-1.458501595814441,-1.0199997832342727
1.3630737271866944,0.6130299448827475,-0.3222488031255912
0.9970390616074731,1.2305263777000293,0.25456247593243514
-0.7822943404440383,-0.7856903396337441,-0.09266773766918335
-0.8131102902054994,-0.786745822522743,-0.570398987016971
0.5603840991570649,1.2287833537942776,-0.4420506494332421
-0.6264412187380354,-0.06250998970818573,-0.5714445832672991
0.7031733378861967,0.6268210508242477,0.1450125051594186
-0.4901058060751492,-0.04725651625253835,-0.44731497493957334
0.3597331761380391,0.06258487544141379,0.13651354098562843
0.9811439665048226,0.49287275223041144,0.13816301100619965
0.34338592847656596,1.2281951839401026,0.5025868527883476
-0.47429035454448987,0.614329827117545,1.7856089361622562
3.6960451950515716,1.2315885748567699,-0.09019353263832658
-0.8128672244959455,-0.5673181813090246,0.8353716230064222
-0.8125811908096289,-1.2384669847968706,-0.5619056142669793
-0.47373231019356155,0.6048613667481666,3.2757541313057112
0.6055378694826002,0.6166261066852146,0.2554095766379149
-0.5718202907206393,0.5611085124359992,0.37739766965079746
-0.09916391677751164,0.11682407311260493,0.022571506818854
1.0802043896524454,0.45447116930839787,0.27855247974009767
0.12472692863566855,0.626498765972645,-0.08201887104485209
0.9923282252262313,1.2322573159238455,-0.3166517879032464
0.7119643342366136,0.49699128406318455,0.26349477545061273
0.7200969676962126,0.6181529311696825,0.2619543381941132
-0.9320429531501148,-1.122911751254712,-0.3213290139107303
1.978927625529366,1.2295058090032873,0.25429408759010497
-0.8129234963650952,-0.569454661304441,0.8309236453746787
-0.8130849408970326,-1.458501595814441,-1.0199997832342727
0.5310795794401448,0.6164663071129616,0.386360721999867
0.16497875396364844,0.6261308241003983,0.23195075809111437
-0.8127266347142362,-1.458501595814441,-1.0199997832342727
-0.7515796081341148,-0.7826313192506149,0.38710717707697295
0.19386545954669057,1.0138354720178373,-0.5735134100727611
-0.8135126430590361,-1.458501595814441,-1.0199997832342727
-0.8342543102017403,-0.7266262691633505,0.503705137548057
2.070206889671663,1.2293836093303874,0.14530325919694315
3.345124470353099,0.6161332794329721,-0.4472562649896886
-0.20622860880143334,-0.12546162120103724,0.2762795659659886
0.6225397046059711,0.561254883472769,0.3649092245967445
-0.813288094929426,-1.458501595814441,-1.0199997832342727
-0.8133486815744849,-1.458501595814441,-1.0199997832342727
-0.5719263622950749,1.23046863499745,4.578217595227164
-0.6252388345179939,-0.05659203412063055,0.10241424295019436
0.15620196041726606,1.2277506994156004,0.5468932949680279
0.6133143541473574,1.2293795807697425,-0.44746035195833556
3.1202845540222155,1.2276271568891528,-0.650001291924974
0.4727889345119402,0.6058550783739416,-0.43758589753010296
-0.813219957426526,-1.242601630872224,-0.5705136112048411
0.6462538927854827,0.40860869207178097,-0.7734459508373778
-0.8131149645460678,-0.40619052689669166,-0.5652073500200209
0.7195588791838645,-0.11311408282400773,0.25350849254640917
-0.8132152830859576,-0.7879490193020598,-0.5681736003451495
-0.5638767882717288,-0.055555351181308436,0.3834783430317164
0.3516435106552031,0.6138974282749782,0.13702236055129616
0.9965782794968322,0.49793128154702604,0.3659632079827705
-0.4738622928178273,0.49752439692187767,0.5008227585799064
-0.8422195663125265,-1.458501595814441,-1.0199997832342727
1.0801714894861372,1.2279010990130153,0.27834839277145074
0.20252719240215997,0.3477733977711209,-0.43987558557560763
0.711327365443012,0.6177903607116294,0.1292139372166264
-0.8420600993862143,-1.458501595814441,-1.0199997832342727
-0.09981544793980675,0.4978708531373504,-0.5295760018637852
0.17878621665554528,1.2286195256613799,0.49930748273050024
-0.572107942447922,-0.11746627117419285,0.37206904277078284
-0.7519567914615143,-1.458501595814441,-1.0199997832342727
0.7183417528127995,0.6185772728909594,0.25391107505990457
-0.8132925894876648,-0.5722410824172564,0.8251225431836868
0.3441967467828439,0.05918745596410149,0.14147872531873745
-0.1304904483548993,0.6143351985317386,-0.4414831199176897
-0.4900347920549763,0.3390072498075265,-0.4471640064970126
-0.7439368815225443,-0.7239298192382744,0.5093189270417974
0.5604171791057025,0.2845813954931156,-0.5640778824127144
0.7282056901059809,0.6776614861645783,0.12944318559236673
1.2065422867512934,0.618629644179345,0.03110122382353615
-0.19704352958463905,-0.056860604830299456,0.1329713740092495
3.2457203033913737,0.617180705200681,0.2481742742425962
0.5157331800072856,1.2296239801155413,1.6516691747799808
0.24474403859213947,0.6153584529355771,0.2518702053734352
-0.8127821874540676,-1.238974583438145,-0.5629623933649044
-0.8130604905002136,-0.4052156152205934,-0.5678912334433229
0.3363082577267762,0.49975756237277486,0.25937389611108425
-0.8128062782862275,-1.2379338719381778,-0.5607957166429678
-0.8421570020618426,-1.458501595814441,-1.0199997832342727
-0.13696207287177037,0.6061639346900609,-0.08064617650230893
0.7204856570927031,1.2490510423994445,0.23280624593229185
0.719660096635402,-0.056269749269027794,0.1262504826033969
-0.9320253344818186,-1.458501595814441,-1.0199997832342727
-0.39322973823157914,-0.062179647735292984,1.665636551428749
0.343901184633061,1.2287981251833096,0.24351382250650783
-0.8420365479010429,-1.458501595814441,-1.0199997832342727
-0.02444332431624012,1.2298119796123097,0.37631572914577865
-0.6262822911587118,-0.061287992979192095,-0.5735749157345452
1.3564827272030013,0.618545044405799,0.2479338430192586
-0.4664930151295049,0.6129440022556534,1.9075131578181606
-0.1069233221209611,0.6132555442788694,0.2625945562190468
-0.9319793102054533,-1.458501595814441,-1.0199997832342727
2.5195422593900094,1.2298630080471467,0.2531590285590001
0.720539412009239,1.2276942995665698,0.2789690408130894
-0.8131719555445357,-0.19562169054140321,1.6092134938776195
-0.8422163302305946,-1.458501595814441,-1.0199997832342727
-0.8129792288872564,-1.2397588099103782,-0.56459508911408
1.8059356745648736,0.6664379162075131,0.0615157735757283
-0.8134144819071009,-1.458501595814441,-1.0199997832342727
1.0873433661766119,1.2287564967233104,0.26173627266597
1.0870866370100123,0.6172384479032598,0.2482581455995743
-0.6235513975728221,-0.04149836023723615,-0.5717185630334278
-0.8130412537909516,-1.458501595814441,-1.0199997832342727
-0.8126771945736095,-1.458501595814441,-1.0199997832342727
-0.4592903956606768,-0.054628782232950784,-0.6592578940234671
-0.12900472718348446,1.231278375687102,0.5009485656153736
0.2538065062601795,1.2318020885709569,0.5058298785915045
0.523589667808693,0.615770708974919,0.26192358536322125
-0.11442078461025391,1.2291620384949107,0.2547889285962763
-0.7519285656357746,-1.458501595814441,-1.0199997832342727
-0.7517504013471888,-1.458501595814441,-1.0199997832342727
-0.812814548273387,-1.458501595814441,-1.0199997832342727
0.15565200627116746,1.23059083467035,1.8956201993986528
1.3409462978478062,1.2308634339406639,0.2514676228599398
0.20130035778529945,-0.05560503676259728,0.2664190900972524
2.1592350992656444,1.2298670366077917,0.1150788178539016
-0.8133134442378928,-0.5557750122074535,0.8594035624925735
0.26119789717503666,1.1213886412654097,-0.7939636804661431
0.5155231942463694,1.229309752385229,0.2544869917111548
1.4404437718385692,1.2299073222142423,0.3889551426423925
-0.6235050137317978,-0.040608048334683504,0.8164530405840409
0.3675851693812077,0.6149085969968817,0.256597754195106
-0.11418185389427973,0.06446352755554793,-0.4432556012618288
-0.8129662845595286,-1.241175520403882,-0.567544565167813
1.3593238273569062,0.6252431979049424,0.2778032289510925
-0.466831005909062,-0.056430891694829316,0.3718817300735316
0.9581365026627786,0.29341065757348206,-0.4445639944306886
1.0881128345470932,0.4828161220068578,0.24560221929526485
-0.812943631986005,-0.7857588251647097,-0.5672342411469937
0.35970854595889046,1.2292372382936183,0.12753371436516323
0.7196651305406295,0.6184443303896735,0.2553592538237279
-0.10637552536281727,0.6172411336103566,0.2520043995446003
-0.812856617338502,-1.458501595814441,-1.0199997832342727
1.334965119525952,1.2339439399805667,-0.07536787243648131
2.427285878286598,1.2301920071664914,0.12519090779357236
-0.22664792622725147,1.2338015975044418,0.03182810891734711
0.23768704281024816,0.2803473782551848,-0.3331912194993461
-0.9321299677976176,-1.458501595814441,-1.0199997832342727
-0.3838785401422792,-0.051646304502077155,0.3793015494542024
-0.8422388030217886,-1.458501595814441,-1.0199997832342727
0.5323389546586541,0.6185786157445079,0.3765505689453177
-0.8128929333690714,-1.458501595814441,-1.0199997832342727
-0.8423267165809393,-1.458501595814441,-1.0199997832342727
0.19278838361034661,1.2312407757877484,-0.5656183196692139
-0.44542378458235743,0.28183123142610556,0.94791580122356
-0.8132230137261283,-0.1885905093622703,1.6238518413822136
-0.6234176395196357,-0.06052928072437744,1.8904649066563928
0.9891642360084515,1.2308191197735683,0.382511026714568
-0.4570709828023616,0.6002419505418607,-0.8143807644665345
-0.8128905961987872,-0.785358654807303,-0.5635271271685577
0.9802944949976908,1.2283294692949374,0.3707550581781246
-0.8126187653165051,-1.458501595814441,-1.0199997832342727
-0.7500302440180386,-1.458501595814441,-1.0199997832342727
-0.812990914738677,-0.788467360771721,-0.5650843386964528
-0.8127850639713404,-1.458501595814441,-1.0199997832342727
-0.12218486429427189,1.2310890333367857,0.2553732323832244
-0.8129779704109494,-1.2394794963723226,-0.5640135810390312
4.180482884832549,1.2318464027380518,-0.09227633800328502
-0.20467457034478875,0.5568946380012937,0.37645551474074246
-0.5642640394095831,0.6172183051000345,3.301480272202822
0.1708524224524306,0.6274629348203564,0.3668159001120488
-0.16747688723123252,0.616238022009743,-0.5235428555851537
-0.5719159349199608,0.2817721458699785,0.9577063842948145
-0.20318669178541915,1.22851344023106,0.3656696582333468
-0.8130818845974304,-1.458501595814441,-1.0199997832342727
-0.8422005093855941,-1.458501595814441,-1.0199997832342727
-0.8130094323186209,-1.2414414054064542,-0.5680981161238692
0.3594056127335959,-0.05268970170914102,0.3771656255631578
0.8914421125220112,1.2299623792097245,0.1372823617579286
1.4472742418852254,1.2305048920432557,0.2612190659646045
-0.2043362200005725,1.2314878608406437,3.3003955359859045
-0.563023001988688,0.627951733511954,0.3652503014484558
1.0793982456867355,0.6178615319496917,0.24939320463067924
-0.8128105930621368,-1.2384938418678375,-0.5619615285049647
0.7068628308532559,0.4943848053258475,0.12898468884088596
-0.8129686217298128,-0.5679990080580354,0.8339541970734906
2.159271954643202,1.2285026974026736,0.2769729025170084
1.4479994838026362,1.232885771384471,0.2466841598002836
1.7994169470776604,1.229393009305226,0.1439417475019971
0.3673205297921077,1.2298213795871482,0.2582947513179647
-0.7439180043779414,-0.7241500472202029,0.5088604302903165
-0.8127683442146921,-0.7284901498884531,-0.6847268294258452
-0.7516490041133218,-0.7817517501764492,0.3889383683709967
-0.015935305352537503,0.5560244689019663,0.3822622083555327
-0.09924877403705991,1.231431460991613,-0.4377676188035557
-0.8126692841511092,-0.5653065866936042,0.8395595994315332
-0.8130664233170888,-0.18837430994098683,1.6243019509979961
-0.20405414152550597,0.623686830642411,0.2409166061520831
1.1617435865266224,0.6167671063077909,-0.5600380787182648
-0.8105090196792165,-1.2231772542954178,-0.5300736385818556
0.5217562476119254,0.6273689350719722,0.23169634830828048
2.271725621995435,1.2316261747561235,-0.4455704507144269
0.7038489598806518,0.6131467731414535,0.01610502519583529
-0.20404443327971025,-0.11435353664912991,0.25463796015371554
-0.47382058331737137,0.2612627436261097,-0.5717437244405212
-0.8132291263253331,-1.458501595814441,-1.0199997832342727
0.2679845003332823,1.2291499528129757,-0.09534323395678766
-0.6686145576042635,-0.4377260996260187,-0.8008690888573476
-0.44488551628767975,0.28436519607183197,-0.5650535858655608
-0.3843481315870681,0.5578547782883602,0.37597185658216814
-0.13081621393604695,0.2842497106666746,-0.44724228643019226
-0.751814943203498,-1.458501595814441,-1.0199997832342727
0.2378914553189484,1.230291378329069,-0.5652884256650996
-0.5641115839941233,0.6196126129767332,3.306465026519226
1.685560438207936,1.2290317817007215,-0.31194101335297125
-0.12220158405092013,1.2297864653948911,-0.44496378123228464
-0.774493944729451,-0.2812165185664431,1.4310120217060527
-0.8130622883235091,-1.458501595814441,-1.0199997832342727
-0.48249562006522756,1.2282099553291348,4.573515207812588
-0.8129439915506641,-1.458501595814441,-1.0199997832342727
-0.07669687861810004,0.6250914554539798,-0.5710559793133001
-0.8129387778631072,-1.24034966547165,-0.5658252023497602
-0.8421357877469555,-1.458501595814441,-1.0199997832342727
-0.8134360557866471,-0.7925670926548173,-0.5724510395510374
-0.8130655244054411,-0.7873890493724003,-0.5632922873690187
1.6688320520078135,0.9530606061268524,-0.4475945461295006
0.3515074154317325,1.229407780694258,0.1376905356952224
-0.18849470003212812,0.06068339481695757,0.13632622828837718
1.3191169476113143,0.7339069070369962,-0.4389222478179555
-0.93218120576154,-1.458501595814441,-1.0199997832342727
0.6226808337346692,-0.060993908052104646,0.23395807923479245
0.6505632752248357,1.2278943847452737,0.12996039229373224
-0.12899789545496151,-0.0011348682810910673,0.02355000598359948
-0.47438114462091346,-0.054405868543925415,-0.7750646680270569
2.076237508134144,1.227843356310436,0.146857675012939
0.947396126513033,0.9609619564053127,-0.4701112097662462
3.4850451022319042,1.2289646390233044,-0.5612486219706501
0.9215058530166281,1.2302886926219718,-0.2061568665082757
0.32620808645256416,1.2290908672568486,1.6653374102555272
-0.7517924704123039,-1.458501595814441,-1.0199997832342727
-0.024223450527198365,1.230610977473575,0.38776137366140273
-0.9321511821125048,-1.458501595814441,-1.0199997832342727
-0.5721521689009916,1.2305263777000293,4.578337810838834
-0.7414503121225153,-0.7275555238188051,0.50177050491376
-0.8128249756485009,-1.2377875009014083,-0.560490984045947
-0.01618106779703448,-0.05398421252974528,0.26393370221879864
2.787098277440037,1.2273908146646444,0.12566897452834816
0.1555364062332657,0.608961098631263,0.26513865404738524
-0.8131892146481726,-1.2420859751096596,-0.5694400578355202
-0.8129713184647559,-0.569844088833461,0.8301128889238893
-0.5272542288304084,0.2815680321306302,-0.44458076870208424
-0.8129826447515178,-1.458501595814441,-1.0199997832342727
-0.5643021532634481,-0.057172146853515446,1.897454186404576
-0.8131351001669775,-0.5703825731063472,0.8289918084522809
1.2095906759311714,0.6264920517049032,0.05303078796143441
-0.8130635467998161,-1.458501595814441,-1.0199997832342727
-0.12196193420562781,0.6159976512245894,-0.31149090373718824
-0.8131212569276021,-0.7890004736304138,-0.5651849843248266
-0.8422391625864477,-1.458501595814441,-1.0199997832342727
0.22989563621213852,0.2826812577222079,-0.44210935938312684
0.0073049766062759265,0.6157062520045984,0.37815810328739974
-0.813216361779935,-0.7651554231724569,-0.6120439114685431
3.9524049089641107,1.2302403498942318,0.12887565607681425
-0.08515419896486902,0.9523811222313898,-0.4459981946350157
0.36924024550706025,0.6262825665513613,0.23361141095928253
-0.7530387215207562,-1.458501595814441,-1.0199997832342727
-0.8132827014595395,-1.458501595814441,-1.0199997832342727
-0.8134560116252272,-1.458501595814441,-1.0199997832342727
-0.8127830863657154,-0.726678640451736,-0.6887610416964962
-0.81336665980744,-1.458501595814441,-1.0199997832342727
4.243322741827728,1.2303652352742276,-0.5615841073985628
-0.8049848480390825,-0.5093337650915002,0.9560904628170347
0.9971275145136125,0.6143701127239953,0.3762654063315919
0.26007929152056636,1.2284852403065452,0.0559718768794697
0.36056574810619285,0.6260327957913692,0.14454002984844153
1.4326863441007442,-0.04823142792863661,0.2540955920452566
-0.13144976686538706,0.3912831955910376,-0.5761861106484663
0.37682975654908357,-0.051091705986610794,0.1199405608467375
0.22886853976340987,0.3437354371512484,-0.6911094396918857
-0.7439627701779997,-0.7258192141807954,0.50538536039952
1.431317481443538,1.2303209211071324,0.25773840465000947
-0.8129723971587334,-1.458501595814441,-1.0199997832342727
-0.8129154061602654,-1.2407578929503467,-0.5666750987671392
-0.4823570078891432,1.231187061645815,4.579713301093276
0.9499177534673243,0.8982077243840678,-0.5614359346679013
-0.8128967087979921,-1.458501595814441,-1.0199997832342727
1.1615810633007078,0.6174747901277684,-0.08997267139828402
1.0857735068749668,1.2281871268188127,0.2782589299906739
-0.841943960001324,-1.458501595814441,-1.0199997832342727
-0.8423565604476448,-0.4971916833073673,0.9813692898102621
-0.11447543843843759,0.6130957447066164,0.26784210745398235
-0.8127063193109968,-0.5677102945451413,0.8345552751318343
0.10260830863092806,1.231905488294179,0.9514439896404426
-0.8417958193617733,-1.458501595814441,-1.0199997832342727
0.3515579342663365,1.2291230957420092,0.12840877218963573
-0.8504647435104248,-0.7265900121175453,-0.5665213346126792
0.6283497301500921,1.232614514967705,-0.2573323728244697
0.6275306418566546,0.6183543592019343,-0.45187198533538847
-0.03176495968723142,1.2304243208303551,0.3801123059049916
-0.8129060574791287,-1.2408599498200208,-0.566887572871484
0.6137979686138515,1.013122416783666,-0.5676116622533957
-0.7817292845822575,-1.458501595814441,-1.0199997832342727
0.7032830051072233,1.2314596609161288,-0.0001799966174305953
-0.11774711727161881,0.3417963566274386,-0.44509517969155055
1.4542293010862604,1.2284852403065452,0.14343851936012791
-0.8130567150712931,-1.458501595814441,-1.0199997832342727
1.4463239124912148,1.2288760106891132,0.31706061544068537
-0.9321254732393788,-1.458501595814441,-1.0199997832342727
-0.8421194275549663,-1.458501595814441,-1.0199997832342727
-0.10544748897767156,1.2287121825562155,1.8877726360973932
0.6294298623860384,0.6187907866051462,0.13569160168724223
0.2534395705255645,0.4950763749032451,0.2551719411264767
0.7204978822911127,1.2332510275496205,0.3893772951391828
-0.8127881202709428,-0.7890931305252497,-0.561002599323514
2.04689055978745,1.2503885245335955,0.2752255825799626
0.6206160336797683,0.6184188161722549,0.248367178363646
-0.8129977464672,-0.5694680898399246,0.8308956882556857
1.0858644767337202,1.227444528806578,0.27804086446253073
-0.9651493297900638,-1.458501595814441,-1.0199997832342727
-0.7517441089656547,-1.458501595814441,-1.0199997832342727
-0.812590719273095,-0.23098976729770607,1.5355800338745647
0.2514421888442455,1.2286047542723477,-0.5713802818936158
-0.5723323107952024,1.2291163814742672,4.575402313344596
-0.9322401743656329,-1.458501595814441,-1.0199997832342727
-0.4822290028705024,1.230338378203261,4.5779464111729355
-0.812894371627708,-1.458501595814441,-1.0199997832342727
-0.5019870808882296,-0.015135459376132743,0.8098635476374543
-0.9760396444026556,-1.458501595814441,-1.0199997832342727
0.9908692916219195,1.2285926685904127,0.23460388868352447
0.2536114424326158,1.2307197486109906,0.25904400210697
-0.8128416954051493,-1.458501595814441,-1.0199997832342727
-0.8849133750228065,-0.7295281756813236,0.49766360413372757
-0.813112447593454,-1.2428433445109262,-0.5710168393467103
1.0950366116227865,0.4990673356489255,0.2564411943287467
-0.5564172598539715,-0.05718288968190221,0.3873531997241089
1.080030899704428,0.6255547399281585,0.2334939910595131
-0.4742935906264218,0.6141767418130338,3.2951479847509684
-0.48254452085886557,1.2274472145136746,4.5719272434538
-0.9321421929960272,-1.458501595814441,-1.0199997832342727
-0.8127598944452034,-1.458501595814441,-1.0199997832342727
-0.8559819036397059,-0.8903053453175386,-0.225539537105936
-0.060725915372378404,0.6179662745264627,0.507236121676839
-0.4664153491631386,-0.11738972852193723,0.5028105097402896
-0.1228861951618529,0.6176399611142149,-0.5651710057653302
1.8142608548994226,0.6160701653162001,0.2545680673562337
-0.9723907822420751,-1.458501595814441,-1.0199997832342727
-0.8130488046487928,-1.458501595814441,-1.0199997832342727
0.6124474437542594,1.226977215771754,0.25217493797045587
-0.8132747910370393,-0.7268451542917308,-0.03484123274461857
-0.9321172032522196,-1.458501595814441,-1.0199997832342727
-0.8422046443791738,-1.458501595814441,-1.0199997832342727
1.7224488957146635,1.0139697573726716,-0.5683748916018972
-0.38064263799267894,0.5536986465562332,0.38709599422937585
1.4466917471374776,1.2308607482335667,0.25044998372860444
0.11786661472230678,0.6177943892722744,-0.4495962758493802
1.7981870561611972,1.2286530970000884,0.25397817214548707
1.4475440951618819,0.6171055054019736,0.25721560652484526
3.609561624550065,1.2559788238553549,-0.458889222202564
-0.8421526872859334,-1.458501595814441,-1.0199997832342727
0.3595014367152471,-0.05364312772846575,0.3816667217209875
-0.5641523945829315,-0.05625094931935102,1.8993720447674771
-0.8343672135046988,-0.7288218347148943,0.4991341485927453
0.009589830232547964,0.6255587684888034,0.36748127954407567
-0.13131043555998453,0.0036792616897249365,-0.48282331177224097
0.007422734032132275,-0.054933609988425,0.38621254926920556
-0.7516437904257649,-1.458501595814441,-1.0199997832342727
0.7376537908709091,0.6053971653139562,0.14220281470064922
-0.8419360495788237,-1.458501595814441,-1.0199997832342727
-0.8129497445852097,-1.458501595814441,-1.0199997832342727
2.040224770354663,1.2295044661497387,0.0302317574228622
0.8930538611064418,0.6259132818255665,0.23285377303457946
-0.574357918302261,0.283035771058971,-0.483488691204268
-0.4450345558388781,0.2828276287589774,-0.5746037377134776
-0.8133709745833494,-1.2438289990154112,-0.5730688918807767
0.9066770469105484,1.2295353517813508,0.37769401511212036
-0.4906228600549398,0.2844565101131197,-0.4451790510485287
1.0642077175335978,1.2333248844947797,0.13443912275636788
-0.07717833569663929,0.11072483229602322,-0.5687998398105867
4.3295134469143965,1.2332590846709106,0.24993557273913813
-0.8130534789893612,-0.5695379182244384,0.8307503112369237
1.4397979937108194,0.6268720792590847,0.23243162053778935
-0.6252933085638481,-0.05650206293289169,1.8988492466423126
0.9820651711614453,1.2328253429747953,0.027117334367071956
-0.8129074957377651,-1.458501595814441,-1.0199997832342727
-0.49029080209225784,-0.05545329431163429,-0.44677819825491294
0.7274626497379441,1.230930576618081,0.3791813338425336
-0.8126502272241768,-1.458501595814441,-1.0199997832342727
-0.6249864201273034,-0.056648433969661155,-0.56586434231635
-0.8134338983986923,-0.7708531507780835,-0.5729207191501152
0.18420791236783463,0.6163467931471589,-0.5340016138003344
-0.9319985469147155,-1.077135216645189,-0.22602599097640955
2.0604846208541687,0.6160916509729732,0.25393344075509877
-0.8126847454314506,-1.458501595814441,-1.0199997832342727
-0.8422096782844013,-1.458501595814441,-1.0199997832342727
-0.8821067930761756,-0.7272117533104289,0.5024862071599739
0.2692789331060543,0.6124337179072823,0.13760666433824428
-0.8129520817554939,-1.458501595814441,-1.0199997832342727
0.9305345216067126,0.6262221381416857,-0.5758030981182658
-0.8134349770926698,-1.458501595814441,-1.0199997832342727
-0.8127367025246911,-0.727107010733658,-0.6878104996507434
-0.8130221968640191,-0.7259293281717597,-0.6956916114947943
-0.8046188112161156,-1.177933832544588,-0.43588051327154637
0.7203718548780971,1.2278097849717275,1.8880046801850323
-0.48247350683869267,-0.11757369945806052,0.25339666407043826
-0.8132803642892553,-0.7927080922773936,-0.5711817863487675
-0.81335065918011,-1.458501595814441,-1.0199997832342727
0.2363809241860553,0.5029602680855768,0.03323155629078221
1.5292265785527117,1.2498460117000643,-0.5734463129871786
0.7033583339033053,0.6187129010993424,-0.008094657004272669
-0.8423522456717357,-0.7875381061162665,0.37689164579702905
1.7103813664081677,1.228391240558161,0.23207097370278298
-0.3917774565734608,1.2297099227426356,4.5766380180040755
1.7102096742834456,1.2326561434277035,-0.5649389616776905
-0.0980994256042363,0.6156162808168593,0.2609674518936698
-0.8128967087979921,-1.458501595814441,-1.0199997832342727
-0.8129454298093005,-1.458501595814441,-1.0199997832342727
0.23753422783012929,0.9531264059507213,-0.445100771115349
-0.7437038836234454,-0.0523687597110865,1.9074544478682756
-0.7443440884989787,-0.72715401060785,0.5026064227716427
-0.3839761619472257,0.49501728934711803,0.5079825767539445
1.340925443097578,0.6149878253562341,0.2597513172174861
1.8143570384457326,1.2305572633316408,0.2628713316970748
0.6958668042308876,-0.05376532740136491,0.2607382035179295
0.875508723783166,0.6140236565085225,0.019540955120041878
0.1636907933547403,0.6184711874606402,0.378868214109815
-0.8130502429074291,-0.72636709842852,-0.6947019294824516
-0.8129281707056636,-0.567934551087715,0.8340883912446555
-0.47430222017824025,-0.05435484010908834,-0.7757747788494722
1.2329645361608412,0.6135429149382151,-0.33996243371938556
-0.9322171622274502,-1.458501595814441,-1.0199997832342727
0.7041932430417432,1.2298052653445681,0.2508274048350063
-0.8130951884898171,-1.241207748889042,-0.5676116622533957
0.33563191660300284,-0.053369185604603304,0.2658795177006927
-0.8130559959419748,-1.458501595814441,-1.0199997832342727
1.3407708302941639,1.2358225920947006,0.3879850306133448
-0.813355872867667,-1.458501595814441,-1.0199997832342727
1.439886806181618,1.229368837941356,0.2334380768215276
-0.47374669277992565,1.2290640101858814,0.5005180259828855
1.3413720224041843,0.6149475397497838,0.2601986311213698
-0.8127857831006587,-0.7264302125452923,-0.6868543661811919
-0.8420430200649068,-1.458501595814441,-1.0199997832342727
0.728185194920412,1.2283858691439675,0.25213020658006763
-0.3068179008795633,1.123150465120838,-0.8137489335772987
-0.01608955859129283,0.6149717111136538,0.2560497946628484
-0.9685148549992708,-1.458501595814441,-1.0199997832342727
-0.8185425930752322,-0.7960437404914819,-0.65659358058346
-0.8125693251758784,-1.458501595814441,-1.0199997832342727
-0.8129173837658905,-0.7277972374575071,-0.6873771643063561
-0.8132514193341974,-0.5704859728295697,0.828776538636037
-0.8131185601926587,-1.458501595814441,-1.0199997832342727
1.4427895716745587,0.562045824212744,0.2302817180872483
-0.9564989232213563,-1.458501595814441,-1.0199997832342727
4.393343365198417,1.2324788867593224,-0.33512864784554236
0.6280196497930352,1.229818693880051,-0.08250812062722482
-0.8126638906812227,-0.48947698967212694,-0.5607398024049823
-0.9539096981111532,-1.458501595814441,-1.0199997832342727
-0.8104750408189311,-0.7918271803496794,-0.5275770678558048
-0.1226176003615027,1.2303128639858425,4.57338660506522
-0.8129955890792454,-1.458501595814441,-1.0199997832342727
-0.8559132267898172,-0.5084259960928191,0.9579803640609433
0.367718208305076,0.560698942103754,0.3749514217389334
1.3506685666653004,1.2322559730702969,0.2549454884626356
0.7277118280467026,-0.05646446303353786,0.3706711868211463
1.3189324909411941,0.7226027658670304,0.029471323786259933
0.7354672781789019,-0.05711171844384013,0.37530927286204047
0.9735720741310951,1.2281710125762326,0.23272517028721293
-0.7519129245731037,-0.7843662860350762,0.3834951173031122
-0.11445044869462993,1.2279266132304338,1.785105708020387
1.0801745457857397,1.2289592676091108,0.36709826701387527
-0.6262898420165529,-0.06080456570178812,1.8898917857170416
-0.6264325891862169,-0.0615243352037007,-0.5726663093672814
-0.27189895879307424,-0.055602351055500515,-0.6643684553753384
-0.8128612916790704,-1.2402650656981042,-0.565649072500106
0.6135405203179333,0.06117219350855509,0.1326470714289338
-0.09115461399598526,-0.10426870650106099,0.23253226616616313
-0.8128799890413437,-1.2408236927742156,-0.5668120886502036
-0.8130989639187377,-1.458501595814441,-1.0199997832342727
1.2442678107844132,1.229029095993625,-0.5706366225284092
-0.4795184246878521,1.2495881838187823,4.6180229412490155
-0.5642609831099807,-0.057648859863177956,0.37530927286204047
-0.9314759196827087,-1.458501595814441,-1.0199997832342727
-0.8126250576980396,-0.7279865798078238,-0.6847603779686364
1.347720316242983,0.6050399662700964,0.27635784589916834
-0.8132508799872089,-1.24310788665995,-0.5715675945908671
1.6704614192605398,1.2321968875141698,-0.5636361599326293
8.542342707487947,1.228371097754936,-0.21329711469901919
1.7016126630666149,1.2277614422439875,0.4103954571979177
1.4474604963786406,1.2278124706788245,0.2609870218769648
-0.812774816378556,-1.2386428986117037,-0.562271852525784
-0.19469844887796728,1.2479163311510932,0.49939974122317643
0.6049355986786024,0.6164166215316728,-0.44136570001792025
-0.8420300757371791,-1.458501595814441,-1.0199997832342727
-0.9319816473757375,-1.458501595814441,-1.0199997832342727
-0.7758415930717701,-0.9629134366765367,0.011774467463861193
-0.45232257191424324,-0.027930167984761084,0.1651276522746886
0.9067908491251544,0.6175137328806705,0.26012873832388794
-0.8128023230749774,-0.5653227009361843,0.839526050888742
0.9993909740426681,1.2285738686407357,0.501281255331387
-0.8132318230602763,-0.7931002055135102,-0.5700187701986698
-0.8129438117683346,-1.458501595814441,-1.0199997832342727
2.2106131136225877,1.2285926685904127,-0.5794291364516231
2.879387738492085,1.2315254607399972,0.26443972607256705
-0.6263168093659857,-0.06171502040756577,-0.5731192146949637
-0.473720084995152,0.6056079933210463,3.277308547121707
-0.44536984988349193,0.340469617321674,-0.44609324883959106
-0.813466079435682,-1.2442989977573318,-0.5740473910455224
0.7115542507429063,0.6166757922665035,0.2579564701781527
-0.5639406109987197,-0.11426222260784252,0.5069090233846238
-0.751710309887699,-1.458501595814441,-1.0199997832342727
1.440044834849294,1.2326803147915741,0.25308634004961905
-0.8126058209887774,-1.458501595814441,-1.0199997832342727
-0.8132364974008446,-1.2411714918432368,-0.5675361780321152
-0.1227175593367335,1.2306526059335734,0.37601938368445575
-0.9321378782201181,-1.458501595814441,-1.0199997832342727
-0.8335472262996138,-0.7268988684336646,0.5031376080325044
-0.8129243952767429,-1.2400314091806923,-0.5651626186296324
2.527767660531657,1.2311373760645257,0.11719796747355056
0.2614485137424317,1.2279292989375301,0.378764772769542
-0.812599169042584,-1.2383971564123568,-0.561760237248217
-0.8131563144818648,-1.458501595814441,-1.0199997832342727
-0.8136142200752328,-1.458501595814441,-1.0199997832342727
1.4472821523077255,0.6161440222613589,0.2599805655932264
-0.8127550403223054,-1.2388282124013754,-0.5626576607678837
-0.8133637832901672,-1.458501595814441,-1.0199997832342727
0.7192579235641948,0.6183167593025805,0.25481688571526906
-0.20383264969549833,0.6178306463180797,0.3803527371283292
-0.8420023892584281,-1.458501595814441,-1.0199997832342727
-0.8131081328175449,-1.2402006087277837,-0.5655148783289409
-0.4745490613167147,-0.05852574323024707,-0.7749584309748844
1.0717427545297669,1.2292224669045861,-0.005782603263573907
0.596827595398152,0.605276308494605,-0.5744443821352191
-0.8129738354173697,-1.458501595814441,-1.0199997832342727
0.9907831758860642,1.2325782579219,-0.5715032932171837
-0.9745150902480575,-1.458501595814441,-1.0199997832342727
0.05795415339921678,1.2280971556310736,-0.8165194840694785
-0.8131298864794206,-1.458501595814441,-1.0199997832342727
-0.8134650007417048,-1.458501595814441,-1.0199997832342727
1.3323167460293266,0.5518186515885506,0.1280788781855215
-0.9683140381371617,-1.458501595814441,-1.0199997832342727
-0.21205121910862287,1.2312474900554904,0.3767770216091588
-0.8130405346616334,-1.241000949442597,-0.5671811226209076
0.2688310953231411,0.6258891104616965,-0.30228182874098275
1.4469105422325421,0.5520858794446712,0.25944938033236464
0.26932082238883975,1.2287605252839562,0.4943954169234774
-0.8129087542140719,-1.240189865899397,-0.5654925126337467
0.6354396260982913,0.6228354614927605,0.24084391764270208
-0.8127793109367948,-1.239750752789088,-0.5645783148426844
-0.8422242406530949,-1.458501595814441,-1.0199997832342727
0.5306096284306966,1.2488979570949328,0.23318087132679452
0.9516184943048832,1.2324171154960981,0.036994584507203845
2.1448397483561137,1.2291982955407161,0.23283979447508316
-0.47466484113694596,0.6170531341135883,0.25081901769930853
1.0946011788206125,0.6277503054797021,0.3667711687216604
0.3692530100524584,0.6055287649616939,0.2771070966881735
-0.061622669632182075,0.3997673443094795,-0.5719701771043624
0.7780622066079287,0.615934537107817,-0.565229715715215
0.16386967677264427,0.7230982788263698,0.03228101424502934
1.0973601184499122,1.2281535554801042,0.3661589078157195
-0.5720674914237729,1.2314918894012887,4.58034792769441
-0.12197541788034415,0.618267073721292,-0.5740529824693209
-0.8787294022332183,-0.7274480955349376,0.5019941618657017
0.2535030336878962,0.33959676251524995,-0.4451287282343418
-0.6262988311330305,-0.06072130878179074,1.8900651198547966
-0.5715872928215403,-0.10456010572105197,1.7560191214203493
-0.8127203423327019,-0.783668002189937,-0.5655260611765379
-0.8128830453409461,-1.458501595814441,-1.0199997832342727
-0.20388334831243196,0.6196502128760868,0.25391946219560235
-0.5718298191841056,1.2269517015543354,4.570895625762968
2.4068656619491327,0.6187330439025673,-0.5819620514323645
-0.8129200805008338,-0.7853855118782699,-0.5665409045959741
-0.8129143274662881,-1.458501595814441,-1.0199997832342727
-0.8130721763516344,-0.7870748216420875,-0.566498968917485
-0.8129878584390747,-1.2390739546007226,-0.5631692760454508
-0.6261280379199565,-0.06056016635598921,1.8904006052827098
0.9909908244766962,0.6271500499435919,0.23286775159407594
0.3608055777338147,0.6042758826010882,0.23391334784440404
-0.6320121337838527,-0.06122353600887149,1.889019523604469
-0.7822175733893197,-1.458501595814441,-1.0199997832342727
-0.09895105449932243,0.49915730683666465,0.49843242490602774
0.5190433322589907,1.2495398410910417,0.6363169357781772
-0.2047680571561556,0.6169188487587538,0.24555469219297724
1.4456567402662488,0.0037544614884320172,0.23162925122269787
-0.8130667828817479,-1.458501595814441,-1.0199997832342727
1.0804952774616596,0.6198744694186604,0.36918945951453164
1.4311231367452926,1.250012525540059,0.2752759053941496
0.9898074971835872,1.2336659692960592,0.25551022226628867
-0.10666191861379302,1.2284879260136417,0.3835286658459032
-0.7519483416920253,-1.458501595814441,-1.0199997832342727
-0.813067502011066,-1.458501595814441,-1.0199997832342727
-0.47435237944818515,-0.05664574826256439,0.37736132539610695
0.6502520720123819,0.5609795984953583,0.02881153577803144
-0.5638027179519536,-0.05580646479484911,1.9002974254061362
-0.6251791467845829,-0.05762334564575942,1.5906443754426476
-0.813140493636864,-0.5707558863927871,0.828214600544283
-0.44506709644052694,1.231099776165172,-0.44129580722043843
-0.8335420126120566,-0.7277153233910582,0.5014378151977464
0.9886088883924663,0.9534943478229678,-0.44711647939472493
0.965261995512229,1.2310245763664651,0.00428475528570859
0.34514276140094474,-0.05595149297807034,0.37643874046934683
-0.4739297111914092,0.6258340534662141,0.3669445028594153
2.060876186767932,1.228500011695577,0.25252440195786513
1.7182926878200881,1.2327031433018956,0.2583059341655618
2.5266321553382083,1.2306687201761535,0.25050589796658995
0.34400330099624626,0.6758929480414083,0.12828855657796695
0.6672972346771747,0.6178333320251764,0.03507393043240324
-0.3921402573144961,-0.11347128186786726,0.3787200413791536
0.6352781815663537,0.5065779155448175,-0.5643462707550447
1.4464373551411618,1.2286248970755729,0.1388563475572193
0.9733935502778505,0.6174009331826096,-0.44074784768818087
-0.8132501608578906,-0.7281302651374967,-0.6897115837422491
-0.8106580592304148,-1.458501595814441,-1.0199997832342727
-0.8131748320618084,-1.2419731754115988,-0.5692052180359813
0.007758747206064186,0.002666750114272835,0.2583199127250582
-0.8132711953904481,-1.458501595814441,-1.0199997832342727
0.7195486315910801,0.6135576863272468,0.26478639434807694
-0.8530329340880702,-1.0859819358216842,-0.5487881340355898
-0.12841306353692997,-0.061486735304347166,-0.4388635378680708
0.9277633567790033,0.605719450165559,-0.0801904754627275
-0.8130417931379402,-1.458501595814441,-1.0199997832342727
-0.45907699403549895,-0.05661889119159762,-0.08706792673493922
1.2666494523372878,0.6168503632277882,0.26143154006894914
-0.8128976077096398,-1.458501595814441,-1.0199997832342727
-0.283829853529111,-0.060067339103746696,1.4398101270530652
0.7197260767503473,-0.05683106205223592,0.25942421892527107
0.5405643558003017,1.2336767121244456,0.2654433866444061
0.7262883115613126,1.2295246089529637,0.2769477411099149
-0.030671163994239053,0.004550773642600516,0.008103697740115587
0.17125639334693327,-0.05725808948060959,0.13987678240045398
-0.81284942604532,-0.7752536818560091,-0.5890016539947341
-0.842126798630478,-1.458501595814441,-1.0199997832342727
-0.7517140853166194,-1.458501595814441,-1.0199997832342727
1.782998325831355,0.5628582506094925,0.22844773108132516
0.3464407898203076,0.5618605104230724,0.3681885946545918
0.27816053975056526,-0.05438304003360364,0.3813619891239666
0.2676831851489536,0.34035681762361314,-0.4408177404856627
-0.842252646261164,-1.458501595814441,-1.0199997832342727
-0.625261666873847,-0.05886951373862336,0.8378094837825882
0.23750905830399205,0.618026702936138,-0.31865910904692446
0.08895491939545697,0.7234098208495857,-0.6557995984040663
-0.812759175315885,-1.458501595814441,-1.0199997832342727
-0.8125464928200253,-0.7289708914587605,0.09985896227425882
-0.5631495687486925,-0.06233139018625597,0.4131604162662989
0.17371995060877957,0.6261751382674939,0.2781722629217965
0.15628088485993924,0.5005135889204928,-0.08913954925230073
0.5310091047669604,0.0028265496865258286,0.24983772282266356
1.4551478090079402,1.22865981126783,0.24853212536570304
0.6208941569435847,0.6195521845670576,0.12094422141857654
-0.8129130689899812,-0.7900062709381241,-0.5646118633854756
-0.8131584718698194,-1.2437376849741235,-0.5728787834716262
1.0802234465793776,0.6261670811462037,0.23289291300116932
-0.8132997807808469,-0.5567646952725835,0.8573431228228093
-0.5639638029192319,0.6191399285277157,0.37883746127892304
-0.8129385980807776,-0.7259440995607915,-0.689577389571084
-0.8131345608199889,-0.5688047201870423,0.8322767699339266
-0.09832649068646002,0.6160647939020065,0.37762412231463854
-0.8127938733054886,-0.7274588383633244,-0.6876679183438804
-0.813039096402997,-1.458501595814441,-1.0199997832342727
-0.8129898360446998,-1.2389154978820178,-0.5628393820413364
-0.6262256597249031,-0.060450052365025056,1.8906298536584498
-0.7356338144145305,-0.7263791841104552,0.4997995280247725
0.27438331300668484,1.2287967823297612,0.12925028147131692
-0.0163790081418709,-0.06055076638115097,0.2520407437992908
0.532043032944212,1.2300026648161744,0.2549650584459304
-0.12964726922930217,-0.05583735042646089,-0.43765299461568546
-0.8127588157512259,-0.7877220770523897,-0.5615226017367788
0.43348689923098177,0.7363522433485321,-0.4454726007979524
-0.8132715549551073,-1.2433093146922016,-0.5719869513757581
-0.8130860195910099,-1.458501595814441,-1.0199997832342727
-0.3919847455994339,1.2289888103871744,1.7860534543542401
-0.5643785607535076,-0.05762603135285618,1.8965092357826212
-0.812976891716972,-1.2403644368606817,-0.5658559551806521
2.0587664411306434,0.6170356770174598,-0.5806816153824974
0.3278823992876787,1.230118150221332,0.2633913341103396
-0.06931303856108378,1.226922158776272,-0.30816121086515397
0.6296299601188294,1.2295836945090914,0.25766851185252765
-0.8421131351734321,-1.458501595814441,-1.0199997832342727
0.9647548295605639,1.229431952058128,0.25435838896378826
-0.8131246727918635,-0.7258500998124073,-0.6933320306518077
-0.8421872054932074,-0.7850417413698937,0.38208887421777776
0.6052735894581595,1.228269040885262,0.3689182754603021
0.35980239233491645,-0.05672229091482,0.3694326864497684
-0.8130923119725443,-0.7897779858349055,-0.5642456251266709
0.47002621945372,0.6257427394249268,-0.5298136373752234
1.0887614891921156,0.6267042225655415,0.2354258279819108
-0.8129948699499273,-1.458501595814441,-1.0199997832342727
0.16334668997597837,-0.05386604141749082,0.127899952623968
0.25267621475428814,1.2283469263910654,0.2496727758206065
-0.6262722233482568,-0.06031308130309383,1.890915016272176
-0.030711435236058668,-0.060263395721804995,0.14340776652923595
1.0801434434427273,0.627164821332624,0.2758825748762919
-0.44508291728552746,0.5007338169024214,-0.5606447482004071
1.7392855108771763,1.2318638598341802,-0.8029630770699032
1.2804040590242967,0.7205804284232233,-0.4406975248739939
-0.8127039821407126,-1.458501595814441,-1.0199997832342727
-0.5718238863672304,0.501779899816582,0.5036715890052657
0.3427669379159195,-0.058316258076705235,0.2625358462691621
-0.81287747208873,-1.458501595814441,-1.0199997832342727
-0.6174285507752812,-0.05556743686324374,0.9508540944296962
2.069934879007052,1.2285255259129957,0.2760922532687374
-0.48262937811841394,1.22650184561564,4.569959062276712
0.7194752804006229,0.6164394500419945,0.12926426003081323
-0.9313164527563965,-1.458501595814441,-1.0199997832342727
1.088717981868364,1.2276795281775383,0.36710106272577464
-0.8129294291819704,-1.458501595814441,-1.0199997832342727
-0.5640064113313356,0.6164918213303802,3.2999677920653157
-0.812633687249858,-0.786055595798894,-0.5629232533983146
0.7111838991440299,-0.05517129506648184,0.25162977415009763
-0.16723166413372395,1.229668294282637,-0.44283065305313934
-0.8129653856478808,-0.4320149434849087,-0.5625933593942004
-0.1229694343804353,-0.06045139521857329,0.24973428148239057
-0.43637749732397707,0.11112500265342981,-0.08044768095746058
1.2720042690229838,1.2292090383691028,-0.5732030860519418
-0.8389664050592893,-0.5116461589017497,-0.813147855518955
-0.8129420139450391,-1.458501595814441,-1.0199997832342727
-0.932091314596764,-1.458501595814441,-1.0199997832342727
-0.7444312829288113,-0.062283047458515366,1.8868137069159425
-0.5642128014456609,-0.11611804621165475,0.5077645112258016
-0.9319780517291465,-1.458501595814441,-1.0199997832342727
-0.8134078299609073,-1.458501595814441,-1.0199997832342727
-0.813509047412445,-0.7918902944664516,-0.5746540605276647
0.726290109384608,0.6262704808694263,0.27728322653782767
0.26880502688535596,0.6174277902535763,-0.32456085686629
-0.9319079366206214,-1.458501595814441,-1.0199997832342727
-0.9321136076056286,-1.458501595814441,-1.0199997832342727
-0.1303038342968248,1.2295675802665107,-0.4423134463517737
2.1584167301015253,0.6137242001672416,0.2540704306381631
-0.4785199136295222,0.6178212463432414,-0.3184214735354863
-0.812548290643321,-1.2372127595827167,-0.5592944193530582
0.3515431921153133,0.6148938256078499,0.25571430923493577
-0.024878397553755108,1.2291996383942647,0.3660750364587414
-0.8128208406549212,-1.458501595814441,-1.0199997832342727
-0.7442599503687486,-0.7273581243471984,0.36766300081752856
-0.626298651350701,-0.061686820483050464,-0.5724091038725483
0.3521238890397652,1.2282945551026803,0.23313893564830546
-0.8132003611526049,-1.458501595814441,-1.0199997832342727
-0.3374727656737461,-0.05569232224323966,-0.3058519528363544
-0.7517771889142921,-1.458501595814441,-1.0199997832342727
1.8733856898367465,0.6176977038167938,-0.6829263909627132
-0.11481235052401755,-0.11238625620080485,0.38161080748300197
0.9738318595972973,1.2321968875141698,-0.5670441327378433
-0.8128132897970801,-0.7261441847394948,-0.6856633929121017
-0.7528889628402397,-1.458501595814441,-1.0199997832342727
0.17156597851842123,-0.056160978131611874,0.25253278909356286
0.28318725368482967,1.2293755522090974,-0.07903305073642837
1.6107780006252983,0.6203458110141293,0.021545480551820755
0.24536572588772898,1.2316892888728956,0.2532568784754746
-0.16752147324896133,1.2294373234723217,0.37832584600135594
-0.4904538646651613,0.28421076791377253,-0.4467754025430137
-0.11414320069342615,1.2302161785303614,0.38802696629183386
1.071945189432842,0.6206063246025083,0.2536231167342794
0.1622025552307117,0.4983180233689491,-0.5723503939226635
-0.8131703375035696,-1.458501595814441,-1.0199997832342727
0.2686200308682473,0.6271715356003654,-0.5728955577430218
-0.8133168601021543,-1.458501595814441,-1.0199997832342727
1.0870149038605212,0.5584040053896331,0.2899869414081246
-0.21223711403737924,-0.1751216882723729,0.3762150835174049
1.8074722741355516,0.6129037166492031,0.2628992888160675
-0.8126730595800297,-1.2373671877407764,-0.5596159262214746
-0.4667734755636055,0.6186618726645053,-0.5590847409606127
-0.8132463854289701,-1.458501595814441,-1.0199997832342727
-0.9320030414729543,-1.458501595814441,-1.0199997832342727
0.7273887592004983,1.2300845788826236,0.3873140597575192
-0.8128485271336722,-1.458501595814441,-1.0199997832342727
-0.4821820796824895,1.2317148030903142,4.5808120158696894
-0.49669824431747894,0.6158284516774979,0.02976487353568367
-0.7519709942655488,-1.458501595814441,-1.0199997832342727
0.23701663450335006,0.6052857084694435,-0.4392353675506741
-0.6251502018295251,-0.05696803311416714,-0.03715328648531733
-0.8419833323314957,-1.458501595814441,-1.0199997832342727
-0.8125862247148564,-1.458501595814441,-1.0199997832342727
-0.4370899746959903,0.6179259889200124,0.37447894642795637
0.3672185932112519,0.6575656828135996,0.16877885201513934
-0.8132553745454476,-0.7062753236381866,-0.7042716513136634
-0.842135967529285,-1.458501595814441,-1.0199997832342727
3.5928999375942055,0.6231026893488811,0.23708088942628044
1.070923846018659,0.6175567041942176,0.24992998131533958
-0.8104755801659198,-0.7916378379993629,-0.5282564258473282
-0.9320974271959689,-1.458501595814441,-1.0199997832342727
2.142401720185064,0.0014984675272130391,0.012037264382392818
0.35159910441980385,0.6142156845659359,0.021799890334654473
-0.39036688441579853,0.5625413371720832,0.36828085314726783
-0.48240015564823563,1.2285966971510578,4.574320372839578
-0.8130022410254388,-1.2384777276252574,-0.5619279799621735
2.167954901813559,1.228462411796223,0.2752395611394591
-0.8132836003711872,-1.2440129699515343,-0.5734519044109772
-0.8421436981694558,-1.458501595814441,-1.0199997832342727
0.6291609080210292,0.6181596454374242,0.2567682926209616
-0.47525740369514824,0.5009782162482199,0.48170288490077756
0.5471213769237097,0.6139954565840072,0.25345816973222235
